3 3.973962062364862e-12 7.790338115364988e-11 0.7663394683549045 18
6 2.609677922154098e-11 6.225741972407877e-10 0.6600866044606245 62
9 2.803441469944729e-11 2.598109963475816e-09 0.7644575339542393 98
12 6.486222501307426e-11 8.248084240974498e-09 0.6810907044731409 210
15 9.590923544526946e-11 2.44001177996702e-08 0.7545241518866322 350
18 6.171597523477909e-11 2.131229500742057e-08 0.3626775478129838 450
21 9.185415568686223e-33 1.749889672518275e-33 3.974119174727251e-24 602
24 2.242189913798894e-32 2.767127575793984e-33 7.588689633935925e-24 762
27 2.004333365244579e-32 1.352030342596739e-32 4.534576752858408e-24 1142
30 2.584989755127683e-32 9.56042940251912e-33 5.351663214822764e-24 1250
33 2.552080371428421e-32 7.847779621982676e-33 4.509219926906907e-24 1458
36 6.217037170706903e-32 9.848974165110624e-33 8.793497468139454e-24 1814
39 2.799624960326872e-32 1.313374568119693e-32 3.300810898399827e-24 2178
42 3.399947976938816e-32 2.426349037702547e-32 3.494829211380342e-24 2498
45 3.884227923067432e-32 1.272881009593401e-32 3.791963905383793e-24 2622
48 4.131308073005402e-32 1.491624982169026e-32 3.308333457604027e-24 3191
51 4.578313362040902e-32 1.356714599960959e-32 3.845369774847085e-24 3044
54 3.32525970213395e-32 1.35210829503393e-32 3.109652945693236e-24 2736
57 2.463843835790546e-32 8.64214104308105e-33 2.765763846719709e-24 2276
60 1.984176132118013e-32 8.641786057651592e-33 2.511819721819617e-24 2016
63 2.463539918944899e-32 7.122345754837215e-33 3.834568369021667e-24 1640
66 1.377703990253303e-32 5.297748931574516e-33 3.329357173259994e-24 1056
69 9.689900932626962e-33 3.351077534264041e-33 3.618309015481334e-24 683
72 4.47204614420033e-33 1.624568171546209e-33 3.2631232827824e-24 350
75 4.28080325511773e-33 9.738438756329234e-34 5.699460030527382e-24 192
78 9.474544255912069e-34 3.837034057705141e-34 5.489320334977493e-24 44
81 8.80606796315577e-34 3.33758516280213e-34 8.911301673878453e-24 25


3 5.396198385917796e-13 1.551080696729336e-12 0.5292431907658179 18
6 2.999291453585103e-12 1.622840211851603e-11 0.6345132631862374 62
9 3.989986537744909e-12 5.05387168873551e-11 0.6258192793536219 98
12 8.312362170061227e-12 1.843968525252233e-10 0.6557847523264735 210
15 1.414294760537011e-11 4.83659721392709e-10 0.6867453729663399 350
18 1.050854629565238e-11 3.570318268256361e-10 0.2969570451007381 450
21 2.789195653844517e-20 2.734063424325625e-18 1.164500158596961e-09 602
24 6.326062924655969e-20 2.84258678737195e-18 8.658110406886839e-10 762
27 5.912056212162684e-20 1.296647165862719e-18 2.680448650373299e-10 1142
30 1.963872045118195e-20 9.425926104231744e-19 1.18787039812777e-10 1250
33 3.805205365476983e-21 2.561515894860069e-19 2.22630849558095e-11 1458
36 6.493342511951052e-23 3.2024567819203e-20 1.561433009942969e-12 1814
39 2.795754112174552e-28 2.247265243397846e-26 9.796081450466861e-19 2178
42 9.756456489262302e-29 1.117295636220528e-26 3.511054457064365e-19 2498
45 2.763831152905222e-29 4.431167898035477e-27 1.119698792215201e-19 2622
48 7.623339313122474e-30 1.230553912569711e-27 2.301774027640448e-20 3191
51 7.199864679047399e-31 1.282219964921864e-28 2.241641077523415e-21 3044
54 4.062719241578528e-32 1.013375483071324e-29 1.691741577500884e-22 2736
57 3.092892598732729e-32 8.329951819633589e-30 1.509943578032338e-22 2276
60 2.794255238121469e-32 7.800061077367486e-30 1.457297436429884e-22 2016
63 2.429888603708394e-32 7.578844379255777e-30 1.574883969852271e-22 1640
66 1.612824138259676e-32 5.065412809918052e-30 1.512371273383006e-22 1056
69 1.138824547659997e-32 3.442088421786325e-30 1.492965101094113e-22 683
72 5.69067837374114e-33 2.340990526128731e-30 1.741885416095076e-22 350
75 3.775944913635003e-33 1.401261477461935e-30 1.816977006752116e-22 192
78 7.111133137492138e-34 2.519081216637572e-31 1.3495326720215e-22 44
81 4.126113160620758e-34 2.835400147554559e-31 2.25274506431732e-22 25


3 2.123022704886596e-13 4.862830224064801e-13 0.5285619150684067 18
6 1.097243493379183e-12 5.484320975634428e-12 0.6670323027000468 62
9 1.974524267122831e-12 1.217995024728312e-11 0.5618537811807018 98
12 4.37828224817679e-12 4.11994439844465e-11 0.5724449312382393 210
15 7.441664886797503e-12 1.063165530882226e-10 0.6020951462990483 350
18 4.74273709927525e-12 9.454149922860162e-11 0.3018299014610294 450
21 1.63136209491594e-19 1.88403351539764e-18 3.984956087401082e-09 602
24 5.945196147405435e-20 2.002374566266861e-18 2.233464290102969e-09 762
27 1.908059985780778e-20 1.451524499794384e-18 8.179990570052384e-10 1142
30 4.124232148467668e-21 4.147090088020233e-19 1.74568920351072e-10 1250
33 8.946914870751012e-22 9.544866456861416e-20 2.913320343800166e-11 1458
36 1.316212608678259e-22 7.651528947394286e-21 1.754434473822275e-12 1814
39 1.992223379167283e-28 1.274516401803189e-26 2.091101979047238e-18 2178
42 6.980323333500408e-29 5.15278313856689e-27 6.382326331273458e-19 2498
45 1.612019784113948e-29 1.796233344249363e-27 1.783411989233883e-19 2622
48 4.366693613345094e-30 5.24152032167561e-28 3.803791082865017e-20 3191
51 5.991839726611784e-31 6.362842724503665e-29 4.464145881926782e-21 3044
54 3.154503492047059e-32 3.494041851316571e-30 2.45704373679582e-22 2736
57 2.13298949791909e-32 2.592211983411671e-30 1.979454625706964e-22 2276
60 1.8021561086454e-32 2.611851538052712e-30 2.011081926379138e-22 2016
63 1.567009959731186e-32 2.432243914651021e-30 2.099640286854543e-22 1640
66 1.109443231215064e-32 1.611721676700921e-30 2.031377267770118e-22 1056
69 7.622517779395992e-33 1.124959453135407e-30 2.030461418371524e-22 683
72 4.259463358205621e-33 6.299615176055709e-31 2.079255552831076e-22 350
75 2.468044689102632e-33 4.747750895209761e-31 2.536654677427778e-22 192
78 4.817966412630939e-34 7.861169555601379e-32 1.777060266451866e-22 44
81 3.089171807277833e-34 6.876766334910632e-32 2.424570799203918e-22 25


3 1.376168286796115e-13 1.82823638341603e-13 0.4915928118519113 18
6 8.026789250816729e-13 1.945312577612226e-12 0.586466155456568 62
9 1.055266081535561e-12 5.661242231544514e-12 0.561872532326293 98
12 2.404552283548676e-12 1.860568437955507e-11 0.5730085906573911 210
15 3.969867608341923e-12 4.96903279915943e-11 0.6289007669055862 350
18 2.742660918413967e-12 4.093256599292743e-11 0.3037313308587599 450
21 2.867598985968215e-19 1.391417738427487e-18 8.654064318146405e-09 602
24 1.31748377757964e-19 1.259430524406979e-18 4.114828061299201e-09 762
27 3.587636870677753e-20 3.97293282492255e-19 7.101898536450768e-10 1142
30 1.617279616008496e-20 1.367838118452927e-19 2.138038049989682e-10 1250
33 2.588349168954728e-21 3.776132751236233e-20 3.683088671790542e-11 1458
36 1.663510957333627e-22 6.225983876653983e-21 3.498935037388218e-12 1814
39 4.719291788718429e-28 1.74913526179574e-26 7.228420689885625e-18 2178
42 1.652430780424137e-28 7.52216184991353e-27 2.324684316462479e-18 2498
45 4.20887256938138e-29 2.229415165057211e-27 5.746169891856054e-19 2622
48 1.365227632108326e-29 6.890355195619461e-28 1.332122689298599e-19 3191
51 1.548202709675645e-30 6.517184780977352e-29 1.253225572832323e-20 3044
54 3.393475825032959e-32 1.91030485540975e-30 3.498173819406092e-22 2736
57 1.636043660934202e-32 1.484018890062701e-30 2.751726383484281e-22 2276
60 1.572229882707495e-32 1.441007126725231e-30 2.766656770412461e-22 2016
63 1.416571540224571e-32 1.176776827081779e-30 2.614389455165359e-22 1640
66 8.595225815231089e-33 9.152667550675425e-31 2.80337538054574e-22 1056
69 5.830278569897664e-33 5.949100545505844e-31 2.638140282478476e-22 683
72 3.114932708167404e-33 3.74010449933985e-31 2.935997044744845e-22 350
75 2.234601395945032e-33 2.140687031539677e-31 3.000771603726522e-22 192
78 3.094085860570041e-34 6.496489820558075e-32 3.260452341120886e-22 44
81 4.004170753932575e-34 2.719067008760265e-32 2.865184442138373e-22 25


3 8.642996093684813e-14 1.065064630876664e-13 0.4909021376932657 18
6 4.911646476923423e-13 1.078988219296933e-12 0.5719653488218324 62
9 7.89301629875714e-13 2.754911848473676e-12 0.5172101686312138 98
12 1.687752479001185e-12 9.644858077772502e-12 0.5456020054386302 210
15 3.127858073682622e-12 2.299053211536226e-11 0.5613715132649801 350
18 1.913918307052711e-12 2.105422168048822e-11 0.2938039797583405 450
21 2.089037822419899e-19 3.630152694922741e-18 2.900588757819674e-08 602
24 5.298520987977403e-20 1.682486460238029e-18 8.121936148576293e-09 762
27 2.707983029265045e-20 9.891342298757027e-19 2.615964444290385e-09 1142
30 1.116881243114071e-20 1.567181555960187e-19 3.712228555758386e-10 1250
33 1.711223098756314e-21 1.908380675120531e-20 3.618939369494647e-11 1458
36 2.040165173358801e-22 3.455559949274389e-21 4.16501056641211e-12 1814
39 5.837416752216043e-28 1.358256105125153e-26 1.127772240023343e-17 2178
42 1.539979599272233e-28 3.653744092985013e-27 2.353673375136838e-18 2498
45 3.398866190330305e-29 1.002941544887788e-27 5.302867015766382e-19 2622
48 7.566797768487992e-30 2.500335354666109e-28 9.617501978313762e-20 3191
51 7.369174430797118e-31 2.475423965278075e-29 9.061753053184171e-21 3044
54 2.065265573284997e-32 1.041792877741445e-30 3.581784481572715e-22 2736
57 1.445620109746646e-32 8.085701792894983e-31 3.014156579862335e-22 2276
60 1.274664078292313e-32 8.642169051636112e-31 3.237734857923545e-22 2016
63 1.119366685914906e-32 7.229488456760968e-31 3.108386241299526e-22 1640
66 7.325805222497232e-33 5.54379680491785e-31 3.336796275037455e-22 1056
69 4.481029792887158e-33 3.770740427382321e-31 3.206977012348044e-22 683
72 2.448957360090952e-33 2.212887768739115e-31 3.382434882563179e-22 350
75 1.443562540271893e-33 1.485952171564529e-31 3.809191917361794e-22 192
78 2.568078713672227e-34 3.235958895674182e-32 3.265961422690727e-22 44
81 2.24774355559297e-34 2.043206350679497e-32 3.642651424428134e-22 25


3 5.329766007681414e-14 7.766239451163907e-14 0.4996694478845737 18
6 2.975342206088079e-13 8.078023418191893e-13 0.603818133040568 62
9 6.570645470019491e-13 1.404111332591307e-12 0.4714480365658215 98
12 1.159196625442008e-12 6.156315287316202e-12 0.544665545666482 210
15 2.09978149370969e-12 1.495096183181071e-11 0.5731520972785789 350
18 1.325201724376337e-12 1.330514675847865e-11 0.295939607939039 450
21 2.527179163903438e-19 6.339860057983011e-18 7.75087747805643e-08 602
24 1.0181465904807e-19 9.745584558047199e-19 8.908236334845503e-09 762
27 1.653244773703821e-20 3.439406899809539e-19 1.548872190029091e-09 1142
30 4.172296776645726e-21 1.541046836298805e-19 5.048219753291432e-10 1250
33 5.612292076218465e-22 3.324748642901838e-20 7.787587925715639e-11 1458
36 1.051337107657778e-22 3.430939414048051e-21 5.908130556063667e-12 1814
39 3.15802852472136e-28 1.188915083778141e-26 1.475360803941126e-17 2178
42 1.086018227874472e-28 3.891446525578963e-27 3.760199364083188e-18 2498
45 2.799308745054852e-29 8.904112760453573e-28 7.492480351986698e-19 2622
48 6.349701199473459e-30 2.161626594440716e-28 1.336444519269465e-19 3191
51 5.57972270007255e-31 1.59884008543119e-29 9.751398386201081e-21 3044
54 1.820359295588471e-32 7.380299173424332e-31 4.272791384777467e-22 2736
57 1.211287582108721e-32 5.844171000592946e-31 3.629639136185698e-22 2276
60 1.111407037737412e-32 5.819161151464813e-31 3.719271617413954e-22 2016
63 9.894449991407233e-33 4.708286330527316e-31 3.477083276394079e-22 1640
66 6.407531513467462e-33 3.704541347265105e-31 3.802256241957363e-22 1056
69 3.987660127377195e-33 2.50488267461982e-31 3.657030948094492e-22 683
72 2.139064546059602e-33 1.571460585697898e-31 4.070974408593399e-22 350
75 1.181290638082945e-33 9.80706879339543e-32 4.236733242234637e-22 192
78 3.094702464960952e-34 1.957822067449802e-32 3.68160230863458e-22 44
81 2.247997076216132e-34 1.230190352350384e-32 3.97610857476803e-22 25


3 3.548601703418463e-14 5.836038314345865e-14 0.5029904536621148 18
6 2.973543611610149e-13 4.04740754236027e-13 0.5510065518481579 62
9 3.773950546767495e-13 1.266948209891618e-12 0.5223522724595312 98
12 8.670370164789954e-13 4.149647839859407e-12 0.5335644926342328 210
15 1.83905927492609e-12 8.721260923569419e-12 0.5226122735499483 350
18 1.291385589106333e-12 7.019470648151701e-12 0.253910203843088 450
21 1.487472342530417e-18 8.381874578364502e-18 1.836075772361145e-07 602
24 9.426352692669932e-20 2.465791281965353e-18 2.851292920047111e-08 762
27 1.411199700520867e-20 4.121257869241432e-19 2.665260987835679e-09 1142
30 5.366365558089265e-21 7.056211260286508e-20 3.925792071382482e-10 1250
33 4.471118234493515e-22 9.141369090675192e-21 3.531898277478488e-11 1458
36 8.758808503784174e-23 1.87094516161602e-21 5.079916131753878e-12 1814
39 3.699953906132814e-28 1.032690153248322e-26 1.990114009705569e-17 2178
42 1.234875696561841e-28 3.193590829607785e-27 4.829950608426699e-18 2498
45 2.964267347770497e-29 8.399392144660769e-28 1.07275728372813e-18 2622
48 7.128955834304113e-30 2.189932014968322e-28 2.054867973536435e-19 3191
51 5.321890318853754e-31 1.711960129371054e-29 1.519870896443382e-20 3044
54 1.667723536928277e-32 5.546199128434956e-31 4.974576261378452e-22 2736
57 1.148101983203385e-32 3.82102958038759e-31 3.791146660663325e-22 2276
60 9.837301579900536e-33 4.094114069008027e-31 4.072926388516691e-22 2016
63 8.52559853607309e-33 3.446314403629534e-31 3.919442543666699e-22 1640
66 5.808535423827112e-33 2.615314623932241e-31 4.208905009586431e-22 1056
69 3.367659429612279e-33 1.805750359998981e-31 4.055440551518646e-22 683
72 1.983034200342457e-33 9.932720579139436e-32 4.11849303499592e-22 350
75 1.131452715410125e-33 6.543401408656278e-32 4.515428748519488e-22 192
78 3.431972196959191e-34 1.05106387891598e-32 3.532702844804995e-22 44
81 1.541803592640409e-34 1.091654330816793e-32 4.949368903712214e-22 25


3 2.605543101676747e-14 4.400243767620461e-14 0.5025656669113979 18
6 2.382899576537616e-13 2.823408299145057e-13 0.5409069291147075 62
9 3.57431909098941e-13 7.67979638238933e-13 0.484372935280216 98
12 8.792250871135901e-13 2.339630664782971e-12 0.4733498977970589 210
15 1.497760173735589e-12 6.004638285046847e-12 0.5077188202872864 350
18 8.759962711512932e-13 5.793423583990081e-12 0.2741644283266009 450
21 1.499958481486055e-18 5.315784573272672e-18 1.87151103680055e-07 602
24 5.674943925441561e-19 1.403188235538632e-18 3.797036044114675e-08 762
27 4.117547215616673e-20 5.281806592562137e-19 5.158929336420641e-09 1142
30 3.783195112356905e-21 1.318080234416194e-19 9.109213121569131e-10 1250
33 6.863278959760156e-22 2.98579761390927e-20 1.512765337483019e-10 1458
36 8.904699939805443e-23 1.402245417509069e-21 5.601333327386435e-12 1814
39 6.305535797908631e-28 1.172645782582586e-26 3.361349844398954e-17 2178
42 1.541599930627322e-28 3.28402401800879e-27 7.182639935621546e-18 2498
45 3.336090249880474e-29 8.030443104197352e-28 1.480575380464713e-18 2622
48 7.74580569621767e-30 2.000073508649166e-28 2.716310679408903e-19 3191
51 6.573978747517111e-31 1.593524996626139e-29 2.090106316686433e-20 3044
54 1.485150904895125e-32 4.154029053459399e-31 5.404807298226364e-22 2736
57 9.354167955865769e-33 2.974372746622564e-31 4.188026384850374e-22 2276
60 8.919044081082942e-33 2.884008337553895e-31 4.227941015867176e-22 2016
63 7.27872690474045e-33 2.51133653174953e-31 4.140877720367397e-22 1640
66 5.175815976600748e-33 1.856095444411368e-31 4.391347164995491e-22 1056
69 3.198596496989051e-33 1.184001553844377e-31 4.021437053439602e-22 683
72 1.62593138116656e-33 7.711534176433337e-32 4.565828518180874e-22 350
75 1.102662987191877e-33 4.503955986274555e-32 4.67893804104353e-22 192
78 2.541609312865072e-34 1.002645264745697e-32 4.318566450432406e-22 44
81 1.540189037884901e-34 5.318773848498115e-33 3.93888758481255e-22 25


3 2.050644549885775e-14 3.352037396220776e-14 0.4998793324903432 18
6 1.357406832087526e-13 3.040722225808722e-13 0.5833824789053179 62
9 2.697329260239657e-13 6.115377416646716e-13 0.4908746671753795 98
12 6.948515383907021e-13 1.768100579006481e-12 0.4730911659917609 210
15 1.230702482184838e-12 4.411626426845437e-12 0.4997325470937046 350
18 7.433596187210522e-13 4.110431574214966e-12 0.2644948399789001 450
21 9.244835919287265e-19 9.177167636402581e-18 3.280122128424705e-07 602
24 6.806588435437506e-19 3.399459790873268e-18 9.487597383169431e-08 762
27 2.682418915715788e-19 4.949130486588871e-19 1.17607887414768e-08 1142
30 1.188293461989745e-20 2.552633176899815e-19 2.452278493277256e-09 1250
33 1.104286439995449e-21 8.236291006151946e-20 5.465245800976012e-10 1458
36 8.494965552519314e-23 3.954344074569874e-21 1.884968633713768e-11 1814
39 1.460412827260017e-27 2.206686185920285e-26 8.76945970944831e-17 2178
42 3.246311313512699e-28 6.830492883325443e-27 2.009681275563996e-17 2498
45 6.805902208774585e-29 1.491892026230145e-27 3.753270577294409e-18 2622
48 1.722695004190709e-29 4.193907731057637e-28 7.735719559526221e-19 3191
51 1.565446181854368e-30 3.889358365734092e-29 6.829112861184234e-20 3044
54 2.094275516687949e-32 4.799022739806484e-31 8.707761700262734e-22 2736
57 8.919801495351177e-33 2.123184102488909e-31 4.240197362421591e-22 2276
60 8.143058286448617e-33 2.170253511592914e-31 4.436950020975847e-22 2016
63 6.570346132786021e-33 1.897136005246304e-31 4.358128815600147e-22 1640
66 4.341780552870554e-33 1.490982972185178e-31 4.786358841767179e-22 1056
69 2.777743438830045e-33 9.522020777075163e-32 4.418808453423633e-22 683
72 1.413098668097792e-33 5.959120443223437e-32 4.871937379017049e-22 350
75 9.296871464361219e-34 3.47223413759878e-32 4.952395175594622e-22 192
78 2.836999879069318e-34 5.964618538956686e-33 4.106431897661657e-22 44
81 1.234257034831225e-34 5.920279097285132e-33 5.452291244629958e-22 25


3 1.68632061722571e-14 2.598637060762204e-14 0.4966995084347195 18
6 1.085037137240026e-13 2.369338910281925e-13 0.5783308005908778 62
9 2.381737848095958e-13 4.436944204729565e-13 0.4772133584600318 98
12 4.87730803535419e-13 1.627541678116349e-12 0.5033218847458316 210
15 1.044305989570208e-12 3.327402711940834e-12 0.4914965011431228 350
18 6.346958194238767e-13 3.078730790168728e-12 0.2583566014240711 450
21 1.42175585612314e-18 8.81365252121094e-18 4.370035413364388e-07 602
24 4.728942554573491e-19 1.009285050031442e-17 2.83908232432931e-07 762
27 5.283195790287093e-19 3.700345797312701e-18 6.988191418565739e-08 1142
30 9.859279970989117e-20 7.01921236573772e-20 3.229258473016456e-09 1250
33 2.284323519351373e-20 1.438521400255475e-20 5.762731684103207e-10 1458
36 6.204207432602527e-22 1.429944223553435e-21 1.800155519477614e-11 1814
39 2.84976195488485e-27 2.347116328711726e-26 1.373958320665522e-16 2178
42 7.563167634426673e-28 5.946126540868435e-27 2.789441717483748e-17 2498
45 1.508740052882243e-28 1.277668934663829e-27 5.114952415758164e-18 2622
48 3.40245156732194e-29 3.142878191271812e-28 9.266319894522207e-19 3191
51 3.431638887457915e-30 2.635836118843788e-29 8.015252492947756e-20 3044
54 3.643575073715806e-32 3.678049989567351e-31 1.053452021516466e-21 2736
57 7.91661245151882e-33 1.702291383036466e-31 4.501311846719252e-22 2276
60 7.357387273254399e-33 1.754194489717079e-31 4.751462654494055e-22 2016
63 6.357955324954478e-33 1.42094500904519e-31 4.466797485705575e-22 1640
66 3.955811235829779e-33 1.138543827032424e-31 4.93325726270242e-22 1056
69 2.720639640229938e-33 7.332467240108426e-32 4.644814019509715e-22 683
72 1.521603853046747e-33 4.099344842718109e-32 4.751509518566305e-22 350
75 8.567643765095355e-34 2.641101790137829e-32 5.062031427555952e-22 192
78 1.20113420944941e-34 9.93192941888423e-33 6.751916146878704e-22 44
81 1.309182510648874e-34 4.053300354114268e-33 5.375180668324023e-22 25


3 1.417809363796954e-14 2.063313600754628e-14 0.4940812564001537 18
6 1.181128829083172e-13 1.480946074650156e-13 0.5501284219592444 62
9 1.794069711834159e-13 3.92486350539618e-13 0.4895116185569532 98
12 5.096800570586707e-13 1.025814290428233e-12 0.4570396523758313 210
15 8.451028584349511e-13 2.760652982042617e-12 0.4987154766544445 350
18 5.530198948155915e-13 2.369819745754052e-12 0.2527233345528763 450
21 1.326219783463271e-18 1.157840704672856e-17 6.73182266363655e-07 602
24 2.035255860872467e-18 5.247311318259831e-18 2.837212489953456e-07 762
27 6.173767156183815e-19 2.710847095444586e-18 7.014810199127164e-08 1142
30 3.630433532422019e-20 4.737378585607652e-19 7.93685843048724e-09 1250
33 2.01321080838846e-20 3.735794411342228e-20 8.898372951022442e-10 1458
36 1.448553721565117e-21 1.105477779222215e-21 3.523149973130779e-11 1814
39 3.32549459178854e-27 3.867984446687825e-26 2.622505116966143e-16 2178
42 1.074338191790891e-27 1.09388977107257e-26 6.007498006184581e-17 2498
45 2.298445850979179e-28 3.039868956513714e-27 1.367376519746823e-17 2622
48 6.885747347404231e-29 9.04736012651712e-28 3.061983571999745e-18 3191
51 1.060864315648948e-29 1.110434869750961e-28 3.829573224755107e-19 3044
54 9.731463063808056e-32 7.008074010499425e-31 2.817703451173029e-21 2736
57 7.215270328023036e-33 1.427854917273376e-31 4.853355480215445e-22 2276
60 6.850182255268939e-33 1.460434713364764e-31 5.115512361174114e-22 2016
63 5.571337009745257e-33 1.234993793178495e-31 4.914968311752545e-22 1640
66 3.730697904546382e-33 8.915547400433926e-32 5.068389946245866e-22 1056
69 2.546456342999645e-33 6.289465958438513e-32 5.13210270207498e-22 683
72 1.389333277842975e-33 3.446375955363965e-32 5.131089735021721e-22 350
75 7.480488439926753e-34 2.265104917791228e-32 5.54553656604015e-22 192
78 2.032157839659581e-34 5.489667058147654e-33 5.677330782119613e-22 44
81 1.310547936485978e-34 3.092596085785964e-33 5.452355058343026e-22 25


3 1.316981295771266e-14 1.666896178286618e-14 0.509161565345878 18
6 1.19334377806789e-13 1.008780754232524e-13 0.5468376376851275 62
9 1.698996582709978e-13 2.811246550135901e-13 0.4670292915991344 98
12 3.722716278072328e-13 9.948654513904108e-13 0.485533410462087 210
15 6.93431050375039e-13 2.339205691891822e-12 0.5048580862483479 350
18 5.298400218049925e-13 1.719408374297038e-12 0.2387475874749166 450
21 3.417020425348581e-18 1.546983232062354e-16 9.654748261195673e-06 602
24 2.003734782234408e-18 8.266799053346337e-18 4.615016898489182e-07 762
27 3.764772685146086e-19 2.308182349030588e-18 6.733117269688425e-08 1142
30 3.999859245051528e-20 5.282678484276093e-19 1.074288366562535e-08 1250
33 1.387854555239873e-20 2.141288305795434e-19 3.250004129858886e-09 1458
36 3.128970061950332e-21 1.501969680626258e-20 2.094874797935863e-10 1814
39 5.950017971530247e-27 1.818816776433078e-25 1.35137789258235e-15 2178
42 1.833860798800513e-27 3.287005787462237e-26 2.016069021686244e-16 2498
45 5.217642421518773e-28 4.869923592058352e-27 2.91247572314534e-17 2622
48 1.281441563172661e-28 1.216699243109113e-27 5.454368087038319e-18 3191
51 1.580916792681595e-29 2.05709951663082e-28 8.26997347675975e-19 3044
54 1.120725562496468e-31 2.214533545862856e-30 8.431955413964899e-21 2736
57 7.002840922449984e-33 1.191494534770817e-31 5.153330530572339e-22 2276
60 6.237235540734791e-33 1.257828457801469e-31 5.519967671986357e-22 2016
63 5.066342347772529e-33 1.050994157292759e-31 5.23663941106533e-22 1640
66 3.575441995208297e-33 7.146053273646805e-32 5.194200323611008e-22 1056
69 2.269170229001427e-33 5.29747353586097e-32 5.40700857171093e-22 683
72 1.284804898714168e-33 2.895705401099826e-32 5.459741293768023e-22 350
75 7.210260725702441e-34 1.830603246892567e-32 5.779502061349479e-22 192
78 1.715349748846339e-34 5.29834221684019e-33 6.63022996809353e-22 44
81 1.175777172765653e-34 2.626862300543239e-33 5.828330095455582e-22 25


3 1.388826757639655e-14 1.459071860270264e-14 0.5763387874070443 18
6 1.13916256932945e-13 9.142234554363914e-14 0.6011105608074003 62
9 1.491899232489574e-13 2.364676959417377e-13 0.4722210502030064 98
12 3.788346110183891e-13 6.775630690327106e-13 0.4495265020203553 210
15 6.914318554237381e-13 1.669504916159636e-12 0.4728664448471718 350
18 4.902101537706477e-13 1.32706595659488e-12 0.2320391302982155 450
21 1.106880079835028e-17 5.274560372713467e-17 4.926811590774601e-06 602
24 1.70553837445018e-18 1.751822675593443e-17 9.705930878480054e-07 762
27 1.250685848495914e-18 7.3877369086117e-18 2.622881425039131e-07 1142
30 1.059634343938621e-19 4.411729108396326e-19 1.370821864644055e-08 1250
33 1.60010622446577e-20 2.951256669440617e-19 5.252386802970925e-09 1458
36 6.921381002443402e-22 5.397195473528623e-20 6.336566214365871e-10 1814
39 2.699279464274056e-26 2.084056387762817e-25 2.271715477842729e-15 2178
42 5.525336119335508e-27 7.245464189084612e-26 5.616296506756259e-16 2498
45 1.105938593223019e-27 1.321379767433785e-26 9.027323480889378e-17 2622
48 2.187370128474554e-28 2.447036433415999e-27 1.273360943092953e-17 3191
51 3.690392940239034e-29 3.4755670136387e-28 1.814384590797706e-18 3044
54 2.419557580095161e-31 2.962991992995193e-30 1.492327157104862e-20 2736
57 6.65810102749462e-33 9.948212397259211e-32 5.355954671681864e-22 2276
60 5.901245723968609e-33 1.042373820876721e-31 5.692658593775658e-22 2016
63 4.926353708336239e-33 8.577809953895555e-32 5.370128361437148e-22 1640
66 3.15860738930912e-33 6.290520481831755e-32 5.565303458094718e-22 1056
69 2.021942312052345e-33 4.620940049651317e-32 5.773526593635524e-22 683
72 1.141399213785966e-33 2.567353891073964e-32 5.86850484428568e-22 350
75 7.361093883323083e-34 1.374952508172851e-32 5.620256374996967e-22 192
78 1.375154492238477e-34 4.752324112450203e-33 7.080494843163867e-22 44
81 1.076443978015108e-34 2.605510975590632e-33 6.829718538541671e-22 25


3 3.420795345863762e-14 2.071509260113206e-14 1.308033019035906 18
6 1.838285296672074e-13 9.866550543596916e-14 0.9710063736010228 62
9 1.571110824540532e-13 2.09936324771706e-13 0.5268884342353162 98
12 2.931849378761233e-13 6.879532012623033e-13 0.4845162725164447 210
15 5.479424518027036e-13 1.551285919337541e-12 0.4898555772126736 350
18 3.517416796472485e-13 1.348968116029933e-12 0.25054101766841 450
21 1.582534688070134e-17 2.874208994505989e-17 4.295297999976945e-06 602
24 4.01934820424354e-18 3.343702118891143e-17 2.248944123953472e-06 762
27 1.314940590907678e-18 7.880325442958685e-18 3.273367973025917e-07 1142
30 9.230032901209065e-20 8.754009380216013e-19 2.667160152860872e-08 1250
33 4.218267118278841e-20 1.72778792841715e-19 4.875918188358922e-09 1458
36 4.811026734296172e-21 1.966710329536136e-20 3.986771017067936e-10 1814
39 2.228353393622115e-26 1.129234664286374e-25 1.630116660199931e-15 2178
42 4.56830211543133e-27 3.637920703721072e-26 3.697806140096334e-16 2498
45 7.304461438354276e-28 7.825377465446718e-27 6.494609510357204e-17 2622
48 1.677101019404876e-28 2.05379361984653e-27 1.248380156362337e-17 3191
51 2.241238239663208e-29 3.097378986162438e-28 1.770740415472709e-18 3044
54 3.007682257822492e-31 3.491413878261771e-30 2.112451034380971e-20 2736
57 6.285642525630533e-33 8.459747995749823e-32 5.551417761132166e-22 2276
60 5.65738753625765e-33 8.688067945583918e-32 5.819656703039475e-22 2016
63 4.729632951255926e-33 7.038045232342887e-32 5.439838717810545e-22 1640
66 2.850800149510433e-33 5.456678952776198e-32 5.824386609031437e-22 1056
69 2.057753542439045e-33 3.811053083640783e-32 5.91876381984612e-22 683
72 1.016484703383229e-33 2.176340316053214e-32 6.018126747400091e-22 350
75 6.076034051966807e-34 1.367536324291841e-32 6.416858371487237e-22 192
78 1.81800615203581e-34 3.004058571112722e-33 6.278910975524068e-22 44
81 1.059205288372115e-34 2.06632109714324e-33 6.916517475926866e-22 25


3 2.786798428085887e-13 9.450953677346304e-14 10.30077256005427 18
6 1.147489615038215e-12 1.829674476493812e-13 5.346695366069021 62
9 5.747916703359184e-13 1.739969902175617e-13 1.269535226209218 98
12 4.84687666424463e-13 5.118674654606712e-13 0.5806793182043337 210
15 5.356089300677814e-13 1.210803549572461e-12 0.4747272674253739 350
18 3.550838352461702e-13 1.017047505403416e-12 0.2365454870102783 450
21 9.249935372538844e-17 2.727254869300549e-16 3.949996250360202e-05 602
24 6.949251575982423e-18 2.953561166501295e-17 2.638047461055064e-06 762
27 2.191274374127917e-18 4.147958283567356e-18 2.879262001050235e-07 1142
30 1.41176028906997e-19 5.677986530427224e-19 2.427294134027023e-08 1250
33 3.574132514183387e-20 5.861640767170291e-19 1.480241225428398e-08 1458
36 6.456734850042652e-21 5.37602751017377e-20 1.077852526605409e-09 1814
39 6.353569345310089e-26 4.122813433785848e-25 6.487181204117141e-15 2178
42 7.06374212650062e-27 4.965107358499909e-26 6.084121863684713e-16 2498
45 1.227515906463761e-27 9.122939352301177e-27 9.619050826341279e-17 2622
48 2.932847129990236e-28 2.136633763167393e-27 1.71197108710626e-17 3191
51 4.597681299166975e-29 3.653262135372117e-28 2.77350845034321e-18 3044
54 4.840447325467451e-31 6.418187564494552e-30 4.471132037888789e-20 2736
57 6.147294776339367e-33 7.648330798299459e-32 6.008854000285979e-22 2276
60 5.548611608820111e-33 7.132307594270954e-32 5.844757023601088e-22 2016
63 4.247494692193189e-33 6.227676063377333e-32 5.691750101826774e-22 1640
66 2.546877780176229e-33 4.881136281702077e-32 6.14436341957762e-22 1056
69 1.872784295623933e-33 3.430600934937894e-32 6.3135825911468e-22 683
72 9.534973198987222e-34 1.842518048644822e-32 6.142767331940053e-22 350
75 5.218936722112612e-34 1.260798095625924e-32 6.908533564453592e-22 192
78 2.100196037057104e-34 1.926944716999716e-33 5.628227338770785e-22 44
81 8.033457668269388e-35 2.196440821446395e-33 8.097071862940507e-22 25


3 3.295552679816008e-13 4.305898665174753e-13 23.94206515095976 18
6 1.668382713051345e-12 7.085351964076251e-13 10.91559048744964 62
9 9.085929453077735e-13 2.051036938873903e-13 2.169803251115227 98
12 6.082895917747691e-13 4.174763648254684e-13 0.6885775567460128 210
15 4.727019952400804e-13 1.096346881199134e-12 0.4886363910625764 350
18 3.506402852489387e-13 7.827607762381715e-13 0.2274403266891194 450
21 3.227265305383436e-16 1.814102159570503e-16 6.921935401701425e-05 602
24 4.015322469912971e-17 7.178259577268644e-17 9.840078394887154e-06 762
27 4.695459753777045e-18 1.916116378851444e-17 1.159151548307745e-06 1142
30 2.419553598092456e-19 1.421169147151872e-18 6.352294478776505e-08 1250
33 1.113723690815404e-19 3.532782473839298e-19 1.440013075895785e-08 1458
36 9.026720349545414e-21 9.661276063265915e-20 2.125137046324682e-09 1814
39 2.057387958306536e-25 8.955022354700237e-25 1.828281765947941e-14 2178
42 2.597201717950835e-26 1.248599732943606e-25 1.968827322510903e-15 2498
45 2.948686037580458e-27 1.62934699370478e-26 2.155377898203624e-16 2622
48 3.620641959542268e-28 2.411560394631269e-27 2.293530895481026e-17 3191
51 5.596393595813559e-29 3.27190491536329e-28 3.143130005880872e-18 3044
54 3.668338833658349e-31 5.58933148211347e-30 4.434231059346957e-20 2736
57 6.050245506269342e-33 7.89057842601648e-32 7.147340805379923e-22 2276
60 4.86646891116511e-33 6.711481622347801e-32 6.31639126398838e-22 2016
63 4.044406810704003e-33 5.258341680893824e-32 5.741774987280982e-22 1640
66 2.715878267630467e-33 3.722194413624997e-32 5.851890383740878e-22 1056
69 1.839702386346239e-33 2.818067937630098e-32 6.272429522376754e-22 683
72 8.605102556397834e-34 1.658277730053333e-32 6.46678511327203e-22 350
75 5.113792149144149e-34 1.055924812416256e-32 6.969050835091499e-22 192
78 1.920960600181017e-34 1.554791608939499e-33 5.483005178209416e-22 44
81 7.701761088997592e-35 1.898312455930414e-33 8.363711504268393e-22 25


3 6.737475387155887e-13 1.025189101153956e-12 60.59735264267282 18
6 3.540055923918769e-12 1.517853210387099e-12 26.31670491163111 62
9 1.633388957302159e-12 2.280522386785372e-13 4.11683288587495 98
12 5.327244293628722e-13 4.955219874240884e-13 0.7761612689535476 210
15 4.518022290051066e-13 9.140088042543989e-13 0.4849539615949662 350
18 2.512275973436106e-13 8.562170380835355e-13 0.2477062665385991 450
21 1.11662545286369e-15 9.138296516998671e-17 0.0002023190660481697 602
24 8.041788563565213e-17 1.533215274068353e-17 1.105427837409846e-05 762
27 4.026372293784801e-18 5.158184279811639e-18 5.616294178473776e-07 1142
30 9.648987333375382e-19 1.096375285688531e-18 1.048927643916275e-07 1250
33 1.288012522414596e-19 2.2321692970721e-19 1.336413749798676e-08 1458
36 1.739328405567497e-20 1.762383053561259e-20 1.067727951928367e-09 1814
39 2.218337031550673e-25 1.261724546265141e-24 2.723002476488424e-14 2178
42 2.399693900957295e-26 1.414951427294971e-25 2.406785785696512e-15 2498
45 4.946548442270028e-27 3.330353682822764e-26 4.788375274152672e-16 2622
48 9.736857430289205e-28 4.607189920232325e-27 5.564786610339315e-17 3191
51 6.567133758408958e-29 3.699353729550413e-28 4.112416652990963e-18 3044
54 4.824268048794565e-31 7.286658410370202e-30 6.666013434405797e-20 2736
57 1.200129772812407e-32 9.515500099850023e-32 1.113933595157745e-21 2276
60 5.678603240839589e-33 5.785712599728313e-32 6.696826182993183e-22 2016
63 3.727322430527121e-33 4.777240821317238e-32 6.034977226197493e-22 1640
66 2.713350207194417e-33 3.121363403088551e-32 5.879140088395977e-22 1056
69 1.693211483012739e-33 2.490235334005921e-32 6.452138756283078e-22 683
72 9.091118037376733e-34 1.336119452382965e-32 6.353869531617667e-22 350
75 5.225830597817213e-34 8.65254854909499e-33 6.890246334031005e-22 192
78 2.049621243887868e-34 1.530982962003514e-33 6.398748280487933e-22 44
81 6.916494319122889e-35 1.755431957594837e-33 8.867990437367299e-22 25


3 7.314604591697708e-13 2.103591821680072e-12 113.4428728882392 18
6 4.528193909198314e-12 2.860876777798396e-12 43.16241463953493 62
9 1.678107034018546e-12 2.874181096781851e-13 4.877195016800147 98
12 3.512848488779142e-13 5.726543604722938e-13 0.7785380595133116 210
15 4.157893771472463e-13 8.209723302673363e-13 0.4952483532696381 350
18 3.093765945660758e-13 5.432070716681917e-13 0.2211477747229725 450
21 2.628446941520552e-16 4.630262837689603e-16 0.0001200623368520704 602
24 1.927296682307548e-17 1.664627985095883e-17 4.292771836762736e-06 762
27 8.019425158041063e-18 4.005399692022343e-18 8.97708770908826e-07 1142
30 4.028202605904732e-19 1.469768013169626e-18 9.653199250014202e-08 1250
33 1.631481255545087e-19 2.253327171698933e-19 1.709329399771384e-08 1458
36 1.886910669621977e-21 1.397269635715177e-20 4.297694049779446e-10 1814
39 5.086733697191459e-25 3.193458123997825e-24 7.631424523193113e-14 2178
42 8.607772387782832e-26 6.338527975708844e-25 1.162550406127739e-14 2498
45 1.454871105868733e-26 1.09326310021869e-25 1.742787516957001e-15 2622
48 3.503019553630003e-27 2.359789309525542e-26 2.920035497379127e-16 3191
51 3.679763432739263e-28 3.211318910636206e-27 3.615503945503031e-17 3044
54 2.545866275826852e-30 3.257969979066101e-29 3.501959029564113e-19 2736
57 2.524782728800528e-32 4.69201033499338e-31 5.29913075490009e-21 2276
60 5.469513049404523e-33 6.923534859323653e-32 8.741767736156347e-22 2016
63 3.645591372581943e-33 4.313510177020358e-32 6.339496844390012e-22 1640
66 2.207979526449133e-33 3.290024002315823e-32 6.713366865275055e-22 1056
69 1.730409479718206e-33 2.056832617645746e-32 6.390964236738067e-22 683
72 9.082022019071958e-34 1.112091168412625e-32 6.31308492247588e-22 350
75 5.153479455694775e-34 7.075874386162604e-33 6.725085941622989e-22 192
78 1.195831170530749e-34 2.403516832187879e-33 8.73889345366362e-22 44
81 9.33018342260035e-35 1.234937636751838e-33 8.198459009980757e-22 25


3 1.150502376594147e-12 4.183308242244431e-12 238.2754216156935 18
6 7.581694848970219e-12 5.672535200268384e-12 86.42224029403131 62
9 2.09673123958612e-12 6.68650515641416e-13 7.631207788077417 98
12 5.659414678721142e-13 7.331345503977641e-13 1.235376401359241 210
15 4.242811222772078e-13 7.594950065453497e-13 0.5322423556209461 350
18 2.137605958425086e-13 6.587956248573828e-13 0.2478057787991606 450
21 2.572299734192861e-15 1.45080323250703e-16 0.0005669871272327932 602
24 6.423313235300871e-17 1.459498272887031e-17 1.122675260471091e-05 762
27 1.20781446892151e-17 1.215287071584494e-17 1.890407802117518e-06 1142
30 3.568948312518435e-19 1.916784959231339e-18 1.285146293775188e-07 1250
33 5.247325217506433e-20 2.241032501209954e-19 1.217230292801119e-08 1458
36 8.243483072662842e-21 1.067215174742439e-20 6.904984215060076e-10 1814
39 7.774256058071481e-25 5.981758607582372e-24 1.546417137623881e-13 2178
42 7.929698590846863e-26 5.95799759306569e-25 1.229551984675312e-14 2498
45 1.01893078086225e-26 6.208222055966827e-26 1.176639652157211e-15 2622
48 1.74873630134181e-27 1.294256330348717e-26 1.77347500193138e-16 3191
51 1.272622366402936e-28 1.192358958987216e-27 1.502357386011024e-17 3044
54 1.235056087389273e-30 1.260436924142784e-29 1.604122858863e-19 2736
57 1.792017052412395e-32 1.991089903935271e-31 2.780692165339586e-21 2276
60 5.315370544321499e-33 6.156572304035758e-32 8.974585048793287e-22 2016
63 3.423849211178111e-33 3.919677903306549e-32 6.579377710912651e-22 1640
66 2.346442563571808e-33 2.704182480611258e-32 6.602437284148623e-22 1056
69 1.505010625513048e-33 2.047789837454484e-32 7.008171679872285e-22 683
72 7.964738011160473e-34 1.103580024376532e-32 6.905271499008373e-22 350
75 4.800871744825168e-34 6.299746882843922e-33 6.866093183192449e-22 192
78 1.186874362079574e-34 2.008398808601496e-33 8.550915619690695e-22 44
81 1.008659087941994e-34 9.872692129094635e-34 8.09448210709109e-22 25


3 5.639816965132276e-12 2.066707748879553e-11 1305.726362489805 18
6 3.063069041143849e-11 4.21399957857836e-11 525.3916554674812 62
9 7.299808902306076e-12 6.568465194017935e-12 42.304736415271 98
12 2.859613667604273e-12 2.459766403664247e-12 5.687513693314473 210
15 8.137409455109488e-13 8.293582617871554e-13 0.8368264551034292 350
18 2.899737843600177e-13 4.627442631954038e-13 0.2441631458098594 450
21 3.662663964926975e-15 2.501524397189351e-15 0.001324259485570271 602
24 1.343889125478238e-16 3.228326025443734e-17 2.62810453659958e-05 762
27 1.315695308747926e-17 2.790041547154356e-18 1.531743194087759e-06 1142
30 5.460844181640685e-19 7.314840059665631e-19 9.01200253806893e-08 1250
33 1.634325112122818e-19 1.5831298370551e-19 1.827631188694237e-08 1458
36 3.857860753923506e-21 2.042642971433056e-20 8.55715813229201e-10 1814
39 3.5695718034608e-24 1.365685289685904e-23 4.696512120038186e-13 2178
42 2.15004106236059e-25 9.207913217947115e-25 2.446549945954384e-14 2498
45 1.978139917155537e-26 1.162754868045915e-25 2.483066069026183e-15 2622
48 2.140579320846365e-27 1.075246645247554e-26 1.822098675479439e-16 3191
51 2.013161347128214e-28 9.237726563171974e-28 1.57094391428191e-17 3044
54 2.771429963154506e-30 1.52246951015007e-29 2.547288015939616e-19 2736
57 3.335889886411297e-32 1.274305132115804e-31 2.730667177395096e-21 2276
60 5.489230674326612e-33 4.964621174190628e-32 8.597484716827434e-22 2016
63 3.52502653187189e-33 3.527693805099345e-32 6.867268824646277e-22 1640
66 2.286745039415716e-33 2.375174023558317e-32 6.686534182022973e-22 1056
69 1.435326307864348e-33 1.828005841440724e-32 7.157181998130678e-22 683
72 7.473137855082438e-34 9.745689134617511e-33 6.971799638786804e-22 350
75 4.402094355462304e-34 6.217918500604989e-33 7.522094092009146e-22 192
78 1.434983140744844e-34 1.534921892418687e-33 8.223758855720127e-22 44
81 6.647452643671645e-35 1.283759692895053e-33 1.00824191591064e-21 25


3 4.608776896672357e-11 3.055904674844029e-10 19249.43250327617 18
6 2.293866696216684e-10 8.681888294986067e-10 8704.160387322621 62
9 5.93701740492284e-11 1.642488262131404e-10 746.027922617682 98
12 2.547662247540637e-11 4.440109242858594e-11 81.70954942920365 210
15 4.477337112309922e-12 5.102554731512621e-12 5.40717958024496 350
18 5.047340434845686e-13 6.195183129887572e-13 0.4076109686051168 450
21 1.983267710888928e-14 1.607922756225918e-14 0.008545338501363525 602
24 8.447976919043588e-16 3.852530646662823e-16 0.0002094835313980779 762
27 4.98160915814113e-17 5.07206088201071e-17 9.732850802446056e-06 1142
30 1.216200688468585e-18 1.445064799074291e-18 2.095935773368344e-07 1250
33 7.425322048848656e-20 1.807947172663931e-19 1.458893720572645e-08 1458
36 2.106639043916456e-21 8.794621382363169e-21 4.336947200601824e-10 1814
39 3.236690572308537e-23 3.731007819250844e-23 2.453670769444025e-12 2178
42 1.742137666217351e-24 2.091439391260464e-24 1.092887994860488e-13 2498
45 9.838060913509132e-26 1.740927941292198e-25 6.517836532369847e-15 2622
48 5.320992849854175e-27 1.59746313652474e-26 3.603080413793148e-16 3191
51 2.655721331547449e-28 1.347779557469509e-27 2.472255643273058e-17 3044
54 2.803078637171071e-30 1.840612431571372e-29 3.257354333068589e-19 2736
57 5.551176567259971e-32 5.03965296504644e-31 9.250661503335633e-21 2276
60 7.223777233827863e-33 6.891132523268195e-32 1.318666415524486e-21 2016
63 3.471394616042247e-33 3.205321577789452e-32 7.113186946925542e-22 1640
66 2.179468552653452e-33 2.220068910331519e-32 7.021946579443666e-22 1056
69 1.459822455795594e-33 1.537450095975055e-32 7.02637144930466e-22 683
72 7.911166480858669e-34 8.402442460063861e-33 7.04881361826808e-22 350
75 4.536702447587337e-34 5.453672319330293e-33 7.665666339709817e-22 192
78 1.364907699212278e-34 1.298990766255042e-33 8.018973581691324e-22 44
81 7.079306088069225e-35 9.869576592211642e-34 9.303950578769827e-22 25


3 1.206343289030748e-10 3.507583951364769e-09 217243.5416072058 18
6 8.604600537383364e-10 1.104242830489741e-08 103110.1620463372 62
9 2.962782870767174e-10 2.289094149223761e-09 9401.824896290758 98
12 1.705864448350504e-10 6.742185919667819e-10 1073.362448774719 210
15 3.030683056589044e-11 8.234078090005094e-11 68.55650046377808 350
18 2.155719190437838e-12 4.039393935676613e-12 2.450637556886587 450
21 1.536884832406465e-13 2.685966708113371e-13 0.1069013451610172 602
24 5.960944132066111e-15 8.831604960552498e-15 0.002601305485410784 762
27 3.25731452401482e-16 4.408510616146484e-16 8.027532689050032e-05 1142
30 4.633943500889505e-18 6.995438437017329e-18 9.916810768155209e-07 1250
33 1.561014502811036e-19 4.821404670097849e-19 3.969345515061175e-08 1458
36 1.10958616636297e-20 2.669187684992915e-20 1.756306217344054e-09 1814
39 2.7906492978879e-22 7.052362360600813e-22 3.48189601216169e-11 2178
42 1.206910373439005e-23 2.75956503921269e-23 1.143485575124938e-12 2498
45 5.309608429653725e-25 1.066054311256979e-24 4.155139272505995e-14 2622
48 1.951560909251952e-26 4.161343419490189e-26 1.210467717374798e-15 3191
51 6.17298225926596e-28 1.916462796257315e-27 4.630765512232095e-17 3044
54 1.349361336765504e-29 5.360917098803499e-29 1.228621547548519e-18 2736
57 3.451986288484699e-31 2.537292747279932e-30 5.434888643043615e-20 2276
60 1.938182810301328e-32 2.024770204720081e-31 4.237748126723917e-21 2016
63 3.663300058563935e-33 3.508601156374283e-32 8.58833876408088e-22 1640
66 2.069960553471151e-33 2.032530952172413e-32 7.209782840647213e-22 1056
69 1.442208339336113e-33 1.387165224387372e-32 7.20448622291426e-22 683
72 7.398519505394018e-34 7.67625173349822e-33 7.193608294698446e-22 350
75 5.024055554654318e-34 4.459888797680865e-33 7.526018264073487e-22 192
78 7.720113680482304e-35 1.667748651111231e-33 9.73483705864302e-22 44
81 1.117049862041081e-34 5.389567116428582e-34 7.906595379466197e-22 25


3 3.076263228905028e-10 1.326735460241536e-08 882127.0413744858 18
6 6.297957991320512e-11 4.354712123305017e-08 409943.8274205757 62
9 1.739231552876921e-10 9.563041007505363e-09 38409.43570385664 98
12 3.976922640153553e-10 3.400694330123865e-09 5236.819209696207 210
15 1.009660225374198e-10 4.665779658695984e-10 374.3535234593007 350
18 8.907865149716919e-12 2.783649918935555e-11 15.68486274096098 450
21 8.028871827339299e-13 2.286161448532043e-12 0.8402992914583518 602
24 3.65570169920084e-14 9.97894498240802e-14 0.0254679712904057 762
27 1.895795839925217e-15 4.903511617987686e-15 0.0007486484108938706 1142
30 2.892431589261279e-17 6.895017384508151e-17 8.830631862546852e-06 1250
33 1.435691158235537e-18 3.009033982812649e-18 3.131295106336905e-07 1458
36 1.087604290786547e-19 4.167424021411707e-19 2.570783364379168e-08 1814
39 1.048828568316126e-20 3.828786319266692e-20 1.821019339686951e-09 2178
42 6.950763105976277e-22 2.160763858443901e-21 8.684962954920506e-11 2498
45 3.401308946975373e-23 9.698239132246129e-23 3.549568874862968e-12 2622
48 1.185255311461731e-24 6.61386944076206e-24 1.483518114563289e-13 3191
51 3.456627207048912e-26 4.070013692847339e-25 7.620250111930031e-15 3044
54 1.084494288027595e-27 2.838470581950015e-26 5.001754091224125e-16 2736
57 6.34489523270054e-29 1.037237981534465e-27 2.132155287017245e-17 2276
60 3.167882845264947e-30 3.849893694579338e-29 8.675196565402316e-19 2016
63 1.300412943505026e-31 1.734442860991429e-30 4.413528491446914e-20 1640
66 5.937255906819892e-33 7.691197537456293e-32 2.863272203198166e-21 1056
69 1.669679339052299e-33 1.484842307444398e-32 8.685062607876652e-22 683
72 7.256167862183926e-34 7.31638509664887e-33 7.666559195170132e-22 350
75 4.704965707017037e-34 4.360079829360832e-33 8.032499141540142e-22 192
78 9.373831192214551e-35 1.231361327690845e-33 8.628679650941081e-22 44
81 8.318826863291029e-35 7.30547568401753e-34 9.555403107203968e-22 25


3 6.957593487984635e-09 2.12157391627886e-08 1998642.380120767 18
6 7.385650548365038e-09 7.499823629956187e-08 845885.6769886819 62
9 2.154088421343573e-10 1.714651547030899e-08 74757.42569752838 98
12 2.561129304002328e-10 6.050085820553884e-09 9467.829791350565 210
15 1.166211612500992e-10 7.684535815669614e-10 636.0154543899438 350
18 1.737576368357382e-11 5.68888374744809e-11 34.65217656864998 450
21 2.4973047394452e-12 6.883151951415574e-12 2.795294038690034 602
24 2.596001997703031e-13 7.326252022701814e-13 0.2025304347101417 762
27 3.860121682042662e-14 1.179801409548481e-13 0.01870354199153929 1142
30 2.752962078962173e-15 7.883963714149894e-15 0.001038110970134563 1250
33 1.789338897917985e-16 4.82321697537109e-16 5.006453153262659e-05 1458
36 1.204615442867833e-17 2.523627300180292e-17 2.109518474196194e-06 1814
39 9.684993437370882e-19 1.126063114313392e-18 9.671337996659852e-08 2178
42 1.971285841222416e-19 1.397471034415636e-19 1.345612751615647e-08 2498
45 3.1853588570679e-20 1.506864558363358e-20 1.76872462860687e-09 2622
48 4.328814687954798e-21 1.144132297717654e-21 1.712295144595446e-10 3191
51 3.382552729435902e-22 7.888986441135791e-23 1.328631617478823e-11 3044
54 1.003421975822572e-23 8.11933680105239e-24 5.261831184930406e-13 2736
57 2.451575412975844e-25 1.006675168163564e-24 3.09508843466181e-14 2276
60 2.079411212737609e-26 5.856776596916006e-26 2.240977856300653e-15 2016
63 1.769974699163105e-27 4.121965072612777e-27 2.019527549030323e-16 1640
66 1.134195805990235e-28 3.651786900107132e-28 2.263484871789229e-17 1056
69 5.357900761333305e-30 4.437361866257353e-29 2.906394395370459e-18 683
72 1.420777441758126e-31 2.817789260939701e-30 2.890650455189935e-19 350
75 1.309375467919789e-32 1.446976825297041e-31 2.824299187138308e-20 192
78 8.54818233029372e-34 3.422713418583375e-33 3.884852150395153e-21 44
81 1.366897917677192e-34 1.370579310589404e-33 1.896178783117903e-21 25


3 9.501596692295929e-09 2.614610501429293e-08 2747258.607198263 18
6 6.141073565887601e-09 1.040764392804387e-07 1229041.405462172 62
9 1.953015524486391e-10 2.427286114712082e-08 114599.0908260437 98
12 9.162540204919071e-10 6.706740325533547e-09 12514.42921833224 210
15 2.270149187880891e-10 5.382297665917509e-10 607.3454874596572 350
18 1.608043117151863e-11 3.585310470580478e-11 26.56247041933914 450
21 1.812679351927118e-12 4.660304167780759e-12 2.09692062240399 602
24 3.241554034418955e-13 7.450000750375752e-13 0.2389184642353164 762
27 1.049426750036276e-13 2.165080550542587e-13 0.04261610039593728 1142
30 1.498852757591203e-14 3.456441852823279e-14 0.005336047738915678 1250
33 2.809019765180237e-15 7.910920490694181e-15 0.000881332811371399 1458
36 3.967023401033527e-16 1.056779614179679e-15 8.772793981699522e-05 1814
39 4.744378705426621e-17 1.007123335335065e-16 6.978577028611269e-06 2178
42 3.15831323327734e-18 4.06865198765688e-18 2.913046019417265e-07 2498
45 1.299054424976932e-19 3.505464489178732e-19 1.562499009052518e-08 2622
48 1.613443814478055e-20 1.553986674551488e-19 3.770077261884292e-09 3191
51 6.232275113626573e-21 3.342460028838405e-20 8.90614584936888e-10 3044
54 1.187490286004467e-21 3.242396709158453e-21 1.135492402062823e-10 2736
57 7.308749100775792e-23 6.908852869832926e-23 5.032521559230744e-12 2276
60 2.873964416826322e-24 2.333379321146533e-24 2.04691555833715e-13 2016
63 6.692988685163501e-26 5.280730364089294e-25 1.801760004601958e-14 1640
66 3.214247530177907e-27 7.581079382873211e-26 3.176621943610076e-15 1056
69 7.219135289160763e-28 7.15810225349712e-27 4.965095632571956e-16 683
72 9.22885154502089e-29 3.396980892130018e-28 5.986822562957828e-17 350
75 7.18733089327349e-30 1.172010234211881e-29 5.639100820832531e-18 192
78 2.829178001890443e-31 3.16496030243796e-31 8.365317525798903e-19 44
81 2.252808740234005e-32 4.67058965415285e-32 1.383970984396353e-19 25


3 2.302292103983661e-08 2.956728890143493e-08 4399189.733325927 18
6 2.208934203356794e-08 1.355960415278623e-07 1909403.992341358 62
9 6.100210235509843e-10 3.088878011439662e-08 160213.3989672857 98
12 2.60311925585609e-09 4.804846583083771e-09 13379.83462683739 210
15 7.070177296807351e-10 6.100758063799064e-10 1145.322013918247 350
18 3.97220652428771e-11 1.364383719071702e-10 96.04054558106661 450
21 2.467868114034122e-12 2.101772752734189e-11 8.007786173760239 602
24 2.366277638570735e-13 2.245113443178491e-12 0.578372275540037 762
27 8.696271178062779e-14 5.637643558227423e-13 0.08936619539633828 1142
30 1.142937951008134e-14 5.772867662353983e-14 0.007759561122105569 1250
33 4.361452028310371e-15 9.86966873026171e-15 0.001289681997514264 1458
36 1.376108793793098e-15 2.62768106930526e-15 0.0002698875368381412 1814
39 4.04401959989287e-16 8.171651228307718e-16 6.274537245864076e-05 2178
42 4.320452838875574e-17 8.91802662646105e-17 5.472108251692835e-06 2498
45 2.797913155744782e-18 4.56645534822232e-18 2.778065126859875e-07 2622
48 5.699327006940728e-19 6.056438654472191e-19 3.632396641553069e-08 3191
51 1.590748170930471e-19 1.464913320249141e-19 9.593167928143567e-09 3044
54 1.433363730966402e-20 1.052856911378225e-20 8.578435933731059e-10 2736
57 5.160894420853686e-22 4.860161654858046e-22 3.811408751606438e-11 2276
60 6.078619275015591e-23 1.17013806810123e-22 6.380067612978399e-12 2016
63 7.113834161164165e-24 1.868937463046839e-23 1.020970544270928e-12 1640
66 7.795800905492641e-25 2.19329974850447e-24 1.71913817264641e-13 1056
69 9.378395591521157e-26 2.098620485103592e-25 2.729913072177711e-14 683
72 7.752587098831184e-27 1.612713453757197e-26 4.09411948520702e-15 350
75 5.983263853685929e-28 2.127473789230238e-27 7.192055238234671e-16 192
78 2.61248528331126e-29 1.347291223796719e-28 1.633000171442241e-16 44
81 2.908685546706843e-30 2.875502741814601e-29 4.81286349049692e-17 25


3 2.798310475522574e-08 2.732298984670562e-08 5001187.392726433 18
6 2.264711830265782e-08 1.497696365434808e-07 2251443.483419987 62
9 4.602105565249753e-10 3.410176999081736e-08 189636.1536490196 98
12 2.275589032509625e-09 3.900141871038951e-09 12044.46199151932 210
15 2.958485962608294e-10 1.414137819669051e-09 1560.046522689515 350
18 2.184398702903603e-11 2.323869285637952e-10 148.1210660366442 450
21 6.558479182166092e-12 2.838590078789803e-11 13.07112151044008 602
24 3.809383789917817e-13 4.185513031402263e-12 1.144493325409429 762
27 5.146600789868216e-14 1.033462556280315e-12 0.1574542388450439 1142
30 1.657657997570881e-14 1.249672727643354e-13 0.01693911366850987 1250
33 9.100079089955786e-15 4.22987413080479e-14 0.004823484635559325 1458
36 1.459041864484548e-15 4.426323465833683e-15 0.0004131684272352894 1814
39 2.735199616344066e-16 5.88631306574138e-16 4.749146435056928e-05 2178
42 8.967065715560906e-17 2.575898924041447e-16 1.49760672474898e-05 2498
45 3.263491758944731e-17 7.806586279696449e-17 4.304988388474872e-06 2622
48 6.04497149541426e-18 7.374355962539327e-18 4.377721249640114e-07 3191
51 4.430123968180247e-19 1.17846974181113e-18 4.656861191091193e-08 3044
54 4.663692567245039e-20 3.370891504899432e-19 1.024097280808119e-08 2736
57 7.100909386790855e-21 1.811138881929402e-20 8.67294679141494e-10 2276
60 5.01881672552559e-22 2.327487164778072e-21 9.424101147582342e-11 2016
63 3.288992481022062e-23 3.519378075955635e-22 1.345527581179152e-11 1640
66 3.894515638575523e-24 2.537587394450154e-23 1.583610825265443e-12 1056
69 4.190169988588558e-25 3.024460763867261e-24 2.68249799989846e-13 683
72 1.867749123075944e-26 3.17689562558423e-25 4.392824945105673e-14 350
75 1.714590937666801e-27 3.671947838658599e-26 8.472116400033474e-15 192
78 1.41587336435355e-28 2.016444265481918e-27 2.034762336054461e-15 44
81 3.37884596680226e-29 4.781459728452705e-28 8.084296777309142e-16 25


3 5.133779936973914e-08 2.923625711591091e-08 7863942.756429471 18
6 6.104266770570272e-08 1.931894401355323e-07 3580913.199750469 62
9 2.419715562763193e-09 4.462785855045404e-08 278072.2496380423 98
12 4.129274161881067e-09 6.747535707113055e-09 22727.15259602082 210
15 5.32482996814277e-10 5.355377023567584e-09 5751.235810200091 350
18 6.037619866108465e-11 3.78739121635553e-10 278.0160089657812 450
21 2.624354801301023e-11 1.572337743817245e-10 73.41526606578638 602
24 7.119581794998277e-12 2.471484140947113e-11 8.842741948011826 762
27 1.912269955035577e-12 3.764518188369877e-12 0.9526572608107423 1142
30 1.668122181296569e-13 7.733121846851665e-13 0.1237683343019519 1250
33 5.687344065341278e-14 3.41092099529008e-13 0.03989411539935687 1458
36 1.547103646243756e-14 6.82667026425396e-14 0.006198337112724956 1814
39 4.448541302483557e-15 1.737920246983987e-14 0.001237079341457038 2178
42 1.461496304052862e-15 3.569887568839678e-15 0.0002382414007051023 2498
45 2.262173126027891e-16 3.171188903500625e-16 2.425424434512135e-05 2622
48 4.54890168931814e-17 1.224348301672069e-16 5.322931816007246e-06 3191
51 1.623565248190079e-17 3.464753927264769e-17 1.634303518312426e-06 3044
54 2.084278079299401e-18 2.686266279910389e-18 1.737247680916255e-07 2736
57 9.87371895948692e-20 3.578642057948394e-19 1.608745666500823e-08 2276
60 1.708942437074968e-20 6.392981062668457e-20 3.026003886345699e-09 2016
63 1.39031169454634e-21 1.073823066862471e-20 4.773968313130098e-10 1640
66 2.090306769092807e-22 1.883918936902348e-21 1.184707604300148e-10 1056
69 2.977557658978913e-23 2.721866884276676e-22 2.487255571077139e-11 683
72 3.29355748465771e-24 3.033736963542433e-23 5.100347609218522e-12 350
75 4.938232986184864e-25 3.644276993480619e-24 1.117137917761563e-12 192
78 2.842851715167111e-26 1.566376411252427e-25 2.182868268550056e-13 44
81 9.083821720621278e-27 4.245956407689029e-26 1.05939319359406e-13 25


3 8.43836825988456e-08 2.831493350690681e-08 11836810.89588581 18
6 1.219415923063726e-07 2.314187011495351e-07 5356962.147827512 62
9 1.339060609571704e-08 6.151170350924673e-08 476889.0487693006 98
12 1.127746222728431e-08 2.375501338102954e-08 78107.8221360515 210
15 1.433848727453582e-09 1.708095651516246e-08 19433.64627029274 350
18 2.476725314181339e-10 2.90251984785108e-09 2123.964945580326 450
21 6.343196633771669e-11 1.201459486918533e-09 539.1419577019886 602
24 4.103255521466973e-11 1.895780096596979e-10 68.68736659736305 762
27 2.05523035904315e-11 7.727996241818173e-11 17.20383437305797 1142
30 7.518356075461556e-12 1.199374640138813e-11 2.922592385247307 1250
33 2.484999159441691e-12 3.176655478706823e-12 0.6696787660840802 1458
36 7.613258707664882e-13 7.993507980510337e-13 0.1382273185573251 1814
39 2.273936153697915e-13 2.292470061367861e-13 0.03131202134806638 2178
42 5.682403326182606e-14 6.118605828292493e-14 0.006535514941422817 2498
45 1.788480552484858e-14 1.828591945341614e-14 0.001799178215251441 2622
48 4.112573447439616e-15 4.190449787442179e-15 0.000319768276407062 3191
51 1.36741122278912e-15 1.812274609290999e-15 0.0001171889427161601 3044
54 1.591963347393969e-16 3.524393908451583e-16 1.837890387537819e-05 2736
57 1.777340427160164e-17 1.116331900384652e-16 4.610203946246387e-06 2276
60 4.359389521521421e-18 3.641774264450791e-17 1.4961073651111e-06 2016
63 1.274973069566614e-18 9.037949355000392e-18 4.440243948437411e-07 1640
66 2.440765917844525e-19 1.502394766286596e-18 1.119984868215609e-07 1056
69 4.259616833810026e-20 2.334580804023663e-19 2.632946505070119e-08 683
72 4.06898511118306e-21 2.041327434498545e-20 4.387121809749199e-09 350
75 5.880563085791999e-22 2.407572874854279e-21 9.68088163138359e-10 192
78 5.175872773495984e-23 1.576441089574106e-22 3.01535247984004e-10 44
81 6.557736264459696e-24 1.158572872268986e-23 5.073170571894659e-11 25


3 1.16098453955421e-07 2.605350324118301e-08 16042585.70998381 18
6 1.892171840617707e-07 2.71862541213106e-07 7497215.434464542 62
9 3.684230767319928e-08 9.761644522958823e-08 918446.5588021716 98
12 2.187418174652372e-08 7.886725525897471e-08 239356.3031450628 210
15 2.865669966076058e-09 5.829384639704437e-08 68682.19622027276 350
18 5.323046060184403e-10 1.879609197340404e-08 13924.72566897046 450
21 9.479084009617191e-10 6.693717171476167e-09 3537.399450533552 602
24 7.615800524138622e-10 1.983130019753453e-09 892.1726130664962 762
27 4.969475745900825e-10 5.458785680171803e-10 207.8096590671013 1142
30 1.730268349149043e-10 7.100885557916767e-11 42.17147246130838 1250
33 5.663102767720572e-11 9.594705259590154e-12 9.330750273842474 1458
36 1.801258199195791e-11 2.623208396305273e-12 2.181841452682788 1814
39 4.29878628853763e-12 2.219761332259857e-12 0.5021007885048552 2178
42 8.783649353108567e-13 1.823494076492196e-12 0.1487633761691064 2498
45 1.776019569751293e-13 1.098221644150721e-12 0.05676340738438836 2622
48 6.329690116568846e-14 6.624853083844674e-13 0.02382210403708756 3191
51 2.754341513927323e-14 2.771052419243884e-13 0.009725886002601871 3044
54 1.188360853684959e-14 9.585737400620499e-14 0.003609327199190084 2736
57 4.591592200206305e-15 2.743884808028051e-14 0.001237284090944197 2276
60 1.685284814534189e-15 7.869525228264972e-15 0.0004024583751862798 2016
63 4.861109725578095e-16 1.713848723954901e-15 0.0001118854618759193 1640
66 9.404670276221304e-17 2.590622511368452e-16 2.760543443421168e-05 1056
69 1.463563640496543e-17 4.430157969473796e-17 6.668852212802308e-06 683
72 1.190743064686954e-18 9.417214912034217e-18 1.910760642103256e-06 350
75 1.844327311658317e-19 2.854261182289696e-18 8.804769064070533e-07 192
78 2.669991551125661e-20 3.144728350362293e-19 4.196281251405289e-07 44
81 5.510254102867668e-21 8.805930169850186e-20 1.868086620321054e-07 25


3 1.637863709189428e-07 3.853388140459556e-08 24464793.62910818 18
6 3.216027321248249e-07 4.177326834266933e-07 12855699.72383774 62
9 8.170075224367685e-08 2.730264529281817e-07 2582513.696361631 98
12 3.916118608533236e-08 3.820248945805051e-07 1062989.656211836 210
15 3.598136238888273e-09 3.164260974898716e-07 383387.5007599749 350
18 1.022520599061037e-08 1.296639070103966e-07 108381.8737998774 450
21 1.251434588761053e-08 4.384507855298664e-08 28280.20666695886 602
24 8.180522247135435e-09 1.013113066559598e-08 6541.5214180247 762
27 3.314204416393343e-09 1.109080643979325e-09 989.6089905891288 1142
30 5.55751900663192e-10 5.764271916468833e-10 197.7185123750737 1250
33 1.729130252807844e-10 8.108591852737988e-10 123.2703228218635 1458
36 2.458137468154192e-10 6.28889472273698e-10 82.92648391679717 1814
39 2.439004253753745e-10 3.196205212703126e-10 43.17633718134606 2178
42 1.570326809634889e-10 1.154700527329804e-10 17.89572984971633 2498
45 7.097283000817791e-11 3.30552484306141e-11 6.388420766344122 2622
48 2.842431018962127e-11 9.869032294816438e-12 1.879975960443799 3191
51 6.894405149178981e-12 3.506749119292033e-12 0.491738328766353 3044
54 1.429684105934858e-12 2.289182411606816e-12 0.1596033418769473 2736
57 3.25916628798489e-13 1.576295870611841e-12 0.07996353677210781 2276
60 1.322233503725291e-13 1.022721677650715e-12 0.04910458557417883 2016
63 5.185946121289463e-14 4.893364847872713e-13 0.0260900443491716 1640
66 1.315955350670216e-14 1.679632023758883e-13 0.01244164111340774 1056
69 3.005543077753897e-15 5.789150533768402e-14 0.00592046375364528 683
72 4.234373776248966e-16 1.150014656436887e-14 0.002088537949822958 350
75 7.087170696046525e-17 1.854742484609662e-15 0.0005795149817238638 192
78 4.949389002584022e-18 1.687356747334296e-16 0.0002129568286918986 44
81 1.801545280863915e-18 1.108011251942394e-16 0.0002253990151703453 25


3 2.83930704273578e-07 8.417057569830434e-08 47435983.58454611 18
6 6.777559139145078e-07 7.67100854730206e-07 26830487.20456786 62
9 1.958951365925048e-07 7.655329913931536e-07 7464468.82653776 98
12 5.868814606317032e-08 1.119924754420762e-06 3172966.498589334 210
15 4.710891270844688e-08 6.594000273392451e-07 910490.6342075303 350
18 1.065416424817301e-07 9.779816265230364e-08 177141.8983123971 450
21 7.100536465311176e-08 3.078575992994485e-08 57334.39296962586 602
24 2.190698679951175e-08 1.013078547356518e-07 44558.6405967696 762
27 3.655695220578631e-09 1.292364830165665e-07 27493.79033939018 1142
30 5.333915955891935e-09 6.495137622193485e-08 11928.52680256286 1250
33 6.502266199599229e-09 2.240472234016664e-08 3935.883686675064 1458
36 4.920045999230524e-09 6.371282806035338e-09 1198.052560692221 1814
39 2.860782533257599e-09 3.06897241728787e-09 489.7791077698089 2178
42 1.523920112955885e-09 3.610096562364169e-09 319.2386777594306 2498
45 8.164225271167664e-10 3.896117627015991e-09 244.5630543711797 2622
48 5.105227197595799e-10 4.318211994288742e-09 183.9628582062493 3191
51 2.312525629306208e-10 3.317673202486915e-09 128.0350199004757 3044
54 1.021919962797607e-10 2.153597673183904e-09 82.81065324078418 2736
57 6.429233491307064e-11 1.096636671606845e-09 48.04831998011802 2276
60 5.700108592505672e-11 4.972217323677619e-10 25.18750507542228 2016
63 4.007671446038262e-11 1.715310734786851e-10 11.98090300395651 1640
66 2.046358725262818e-11 5.258794392864682e-11 6.584493103374136 1056
69 8.685172596884928e-12 2.385003818603221e-11 4.269392029817497 683
72 2.207456093943026e-12 1.034702667263941e-11 2.79585406764796 350
75 5.387321397233592e-13 4.496219420162433e-12 1.791446194831504 192
78 7.298648738160315e-14 7.123035072930048e-13 1.135964679028511 44
81 1.029858732642838e-14 7.31205155365661e-13 1.59728847764166 25


3 4.37727525575426e-07 6.617348549746706e-08 70171396.97955047 18
6 1.266767562781549e-06 8.00601849326935e-07 41202236.2593663 62
9 3.070839739006771e-07 8.469991360685272e-07 9498984.453719212 98
12 7.875902116464411e-08 1.052131511045966e-06 3208737.259373209 210
15 1.619283751970526e-07 3.137891335243535e-07 664037.8305063812 350
18 1.002531128916964e-07 8.594515365448575e-08 170749.6494678718 450
21 1.170813172916213e-08 1.903149360992688e-07 110993.4950708629 602
24 2.938111326878141e-08 9.347087062674548e-08 47924.14942647234 762
27 3.196586432853752e-08 2.004319768836949e-08 12862.53251931733 1142
30 5.338757879578319e-09 3.75314865440768e-08 7752.411663595347 1250
33 4.114993001626938e-09 3.065808781974184e-08 4856.675923140822 1458
36 7.21886355312777e-09 1.058073360985841e-08 1992.306881818712 1814
39 4.924940684254233e-09 4.847314716842868e-09 866.8501265276816 2178
42 1.901877444847447e-09 6.650059758222117e-09 548.2304343132068 2498
45 6.744489902788601e-10 7.62387652724384e-09 437.8108745288819 2622
48 6.08331464565914e-10 8.41427917493785e-09 358.5441698896864 3191
51 7.011636174034933e-10 6.422442492859127e-09 280.2527597041984 3044
54 7.168167770261492e-10 4.122651241521973e-09 203.9967115629306 2736
57 5.827083567634632e-10 2.159454256773874e-09 136.3555100006992 2276
60 3.971912204332635e-10 1.253773674335451e-09 89.19493517793927 2016
63 1.863725118492889e-10 9.015757848257043e-10 64.51420526291729 1640
66 6.751350123842722e-11 5.916858252439628e-10 53.72582864790317 1056
69 2.668542933002927e-11 3.324205090864117e-10 41.43524123784153 683
72 1.067471952599835e-11 1.093736998461098e-10 25.95442520593942 350
75 4.570756396800937e-12 3.155559032806963e-11 14.12368008052037 192
78 8.085313822288594e-13 4.300224918385477e-12 8.644025295751771 44
81 7.249395925595207e-13 7.408317561017702e-13 5.987636677048506 25


3 9.463404805088446e-07 4.762510863436259e-08 147636346.3122816 18
6 3.453508413342505e-06 1.175513063472264e-06 98742581.98287758 62
9 9.650211870038258e-07 1.283723490868502e-06 19905522.76396211 98
12 4.960205598546831e-07 1.542163144565483e-06 6242301.412971364 210
15 3.97270691083962e-07 5.846722269640127e-07 1460583.473558221 350
18 6.098123798446054e-08 2.459418733577197e-07 287960.333968672 450
21 8.247469687324914e-08 1.063943722898956e-07 117295.626678049 602
24 6.643488772783537e-08 3.574866072103835e-08 45177.14144605626 762
27 2.376072774698838e-08 3.108071372387484e-08 13881.95672308037 1142
30 1.703089940046929e-08 2.688114149078913e-08 9009.271572527672 1250
33 4.369587089280712e-09 7.45348065051914e-08 11501.57627058757 1458
36 7.928243224224548e-09 4.668789539023696e-08 5976.789592211835 1814
39 9.151955366725018e-09 1.013317330704297e-08 1802.791265895084 2178
42 3.975937819390148e-09 1.000657406157985e-08 979.9856587008933 2498
45 1.217919553393687e-09 1.487829568405327e-08 905.6001262866772 2622
48 1.630166682809887e-09 1.381209396931197e-08 671.038569412982 3191
51 2.039328538783327e-09 7.394245987927853e-09 425.6502362389253 3044
54 1.794494099352067e-09 4.274119162702427e-09 299.2591030441414 2736
57 1.127147836057137e-09 3.847067039195992e-09 265.4182710632469 2276
60 5.661550391146306e-10 4.397353835768863e-09 258.7999321645367 2016
63 3.229180463158219e-10 2.971233592036634e-09 195.816464807858 1640
66 2.331273336111046e-10 1.324000338688441e-09 142.1336399481121 1056
69 1.571853098709783e-10 5.28310535717428e-10 98.72683543962646 683
72 5.279111441043913e-11 2.144803076837594e-10 69.30225499643011 350
75 1.174633935898345e-11 9.882729030566536e-11 44.93139545383114 192
78 7.932842000316382e-13 1.582839682361643e-11 25.92902807031601 44
81 3.278001553987212e-13 1.08008573534902e-11 28.32195724751678 25


3 3.114750262838223e-06 1.786688637227081e-07 529330716.4690176 18
6 9.060506697064731e-06 2.919782359113113e-06 274609882.0661024 62
9 2.165896866460809e-06 2.72663266968971e-06 45901021.14252084 98
12 1.124656913809266e-06 2.77463537316221e-06 12622582.13855691 210
15 1.209094162829454e-06 1.706932498080621e-06 4598113.610884448 350
18 6.55804706650438e-07 5.550611394377903e-07 1261675.141664745 450
21 4.094875259941352e-07 3.201352743144721e-07 488106.1892057318 602
24 9.472238640881731e-08 3.77687146647668e-07 203469.6625766864 762
27 5.653026728046175e-08 1.150208409061761e-07 45050.08825243197 1142
30 1.934605872429096e-08 7.541690978893281e-08 19679.92513726904 1250
33 1.134904508826603e-08 4.89773819507635e-08 9646.86527653954 1458
36 1.367559666391015e-08 5.401383025487194e-08 7950.234041869332 1814
39 2.548810048552296e-08 3.87523278417269e-08 6196.90433606626 2178
42 1.961787410039306e-08 2.940714769813565e-08 3821.378888113752 2498
45 7.358360113519172e-09 3.419053568937205e-08 2589.807407831074 2622
48 3.895790244063992e-09 3.080538573963371e-08 1594.268914054662 3191
51 4.167931117611971e-09 1.501908372456315e-08 915.9689298134717 3044
54 3.518133752970746e-09 7.163497079879149e-09 569.7193798035505 2736
57 1.980062813164433e-09 5.06763292963067e-09 413.2790390826262 2276
60 8.934183930938162e-10 4.530004193499221e-09 311.4867941855463 2016
63 4.797074477057827e-10 2.467063286329325e-09 196.0504471392972 1640
66 2.592281168214275e-10 1.074394815135854e-09 134.0560304558666 1056
69 1.183821520343842e-10 7.195175674931328e-10 117.3874500437186 683
72 3.203625817144632e-11 3.075106393849153e-10 83.65353968590641 350
75 1.002435877430241e-11 8.266998756723596e-11 40.12355889963306 192
78 1.709396316044027e-12 7.614289076994762e-12 18.35999511523322 44
81 8.42700762583393e-13 5.643089062677972e-12 20.09188732728037 25


3 7.211648382956393e-06 3.434908150993413e-07 1323257507.746186 18
6 1.521854264959358e-05 5.25379365792086e-06 504458059.2126538 62
9 2.967948206555219e-06 4.456952784318016e-06 73303100.7149013 98
12 5.548869368720668e-06 2.853730492575436e-06 30444259.99601279 210
15 4.414198952593331e-06 3.460577337461e-06 13460045.1405166 350
18 9.544276513155964e-07 1.405527828363401e-06 2538780.131185851 450
21 5.313049187271151e-07 9.86019648312314e-07 1030484.325781725 602
24 2.491672593681455e-07 5.301740349798256e-07 363170.1516582676 762
27 1.141257535822167e-07 1.563749325900049e-07 76713.44129655691 1142
30 6.090777840303606e-08 1.956090177476645e-07 56332.69293996842 1250
33 5.932872135308325e-08 1.702617030564668e-07 39378.26407321569 1458
36 5.833326469679486e-08 2.057189067150968e-07 32680.94942681595 1814
39 6.154296582863996e-08 2.326506041976833e-07 27684.87959068738 2178
42 5.262540350260492e-08 1.533651044911544e-07 15924.32212865698 2498
45 2.725827078099459e-08 1.067870300679189e-07 8907.713605719393 2622
48 2.2351310463188e-08 9.751311530898155e-08 6033.138812692452 3191
51 1.560487526541535e-08 5.658163003293491e-08 3622.888044076632 3044
54 8.804986588449419e-09 2.476347792600477e-08 1812.771646323033 2736
57 4.319083049537012e-09 1.162546104426125e-08 981.4710318879797 2276
60 1.950846295046111e-09 9.308924124597999e-09 686.2412359074333 2016
63 8.919100094129988e-10 7.328726155694832e-09 549.4090918810084 1640
66 3.811606800686948e-10 3.530641268210312e-09 379.076910728351 1056
69 2.149438477672619e-10 1.188116493004037e-09 210.5315923890151 683
72 8.69756866714217e-11 3.250784494656858e-10 121.6972472278608 350
75 4.449233242517669e-11 1.318427529953021e-10 94.75401077907883 192
78 9.101918232595369e-12 1.639456225188949e-11 63.84532055767895 44
81 4.905944749424498e-12 5.515053922662431e-12 49.38090954695316 25


3 1.276152600533623e-05 7.412852977684858e-07 2596021907.55347 18
6 1.534361033961526e-05 7.846205527586861e-06 607531407.1200882 62
9 7.585040835853378e-06 4.317982394851882e-06 131527761.887959 98
12 9.129070286498952e-06 3.721034406390912e-06 50596115.59234713 210
15 5.680403445110957e-06 5.366222404498309e-06 19916094.7007832 350
18 2.191701291216762e-06 1.288649265850863e-06 4206098.18424856 450
21 8.762878169320367e-07 1.061422953536293e-06 1426960.804821705 602
24 5.75724091650521e-07 6.324417525955224e-07 620382.8656995185 762
27 2.419365115298269e-07 6.92546877292623e-07 263596.3816171637 1142
30 2.808212560729431e-07 5.744251289272982e-07 203260.9180075704 1250
33 2.139501553776406e-07 4.611779943956817e-07 124093.3254180283 1458
36 2.344657051488308e-07 6.013967743075317e-07 111043.2246811917 1814
39 2.051910132043464e-07 5.983348838962816e-07 80700.67410493121 2178
42 1.408339615410681e-07 5.163820432063104e-07 51980.74559741171 2498
45 8.660535982024552e-08 3.750104891108708e-07 31748.38850356489 2622
48 7.511919868395454e-08 3.658354875094082e-07 22947.44368571215 3191
51 5.085748439651373e-08 2.491340575344515e-07 15268.2498268445 3044
54 3.02194175812848e-08 1.604509162093455e-07 10028.39506530226 2736
57 1.808687812961068e-08 9.460465377811123e-08 6706.690088118134 2276
60 1.265439562344988e-08 7.366690075394728e-08 5399.088828843229 2016
63 8.640751984667158e-09 4.600596079002008e-08 4008.821657562131 1640
66 4.908346040459316e-09 2.192662457285205e-08 2966.428098289799 1056
69 2.396396745095406e-09 1.35943962929084e-08 2508.337051604259 683
72 8.074492233974442e-10 7.539552527157441e-09 2284.820235544562 350
75 5.127023963059073e-10 3.354668232583948e-09 1914.890256176136 192
78 1.672971536037778e-10 6.037827326617072e-10 1761.333957819678 44
81 9.299187770493192e-11 1.726113782191461e-10 1189.349610931131 25


3 1.339542564372808e-05 2.621184879289296e-06 3297523451.586818 18
6 1.318728365617708e-05 1.108074395524862e-05 661652507.0846391 62
9 1.236160928579921e-05 4.446294365904351e-06 206431991.9848713 98
12 8.047907242370179e-06 8.645787358354224e-06 65925579.67494775 210
15 8.717768540963024e-06 7.510198990092663e-06 31414349.45149986 350
18 2.334902040445896e-06 2.905669808728874e-06 6361061.488074282 450
21 2.027494266173687e-06 2.535885444890828e-06 3548037.698166172 602
24 1.137791365093349e-06 1.448436776303673e-06 1388204.825585496 762
27 6.141778368430453e-07 1.871728043088474e-06 724843.3903148461 1142
30 4.489176329166243e-07 1.814696681585248e-06 527013.112892873 1250
33 3.335721980582059e-07 1.588040385049452e-06 342526.7493801803 1458
36 3.327741532867617e-07 1.15693658054576e-06 200163.1484836281 1814
39 2.971734675812809e-07 8.748284432832191e-07 122833.3158669266 2178
42 2.723778160625535e-07 6.50040604771889e-07 79985.77300801227 2498
45 1.527456690693824e-07 6.169660874862871e-07 55452.14518775517 2622
48 1.119553927523569e-07 6.643183560319758e-07 41148.36898269355 3191
51 7.980766554345823e-08 4.405615478931337e-07 27200.05412527783 3044
54 6.406290982059615e-08 2.942189301190063e-07 19951.05462964169 2736
57 4.313133599838379e-08 2.174284440131406e-07 16217.10935098564 2276
60 3.165779725859354e-08 2.004992185841432e-07 14964.52592855566 2016
63 2.079030314132317e-08 1.59369301332203e-07 13188.93953064349 1640
66 1.223653366502598e-08 1.006275947571716e-07 12043.02473896414 1056
69 7.274014032814957e-09 5.637946294742456e-08 10018.57001564515 683
72 4.354576016719345e-09 2.006146173168721e-08 7685.418216444695 350
75 2.016385005533785e-09 1.26880494062364e-08 7644.697386614956 192
78 4.218200195529741e-10 5.061991854988062e-09 10925.20653677832 44
81 2.318583980793213e-10 1.927947905439752e-09 7554.987661478948 25


3 7.193083655309828e-06 4.839661969934331e-06 2437243944.889692 18
6 9.84286623823637e-06 1.166093511370094e-05 601497909.877727 62
9 1.191168705183105e-05 6.090940952387815e-06 229195745.1954256 98
12 1.124812866767202e-05 9.629817481743369e-06 89114536.37559652 210
15 9.936928566300882e-06 1.291444092817926e-05 44911403.71151182 350
18 4.393313496286271e-06 5.602608068173726e-06 12771906.81235702 450
21 3.635881979912966e-06 5.758833951464331e-06 7514353.857990267 602
24 1.867725537541873e-06 4.51961950277355e-06 3376270.097048656 762
27 1.291108275311266e-06 3.020713044527064e-06 1353653.485557279 1142
30 7.624135069813192e-07 2.12911321085493e-06 731245.930136556 1250
33 6.50385037099192e-07 1.967049951361841e-06 510037.3771890528 1458
36 5.651361880856189e-07 1.890000774924573e-06 347569.1169023553 1814
39 4.191359213105838e-07 1.607273819034084e-06 216373.9442348478 2178
42 4.462846751403848e-07 1.368015336899444e-06 160321.7095984615 2498
45 3.32410773304087e-07 1.185967254475681e-06 116593.7057417031 2622
48 3.039514544583434e-07 1.095793858810525e-06 82332.84287555155 3191
51 2.170469668507048e-07 8.743093361945563e-07 62125.27224540374 3044
54 1.308003842783804e-07 6.607413192451771e-07 45750.24717133695 2736
57 9.194549824186099e-08 5.115957764166016e-07 39007.44588415404 2276
60 6.903311710347308e-08 3.601020847429923e-07 29785.54631430506 2016
63 5.182883617831287e-08 3.198131959670847e-07 29340.7116939836 1640
66 3.38648713407838e-08 1.953312693644751e-07 26861.77557442695 1056
69 1.811027401669652e-08 1.260958214955283e-07 24193.66302310432 683
72 8.159834943251681e-09 5.271193882346792e-08 19135.44008755929 350
75 4.706783340719685e-09 2.714164749261971e-08 17696.86758141335 192
78 1.176789181181904e-09 6.406905136300986e-09 17742.68733969655 44
81 4.119422053256604e-10 1.741802860252946e-09 8911.016934948701 25


3 4.592939153327234e-06 4.780408931942543e-06 1953980227.961913 18
6 6.590566684785242e-06 1.135398477183977e-05 508097272.7241411 62
9 8.25597707617119e-06 9.539013755979133e-06 224095743.6059937 98
12 1.023245029283399e-05 1.03000589791851e-05 92378114.56945676 210
15 9.125913510645019e-06 1.675402499804172e-05 51477912.93574023 350
18 5.829377715225668e-06 8.525776212101863e-06 19106623.32169379 450
21 3.937676611312495e-06 8.891902465396081e-06 10296113.36018465 602
24 3.192520567203375e-06 5.327891895095512e-06 4933178.727131699 762
27 2.186157448354644e-06 4.904029607439873e-06 2331398.942411645 1142
30 1.285075688795515e-06 3.597932115971618e-06 1277237.241214825 1250
33 9.491398678370889e-07 2.408347580364801e-06 693252.7609080854 1458
36 7.658051395871061e-07 2.627963875299892e-06 493558.2152555612 1814
39 6.130745867244536e-07 2.58389615513489e-06 346725.4438137108 2178
42 6.018815731231444e-07 2.347100358684813e-06 260769.6345819774 2498
45 5.440788734802376e-07 1.743454025344188e-06 184568.6108478554 2622
48 5.010614204143806e-07 1.780599851273194e-06 139160.2436001332 3191
51 3.506606754746487e-07 1.574305528603019e-06 111318.9468826815 3044
54 2.158848494936277e-07 1.14032530556642e-06 80102.56131680708 2736
57 1.345763956167342e-07 8.869025256871466e-07 66318.46732535859 2276
60 9.036183988184862e-08 7.983136028814292e-07 59299.57029137683 2016
63 6.889194420044991e-08 7.610913394923625e-07 62791.9732647602 1640
66 4.005031962142749e-08 4.356109688965139e-07 52937.74894231658 1056
69 1.959277757914489e-08 2.580282811034672e-07 44403.73499953263 683
72 1.001869378481356e-08 1.428688795384112e-07 44923.69762694612 350
75 3.198217952187782e-09 7.996643085961624e-08 40483.25120949635 192
78 1.04418788872706e-09 1.241170737480275e-08 29031.07503678411 44
81 3.229409468206773e-10 3.408069842930222e-09 13743.59145389465 25


3 3.923968018890279e-06 3.311403393390246e-06 1613907730.58961 18
6 4.828597957995878e-06 1.036833737581013e-05 440896368.9065374 62
9 5.826514608590332e-06 1.443137314940557e-05 243591172.2306094 98
12 8.507929151628221e-06 1.414153812733971e-05 99901484.50798583 210
15 7.481847013298917e-06 1.854664958385062e-05 52554848.15000866 350
18 5.297658103910848e-06 1.318239980125391e-05 24141757.52439535 450
21 4.762733661786289e-06 1.005810735559642e-05 12651173.55026495 602
24 3.042610657962492e-06 7.738076525045274e-06 6205170.671389141 762
27 2.825022031757234e-06 6.658298364015717e-06 3264534.898906921 1142
30 1.692085235588354e-06 4.620923919296422e-06 1750398.720926039 1250
33 1.272500726915996e-06 3.54147103387847e-06 1036077.12109756 1458
36 1.112187909830451e-06 3.507117394700908e-06 718895.1835821308 1814
39 8.92410720204844e-07 3.369925508449444e-06 496820.2917645259 2178
42 8.484227633714742e-07 3.283263647713353e-06 387109.7598775671 2498
45 6.760890834654103e-07 2.728692389975656e-06 281172.0347702437 2622
48 6.65897960034293e-07 2.534702455547441e-06 204383.2137272398 3191
51 4.719002870267353e-07 2.051458385930549e-06 155335.0235713453 3044
54 3.088700416146661e-07 1.408651721845847e-06 109833.6990220721 2736
57 2.002394666055424e-07 8.894060110307059e-07 79285.03552526042 2276
60 1.318858950337329e-07 7.774556284811967e-07 67793.60569803347 2016
63 9.131093097235134e-08 5.809234226823593e-07 57703.83285999643 1640
66 6.385006641230425e-08 3.657086287747628e-07 55109.96697824891 1056
69 3.61465288778299e-08 1.947235827445065e-07 43959.43582715794 683
72 1.83409588592608e-08 9.340937928409947e-08 39929.76898385219 350
75 7.985406241817961e-09 4.38101360589637e-08 31798.85460414534 192
78 2.111118724262532e-09 8.82214975571292e-09 29494.77066744084 44
81 9.167399348569944e-10 8.547652011525527e-09 37642.79956128148 25


3 3.488858704190174e-06 2.642479414058633e-06 1475550701.980638 18
6 4.170169914051955e-06 8.92427262150743e-06 396980435.0974643 62
9 5.024354578789652e-06 1.321743076040861e-05 226807316.5327729 98
12 7.638988753345568e-06 1.398739702733628e-05 98782301.57806902 210
15 7.436174202839487e-06 1.670522048509446e-05 51474394.2014412 350
18 6.098169608436185e-06 1.271362835666108e-05 26265302.29448968 450
21 5.490630015391844e-06 9.75981065269976e-06 13957986.10422631 602
24 3.822107945908398e-06 8.76711058490044e-06 7669371.258366659 762
27 3.100650448115054e-06 6.96702274667553e-06 3645900.887518396 1142
30 2.116015028900817e-06 5.038170348787569e-06 2110052.664996215 1250
33 1.540464149503012e-06 4.506383006803244e-06 1346044.745920693 1458
36 1.41243301807012e-06 4.300167123627533e-06 929684.4775509126 1814
39 1.19677391582357e-06 4.367382542262851e-06 676276.8792066018 2178
42 1.257782313528427e-06 3.73715207895125e-06 505937.3827960264 2498
45 8.711809645142446e-07 3.585910006531677e-06 380875.3394040711 2622
48 8.931667327720319e-07 3.550317706948177e-06 293028.2075974636 3191
51 6.86170227940639e-07 2.73958195571238e-06 221953.1323280936 3044
54 4.458660256926771e-07 2.04658234989116e-06 165423.4843962435 2736
57 2.915557037571625e-07 1.298086755084792e-06 120235.5478943892 2276
60 1.923152687645009e-07 1.169309606012539e-06 104865.6658008432 2016
63 1.382829771667548e-07 8.247519610151941e-07 86570.45698294861 1640
66 8.459544523543802e-08 4.230295387119875e-07 69207.26918370581 1056
69 4.527612823936209e-08 2.898898689867358e-07 64601.15003557429 683
72 2.032369187487832e-08 1.45914387123643e-07 58508.88415204315 350
75 9.029603576400092e-09 8.137803452217062e-08 53528.77717453771 192
78 1.639659053851122e-09 1.472155370076173e-08 40405.62022315135 44
81 1.404064879466152e-09 8.284720639969853e-09 43162.84728699605 25


3 2.65662320204375e-06 2.54492432270586e-06 1260243538.560674 18
6 4.214252302283307e-06 6.504527333358533e-06 355605630.3027371 62
9 4.875246263155386e-06 1.073820237427801e-05 208914276.587594 98
12 6.520773246800302e-06 1.426961485216456e-05 97368205.50537212 210
15 7.949677692529194e-06 1.515064965109237e-05 52883937.77149419 350
18 7.022270715369621e-06 1.081130003862993e-05 27213179.38935583 450
21 5.95254105327611e-06 8.256452529935753e-06 14089491.72214301 602
24 4.800127691090906e-06 6.511166447630574e-06 7783179.582113605 762
27 3.307958754408046e-06 6.334175466486249e-06 3748525.347923584 1142
30 2.289720163752403e-06 5.515457457290173e-06 2415248.847488437 1250
33 1.818114466418335e-06 4.682258440029169e-06 1551313.229524308 1458
36 1.765517869138042e-06 4.635895858158897e-06 1120745.735181292 1814
39 1.589619662554286e-06 4.167852691648622e-06 773905.8674685955 2178
42 1.330294733508465e-06 4.737628360063465e-06 630675.0262863017 2498
45 1.168801214784238e-06 3.862185021169518e-06 468415.4906396263 2622
48 1.170930713708264e-06 3.995471133046353e-06 367807.2235270083 3191
51 8.571441341269255e-07 3.3144259689205e-06 286616.5556296126 3044
54 6.236461341085578e-07 2.462842054705046e-06 221289.4308665202 2736
57 4.139291203917207e-07 1.753324374051369e-06 174419.9741253242 2276
60 3.171578177086784e-07 1.47917424968919e-06 152166.0330657985 2016
63 2.279676158351781e-07 1.169479013533571e-06 135930.4965278577 1640
66 1.298973213259302e-07 6.739092901678334e-07 115118.7172197672 1056
69 7.787572413588745e-08 3.911748152305687e-07 99380.22315174909 683
72 3.182082697455989e-08 1.641789122837893e-07 76898.59937783789 350
75 1.826817509919886e-08 8.885544379832162e-08 73935.92965509818 192
78 4.605476698842025e-09 1.117965163524e-08 52857.75353176662 44
81 2.448752654320876e-09 6.412116571179456e-09 49363.37128089291 25


3 2.071033742314755e-06 2.770696608043642e-06 1181534388.450051 18
6 3.895418754122623e-06 5.329388455815466e-06 326417219.6911534 62
9 4.417508278552143e-06 9.063281664683116e-06 189887624.5749511 98
12 5.651428291544232e-06 1.311887361630947e-05 90976039.23210232 210
15 8.562036585153291e-06 1.172440884228611e-05 50938949.24889249 350
18 7.071865484362277e-06 7.935073483289121e-06 25169540.1001452 450
21 5.504856297659304e-06 8.398919449052063e-06 14267593.64423016 602
24 3.866631124059232e-06 7.473766105070392e-06 7760677.991060792 762
27 3.338731006106036e-06 7.127162399639647e-06 4185738.566777475 1142
30 2.810750914641982e-06 5.42354946303665e-06 2749474.128963145 1250
33 2.412538846389004e-06 4.854821505261074e-06 1878469.372588691 1458
36 2.015207645533106e-06 5.161926535344747e-06 1314347.951490995 1814
39 1.688156368338613e-06 5.518375365521452e-06 975844.6615900844 2178
42 1.595685141036634e-06 5.107384573386306e-06 735482.8299845678 2498
45 1.430373478268225e-06 4.615701947271117e-06 587967.2682048805 2622
48 1.348478779311158e-06 5.346180015766792e-06 484440.7944769796 3191
51 1.062229338859836e-06 4.357763811939383e-06 383620.3058439818 3044
54 7.848345893359748e-07 3.430767453166054e-06 309333.2145777467 2736
57 5.315162445748861e-07 2.609113563174782e-06 256789.0893301406 2276
60 4.476918488531534e-07 2.114000072520962e-06 225044.0825820749 2016
63 3.281941991641418e-07 1.76044428355938e-06 209579.580500424 1640
66 1.851479301230823e-07 1.016525714092456e-06 177242.6001719311 1056
69 1.161710531815631e-07 5.967694913625437e-07 156515.9227124558 683
72 4.947094283083555e-08 2.310618999867787e-07 116655.6197051719 350
75 2.462266383021588e-08 1.547750432622086e-07 123361.1765573997 192
78 5.157160474296776e-09 3.163926724571817e-08 106039.5161518691 44
81 2.888704312215012e-09 1.860477539826837e-08 103682.2127189926 25


3 1.571428865076558e-06 2.48876596741097e-06 1011073543.984078 18
6 3.696086495220417e-06 4.512972685738555e-06 308409823.3157971 62
9 3.922780747414898e-06 7.478456209469489e-06 169619007.2606826 98
12 6.492549589193619e-06 1.038214612753193e-05 90129264.9420886 210
15 8.930811843199004e-06 9.928851757152111e-06 50996172.98900948 350
18 5.880376799808038e-06 8.213103765626511e-06 23880145.39583359 450
21 4.862021212371828e-06 9.168433243056894e-06 14577440.92886633 602
24 4.038920865214401e-06 7.43607559663236e-06 8273690.402023138 762
27 3.979834369639917e-06 7.089001030669818e-06 4756849.278975949 1142
30 2.69346551058064e-06 5.996035226911435e-06 2965422.017428605 1250
33 2.297755608371536e-06 5.840324156745775e-06 2119522.452744411 1458
36 2.018798560796841e-06 5.64942067610217e-06 1448468.707050122 1814
39 1.884879624900706e-06 5.606480858562657e-06 1075948.368178924 2178
42 1.63816445438514e-06 5.598035407770268e-06 822296.1319108882 2498
45 1.515398110960704e-06 5.344334219664749e-06 688190.6196283062 2622
48 1.667692374308659e-06 6.405738979819462e-06 614118.5584480281 3191
51 1.373215789034598e-06 5.095770802613545e-06 486647.1474415284 3044
54 9.310554681895442e-07 4.196509376665403e-06 391907.9045644152 2736
57 6.89294806847293e-07 3.139282293607294e-06 331450.4929943579 2276
60 5.605455257481871e-07 2.6464193617003e-06 294910.0400982607 2016
63 4.163047716338644e-07 2.203347746393273e-06 275827.1395922636 1640
66 2.41206551964281e-07 1.359108217065339e-06 246195.5779570236 1056
69 1.552750024156826e-07 8.632620715226388e-07 231115.2657983668 683
72 6.409964649446696e-08 4.123050016577283e-07 196468.5223577803 350
75 3.01883139878789e-08 2.482476368507392e-07 192603.5500554678 192
78 5.368966574515503e-09 5.094052218956503e-08 159302.7538099864 44
81 5.645732857720971e-09 3.050001209115152e-08 188590.8443151169 25


3 1.245598984938406e-06 2.40718793204001e-06 924685644.787581 18
6 3.223716429684889e-06 3.937870661937346e-06 280056213.1576659 62
9 3.756278368928757e-06 6.582058921244755e-06 162486356.1052396 98
12 6.835375295496631e-06 7.971621402526461e-06 86166313.14602819 210
15 8.150131387972982e-06 8.885940788210224e-06 48044194.66108984 350
18 4.83523342718985e-06 8.561766905862925e-06 22880896.75228053 450
21 5.165017756404698e-06 8.380602076543777e-06 15015044.20007391 602
24 4.362736575577673e-06 7.323635313590259e-06 8912665.17393863 762
27 3.902257069330257e-06 7.717218724832468e-06 5130748.723211795 1142
30 2.811069223546556e-06 5.950894213898575e-06 3149663.273382142 1250
33 2.455727773654797e-06 5.542863101783056e-06 2217814.446037062 1458
36 2.28959385258823e-06 5.299286191967958e-06 1543408.787410016 1814
39 2.04675161676499e-06 5.429074358151286e-06 1143494.399832522 2178
42 1.949121388071416e-06 5.31309295423696e-06 894307.5367576135 2498
45 1.694289523632518e-06 5.378621235999648e-06 755196.560104534 2622
48 1.951507098302172e-06 6.028154936233392e-06 657707.4057634138 3191
51 1.486010876680269e-06 5.296587988582284e-06 538021.3211078454 3044
54 1.113150599407774e-06 4.247684789908195e-06 440749.3054791447 2736
57 7.66212367704053e-07 3.323576696518465e-06 374122.0229112768 2276
60 6.455935888596794e-07 2.879443300111305e-06 343074.4101385413 2016
63 4.686728365215067e-07 2.359388304021198e-06 314892.934767772 1640
66 2.795241315445807e-07 1.54310350959206e-06 295314.6330652401 1056
69 1.633141020000172e-07 9.936290570654868e-07 271774.2650828883 683
72 7.919533844275063e-08 4.399474213529487e-07 230039.0584056267 350
75 4.17710361301801e-08 2.758495931021316e-07 238433.0942835567 192
78 1.045617714227036e-08 3.879170127109867e-08 171328.7833734115 44
81 5.16468666406916e-09 2.722053196059185e-08 177790.8271659842 25


3 1.123924227413652e-06 2.188415554162142e-06 873662535.2166026 18
6 2.444624651982614e-06 3.583047949594576e-06 239891802.3773603 62
9 3.528567149625606e-06 5.308955145093146e-06 147976416.5049997 98
12 6.336269563689842e-06 6.39494382224105e-06 78909943.93354523 210
15 7.494979980999782e-06 8.441863855235228e-06 46711621.23715398 350
18 4.739192630608579e-06 7.681300889933933e-06 22411427.86475191 450
21 5.003987612842809e-06 8.121163912866936e-06 15172141.20247985 602
24 4.162057074125531e-06 7.184664674825601e-06 8985481.863975383 762
27 3.662352700995304e-06 7.796663314577415e-06 5218994.528597377 1142
30 2.850777865657126e-06 6.19625236207934e-06 3375478.161031671 1250
33 2.418178025286673e-06 6.114417960121119e-06 2424506.300260539 1458
36 2.268236391936979e-06 5.952205199243266e-06 1709410.56848784 1814
39 2.124513747659259e-06 5.75457742904166e-06 1252153.44836371 2178
42 1.999344767392776e-06 5.972095029226893e-06 1008781.415486139 2498
45 1.945797234006141e-06 5.667054772068644e-06 858566.7388103683 2622
48 2.042536441585298e-06 6.905822586279519e-06 757826.3606723725 3191
51 1.591765858818211e-06 5.631154971822886e-06 597782.3587656466 3044
54 1.305824545111647e-06 4.951293586600257e-06 536654.8782550329 2736
57 8.897312170791391e-07 3.606187351043335e-06 433163.0623686439 2276
60 7.383689830120349e-07 3.298949557017154e-06 409395.7747322493 2016
63 5.459624454762499e-07 2.509799180984109e-06 359707.2439078849 1640
66 3.395831998761705e-07 1.69865338210552e-06 349490.523064075 1056
69 2.013580141026438e-07 1.086939907519793e-06 321333.3656637959 683
72 8.259421431716713e-08 6.172579882287591e-07 309490.9287812784 350
75 5.034729126661038e-08 3.617737301213599e-07 318602.2379256333 192
78 8.042765914740323e-09 1.226692702565058e-07 385982.9919184956 44
81 4.137936161347235e-09 3.531178683063918e-08 209230.4754651239 25


3 1.080167509883346e-06 1.886050447454154e-06 827255954.7678682 18
6 1.902993897204535e-06 3.395036958583115e-06 213821009.1033867 62
9 3.528558329474681e-06 4.156558063856544e-06 138981413.2828895 98
12 6.05242764818726e-06 5.36802568245272e-06 75261856.06733102 210
15 6.594081199364716e-06 7.904175440991935e-06 43940590.24098211 350
18 4.727239033649455e-06 6.819758107026112e-06 22093600.56570484 450
21 4.772518478299115e-06 7.640825133878355e-06 14987824.86312487 602
24 3.797659406224302e-06 7.354815006982264e-06 9044780.035907313 762
27 4.029564054375654e-06 7.529216970943464e-06 5592156.044786288 1142
30 2.854200992617464e-06 6.721028064407385e-06 3675546.853274748 1250
33 2.514857060609104e-06 5.735761635732792e-06 2478478.892622108 1458
36 2.240583920389087e-06 5.770270356934071e-06 1738658.318961359 1814
39 2.207871167325858e-06 6.042650204775976e-06 1362143.728444716 2178
42 2.069882427891704e-06 6.065578164634207e-06 1074288.293859769 2498
45 1.961632209020172e-06 6.269832211760504e-06 951888.1449108844 2622
48 2.110392804979452e-06 6.859127508536681e-06 795262.8534119611 3191
51 1.687287431636447e-06 6.190207133487741e-06 674374.0543516709 3044
54 1.400740144225604e-06 5.058673790430655e-06 580883.818815738 2736
57 9.688639464445193e-07 4.016968419606023e-06 497974.0752997901 2276
60 7.778903146395469e-07 3.615475850360569e-06 460636.1558563268 2016
63 6.313145565944486e-07 2.828993383598896e-06 425589.269323886 1640
66 4.05007499872897e-07 1.864436792600753e-06 410486.9792275169 1056
69 2.598041652781141e-07 1.136310047741419e-06 375402.9722117915 683
72 1.246733332544172e-07 6.220178566852128e-07 365605.9902823573 350
75 6.282658564047626e-08 3.077529043330253e-07 317224.7236677693 192
78 1.425206349085307e-08 1.015259539393493e-07 389490.8283387573 44
81 4.70612244303094e-09 3.051454125457842e-08 202727.9861925829 25


3 1.039924386788864e-06 1.546824976203584e-06 767942878.6516044 18
6 1.685097266491325e-06 2.929684050729046e-06 194588360.5609751 62
9 3.571400474411689e-06 3.493582806325358e-06 136424856.6847418 98
12 5.485624519446605e-06 5.512550672757795e-06 74031777.22960193 210
15 5.162995124476403e-06 8.244198486073896e-06 40526795.07054882 350
18 4.628484257944779e-06 6.360727703059298e-06 22030036.29924178 450
21 4.572175556213892e-06 7.094132188806442e-06 14724995.04602737 602
24 3.685740632466483e-06 6.870049030313621e-06 8962390.539698757 762
27 4.106152713204218e-06 6.96857404628542e-06 5657180.970517835 1142
30 3.08320533630523e-06 5.836035809499815e-06 3684594.811222526 1250
33 2.41090007111293e-06 5.722563090934483e-06 2527941.650835303 1458
36 2.31750080405249e-06 5.42155670675586e-06 1774749.088977268 1814
39 2.26974096547115e-06 6.188176331745737e-06 1454609.292785786 2178
42 2.222687166534309e-06 6.171893512896487e-06 1163993.750157099 2498
45 2.147754968647569e-06 6.665294019457382e-06 1066277.149020937 2622
48 2.187261742514483e-06 7.173538897219389e-06 863135.5894408887 3191
51 1.912348638406967e-06 6.266375113532024e-06 742569.9421883781 3044
54 1.524798990029836e-06 5.53700477244517e-06 661005.4932958577 2736
57 1.04019261403323e-06 4.281361360038172e-06 554515.3606719814 2276
60 8.189211221982298e-07 3.902971805393848e-06 514018.2241922356 2016
63 6.932937834608721e-07 3.116479457128298e-06 488137.4710890249 1640
66 4.456372239837694e-07 2.177207826823071e-06 489741.5997951232 1056
69 3.090411898500303e-07 1.166797454299079e-06 424569.0347052977 683
72 1.467547463455906e-07 6.947875648798338e-07 433344.0471690913 350
75 6.904403428883748e-08 3.350633817331521e-07 361077.0046049068 192
78 2.167007983235149e-08 8.181122688266863e-08 405929.895738988 44
81 6.087706795848916e-09 2.908343695509639e-08 222696.9529272139 25


3 9.792717287151777e-07 1.269657433933653e-06 707184176.1346091 18
6 1.614241303328538e-06 2.720450782756364e-06 190897657.3412024 62
9 3.484703748263989e-06 3.090869724229276e-06 133588167.1689243 98
12 4.38875794018735e-06 5.706955137678219e-06 68028593.44332725 210
15 4.307069597943731e-06 8.376960084193203e-06 38772340.27711543 350
18 4.093681730575086e-06 6.079432329432498e-06 20947260.7869228 450
21 4.370536631764767e-06 6.74848135589402e-06 14593954.94567898 602
24 3.573973418590228e-06 6.060116014632207e-06 8623536.632167028 762
27 3.495202884171148e-06 7.239678734214468e-06 5531122.738137015 1142
30 2.747521918039459e-06 6.108955710234765e-06 3711511.866692599 1250
33 2.6139516385265e-06 5.664169697822051e-06 2713394.1328476 1458
36 2.306957744176228e-06 6.143967087632902e-06 1977064.494481404 1814
39 2.408412657865687e-06 6.223963254740294e-06 1557674.520242157 2178
42 2.227828740037611e-06 6.951535516038296e-06 1301394.249834901 2498
45 2.141545921260098e-06 6.765626104972627e-06 1118486.660781531 2622
48 2.335967599848211e-06 7.497459455460323e-06 947106.6332579521 3191
51 1.940155093521678e-06 6.512999280486863e-06 796040.546451847 3044
54 1.608310863940888e-06 5.882738839173197e-06 729324.4704043793 2736
57 1.086405324305577e-06 4.41538826102852e-06 598378.6282601092 2276
60 9.143349309711936e-07 4.014645847829443e-06 566157.4128267926 2016
63 7.449957926705552e-07 3.35098872790698e-06 546790.8470461012 1640
66 4.957309474118655e-07 2.322257133050761e-06 551993.0222558805 1056
69 3.19769637842952e-07 1.28188441625994e-06 474615.6957541161 683
72 1.521333135410055e-07 7.284442025978811e-07 471549.7240974467 350
75 8.241161571886873e-08 4.188675986980064e-07 463143.6768929233 192
78 1.693503961799302e-08 8.811985445951486e-08 404155.5859996635 44
81 9.306804275524305e-09 5.225906493051274e-08 394744.2208127464 25


3 8.081500110486602e-07 1.166325524055092e-06 635240476.4707961 18
6 1.781944481534388e-06 2.213788098451399e-06 190760054.1329744 62
9 3.196043867161087e-06 2.755525686383282e-06 125996968.02123 98
12 3.597881067337646e-06 5.816322756522731e-06 63894187.11780144 210
15 4.417928632710092e-06 7.033358509307735e-06 37417996.86506069 350
18 3.686507042299579e-06 6.468639124166073e-06 21206374.66754245 450
21 3.730573137167764e-06 6.801713826129358e-06 14014112.57409014 602
24 3.127949700961437e-06 6.049360681013656e-06 8368480.644306034 762
27 3.128011277074643e-06 6.858917558153396e-06 5303513.887737623 1142
30 2.613303500976986e-06 5.904686167498738e-06 3700684.523908178 1250
33 2.389083480367071e-06 6.196131979525943e-06 2846687.029396027 1458
36 2.478942875911581e-06 6.1428892637668e-06 2118359.803321011 1814
39 2.464652642852171e-06 6.410126367673334e-06 1662422.33555669 2178
42 2.401899302691831e-06 6.484654170904877e-06 1338290.995205671 2498
45 2.374261435932446e-06 6.490613524883364e-06 1183334.910902781 2622
48 2.536151995434402e-06 7.639982684180127e-06 1028902.201968665 3191
51 1.998576444784095e-06 7.320994798145614e-06 899974.1035616409 3044
54 1.62947138670587e-06 5.997943190705213e-06 771189.7134043837 2736
57 1.199522474522591e-06 4.687365917909586e-06 669693.7777853389 2276
60 9.845478822148475e-07 4.029112166283524e-06 605443.1129133004 2016
63 8.563815457909637e-07 3.536431519544003e-06 618167.856454141 1640
66 5.300964277792849e-07 2.261338946018984e-06 577359.4980643694 1056
69 3.345629727582898e-07 1.374390101059549e-06 524310.5883047185 683
72 1.654840107391119e-07 7.221676054510619e-07 502350.9716098204 350
75 8.024860131091537e-08 4.427906918378088e-07 495965.7726334559 192
78 2.23580598885279e-08 1.07076491785407e-07 525598.0705177889 44
81 1.745172332423732e-08 7.635705473324655e-08 654356.096837217 25


3 6.870091777079327e-07 1.075972610743047e-06 581731470.377018 18
6 1.816910325709378e-06 1.789820034831781e-06 184103877.5656992 62
9 2.73794905953187e-06 2.728195793359408e-06 117447295.1727598 98
12 3.19741285510516e-06 5.598164881935322e-06 61282519.75814755 210
15 4.32292405863652e-06 5.666907139064023e-06 34789743.30658115 350
18 3.658358002207598e-06 5.885846740849041e-06 20937955.91228627 450
21 3.404427112277064e-06 6.088912039644773e-06 13148168.70849115 602
24 2.984174643323118e-06 5.892789107125901e-06 8381317.479855003 762
27 3.356235394452138e-06 6.082203089365332e-06 5349787.169583581 1142
30 2.791333849632528e-06 5.626901982401222e-06 3862511.130738948 1250
33 2.700034095533513e-06 5.342517600111561e-06 2883039.142890334 1458
36 2.393874237654034e-06 6.43102257862449e-06 2226642.158233468 1814
39 2.338005283896005e-06 6.596877110369552e-06 1718595.763181382 2178
42 2.437563571685219e-06 6.835064971353976e-06 1443088.585747651 2498
45 2.263419716388006e-06 7.028290260040526e-06 1264316.953973832 2622
48 2.613690527718893e-06 7.953267934344697e-06 1109004.209394736 3191
51 2.205650728125217e-06 7.32747446947718e-06 971870.4790232558 3044
54 1.805490577195969e-06 6.136684658263889e-06 845748.8184351692 2736
57 1.334482234457697e-06 4.790025680342288e-06 734564.240710172 2276
60 1.08934572639456e-06 4.147647410556826e-06 665658.4010769727 2016
63 8.858472891588739e-07 3.553630453671426e-06 653139.5968085763 1640
66 5.81477525673745e-07 2.199128419730362e-06 610597.3561980394 1056
69 3.439601523795022e-07 1.570106255428815e-06 600494.4829498032 683
72 1.80151158672913e-07 6.463213309880453e-07 503905.9726863644 350
75 9.253969064943909e-08 4.386976993559358e-07 537842.4212573745 192
78 2.417442811416837e-08 1.116884837905288e-07 577516.728667513 44
81 1.782979685943466e-08 1.052899028438547e-07 848054.0378982848 25


3 5.406080911719716e-07 1.078485362062554e-06 536261998.4703875 18
6 1.700919253752623e-06 1.49958040106896e-06 172486524.7077641 62
9 2.352429173638896e-06 2.631583822721557e-06 109571879.6431301 98
12 3.112118992481679e-06 4.979092500254308e-06 59226828.99580078 210
15 3.973920985035042e-06 5.025927678545833e-06 32716620.19735815 350
18 3.579859535521595e-06 5.329085992863209e-06 20507893.49513917 450
21 3.296155392655468e-06 5.337781194261102e-06 12582104.50916545 602
24 3.217956773309673e-06 4.990323870994456e-06 8325743.729170796 762
27 3.152475371504908e-06 6.054312965972319e-06 5364781.072054697 1142
30 2.733623045815365e-06 5.688186527499599e-06 3985626.597608178 1250
33 2.320588133137367e-06 6.096530337275671e-06 2997672.309222068 1458
36 2.657269494479253e-06 5.718633772498995e-06 2263305.378101614 1814
39 2.419284225504266e-06 6.391866622365833e-06 1772088.404558714 2178
42 2.572628823081045e-06 6.796786554237171e-06 1523810.003264058 2498
45 2.448334210971466e-06 6.625973448140831e-06 1305902.340911115 2622
48 2.656049665964382e-06 8.249531334782155e-06 1181347.502305601 3191
51 2.304388511788744e-06 7.436164888768513e-06 1032744.926150578 3044
54 1.881542744560213e-06 6.29072479149772e-06 903494.8543002468 2736
57 1.363346234424897e-06 5.007389365375786e-06 788247.5451532758 2276
60 1.175109497841716e-06 4.293898585041726e-06 724567.4439797073 2016
63 9.119569185129105e-07 3.790481453927943e-06 712157.8329223372 1640
66 6.043461739675729e-07 2.307111058786596e-06 661075.0084615336 1056
69 3.50565004839322e-07 1.744152676185277e-06 671209.0208317322 683
72 1.86175551572058e-07 6.880084659848946e-07 549266.6520682921 350
75 1.01354869346355e-07 5.257566490796407e-07 647891.8610519762 192
78 2.241964125508022e-08 1.106658889005325e-07 579442.8713984847 44
81 1.272490863998573e-08 1.173703419219838e-07 871448.9018279449 25


3 4.661665832637711e-07 9.121347232987193e-07 474312494.8771511 18
6 1.631939053541528e-06 1.369610113495094e-06 169066527.6042965 62
9 1.88700098213057e-06 2.795086549175423e-06 102553769.7968774 98
12 2.946253584716938e-06 4.346759227893578e-06 55996176.63991635 210
15 3.602115064600389e-06 4.653800866699688e-06 31028252.63742999 350
18 3.197615810171084e-06 5.516872308943859e-06 20346995.80747158 450
21 2.965080691693923e-06 5.11076608157174e-06 12084251.57295058 602
24 2.887982513114493e-06 5.209720487003445e-06 8319535.360820967 762
27 2.92368167915008e-06 5.805447584385168e-06 5243384.952105093 1142
30 2.635653423813663e-06 5.721967880484173e-06 4071264.004490422 1250
33 2.515501471217281e-06 5.213649215814001e-06 2954947.696906508 1458
36 2.395374794371452e-06 6.253785386807086e-06 2349696.506825563 1814
39 2.408886140568956e-06 6.550694977931417e-06 1857643.016400118 2178
42 2.457657662017839e-06 6.958116806452659e-06 1569021.443321747 2498
45 2.292699475311141e-06 7.034153850631511e-06 1362934.583428932 2622
48 2.755934075371474e-06 8.425707597645806e-06 1257233.166151951 3191
51 2.533310842843227e-06 7.715385031279137e-06 1135801.212299417 3044
54 1.870766094128582e-06 7.020666160275491e-06 999443.431301661 2736
57 1.389782272396497e-06 5.160529529859022e-06 837806.1070015477 2276
60 1.238145928373928e-06 4.398539069152089e-06 776961.797121525 2016
63 9.600796203695854e-07 3.960635096641281e-06 772605.631738324 1640
66 5.996821589495784e-07 2.605087551870074e-06 737447.6919937377 1056
69 3.910456499033082e-07 1.743802778052521e-06 721085.2821402445 683
72 1.923655265699777e-07 7.430937755383622e-07 603917.9365969661 350
75 1.089074747740357e-07 4.672817646167211e-07 637065.4162312145 192
78 2.12823694327314e-08 8.660022476509287e-08 503826.9904273669 44
81 1.061450696746066e-08 1.195992015009755e-07 883248.5146085183 25


3 4.447195862623714e-07 7.414622695094461e-07 432249567.6920874 18
6 1.412411056084735e-06 1.339003843246309e-06 157029417.36982 62
9 1.604807920289648e-06 2.813546026519961e-06 97810744.78526093 98
12 2.796503743583024e-06 3.764284463501088e-06 52754848.31810515 210
15 2.903213933429924e-06 4.443905911070567e-06 27848201.9885343 350
18 3.096283181036477e-06 5.250351733048703e-06 20224972.5154224 450
21 2.689063785883478e-06 5.300739438864662e-06 12145055.54166889 602
24 2.584571581242197e-06 5.187992387781205e-06 8143921.008130159 762
27 2.828238403967539e-06 5.938616793909063e-06 5411595.222057909 1142
30 2.640643248591778e-06 5.498089799345643e-06 4134753.728963516 1250
33 2.318197169193519e-06 5.675378513874595e-06 3089864.554011274 1458
36 2.442494869608593e-06 6.260504867637726e-06 2460294.28306568 1814
39 2.481358580417404e-06 6.347863682389394e-06 1917285.295098092 2178
42 2.51264730624508e-06 6.856090679360673e-06 1629470.470363722 2498
45 2.473149583736242e-06 7.038075935301003e-06 1459458.743514957 2622
48 2.8526181572304e-06 8.47040822033124e-06 1328017.962743368 3191
51 2.508370544268019e-06 8.31285248589685e-06 1228998.2200148 3044
54 2.036797284317204e-06 6.981355119481149e-06 1068135.873873828 2736
57 1.441594343154623e-06 5.50009288223602e-06 918901.438865073 2276
60 1.324260155639166e-06 4.454538717268694e-06 834917.6170608487 2016
63 1.012503029406149e-06 3.91618188299718e-06 812847.884846604 1640
66 6.2887417620697e-07 2.618512374010387e-06 782252.0143907769 1056
69 4.158122150963492e-07 1.764815452060399e-06 772067.8193559034 683
72 1.861614417732501e-07 8.38793973142105e-07 669696.0284328954 350
75 1.184910691023277e-07 5.016235684751883e-07 714294.5954693725 192
78 1.723527995126158e-08 9.215826433771776e-08 506377.1216938562 44
81 1.253730024206288e-08 6.477216520880628e-08 608067.5542327694 25


3 4.137534797758692e-07 5.781025958365612e-07 382742424.589624 18
6 1.226845102636936e-06 1.357470208997132e-06 149155246.8242497 62
9 1.304108700056555e-06 2.563469794914589e-06 87317359.08923602 98
12 2.771298572002709e-06 3.301927759515877e-06 51307911.84608975 210
15 2.561446803890181e-06 4.426753774714728e-06 26953010.30398922 350
18 2.890415938103054e-06 4.572697495072953e-06 18885126.05168884 450
21 2.793199180311981e-06 4.610102115786238e-06 11936596.38397738 602
24 2.536623648684411e-06 4.813168360540386e-06 8035205.577842759 762
27 2.7375453240788e-06 5.563025307288732e-06 5329761.719880404 1142
30 2.592539958871988e-06 5.016991389014475e-06 4043814.925983787 1250
33 2.364933659355113e-06 5.378593892957023e-06 3133149.402754286 1458
36 2.504823838373584e-06 6.159565992749755e-06 2552225.886120052 1814
39 2.434058075109341e-06 6.297882308964244e-06 1961122.99976981 2178
42 2.590575528626787e-06 7.083825780648614e-06 1742937.615086691 2498
45 2.496518569916277e-06 6.987843684113219e-06 1512041.37208894 2622
48 2.785213431205072e-06 8.72374488617179e-06 1387901.573997034 3191
51 2.664219391967099e-06 8.3214624990575e-06 1304998.439664998 3044
54 2.125312516853176e-06 6.773587631521121e-06 1105127.44895238 2736
57 1.544579477762571e-06 5.506316527457073e-06 978043.9122025531 2276
60 1.355411445964873e-06 4.904167514568727e-06 926878.276826594 2016
63 1.013827811849399e-06 4.072360481679803e-06 865013.9500020988 1640
66 6.699026501141105e-07 2.696483859772167e-06 845722.5750279118 1056
69 4.281950615169247e-07 1.74445184588713e-06 803464.1732030214 683
72 1.956819266650913e-07 9.361733833131707e-07 760181.054008621 350
75 1.178182178670303e-07 5.214922991243372e-07 757992.2792320233 192
78 2.457480058973853e-08 1.201121357245103e-07 705777.3905270243 44
81 1.214963832234733e-08 9.96179364699979e-08 854408.9623814996 25


3 3.789080210627977e-07 4.522831443809133e-07 339088917.5789087 18
6 1.047762823607011e-06 1.351825781352157e-06 140468596.886492 62
9 1.237967375397415e-06 2.195107959060871e-06 81231263.93488972 98
12 2.771684858795374e-06 3.06978165104399e-06 51607372.26201099 210
15 2.498367481975385e-06 4.122226759363111e-06 26577990.7095363 350
18 2.702030884039526e-06 4.350045996329006e-06 18411659.60188875 450
21 2.68810878643482e-06 4.260792511738034e-06 11651079.49832484 602
24 2.429369838207915e-06 4.269557518591268e-06 7652852.635115537 762
27 2.606043580517256e-06 5.078894860349455e-06 5129640.230837218 1142
30 2.286283873137267e-06 5.160640738582651e-06 4000878.098045675 1250
33 2.347780937735724e-06 5.203299057193283e-06 3168719.847855539 1458
36 2.370230662299437e-06 6.06332138102829e-06 2551990.343964998 1814
39 2.484218563395551e-06 6.249371529929791e-06 2034731.006152216 2178
42 2.584728693199324e-06 7.039528697823778e-06 1792109.679552572 2498
45 2.525985954526785e-06 7.122169256789989e-06 1587224.835462913 2622
48 2.984014994495195e-06 8.566478592831821e-06 1457613.089249473 3191
51 2.578135013935298e-06 8.478241206880325e-06 1346083.574753461 3044
54 2.14142384548903e-06 7.016359781342126e-06 1169733.018883673 2736
57 1.6783862679561e-06 5.60177339268117e-06 1053741.481876037 2276
60 1.356281479105157e-06 5.307548920398124e-06 1006895.993200075 2016
63 1.097374481892162e-06 4.288853236383917e-06 950175.8603401475 1640
66 7.086707651388152e-07 2.607413326470914e-06 873253.6333881926 1056
69 4.222010086375372e-07 1.855151322488366e-06 859510.0787096886 683
72 2.126225063182256e-07 9.952550558815537e-07 840820.04108388 350
75 1.310012722647343e-07 4.89260773338047e-07 782575.90295735 192
78 2.445343312409532e-08 1.357526834335295e-07 790894.7385938081 44
81 1.412945610542919e-08 1.114777513984645e-07 996880.5390990882 25


3 3.748294963476529e-07 3.838151532948441e-07 327083867.0519837 18
6 9.026531612222103e-07 1.297215517332752e-06 131191108.7982664 62
9 1.17988399988915e-06 1.732775553894169e-06 73105281.20895095 98
12 2.462430620531944e-06 3.024204170886434e-06 49418346.16254079 210
15 2.502693797974327e-06 3.511065220053107e-06 25531623.94584472 350
18 2.573784132587686e-06 4.005218166702268e-06 17840908.05885961 450
21 2.500120660491722e-06 4.223855827807279e-06 11545826.71820209 602
24 2.276936001384805e-06 3.945523946114828e-06 7360715.082910293 762
27 2.392625546037756e-06 4.856945751736026e-06 4970309.59688171 1142
30 2.305981599724274e-06 4.748723596146694e-06 3966856.093374022 1250
33 2.290043585080778e-06 5.151646252436603e-06 3217855.659874888 1458
36 2.353997636924219e-06 5.508505610835488e-06 2488863.462295827 1814
39 2.509186987889982e-06 6.16822445703734e-06 2094445.730294584 2178
42 2.657348650701779e-06 6.93344213556741e-06 1855652.484869974 2498
45 2.539913525603139e-06 7.08236603782155e-06 1636764.918636993 2622
48 2.942389944376317e-06 8.626234671802859e-06 1502230.821351037 3191
51 2.773409690295847e-06 7.876048422640535e-06 1369079.788187865 3044
54 2.1771514310255e-06 7.260475469635864e-06 1240980.764835605 2736
57 1.68468202701773e-06 5.535683000122272e-06 1081664.902743508 2276
60 1.407871530502058e-06 5.553542742827604e-06 1084351.465658861 2016
63 1.104555204139738e-06 4.375257229332504e-06 995852.5877001856 1640
66 7.52672207418457e-07 2.524154326128166e-06 905209.5338737946 1056
69 4.104366409624211e-07 2.01187536834152e-06 927766.17412108 683
72 2.136637457675229e-07 9.550354350871288e-07 846146.3884014825 350
75 1.505858754143073e-07 4.658745051904784e-07 832231.6728128901 192
78 2.903461551627357e-08 1.066782590881542e-07 742472.8611612383 44
81 1.298852270354604e-08 8.638390639700981e-08 833301.496078509 25


3 3.702875696592649e-07 2.942509386360152e-07 306598066.6515816 18
6 7.831971066536119e-07 1.301211802515768e-06 125818753.1141474 62
9 1.093050370301178e-06 1.471787870641094e-06 67323935.350242 98
12 2.095634554203982e-06 3.217920686713472e-06 47895143.15940879 210
15 2.368598530051378e-06 3.244052355895525e-06 24702818.08108485 350
18 2.382198618230594e-06 3.630506612950705e-06 16890373.35062245 450
21 2.16674033066171e-06 3.93056135892581e-06 10699985.73261922 602
24 2.129411721124027e-06 3.798657760897023e-06 7209710.005684943 762
27 2.604214276312876e-06 4.280115102007959e-06 5028183.677027082 1142
30 2.157485179496841e-06 4.631724474143822e-06 3916884.394306431 1250
33 2.302149525524703e-06 4.963721551874474e-06 3263797.566413365 1458
36 2.287080975438051e-06 5.384874821116652e-06 2504119.242821622 1814
39 2.462549130713806e-06 6.379719651655018e-06 2185677.545109534 2178
42 2.629908538456237e-06 6.907436504252803e-06 1902760.668784202 2498
45 2.55430143222438e-06 7.118663498719028e-06 1698421.615236501 2622
48 2.993631594085235e-06 8.446881469837062e-06 1542559.085165226 3191
51 2.604668989456908e-06 8.163255905881453e-06 1407008.795684469 3044
54 2.232490529562837e-06 7.065328632386926e-06 1272180.065341262 2736
57 1.686819605873482e-06 5.683884092483751e-06 1135009.156699495 2276
60 1.504903905399287e-06 5.670342029952458e-06 1161673.837915718 2016
63 1.140577861758824e-06 4.628120561859757e-06 1077889.18255127 1640
66 7.591732190855136e-07 2.727358798332719e-06 982576.7437910433 1056
69 4.205833239716952e-07 1.924296179930728e-06 936784.3999837516 683
72 2.054255900224984e-07 1.009536183480914e-06 894474.0342776009 350
75 1.624979167111063e-07 4.675512777310644e-07 891009.638644615 192
78 4.146035103359554e-08 1.163005522375468e-07 939873.631687638 44
81 1.566075215902901e-08 7.523251155831959e-08 827870.4200491102 25


3 3.391419144942167e-07 2.381771661281006e-07 276033372.4446086 18
6 6.546788293458992e-07 1.300349623527926e-06 119053333.1908326 62
9 1.015963365088374e-06 1.316342245409954e-06 63268212.98803587 98
12 1.852628499028359e-06 3.168172376276813e-06 45981938.83698955 210
15 2.123946316432905e-06 2.980182015257824e-06 23028505.55808029 350
18 2.02472031103017e-06 3.527853627190741e-06 15782936.66049456 450
21 2.016319648950228e-06 3.560117587892112e-06 10140049.78952012 602
24 2.02539890074919e-06 3.73531397001009e-06 7197547.964068769 762
27 2.274855383764365e-06 4.833154256868907e-06 5166838.796832982 1142
30 2.046891681577829e-06 4.399204473058568e-06 3845248.52608451 1250
33 2.184598772264119e-06 4.756333897106176e-06 3219475.157820811 1458
36 2.193580574477653e-06 5.176408515315093e-06 2489323.731663754 1814
39 2.566907259451371e-06 6.192230991234697e-06 2265485.260148749 2178
42 2.600517083769041e-06 6.917677143769784e-06 1963600.543562631 2498
45 2.571252020035979e-06 7.206109277917428e-06 1778173.507823534 2622
48 2.942180845150251e-06 8.53917517732632e-06 1598065.428840467 3191
51 2.611943219666971e-06 7.914284770899991e-06 1433834.529100039 3044
54 2.204786332109024e-06 7.037039138832481e-06 1310182.083828832 2736
57 1.753538828525146e-06 5.819800657006884e-06 1213191.461356947 2276
60 1.551542792811648e-06 5.447314836058044e-06 1189576.160127547 2016
63 1.185966123551864e-06 4.395487576217841e-06 1098780.86086324 1640
66 7.462806856661412e-07 2.795079214195822e-06 1029125.514334731 1056
69 4.898365938771684e-07 1.735487278778605e-06 962182.8645352195 683
72 2.441836009679228e-07 1.002753366540937e-06 981856.793098202 350
75 1.597230162938411e-07 4.452865761180322e-07 890326.1603434199 192
78 4.033075278565411e-08 1.22569546114711e-07 988374.7514618447 44
81 1.886999333854375e-08 8.137884183065621e-08 965726.6622717039 25


3 3.183236632165936e-07 1.990744218255058e-07 257644880.2323079 18
6 5.868160321500238e-07 1.246446510205096e-06 114325603.4479955 62
9 8.734670219041817e-07 1.240824828861597e-06 58404948.46245948 98
12 1.707722901887046e-06 3.028876368758122e-06 44552973.17741939 210
15 1.909476936827811e-06 3.073485062790374e-06 22765605.96551908 350
18 1.837612402483737e-06 3.178681121196994e-06 14721882.59299017 450
21 1.994793723681885e-06 3.140276586312538e-06 9774608.155638916 602
24 1.950536296476549e-06 3.653430298046953e-06 7208613.783434758 762
27 2.177837473736855e-06 4.550760556048325e-06 5060169.108098861 1142
30 2.010387900793344e-06 4.166335040587162e-06 3820973.91444735 1250
33 1.979768257708829e-06 4.778246143875427e-06 3191675.080693371 1458
36 2.247181973110927e-06 4.795299032984669e-06 2489281.64704165 1814
39 2.513064630798914e-06 6.10594656618737e-06 2298910.767938744 2178
42 2.701280471938772e-06 6.528709151347201e-06 1992815.147970827 2498
45 2.673388120418082e-06 6.798179285110195e-06 1803304.85360828 2622
48 2.949969929214069e-06 8.475384816960243e-06 1644812.834896202 3191
51 2.643445510578524e-06 7.731457595547565e-06 1467362.546264945 3044
54 2.271613364837973e-06 6.616841691488194e-06 1319392.833689072 2736
57 1.76898980725075e-06 5.772421587949945e-06 1251200.613156944 2276
60 1.575814636420724e-06 5.26939548092944e-06 1210954.165412491 2016
63 1.204817087699956e-06 4.336120458208267e-06 1132258.110144082 1640
66 7.435162723336227e-07 2.784104022749528e-06 1059458.259807084 1056
69 5.201954940816239e-07 1.637399375221125e-06 982842.1703247693 683
72 2.576412414628524e-07 1.032447383336036e-06 1054138.365746249 350
75 1.444315308765005e-07 5.401372572026634e-07 987030.9168163585 192
78 4.455145724737699e-08 1.556753369952318e-07 1222907.597896313 44
81 2.232644339149561e-08 8.62649376829697e-08 1101173.756851577 25


3 2.714589602622595e-07 1.986589238684313e-07 238646749.4221557 18
6 5.913197902454582e-07 1.067262841222079e-06 108676512.5032228 62
9 7.733906215800632e-07 1.202943720475825e-06 55689556.35856815 98
12 1.69748483755359e-06 2.742884175558208e-06 43576352.83691256 210
15 1.61546149648034e-06 3.101360277428684e-06 21708504.11639483 350
18 1.695891504686979e-06 2.99652663717673e-06 14153516.70264713 450
21 1.798837368598258e-06 3.110323682584796e-06 9514408.006322041 602
24 1.895641287601395e-06 3.415164169852623e-06 7075763.415213438 762
27 2.262061276853739e-06 4.034314931635877e-06 4982322.844302299 1142
30 2.012347463496876e-06 3.952083784794069e-06 3827451.687845349 1250
33 2.087898771797572e-06 4.144714609996724e-06 3111619.426389819 1458
36 2.039926353596736e-06 5.135723641212763e-06 2550169.986463444 1814
39 2.503679484343806e-06 6.147519939457718e-06 2369903.326671956 2178
42 2.540591763762269e-06 6.739451799871048e-06 2033165.620418473 2498
45 2.537175449132999e-06 6.856100324263821e-06 1823003.944803513 2622
48 3.044392225062394e-06 8.41071472788959e-06 1704765.488392789 3191
51 2.581875668855428e-06 7.816597179044397e-06 1503744.387473229 3044
54 2.059528923738509e-06 7.027724695043668e-06 1354124.268261031 2736
57 1.74991327034395e-06 5.883840189751543e-06 1295502.05452567 2276
60 1.550133351134948e-06 5.349312504894228e-06 1248201.777823991 2016
63 1.202455310988853e-06 4.260605333625266e-06 1149660.814303415 1640
66 7.37864941424971e-07 3.00596076210437e-06 1140189.039340041 1056
69 5.023210122427539e-07 1.752398837067413e-06 1038301.80611738 683
72 2.545419695469846e-07 1.052351346160411e-06 1091707.52743117 350
75 1.454886230906342e-07 6.564992807588826e-07 1152675.927756654 192
78 3.584058751575611e-08 1.546233739819217e-07 1153046.737249635 44
81 1.744014221301444e-08 6.309854105285172e-08 849784.2520815736 25


3 2.216245891109543e-07 2.091715653020646e-07 218397598.4998896 18
6 6.170886354081832e-07 8.683603531069752e-07 103709392.4365073 62
9 6.920885682168499e-07 1.074548332440307e-06 51307223.08308794 98
12 1.710578307243647e-06 2.332279730181147e-06 41850197.10180385 210
15 1.602814117924899e-06 2.648147849911779e-06 20571719.9583182 350
18 1.769404617274219e-06 2.631071696465833e-06 14008262.35474363 450
21 1.71467050583415e-06 2.955538520941391e-06 9330762.359008361 602
24 1.873993099767295e-06 3.203384958148944e-06 7020348.86886012 762
27 2.189115020032173e-06 3.92392899443611e-06 4979016.249197423 1142
30 1.988130117719233e-06 3.763225875994166e-06 3821120.625451678 1250
33 1.865032339689237e-06 4.512859447479398e-06 3187405.900914328 1458
36 2.142195681635691e-06 4.77267279187365e-06 2574895.745404854 1814
39 2.460028619454616e-06 5.945391433067976e-06 2376102.102943797 2178
42 2.677560910003798e-06 6.260014588657604e-06 2054165.249220843 2498
45 2.520572819732198e-06 6.764494633883683e-06 1856980.487175405 2622
48 2.977409765970131e-06 8.186066861816338e-06 1711714.255939338 3191
51 2.68427511751565e-06 7.494379434458901e-06 1534185.853531258 3044
54 2.230895646352994e-06 6.846001741152755e-06 1414666.738484656 2736
57 1.77448312163455e-06 5.769382533202905e-06 1324676.074892973 2276
60 1.547686934763992e-06 5.251403843814695e-06 1269643.440476401 2016
63 1.200043931839857e-06 4.27138055059997e-06 1184648.140418518 1640
66 7.75921072809248e-07 2.845614413360379e-06 1154097.366853508 1056
69 4.999543318499268e-07 1.879651974917811e-06 1114507.073831835 683
72 2.521650824372971e-07 1.050856771971321e-06 1119322.222401238 350
75 1.331043182785494e-07 6.680438312349221e-07 1165925.60222272 192
78 3.322580786197142e-08 1.372249962826095e-07 1070256.631697236 44
81 1.783843656583265e-08 6.291927425398166e-08 881836.8030961223 25


3 1.722625832926219e-07 2.032258706966313e-07 189816004.8492834 18
6 6.249600418349222e-07 6.848842059360582e-07 97191056.39071004 62
9 7.009670927684838e-07 8.903058332671714e-07 48844739.95632923 98
12 1.583461752495455e-06 2.003160067424133e-06 38558237.05987561 210
15 1.621238282557754e-06 2.370334219618168e-06 20210329.42281535 350
18 1.777675697599264e-06 2.363822652678233e-06 13767574.63825951 450
21 1.73398722762527e-06 2.603725856949434e-06 9089338.99537712 602
24 1.813530299206994e-06 2.90629638784661e-06 6777102.895059615 762
27 2.003830557403051e-06 4.116287128287506e-06 5037137.41576393 1142
30 1.796271300225716e-06 3.921258589303334e-06 3835923.345671046 1250
33 1.97628032125905e-06 3.881458348824117e-06 3107305.855079187 1458
36 2.124666773445866e-06 4.958317468451737e-06 2700569.29876573 1814
39 2.403979564259698e-06 5.630160322116738e-06 2351997.252191479 2178
42 2.508966595715197e-06 6.806552604829015e-06 2160444.354183937 2498
45 2.62363294298591e-06 6.764040218188663e-06 1947956.19176381 2622
48 3.022382471743325e-06 8.190658014611089e-06 1777256.561812552 3191
51 2.592450380920126e-06 7.63653236268966e-06 1577790.538095091 3044
54 2.215610013364097e-06 7.035037779655419e-06 1480262.933986368 2736
57 1.792842652709569e-06 5.472329754628297e-06 1329383.773522961 2276
60 1.560021756276156e-06 5.064707816767211e-06 1285437.599164071 2016
63 1.176046355727429e-06 4.356947593510959e-06 1229297.835560181 1640
66 8.078930852604649e-07 2.7880004166698e-06 1194469.337255602 1056
69 5.279649596711864e-07 1.905823519241354e-06 1184483.01995673 683
72 2.501739225267312e-07 1.041084093458162e-06 1145837.6817915 350
75 1.365541688728126e-07 6.407911013915593e-07 1180913.396128928 192
78 3.22279610639214e-08 1.243811954007547e-07 1027276.918092771 44
81 1.428550153799111e-08 7.566197055590317e-08 948205.1900803999 25


3 1.415009633299786e-07 1.782500453698813e-07 164728920.8992812 18
6 6.475904027882914e-07 5.805580775862091e-07 95990969.2683953 62
9 7.624186401621671e-07 7.686380004396965e-07 49747049.60908633 98
12 1.47902945953508e-06 1.611543230972085e-06 34816576.94555312 210
15 1.719340978768728e-06 1.943550775690438e-06 19723149.19127484 350
18 1.630210773439987e-06 2.203345072886442e-06 13071561.81717175 450
21 1.566674785370625e-06 2.505725698791112e-06 8703398.267275151 602
24 1.594732028902938e-06 3.143999768171397e-06 6809936.352036815 762
27 1.914910333360529e-06 3.83897169437661e-06 4892915.184159346 1142
30 1.826693999594854e-06 3.78631627234979e-06 3905992.251679204 1250
33 1.775188032312545e-06 3.921276678880716e-06 3061039.254110582 1458
36 2.170306908637763e-06 4.891754221993803e-06 2786887.949233964 1814
39 2.355933454675728e-06 5.616400479995239e-06 2398261.092241724 2178
42 2.614137801683826e-06 6.36947917858918e-06 2179250.606531829 2498
45 2.576706812884243e-06 6.611400868965519e-06 1965509.101948297 2622
48 2.983281279179387e-06 8.442348369990324e-06 1854567.135272786 3191
51 2.681860325786031e-06 7.426738609256275e-06 1621399.4582663 3044
54 2.268631474056805e-06 6.781488986618207e-06 1505967.335511722 2736
57 1.729176325041127e-06 5.630542600049481e-06 1375024.146179408 2276
60 1.581991215773224e-06 4.990069313782344e-06 1320493.873831871 2016
63 1.253846005651091e-06 4.159678913528597e-06 1261081.773466818 1640
66 7.790486201454884e-07 2.833162007023674e-06 1227314.545442984 1056
69 4.888418254578756e-07 1.915629275155115e-06 1191471.659969557 683
72 2.541122518448247e-07 9.630454142958283e-07 1130441.207150101 350
75 1.484321464236097e-07 6.086900285540681e-07 1211569.891541152 192
78 3.484486109411391e-08 1.269859028749922e-07 1105206.536750342 44
81 1.054123449946463e-08 7.146435474910866e-08 862876.9998552006 25


3 1.118357077254358e-07 1.761280587976498e-07 148313444.7087618 18
6 6.019651156516523e-07 5.254861717002802e-07 90707690.06497101 62
9 7.111998480945505e-07 6.554580413930146e-07 46090545.37401161 98
12 1.400053985649553e-06 1.456154014580202e-06 33228381.79725282 210
15 1.690405091438738e-06 1.844779737767324e-06 19630906.28136103 350
18 1.440775185274054e-06 2.24663575211654e-06 12686688.4498259 450
21 1.517406131530179e-06 2.268246259179049e-06 8392045.748150434 602
24 1.640122274500211e-06 2.756022246417511e-06 6637103.811890163 762
27 2.03383204521071e-06 3.325947844734239e-06 4816951.380489253 1142
30 1.926437327635726e-06 3.602349623044107e-06 4012982.215774629 1250
33 1.785880663498146e-06 3.868638584211188e-06 3136203.472881817 1458
36 2.174810216828505e-06 4.573006071176826e-06 2766533.913729074 1814
39 2.318848841980855e-06 5.465361847798249e-06 2414577.515650275 2178
42 2.60718459602357e-06 6.159299131896401e-06 2198877.906835741 2498
45 2.496894243941481e-06 6.385424140913936e-06 1957623.583713511 2622
48 3.084941851740454e-06 7.950169155861281e-06 1869299.200653925 3191
51 2.752608027240711e-06 7.510308166642275e-06 1699268.358479214 3044
54 2.316570095739365e-06 6.733572912373679e-06 1557753.219367871 2736
57 1.75559679933839e-06 5.433051960402885e-06 1394118.772056801 2276
60 1.555843452582826e-06 5.117981203088644e-06 1373160.997707926 2016
63 1.235027946021012e-06 4.121023447567109e-06 1284634.219791611 1640
66 7.97731551368313e-07 2.853326681900542e-06 1281717.813589118 1056
69 5.121526415641342e-07 1.830739894158789e-06 1213455.557564421 683
72 2.747342263305031e-07 1.017609280600031e-06 1241553.032495067 350
75 1.516797098891695e-07 5.555656542025906e-07 1187663.400251371 192
78 3.556526513699342e-08 1.575242712486602e-07 1317439.871610783 44
81 1.141566063277151e-08 6.216177405845422e-08 822684.2578087152 25


3 9.757953739763439e-08 1.393136346008974e-07 126874883.3591622 18
6 5.926943298443145e-07 4.846839177860713e-07 89520018.46852523 62
9 6.629615124338632e-07 5.845261452356009e-07 43360828.22270034 98
12 1.317640235671863e-06 1.306196134373175e-06 31495276.44359339 210
15 1.503809615289915e-06 1.884070543920449e-06 18979714.58165849 350
18 1.379562520016781e-06 2.060282818101356e-06 12228482.99291882 450
21 1.371923073110395e-06 2.175109751344208e-06 8020053.445602586 602
24 1.660470040228385e-06 2.5268482590967e-06 6580311.273245169 762
27 1.91102964420767e-06 3.221272379294598e-06 4721797.18908013 1142
30 1.791897589359276e-06 3.650972444330967e-06 4018032.844821712 1250
33 1.845553932891718e-06 3.678536589640534e-06 3186516.31071766 1458
36 1.981834462809595e-06 4.849531312786855e-06 2826552.984769586 1814
39 2.354944488901056e-06 5.381945996541337e-06 2480154.81611794 2178
42 2.503347644722162e-06 6.252474413858753e-06 2243879.654693154 2498
45 2.465584563979999e-06 6.193138913166306e-06 1969469.692978264 2622
48 3.055421955561478e-06 7.778993042528527e-06 1892714.140434803 3191
51 2.730277427288566e-06 7.495172504704379e-06 1741760.181568477 3044
54 2.306550004458313e-06 6.539139493444599e-06 1573607.960012005 2736
57 1.745149504753488e-06 5.532301299724801e-06 1448869.248573184 2276
60 1.548032791453706e-06 5.240032757211219e-06 1433073.934022425 2016
63 1.215456007263141e-06 3.989161283424877e-06 1289098.402722562 1640
66 7.960807982305987e-07 2.817765278421088e-06 1309325.838271813 1056
69 5.287258507303008e-07 1.789267387905981e-06 1247361.89617031 683
72 2.867105028250704e-07 9.496777972183572e-07 1245410.96972884 350
75 1.495416899523827e-07 4.57060613612531e-07 1081097.222818787 192
78 3.55349814864514e-08 1.294238757305524e-07 1196160.61103542 44
81 1.919647754218177e-08 6.077942160369066e-08 1004218.997229168 25


3 7.67762398263456e-08 1.355673873765829e-07 113873813.6112712 18
6 5.142312372274566e-07 4.885939682442017e-07 84594822.69598234 62
9 6.151014751390335e-07 5.765620214108089e-07 42488334.27307848 98
12 1.18031999947395e-06 1.181432107415278e-06 29238751.64460092 210
15 1.327509051481769e-06 1.8962687767324e-06 18290668.11030254 350
18 1.298188254756744e-06 1.941579315690596e-06 11847023.73938518 450
21 1.312807991945943e-06 2.236670609392356e-06 8173855.94735845 602
24 1.51237309333114e-06 2.615976477292692e-06 6557623.853814801 762
27 1.700442418936211e-06 3.277246371041789e-06 4621460.958514844 1142
30 1.713037300255472e-06 3.537284913035836e-06 3970188.900302327 1250
33 1.784540176851068e-06 3.413865815191e-06 3095140.816965856 1458
36 2.239818234089973e-06 4.26290608238763e-06 2854223.762781102 1814
39 2.309260256037887e-06 5.318847566018229e-06 2504632.053331153 2178
42 2.539054308180968e-06 6.009830892937943e-06 2262102.243173075 2498
45 2.614039735782814e-06 6.120080575724474e-06 2056710.412187503 2622
48 2.847522635669342e-06 7.928685677448018e-06 1904598.233306447 3191
51 2.797780767464991e-06 7.540021056393304e-06 1808767.188803005 3044
54 2.19563011550023e-06 6.794249415087418e-06 1617393.722224116 2736
57 1.818093934926838e-06 5.334292457262925e-06 1474638.849517385 2276
60 1.633014450274725e-06 4.820638035042972e-06 1423481.306903738 2016
63 1.245671105649554e-06 3.947901870123879e-06 1324318.168934466 1640
66 8.210743970683206e-07 2.818999039273955e-06 1356272.509361408 1056
69 5.031980383078471e-07 1.785808825492179e-06 1252169.829977997 683
72 2.625501396133304e-07 9.929041704092492e-07 1268600.207420167 350
75 1.568869213755322e-07 4.64005040549661e-07 1141227.071209846 192
78 3.528599294228788e-08 1.740364459071705e-07 1482333.3378048 44
81 1.925506712914834e-08 6.041648071977428e-08 1027405.001407698 25


3 6.012229661148649e-08 1.220818633041272e-07 98531892.96035069 18
6 4.488404748065913e-07 4.68634428278922e-07 78759766.11642635 62
9 5.316953587243947e-07 5.445701099693543e-07 39080480.40872093 98
12 1.028776734314482e-06 1.243265805220888e-06 28246529.23954319 210
15 1.168582843167026e-06 1.884503468382384e-06 17518070.62055081 350
18 1.211982646239172e-06 1.862605500060881e-06 11513160.47584605 450
21 1.261530384248186e-06 2.124792455405386e-06 8023101.089227847 602
24 1.349012539564646e-06 2.499978376477483e-06 6220273.907765392 762
27 1.68229175063106e-06 3.240133174157025e-06 4693060.083888048 1142
30 1.720884935178286e-06 3.265109348079001e-06 3916427.661501077 1250
33 1.69853635459972e-06 3.599986590105784e-06 3191969.344630004 1458
36 1.937081787961498e-06 4.815539031424976e-06 2928739.234748672 1814
39 2.29377815254371e-06 5.059969866749035e-06 2492646.280158693 2178
42 2.434957592968297e-06 6.036738186009732e-06 2284119.91921803 2498
45 2.332221246842869e-06 6.587761470210442e-06 2096651.08318609 2622
48 2.895524927699946e-06 7.549027362025231e-06 1911317.030171686 3191
51 2.742766928867784e-06 7.417500151090513e-06 1822414.895282081 3044
54 2.300102177909948e-06 6.433830996589146e-06 1635515.039488307 2736
57 1.782178966321414e-06 5.635996965154694e-06 1550559.940178165 2276
60 1.497035820871578e-06 5.294410840057514e-06 1494538.362746845 2016
63 1.235288664356872e-06 4.019618456975057e-06 1368302.735554951 1640
66 8.665247496760156e-07 2.8101736116129e-06 1417306.607035964 1056
69 4.98859325681736e-07 1.838471481320359e-06 1303100.429061609 683
72 2.527051584438908e-07 1.019346150304963e-06 1304497.541269534 350
75 1.366354340155975e-07 4.651056982571125e-07 1107405.32447799 192
78 2.472905232570788e-08 1.283535299384651e-07 1102324.226462152 44
81 2.157752689503427e-08 9.483328853241063e-08 1453647.036606382 25


3 4.977658450877059e-08 1.228128271957841e-07 93910000.17410046 18
6 3.956598839004715e-07 4.323379753948407e-07 72182543.2486165 62
9 4.647430966542341e-07 5.164471226383486e-07 36007983.59365684 98
12 9.294543153638914e-07 1.201694266937257e-06 26871788.14872106 210
15 1.091040500635308e-06 1.721455944326142e-06 16603723.23213777 350
18 1.145769519939051e-06 1.847476169209762e-06 11424036.70585592 450
21 1.227224689999232e-06 1.937314496996523e-06 7760104.410049565 602
24 1.271017894337951e-06 2.27496746980853e-06 5914483.645687943 762
27 1.734042960503192e-06 3.039769870049005e-06 4735108.992736239 1142
30 1.585488287389972e-06 3.201278798697608e-06 3831403.893059099 1250
33 1.645650971697595e-06 3.591927058896066e-06 3233295.369332183 1458
36 2.015940060724086e-06 4.440749434263384e-06 2931537.6064414 1814
39 2.059245041931075e-06 5.050552148304282e-06 2444330.922692524 2178
42 2.373292756500312e-06 5.901669469513922e-06 2296927.894847523 2498
45 2.609756513557351e-06 5.96641113519039e-06 2139704.562639641 2622
48 2.962746913359063e-06 7.553825521990997e-06 1988503.838400806 3191
51 2.724039325928695e-06 7.567329774975223e-06 1894548.523459009 3044
54 2.319454413860952e-06 6.553628891626243e-06 1709735.911612289 2736
57 1.799692853454652e-06 5.724313814045451e-06 1620866.121800292 2276
60 1.573964247327498e-06 5.072078919707783e-06 1529565.617744858 2016
63 1.274793563114713e-06 3.82561787174024e-06 1386204.970498972 1640
66 9.123829707519019e-07 2.761179825257959e-06 1475900.462524682 1056
69 4.959096603189864e-07 1.726234160947685e-06 1289526.488554475 683
72 2.687227527157746e-07 1.083033606870518e-06 1431447.428020468 350
75 1.4834636762549e-07 4.918615919638802e-07 1219783.05620975 192
78 3.409889736060244e-08 8.064651814079197e-08 971909.5145286666 44
81 1.89908233188882e-08 8.401992612478283e-08 1327228.571912458 25


3 4.639771563126528e-08 1.125922854080916e-07 89474462.8941772 18
6 3.529444763607265e-07 3.878393127041428e-07 65894382.51467527 62
9 4.054080541294283e-07 4.591935615693472e-07 32328309.26553293 98
12 8.756598521255884e-07 1.141319727875578e-06 25998056.70262051 210
15 1.048458434351722e-06 1.563450621457206e-06 15919665.5503103 350
18 1.110147781863965e-06 1.639536831122756e-06 10877421.83249538 450
21 1.141595073386029e-06 1.882994645603107e-06 7569229.944303976 602
24 1.286394231828233e-06 2.214779934894813e-06 6026151.188310593 762
27 1.610999591749585e-06 3.006697359782899e-06 4668001.957043257 1142
30 1.503920631052306e-06 2.98007759624201e-06 3699847.707948552 1250
33 1.66961525361198e-06 3.28597584373629e-06 3188163.967636704 1458
36 2.058765539481622e-06 4.220497706075203e-06 2960225.308876609 1814
39 2.265728830697415e-06 4.656373803138252e-06 2506616.010519552 2178
42 2.521543627847402e-06 5.324695834720235e-06 2290891.289664716 2498
45 2.508274446159431e-06 6.074170268405943e-06 2187610.702729671 2622
48 2.930021332729619e-06 7.725686265890367e-06 2067394.069267905 3191
51 2.696936211075429e-06 7.433309919839968e-06 1925194.441128266 3044
54 2.240840680914783e-06 6.534426905301545e-06 1736640.590502505 2736
57 1.879179828253057e-06 5.52170431776591e-06 1663230.538684217 2276
60 1.665300033998296e-06 4.852057605959223e-06 1569802.809399835 2016
63 1.228800513076178e-06 3.87434965035648e-06 1420677.446664601 1640
66 8.281581557752219e-07 2.884297071574413e-06 1507738.824214975 1056
69 5.311880687849361e-07 1.734284393651783e-06 1369802.25763573 683
72 2.418423792729577e-07 1.100215176203871e-06 1445634.314831777 350
75 1.54472472941906e-07 5.010860553567599e-07 1292558.018547298 192
78 3.730862112882782e-08 1.047536109479302e-07 1201060.46565041 44
81 2.406505125752325e-08 8.493918975372863e-08 1501719.894244247 25


3 4.74264561349434e-08 9.95970458242171e-08 86143246.50738829 18
6 3.143184689905412e-07 3.567160835010535e-07 61014049.32964523 62
9 3.742053212306656e-07 4.973502882171391e-07 32842604.36514676 98
12 8.083918837956863e-07 1.026225189905815e-06 24331923.41118066 210
15 1.004032047751042e-06 1.422349246721379e-06 15259536.33567619 350
18 1.132288777728598e-06 1.550293137036319e-06 10981577.62282531 450
21 1.117620751318104e-06 1.61788634264767e-06 7129761.528531048 602
24 1.274571024755687e-06 2.029001401486359e-06 5885953.443591859 762
27 1.550851403952963e-06 2.981208351673782e-06 4683874.931068256 1142
30 1.477934313774519e-06 2.944569974299076e-06 3741004.94032837 1250
33 1.623363107656056e-06 3.225769838437678e-06 3196352.44861674 1458
36 1.899271806372992e-06 4.168488295816152e-06 2909858.636150459 1814
39 2.114102103344494e-06 4.696574675925425e-06 2505385.093707369 2178
42 2.254426478482509e-06 5.68395894138532e-06 2325407.401843281 2498
45 2.374379371813035e-06 6.074128311473465e-06 2194240.157133168 2622
48 3.044993076907635e-06 7.286679207379432e-06 2082007.55351034 3191
51 2.750661176916876e-06 6.970277642052706e-06 1915997.745849027 3044
54 2.382901445636804e-06 6.187453865695195e-06 1766771.182955683 2736
57 1.854214996565816e-06 5.512834644651017e-06 1695868.664651385 2276
60 1.615641411825671e-06 4.873442023731559e-06 1595919.844418063 2016
63 1.218169409945475e-06 3.917221681970951e-06 1462661.806655003 1640
66 8.31587765518893e-07 2.816272966898861e-06 1525768.613285297 1056
69 5.228792493027604e-07 1.769882309525856e-06 1415122.477235986 683
72 2.793426335832912e-07 9.713319235075733e-07 1434067.687088226 350
75 1.619800538500054e-07 4.973671482997918e-07 1345341.381067764 192
78 2.797713800385507e-08 1.308137041961546e-07 1275201.686536934 44
81 2.43599406307845e-08 5.997851572436248e-08 1266859.177041907 25


3 5.29725154564076e-08 9.304212070780632e-08 89284298.10015848 18
6 2.766599266496544e-07 3.324774728338287e-07 56713891.00845203 62
9 3.477533435676366e-07 4.894874291769385e-07 32220565.13118796 98
12 7.566626846675473e-07 9.708503520414432e-07 23556171.7497954 210
15 9.569004144300169e-07 1.352335661111121e-06 14932213.27614538 350
18 1.146724495575521e-06 1.419220052084325e-06 10946352.81688378 450
21 1.101423096275895e-06 1.634199976216686e-06 7301779.888423021 602
24 1.194157736101362e-06 2.046115286725922e-06 5866245.282043863 762
27 1.555226653248873e-06 2.72155449274189e-06 4580216.920974849 1142
30 1.521830332627315e-06 2.673936610662834e-06 3692140.364554237 1250
33 1.559916003948997e-06 3.11068080366013e-06 3147956.36318881 1458
36 1.819582221586157e-06 3.991342733318579e-06 2847328.71469658 1814
39 2.075701819505161e-06 4.756560805057518e-06 2556901.166415543 2178
42 2.371722190252752e-06 5.235663242106089e-06 2315632.984353721 2498
45 2.38304805384128e-06 5.776575517634993e-06 2177859.484007525 2622
48 2.861407439299332e-06 7.589622285719081e-06 2119848.018560685 3191
51 2.614480869664854e-06 6.920358276934276e-06 1906419.209326605 3044
54 2.178554773970538e-06 6.351557500413471e-06 1765136.016451417 2736
57 1.892528680158893e-06 5.448991059293759e-06 1730587.693713927 2276
60 1.603107691034786e-06 4.863223606830739e-06 1619830.18896522 2016
63 1.273485843334923e-06 3.697551018648577e-06 1465250.538591456 1640
66 8.838911619604031e-07 2.588903067818883e-06 1513140.642656379 1056
69 5.124711572909381e-07 1.864668786182007e-06 1478863.483918534 683
72 2.905027262219063e-07 9.802340824542548e-07 1492001.993653874 350
75 1.643956563411933e-07 5.623732069014028e-07 1487059.607532738 192
78 3.321669571694099e-08 1.116152508503644e-07 1244856.065990714 44
81 1.829196241083684e-08 6.751743093077702e-08 1229003.191425117 25


3 4.684796461347361e-08 7.459917381720549e-08 77084790.04753548 18
6 2.343008612220889e-07 3.346593900334214e-07 53154594.36596362 62
9 2.915720369270402e-07 4.527468012889721e-07 29007346.29621211 98
12 6.570511719717939e-07 1.052824574165936e-06 23226412.06089021 210
15 9.009502724060903e-07 1.313371345568527e-06 14630567.83126099 350
18 1.025637095928852e-06 1.423468117851081e-06 10559147.42455407 450
21 1.038696194971813e-06 1.630688418899322e-06 7251885.920327581 602
24 1.05607548633688e-06 1.962953832753704e-06 5540770.400799125 762
27 1.564580636283945e-06 2.527129941838179e-06 4541383.91590062 1142
30 1.386317436019422e-06 2.920100854142692e-06 3786841.243851383 1250
33 1.496503614185674e-06 3.222767243952027e-06 3223731.368581579 1458
36 1.800805720170242e-06 3.961381703018101e-06 2890132.248377325 1814
39 2.021768788323837e-06 4.528431768202611e-06 2518033.361068605 2178
42 2.22096807296188e-06 5.427836211364865e-06 2349560.775137459 2498
45 2.384432030629982e-06 5.644237329174558e-06 2201561.611164277 2622
48 2.82684115394047e-06 7.111841696037512e-06 2078985.356225889 3191
51 2.594590952483221e-06 6.983444033405354e-06 1955259.8491571 3044
54 2.303127778625365e-06 6.187284968025988e-06 1819627.96086297 2736
57 1.843469706851813e-06 5.54359461550588e-06 1770643.607372284 2276
60 1.698093737162419e-06 4.841703556202568e-06 1692467.381419113 2016
63 1.197028007328595e-06 3.855762720248585e-06 1500189.967978391 1640
66 8.395040304820423e-07 2.687751436728258e-06 1551245.332783987 1056
69 4.903387124881732e-07 1.868951642057177e-06 1490955.917641288 683
72 2.826305318919278e-07 1.070456554010293e-06 1596688.009972557 350
75 1.484687827374326e-07 5.989847204782097e-07 1524513.540918978 192
78 3.609182606717417e-08 1.451051064407424e-07 1548086.398648637 44
81 1.734376863744514e-08 9.668793261792143e-08 1568865.200869838 25


3 4.210952705102918e-08 6.970738247752327e-08 72363380.70517573 18
6 1.944798694339192e-07 3.233191739321314e-07 48583515.75869098 62
9 2.434572962876481e-07 4.479941744548266e-07 27055463.34018937 98
12 5.403278761266256e-07 1.02753561489827e-06 21389401.62826368 210
15 8.690169528376389e-07 1.157965648087242e-06 13832356.19543327 350
18 8.55227225575394e-07 1.518951016047257e-06 10152410.70532503 450
21 9.606481247110956e-07 1.754992514487912e-06 7415983.101143412 602
24 1.132260894924778e-06 1.804790322594966e-06 5635279.563143162 762
27 1.369828397284045e-06 2.69415184005244e-06 4507885.665675316 1142
30 1.417056810964025e-06 2.726340071552846e-06 3788637.010051969 1250
33 1.540785472887423e-06 2.93523369934293e-06 3192505.087138583 1458
36 1.771713955268767e-06 3.713156389439263e-06 2846829.804323751 1814
39 2.014744873293386e-06 4.485877612803169e-06 2573003.978749866 2178
42 2.315988983738459e-06 5.183346726988033e-06 2399671.372371392 2498
45 2.299078701179977e-06 5.561592651606936e-06 2212353.26548102 2622
48 2.889114045952258e-06 6.902924248024364e-06 2124505.686197509 3191
51 2.70340076458856e-06 6.656673798088584e-06 1993419.997477684 3044
54 2.29080219648017e-06 6.415960025505251e-06 1912612.51277818 2736
57 1.817596242685094e-06 5.250917748073947e-06 1758084.920631937 2276
60 1.612728173171256e-06 4.942308979825558e-06 1731870.649158657 2016
63 1.254568374385943e-06 3.732567394413634e-06 1545762.728786743 1640
66 7.848633387991899e-07 2.635320839484546e-06 1541969.864196579 1056
69 5.044478929130851e-07 1.780299914535522e-06 1509287.353486486 683
72 2.891162261479781e-07 1.020611862269621e-06 1613919.371270867 350
75 1.502025429777878e-07 5.166411062573813e-07 1440041.524047263 192
78 3.894351059612986e-08 1.636512034323273e-07 1778560.11286571 44
81 2.327690414008523e-08 6.181523655482202e-08 1358042.179308086 25


3 4.149206192496973e-08 6.190228085084943e-08 69319799.6262933 18
6 1.842908499768733e-07 2.97837342972964e-07 46505310.17968789 62
9 2.39488482262218e-07 4.11029988335107e-07 26311677.58969454 98
12 4.840940173410407e-07 9.583042252180927e-07 20125266.46198745 210
15 8.562595967185223e-07 1.117991068281766e-06 13801352.42792251 350
18 8.32337055980793e-07 1.413714176265857e-06 9898703.898918524 450
21 9.502799997364813e-07 1.603519735002676e-06 7215652.288000986 602
24 1.08687350773403e-06 1.787969212277586e-06 5629281.640208881 762
27 1.313778864680157e-06 2.600131444373381e-06 4454567.882173603 1142
30 1.49132130170119e-06 2.50866804152795e-06 3809739.957883692 1250
33 1.459321031253093e-06 2.885274728195009e-06 3165805.473981255 1458
36 1.743530458960284e-06 3.77621780970076e-06 2931611.974528228 1814
39 2.059487850386969e-06 4.082117080606192e-06 2531369.339415503 2178
42 2.240515722393071e-06 5.026784191048616e-06 2388319.174817822 2498
45 2.319107202952634e-06 5.316411537506878e-06 2223651.364371083 2622
48 2.822205964087918e-06 6.969350411142082e-06 2174340.511159864 3191
51 2.546409450873131e-06 6.541169277434459e-06 1978850.584657545 3044
54 2.35042380776115e-06 6.147793737266091e-06 1937277.821999537 2736
57 1.81005544404793e-06 5.330398644338587e-06 1823493.679039649 2276
60 1.633369089443662e-06 4.700101376113444e-06 1736279.61368472 2016
63 1.247604480299049e-06 3.686955740512293e-06 1575363.531788844 1640
66 8.375682653471719e-07 2.451085869871806e-06 1555338.566288019 1056
69 5.05485098644064e-07 1.687803126453361e-06 1503764.444677153 683
72 2.865874472161161e-07 8.778662245047625e-07 1507372.284481014 350
75 1.735127423653527e-07 6.004927461975108e-07 1719526.747408413 192
78 3.634747617150093e-08 1.298449636025257e-07 1538221.882276278 44
81 1.998344172040116e-08 5.887236824225167e-08 1271308.118632874 25


3 4.188620034653891e-08 4.82106180699729e-08 63661911.23656335 18
6 1.651794482828622e-07 2.9759760255098e-07 45154098.09050836 62
9 2.394897963314044e-07 3.891364146208579e-07 26168777.89761061 98
12 4.591869933850592e-07 8.107401161267055e-07 18336002.6163019 210
15 7.400893627024642e-07 1.198560844681053e-06 13560572.81563649 350
18 7.876853401475597e-07 1.334255143722467e-06 9572659.843508914 450
21 9.112254774718645e-07 1.501827884067998e-06 6995879.755059248 602
24 1.007984820734168e-06 1.768565279106292e-06 5524072.165342798 762
27 1.336018855373494e-06 2.423829127316189e-06 4418963.013355287 1142
30 1.376463675134658e-06 2.72116293426305e-06 3918562.232710321 1250
33 1.443295438558112e-06 2.916993208274222e-06 3240273.146787151 1458
36 1.81649228782464e-06 3.573701893980264e-06 2959245.993699008 1814
39 1.8954023178488e-06 4.294419921023293e-06 2566836.212777718 2178
42 2.206982674363913e-06 4.815900034954391e-06 2366747.98760619 2498
45 2.306676386912061e-06 5.341585960453549e-06 2272947.996180823 2622
48 2.789095433265932e-06 6.841323249429115e-06 2186849.348140326 3191
51 2.501090251460697e-06 6.270267189993204e-06 1957204.554318615 3044
54 2.194021968438939e-06 6.148102511977857e-06 1925242.054941425 2736
57 1.8628337606934e-06 5.010871792670097e-06 1813572.324698556 2276
60 1.637389162360354e-06 4.62729476340536e-06 1758491.167125551 2016
63 1.248778743858081e-06 3.660433284721114e-06 1602383.744616983 1640
66 8.160701670362324e-07 2.581105073817484e-06 1623634.168380654 1056
69 5.495767213370198e-07 1.60266731571201e-06 1535840.34585029 683
72 2.724658760401507e-07 8.422418471396372e-07 1472169.698288475 350
75 1.556380775944306e-07 6.138170239952412e-07 1713636.233036739 192
78 3.997536820409727e-08 1.197418533156033e-07 1550623.141759799 44
81 1.73668081416728e-08 6.559166743065235e-08 1315259.428283997 25


3 3.050835585915318e-08 4.212144715998986e-08 51548274.06873619 18
6 1.31455518587584e-07 3.012419769197178e-07 41970375.30276218 62
9 2.330266121833041e-07 3.359928900431334e-07 24595897.09184549 98
12 4.247663342391634e-07 7.267182762493488e-07 17063815.99341416 210
15 7.137436587932253e-07 1.173017078672729e-06 13485331.95428259 350
18 7.431085426906557e-07 1.281902923954923e-06 9324993.277291585 450
21 8.770452089453672e-07 1.451518858493632e-06 6905973.998524532 602
24 9.661310276009544e-07 1.725737509562232e-06 5465485.781505451 762
27 1.283090723669447e-06 2.337190719386865e-06 4348455.604229322 1142
30 1.352430199117064e-06 2.612775496264147e-06 3886027.672540992 1250
33 1.461491954289498e-06 2.774329384989863e-06 3242083.821222094 1458
36 1.687673938817833e-06 3.749908923962458e-06 3003237.133187558 1814
39 1.97356046638652e-06 4.092436212964285e-06 2597568.130309818 2178
42 2.095364761194616e-06 4.994706457831298e-06 2411541.895820323 2498
45 2.229683612381795e-06 5.331314477763399e-06 2284018.271955558 2622
48 2.785265276149456e-06 6.745278358142761e-06 2211844.17023351 3191
51 2.436525604150881e-06 6.251014451651166e-06 1971584.700668839 3044
54 2.269402247079758e-06 5.903262252676101e-06 1942974.595178569 2736
57 1.701162618984132e-06 5.328024595240542e-06 1852454.015515548 2276
60 1.509654090911644e-06 4.888724156504325e-06 1796833.339571553 2016
63 1.226871765462552e-06 3.85118046253297e-06 1673805.43712108 1640
66 8.102497153811779e-07 2.663096093681757e-06 1682744.436216393 1056
69 5.246682963164426e-07 1.743637530502957e-06 1619470.687306057 683
72 2.762618085790794e-07 8.101944752147772e-07 1475525.896114076 350
75 1.647450032646769e-07 5.366453471260766e-07 1637095.386912388 192
78 3.942778670720611e-08 1.048929624930096e-07 1458942.87232531 44
81 1.672177311662135e-08 6.344086418085347e-08 1294266.448550381 25


3 2.400101145013125e-08 3.429848145668115e-08 42150717.83350354 18
6 1.130404149184047e-07 2.697217769473157e-07 37838274.77486055 62
9 2.093268445404913e-07 3.687183171851534e-07 24954253.92880591 98
12 4.235199874000209e-07 6.1432966016635e-07 16057021.40972957 210
15 7.035869358057457e-07 1.069906616771077e-06 13094252.57610897 350
18 6.915681449677187e-07 1.127297187684734e-06 8630750.860205626 450
21 9.240693138303429e-07 1.344217697833128e-06 6994687.097799001 602
24 1.021171439235599e-06 1.663098323410616e-06 5642269.421041556 762
27 1.276141507773133e-06 2.244222475077131e-06 4346257.243885553 1142
30 1.331157385568686e-06 2.54378938156411e-06 3891376.960285116 1250
33 1.412574861175038e-06 2.89683340019641e-06 3341458.111676433 1458
36 1.744331437012927e-06 3.477935964168134e-06 2993401.871387613 1814
39 1.79611770479955e-06 4.221839968745047e-06 2594573.68052597 2178
42 2.14661178500097e-06 4.902754571245652e-06 2467966.479602981 2498
45 2.19103412357564e-06 5.248426171648196e-06 2299691.148386792 2622
48 2.726054274538155e-06 6.84404046968524e-06 2262435.023777107 3191
51 2.441614410978584e-06 6.350794894352796e-06 2038800.791592445 3044
54 2.179688285481372e-06 6.023579397967019e-06 1979754.068301344 2736
57 1.768764986639173e-06 4.606109132394957e-06 1764424.351540667 2276
60 1.63331166165198e-06 4.417291479144346e-06 1784332.829899178 2016
63 1.197292412647174e-06 3.688838418573336e-06 1653150.586070929 1640
66 8.767556033788777e-07 2.618857113382519e-06 1758296.895764346 1056
69 5.544142732383507e-07 1.688468257820642e-06 1660776.030846735 683
72 2.711696482421457e-07 8.062237230964605e-07 1495036.262927555 350
75 1.52230539535524e-07 5.686261492233073e-07 1687547.97967591 192
78 3.638860972742312e-08 1.048281118085787e-07 1441623.280096886 44
81 1.916529839328428e-08 6.85542441638378e-08 1464048.79873259 25


3 2.06941889817937e-08 3.030075479813422e-08 37584316.52012939 18
6 1.015406679246689e-07 2.52159118969701e-07 35711178.70779736 62
9 2.031864476600999e-07 3.359247195111334e-07 23995085.0523123 98
12 4.299944733995556e-07 5.324231516648961e-07 15502322.40086364 210
15 7.090880489364637e-07 1.037751497273883e-06 13245389.41616059 350
18 6.958375612069938e-07 9.634196294863262e-07 8210054.834737565 450
21 8.4461536193683e-07 1.302141158970303e-06 6718715.22899221 602
24 1.030626139321063e-06 1.543083614823418e-06 5588601.224644074 762
27 1.271466269536284e-06 2.101024771772504e-06 4292387.946406168 1142
30 1.318747994670882e-06 2.427039495549705e-06 3868667.411024457 1250
33 1.339159584698001e-06 2.931136277187751e-06 3364799.920458188 1458
36 1.678797638446114e-06 3.509515473598318e-06 3026993.795268849 1814
39 1.882308769159813e-06 4.021565381787846e-06 2639626.799317347 2178
42 2.132577108038794e-06 4.8565379151833e-06 2507854.92997657 2498
45 2.219710008528936e-06 4.95010289474687e-06 2291961.911693562 2622
48 2.831722065720369e-06 6.489106711928078e-06 2285541.56837638 3191
51 2.50721394724393e-06 6.103963268014318e-06 2064700.694906509 3044
54 2.199520753128492e-06 5.687021002938676e-06 1968801.934431651 2736
57 1.70919662718344e-06 4.755195707189867e-06 1817620.046153826 2276
60 1.501155866583119e-06 4.537496593732374e-06 1798064.642604844 2016
63 1.263474634156058e-06 3.39769291534272e-06 1648631.211027737 1640
66 8.626248338319541e-07 2.601035179933033e-06 1784141.125903569 1056
69 5.367784841289207e-07 1.675485151673707e-06 1674052.036579596 683
72 2.563820875641761e-07 9.16807227973904e-07 1625131.634933313 350
75 1.608143157514062e-07 5.108661994399566e-07 1652321.418182623 192
78 3.05449106382107e-08 1.004615125330324e-07 1342376.107655135 44
81 1.928403534238355e-08 9.99757076189152e-08 1939527.682358135 25


3 2.308927431270683e-08 3.160411035464985e-08 41487105.14841131 18
6 9.709157881626836e-08 2.379421006495209e-07 34787158.22023419 62
9 1.986894130398011e-07 3.029182488421584e-07 23037775.18906394 98
12 4.460276840891445e-07 4.998904548943922e-07 15711583.63940695 210
15 6.529312967912291e-07 9.236673704484277e-07 12260423.35484341 350
18 7.237440989957669e-07 8.563867044930473e-07 8123323.755973217 450
21 7.451142832797895e-07 1.266755669878098e-06 6368456.484291461 602
24 9.400711883679625e-07 1.623912646899732e-06 5600046.05133928 762
27 1.250757009159412e-06 2.006346119225048e-06 4253739.164800313 1142
30 1.29518167481567e-06 2.39881102619619e-06 3902526.273983486 1250
33 1.456545485059604e-06 2.619967352046124e-06 3367345.230459061 1458
36 1.607997287776536e-06 3.458970445199902e-06 3019389.23393844 1814
39 1.912537070175521e-06 3.842879071921853e-06 2655948.332676085 2178
42 2.096058526824729e-06 4.614506328214778e-06 2478435.122878409 2498
45 2.151346623712915e-06 5.158278945797737e-06 2374350.089972739 2622
48 2.757567137959293e-06 6.291981190874284e-06 2275598.041132429 3191
51 2.478503192497066e-06 6.12714304478383e-06 2111776.808427473 3044
54 2.171488504399221e-06 5.640236451125236e-06 1999305.224469864 2736
57 1.778567986305692e-06 4.564833974452151e-06 1849188.634646131 2276
60 1.605451957093234e-06 4.310422414710187e-06 1836285.43140531 2016
63 1.242727358225146e-06 3.643915906475335e-06 1752572.833823984 1640
66 8.525151789474884e-07 2.496023795528362e-06 1777251.292390032 1056
69 5.045350261094696e-07 1.641581640160706e-06 1657678.246194996 683
72 2.725774076439304e-07 9.203637443836911e-07 1710453.470373132 350
75 1.569232336678576e-07 4.722979440005862e-07 1600967.089473153 192
78 4.056139839172885e-08 8.953376148694131e-08 1455798.324117929 44
81 1.977092181886079e-08 7.719706017638993e-08 1683663.856234533 25


3 1.933159546324232e-08 3.183867454995059e-08 38933294.30726353 18
6 1.023379443674904e-07 2.13175211519762e-07 34046246.88730705 62
9 2.01993433975131e-07 2.566044008189778e-07 21941833.17332752 98
12 4.276873594436246e-07 4.628673975945998e-07 15166448.71377219 210
15 6.028990967464057e-07 9.44292272381928e-07 12165662.85087145 350
18 7.123690446376043e-07 8.424980011734726e-07 8166224.143867573 450
21 6.990470748956629e-07 1.165287459723974e-06 6046900.00380574 602
24 8.91226736581364e-07 1.581147325351912e-06 5505567.796400715 762
27 1.154613315414615e-06 2.117585191056027e-06 4304767.601939668 1142
30 1.251858404880609e-06 2.247360858686649e-06 3793027.498458361 1250
33 1.455955494737619e-06 2.512487213936299e-06 3366617.375673782 1458
36 1.680416170848953e-06 3.145156886393675e-06 2987910.450457811 1814
39 1.855567228907295e-06 3.850931729347621e-06 2682840.265339209 2178
42 2.130582605624335e-06 4.481964134266314e-06 2511385.095569211 2498
45 2.276475757451325e-06 4.819552697347689e-06 2392899.324937453 2622
48 2.599838591080565e-06 6.39718703875207e-06 2293269.881515854 3191
51 2.458488751167005e-06 5.928757171110698e-06 2111919.660684061 3044
54 2.195468296524918e-06 5.379575912356855e-06 1997776.352430953 2736
57 1.673970920296202e-06 4.733241479655094e-06 1887852.872275655 2276
60 1.558187675380891e-06 4.551509822087804e-06 1919576.062339502 2016
63 1.22804991173579e-06 3.534920355085754e-06 1751868.274561661 1640
66 8.366343166542498e-07 2.332046331514934e-06 1732299.373240397 1056
69 5.14175655471466e-07 1.564075169516493e-06 1657511.74149202 683
72 2.801715340252045e-07 8.490820167904674e-07 1681623.002496558 350
75 1.369513718290895e-07 4.953212054437674e-07 1604840.168248642 192
78 3.609172400928953e-08 1.304104385872504e-07 1769876.212206622 44
81 2.5172229675479e-08 6.843765488014211e-08 1754257.671123077 25


3 1.795872010303168e-08 3.310899432490813e-08 39211681.9354712 18
6 1.143916820657132e-07 1.689759922420757e-07 32362576.18884774 62
9 1.856506792246739e-07 2.382873874938571e-07 20734303.5660785 98
12 3.865212533558404e-07 4.740705067275851e-07 14807851.42070068 210
15 5.740946652978932e-07 8.943375473985666e-07 11807472.09961189 350
18 6.533776188026123e-07 8.504712760836244e-07 7998845.23767039 450
21 7.145848075004075e-07 1.11976767752497e-06 6121077.803437322 602
24 8.627331597407643e-07 1.488066201070584e-06 5362809.260558576 762
27 1.075243880285897e-06 2.058218392173528e-06 4187871.154180358 1142
30 1.223266405016166e-06 2.281618421803133e-06 3861892.304998292 1250
33 1.274902108639047e-06 2.722008045962984e-06 3377072.518072791 1458
36 1.50821996334356e-06 3.181281556823756e-06 2921604.357538845 1814
39 1.782998466354219e-06 3.972482488844632e-06 2737022.826783494 2178
42 2.052853076920819e-06 4.486481429048413e-06 2521770.745625659 2498
45 2.1387389644162e-06 4.817774403136113e-06 2374622.188642271 2622
48 2.731080059376693e-06 6.156718609893499e-06 2335219.928990112 3191
51 2.44618773869649e-06 5.833505152035123e-06 2128873.263274921 3044
54 2.061614320913665e-06 5.454349828357103e-06 2001338.186561619 2736
57 1.772378414000276e-06 4.589080840468062e-06 1931991.955150381 2276
60 1.585343040359981e-06 4.386587150328706e-06 1925515.128447899 2016
63 1.273140822029329e-06 3.482781257463239e-06 1795492.243441708 1640
66 8.082122569098989e-07 2.440488017770234e-06 1790745.9219816 1056
69 5.249259305879687e-07 1.483670665041624e-06 1649758.911259026 683
72 2.842012768441484e-07 8.631064291222943e-07 1741323.8340779 350
75 1.607425220991706e-07 4.596395671083965e-07 1659301.120479061 192
78 2.876961932886877e-08 1.418914548562455e-07 1772787.287974918 44
81 1.617158593044845e-08 5.274572806721407e-08 1280729.120261001 25


3 2.262025033282707e-08 3.042183042280256e-08 43120566.37080812 18
6 1.150950176074101e-07 1.456934373631975e-07 30992808.93231784 62
9 1.690616281776135e-07 2.060588314586834e-07 18879114.43545247 98
12 3.519593118008355e-07 4.476067425603993e-07 14014872.50927041 210
15 5.851178048407284e-07 7.616763080862146e-07 11304580.06344625 350
18 5.869381698138834e-07 9.133702280313079e-07 7988283.069102084 450
21 7.197504010729958e-07 1.104641119814428e-06 6235674.234663738 602
24 8.985555993796001e-07 1.329928965318702e-06 5289587.968640775 762
27 1.138634530325796e-06 1.918392291380852e-06 4236533.538896922 1142
30 1.185905418938229e-06 2.209451215273579e-06 3820487.845625368 1250
33 1.290666127672185e-06 2.453309530954902e-06 3274484.466635226 1458
36 1.504255997734176e-06 3.091455544396814e-06 2931745.766110854 1814
39 1.790547166085831e-06 3.867608578557566e-06 2756156.949677738 2178
42 1.974501359374729e-06 4.479747375835999e-06 2528071.04095435 2498
45 2.09859376099112e-06 4.909541491543481e-06 2429485.808238884 2622
48 2.598725637958704e-06 6.294987537527426e-06 2362323.588590032 3191
51 2.39432231097428e-06 5.902421624829632e-06 2167153.977577828 3044
54 2.136580447359889e-06 5.166539895376764e-06 2007609.852609367 2736
57 1.661013805399586e-06 4.714183013700805e-06 1951056.23076308 2276
60 1.54269556042345e-06 4.319187256557628e-06 1924767.284799546 2016
63 1.131094601909604e-06 3.648197701695146e-06 1799292.847923147 1640
66 8.149134507320557e-07 2.307046050059471e-06 1771134.681065017 1056
69 5.202135234415566e-07 1.57056572830659e-06 1735379.03821432 683
72 2.558719770770123e-07 8.876943670269101e-07 1736891.892229073 350
75 1.525603404279469e-07 4.808719084242987e-07 1703486.686383322 192
78 4.388288367075645e-08 9.797139609645633e-08 1689362.186805335 44
81 2.118454353042627e-08 4.790920610236567e-08 1391665.408476929 25


3 2.628165173948328e-08 2.733386490100171e-08 45734734.29895788 18
6 1.171097056712245e-07 1.237694373689797e-07 29785025.10909031 62
9 1.714003400009888e-07 1.922058907744514e-07 18832004.76833622 98
12 3.22536591734059e-07 4.181119855699598e-07 13210532.72021238 210
15 5.998888007375842e-07 6.808853144561103e-07 11135153.29748521 350
18 5.479943184334355e-07 8.852527811312007e-07 7760693.365664106 450
21 6.873544453051402e-07 1.060887260182729e-06 6097219.202415589 602
24 8.694777825274597e-07 1.330712126421564e-06 5309772.435094895 762
27 1.174883400583522e-06 1.817186894880866e-06 4277844.889682651 1142
30 1.185769546246035e-06 2.04451670802458e-06 3749293.943875226 1250
33 1.294248944257754e-06 2.41379124951671e-06 3322560.852533421 1458
36 1.560497539206109e-06 2.91002533548074e-06 2950522.941344921 1814
39 1.798484467671444e-06 3.646080103597556e-06 2733921.387206018 2178
42 2.075166534050153e-06 4.183097427618029e-06 2544648.766434513 2498
45 2.246435380752916e-06 4.487799441441737e-06 2436349.493112423 2622
48 2.659419160489147e-06 5.82489283891357e-06 2335669.991866668 3191
51 2.409933601324091e-06 5.775565210115911e-06 2196031.499397804 3044
54 2.072663462938095e-06 5.308075193283246e-06 2060749.27818706 2736
57 1.65444811438756e-06 4.477720348966089e-06 1933491.075257314 2276
60 1.583452720408545e-06 4.14610791977471e-06 1943450.475377726 2016
63 1.280464933170874e-06 3.210102804958811e-06 1791584.191785492 1640
66 8.173021864919356e-07 2.323555780396969e-06 1823353.669077198 1056
69 5.335409903825676e-07 1.562744430015168e-06 1789352.439513804 683
72 2.520277225718146e-07 8.633307058994737e-07 1738883.821309246 350
75 1.402361020489919e-07 4.64987205421739e-07 1654949.265924618 192
78 4.389325782774836e-08 1.006357609874889e-07 1752499.474277817 44
81 1.444326049597e-08 4.89728255869882e-08 1224866.428308547 25


3 2.45337840268285e-08 2.117562243375532e-08 40396532.92924911 18
6 1.13855160835712e-07 1.186148282197952e-07 29283522.90443968 62
9 1.621957392110894e-07 2.020790108238441e-07 18999013.37809272 98
12 3.033604695939814e-07 4.001724204302966e-07 12769487.34104947 210
15 5.495162035934074e-07 7.031060912065359e-07 10948616.00885284 350
18 5.338076358060648e-07 7.951914546961592e-07 7413316.286025707 450
21 6.779473925565284e-07 9.745796799890751e-07 5928050.335500114 602
24 8.564508683886765e-07 1.249264827134316e-06 5213977.314240023 762
27 1.127867355637328e-06 1.879088672712276e-06 4353658.048500486 1142
30 1.149411207607757e-06 1.972017085164916e-06 3703722.578403614 1250
33 1.254897774546234e-06 2.313668786446816e-06 3273674.423996978 1458
36 1.481282731928328e-06 2.994095589505152e-06 2993239.343155329 1814
39 1.779287685052869e-06 3.554206974184252e-06 2744379.186245502 2178
42 2.038442192094439e-06 4.245474319600922e-06 2603848.643127296 2498
45 2.10714799914556e-06 4.705759719346464e-06 2488439.700154967 2622
48 2.521763305448106e-06 5.857394756032412e-06 2344717.644344319 3191
51 2.377456890897745e-06 5.604588153843687e-06 2197514.414264969 3044
54 2.090312189778432e-06 5.199009580854166e-06 2092640.112209057 2736
57 1.640493192409052e-06 4.292633830185074e-06 1925347.526274972 2276
60 1.539400415355858e-06 4.185704282317987e-06 1980340.144254353 2016
63 1.23405301043357e-06 3.413235799885299e-06 1874958.246968317 1640
66 7.850460935897107e-07 2.359950996784507e-06 1857675.683712346 1056
69 4.833061452779228e-07 1.525799822304089e-06 1740862.273955625 683
72 2.534507720672006e-07 8.210997863280874e-07 1731430.698395466 350
75 1.43437318989136e-07 4.32958181619422e-07 1637322.375730122 192
78 2.655292829256798e-08 1.301767893167773e-07 1752489.817311096 44
81 7.878651836944605e-09 6.497268596377266e-08 1306099.643759459 25


3 2.227935654558813e-08 2.255175351712148e-08 39845930.9678854 18
6 1.153740039495286e-07 1.017631517142337e-07 28426983.55071186 62
9 1.47538448467391e-07 1.853428409503871e-07 17717075.0163911 98
12 2.982582668232685e-07 3.705665445367246e-07 12474531.4167375 210
15 5.082053177743939e-07 7.172260144998447e-07 10826642.12525693 350
18 5.18367420192153e-07 7.947323152027371e-07 7454318.190172249 450
21 6.347560989400725e-07 1.002244900733671e-06 5935337.546238728 602
24 7.960112107060199e-07 1.315142484819385e-06 5264754.222962914 762
27 1.048179070438691e-06 1.842876507521711e-06 4247243.366268475 1142
30 1.066217624070761e-06 2.023276699162924e-06 3700133.885506062 1250
33 1.172106897239284e-06 2.329533497052559e-06 3250734.520533135 1458
36 1.46902011615851e-06 2.882733200144804e-06 2979441.253436178 1814
39 1.734611478346313e-06 3.505192183782359e-06 2747354.058399717 2178
42 2.008936449400237e-06 4.302672754909405e-06 2659636.571674719 2498
45 2.079127265235578e-06 4.685713225199046e-06 2517970.705654853 2622
48 2.533831286617379e-06 5.756203911463358e-06 2372600.743514021 3191
51 2.328457246575497e-06 5.39354469072128e-06 2173275.19649208 3044
54 2.103160174444042e-06 5.055202073365605e-06 2105105.447873233 2736
57 1.666767248666641e-06 4.115740461003809e-06 1927956.739841329 2276
60 1.51500253950634e-06 4.04329139021639e-06 1965546.227303088 2016
63 1.221251366041311e-06 3.373262146678852e-06 1890908.808661036 1640
66 8.248932379825584e-07 2.200594629174377e-06 1851586.862592425 1056
69 4.755939728281896e-07 1.451674738696309e-06 1710581.560859992 683
72 2.528725585935801e-07 7.839385917651883e-07 1713973.775501641 350
75 1.323315797732868e-07 4.841123251320626e-07 1740802.728308503 192
78 3.930739580785905e-08 1.116688157576056e-07 1848228.365552951 44
81 2.997012395064822e-08 4.170825898162476e-08 1666712.664326643 25


3 1.737917166379356e-08 1.871347165986075e-08 32598786.94150869 18
6 1.062327522563939e-07 1.02653357746402e-07 27722490.4551792 62
9 1.387518756864682e-07 1.627924595794665e-07 16521946.48532503 98
12 2.728793452997797e-07 3.98106554457372e-07 12562662.55463403 210
15 4.925972071879039e-07 6.65065259243489e-07 10496370.81492561 350
18 5.015188418919439e-07 7.283019933844043e-07 7169463.790639963 450
21 6.280113597744994e-07 9.782146869820038e-07 5952363.656163266 602
24 7.094796710853088e-07 1.401159937200871e-06 5264500.474349743 762
27 1.010333846396895e-06 1.831960655878176e-06 4244110.984527403 1142
30 1.068181262967935e-06 1.854799736782561e-06 3606125.342080302 1250
33 1.189003625820389e-06 2.159413941798941e-06 3202129.215006484 1458
36 1.549499182523994e-06 2.805047833607621e-06 3068482.58487736 1814
39 1.689546366254685e-06 3.551154355963264e-06 2787835.034639125 2178
42 2.03275694115972e-06 4.283374181970255e-06 2718041.586716562 2498
45 2.132809910071518e-06 4.450284009999586e-06 2520467.526415241 2622
48 2.518121092363078e-06 5.511330907417001e-06 2352635.270479825 3191
51 2.18496640723548e-06 5.435151252827792e-06 2166015.381113373 3044
54 2.025310472249354e-06 5.08912854154929e-06 2119746.428706508 2736
57 1.571539313210465e-06 4.281654321338317e-06 1963299.3304677 2276
60 1.525669486944661e-06 3.957198984242675e-06 1982551.985268938 2016
63 1.214500571515382e-06 3.294772339882214e-06 1894959.040291499 1640
66 7.75575872734909e-07 2.237067761362197e-06 1858666.141326369 1056
69 4.991069997019041e-07 1.358896864903976e-06 1706072.399241136 683
72 2.529468175098218e-07 8.231295605641012e-07 1799715.037518002 350
75 1.44725091050023e-07 4.732239769564381e-07 1803378.690861685 192
78 3.028419521495969e-08 9.189786655901203e-08 1509806.223039923 44
81 2.611288465787127e-08 5.843904178916247e-08 1855223.375058077 25


3 1.685561601222518e-08 2.05471951886671e-08 33978590.543558 18
6 1.043218680658992e-07 9.740224341154899e-08 27375643.82538255 62
9 1.308715277881033e-07 1.530841453008976e-07 15864267.75595384 98
12 2.511391959174028e-07 4.025579071159013e-07 12362744.46600673 210
15 4.728213006420458e-07 5.839214225906793e-07 9865817.906952653 350
18 5.044320293305438e-07 6.793317008117817e-07 7097402.202472004 450
21 5.908360434874554e-07 9.477227398173785e-07 5798557.730180912 602
24 7.262904937038868e-07 1.31034183134114e-06 5238383.310899269 762
27 1.036009850995046e-06 1.737809770922531e-06 4264486.075101692 1142
30 1.027089401255207e-06 1.821641394320525e-06 3578083.02989577 1250
33 1.147603523322888e-06 2.139814014040142e-06 3198848.287944506 1458
36 1.466063490627796e-06 2.927518409475041e-06 3124176.960776103 1814
39 1.64816419011882e-06 3.392612494459862e-06 2744835.655173122 2178
42 2.00827308267019e-06 4.121893614324359e-06 2701652.61821879 2498
45 1.991098781247863e-06 4.450082712964357e-06 2497255.925597547 2622
48 2.491050902802946e-06 5.631135584402073e-06 2420399.619251989 3191
51 2.27513293970385e-06 5.032010348326074e-06 2152435.080091787 3044
54 2.032395904996596e-06 4.864212895179033e-06 2111765.649765274 2736
57 1.683995432054718e-06 4.155054613755518e-06 2026201.639249866 2276
60 1.483610535035374e-06 3.821527149170731e-06 1961249.564252777 2016
63 1.20281545904509e-06 3.217617334411073e-06 1901189.416677049 1640
66 7.780973334406496e-07 2.250808160102372e-06 1908458.234129822 1056
69 4.753111096368385e-07 1.297477207510107e-06 1662468.396910802 683
72 2.722966214392152e-07 7.221612202891593e-07 1748224.482894819 350
75 1.612513432301801e-07 4.610925932893331e-07 1891572.990970428 192
78 4.025084746164069e-08 1.144379501761969e-07 1971364.488111316 44
81 1.714799129933227e-08 9.794552285334518e-08 2267677.995160105 25


3 1.550113281561541e-08 2.060591296596539e-08 33140574.74052893 18
6 1.103666983210584e-07 9.275328569645862e-08 28350197.51209562 62
9 1.008583112290832e-07 1.661896091454636e-07 14679596.64239853 98
12 2.712842999552759e-07 3.470401548449394e-07 12210645.7462746 210
15 4.403052048136707e-07 5.78935923168759e-07 9633599.415659457 350
18 4.916812181207612e-07 6.633143648066049e-07 7057745.530158054 450
21 6.122660982548002e-07 8.611158159323624e-07 5744207.14382328 602
24 7.81436255081655e-07 1.09072910403317e-06 5050667.321142221 762
27 1.025465342654632e-06 1.709265489829045e-06 4292778.287182254 1142
30 1.037272753671864e-06 1.722245914328655e-06 3562694.082153326 1250
33 1.134948333320687e-06 2.206100887149727e-06 3303694.622796317 1458
36 1.416513679172858e-06 2.944326249838483e-06 3152388.001356098 1814
39 1.65443764610646e-06 3.176702895976147e-06 2707160.062397371 2178
42 1.883812914747033e-06 4.073338975255182e-06 2664943.866831145 2498
45 1.978788425973652e-06 4.459055989597912e-06 2547001.231248626 2622
48 2.438051284008163e-06 5.426823326619995e-06 2398226.822275578 3191
51 2.212819705615945e-06 5.207754887556905e-06 2215717.481356859 3044
54 1.971689883535593e-06 4.821499175722765e-06 2119187.051644342 2736
57 1.657370245592018e-06 4.195042703160072e-06 2068076.728356967 2276
60 1.504776136640908e-06 3.73003432054887e-06 1986687.954579075 2016
63 1.168198490215581e-06 3.158291307574935e-06 1898755.844229603 1640
66 8.113798494447511e-07 2.178305841137537e-06 1943951.33787805 1056
69 4.213821383959333e-07 1.383723859765364e-06 1688631.551105591 683
72 2.520985124102959e-07 6.957264110793077e-07 1693087.233488764 350
75 1.462188212243255e-07 4.657979303685474e-07 1873057.835102495 192
78 4.247829379974563e-08 1.135211099596143e-07 2049534.326140887 44
81 2.519740796742627e-08 5.206184703967097e-08 1787442.598882848 25


3 1.541467829712887e-08 1.255290383665592e-08 27473890.32181971 18
6 1.113758564152086e-07 7.853656883213371e-08 27464574.05771504 62
9 1.0349461637208e-07 1.449468723454279e-07 14158439.81957981 98
12 2.573329327585293e-07 3.252662681241942e-07 11743343.41952098 210
15 4.378811507575884e-07 5.445089424967558e-07 9521270.219167333 350
18 4.739656632796725e-07 6.356744228516535e-07 6917706.229265665 450
21 6.186229146636817e-07 8.351393840512463e-07 5803667.614857431 602
24 7.367324011154629e-07 1.08341563782203e-06 4978503.85764735 762
27 1.013865956365425e-06 1.631560502411533e-06 4250766.861751979 1142
30 1.011666092025078e-06 1.755977520765942e-06 3626521.157573553 1250
33 1.119337073972791e-06 2.17555776026295e-06 3323869.780242166 1458
36 1.485345168252835e-06 2.735471520396632e-06 3154011.856427148 1814
39 1.641290443561779e-06 3.140216176232109e-06 2734109.97305894 2178
42 1.889527473677973e-06 3.888711323872561e-06 2651851.643262673 2498
45 2.023105647966556e-06 4.079386668051934e-06 2494568.269019181 2622
48 2.392874414582229e-06 5.307549728067415e-06 2396486.20590492 3191
51 2.265600501853793e-06 5.208391806517855e-06 2283237.967898492 3044
54 1.949988879765196e-06 4.77689346086261e-06 2140850.194318119 2736
57 1.643522228214698e-06 4.125573744533911e-06 2082252.957018558 2276
60 1.446767586370586e-06 3.805287120492811e-06 2018971.925866429 2016
63 1.188569836093497e-06 2.929952534560839e-06 1866144.042029171 1640
66 7.79091793544764e-07 2.318707291374271e-06 2028849.347026299 1056
69 5.004856708387258e-07 1.209893623173764e-06 1699615.204954304 683
72 2.409981541014158e-07 6.930188437906989e-07 1693149.80879932 350
75 1.594730525705637e-07 4.403115187816152e-07 1909901.189225491 192
78 3.909653737409807e-08 1.235025481385151e-07 2128564.993084736 44
81 2.779979239001291e-08 4.249982616790754e-08 1741946.049249569 25


3 1.251048700705227e-08 1.055240271269221e-08 23037850.76462173 18
6 1.111448086651633e-07 6.999447067780291e-08 27008931.75084491 62
9 1.06760276944997e-07 1.44330021394187e-07 14642713.672428 98
12 2.533514118233858e-07 2.938281434497393e-07 11347591.02778644 210
15 4.074590798792327e-07 5.738122308320554e-07 9573948.727024421 350
18 4.582761615508038e-07 5.887335677331688e-07 6686318.972061722 450
21 5.81657587548213e-07 8.695512073002869e-07 5844090.196997571 602
24 6.739361656399132e-07 1.105807997658717e-06 4905841.080569273 762
27 9.527126353813378e-07 1.57791169871108e-06 4132633.322097763 1142
30 1.012212521178119e-06 1.821454447029527e-06 3770563.783384445 1250
33 1.20746289235977e-06 1.938457723229668e-06 3303083.864939597 1458
36 1.430734641112239e-06 2.701122898424392e-06 3138474.204584323 1814
39 1.555435466254985e-06 3.332217143429823e-06 2813197.355374779 2178
42 1.85408891881228e-06 3.782749794647272e-06 2639451.162974787 2498
45 1.889658491857484e-06 4.231990585701615e-06 2520168.850204023 2622
48 2.287145456573844e-06 5.283331601822415e-06 2390288.383612073 3191
51 2.306771750365663e-06 5.067329887487356e-06 2308681.840920492 3044
54 1.943516424116705e-06 4.632250002129905e-06 2140041.158274295 2736
57 1.611760260194365e-06 3.995490401419726e-06 2066043.606474292 2276
60 1.497831807944379e-06 3.575124200557407e-06 2011922.05073752 2016
63 1.088854747912544e-06 3.112686699984949e-06 1904747.572290729 1640
66 8.157131093566752e-07 2.113395047634203e-06 1990018.019127478 1056
69 4.400037398335883e-07 1.388811114490432e-06 1788934.030417983 683
72 2.40795437922766e-07 7.130565139763229e-07 1755725.905790329 350
75 1.357702016888521e-07 4.369195646408516e-07 1821166.084738087 192
78 5.297754502929628e-08 1.071654260499857e-07 2281300.664928429 44
81 1.437663598308657e-08 8.12101117279322e-08 2011348.461767783 25


3 1.293496459450953e-08 1.206347571371507e-08 25219168.20738167 18
6 9.901542151408663e-08 5.933560944541194e-08 24196926.79751543 62
9 1.053057628893825e-07 1.340995851243216e-07 14321738.78251024 98
12 2.490932507121968e-07 2.514952828949108e-07 10736924.09502902 210
15 4.038728006228801e-07 5.115749291526187e-07 9207864.439098699 350
18 4.750220487798449e-07 5.507129899120704e-07 6750570.487099167 450
21 5.723406765188603e-07 8.557753007014892e-07 5862125.25635391 602
24 6.526783536084072e-07 1.036992424824589e-06 4763810.190577476 762
27 9.203013082514141e-07 1.585333667984138e-06 4152821.633658788 1142
30 1.000588717180724e-06 1.712345473722769e-06 3699381.271758309 1250
33 1.113976633192738e-06 2.120788696544243e-06 3396543.748941025 1458
36 1.383499704184655e-06 2.658044697346312e-06 3122689.919860573 1814
39 1.590791965684629e-06 3.160625200030047e-06 2810733.082781749 2178
42 1.821206977822722e-06 3.779823718267703e-06 2667580.633546269 2498
45 2.01112613339249e-06 3.927855295662268e-06 2531733.191286013 2622
48 2.367916738716191e-06 4.865758851653325e-06 2359714.379784839 3191
51 2.213748554705293e-06 5.13939380177458e-06 2330604.935442402 3044
54 1.934920448007627e-06 4.509461490322827e-06 2143191.409447068 2736
57 1.619685928797819e-06 3.904996735242276e-06 2081586.643615173 2276
60 1.385070387968569e-06 3.737519870523554e-06 2039070.862081545 2016
63 1.142534124677529e-06 2.923241466285188e-06 1904604.368369368 1640
66 7.964253893039893e-07 2.134198869092025e-06 2020542.24935264 1056
69 4.76366042162714e-07 1.325694366583659e-06 1825558.08325438 683
72 2.310759617763547e-07 7.398563780947541e-07 1803000.3225217 350
75 1.344786898077928e-07 3.908353104338148e-07 1725614.269216376 192
78 4.554439050081066e-08 1.223907198498529e-07 2338152.758355591 44
81 2.415708773852756e-08 5.347773030561447e-08 1882570.195776521 25


3 1.316813955080992e-08 9.848648467165183e-09 24195075.45734953 18
6 8.813167136704683e-08 6.369810779545893e-08 23239693.35343769 62
9 9.394194067988442e-08 1.173256973513058e-07 12908147.13638992 98
12 2.203922620109741e-07 2.400451474437939e-07 9986285.660378411 210
15 4.253154930969744e-07 4.797414178341353e-07 9391240.299711905 350
18 4.501927645528189e-07 5.83882792054846e-07 6853118.950322496 450
21 5.494224746107421e-07 8.0864098467355e-07 5690482.4925845 602
24 6.631313766709591e-07 9.749846642619227e-07 4745704.699669268 762
27 9.196886946631029e-07 1.611442245885486e-06 4267413.671230717 1142
30 9.619440711337359e-07 1.674123923585238e-06 3656181.758658478 1250
33 1.009748190013579e-06 2.158505281991402e-06 3348203.210907514 1458
36 1.353079468456191e-06 2.610576233349183e-06 3119376.890309141 1814
39 1.62573273096591e-06 2.923786669744472e-06 2773617.797777062 2178
42 1.851247399245329e-06 3.653493459486561e-06 2687060.567680043 2498
45 1.904819687469213e-06 4.145450345499372e-06 2594845.469988255 2622
48 2.189411575109837e-06 5.011950240294617e-06 2363526.314842233 3191
51 2.249492863898195e-06 4.942473212104138e-06 2338276.986460318 3044
54 1.900896778979349e-06 4.530758429494523e-06 2173564.069896954 2736
57 1.555708697061389e-06 3.814135377114088e-06 2057545.079351688 2276
60 1.37499026408337e-06 3.498826593772519e-06 1991262.029426278 2016
63 1.141416911184266e-06 2.943007978729731e-06 1948037.175886423 1640
66 7.743565314910301e-07 2.095794054127829e-06 2013870.350226506 1056
69 4.647765599011115e-07 1.391034984248966e-06 1898107.35200602 683
72 2.227747586891617e-07 7.475500619239609e-07 1825292.458477739 350
75 1.318827382255422e-07 3.559977713935321e-07 1650499.974969733 192
78 3.538793113281399e-08 1.684568145662144e-07 2685370.485299581 44
81 2.170175438947283e-08 5.023637852533777e-08 1767744.426272611 25


3 1.173687963123208e-08 7.501673675369569e-09 20856553.17929805 18
6 7.507636180794894e-08 6.11701432660002e-08 20958873.43997705 62
9 9.424066557623625e-08 1.066587728621921e-07 12622951.31046806 98
12 2.080085901777087e-07 2.569763530140689e-07 10133707.616261 210
15 4.142690795047154e-07 4.851671592177863e-07 9462433.628148718 350
18 3.995424703442517e-07 6.072950160386835e-07 6684587.039562977 450
21 5.24905414398041e-07 7.901150121939548e-07 5600202.914460039 602
24 6.355195755785366e-07 1.004401392221877e-06 4803254.474898852 762
27 9.245663415282558e-07 1.503709567697704e-06 4205714.696246298 1142
30 9.571034554885612e-07 1.633468446433319e-06 3669812.243184799 1250
33 1.107386000312054e-06 1.844504570126514e-06 3267624.161954335 1458
36 1.350258276815005e-06 2.462348584258493e-06 3077898.626465787 1814
39 1.47777492136733e-06 3.095625860036435e-06 2794204.271845171 2178
42 1.817411982298769e-06 3.635865013482471e-06 2709660.326997401 2498
45 1.874750296145904e-06 3.979983627350433e-06 2568226.352118707 2622
48 2.237917349692414e-06 4.84256131156092e-06 2385548.362724191 3191
51 2.169507441556134e-06 4.920003390926505e-06 2341683.820278527 3044
54 1.907952602945601e-06 4.482278103900847e-06 2206658.776744292 2736
57 1.541264504266387e-06 3.750433726834245e-06 2070068.315130981 2276
60 1.428247313607299e-06 3.331573877811451e-06 2005251.282385208 2016
63 1.1164695991359e-06 3.007434590154096e-06 1995528.530859367 1640
66 7.492357082163435e-07 1.939496675930853e-06 1935650.06560992 1056
69 4.87111785962377e-07 1.347930334281847e-06 1934201.469706246 683
72 2.465329781082434e-07 6.54621747737177e-07 1783196.044655998 350
75 1.228239238010572e-07 3.767599214231925e-07 1694380.004253053 192
78 4.253017932245317e-08 1.085997856135425e-07 2202052.848929772 44
81 1.087525751452502e-08 7.167769472568644e-08 1816309.783272447 25


3 1.214953705442557e-08 8.067699421032281e-09 22161380.22470608 18
6 6.874804577942989e-08 5.549966721923285e-08 19428875.77149054 62
9 9.795319376721154e-08 9.186680596365557e-08 12351442.27999953 98
12 2.00932022596879e-07 2.38103993381684e-07 9777750.404728182 210
15 3.81988532879109e-07 5.049842613451209e-07 9381836.079289902 350
18 3.723803052542245e-07 6.200650635653189e-07 6654105.642606361 450
21 5.061485466030565e-07 7.581941862702225e-07 5488002.975346687 602
24 6.097375122143998e-07 1.045272038364595e-06 4899771.183492305 762
27 9.088037209894287e-07 1.460048854046371e-06 4185588.631149638 1142
30 9.223453255438257e-07 1.544496709464842e-06 3568048.486526721 1250
33 1.0995719602445e-06 1.850500108677281e-06 3323561.122737986 1458
36 1.338369021918004e-06 2.365250050502524e-06 3057847.752142048 1814
39 1.417445487932472e-06 2.993141087192939e-06 2746740.478255276 2178
42 1.75113526635067e-06 3.699833690486522e-06 2746085.44391209 2498
45 1.957542187461674e-06 3.75674204536648e-06 2584974.62776883 2622
48 2.250709926350684e-06 4.778284411265977e-06 2420556.536945127 3191
51 2.160549643199434e-06 4.795478229153986e-06 2349732.284060116 3044
54 1.937505028156355e-06 4.327043348758872e-06 2219895.937988551 2736
57 1.529731866301359e-06 3.81024043851848e-06 2125742.272627237 2276
60 1.377589535258186e-06 3.53775149407568e-06 2088514.608502412 2016
63 1.122814464598526e-06 2.798584192063625e-06 1954892.812998525 1640
66 7.056505335174271e-07 1.912653798331515e-06 1912593.045739569 1056
69 4.725363304295907e-07 1.322412343728288e-06 1928528.419172823 683
72 2.358547375185635e-07 6.867661313677119e-07 1841353.299719229 350
75 1.221702278741136e-07 3.423241735871759e-07 1627323.472115648 192
78 3.570044962082371e-08 1.09643841310531e-07 2107510.876881942 44
81 1.769180344608049e-08 3.022647424735836e-08 1279602.318190937 25


3 1.082581666050937e-08 8.554034875402274e-09 21264141.59102511 18
6 5.894799008267957e-08 5.609029101777084e-08 18020680.04258525 62
9 9.295601906363533e-08 8.46534197222017e-08 11786752.40095003 98
12 2.079535159987925e-07 2.3527086201228e-07 10089655.29362639 210
15 3.493954275231555e-07 4.875642804530851e-07 8967610.56741997 350
18 3.774376853051364e-07 5.800041032031259e-07 6589550.125059972 450
21 5.257779144776669e-07 7.343708432980155e-07 5608327.535304628 602
24 6.431080327603742e-07 9.156421296324453e-07 4786961.859495101 762
27 8.842611152673701e-07 1.425365607521653e-06 4155427.90250193 1142
30 8.607811661911416e-07 1.635422119528883e-06 3633092.051254673 1250
33 1.015349963347576e-06 1.918613444970678e-06 3328258.261915205 1458
36 1.258717155242238e-06 2.406670349382017e-06 3058561.026980878 1814
39 1.577988946811058e-06 2.64044408279053e-06 2743139.028791239 2178
42 1.824500674468608e-06 3.383644474826892e-06 2711216.43014046 2498
45 1.794963452785733e-06 4.010744073161193e-06 2633380.741733599 2622
48 2.193452416395171e-06 4.689645237251511e-06 2414218.439396096 3191
51 2.117001974513722e-06 4.643140232644849e-06 2330824.448705678 3044
54 1.8686627248725e-06 4.433026698397508e-06 2260974.829300481 2736
57 1.542990716025299e-06 3.754112413876245e-06 2155760.040292492 2276
60 1.407368230924555e-06 3.425491363013227e-06 2106677.501269416 2016
63 1.041748835336071e-06 2.85541728924649e-06 1958912.014985878 1640
66 7.255239075798927e-07 1.784816547133224e-06 1892055.737407366 1056
69 4.629700605335306e-07 1.284042710632816e-06 1916161.553818763 683
72 2.334513937307868e-07 6.892714747504185e-07 1874800.535031918 350
75 1.274874611044358e-07 3.517302228559369e-07 1715449.016418883 192
78 3.51106216868052e-08 1.073770036920156e-07 2108417.274769607 44
81 1.419382511722263e-08 2.843027283523806e-08 1132719.513180722 25


3 1.081163942248504e-08 8.179059388938068e-09 21331386.40357421 18
6 5.794878626319319e-08 5.265638937517288e-08 17740458.59626366 62
9 9.724970161046091e-08 9.198834504869685e-08 12756543.66164699 98
12 1.95727183719833e-07 2.264306951042594e-07 9769707.33452845 210
15 3.339125157108857e-07 4.641739003678599e-07 8711996.782097491 350
18 3.634605386992532e-07 5.771672766447281e-07 6570310.59051711 450
21 5.171252075719602e-07 7.072567767214385e-07 5560261.896983717 602
24 6.41648578567495e-07 8.88381022779102e-07 4797689.867865281 762
27 8.242589070668617e-07 1.412330689383408e-06 4071725.276788736 1142
30 8.820564731690514e-07 1.519636546559136e-06 3592547.985968973 1250
33 9.798188314791845e-07 1.848745623874434e-06 3266367.31119572 1458
36 1.25248776508099e-06 2.39552437873249e-06 3098069.121126509 1814
39 1.476689930788665e-06 2.81380769102606e-06 2800789.451740667 2178
42 1.711717395705272e-06 3.494167830064921e-06 2729997.222784821 2498
45 1.889408858531971e-06 3.537348602525513e-06 2553021.099169821 2622
48 2.231451956825776e-06 4.607687138540906e-06 2450380.003495012 3191
51 2.0657019306367e-06 4.731158202447558e-06 2373107.872017564 3044
54 1.897512190068167e-06 4.291243236895163e-06 2271459.164199423 2736
57 1.5451723737392e-06 3.618213013369967e-06 2147390.51733247 2276
60 1.382709214767042e-06 3.460880347114882e-06 2141425.177162534 2016
63 1.084611561952847e-06 2.598012078550483e-06 1913694.502088679 1640
66 7.151032433733268e-07 1.775250892879884e-06 1907788.166940719 1056
69 4.419665345932296e-07 1.214111365793003e-06 1850306.501478989 683
72 2.386426399364648e-07 6.286387758308794e-07 1818915.378947456 350
75 1.213664986430523e-07 3.695742191404699e-07 1765760.820654848 192
78 3.788431147131857e-08 9.345600347126932e-08 2035108.096836497 44
81 9.734414663442294e-09 6.399563848452026e-08 1725419.290804942 25


3 8.238608728081731e-09 7.48692809794663e-09 17726603.58838692 18
6 5.862133938999447e-08 5.581946748376998e-08 18645490.18344587 62
9 9.483345478331412e-08 8.898052415077844e-08 12650948.07894762 98
12 1.920817816879076e-07 2.275557886510268e-07 9876499.994842451 210
15 3.341843609592188e-07 4.429514526977635e-07 8681145.835427543 350
18 3.55277885253944e-07 5.619357601053634e-07 6523105.943368038 450
21 4.990121328001775e-07 7.367851585686456e-07 5670694.884641644 602
24 5.708676119006863e-07 8.803072291277423e-07 4582277.129505304 762
27 8.268756925362534e-07 1.315056319279382e-06 3998740.674279643 1142
30 8.988999014075899e-07 1.437471978602133e-06 3584016.912941793 1250
33 1.02322878044101e-06 1.722697835855502e-06 3264761.524417712 1458
36 1.267041393950883e-06 2.27633756854505e-06 3081316.617963344 1814
39 1.402980401944423e-06 2.933820624161191e-06 2850553.481385591 2178
42 1.737960521759718e-06 3.389709379495404e-06 2748325.879705621 2498
45 1.790339758809635e-06 3.780135136125674e-06 2629631.37869318 2622
48 2.179853231222276e-06 4.615598877862097e-06 2468790.124458959 3191
51 2.065285423090976e-06 4.534424529081187e-06 2353959.764407306 3044
54 1.809995825273145e-06 4.269054593713995e-06 2257232.474638769 2736
57 1.455942022599529e-06 3.527443262037515e-06 2098555.220057721 2276
60 1.396440825461028e-06 3.31543596115974e-06 2130956.092145696 2016
63 1.003709705021068e-06 2.611891855641506e-06 1890744.824144896 1640
66 6.966053059764614e-07 1.866920219318655e-06 1977380.336586872 1056
69 4.412537445828531e-07 1.121728035692178e-06 1792453.977371999 683
72 2.367534857710566e-07 6.509203959665907e-07 1881968.546453726 350
75 1.373427515528273e-07 3.504341248614975e-07 1825181.810386558 192
78 3.126625306319269e-08 9.409005145263752e-08 1922332.823837326 44
81 2.236609917675542e-08 4.602439565093996e-08 1873831.539104319 25


3 5.734372036444305e-09 5.777105885382953e-09 13095379.14665289 18
6 5.987072273311028e-08 4.900024250833975e-08 18361136.33868643 62
9 8.780899699387481e-08 9.153845493046445e-08 12447046.6702903 98
12 2.057614764313845e-07 2.04951109331236e-07 10026105.74347623 210
15 3.158732636271403e-07 4.22153234035342e-07 8388094.281138072 350
18 3.412645722838274e-07 5.516059257385099e-07 6448253.408951228 450
21 4.690289409665525e-07 7.045101595060859e-07 5471465.745255815 602
24 5.537115926353403e-07 9.140000642441447e-07 4682710.067620302 762
27 8.242990057949852e-07 1.310726828058215e-06 4056494.44719793 1142
30 8.777197638692487e-07 1.432579803231688e-06 3598840.090587178 1250
33 1.013867425184531e-06 1.728326410497295e-06 3312764.326796783 1458
36 1.252661631856286e-06 2.140595764754694e-06 3019020.229260034 1814
39 1.512980473006157e-06 2.824217730082216e-06 2936687.22940293 2178
42 1.694645625676674e-06 3.213856798202973e-06 2684720.560665954 2498
45 1.761087656393165e-06 3.692563236577681e-06 2620729.68305125 2622
48 2.157958472757044e-06 4.617752912466014e-06 2500568.822950088 3191
51 2.025506383836958e-06 4.438533121590337e-06 2345359.135717243 3044
54 1.822714204813117e-06 4.027688209465974e-06 2226573.752721534 2736
57 1.50757547033788e-06 3.386956504264357e-06 2115341.774282207 2276
60 1.363627718986504e-06 3.279907661661333e-06 2132258.316408082 2016
63 1.019699853787134e-06 2.553859850663875e-06 1909370.277873597 1640
66 7.022084489872663e-07 1.821132656646825e-06 1987310.505731192 1056
69 4.530754114685623e-07 1.177190570132797e-06 1896266.586907718 683
72 2.147353225254401e-07 6.32946222414281e-07 1810863.876880816 350
75 1.248678309360446e-07 3.92664506465903e-07 1915389.198510722 192
78 3.280297369225443e-08 8.775741704201751e-08 1910370.808357556 44
81 1.817746204487403e-08 4.456365594690692e-08 1705225.180927875 25


3 5.973617881831772e-09 5.795628607643978e-09 13644566.69775004 18
6 5.538052877172893e-08 4.752982125909253e-08 17518750.28257439 62
9 8.54264597209119e-08 8.616372885333463e-08 12131093.32093933 98
12 2.001152933123836e-07 2.052909439117427e-07 10016999.42846338 210
15 3.100496393106753e-07 4.076975870472019e-07 8308416.961657093 350
18 3.756511478751809e-07 5.003813674386889e-07 6566130.465646284 450
21 4.470253516489248e-07 6.862164672074348e-07 5364772.111224947 602
24 5.299620085933612e-07 8.801977313502668e-07 4577985.569492526 762
27 8.208490709500145e-07 1.278388637844505e-06 4068099.656519783 1142
30 8.599781093559941e-07 1.419016309264267e-06 3609415.821394791 1250
33 9.343867641398766e-07 1.792556243989323e-06 3313068.381451872 1458
36 1.185432606576668e-06 2.235238896773634e-06 3066190.982513636 1814
39 1.465318859656394e-06 2.711575588136426e-06 2883125.615025233 2178
42 1.624196564607642e-06 3.278233436696413e-06 2712912.600180929 2498
45 1.839790584731319e-06 3.534588607589135e-06 2657565.875267543 2622
48 2.183316997947503e-06 4.352717462249875e-06 2478156.713544432 3191
51 1.943084291890379e-06 4.288643786788483e-06 2302734.470824292 3044
54 1.739064139264201e-06 4.030061454374458e-06 2225469.580634424 2736
57 1.436506175066509e-06 3.563917060962526e-06 2177409.230008974 2276
60 1.348362449509867e-06 3.182585707093449e-06 2126195.889938442 2016
63 9.807454931988966e-07 2.543446241072361e-06 1911949.964174341 1640
66 6.77927066616501e-07 1.771446378765912e-06 1965517.807025641 1056
69 4.474631758957877e-07 1.242807458609635e-06 1987933.036667865 683
72 2.269883354885864e-07 6.162296911418887e-07 1857153.467430108 350
75 1.368827637904413e-07 3.61280172607975e-07 1923921.583710533 192
78 3.410700439878597e-08 1.124567373975218e-07 2304491.78200162 44
81 1.220469853853783e-08 5.72525371182096e-08 1772091.492997751 25


3 5.751462990461909e-09 6.064171505921048e-09 13785236.94149326 18
6 5.723169107921355e-08 4.479885043678417e-08 17715721.46591743 62
9 8.085018909169368e-08 8.582790828134092e-08 11891927.41648932 98
12 1.946902231655148e-07 1.933812954409254e-07 9749270.695491403 210
15 2.995654866573932e-07 3.825636482325535e-07 8046479.796099844 350
18 3.806539520766052e-07 4.489219614573223e-07 6389793.030740296 450
21 4.456223436058374e-07 6.704968108880287e-07 5388064.191370298 602
24 5.257369535472226e-07 8.429673015261012e-07 4540532.378428021 762
27 7.402362891279273e-07 1.285876338936836e-06 3956408.709535222 1142
30 8.431901646855231e-07 1.37098944750672e-06 3576269.871265785 1250
33 9.510485971480945e-07 1.717471959224736e-06 3325346.790078571 1458
36 1.145466792639033e-06 2.267528796719373e-06 3104970.711125892 1814
39 1.42688700503022e-06 2.700476845927758e-06 2897518.012112795 2178
42 1.634170889702132e-06 3.168762274186965e-06 2721818.519728566 2498
45 1.754433718911706e-06 3.592127277016581e-06 2677715.863864422 2622
48 2.153702283448502e-06 4.389756482635199e-06 2523892.142124347 3191
51 1.951866407066916e-06 4.237523027488745e-06 2338081.298083614 3044
54 1.701158907420698e-06 3.849404944285194e-06 2191430.686202362 2736
57 1.508157927366397e-06 3.193133135299159e-06 2127041.578983022 2276
60 1.327992648136381e-06 3.185805442445895e-06 2157967.883686316 2016
63 1.044802480551321e-06 2.445164900402585e-06 1956552.680659451 1640
66 7.016995381104478e-07 1.642935252480101e-06 1946093.742506247 1056
69 4.51185256017154e-07 1.144028271845573e-06 1937466.996670544 683
72 2.201860854643805e-07 5.672744089266505e-07 1782380.234929677 350
75 1.354061917239234e-07 3.720823168642219e-07 1991595.709322676 192
78 2.730957903240968e-08 1.202776053362596e-07 2298228.220287614 44
81 1.732049464150191e-08 4.037978885777207e-08 1640345.382998574 25


3 6.968925138124245e-09 5.244191597465015e-09 14891425.16262771 18
6 4.780580434888794e-08 4.422321329080833e-08 16000286.52115833 62
9 7.748597160803539e-08 8.841041823713561e-08 11956601.37493091 98
12 1.755134895021182e-07 1.983391789192504e-07 9438287.95388031 210
15 3.00200127834106e-07 3.629344727006044e-07 7992292.614928791 350
18 3.630916827712838e-07 4.452003262455855e-07 6307477.083797373 450
21 4.741196301046103e-07 6.06136219461738e-07 5382432.970471586 602
24 5.308946401635665e-07 8.175148512825301e-07 4568347.858205635 762
27 7.412601511207747e-07 1.244710344201857e-06 3959388.917386387 1142
30 8.10507776983162e-07 1.31939558506063e-06 3500242.209215345 1250
33 9.678323744813862e-07 1.637203009367762e-06 3324300.339520996 1458
36 1.226395726538713e-06 2.064979963762648e-06 3095096.043770134 1814
39 1.396215370519409e-06 2.714189977813854e-06 2930151.906497259 2178
42 1.630580726237745e-06 3.082741553675914e-06 2725945.217673412 2498
45 1.729942406897215e-06 3.514589107622405e-06 2676550.885369741 2622
48 2.0949155075742e-06 4.335590401263206e-06 2521492.032714514 3191
51 2.03598169301476e-06 3.967924054649788e-06 2335210.71417707 3044
54 1.702249604907797e-06 3.680224819531479e-06 2174328.852947066 2736
57 1.379469653700063e-06 3.451658578309091e-06 2186677.000713963 2276
60 1.323775444436344e-06 3.202062443689002e-06 2201847.069041108 2016
63 9.926688572810998e-07 2.487230479850354e-06 1971684.822397682 1640
66 6.270824789522611e-07 1.737438829094842e-06 1961420.420829731 1056
69 4.332932777095716e-07 1.192481852532372e-06 1992379.327536259 683
72 2.090334151668989e-07 5.993044269654584e-07 1840664.77602949 350
75 1.392852847341564e-07 3.737732695071436e-07 2056601.159487761 192
78 3.61642914244662e-08 8.703722576613103e-08 2097543.181678162 44
81 1.497531861709924e-08 4.631768957046e-08 1712336.116145004 25


3 8.448830981544954e-09 4.694013441063948e-09 16736501.92218874 18
6 4.290473710164808e-08 4.282000301239423e-08 15086681.47282696 62
9 7.014249622049129e-08 8.826712502463519e-08 11520897.20825543 98
12 1.617387265345627e-07 1.959018865109103e-07 9134569.926080782 210
15 2.905789679579825e-07 3.505911752177768e-07 7865607.718880864 350
18 3.657255830483466e-07 4.186953063680835e-07 6268811.215534237 450
21 4.611006012332276e-07 5.98690143810912e-07 5364850.131815835 602
24 5.170366761475209e-07 8.320361425870114e-07 4628495.941506974 762
27 7.577733157537704e-07 1.186969711860945e-06 3966825.426402391 1142
30 7.747692770116169e-07 1.311031810543087e-06 3471955.510597752 1250
33 9.578222720834235e-07 1.595128154445643e-06 3316654.083030361 1458
36 1.180986661821162e-06 2.010406210932185e-06 3047341.631170414 1814
39 1.428513717158143e-06 2.615540138505741e-06 2946641.582540552 2178
42 1.627309167342518e-06 3.09890076373721e-06 2775623.797153427 2498
45 1.767165922436413e-06 3.349234160229434e-06 2671836.763859581 2622
48 2.067670544398768e-06 4.147356943776109e-06 2484000.633209437 3191
51 1.859972349041979e-06 4.209222450023079e-06 2361410.007802062 3044
54 1.636594125620957e-06 3.724092360850672e-06 2188047.619430799 2736
57 1.483009956608806e-06 3.182808608868885e-06 2180655.316611525 2276
60 1.335135069510397e-06 3.136007073617824e-06 2216706.423695469 2016
63 1.011118749568043e-06 2.429569898543978e-06 1989674.193469343 1640
66 6.865704180629525e-07 1.614355749908794e-06 1975040.579846113 1056
69 4.393491538030683e-07 1.147193254974008e-06 1986789.644576952 683
72 2.130362347165085e-07 5.633044015037497e-07 1812301.976359808 350
75 1.339976158303456e-07 3.193948664399478e-07 1873665.343579279 192
78 3.151734517522549e-08 9.429941186487359e-08 2117519.665597546 44
81 1.657903877982519e-08 3.491995149815089e-08 1535917.512161606 25


3 8.326748301826105e-09 4.203567270152271e-09 16450140.63570813 18
6 3.914853008226295e-08 3.716985823640872e-08 13757170.27710774 62
9 6.781486745336619e-08 8.507519783076571e-08 11322471.94176373 98
12 1.406332528654667e-07 2.044128849588573e-07 8816773.044700105 210
15 2.719858119065359e-07 3.531826287439931e-07 7752895.106776164 350
18 3.390677455605901e-07 4.293268010680421e-07 6192635.816282002 450
21 4.228287909672465e-07 5.792565124963543e-07 5135281.956771914 602
24 5.195724173987245e-07 7.728925110318942e-07 4542046.45196588 762
27 7.685260741432875e-07 1.215399360940128e-06 4109495.859391665 1142
30 7.707555492988549e-07 1.361324730289045e-06 3590858.488213587 1250
33 9.67844633393093e-07 1.579627106669076e-06 3370045.925185602 1458
36 1.100009633309921e-06 2.040755837418254e-06 3020220.115345574 1814
39 1.386717021855941e-06 2.498315738504984e-06 2880103.995874391 2178
42 1.552093407120047e-06 3.192538163310815e-06 2806882.263412335 2498
45 1.710997851451708e-06 3.34262627688755e-06 2671511.726189332 2622
48 2.009277103481094e-06 4.184762181453347e-06 2503488.957983454 3191
51 1.954494856365703e-06 3.975448205942671e-06 2369285.026088334 3044
54 1.693843822373852e-06 3.570196870937706e-06 2199669.075911185 2736
57 1.362889784006442e-06 3.297424857382299e-06 2181134.750269909 2276
60 1.277071733239142e-06 3.087391206693492e-06 2188551.538297347 2016
63 9.856151062041158e-07 2.505141188996973e-06 2034837.779406338 1640
66 6.37147201492212e-07 1.713826265417585e-06 2015313.513779746 1056
69 4.503993212408083e-07 1.126958614057052e-06 2014643.792405436 683
72 2.012747158364903e-07 5.749332713884965e-07 1821497.903912184 350
75 1.298751660609083e-07 3.513404002176908e-07 1986682.757600373 192
78 2.641935952063816e-08 8.651636709949721e-08 1906596.212248981 44
81 1.446263765896876e-08 3.204227120901529e-08 1399589.888036688 25


3 7.072002404476209e-09 3.880747222889647e-09 14572522.6538946 18
6 3.681288568157066e-08 3.258090157899827e-08 12827787.92544955 62
9 7.062980378777216e-08 8.267502057862027e-08 11632004.68225727 98
12 1.321999067198831e-07 2.098720373836428e-07 8811184.644095063 210
15 2.524961896035141e-07 3.718876048203288e-07 7777433.304725586 350
18 3.038499014280873e-07 4.233421659815006e-07 5904698.596080801 450
21 4.0177428345379e-07 5.630214421774403e-07 5017075.276799088 602
24 5.136227870697492e-07 7.923820095190802e-07 4648929.468234338 762
27 7.382206806121048e-07 1.170262571329726e-06 4017655.066478149 1142
30 7.921646801322665e-07 1.244807727328407e-06 3529124.314317057 1250
33 9.297949842790572e-07 1.635618994371832e-06 3422334.57562833 1458
36 1.113386338990117e-06 2.009788260567542e-06 3060492.45937866 1814
39 1.363511739706928e-06 2.496336592944108e-06 2902650.480413347 2178
42 1.629299645623678e-06 2.98669478347361e-06 2809251.691776338 2498
45 1.614051203481642e-06 3.271146191233288e-06 2613138.725319117 2622
48 2.042442554539477e-06 4.034194702280522e-06 2509868.600953132 3191
51 1.840665849899503e-06 4.06306676193915e-06 2374022.260876596 3044
54 1.621466620236898e-06 3.744194029672009e-06 2253394.444161098 2736
57 1.388114258522384e-06 3.210770288657016e-06 2197257.696690252 2276
60 1.253316458491362e-06 2.979672684244953e-06 2160010.516389925 2016
63 1.031034591912507e-06 2.457531904974491e-06 2081344.878455516 1640
66 7.056969033839297e-07 1.540977528500628e-06 2007295.563857228 1056
69 4.181718641387698e-07 1.178311461386325e-06 2040663.960504701 683
72 2.089743403854181e-07 5.932933922859561e-07 1912802.831116239 350
75 1.150030577299265e-07 3.608460624050485e-07 1956954.226469157 192
78 2.945212160770762e-08 6.814509938777493e-08 1751116.618427266 44
81 1.387731060597273e-08 3.740261371797373e-08 1525850.390752219 25


3 7.029464634772349e-09 5.255894034118715e-09 16140990.33032954 18
6 3.443163636271148e-08 3.096464586859139e-08 12255729.67405242 62
9 6.988703666197652e-08 7.666741107692748e-08 11368883.17804555 98
12 1.336176902890669e-07 2.011995209148476e-07 8814060.16060042 210
15 2.419200920467498e-07 3.54017779387856e-07 7550830.83852236 350
18 2.715743115398543e-07 4.327762469555182e-07 5735833.196595209 450
21 4.162359969253438e-07 5.598545156764519e-07 5180362.438342595 602
24 4.851676255599597e-07 7.062103044566696e-07 4336713.643833727 762
27 7.229111431842648e-07 1.170288135436443e-06 4043202.6698879 1142
30 7.802102161086348e-07 1.199951105112053e-06 3495402.182471958 1250
33 9.141439816530531e-07 1.563316471827856e-06 3370576.707909575 1458
36 1.078440714494058e-06 1.941839023058475e-06 3010474.194852266 1814
39 1.314627094785732e-06 2.444505127904753e-06 2869847.96169445 2178
42 1.638085404492156e-06 2.971924124296755e-06 2856007.710868045 2498
45 1.691847699233441e-06 3.106248819415757e-06 2638952.389766269 2622
48 1.990403544299206e-06 3.94551424406968e-06 2492314.868421892 3191
51 1.907404690640747e-06 3.867476867711703e-06 2384853.461113634 3044
54 1.630237982478508e-06 3.615102157978236e-06 2251429.553904832 2736
57 1.404055128057793e-06 3.141808284484474e-06 2217954.535662973 2276
60 1.237895600307242e-06 2.8703913698125e-06 2138818.803682634 2016
63 1.035964749037148e-06 2.443095892472744e-06 2114163.900257934 1640
66 6.47140814640395e-07 1.745863463904282e-06 2118672.422682334 1056
69 4.455530986833138e-07 1.083677148314008e-06 2025243.553701659 683
72 2.192722961113749e-07 5.555837176487989e-07 1907031.76867175 350
75 1.438564267357219e-07 3.568601310379221e-07 2159978.689158984 192
78 2.813846197101942e-08 5.212239907843405e-08 1512259.177925271 44
81 1.460223468994204e-08 3.069435373195174e-08 1419109.949701956 25


3 6.469091829284034e-09 4.20249812154081e-09 14338894.94934658 18
6 3.316520979468031e-08 2.977113922985639e-08 11942601.61896624 62
9 6.656506434656186e-08 7.237129868722773e-08 10936314.46038747 98
12 1.391500728129195e-07 2.148086323443389e-07 9452932.054147292 210
15 2.258715459415008e-07 3.407404393250075e-07 7277105.602928529 350
18 2.668923103292376e-07 4.10437654745337e-07 5628844.617352746 450
21 3.942250271865278e-07 5.724591046427053e-07 5173440.880997085 602
24 4.642643698271752e-07 6.610764707656793e-07 4171235.278105682 762
27 7.333382292321273e-07 1.115556691668114e-06 4039603.597761306 1142
30 7.610867820429525e-07 1.225239156888616e-06 3548700.314423577 1250
33 8.607992190116611e-07 1.509339811400646e-06 3272951.896126391 1458
36 1.067357449443845e-06 1.884088713755402e-06 2999921.513618493 1814
39 1.260011412166003e-06 2.428674677351453e-06 2856568.417609594 2178
42 1.571109447441022e-06 3.010278654904342e-06 2872638.30646972 2498
45 1.636197310985951e-06 3.109793559880386e-06 2646832.462183307 2622
48 1.93180851275707e-06 4.1132358406438e-06 2565535.132694177 3191
51 1.846271646820369e-06 3.809131077858116e-06 2373961.495681316 3044
54 1.674517524681553e-06 3.527449007582684e-06 2287616.584055339 2736
57 1.36798964546876e-06 3.08720814692945e-06 2212668.67337797 2276
60 1.21886839828694e-06 2.906756912214289e-06 2182229.331235723 2016
63 1.00166820646953e-06 2.403530213915108e-06 2104706.805833222 1640
66 6.581156831120207e-07 1.545536642963262e-06 2021775.154845923 1056
69 4.313726998732746e-07 1.170066719460937e-06 2134353.384929283 683
72 2.134950324433952e-07 6.018771377247979e-07 2019590.978574437 350
75 1.109522442574934e-07 3.908298054354831e-07 2116315.783160513 192
78 1.945450552986819e-08 8.429780110683125e-08 1791859.283701733 44
81 1.489491979393018e-08 2.969615321027789e-08 1432152.25704527 25


3 6.202640793370126e-09 5.135482010656133e-09 15108373.28435502 18
6 3.127320392088669e-08 2.708715432315228e-08 11246742.16276717 62
9 5.89303212880133e-08 7.669199529018297e-08 10669087.24457244 98
12 1.389888827930775e-07 2.14968789588511e-07 9611173.025054997 210
15 2.083573863458597e-07 3.503730725591967e-07 7232210.150363361 350
18 2.742856134113686e-07 3.862884003497329e-07 5623057.975914044 450
21 3.676214230364433e-07 6.021309541086697e-07 5222045.220387772 602
24 4.726375187841747e-07 6.411354463260422e-07 4212598.87568661 762
27 7.185322495380732e-07 1.099029636718971e-06 4035076.589837818 1142
30 7.294069069637588e-07 1.174938626074066e-06 3459877.846866295 1250
33 8.738365446860465e-07 1.46127659740522e-06 3295088.503017188 1458
36 1.04361010342505e-06 1.891380062624442e-06 3028578.201883062 1814
39 1.256895008397611e-06 2.265658541375583e-06 2794650.220430773 2178
42 1.52788166071172e-06 2.963854864130531e-06 2863983.794119765 2498
45 1.532150779603107e-06 3.109001055711909e-06 2618627.307934405 2622
48 2.006988032584527e-06 3.890588830313943e-06 2572774.427957051 3191
51 1.820970808269297e-06 3.863861265986889e-06 2423389.052239269 3044
54 1.643909447811392e-06 3.558231638223852e-06 2323374.730538047 2736
57 1.385953122648613e-06 3.038383080610663e-06 2245330.103046701 2276
60 1.241340028033891e-06 2.729686028116622e-06 2158429.76807574 2016
63 9.978839936589051e-07 2.366117512767455e-06 2121281.785892369 1640
66 6.188894914134517e-07 1.56916010042699e-06 2028044.084307495 1056
69 4.477785271439155e-07 1.093754199884633e-06 2118608.267774409 683
72 2.395906760038642e-07 5.609257153737991e-07 2064984.746316016 350
75 1.459206165675232e-07 2.681322563930318e-07 1923659.58488453 192
78 3.026288470700861e-08 4.51400710741563e-08 1510690.78585073 44
81 1.18837549435087e-08 3.98277815894171e-08 1585709.786430522 25


3 4.90766609477691e-09 5.97259400624749e-09 14278836.72351859 18
6 2.899260698525872e-08 2.664391843560218e-08 10831108.21939602 62
9 5.753783840523703e-08 7.785557923093555e-08 10788384.47192911 98
12 1.246683468891864e-07 2.173151656107653e-07 9350616.486135896 210
15 2.036543762321107e-07 3.408300993081131e-07 7167413.618091572 350
18 2.682577946491865e-07 3.778807535297697e-07 5588076.475851407 450
21 3.70003268160259e-07 5.647721743041085e-07 5146289.399016332 602
24 4.669844561207794e-07 6.192998351876722e-07 4181892.287362084 762
27 6.878019640538216e-07 1.099131960836134e-06 4016795.688437318 1142
30 7.182361304812797e-07 1.202907395074756e-06 3535890.678414549 1250
33 8.427894349612369e-07 1.440494625579113e-06 3268754.029831074 1458
36 1.056751603046411e-06 1.795651408808216e-06 3009208.645258757 1814
39 1.271808928503942e-06 2.212606468498043e-06 2819110.605933319 2178
42 1.546773573222349e-06 2.808938900393557e-06 2840788.943233239 2498
45 1.564945839699551e-06 2.929702004603883e-06 2597918.599896608 2622
48 1.987501585245084e-06 3.811184792065282e-06 2574409.695482518 3191
51 1.860080281326713e-06 3.641896385944882e-06 2403613.729782246 3044
54 1.653206488331394e-06 3.460462249411072e-06 2330140.744849965 2736
57 1.372200734242168e-06 3.018973193485542e-06 2265308.116196128 2276
60 1.184078986812694e-06 2.787460097194191e-06 2180172.753700144 2016
63 9.816828947663677e-07 2.315164588321873e-06 2115575.155666819 1640
66 6.465002966262017e-07 1.429768175628949e-06 1986430.14089945 1056
69 4.41785837844127e-07 1.068908814346536e-06 2114106.775380888 683
72 2.221155383669827e-07 6.152167316095551e-07 2155772.913892822 350
75 1.143840929657568e-07 3.729878218582059e-07 2153590.41938423 192
78 1.387371010406869e-08 9.084140184102251e-08 1818445.928407087 44
81 1.194936739607185e-08 3.258212252643804e-08 1422244.904907032 25


3 4.293201032033456e-09 5.892031976326594e-09 13455543.93758568 18
6 2.629247317354829e-08 3.096184119345069e-08 11112758.71510224 62
9 5.857487865937877e-08 7.558955599021053e-08 10904181.75064488 98
12 1.274267286250504e-07 2.109771656834881e-07 9431856.363433713 210
15 1.968196582276292e-07 3.002805671153278e-07 6694589.977450264 350
18 2.402456762383971e-07 3.826575814312866e-07 5416340.565593051 450
21 3.896383975581048e-07 5.326431713270041e-07 5205711.48603007 602
24 4.366761480001309e-07 6.133479610781317e-07 4086786.348585766 762
27 6.720814569618611e-07 1.082791041648766e-06 4002774.322562667 1142
30 7.016542130178944e-07 1.249592229329563e-06 3626684.308383618 1250
33 8.282929160810847e-07 1.394898116009941e-06 3235553.859681053 1458
36 1.069966004331745e-06 1.719794266236518e-06 3003440.787162621 1814
39 1.244097229043717e-06 2.23547070442647e-06 2849450.026429988 2178
42 1.483460771216619e-06 2.700382166914317e-06 2769298.002148199 2498
45 1.583645118161084e-06 2.921173098095091e-06 2646847.453162312 2622
48 1.929137044859455e-06 3.892092977958783e-06 2610353.224676856 3191
51 1.828323053036511e-06 3.629417852865998e-06 2416739.577844514 3044
54 1.628932988048946e-06 3.44674995549636e-06 2344636.298108626 2736
57 1.351870404538589e-06 2.92654207735655e-06 2243498.70949134 2276
60 1.236556255677112e-06 2.666821724449977e-06 2194066.016818577 2016
63 9.910389319589425e-07 2.177334604460266e-06 2078841.18870558 1640
66 6.132132540146472e-07 1.558563775467209e-06 2076903.12056681 1056
69 4.279936988408821e-07 1.086091259732361e-06 2138601.247079721 683
72 2.165367495646221e-07 5.728362966784433e-07 2072162.402034719 350
75 1.333772721433586e-07 3.34627461329104e-07 2159841.85408599 192
78 3.006909137876136e-08 5.438756957668509e-08 1702192.434797007 44
81 1.18688830518325e-08 3.678907729629332e-08 1553413.198419162 25


3 4.336610501929749e-09 4.877173933005986e-09 12592986.16780104 18
6 2.317538941118803e-08 3.218050294440135e-08 10768852.24603374 62
9 5.775443781634104e-08 7.230549592741356e-08 10775922.37404014 98
12 1.392532103553816e-07 2.005168089607608e-07 9729160.083373692 210
15 2.14667521246775e-07 2.74081388387372e-07 6793230.610698954 350
18 2.38103458468852e-07 3.714424510690576e-07 5389645.130209982 450
21 3.956775518123484e-07 4.733859856358104e-07 5047521.441144145 602
24 4.293528908010165e-07 6.519690536655068e-07 4244451.184511384 762
27 6.685212564833545e-07 1.026920650077127e-06 3943047.690839067 1142
30 7.111840573739474e-07 1.164546707943368e-06 3564250.050736328 1250
33 7.968721928927e-07 1.36913683037253e-06 3192199.355909796 1458
36 1.024377222720761e-06 1.721596921014828e-06 2987327.060577597 1814
39 1.200207966666887e-06 2.278768850997055e-06 2873782.927660313 2178
42 1.439541557847055e-06 2.669618797244952e-06 2753384.674594111 2498
45 1.51719255460693e-06 3.030556106593029e-06 2687707.51119655 2622
48 1.946195879257998e-06 3.840846259739241e-06 2636505.357877365 3191
51 1.790826589181149e-06 3.629993802867215e-06 2428313.502124001 3044
54 1.56468631966875e-06 3.438892403589418e-06 2332881.548895764 2736
57 1.335927564309631e-06 2.812170269496917e-06 2211302.259076267 2276
60 1.136402721786689e-06 2.758348987439888e-06 2189839.709781793 2016
63 9.645442673707791e-07 2.307229586751939e-06 2154756.348956646 1640
66 6.665631740577042e-07 1.438190826348585e-06 2077676.145155182 1056
69 4.095446171690405e-07 9.953232886752636e-07 2020065.487904504 683
72 2.24948629377855e-07 5.495673075417675e-07 2078826.857777221 350
75 1.242471356793196e-07 3.334182289595772e-07 2122472.645559621 192
78 2.541758458498315e-08 6.890138827320516e-08 1830998.612639097 44
81 1.459299793860553e-08 2.924300679310765e-08 1498484.538666227 25


3 4.589234814536788e-09 4.169772647667602e-09 12444192.13473341 18
6 2.143900456698642e-08 2.944796295164633e-08 10071061.05408739 62
9 5.744881492421991e-08 6.436497014746651e-08 10378310.49367954 98
12 1.376305657487947e-07 1.850206231261445e-07 9449263.535984643 210
15 2.135563120580916e-07 2.70995875825462e-07 6851736.503666779 350
18 2.532397250393849e-07 3.694749493693865e-07 5627857.410644879 450
21 3.548539431272276e-07 4.899771464895796e-07 4918453.279316559 602
24 4.111599803204166e-07 6.468629751615412e-07 4201953.802457034 762
27 6.944854637876118e-07 9.888657134309987e-07 4006834.940042285 1142
30 7.065463620325392e-07 1.116577655221865e-06 3529257.260895931 1250
33 7.936861393675487e-07 1.411203492972494e-06 3285288.452220652 1458
36 9.184346588305696e-07 1.794788550685943e-06 2947968.764152074 1814
39 1.205355642346179e-06 2.175234029967168e-06 2847085.88683593 2178
42 1.411840905410225e-06 2.656638556559312e-06 2760587.715112483 2498
45 1.549787461695003e-06 2.922046654980372e-06 2696494.032653316 2622
48 1.908796169820053e-06 3.76395478242672e-06 2620763.945121689 3191
51 1.763900543914324e-06 3.63201627749067e-06 2446031.34532965 3044
54 1.592378411184942e-06 3.234744076565568e-06 2301613.147923407 2736
57 1.24897940263256e-06 2.885519415482619e-06 2210106.094293657 2276
60 1.180873673021348e-06 2.620676538588873e-06 2188073.283882773 2016
63 1.022926542398218e-06 2.207579017078654e-06 2182613.057947183 1640
66 6.092234267495658e-07 1.584505544440064e-06 2145793.35380552 1056
69 3.670857560533707e-07 1.002006319521851e-06 1966334.293869319 683
72 2.141660670352516e-07 5.758840321728052e-07 2123132.726020142 350
75 1.212099686231836e-07 3.175906567151797e-07 2067602.789157395 192
78 1.845529898824116e-08 5.987393399946459e-08 1505276.522300257 44
81 1.708587550495732e-08 3.520612320325304e-08 1808793.287775214 25


3 4.938333800510835e-09 2.99476274557564e-09 11851687.27384679 18
6 2.139930783984405e-08 2.979291967518711e-08 10272261.07861561 62
9 5.374882397620644e-08 6.775254379686077e-08 10382552.93755365 98
12 1.418822822315842e-07 1.748356383957594e-07 9496356.794596706 210
15 2.006645941043754e-07 2.535686923320075e-07 6521203.276876 350
18 2.59217637022508e-07 3.472756033632115e-07 5612253.929604553 450
21 3.164673849637972e-07 4.913522072995859e-07 4719599.090030599 602
24 4.027044555668221e-07 6.253912005540642e-07 4152284.862062151 762
27 6.747974451869065e-07 1.007834142571983e-06 4046254.885862413 1142
30 7.081417110819256e-07 1.062909359109071e-06 3500137.796220324 1250
33 8.37719871779294e-07 1.311968455319339e-06 3296797.129796459 1458
36 9.40177510852154e-07 1.787831967443988e-06 3020758.118274398 1814
39 1.208014754419175e-06 2.080889192179852e-06 2827883.785566892 2178
42 1.3910495910761e-06 2.595013706962916e-06 2750559.882609981 2498
45 1.529433917316948e-06 2.99424827575828e-06 2760204.291919285 2622
48 1.874181156450422e-06 3.640716170027412e-06 2593124.809680015 3191
51 1.723738013062161e-06 3.623756717101658e-06 2457898.115314757 3044
54 1.501240911500437e-06 3.425462838953127e-06 2356048.411595439 2736
57 1.307251146920993e-06 2.751929515033879e-06 2229280.290221092 2276
60 1.161652696977822e-06 2.577004886845476e-06 2187132.980988078 2016
63 9.162906349851873e-07 2.385208366799759e-06 2217424.504979167 1640
66 6.592625461011244e-07 1.470327796162058e-06 2157335.531287856 1056
69 4.037004131748993e-07 9.04953702163939e-07 1957726.034110018 683
72 2.06815982663807e-07 5.071726875645835e-07 1972958.230083209 350
75 1.161139405856265e-07 2.960389309117367e-07 1981057.351448752 192
78 2.562879426425365e-08 4.708132593167333e-08 1531434.257616248 44
81 1.14056086898852e-08 4.33111209668898e-08 1776268.316464624 25


3 4.905789633646984e-09 2.120623142396384e-09 10786595.22872616 18
6 2.084775428215727e-08 2.842590449698118e-08 10052273.716063 62
9 5.494464423748224e-08 6.008916503243352e-08 10079627.91107826 98
12 1.509437686772674e-07 1.521301268659009e-07 9360771.292949926 210
15 1.959063575100308e-07 2.454668617413496e-07 6425754.109661814 350
18 2.706547763035609e-07 3.345043816397612e-07 5718071.229319295 450
21 2.894024375091571e-07 4.856113687270501e-07 4571877.32408834 602
24 4.254436747129681e-07 5.47156873198322e-07 4057250.733094264 762
27 6.399523266770459e-07 9.846943224339174e-07 3957214.315700111 1142
30 6.673499825111261e-07 1.077188404448048e-06 3478687.198070683 1250
33 8.031313216269865e-07 1.354259806062342e-06 3339320.642780428 1458
36 1.022166003475914e-06 1.650960389557484e-06 3059900.35713949 1814
39 1.16539985977134e-06 2.08368771694365e-06 2831745.291531091 2178
42 1.392275278932328e-06 2.497416772641493e-06 2742784.313303639 2498
45 1.533865370974529e-06 2.857504865270341e-06 2742284.579260121 2622
48 1.82244824329441e-06 3.581131858518127e-06 2584588.65134419 3191
51 1.764448898698357e-06 3.45326631371723e-06 2461650.381304476 3044
54 1.574153961950042e-06 3.24348062463395e-06 2374387.438323955 2736
57 1.257433702282533e-06 2.823383263264476e-06 2268603.853795051 2276
60 1.094534257935719e-06 2.60254116261137e-06 2189194.401659739 2016
63 9.940089013302422e-07 2.159809558778276e-06 2204778.812155642 1640
66 6.313477987988829e-07 1.561878548130782e-06 2238882.300352388 1056
69 3.643420944186716e-07 9.922760553476406e-07 2024243.434754899 683
72 1.871653875147903e-07 5.114976513711295e-07 1945683.088952877 350
75 1.275138563770218e-07 2.808619552972731e-07 2037497.861055413 192
78 2.038789054479852e-08 5.860174337061992e-08 1600574.851123462 44
81 1.771414353694205e-08 2.661205795582659e-08 1651065.837077309 25


3 4.762516915772845e-09 1.013467667119217e-09 9187102.477337133 18
6 1.94609572920226e-08 2.636480189917044e-08 9495806.045005497 62
9 5.434567472312102e-08 5.279543846278668e-08 9584864.998347573 98
12 1.421224033815919e-07 1.492385387928712e-07 9076220.271716023 210
15 1.861981849988015e-07 2.568352339152685e-07 6495939.369041806 350
18 2.662521517349747e-07 3.262902316107358e-07 5680072.899349811 450
21 2.871259403556175e-07 4.707599483809513e-07 4557346.289128905 602
24 4.229023468560703e-07 5.622588975782259e-07 4157655.364863916 762
27 6.16906103138075e-07 9.604819138725698e-07 3901466.533875569 1142
30 6.479036743225297e-07 1.07816268960163e-06 3491905.398758879 1250
33 7.860066126360723e-07 1.306904800912495e-06 3299128.069703558 1458
36 1.036102949748384e-06 1.635901221907658e-06 3115012.482562057 1814
39 1.167502500948744e-06 2.017809501121245e-06 2833145.384961796 2178
42 1.408637398468268e-06 2.43947025227087e-06 2769304.2516154 2498
45 1.485353962908892e-06 2.76455330501478e-06 2701832.351811068 2622
48 1.815089791107658e-06 3.468435362353583e-06 2579980.580432069 3191
51 1.71817269980187e-06 3.50889667311502e-06 2501711.964460488 3044
54 1.585609972894252e-06 3.08351319179515e-06 2356351.305756742 2736
57 1.275004819741894e-06 2.736102805198495e-06 2282763.623260722 2276
60 1.156020247739387e-06 2.370490042455459e-06 2159505.260016363 2016
63 9.835049621735287e-07 2.185928657943716e-06 2252210.678102562 1640
66 6.254098001706968e-07 1.476461469134723e-06 2198536.963736555 1056
69 4.058932556977485e-07 8.802393880452771e-07 2004276.589384448 683
72 2.149050962949362e-07 4.580922256719934e-07 1962599.998569337 350
75 1.127011967216048e-07 3.171078677438282e-07 2127140.151144557 192
78 2.429944806450158e-08 5.381076492588884e-08 1662401.510731081 44
81 1.181850639355607e-08 3.970520654560137e-08 1774419.38363344 25


3 4.664502712119599e-09 1.203022876216346e-09 9407635.560815495 18
6 1.949962620334396e-08 2.392738961085081e-08 9197587.584077496 62
9 4.9632665178815e-08 5.784119189411977e-08 9634690.045042049 98
12 1.378896736998622e-07 1.382071166872439e-07 8760690.444078743 210
15 1.799115550061183e-07 2.532266556679766e-07 6436936.62265315 350
18 2.668593168731257e-07 3.144372870538316e-07 5672434.804656785 450
21 3.105301528522677e-07 4.373593394879514e-07 4615569.693276537 602
24 4.025365623977662e-07 5.783814509764721e-07 4177257.796136287 762
27 5.864512594719309e-07 9.776623481434706e-07 3906350.887214428 1142
30 6.71932674087898e-07 1.037135352880864e-06 3529538.533333101 1250
33 7.613910617740088e-07 1.273320527783885e-06 3253701.301903499 1458
36 9.902542747636985e-07 1.611902048615538e-06 3071181.536921817 1814
39 1.129211870233845e-06 2.025029058368353e-06 2838810.345440339 2178
42 1.340268862090568e-06 2.467180936537148e-06 2766810.074299822 2498
45 1.480359181409556e-06 2.710383825319996e-06 2707634.709106348 2622
48 1.841957431431641e-06 3.258798515180821e-06 2544891.09346069 3191
51 1.776327266466422e-06 3.433486596621436e-06 2542946.765646494 3044
54 1.462101848948277e-06 3.164108812825175e-06 2346684.32012214 2736
57 1.313004529328488e-06 2.62662569581397e-06 2290212.468547716 2276
60 1.102903847838983e-06 2.491759488536153e-06 2213584.051078226 2016
63 9.61438189124032e-07 2.124551732646718e-06 2226908.375434712 1640
66 6.474877761456363e-07 1.412956278051352e-06 2204455.387595515 1056
69 3.890595088149302e-07 9.226835728708209e-07 2055497.605260641 683
72 1.87563987304291e-07 5.059249106707077e-07 2003027.25669541 350
75 1.20968837157814e-07 2.791941599794683e-07 2052736.187412211 192
78 2.417853975142144e-08 6.430740575129936e-08 1872536.507026998 44
81 1.562367621206094e-08 3.954526172454577e-08 1986923.422222632 25


3 5.088973709804238e-09 1.283241347359843e-09 10508411.09517122 18
6 1.844975713553911e-08 2.319644140365088e-08 8940614.787277151 62
9 4.787996546568725e-08 5.447964944565398e-08 9343177.121586448 98
12 1.345036179289315e-07 1.195477495847251e-07 8282198.568562446 210
15 1.867926899961154e-07 2.568753388678868e-07 6702620.887058144 350
18 2.460507059415738e-07 3.159575193177324e-07 5533677.376472466 450
21 3.226624462240994e-07 4.08577469592182e-07 4619438.434762128 602
24 3.72485911155276e-07 6.236908212233673e-07 4249445.026848713 762
27 5.876200431026768e-07 9.44321422517599e-07 3888785.31177191 1142
30 6.719560305840901e-07 1.015897724290171e-06 3540755.938892895 1250
33 7.676428705688762e-07 1.219215121099061e-06 3234294.039664021 1458
36 9.086240100041589e-07 1.713283994851296e-06 3096651.019776213 1814
39 1.124747815626463e-06 1.9500767087085e-06 2811728.47692211 2178
42 1.33776464797508e-06 2.371138091423167e-06 2739222.079880719 2498
45 1.501855221695624e-06 2.549095296887945e-06 2670189.719161342 2622
48 1.76837365562591e-06 3.333575025699565e-06 2563704.761853223 3191
51 1.757895911580513e-06 3.424928148381535e-06 2559891.552653032 3044
54 1.546282418358947e-06 3.012106433733159e-06 2364351.267343893 2736
57 1.275864439702257e-06 2.713844610123383e-06 2334224.963664359 2276
60 1.148144367486685e-06 2.364300118859315e-06 2209509.046954373 2016
63 9.402656293307673e-07 2.068640786275712e-06 2198661.897424952 1640
66 6.199870104635912e-07 1.434964712241444e-06 2211657.228771765 1056
69 3.782084090272204e-07 8.811852493406421e-07 2001072.778477758 683
72 1.974150645318485e-07 4.936932322601982e-07 2034999.602382402 350
75 1.088789895461433e-07 2.809099475206269e-07 1998617.639213332 192
78 2.59834941820006e-08 6.653429679098535e-08 1989766.733659032 44
81 1.593500699882072e-08 3.346165221408034e-08 1842097.903742037 25


3 5.349738949590703e-09 1.436136230545896e-09 11484610.68721472 18
6 1.491620687334767e-08 2.325808655984636e-08 8166463.576159429 62
9 4.555097758285964e-08 6.028166733785988e-08 9691403.020194339 98
12 1.288652919713721e-07 1.238143074761637e-07 8339510.920264557 210
15 1.884790869555305e-07 2.482843833816445e-07 6724128.21129413 350
18 2.342239152667104e-07 3.157707393963311e-07 5476173.926885994 450
21 3.119256410698832e-07 3.963680017250856e-07 4544558.718408465 602
24 3.673927220078573e-07 6.344971420594016e-07 4318121.360581931 762
27 5.875869693287331e-07 9.006930945489986e-07 3846790.471494755 1142
30 6.36815732022406e-07 1.035394854131568e-06 3533338.493515546 1250
33 7.733634901435756e-07 1.171888026408519e-06 3225311.083939297 1458
36 9.069996738763537e-07 1.608444074283628e-06 3025437.49397434 1814
39 1.152273125437469e-06 1.894466320193334e-06 2837733.036561492 2178
42 1.336135968485436e-06 2.377692671538616e-06 2777561.153954055 2498
45 1.384881584009459e-06 2.638328073752909e-06 2655880.479187321 2622
48 1.713267985463848e-06 3.394301461972554e-06 2585707.261148918 3191
51 1.711435851894689e-06 3.428256474430446e-06 2562720.655397817 3044
54 1.511378928428466e-06 3.051803724929729e-06 2387151.336207636 2736
57 1.213979574049899e-06 2.669097036675176e-06 2290755.425875546 2276
60 1.103776746852448e-06 2.549760555794402e-06 2297252.560400929 2016
63 9.370863275860941e-07 2.055344738530371e-06 2213394.662936369 1640
66 5.81802009429327e-07 1.449675701750242e-06 2193604.569224017 1056
69 3.803158685149207e-07 9.120848601083528e-07 2070432.404680865 683
72 2.028713512528884e-07 4.895777966681744e-07 2070839.916329666 350
75 1.170563197669828e-07 2.593068688312358e-07 1988284.009014949 192
78 2.5698895130076e-08 7.056125784846492e-08 2075356.884131345 44
81 1.414890776335803e-08 4.043153686511806e-08 1982603.696622229 25


3 5.115507087058404e-09 1.033055034276152e-09 10799279.3500589 18
6 1.333979063909275e-08 2.325875704823265e-08 7858719.631202923 62
9 4.048781477026295e-08 5.4678078463388e-08 8829677.540626671 98
12 1.242500924891751e-07 1.28167939124352e-07 8414796.222049627 210
15 1.836329697888228e-07 2.567352920467805e-07 6843424.880577687 350
18 2.284667989267477e-07 3.224520402696529e-07 5543586.208413505 450
21 3.271190950428184e-07 4.095301268995125e-07 4806491.341434889 602
24 3.581895785077706e-07 6.028523860483055e-07 4209940.855474244 762
27 5.981465738920891e-07 8.796632646830942e-07 3891102.959421897 1142
30 6.338444661288654e-07 9.607315482095226e-07 3441673.174248873 1250
33 7.361474572178178e-07 1.205202734912288e-06 3239640.454171571 1458
36 9.150481916890176e-07 1.533397296496058e-06 3002915.620689908 1814
39 1.094347615125587e-06 1.968050441080719e-06 2865597.406073673 2178
42 1.303731145883904e-06 2.454653985303051e-06 2832811.427557669 2498
45 1.359431824954886e-06 2.629198351518433e-06 2664570.19938458 2622
48 1.68921358685849e-06 3.292680772982768e-06 2560453.567049427 3191
51 1.667381047785218e-06 3.340334791805352e-06 2530409.549144915 3044
54 1.405429189766965e-06 3.087077824192207e-06 2359647.648137575 2736
57 1.242539370568621e-06 2.609167385187821e-06 2314060.998759094 2276
60 1.108818314152994e-06 2.455497903738196e-06 2281059.192132831 2016
63 9.257208768709483e-07 2.136160968771941e-06 2281313.065397513 1640
66 6.0168403262524e-07 1.347201118809797e-06 2158293.5175513 1056
69 3.646418757286225e-07 9.37055966297075e-07 2095178.453783861 683
72 1.791584301741046e-07 4.967772758804236e-07 2013676.528311366 350
75 1.048428698344595e-07 2.688658282630807e-07 1963950.137624962 192
78 3.456860221625499e-08 5.065707489652521e-08 2025541.004225796 44
81 1.477882135675103e-08 3.168518669503051e-08 1774561.99822322 25


3 4.005334117161656e-09 1.501053693162122e-09 9411212.267794605 18
6 1.155938267279068e-08 2.311113037781068e-08 7469661.4835594 62
9 3.410068239848765e-08 5.833246865161844e-08 8513653.119208034 98
12 1.169416390123043e-07 1.175603332681245e-07 7936793.587990568 210
15 1.879212809052812e-07 2.352106989372609e-07 6738398.191681309 350
18 2.29956443877244e-07 3.303661632933359e-07 5709538.37511969 450
21 3.185910200343821e-07 4.244516492722768e-07 4885570.587966098 602
24 3.796202401864284e-07 5.197145371394143e-07 4077991.274904627 762
27 5.915073174031016e-07 8.404414577675762e-07 3837341.217652678 1142
30 6.34072333596598e-07 9.625764568033108e-07 3495552.567583283 1250
33 7.073907502255434e-07 1.233638604319477e-06 3267144.843101681 1458
36 8.993119627876511e-07 1.521317223909139e-06 3010293.736689907 1814
39 1.098227329838562e-06 1.996764675607433e-06 2937189.990494226 2178
42 1.305859506535437e-06 2.329914619548154e-06 2797832.514547768 2498
45 1.371719162943718e-06 2.595639424929991e-06 2697499.779401216 2622
48 1.685283689764252e-06 3.182883848885328e-06 2549144.840504941 3191
51 1.641219549113429e-06 3.351133062675376e-06 2556718.471277507 3044
54 1.451412573645712e-06 2.815368701690796e-06 2307464.862531276 2736
57 1.232551469017732e-06 2.608836981174421e-06 2341868.875654227 2276
60 1.089458207290693e-06 2.335012148353278e-06 2234365.676508902 2016
63 9.555974404184735e-07 2.06938065677961e-06 2306266.237273229 1640
66 5.787186891607412e-07 1.334092880807465e-06 2144586.014988502 1056
69 3.802615966697326e-07 8.480766206797663e-07 2042685.108347172 683
72 1.904006762023572e-07 4.365136443896318e-07 1941590.767249712 350
75 1.124769130704519e-07 2.838157558082025e-07 2120832.415790036 192
78 1.490406298146427e-08 6.921709203046001e-08 1764069.917200009 44
81 1.309260831800151e-08 3.394936150969451e-08 1780350.880427637 25


3 3.190379035817126e-09 1.620413132894275e-09 8072096.01802503 18
6 1.159206002043036e-08 2.175074127252043e-08 7351522.842526767 62
9 3.268379688558912e-08 5.102110857350091e-08 7895137.931028689 98
12 1.11971825520759e-07 1.118877432595962e-07 7658357.132474274 210
15 1.922457721188219e-07 2.234885899189219e-07 6746590.090873627 350
18 2.374058270038335e-07 3.284189605205027e-07 5867203.67774618 450
21 2.98260369012778e-07 4.196828334953114e-07 4762538.731206592 602
24 3.928281454807385e-07 5.038228949668073e-07 4144498.731400012 762
27 5.768466973689515e-07 8.357017804364299e-07 3832499.713679471 1142
30 6.241834981342168e-07 9.525046749270376e-07 3501603.141735194 1250
33 6.896694967909934e-07 1.220030764372087e-06 3263304.606696497 1458
36 9.059164796768654e-07 1.568595156840001e-06 3120037.044379149 1814
39 1.107496683637621e-06 1.889820228436882e-06 2908364.338457034 2178
42 1.279831151598362e-06 2.271616471112855e-06 2778961.757979675 2498
45 1.393394815026719e-06 2.379854294879169e-06 2633837.299681709 2622
48 1.685644594454023e-06 3.181526776456028e-06 2591526.842328892 3191
51 1.655769976556228e-06 3.193737329216389e-06 2540876.790845023 3044
54 1.407959729852003e-06 2.90534883161212e-06 2357410.216971761 2736
57 1.218815823919074e-06 2.577700789442884e-06 2355598.306104268 2276
60 1.038271637987115e-06 2.320629104575975e-06 2220943.8107125 2016
63 9.369561131963529e-07 2.119244317282298e-06 2360320.836355575 1640
66 5.563067387600362e-07 1.267419053978796e-06 2084281.282837558 1056
69 3.62135355800512e-07 8.852507627169048e-07 2090377.343895313 683
72 1.622879784554334e-07 4.68773134783793e-07 1940254.663908614 350
75 1.094502131827823e-07 3.071019938302898e-07 2243949.270231841 192
78 2.375781726104698e-08 3.670020125403374e-08 1465242.382624124 44
81 1.516910272184488e-08 3.121832313343283e-08 1838221.026556242 25


3 3.014089758822923e-09 1.31213979255302e-09 7364408.883715876 18
6 1.375113441256613e-08 2.09041056370953e-08 7886593.627211649 62
9 3.344455414674213e-08 4.535231549388874e-08 7623306.296278102 98
12 1.029213712705636e-07 1.068409355475285e-07 7236897.198095541 210
15 1.984225171741534e-07 2.131986845656193e-07 6802837.278136646 350
18 2.266000509584849e-07 2.97725692772291e-07 5535585.604857003 450
21 2.843699134719567e-07 4.140369029491329e-07 4688542.428742032 602
24 4.027212132201336e-07 4.707664789752908e-07 4120393.195319786 762
27 5.569394625945152e-07 8.374943237171634e-07 3828142.790249198 1142
30 6.070935776525777e-07 9.272123580187075e-07 3458751.062892287 1250
33 7.441788974163507e-07 1.139098543304424e-06 3308065.078953461 1458
36 9.099906979036048e-07 1.517179953863439e-06 3119207.551767764 1814
39 1.097850773328078e-06 1.842028807057715e-06 2901984.49090861 2178
42 1.287102326472367e-06 2.271265465788319e-06 2830983.097628003 2498
45 1.371338295168482e-06 2.359337833368893e-06 2643453.203977809 2622
48 1.675444527468634e-06 3.095880865375774e-06 2587382.864710085 3191
51 1.660786177736151e-06 3.067475165487708e-06 2528158.457357821 3044
54 1.397574227310289e-06 2.868457383032672e-06 2372918.444816456 2736
57 1.222525024511104e-06 2.42356844926037e-06 2314903.12582045 2276
60 1.077867695171493e-06 2.184041794464646e-06 2214900.941338806 2016
63 9.366153001438058e-07 2.051942971848357e-06 2356057.778262513 1640
66 5.75181288580117e-07 1.252435819196476e-06 2134813.2110953 1056
69 3.790804266858338e-07 8.257776695261058e-07 2078981.56466495 683
72 1.856855042000879e-07 4.307902509860351e-07 1974349.426508429 350
75 1.135393057993678e-07 2.544752786027719e-07 2067555.877155007 192
78 1.228943201489155e-08 5.686493612479297e-08 1518475.369791711 44
81 1.121412184758163e-08 2.964627806340347e-08 1599723.688251057 25


3 3.247645283655994e-09 1.199392664098256e-09 7697104.873529412 18
6 1.489146309947484e-08 2.079353025731451e-08 8287657.613895837 62
9 3.399711500160186e-08 4.381256889335798e-08 7660344.896220533 98
12 9.109418387911426e-08 1.111504747325892e-07 6991964.447493896 210
15 1.912611121326567e-07 2.036214011981135e-07 6614273.584868471 350
18 2.240782962999327e-07 3.033934824180832e-07 5635621.428059082 450
21 2.727143421227043e-07 3.993371410100104e-07 4576172.391944788 602
24 3.799467944090634e-07 4.961226066525579e-07 4155533.978597561 762
27 5.490115664181995e-07 7.829496819925579e-07 3724409.678356595 1142
30 6.118604567605583e-07 9.083230459426727e-07 3484813.367039579 1250
33 7.627087028500459e-07 1.097442615920283e-06 3330482.704019048 1458
36 9.464934273076486e-07 1.426581742766746e-06 3119185.695888495 1814
39 1.097021947701804e-06 1.780605375202423e-06 2890924.936431264 2178
42 1.304152037043247e-06 2.203454601132464e-06 2843100.045550385 2498
45 1.323752355541803e-06 2.453881046479239e-06 2701695.279260501 2622
48 1.670772875176521e-06 2.985347851609367e-06 2571151.88834141 3191
51 1.574450350581416e-06 3.134474455027288e-06 2541228.236473383 3044
54 1.456008392207919e-06 2.648394599338785e-06 2343249.510215117 2736
57 1.151606106845033e-06 2.416605146920113e-06 2289894.273268377 2276
60 1.032015323195004e-06 2.133611683773712e-06 2179499.851743534 2016
63 9.625220074788487e-07 1.958652627610862e-06 2355648.308343705 1640
66 5.690197145643271e-07 1.262828197771744e-06 2170156.669103007 1056
69 3.625305364386527e-07 8.660457728154021e-07 2135016.467042044 683
72 1.872720119217146e-07 4.312819665479791e-07 2014353.742395354 350
75 1.018269934399214e-07 2.574176018932238e-07 2025577.925199922 192
78 2.410950248026082e-08 3.410451108385142e-08 1464984.393273153 44
81 9.75185655659543e-09 3.131266193059661e-08 1603616.235493476 25


3 3.093518360228423e-09 1.325604853782574e-09 7719278.458468895 18
6 1.642317602727279e-08 1.988191444752887e-08 8630934.35700834 62
9 3.35601671329451e-08 3.976740685721911e-08 7361572.480239861 98
12 8.528722676898214e-08 1.149739535362335e-07 6974232.118393015 210
15 1.794277603910106e-07 1.97551306791519e-07 6390925.890128929 350
18 2.172725344512517e-07 3.063395005956934e-07 5656358.95343781 450
21 2.742228990205644e-07 3.650499152629159e-07 4442506.205074764 602
24 3.577871253230251e-07 5.01919246226932e-07 4113758.675990021 762
27 5.260385809944307e-07 8.074609114293157e-07 3760136.388473448 1142
30 6.07701136767644e-07 9.025125844398772e-07 3509349.854368778 1250
33 7.341286457693951e-07 1.12113012669046e-06 3352429.657119786 1458
36 8.896895118235505e-07 1.484477175490584e-06 3138877.471932957 1814
39 1.076051065240235e-06 1.80154686815276e-06 2923059.396389682 2178
42 1.272054716913019e-06 2.245038954841486e-06 2879357.170821985 2498
45 1.327560286281524e-06 2.425867474722259e-06 2723427.251555507 2622
48 1.605732181463858e-06 2.97539785543727e-06 2556058.966161312 3191
51 1.625832250235225e-06 2.945339304858872e-06 2519662.451586199 3044
54 1.39265208863389e-06 2.819035404292921e-06 2414401.800386711 2736
57 1.177773112619727e-06 2.278466050495404e-06 2263716.37404504 2276
60 9.958922899393332e-07 2.152006013656745e-06 2187459.927459785 2016
63 8.883989710959345e-07 2.018402142824404e-06 2351337.798237363 1640
66 5.713058237241193e-07 1.210597531418236e-06 2148363.255674864 1056
69 3.611634710514581e-07 8.108644070817402e-07 2075852.36312546 683
72 1.839303496906876e-07 4.092732626445689e-07 1964259.048512076 350
75 1.038375121106052e-07 2.511171422618658e-07 2036991.831334985 192
78 1.520701669975651e-08 5.935713957773605e-08 1712587.76696296 44
81 1.380264603693874e-08 2.645612831961122e-08 1681117.973590407 25


3 3.263527807924432e-09 1.719427788213384e-09 8816204.269201891 18
6 1.755585137893284e-08 1.86689606852749e-08 8831746.141607359 62
9 3.165855750497152e-08 3.902259204516304e-08 7182218.185899992 98
12 8.020221823119371e-08 1.246536922032883e-07 7152299.781338245 210
15 1.662345044855547e-07 2.010349868477546e-07 6279887.193459313 350
18 2.220699731301636e-07 3.049562107623707e-07 5782191.022741342 450
21 2.695496234319738e-07 3.407388057088629e-07 4319080.671117189 602
24 3.160470269115381e-07 5.283775355274199e-07 4036712.524078627 762
27 5.180205022175673e-07 8.22785762208169e-07 3817376.776725164 1142
30 5.882512880624424e-07 8.742297986978872e-07 3442358.397174154 1250
33 6.947505467461131e-07 1.156524814130969e-06 3362931.93484391 1458
36 8.545283961733467e-07 1.521881207221799e-06 3161334.957578491 1814
39 1.035205659304003e-06 1.805599724128788e-06 2909523.918722572 2178
42 1.284286047575014e-06 2.198986982984035e-06 2892246.348502852 2498
45 1.372490410365383e-06 2.28055607262412e-06 2703742.799287561 2622
48 1.609093253080231e-06 2.865785824359108e-06 2533964.26623077 3191
51 1.605730818532875e-06 2.955979265852684e-06 2539402.801594974 3044
54 1.391355602213534e-06 2.764568156925272e-06 2411736.083466044 2736
57 1.161169842455229e-06 2.309592533617178e-06 2291907.664694745 2276
60 1.020525885714418e-06 2.063833996171695e-06 2179432.081788053 2016
63 8.68781869032691e-07 1.907351297355301e-06 2275572.550352604 1640
66 5.302695362425641e-07 1.251509443152384e-06 2146776.653877895 1056
69 3.461393824827587e-07 8.136037500431232e-07 2065063.075146734 683
72 1.7575883875727e-07 4.423129510307794e-07 2040690.851720924 350
75 1.12606974776974e-07 2.422373730164854e-07 2083582.322041793 192
78 2.393970406316786e-08 4.413768896018236e-08 1707406.784952771 44
81 1.340833797103353e-08 3.963965776760518e-08 2133188.181393876 25


3 2.829517271795655e-09 1.476020062933979e-09 7824856.663433797 18
6 1.689513049218106e-08 1.711237637334202e-08 8476083.981745418 62
9 2.927048873245764e-08 4.467389599075355e-08 7481540.829864458 98
12 7.791295320545184e-08 1.25693541523105e-07 7173629.044362093 210
15 1.587143211493586e-07 2.066871128174376e-07 6303950.892726686 350
18 2.33210471163069e-07 2.796114078983405e-07 5780853.504665293 450
21 2.488816696498721e-07 3.49395517989749e-07 4256483.805436245 602
24 2.988329171304327e-07 5.012558052094404e-07 3868527.621316391 762
27 4.93717612096885e-07 7.93851468292269e-07 3707222.741776809 1142
30 5.49965188329323e-07 9.035353222561581e-07 3433333.15117411 1250
33 6.810880211381731e-07 1.174485339053313e-06 3399477.075073544 1458
36 8.491801328467058e-07 1.558878218026898e-06 3229694.031133976 1814
39 1.023853985362473e-06 1.848793384435905e-06 2965858.680404753 2178
42 1.261226284259939e-06 2.120889750732013e-06 2847010.766755402 2498
45 1.278216410954106e-06 2.369593865060447e-06 2702098.286959578 2622
48 1.594240627129042e-06 3.006023461857684e-06 2619420.710936439 3191
51 1.497179680442126e-06 3.06607450845229e-06 2539967.298308063 3044
54 1.354567122497699e-06 2.738528912033063e-06 2395945.748609987 2736
57 1.080499528788751e-06 2.399796978034655e-06 2294999.969680269 2276
60 9.823843245125775e-07 2.158330096498568e-06 2222102.713310609 2016
63 8.654458161976369e-07 1.839913179621578e-06 2247572.062243688 1640
66 5.457618411970826e-07 1.224600434304121e-06 2165328.514921847 1056
69 3.546028054074099e-07 8.00564055594207e-07 2086185.827365429 683
72 1.901066698362268e-07 4.109192810638789e-07 2038836.281496514 350
75 9.511563672762328e-08 2.726398868865017e-07 2108727.238114785 192
78 2.118394600056585e-08 4.902717597831385e-08 1731284.334350475 44
81 2.129196510277278e-08 2.961879007872676e-08 2276716.580295027 25


3 2.352624449244236e-09 1.522182297780177e-09 7041901.509764243 18
6 1.5944596830159e-08 1.535592532866554e-08 7962003.061994578 62
9 2.791276320682493e-08 4.296453728696807e-08 7262190.077306364 98
12 7.765543743655289e-08 1.193507806045648e-07 7066110.982788013 210
15 1.590800622830135e-07 2.021697645610531e-07 6337329.842950035 350
18 2.241201246487237e-07 2.852232430718168e-07 5791132.000917107 450
21 2.301056585305165e-07 3.600180347244135e-07 4210891.58377425 602
24 2.767001290403745e-07 4.924110264353087e-07 3745463.725228149 762
27 4.964232347861448e-07 7.160840130005974e-07 3577234.173791477 1142
30 5.481893603630971e-07 9.224623184207483e-07 3510998.956762881 1250
33 6.858023510980519e-07 1.154270670221304e-06 3423510.538444319 1458
36 8.780192431936037e-07 1.39922857664329e-06 3139380.113981419 1814
39 1.014145798698623e-06 1.882648259130105e-06 3020375.197782444 2178
42 1.202376222794757e-06 2.202181006271681e-06 2877107.739881845 2498
45 1.228955514514364e-06 2.393095675203941e-06 2703062.996301201 2622
48 1.557937175826765e-06 3.000446016598196e-06 2622514.361357382 3191
51 1.512091875604219e-06 2.960470224299672e-06 2533238.246588707 3044
54 1.390902638525584e-06 2.728503999442758e-06 2449848.106272112 2736
57 1.138849377612857e-06 2.358932010174206e-06 2353238.82070137 2276
60 9.231505075004933e-07 2.118134651994571e-06 2167393.978758838 2016
63 8.427489090244549e-07 1.861969566222498e-06 2264739.831286097 1640
66 5.280284447159669e-07 1.157098162856137e-06 2092246.428000218 1056
69 3.390314809547938e-07 7.981079110116714e-07 2068396.130361915 683
72 1.816023462852269e-07 4.532565142590517e-07 2142344.288700281 350
75 1.1285211846828e-07 2.245359627339247e-07 2048927.955492875 192
78 1.619203980588661e-08 5.402678416564748e-08 1676246.907865671 44
81 1.180503291061101e-08 5.269450093542884e-08 2524368.388991782 25


3 2.134796315112352e-09 1.716064641823419e-09 6911431.645827754 18
6 1.665541507108556e-08 1.429064384892723e-08 8023762.630609386 62
9 2.893650424423835e-08 4.039363926888884e-08 7265728.121716266 98
12 8.116475243568703e-08 1.062439761851632e-07 6914363.762852947 210
15 1.539730889310549e-07 1.88037784762742e-07 6093808.68204467 350
18 2.069933777943434e-07 2.720610919352971e-07 5496431.26766027 450
21 2.251521929924537e-07 3.560642105770789e-07 4202234.641737876 602
24 3.018719815221544e-07 4.607453790610435e-07 3824200.009735045 762
27 4.986094933729856e-07 6.711545947107016e-07 3519140.697585004 1142
30 5.337221592284414e-07 8.990637313215607e-07 3470957.301275568 1250
33 7.009383548267723e-07 1.095245649594972e-06 3414775.411709018 1458
36 9.037900117898392e-07 1.370698994191776e-06 3194759.265238256 1814
39 1.057711823847885e-06 1.757879907486338e-06 3013319.244490213 2178
42 1.200332717748827e-06 2.182159734664781e-06 2904505.97849869 2498
45 1.27155580120587e-06 2.247607285103086e-06 2693574.557294762 2622
48 1.514539722061236e-06 2.992163275700738e-06 2626864.522007565 3191
51 1.549094049262001e-06 2.852246953328307e-06 2547988.8333919 3044
54 1.320644580851096e-06 2.656509341003919e-06 2396031.60957196 2736
57 1.148045865249215e-06 2.308551428299086e-06 2370212.147699076 2276
60 9.89499273475025e-07 1.96747053935455e-06 2176088.674840387 2016
63 8.076600039172102e-07 1.902809811070036e-06 2291056.448148669 1640
66 4.969710131937223e-07 1.25193222167109e-06 2173511.580712301 1056
69 3.351319600554168e-07 8.002312536783857e-07 2096662.388035781 683
72 1.89387633884232e-07 4.468058998462386e-07 2197543.985177984 350
75 8.641677864692389e-08 2.813536147543496e-07 2142302.923220003 192
78 3.101809647082022e-08 4.324021157493516e-08 2009729.920890935 44
81 1.729611088698168e-08 3.882367194173616e-08 2420715.085972033 25


3 2.203286510736565e-09 1.674197551218597e-09 7001200.718858415 18
6 1.722677666327962e-08 1.354437609294386e-08 8054194.308489599 62
9 2.942977362433405e-08 3.869399811667385e-08 7267324.346914981 98
12 8.167327375693866e-08 9.257714661999708e-08 6572826.408726774 210
15 1.591212233117536e-07 1.772364421624368e-07 6097169.011323987 350
18 2.013660802598981e-07 2.64425157700227e-07 5410869.628266536 450
21 2.263747078444114e-07 3.446016759928173e-07 4206330.725527015 602
24 3.406191796098458e-07 4.067423881889646e-07 3872366.022038714 762
27 4.917976202976162e-07 6.884013288026393e-07 3585075.43747879 1142
30 5.270702710919688e-07 8.374605663684561e-07 3376707.265443635 1250
33 6.819186177792125e-07 1.117772647933452e-06 3462109.253220528 1458
36 8.77280599534614e-07 1.352897501544357e-06 3174337.370167433 1814
39 1.04157216654674e-06 1.670183611476963e-06 2957944.531414947 2178
42 1.204965862370407e-06 2.115492926920067e-06 2910744.528902734 2498
45 1.249534472626576e-06 2.263659146619766e-06 2730221.535647223 2622
48 1.5954466737839e-06 2.738573280571351e-06 2604741.035432166 3191
51 1.487242369864937e-06 2.757912604272318e-06 2499518.156030295 3044
54 1.338534555108315e-06 2.598212005177726e-06 2424577.350593944 2736
57 1.133692316231809e-06 2.248789829983435e-06 2366119.722270214 2276
60 9.638263469350963e-07 2.008712048344838e-06 2218518.565581348 2016
63 8.872948034442413e-07 1.770117531624426e-06 2329212.317064615 1640
66 5.551252856002746e-07 1.070389034346612e-06 2117226.003456073 1056
69 3.453856869231692e-07 7.251884059638502e-07 2043451.944546088 683
72 1.800371022481675e-07 4.417452987118844e-07 2183656.157695838 350
75 1.160582431288848e-07 2.187231529756601e-07 2111345.298935982 192
78 1.795363599288603e-08 7.379954135283483e-08 2249605.154315868 44
81 1.574343244551428e-08 4.626545812635875e-08 2650532.766539752 25


3 1.984621196555213e-09 2.001298912755604e-09 7132420.88700589 18
6 1.815445697441192e-08 1.243885140645843e-08 8105233.013160533 62
9 3.054277133274541e-08 3.631133628064816e-08 7268449.625231069 98
12 8.081758788384348e-08 8.577018653626091e-08 6377361.25930639 210
15 1.537192166708096e-07 1.828705822166949e-07 6147372.386762014 350
18 1.893006865695501e-07 2.486258434652657e-07 5157007.754204908 450
21 2.393578440958986e-07 3.486299086239809e-07 4412043.752707628 602
24 3.494310505043116e-07 3.82606846344423e-07 3856780.916962869 762
27 4.74541265096253e-07 7.069846341002319e-07 3628641.005373302 1142
30 5.377636759999977e-07 8.017379170265824e-07 3381901.303852314 1250
33 6.974394472809237e-07 1.052144755260947e-06 3439391.13687666 1458
36 8.014582477793782e-07 1.447546967537642e-06 3221412.232669432 1814
39 1.004585230677322e-06 1.648587185965312e-06 2936968.345345973 2178
42 1.270689290941377e-06 1.958373952886575e-06 2904353.790623688 2498
45 1.259373180235367e-06 2.149235466424659e-06 2706850.771966334 2622
48 1.592411886090176e-06 2.669310686322983e-06 2608614.590298328 3191
51 1.428425132583517e-06 2.758624343174794e-06 2502555.101315822 3044
54 1.348198274561278e-06 2.527497414937195e-06 2436903.614111226 2736
57 1.114315256598378e-06 2.262309755318962e-06 2401874.462291829 2276
60 9.671637150113005e-07 1.959028109176409e-06 2230399.935927233 2016
63 8.695619180930296e-07 1.774465296683418e-06 2355342.826113143 1640
66 5.023623043090129e-07 1.146315060631395e-06 2155531.532359659 1056
69 3.138278681925893e-07 7.575884191658442e-07 2059450.381443689 683
72 1.925281165485762e-07 4.109209255456764e-07 2188254.904201804 350
75 1.036300488841776e-07 2.28972380662569e-07 2100900.455194757 192
78 2.791540022281164e-08 4.685788411416691e-08 2032463.983738935 44
81 2.059544894826982e-08 3.928572964070047e-08 2722460.265550926 25


3 1.897817420347737e-09 2.330303378761736e-09 7590363.487101001 18
6 1.769265901147698e-08 1.280923227105926e-08 8170867.365412937 62
9 3.054113693496616e-08 3.33707706819924e-08 7071206.771784941 98
12 8.308423211383331e-08 8.100575704721785e-08 6394421.206465885 210
15 1.466387213520683e-07 1.810210659965413e-07 6051743.219267642 350
18 1.83779232190367e-07 2.554888943917048e-07 5224762.819771273 450
21 2.503996139933455e-07 3.372437195223662e-07 4486275.136136703 602
24 3.410956107021279e-07 3.67678911671649e-07 3787146.595660087 762
27 4.666580594582734e-07 7.027975921467898e-07 3636210.561428756 1142
30 5.713635828355622e-07 7.406499337303477e-07 3383350.466341042 1250
33 6.946731888757046e-07 1.008244127931522e-06 3399013.267000156 1458
36 8.137903094724824e-07 1.370904032182839e-06 3183078.982376123 1814
39 9.889410226162331e-07 1.651378433475486e-06 2957502.350301724 2178
42 1.22078910365121e-06 1.934184716956119e-06 2869329.216970399 2498
45 1.261566543881148e-06 2.138412483586385e-06 2736217.27710733 2622
48 1.516419909352961e-06 2.70545773984209e-06 2606623.449390342 3191
51 1.475574757079071e-06 2.617976062821288e-06 2492950.304350849 3044
54 1.344040052287184e-06 2.448922190965506e-06 2420678.376982456 2736
57 1.187408020646941e-06 2.104505769211657e-06 2395815.25530044 2276
60 9.921532730745827e-07 1.877407214589052e-06 2226946.291081121 2016
63 8.543599245161394e-07 1.748976387812031e-06 2348494.651684154 1640
66 5.266914674161454e-07 1.070782690260061e-06 2135296.789190864 1056
69 3.529990245893007e-07 6.648022224921938e-07 2022993.06027686 683
72 1.81666239261065e-07 3.931979210617245e-07 2108730.660130163 350
75 9.033005374026125e-08 2.593901439669241e-07 2188917.559098795 192
78 2.498240952655051e-08 5.899316534998406e-08 2237585.565602158 44
81 1.886753708661701e-08 4.498543742937464e-08 2878458.069979568 25


3 1.844961708485722e-09 2.152967029678093e-09 7303716.977138164 18
6 1.641040767831116e-08 1.340108901234267e-08 8108733.648596924 62
9 2.867783094858846e-08 3.418252791051495e-08 7023328.035312932 98
12 8.289224922229989e-08 7.917054520911938e-08 6440121.69204428 210
15 1.41592650906761e-07 1.902123571340136e-07 6176096.10216058 350
18 1.787340562358831e-07 2.543026214623037e-07 5202289.233658809 450
21 2.537851784151585e-07 3.160131749943839e-07 4429540.852873655 602
24 3.195918598111227e-07 4.03144742150702e-07 3879674.366959173 762
27 4.510102872156998e-07 7.070806926390151e-07 3627800.891382479 1142
30 5.581311738725885e-07 7.398218786413153e-07 3385792.105608782 1250
33 6.627510038675032e-07 1.019180118712323e-06 3380131.969181529 1458
36 8.283921344531408e-07 1.326020155225657e-06 3179502.695721686 1814
39 9.903116728582825e-07 1.609288853748425e-06 2945139.374611722 2178
42 1.129269171373612e-06 1.982169793005933e-06 2835037.996969069 2498
45 1.277195906384106e-06 2.114107953647687e-06 2760104.213607364 2622
48 1.447248306684041e-06 2.721035196900845e-06 2584285.914214868 3191
51 1.478305284235291e-06 2.652165441920149e-06 2535265.912023232 3044
54 1.279404907852695e-06 2.492546393012365e-06 2413715.337138372 2736
57 1.117830279851256e-06 2.204921082208054e-06 2417009.300775888 2276
60 9.648395360771204e-07 2.003850574345412e-06 2303540.865575152 2016
63 8.219686828872498e-07 1.75084268753721e-06 2329586.149520416 1640
66 5.178920300218273e-07 1.07293677211328e-06 2138919.247927851 1056
69 3.139032063311733e-07 7.159571553399225e-07 2026584.655657747 683
72 1.683639420355364e-07 4.197693627518308e-07 2143322.633045453 350
75 1.161533530266278e-07 1.981237065692773e-07 2082995.796906975 192
78 2.775039750029519e-08 6.896443547332623e-08 2582667.388404313 44
81 1.79068588271014e-08 4.19598545658595e-08 2722478.136561753 25


3 1.652741212809837e-09 1.781439593039772e-09 6426301.721385617 18
6 1.544044767562141e-08 1.407895249332552e-08 8144202.665979177 62
9 2.766179679610253e-08 3.779567576081941e-08 7340258.026396489 98
12 7.642131304437114e-08 8.295038362783993e-08 6390226.966164954 210
15 1.376488383008764e-07 1.862610844692986e-07 6108398.504931238 350
18 1.680558935038938e-07 2.657277135314718e-07 5225801.301811874 450
21 2.514727129342776e-07 2.919998010178411e-07 4318859.139956998 602
24 2.958375312120015e-07 4.336958104182742e-07 3919629.893105776 762
27 4.537240922888558e-07 7.25923158493602e-07 3728435.340320659 1142
30 5.177326828286489e-07 7.833928044552498e-07 3398799.274917189 1250
33 6.336175753078086e-07 1.010766643346242e-06 3330704.062659252 1458
36 8.115957102940959e-07 1.281570611237504e-06 3126663.731472448 1814
39 9.870309239182185e-07 1.61068152421261e-06 2973019.989152188 2178
42 1.11027643140801e-06 1.987148370175585e-06 2842881.239047984 2498
45 1.239692498569449e-06 2.189722785714613e-06 2801673.331291796 2622
48 1.481408735023704e-06 2.592389310758833e-06 2565753.046509205 3191
51 1.416344017547626e-06 2.71203321482373e-06 2540146.465840789 3044
54 1.236786854645041e-06 2.553951600173273e-06 2430106.283591282 2736
57 1.064206072275067e-06 2.284692716292182e-06 2433311.213426434 2276
60 9.411415682164109e-07 2.001866149024047e-06 2294200.55463919 2016
63 8.20734051641218e-07 1.685638935703187e-06 2294794.114701923 1640
66 4.775114546782763e-07 1.106037713417986e-06 2118971.308894747 1056
69 3.05855447113796e-07 7.640898719905346e-07 2097616.985290169 683
72 1.770271914349676e-07 3.703068003595958e-07 2046360.643934741 350
75 8.467074250106752e-08 2.721923723978287e-07 2220291.517484288 192
78 2.3195297299377e-08 7.511409125708405e-08 2559011.094039732 44
81 1.652373376180627e-08 3.726516835962996e-08 2474506.681517013 25


3 1.795307242862613e-09 2.423626088665797e-09 7839561.91877757 18
6 1.534194856007065e-08 1.291712399662039e-08 7990374.625101725 62
9 2.904419485313406e-08 2.9357783980566e-08 6841736.499691026 98
12 7.076042764706039e-08 8.934616028208374e-08 6420739.709879288 210
15 1.32640608385144e-07 1.77442704423743e-07 5934253.456406109 350
18 1.713435930763927e-07 2.383260488852285e-07 5061935.850962622 450
21 2.326310960873115e-07 3.206636722972843e-07 4384567.661363413 602
24 2.836024481370077e-07 4.665932997039111e-07 4035214.768698671 762
27 4.895749859769118e-07 6.836180045501795e-07 3807452.718579943 1142
30 4.72443333175945e-07 8.202890045168027e-07 3371657.467656819 1250
33 6.162043097583851e-07 1.00128124552878e-06 3310448.414588823 1458
36 7.868896940682085e-07 1.256170100757812e-06 3086500.554005511 1814
39 9.410460061294751e-07 1.678918831748767e-06 3006413.324652897 2178
42 1.132913183075267e-06 1.947315463285491e-06 2872781.273913999 2498
45 1.176569495592487e-06 2.232160694827692e-06 2795904.724028721 2622
48 1.464992097563657e-06 2.621195571041356e-06 2597815.7984702 3191
51 1.371962574852885e-06 2.634888751043252e-06 2492621.027215939 3044
54 1.237546736231176e-06 2.471038109172332e-06 2412579.682854876 2736
57 1.081382996780114e-06 2.148510689485301e-06 2393174.925841695 2276
60 9.552096741757559e-07 1.989512670713941e-06 2326170.800413637 2016
63 7.842877968977449e-07 1.721025411542709e-06 2301273.555449508 1640
66 5.018290421619032e-07 1.08066752764849e-06 2158373.680679535 1056
69 3.539538667456379e-07 7.061774173418342e-07 2157553.343010001 683
72 1.483402011205366e-07 4.24114954326977e-07 2083682.918101013 350
75 1.125344306447689e-07 2.12742078945651e-07 2180340.407712405 192
78 2.314307594274465e-08 6.279963392505905e-08 2306186.089187278 44
81 1.532053372310849e-08 4.070650897373571e-08 2552056.13880741 25


3 1.988367883693992e-09 1.873875234866758e-09 7505789.412907747 18
6 1.36355812448213e-08 1.184852282356711e-08 7241456.667666243 62
9 2.639727447667862e-08 3.205397502285121e-08 6796450.501497526 98
12 7.017564894693938e-08 7.454645555291248e-08 5964204.152255835 210
15 1.27520071284504e-07 1.70477752691943e-07 5771184.858352503 350
18 1.768752285243639e-07 2.239581790713672e-07 5057278.804550663 450
21 2.475284135487736e-07 2.975213605347275e-07 4428515.175550872 602
24 2.809928297891501e-07 4.449861976248255e-07 3972512.840345499 762
27 4.964723127671636e-07 6.601841396231673e-07 3817179.00018306 1142
30 4.967911318966238e-07 7.963750849510617e-07 3446423.33717983 1250
33 5.987043450102642e-07 9.777538969035483e-07 3268436.267914533 1458
36 7.590384496555386e-07 1.274182784954875e-06 3096896.910177839 1814
39 9.291705796852768e-07 1.638144345441631e-06 2991322.107784404 2178
42 1.079970449572815e-06 2.012162137155723e-06 2899907.772992544 2498
45 1.225680044961835e-06 2.066855496617288e-06 2772959.939521359 2622
48 1.410983991131926e-06 2.670828011187589e-06 2615976.004322327 3191
51 1.337241191076478e-06 2.635429137880449e-06 2500439.416522968 3044
54 1.286358794011159e-06 2.297700825682307e-06 2394280.227661128 2736
57 1.044874459365494e-06 2.190693841673033e-06 2418407.029382469 2276
60 9.894489376970911e-07 1.871388036717511e-06 2318055.958505777 2016
63 7.923061867832961e-07 1.6265287000497e-06 2272574.784179866 1640
66 4.824321943147445e-07 1.131799261263629e-06 2213339.458107585 1056
69 3.137872415054445e-07 7.969534540005302e-07 2230385.093998358 683
72 1.793574657825738e-07 3.413874848891712e-07 2020686.755247785 350
75 8.760602071479459e-08 2.572091033578963e-07 2223859.956255008 192
78 3.016648580142861e-08 5.209135092836827e-08 2371223.418839593 44
81 1.923209296442208e-08 4.362224255339467e-08 2964968.572536254 25


3 2.085938323240045e-09 1.309546412827634e-09 6807796.499929184 18
6 1.25981493208849e-08 1.188383976314223e-08 6935866.267386355 62
9 2.894919678278582e-08 2.690555555426765e-08 6682536.019639414 98
12 6.643635049537417e-08 7.074707135103662e-08 5691093.411934295 210
15 1.336139732629166e-07 1.665519520310682e-07 5911919.631071028 350
18 1.766259844077576e-07 2.209208335946846e-07 5073302.985825864 450
21 2.430202568242453e-07 2.74314869490534e-07 4261843.911669846 602
24 2.705439420124648e-07 4.497088404395987e-07 3987676.801406044 762
27 4.948097389679658e-07 6.355296545163988e-07 3782483.679674067 1142
30 4.899910507317412e-07 7.658680543980434e-07 3404785.461596281 1250
33 6.09664252532164e-07 9.196399857390292e-07 3239654.948181024 1458
36 7.658859778309381e-07 1.219384019564551e-06 3085044.687269717 1814
39 9.644844520907767e-07 1.574922366818188e-06 3027041.713173566 2178
42 1.072783892273679e-06 1.824539655177451e-06 2786184.820518802 2498
45 1.213352383647454e-06 2.063749201818831e-06 2801054.416834043 2622
48 1.418397270699954e-06 2.684722710771602e-06 2676666.482768323 3191
51 1.365537291798642e-06 2.499723438659517e-06 2493287.473752929 3044
54 1.242602213594499e-06 2.378111099067881e-06 2443112.366351317 2736
57 1.09115170029468e-06 2.05484485618601e-06 2419563.831969921 2276
60 8.898336695179205e-07 1.958949618689082e-06 2315470.264225163 2016
63 7.811346316072806e-07 1.577734946865655e-06 2260140.258181757 1640
66 5.274682841186774e-07 1.012142268891366e-06 2196016.15077372 1056
69 3.346226159407166e-07 7.184267220302695e-07 2195469.401759339 683
72 1.515217157279654e-07 3.870305980444865e-07 2062256.181533058 350
75 9.279356310898201e-08 2.210080535672027e-07 2114464.029249556 192
78 2.608127432300319e-08 7.831955931225814e-08 2881717.548085663 44
81 2.099040542447472e-08 5.196453433857807e-08 3474489.956600673 25


3 1.887616976296625e-09 1.528619016040307e-09 6757165.580199341 18
6 1.260662397958938e-08 1.066587136990342e-08 6670689.021613868 62
9 2.976644622217762e-08 2.626741892340249e-08 6760346.373174048 98
12 6.478686546772316e-08 6.960097196833605e-08 5621870.285998968 210
15 1.399120187350196e-07 1.496489967597096e-07 5816609.324363291 350
18 1.690019604139892e-07 2.109412130236047e-07 4907843.367244178 450
21 2.365176491280347e-07 2.817366948044522e-07 4299513.010843739 602
24 2.703669769820724e-07 4.337637465703766e-07 3975768.239702954 762
27 4.759058265644342e-07 6.526071661319222e-07 3809509.2951986 1142
30 4.884180207229719e-07 7.266527269490561e-07 3357186.162380058 1250
33 6.101772429604205e-07 8.956941089552601e-07 3244324.446800704 1458
36 7.578202166903099e-07 1.163707559388545e-06 3041343.729721867 1814
39 9.697747390722479e-07 1.525826556945094e-06 3031377.074731736 2178
42 1.107082836746151e-06 1.727213528689718e-06 2787670.62976275 2498
45 1.190788565729537e-06 2.024255139063234e-06 2795437.816936786 2622
48 1.491638706388556e-06 2.452750851923073e-06 2646277.949334173 3191
51 1.410272664508593e-06 2.447033465005904e-06 2542593.605887382 3044
54 1.207016074960872e-06 2.380481607616498e-06 2461455.375975826 2736
57 1.089079541406167e-06 2.022072960309944e-06 2438912.535585182 2276
60 9.701748062467815e-07 1.781216227777895e-06 2313499.483852054 2016
63 7.81766739473619e-07 1.515905207523266e-06 2250497.036927475 1640
66 5.032395448016046e-07 1.02679285281004e-06 2210541.475392221 1056
69 3.361199035868096e-07 6.763533063239259e-07 2163504.108918349 683
72 1.728468317565075e-07 3.736825891844651e-07 2169085.779632529 350
75 1.060187056202561e-07 1.95721199304856e-07 2121433.458157907 192
78 3.176753561658042e-08 5.602172813310989e-08 2598559.603525888 44
81 2.572607933134317e-08 3.746850247364857e-08 3227784.053305779 25


3 1.768922467104519e-09 1.260654207311718e-09 6085986.498822516 18
6 1.253536029170819e-08 1.035727415754673e-08 6637718.520932131 62
9 2.788434583291642e-08 2.785853373454404e-08 6761256.729459772 98
12 6.555291470510563e-08 7.202141950951961e-08 5817495.261343521 210
15 1.404279985722694e-07 1.460872857220928e-07 5830554.117381359 350
18 1.648738987759415e-07 1.980223469648895e-07 4755245.834950079 450
21 2.348400107384676e-07 2.776548388206329e-07 4305688.093024395 602
24 2.814759901400181e-07 4.077038457989054e-07 3964999.711783118 762
27 4.618788505260885e-07 6.549444678090823e-07 3813230.524721023 1142
30 4.972357536935363e-07 6.995261915644923e-07 3360641.086449764 1250
33 6.012842198256337e-07 9.006229182688283e-07 3275766.919419757 1458
36 7.426236539707224e-07 1.167070076724301e-06 3060028.635364555 1814
39 9.627154270220962e-07 1.504607807584483e-06 3039182.314399053 2178
42 1.086734213297172e-06 1.728228599116169e-06 2803187.932287184 2498
45 1.178191757133406e-06 1.990319595768876e-06 2794627.699395889 2622
48 1.518810456436203e-06 2.362164769847057e-06 2648312.855633013 3191
51 1.406344218953168e-06 2.399818599928165e-06 2546586.217611595 3044
54 1.281606720297556e-06 2.199492202315605e-06 2444853.978812805 2736
57 1.054167937575192e-06 2.034263605343817e-06 2449396.525269131 2276
60 9.747405362594795e-07 1.716195520641769e-06 2300972.311037366 2016
63 7.502466940915008e-07 1.526457275254301e-06 2254228.282585315 1640
66 4.692447617886657e-07 1.045406448216135e-06 2206452.63867296 1056
69 3.131157803616317e-07 6.837350958365008e-07 2147516.687969922 683
72 1.885663382828301e-07 3.280451210615759e-07 2115860.211205586 350
75 8.652506060268358e-08 2.270358529108707e-07 2173180.612787017 192
78 2.309274295991567e-08 6.958276881139075e-08 2662048.864203889 44
81 1.68283841094073e-08 5.267204551503037e-08 3366951.70646791 25


3 1.9473300322181e-09 1.463817547522789e-09 6969076.115364583 18
6 1.214321666507549e-08 1.08813850690818e-08 6765065.678061817 62
9 2.587807051891207e-08 2.687866557460753e-08 6483008.903406478 98
12 6.366962224861713e-08 7.482248357428026e-08 5915208.783925717 210
15 1.393811054066171e-07 1.409346637300771e-07 5798583.351065552 350
18 1.575591492128578e-07 2.017788851169839e-07 4750611.147394494 450
21 2.214402276323912e-07 2.907863567100489e-07 4332060.261434298 602
24 3.006396840421532e-07 3.769616125952238e-07 3973556.604859243 762
27 4.37184182152364e-07 6.655103079559266e-07 3788536.681061368 1142
30 4.931265591968302e-07 6.786386168539439e-07 3330802.754735118 1250
33 5.884490992123924e-07 9.010258786652996e-07 3276841.901144849 1458
36 7.347744582640678e-07 1.151314684631213e-06 3051756.9896674 1814
39 9.537346203049154e-07 1.466503096410034e-06 3013566.154318532 2178
42 1.046217820359918e-06 1.749177115317792e-06 2800822.465725826 2498
45 1.190130139640752e-06 1.937770224861306e-06 2790874.136204005 2622
48 1.418396316290527e-06 2.476942954135048e-06 2662608.425495889 3191
51 1.364118035954278e-06 2.430328302876244e-06 2553719.599982894 3044
54 1.257735387729918e-06 2.220674554236595e-06 2459979.60254504 2736
57 1.069965813685959e-06 1.971887655900598e-06 2440354.017506019 2276
60 8.707123616340403e-07 1.855941372287611e-06 2317482.992230083 2016
63 7.637738197557645e-07 1.515150183651322e-06 2278562.889538064 1640
66 5.277054656367514e-07 9.193755743435931e-07 2166940.504058304 1056
69 3.132177789420033e-07 6.549800122783483e-07 2108746.945869927 683
72 1.39566630609116e-07 4.350020266249058e-07 2260891.380771613 350
75 9.368189702153797e-08 1.865988166971048e-07 2002625.283161009 192
78 3.360275479068662e-08 5.324641106187709e-08 2660851.723677044 44
81 2.284364858670494e-08 3.346635651045562e-08 2947617.328774012 25


3 1.704933500641147e-09 1.924617206976096e-09 7359001.732076041 18
6 1.167403516786628e-08 1.020641932036084e-08 6572708.123526991 62
9 2.387032823351587e-08 2.74775687803277e-08 6367732.07687775 98
12 6.425502476790792e-08 7.573322386862766e-08 6066199.133735623 210
15 1.338357578289762e-07 1.421853820794572e-07 5789149.131102134 350
18 1.492319284394821e-07 2.009919391402321e-07 4671459.445023521 450
21 2.109121029424138e-07 3.074593309359606e-07 4401822.115830568 602
24 3.048869142043474e-07 3.373471108826532e-07 3856775.807961584 762
27 4.397093982337957e-07 6.511369595209083e-07 3792930.532659954 1142
30 4.624088081449834e-07 7.003023536097467e-07 3317384.282493904 1250
33 5.74742746143599e-07 8.779520313253676e-07 3227978.138290028 1458
36 7.28192230865193e-07 1.163945532871263e-06 3085255.811922546 1814
39 9.244327976862355e-07 1.469948343660986e-06 3002395.514485296 2178
42 1.02112921908234e-06 1.786555352650025e-06 2825850.11447855 2498
45 1.151932107116602e-06 1.934682487441835e-06 2771553.305002579 2622
48 1.383546272039615e-06 2.487464789757311e-06 2660192.086593717 3191
51 1.340506133982907e-06 2.471711595486806e-06 2577658.062565131 3044
54 1.173455843231073e-06 2.322030357855693e-06 2465758.427101639 2736
57 1.04387494522225e-06 1.988188124949726e-06 2443245.698571986 2276
60 9.168308043917006e-07 1.789043927689722e-06 2331831.171390581 2016
63 7.597480315240146e-07 1.43592679979595e-06 2220867.772723177 1640
66 4.521787726802236e-07 1.088513946732459e-06 2253231.461252431 1056
69 3.314452709721414e-07 6.583890640136023e-07 2181224.588802665 683
72 1.921802654906284e-07 3.11392360733819e-07 2121120.051184624 350
75 8.838484045404452e-08 2.015752681165366e-07 2057054.66064601 192
78 2.597302273848944e-08 7.785521208292112e-08 3000405.924451183 44
81 1.245852772865587e-08 5.890281568625019e-08 3345849.285502159 25


3 1.321398059485109e-09 2.012164507912601e-09 6677056.120962281 18
6 1.17454940304262e-08 1.21066706427137e-08 7194383.888736012 62
9 2.273654417007925e-08 2.428312515500464e-08 5962338.676935121 98
12 6.553802756290899e-08 6.761871783245569e-08 5930930.997932812 210
15 1.239312363167877e-07 1.498010696019228e-07 5765694.187838986 350
18 1.422052524538316e-07 2.081970717378638e-07 4697649.464385356 450
21 2.016419313111055e-07 3.063204944652444e-07 4347907.905150066 602
24 2.884353695777586e-07 3.639798235859712e-07 3930174.498500361 762
27 4.234694555544164e-07 6.497075083414069e-07 3762487.014079408 1142
30 4.236173730467575e-07 7.162178940009593e-07 3254624.961301971 1250
33 5.665251414226784e-07 9.057182919339169e-07 3294094.90101099 1458
36 6.933001986154416e-07 1.144799355481247e-06 3020010.167432162 1814
39 9.134577820040414e-07 1.466563435736214e-06 3014479.864716907 2178
42 1.04016003798426e-06 1.756827881569876e-06 2853062.244959395 2498
45 1.116520107440078e-06 1.945248372132207e-06 2767584.780714165 2622
48 1.370543130470619e-06 2.460852298830996e-06 2658829.75892336 3191
51 1.337358323552798e-06 2.517914402767151e-06 2625564.490175382 3044
54 1.160275322622031e-06 2.22738069098411e-06 2418285.06593721 2736
57 9.928367293747968e-07 2.092902539236298e-06 2482130.415671762 2276
60 8.992755690823995e-07 1.798329177563002e-06 2339310.451414098 2016
63 6.777931845643019e-07 1.60761798418693e-06 2275589.783556188 1640
66 4.719666937146676e-07 9.731078599773533e-07 2165206.248999523 1056
69 3.036747629358778e-07 7.130787217053406e-07 2218118.967742388 683
72 1.555430914554005e-07 3.823743027715426e-07 2180630.604029498 350
75 8.424004548118202e-08 2.08755533364356e-07 2074995.339155755 192
78 3.011634000384356e-08 6.977152484297986e-08 2989010.706409572 44
81 1.850637309243366e-08 2.523606721421992e-08 2375450.71085684 25


3 1.399767974060592e-09 1.69089795220966e-09 6404849.962025513 18
6 1.087168325703228e-08 1.166980220780039e-08 6858651.477257162 62
9 2.164089462824217e-08 2.570239506258339e-08 6017231.791872524 98
12 5.95513349966314e-08 6.921762986720471e-08 5741166.906454182 210
15 1.229448074212778e-07 1.390289848842276e-07 5622193.009175804 350
18 1.465356983029572e-07 1.971550275756005e-07 4701900.711250342 450
21 1.941305047588796e-07 2.965497300233508e-07 4248597.087073665 602
24 2.71608262393685e-07 3.876526360829426e-07 3971957.436819629 762
27 4.282514369610093e-07 6.262582226277692e-07 3759701.884849399 1142
30 4.361040645853961e-07 6.939931243041276e-07 3285211.767792232 1250
33 5.450340316550122e-07 8.966717072519168e-07 3255301.279402553 1458
36 6.864263727388418e-07 1.15470724120568e-06 3055796.347417454 1814
39 8.811277721223933e-07 1.531760356478767e-06 3067923.14527857 2178
42 1.04071704962783e-06 1.717813443369062e-06 2854416.468176644 2498
45 1.082652014700315e-06 1.962082186351746e-06 2773701.69362771 2622
48 1.305082340674436e-06 2.488021986995395e-06 2647009.570915464 3191
51 1.312746942620847e-06 2.443399963776903e-06 2591807.023934202 3044
54 1.176506772186504e-06 2.282871004703379e-06 2495986.553356105 2736
57 1.022660247947247e-06 1.950571915430121e-06 2446773.290896094 2276
60 8.490724986707402e-07 1.885243361764813e-06 2372018.158098603 2016
63 7.222725260234092e-07 1.508704223466376e-06 2279698.872101517 1640
66 4.616138695935106e-07 9.895057669155092e-07 2190359.918451324 1056
69 3.077644943168274e-07 6.974604418482149e-07 2228059.482725095 683
72 1.548355419207639e-07 3.938173194260081e-07 2242312.486290625 350
75 8.822665090668493e-08 1.859643330479443e-07 2003055.67536058 192
78 2.821736676186056e-08 6.067229997636045e-08 2716638.455007115 44
81 1.084863913906378e-08 2.953693420647226e-08 2030886.893668742 25


3 1.467126772045368e-09 2.201595325073563e-09 7542656.119200256 18
6 1.134437545335413e-08 9.070706772613598e-09 6414720.29797886 62
9 2.009089899352579e-08 2.744978036198725e-08 6031604.121550994 98
12 5.66285309211653e-08 6.847479934107987e-08 5611893.840891959 210
15 1.228562528295614e-07 1.405842308268426e-07 5698833.68931639 350
18 1.451591115966949e-07 1.791405032141615e-07 4518756.597208638 450
21 1.933280975083165e-07 2.893713694742227e-07 4240373.80138113 602
24 2.659014815510466e-07 3.817000410202096e-07 3946232.354287617 762
27 4.499140980007078e-07 6.060257758296734e-07 3837491.985460323 1142
30 4.572163961088637e-07 6.605158121970262e-07 3319707.744328322 1250
33 5.488386017894085e-07 8.576009775928793e-07 3233157.699154915 1458
36 7.091027381825829e-07 1.113440430051599e-06 3085180.897972434 1814
39 8.986078079948287e-07 1.438862497278459e-06 3036160.631206306 2178
42 1.001212325413976e-06 1.731959305742763e-06 2853433.31030939 2498
45 1.068715244305279e-06 1.88777727637407e-06 2738552.305675756 2622
48 1.354087116604594e-06 2.319647206150077e-06 2628196.670874824 3191
51 1.274669358065159e-06 2.350850196294669e-06 2540112.64341381 3044
54 1.177617983687385e-06 2.265595327123456e-06 2523258.940889323 2736
57 1.018233766340061e-06 1.928592658859169e-06 2461866.12961982 2276
60 9.028094264859024e-07 1.760696708623791e-06 2378431.618478455 2016
63 7.284032329199804e-07 1.397726641381691e-06 2225152.335299434 1640
66 4.562082686607042e-07 9.651957696955253e-07 2181662.469613802 1056
69 3.15304233014153e-07 6.84342586389174e-07 2261333.683736391 683
72 1.882520061936476e-07 3.319316596068867e-07 2249752.761991897 350
75 7.323999317378936e-08 2.009155998151735e-07 1976181.808904784 192
78 2.529446407656812e-08 5.942299805254438e-08 2601748.648559398 44
81 1.000918164037405e-08 2.653503584320431e-08 1875317.008414586 25


3 1.387546123496483e-09 2.207762810476958e-09 7473936.697990568 18
6 1.120196343856408e-08 9.18120515613653e-09 6402455.267718213 62
9 2.175364886477227e-08 2.276162806592796e-08 5811749.934950912 98
12 5.68077637390218e-08 6.71224357550038e-08 5621688.010949776 210
15 1.231760209833855e-07 1.302920402652572e-07 5556705.564781014 350
18 1.417272244343175e-07 1.739475461047991e-07 4444764.278132029 450
21 2.079060265962134e-07 2.612226735465731e-07 4226381.335214579 602
24 2.607783305999163e-07 3.777332607823383e-07 3939999.698986723 762
27 4.353865147221882e-07 5.947291498982847e-07 3783958.500453701 1142
30 4.466612559757956e-07 6.820147561559417e-07 3383741.90917956 1250
33 5.566877524823458e-07 8.403245345431755e-07 3266378.191451238 1458
36 7.139662440284489e-07 1.038948566661215e-06 3026569.415087792 1814
39 8.77894409713689e-07 1.43179826057383e-06 3040844.483388307 2178
42 9.994073928097212e-07 1.677620646225073e-06 2846671.618480937 2498
45 1.089906078833055e-06 1.812654056924386e-06 2745287.239879201 2622
48 1.392346262500402e-06 2.284301467704917e-06 2680420.730762281 3191
51 1.298269627914697e-06 2.202446962090369e-06 2510615.142191933 3044
54 1.169458835247394e-06 2.174889573032437e-06 2500908.111946547 2736
57 9.724585523778398e-07 1.956215096432611e-06 2476973.312109187 2276
60 8.927294589178018e-07 1.746637483206081e-06 2397485.755144142 2016
63 6.845726085762185e-07 1.412852950229437e-06 2218784.824424295 1640
66 4.735001497441422e-07 9.595702414029683e-07 2248757.358135792 1056
69 3.126893912654375e-07 6.459407630625741e-07 2218949.272479217 683
72 1.379056759945866e-07 3.910918966029758e-07 2225710.809200549 350
75 9.508225989356342e-08 1.675754104515388e-07 2016265.517797035 192
78 2.313028724832997e-08 5.358677239958189e-08 2405312.477648986 44
81 1.27845429472553e-08 2.464904295286544e-08 2023293.877452246 25


3 1.374006084894166e-09 2.213137518778041e-09 7576092.013623158 18
6 1.10613301694387e-08 9.469493127553827e-09 6466961.108520357 62
9 2.115877644646914e-08 2.259084867325319e-08 5757627.345114371 98
12 5.810346630662156e-08 6.846348175149077e-08 5805772.206870463 210
15 1.139003009107664e-07 1.294281037255044e-07 5365411.632796358 350
18 1.405178193756841e-07 1.675678077421789e-07 4394249.481725466 450
21 2.159447780331236e-07 2.53540293680716e-07 4293621.595893446 602
24 2.552345994788495e-07 3.67614776749567e-07 3900320.087703432 762
27 4.205170787360531e-07 5.994543354467552e-07 3788995.729580557 1142
30 4.395093417902458e-07 6.685348374387211e-07 3373185.776558163 1250
33 5.796042128286359e-07 7.824513740680877e-07 3250251.033134131 1458
36 7.050258169319894e-07 1.046195697852512e-06 3063169.486056841 1814
39 8.543040966204648e-07 1.404370649475736e-06 3019938.955241737 2178
42 1.015311662879567e-06 1.636376938065116e-06 2872117.807851226 2498
45 1.10850486085445e-06 1.771820479800801e-06 2774019.898811618 2622
48 1.346723530708748e-06 2.263272207695004e-06 2669000.52851401 3191
51 1.304199341350601e-06 2.156085206261812e-06 2525093.16038783 3044
54 1.208025799270315e-06 2.087935989695745e-06 2518818.033198005 2736
57 1.015617430222251e-06 1.808373175714682e-06 2451382.198564076 2276
60 8.862039987790081e-07 1.69389493175096e-06 2388927.922849791 2016
63 7.01707679329415e-07 1.325640054056419e-06 2197251.22179385 1640
66 4.687990551754997e-07 9.614416965867631e-07 2282455.76509099 1056
69 3.120040735197227e-07 6.276575826817428e-07 2218220.017295642 683
72 1.696815638416758e-07 3.046965243368352e-07 2110426.629942585 350
75 8.575496881709145e-08 1.917116120178879e-07 2120919.31303547 192
78 2.729893924093511e-08 4.210735338225616e-08 2293246.746180534 44
81 1.169545663066397e-08 2.829654697530554e-08 2154708.394798246 25


3 1.197657753115594e-09 2.36458623224651e-09 7554750.02169278 18
6 1.103652217383469e-08 9.236165051047235e-09 6464633.175129838 62
9 2.063370017227711e-08 2.397922420801873e-08 5918838.033207426 98
12 5.74444083716663e-08 6.707707536908376e-08 5781631.66031678 210
15 1.059502209588107e-07 1.303967296749696e-07 5254318.839949304 350
18 1.400182965950342e-07 1.590335984974135e-07 4325036.222388752 450
21 2.165147720941854e-07 2.627721549721474e-07 4428056.570791887 602
24 2.64372498271736e-07 3.472912354595951e-07 3892621.433143702 762
27 4.167729956625591e-07 5.923387269854794e-07 3794094.275591299 1142
30 4.477571776029299e-07 6.360450677123328e-07 3350157.883812697 1250
33 5.62995717043182e-07 7.907605149220085e-07 3262324.963213739 1458
36 6.81053856261484e-07 1.063751239739191e-06 3080573.582192834 1814
39 8.459877881383432e-07 1.374722361559739e-06 3006956.363116956 2178
42 1.025896630861781e-06 1.577419464102064e-06 2860971.399400785 2498
45 1.084273574402389e-06 1.770751485695138e-06 2779375.350724755 2622
48 1.30312934624918e-06 2.293448332827783e-06 2684217.207733946 3191
51 1.247505320069642e-06 2.186889660591431e-06 2527587.476120717 3044
54 1.207863953888664e-06 2.032372157875051e-06 2510266.70846507 2736
57 1.020664515387387e-06 1.769908604117118e-06 2455817.108472016 2276
60 9.104938015209812e-07 1.606822918627333e-06 2371571.448323153 2016
63 7.055393239584026e-07 1.292972910807041e-06 2196852.117374104 1640
66 4.856419486167829e-07 8.896737386270529e-07 2239328.518377428 1056
69 3.138926295194606e-07 6.119000349923063e-07 2217238.929505196 683
72 1.608857005081545e-07 2.973188754876782e-07 2058262.888861262 350
75 8.275744399998486e-08 1.901431242488144e-07 2107694.378408066 192
78 2.11706957045355e-08 5.368792898108569e-08 2403690.88223982 44
81 1.25080870515474e-08 2.452580966628458e-08 2054949.996024531 25


3 1.213723895808181e-09 2.087134614826005e-09 7084588.224749682 18
6 1.076161274358776e-08 8.633914971033054e-09 6306280.773768364 62
9 2.037338917088824e-08 2.413145803953666e-08 5971875.274815434 98
12 5.752976180334443e-08 6.418320812090588e-08 5736325.887686747 210
15 9.77243936657702e-08 1.416083842358397e-07 5332220.354646575 350
18 1.3565823273594e-07 1.588160693038531e-07 4305919.947081811 450
21 2.0777013673651e-07 2.697758973790063e-07 4446805.96426077 602
24 2.733918294956286e-07 3.29030467854475e-07 3895899.254141769 762
27 4.078464782104922e-07 6.022143990398757e-07 3825924.571968487 1142
30 4.545782253808041e-07 6.067393061703639e-07 3325979.747312875 1250
33 5.401524184472616e-07 8.046273001658304e-07 3261235.924732644 1458
36 6.724074832865673e-07 1.04707774943186e-06 3063007.70034896 1814
39 8.418079663325551e-07 1.33967043396215e-06 2982407.35951753 2178
42 1.022279698292137e-06 1.588130523325981e-06 2893028.451427114 2498
45 1.045618551017502e-06 1.817634147309964e-06 2798991.751506439 2622
48 1.288594463570465e-06 2.280068655582815e-06 2682669.83941217 3191
51 1.227047383330957e-06 2.197561413496062e-06 2536236.709467764 3044
54 1.120795947844869e-06 2.087509142739473e-06 2487777.462770878 2736
57 9.765767305514769e-07 1.816566832408322e-06 2465083.942473877 2276
60 8.542528921799465e-07 1.635716406015536e-06 2349887.780027632 2016
63 6.80913658168155e-07 1.323216852342617e-06 2209977.283530357 1640
66 4.582852419157338e-07 9.316217350059949e-07 2261704.902029079 1056
69 2.992096281157329e-07 6.288679461110929e-07 2225241.863504135 683
72 1.318056756714211e-07 3.518885247885677e-07 2123751.166742854 350
75 9.044300670959864e-08 1.803712927105923e-07 2130484.410616745 192
78 2.141254930319216e-08 4.796767135757402e-08 2264411.031484571 44
81 8.362933328551979e-09 2.366579014379655e-08 1733061.633474117 25


3 1.321442830688212e-09 1.915194276345563e-09 7078226.108868133 18
6 9.719730920805294e-09 9.2380812532382e-09 6217552.346571668 62
9 2.037889212783145e-08 2.189046948667433e-08 5793851.841745431 98
12 5.510382428606216e-08 6.305260009328151e-08 5641243.166815422 210
15 9.052411061392813e-08 1.463283515160829e-07 5282952.830598235 350
18 1.303980314725935e-07 1.664110217425499e-07 4371396.102736438 450
21 2.060191253546484e-07 2.892704525506117e-07 4638378.826147445 602
24 2.633231111534087e-07 3.104632725860092e-07 3767509.574652428 762
27 4.091728706965104e-07 5.867688078920951e-07 3817606.517616055 1142
30 4.564608061046685e-07 5.773208078252956e-07 3292292.237640569 1250
33 5.230468604908314e-07 7.991923610733254e-07 3230475.818152663 1458
36 6.750598503848662e-07 1.024284073498127e-06 3060477.101445713 1814
39 8.391635934647888e-07 1.324151038778137e-06 2984957.067149131 2178
42 9.727864266219254e-07 1.610980364292292e-06 2873615.739065573 2498
45 1.07925170157498e-06 1.780771253045913e-06 2828830.404486069 2622
48 1.306710101427065e-06 2.207355873272903e-06 2671152.736865599 3191
51 1.218304104582316e-06 2.216080440851623e-06 2557477.661439154 3044
54 1.098923855752073e-06 2.06047637565217e-06 2464123.769754424 2736
57 9.32429726773216e-07 1.875309984053322e-06 2476305.545331686 2276
60 8.185788256523922e-07 1.630095876354596e-06 2316941.999651245 2016
63 6.525740603751173e-07 1.420956550858773e-06 2275675.162462827 1640
66 4.424737717078692e-07 9.40898348936568e-07 2254093.286822122 1056
69 2.95093733972533e-07 6.345867223835075e-07 2235909.511565033 683
72 1.574410065221228e-07 3.083635415395396e-07 2113873.806342687 350
75 8.278275251426316e-08 1.857831145976737e-07 2100616.028065001 192
78 2.287547584829012e-08 4.362778486192631e-08 2219605.254144479 44
81 9.582111350761474e-09 1.614620279970678e-08 1476376.006867713 25


3 1.325674224344949e-09 2.246615903495209e-09 7788287.370260403 18
6 8.797736527800542e-09 9.454113473568375e-09 6021799.389683049 62
9 2.072968494217888e-08 2.245737995613648e-08 6006045.126758425 98
12 5.063124332471698e-08 6.30345362323104e-08 5462953.079081722 210
15 8.730004478988192e-08 1.479757163613125e-07 5275729.146702024 350
18 1.327071258471398e-07 1.67157194316458e-07 4479469.165027093 450
21 1.95737071817433e-07 2.811883517303601e-07 4508869.673567841 602
24 2.447751788318346e-07 3.147691397943017e-07 3695466.541986707 762
27 4.008680758894602e-07 5.469242264733741e-07 3692253.011742523 1142
30 4.414774866863266e-07 5.990247025223071e-07 3334826.308590993 1250
33 5.074692291525688e-07 8.188934486424298e-07 3258159.956466305 1458
36 6.587901461233378e-07 1.047327312751682e-06 3091950.896195445 1814
39 8.079776549940331e-07 1.33626089985134e-06 2975659.91290033 2178
42 9.254244634665818e-07 1.638541327392395e-06 2860733.980181958 2498
45 1.06920225009332e-06 1.775374020683247e-06 2839923.215166009 2622
48 1.29451277369697e-06 2.221149900137821e-06 2694226.017798333 3191
51 1.241403526876331e-06 2.204556322791418e-06 2595647.945372781 3044
54 1.114480851158429e-06 1.989740895294458e-06 2454859.552941514 2736
57 9.412717335166303e-07 1.785243371749937e-06 2438919.72241023 2276
60 8.273073786598332e-07 1.634404660676826e-06 2350427.036670065 2016
63 6.942835008075338e-07 1.340910956270246e-06 2279568.889428446 1640
66 4.506263042648906e-07 9.369931971511372e-07 2284110.680202924 1056
69 2.911368291188338e-07 6.528413694350558e-07 2277080.435799454 683
72 1.441618025200923e-07 3.245695515990193e-07 2111721.182012454 350
75 8.619803805856854e-08 1.895503526201185e-07 2178466.715483815 192
78 1.696251034202839e-08 5.31990635702823e-08 2232529.129446858 44
81 9.235990370785939e-09 3.278507426449802e-08 2233788.388242847 25


3 1.261459935421835e-09 2.474240919206936e-09 8133856.587480532 18
6 9.118149722747532e-09 8.901094458905149e-09 6066301.872947639 62
9 2.150193990335252e-08 2.408223402065157e-08 6392013.385541738 98
12 4.758207530381919e-08 5.345908822540388e-08 4958357.880483635 210
15 8.776733682145534e-08 1.441467471053646e-07 5275463.437109061 350
18 1.305676814059749e-07 1.625195842295433e-07 4433010.181795847 450
21 1.834630030900866e-07 2.70407808814818e-07 4329927.016364211 602
24 2.318788709660694e-07 3.384519378235125e-07 3764211.227132607 762
27 3.962200610043653e-07 5.737773957686622e-07 3800273.674785997 1142
30 4.066999207991819e-07 6.157052150930405e-07 3279439.915310494 1250
33 5.128613919069957e-07 8.037351754638235e-07 3280608.737742272 1458
36 6.244641347745727e-07 1.048438693655975e-06 3050204.807230433 1814
39 7.854923320211782e-07 1.306529079423259e-06 2934810.638643495 2178
42 9.277401209109552e-07 1.593702638129409e-06 2854289.807236376 2498
45 1.036094341208805e-06 1.752896832700663e-06 2810864.717317874 2622
48 1.252708113631072e-06 2.269634779117444e-06 2715070.034214457 3191
51 1.205971062646006e-06 2.168247107026826e-06 2567369.348715542 3044
54 1.125418867957669e-06 2.107549102479762e-06 2572914.83051665 2736
57 9.28138508426851e-07 1.791645629209658e-06 2456279.32038936 2276
60 8.04699998729886e-07 1.597262014577665e-06 2318542.027336658 2016
63 6.690699790264273e-07 1.325564768199093e-06 2253391.966633639 1640
66 4.835941205335576e-07 8.577132023973847e-07 2273613.581062999 1056
69 3.148124583421635e-07 5.962874491218055e-07 2266276.579412222 683
72 1.424126312032843e-07 3.260476844196204e-07 2130950.143748336 350
75 8.612112428003273e-08 1.99433672371297e-07 2268201.982267924 192
78 2.23608548309158e-08 3.812985652457191e-08 2091123.943227423 44
81 9.903855014898599e-09 2.977377768821793e-08 2171404.547733495 25


3 1.395835770085253e-09 2.445412147472132e-09 8569952.958773587 18
6 9.63403214770661e-09 6.37281844469401e-09 5581905.578854919 62
9 2.069915734310434e-08 2.580673377066904e-08 6519520.883865364 98
12 4.763768864670393e-08 5.214017893325417e-08 4946290.032548776 210
15 9.187213411608467e-08 1.22370302001523e-07 5020700.174797632 350
18 1.241729477679848e-07 1.728580360765956e-07 4495499.412722176 450
21 1.887209007499193e-07 2.60304227700101e-07 4357716.4640893 602
24 2.184550448489159e-07 3.592855378785507e-07 3821696.868774921 762
27 3.894955733160936e-07 5.696191582075347e-07 3798121.595387982 1142
30 3.820611798814889e-07 6.032284777584755e-07 3187902.75262664 1250
33 5.207364813416764e-07 7.964819378817332e-07 3330015.056114708 1458
36 6.066502635718921e-07 1.043439152981663e-06 3043182.56421055 1814
39 7.667063713949088e-07 1.275465377426392e-06 2902772.901700932 2178
42 9.638593759562207e-07 1.472150712899406e-06 2823596.890248502 2498
45 9.779199769217078e-07 1.819024340609863e-06 2832928.845455138 2622
48 1.269860200107987e-06 2.261512202178259e-06 2764828.602332183 3191
51 1.174130302529777e-06 2.171359251580685e-06 2574355.461930497 3044
54 1.101429485721501e-06 2.162189216328726e-06 2623303.038163044 2736
57 9.343177397699415e-07 1.730944630356038e-06 2451490.253842626 2276
60 7.848634712020383e-07 1.604935625821989e-06 2334390.469737395 2016
63 6.368441769600949e-07 1.320584345617371e-06 2233973.740587822 1640
66 4.181746416168687e-07 9.659631399488001e-07 2315683.632524965 1056
69 2.886335268731637e-07 6.261972736415006e-07 2275246.665702483 683
72 1.478001746299349e-07 2.955417032841403e-07 2077802.244925518 350
75 8.824796817086702e-08 1.883641949696092e-07 2251462.42755587 192
78 1.661271414923871e-08 4.244044083026051e-08 1977242.258426874 44
81 1.194268620858912e-08 1.598900013688144e-08 1703238.737076805 25


3 1.246268289560974e-09 2.633799750727529e-09 8727887.995309563 18
6 1.01200581810077e-08 5.912294877702433e-09 5607806.325718116 62
9 2.00037275943371e-08 2.414789122276337e-08 6264215.94979872 98
12 4.86531924439505e-08 5.125146712307108e-08 4999618.006735688 210
15 9.340649387749253e-08 1.158009232011505e-07 4979887.272831671 350
18 1.229794607616371e-07 1.622094802264499e-07 4384009.553133373 450
21 1.873149514687602e-07 2.485869028601125e-07 4291802.490413096 602
24 2.259553571986501e-07 3.584198159158332e-07 3936045.07113551 762
27 3.891058444612797e-07 5.462998406600115e-07 3762948.779972963 1142
30 3.952669826179845e-07 5.978890194859559e-07 3269920.026633526 1250
33 5.038213685540286e-07 7.59445494398737e-07 3241625.879113846 1458
36 6.444095694222226e-07 9.467309860531792e-07 3012658.972235055 1814
39 7.751868787342976e-07 1.244936377618611e-06 2922981.998457368 2178
42 9.414636994491303e-07 1.474225918817283e-06 2833502.217343115 2498
45 1.024933071086352e-06 1.680168739909951e-06 2811932.355524643 2622
48 1.338578489843548e-06 2.088747872353308e-06 2752722.544400896 3191
51 1.194603861575127e-06 2.035901882917214e-06 2543075.714726209 3044
54 1.1733564565249e-06 1.945799857605614e-06 2583895.634307553 2736
57 9.073061261381486e-07 1.720865190862458e-06 2453570.401652803 2276
60 8.272445370467978e-07 1.515143819684263e-06 2349951.871427385 2016
63 6.546295757215316e-07 1.258844260169967e-06 2237204.229571697 1640
66 4.469088880479647e-07 8.864205426840855e-07 2303520.535614043 1056
69 2.988756705264211e-07 5.771288272195354e-07 2241192.110492241 683
72 1.422356764741592e-07 3.149545333633231e-07 2160384.177047946 350
75 8.7889059734558e-08 1.885274866898855e-07 2289387.71227936 192
78 1.881621287993362e-08 3.772330862038333e-08 1975091.798601051 44
81 8.125420837599816e-09 2.055779902946375e-08 1661529.515931459 25


3 1.345556443112583e-09 2.208764367315467e-09 8229108.105370807 18
6 9.654759687712602e-09 6.190379704243871e-09 5525787.955639274 62
9 1.835301022932876e-08 2.330210544524732e-08 5963726.9998441 98
12 4.733223134103498e-08 5.089015373872459e-08 4955711.309643131 210
15 9.379054211739658e-08 1.107332687149558e-07 4934490.337387128 350
18 1.225048380342946e-07 1.579994024545106e-07 4369667.748866234 450
21 1.840483911287934e-07 2.47254193503071e-07 4297224.045177307 602
24 2.286136417004719e-07 3.395936055854804e-07 3896039.379951318 762
27 3.840375298053576e-07 5.358113977251519e-07 3750083.306787963 1142
30 4.097361038830885e-07 5.750815393778998e-07 3299873.588219242 1250
33 4.955256637630207e-07 7.390667483581497e-07 3214244.91742343 1458
36 6.646512063152386e-07 8.991943076983546e-07 3013170.975475256 1814
39 7.98038435951717e-07 1.205109007142371e-06 2950300.764302368 2178
42 9.156389555757948e-07 1.474866006932319e-06 2839842.694953803 2498
45 1.050407547486934e-06 1.630981130575696e-06 2836756.927899817 2622
48 1.302813531537121e-06 2.077471479848316e-06 2749427.716373719 3191
51 1.210717615819341e-06 1.938674274898802e-06 2525539.799954482 3044
54 1.149067823132179e-06 1.982795602918374e-06 2625795.791564284 2736
57 9.355902573250672e-07 1.648846990491929e-06 2462978.945381889 2276
60 8.261316372124188e-07 1.461853410029073e-06 2336158.491818023 2016
63 6.562102865217395e-07 1.222353036152683e-06 2236376.565763777 1640
66 4.77582498364031e-07 8.048732880382628e-07 2276792.678333656 1056
69 2.956676719003568e-07 5.632898181934625e-07 2234253.243460687 683
72 1.537064781423492e-07 2.978387511234653e-07 2191656.037185336 350
75 9.136105432845618e-08 1.723281279068374e-07 2241986.003989627 192
78 2.020208301965004e-08 3.053831750200348e-08 1840807.398095109 44
81 8.295069753460838e-09 1.860765653747013e-08 1601734.48273365 25


3 1.338540140401478e-09 2.02927342903956e-09 7906865.271683598 18
6 8.709511150566588e-09 6.474382027099319e-09 5325622.750212542 62
9 1.701136715511956e-08 2.32271557255771e-08 5807676.139169719 98
12 4.639599321281905e-08 5.136253479641647e-08 4981709.83681294 210
15 9.161115116504926e-08 1.05999774780521e-07 4824892.132785328 350
18 1.199834570789792e-07 1.651726187233166e-07 4478931.775893738 450
21 1.82380198200448e-07 2.35524469721021e-07 4217081.575668975 602
24 2.307368473218364e-07 3.299868302463726e-07 3893659.963556121 762
27 3.772467797286148e-07 5.493402659834908e-07 3811949.989014214 1142
30 4.12880184950251e-07 5.542232903813354e-07 3283149.588567832 1250
33 5.014934712778036e-07 7.001372144463585e-07 3173017.974495018 1458
36 6.613898145615204e-07 8.991024870881075e-07 3039177.781353744 1814
39 8.028580952414978e-07 1.16766732129797e-06 2939862.038654463 2178
42 9.0542388270022e-07 1.456196914046022e-06 2836737.568492892 2498
45 1.057345716108188e-06 1.59974383561458e-06 2846053.828989606 2622
48 1.256974509969838e-06 2.117581413003728e-06 2766599.537835604 3191
51 1.170170720290229e-06 1.940761452528849e-06 2517053.71998669 3044
54 1.108489636771173e-06 2.022848530799954e-06 2645611.766214105 2736
57 9.519190541793756e-07 1.606014492346492e-06 2471127.584330626 2276
60 7.909909654531568e-07 1.480189182622017e-06 2336283.81139046 2016
63 6.531849486785492e-07 1.194573529950734e-06 2226603.859193591 1640
66 4.361080745599537e-07 8.427621182116232e-07 2273915.644040424 1056
69 2.790566412577942e-07 5.552528916509443e-07 2187386.076329154 683
72 1.486429816257039e-07 2.98458223778289e-07 2188238.731419409 350
75 8.515746743949261e-08 1.815018604318162e-07 2271182.708567351 192
78 1.447288011796423e-08 4.716492486632082e-08 2134722.665257441 44
81 8.92232890422989e-09 1.84955718222322e-08 1660762.614635967 25


3 1.309151583923494e-09 2.111849921227424e-09 8068003.633159278 18
6 7.894733714880791e-09 6.401793064637683e-09 5081352.540388398 62
9 1.614005241779687e-08 2.279015874978794e-08 5661116.923872057 98
12 4.530127530585088e-08 5.148006744973928e-08 4985949.622920033 210
15 8.999564869713345e-08 1.053141842204526e-07 4821994.223268674 350
18 1.179618787920047e-07 1.701094250114881e-07 4555375.321679439 450
21 1.806227568032602e-07 2.293679248241613e-07 4183983.844874358 602
24 2.372991434006868e-07 3.154162618893482e-07 3888967.594317674 762
27 3.700664280280039e-07 5.447115756044356e-07 3794001.978982685 1142
30 4.008654901570493e-07 5.679933846314523e-07 3311019.866956614 1250
33 4.933123902448625e-07 7.009793477521055e-07 3180119.29815659 1458
36 6.297117154390061e-07 9.380298651881543e-07 3065973.307086175 1814
39 7.855054136726662e-07 1.186772413228177e-06 2962076.02550427 2178
42 9.065415982511072e-07 1.396133485516473e-06 2795793.99573468 2498
45 1.048340693650585e-06 1.590878993026153e-06 2851275.224085241 2622
48 1.243702986684302e-06 2.098198073701681e-06 2760321.822225353 3191
51 1.145236148856088e-06 1.989255236698709e-06 2547902.230444181 3044
54 1.113985426048925e-06 1.934058330806503e-06 2602162.66471472 2736
57 9.094652043273651e-07 1.64614171969232e-06 2475533.538313223 2276
60 7.963316264646845e-07 1.434070457254781e-06 2316755.5742396 2016
63 6.49894355801288e-07 1.170032361723229e-06 2211701.927680656 1640
66 4.036675726906058e-07 8.866534242727145e-07 2286959.408573122 1056
69 2.719539600777384e-07 5.347603960079804e-07 2131066.056272348 683
72 1.439442980076331e-07 3.022239085366677e-07 2190228.61522857 350
75 8.714981857955513e-08 1.846509487958273e-07 2330630.064455168 192
78 1.965521284843532e-08 2.914503560942855e-08 1812400.38775185 44
81 9.038981741359727e-09 2.274956229681867e-08 1905812.582350467 25


3 1.122937271755087e-09 2.045236935045728e-09 7459841.284702973 18
6 8.15603814095184e-09 7.664266869905229e-09 5673013.730884609 62
9 1.486531006008642e-08 2.057113228614586e-08 5209131.157152526 98
12 4.33109039549186e-08 4.968963727624872e-08 4852237.232053258 210
15 9.434150409996719e-08 1.137404775081495e-07 5192488.780551173 350
18 1.154647938821199e-07 1.623599408422685e-07 4441955.386162728 450
21 1.69706050502997e-07 2.401100732244366e-07 4195902.563776932 602
24 2.351651386291205e-07 3.016969781918789e-07 3828486.837190337 762
27 3.540456459248495e-07 5.471259063758902e-07 3757187.227975639 1142
30 3.884071278650628e-07 5.812274622152567e-07 3331913.07972258 1250
33 4.823193546085463e-07 6.866019035849222e-07 3142744.828820678 1458
36 6.073711953610305e-07 9.777168731804505e-07 3108784.699151312 1814
39 7.585092996015913e-07 1.224323721265566e-06 2988457.96851862 2178
42 8.827932243640512e-07 1.371262129982215e-06 2758730.79701901 2498
45 9.983800289295465e-07 1.675631525409276e-06 2890561.185017379 2622
48 1.222081403065006e-06 2.094352898475092e-06 2756049.479999579 3191
51 1.13856332725512e-06 2.040439491788366e-06 2595488.396068425 3044
54 1.124485738317207e-06 1.852039136068242e-06 2571694.43603284 2736
57 8.715104586236874e-07 1.707999149125922e-06 2497931.891320452 2276
60 7.719683510103974e-07 1.400475576029513e-06 2270858.876733604 2016
63 6.200362379743972e-07 1.226246078313266e-06 2240173.256680212 1640
66 4.50043655096806e-07 7.841674479245934e-07 2245986.033182034 1056
69 2.719089099085191e-07 5.470452662025389e-07 2172158.135248569 683
72 1.52183217159644e-07 3.110061444440533e-07 2292230.43789185 350
75 8.820857779596202e-08 1.650858468226389e-07 2211894.032538204 192
78 1.536507085047031e-08 4.048801925293179e-08 1975356.005429107 44
81 1.239008138612003e-08 1.649679555349767e-08 1861379.266912598 25


3 1.047226239797933e-09 1.849391881431422e-09 6890675.749031858 18
6 8.145708024842193e-09 6.642603669585628e-09 5448389.137016203 62
9 1.445075673866448e-08 2.287493379005131e-08 5483970.817951956 98
12 4.461944971543876e-08 5.078345247184798e-08 5046106.452039367 210
15 9.824973725524905e-08 1.027242150904465e-07 5140386.689113913 350
18 1.113506178183288e-07 1.718959574294147e-07 4540727.547590005 450
21 1.66714249686612e-07 2.369313390999584e-07 4175519.979506745 602
24 2.2966153617336e-07 3.013254021499667e-07 3823858.807155081 762
27 3.479857711499466e-07 5.232725956443296e-07 3677040.079511813 1142
30 3.820981064960448e-07 5.74851745113354e-07 3320412.358083848 1250
33 4.617186112071729e-07 7.29943055653876e-07 3207897.549651564 1458
36 5.927150742867949e-07 9.792554880921453e-07 3105145.734281403 1814
39 7.203341747555625e-07 1.248105598138303e-06 2975731.195301179 2178
42 8.677249442800029e-07 1.37081072413406e-06 2762818.595849527 2498
45 9.601932262358573e-07 1.669455120815273e-06 2859412.645075511 2622
48 1.235173530207509e-06 1.97849884856398e-06 2712640.279633705 3191
51 1.142239415409145e-06 2.029182306333916e-06 2614181.846370513 3044
54 1.057585140483565e-06 1.970526742450198e-06 2609481.445605708 2736
57 8.816938422404435e-07 1.635006163768396e-06 2470232.507854615 2276
60 7.376297293986352e-07 1.467411785814917e-06 2303789.900764952 2016
63 6.001536567029907e-07 1.255470119503725e-06 2256910.47127148 1640
66 4.21587327429745e-07 8.288531021634324e-07 2267581.702120312 1056
69 2.678039636897949e-07 5.836931009834085e-07 2257675.590696553 683
72 1.601924350471706e-07 3.262934318901193e-07 2428061.640831192 350
75 7.533071860974148e-08 1.845202217934536e-07 2223130.812302324 192
78 1.997615725261672e-08 3.986880028239476e-08 2195908.105071959 44
81 6.414302677323193e-09 2.774136765054002e-08 1960261.126076146 25


3 1.009677493701056e-09 1.701692778081991e-09 6545625.965527803 18
6 8.421237726871642e-09 6.468028824163741e-09 5571618.889973301 62
9 1.356903231869612e-08 2.053974368319631e-08 5084875.774431461 98
12 4.503208144206565e-08 5.280941122082887e-08 5217707.659470447 210
15 9.141756032655926e-08 1.128006099178541e-07 5204743.857601395 350
18 1.134223377320484e-07 1.641091785965993e-07 4522729.800856561 450
21 1.652108116868953e-07 2.453026053123468e-07 4276253.139257307 602
24 2.258036116362063e-07 3.112185303985414e-07 3892379.015183461 762
27 3.572484389473223e-07 4.897782836750453e-07 3643249.535747856 1142
30 3.887632870255174e-07 5.563710523091149e-07 3329840.758112981 1250
33 4.450657159446525e-07 7.177321432269566e-07 3158818.545638526 1458
36 6.043941158006074e-07 9.354173357641444e-07 3092973.532345127 1814
39 7.347609404778531e-07 1.197669247274341e-06 2969805.873912675 2178
42 8.500136455656194e-07 1.355942843470319e-06 2749760.396256599 2498
45 9.436006451976698e-07 1.639629153381843e-06 2839901.640873102 2622
48 1.170331388182976e-06 2.015178055508657e-06 2699229.571951406 3191
51 1.162950351216419e-06 1.981206531336584e-06 2630666.428209703 3044
54 1.009974212278475e-06 2.024667989648471e-06 2625076.166141436 2736
57 8.458867755867134e-07 1.626549768571731e-06 2444386.428974 2276
60 7.053789068489792e-07 1.490894521469271e-06 2305925.502463055 2016
63 6.304989133407948e-07 1.247341291319067e-06 2322226.689070807 1640
66 3.983235277322939e-07 8.889268550312563e-07 2329401.610915903 1056
69 2.711581325279939e-07 5.562666981702788e-07 2232294.284224098 683
72 1.517406474220945e-07 3.526204972606152e-07 2509270.539562454 350
75 8.574201006687813e-08 1.642626980800709e-07 2221477.055094666 192
78 1.663028779226566e-08 3.527947970890284e-08 1911974.078367569 44
81 9.79680087853471e-09 1.329153060783616e-08 1519903.465907957 25


3 1.014105695847365e-09 1.397973323743352e-09 5985414.977311473 18
6 8.435924867819525e-09 7.198057265965865e-09 5833456.221349466 62
9 1.382804481190124e-08 2.121097666310276e-08 5280593.545878492 98
12 4.360025045054882e-08 5.421583713704793e-08 5240350.199296221 210
15 8.82359169956546e-08 1.070007485058554e-07 5030311.777064588 350
18 1.145886278099038e-07 1.613826651403081e-07 4557201.566376891 450
21 1.69167131259141e-07 2.382403389569816e-07 4310278.110432844 602
24 2.345928231647935e-07 2.980597565426301e-07 3926529.128908969 762
27 3.582868788910998e-07 4.904514605555226e-07 3689596.845890959 1142
30 3.81128480575464e-07 5.40312496789778e-07 3284324.354441453 1250
33 4.705959114061899e-07 6.749367549169944e-07 3179393.103030941 1458
36 5.911117426208341e-07 8.885280182939232e-07 3014012.186395362 1814
39 7.428967916313034e-07 1.169543597063344e-06 2983293.612448704 2178
42 8.320329630374941e-07 1.374666962877919e-06 2775226.664679664 2498
45 9.689711969421315e-07 1.581123396536697e-06 2854049.167061709 2622
48 1.156459913630484e-06 2.036586800842407e-06 2734252.289785065 3191
51 1.139603785608538e-06 1.971115449046794e-06 2631251.152381911 3044
54 1.049905115931986e-06 1.876443682627102e-06 2592527.785337695 2736
57 8.308296214231183e-07 1.558976776094385e-06 2399582.807320075 2276
60 7.805176181797532e-07 1.343974733532375e-06 2304993.739153071 2016
63 6.635258576928839e-07 1.155681069297801e-06 2307419.322672279 1640
66 4.216998823060819e-07 8.262631586654132e-07 2319180.168123602 1056
69 2.667610420022485e-07 5.19952027444103e-07 2161780.551129849 683
72 1.646163588291892e-07 3.144085727833952e-07 2465403.373903592 350
75 8.088315715086167e-08 1.760867343355957e-07 2282457.168407234 192
78 1.530030264755273e-08 3.487923134394838e-08 1859777.465891583 44
81 9.036683036638625e-09 2.179173401313659e-08 1923008.883964944 25


3 1.017563831882037e-09 1.191587676126288e-09 5599143.747623444 18
6 9.176344265292785e-09 6.682768291102338e-09 5996289.59257992 62
9 1.558680283820846e-08 1.73466877650115e-08 5124446.578213067 98
12 4.313582032195123e-08 4.899832298768847e-08 5012086.203839735 210
15 8.651745055347283e-08 1.025695475862684e-07 4924868.794111641 350
18 1.169197908992235e-07 1.528446480845817e-07 4527368.743976273 450
21 1.754933896482627e-07 2.26306476356902e-07 4324047.827247612 602
24 2.269354036080644e-07 2.914798676681335e-07 3857512.535491609 762
27 3.584153039941159e-07 4.80508459509057e-07 3692437.460731698 1142
30 3.733187169963774e-07 5.32992852615159e-07 3266535.412789649 1250
33 4.628862855280131e-07 6.955405134866966e-07 3242967.786081941 1458
36 5.91117320967622e-07 8.639694964917269e-07 3006135.276066649 1814
39 7.634703488178282e-07 1.110692995463835e-06 2977326.152134002 2178
42 8.483812269592721e-07 1.328303499150373e-06 2784897.542579037 2498
45 9.753964503246248e-07 1.504059397778142e-06 2823077.010056123 2622
48 1.171607261111642e-06 1.931018030765521e-06 2707519.639512956 3191
51 1.123267495988269e-06 1.973344901016109e-06 2652616.541801164 3044
54 1.067050132790654e-06 1.774565702800696e-06 2566980.964019698 2736
57 8.739807837314541e-07 1.459859412539119e-06 2399271.68002935 2276
60 7.628931041927642e-07 1.306821583484854e-06 2276460.955396207 2016
63 6.17383433999591e-07 1.251975065160072e-06 2373556.727841063 1640
66 4.238261156340618e-07 8.07210118579045e-07 2327163.071281718 1056
69 2.560490905301602e-07 5.520624449903956e-07 2234494.35133986 683
72 1.575696599762564e-07 3.134592528381129e-07 2449824.77838764 350
75 8.406473638894897e-08 1.600628847336981e-07 2228765.749034958 192
78 1.818133520058572e-08 2.972267627470076e-08 1860235.542902071 44
81 1.069242802105498e-08 2.16863592307602e-08 2087653.156124854 25


3 1.122058172065695e-09 1.047793665672275e-09 5612650.594409083 18
6 9.109520298721929e-09 6.324094204460923e-09 5871047.243666516 62
9 1.505295093653498e-08 1.714625360521923e-08 5050985.345289968 98
12 4.20421409813367e-08 4.711982952502456e-08 4899738.24013441 210
15 8.62304956108324e-08 9.770454738394395e-08 4849507.113283493 350
18 1.149812179482231e-07 1.457817783319821e-07 4432040.157372774 450
21 1.806668068397134e-07 2.176223128899692e-07 4348042.115364753 602
24 2.312894220435065e-07 2.775459558387118e-07 3840778.928489321 762
27 3.517625754213766e-07 4.603156675189042e-07 3619582.099807645 1142
30 3.685307639374233e-07 5.213845397061863e-07 3247936.139484545 1250
33 4.764535521775528e-07 6.828026457140676e-07 3294879.711716815 1458
36 5.819816431062523e-07 8.536250523616553e-07 3001805.300390644 1814
39 7.699182663473702e-07 1.08270949653949e-06 2984463.504967686 2178
42 8.489925288871801e-07 1.298381313421066e-06 2786715.479409584 2498
45 9.685924592269136e-07 1.448588022896739e-06 2792021.764249707 2622
48 1.19266568106182e-06 1.905475324062814e-06 2744940.847412724 3191
51 1.132830455148584e-06 1.880456238516104e-06 2626678.643031045 3044
54 1.030970375859724e-06 1.815075816198929e-06 2595627.650985826 2736
57 8.486839334726953e-07 1.481442170583557e-06 2419957.791923939 2276
60 7.066436033417539e-07 1.39005869109353e-06 2315425.226235805 2016
63 6.097592600333116e-07 1.200384824824349e-06 2338142.320267105 1640
66 4.325294506387024e-07 7.853521238308078e-07 2343285.619939181 1056
69 2.796032761402462e-07 4.986520837551586e-07 2215886.162336539 683
72 1.496274523441302e-07 3.123274109255593e-07 2428729.374606095 350
75 7.515317823542499e-08 1.648743393944769e-07 2197485.574956883 192
78 1.620737481724698e-08 3.710162773796785e-08 2038534.168476571 44
81 1.289278701971823e-08 2.302856018718654e-08 2374138.439655981 25


3 1.135317146260836e-09 1.03199728833458e-09 5666039.556400921 18
6 9.046270929800183e-09 6.170755764781692e-09 5840989.673373358 62
9 1.538900301246472e-08 1.83070294670456e-08 5330679.77112258 98
12 4.194131687243934e-08 4.473912646647959e-08 4822718.707100972 210
15 8.413675095508587e-08 9.29583114841649e-08 4722468.843073277 350
18 1.160942316569038e-07 1.446177665864687e-07 4482557.819713801 450
21 1.789322056173137e-07 2.22276706048381e-07 4420014.689448856 602
24 2.255992231453314e-07 2.745011201467134e-07 3812027.240120305 762
27 3.433031104957915e-07 4.422070817044108e-07 3541852.786580601 1142
30 3.644894862929971e-07 5.386797585127712e-07 3326310.150113064 1250
33 4.761233374259992e-07 6.480190416981374e-07 3239084.148642672 1458
36 5.804137512801846e-07 8.58910673947649e-07 3042189.340987599 1814
39 7.50895882650051e-07 1.105223186484797e-06 3016010.836277477 2178
42 8.278463172089415e-07 1.295023454091051e-06 2782947.32771476 2498
45 9.279624596377402e-07 1.467033362840052e-06 2789044.562037474 2622
48 1.193356461100902e-06 1.849134719365968e-06 2731343.050877539 3191
51 1.133503298244724e-06 1.840658388932591e-06 2625994.067548259 3044
54 1.001659513194973e-06 1.817761402186292e-06 2597116.286429573 2736
57 8.234780126240758e-07 1.498667943281039e-06 2433793.756215916 2276
60 7.162911310187035e-07 1.359381352635405e-06 2325451.089574303 2016
63 6.621254198385325e-07 1.099065574914231e-06 2328431.521832055 1640
66 4.195859886052034e-07 7.632935776023697e-07 2302287.478609412 1056
69 2.667484512758094e-07 5.235421860694605e-07 2260928.549971172 683
72 1.605004530552371e-07 2.936117776116687e-07 2439782.766409439 350
75 7.769854137294684e-08 1.60187017043929e-07 2214807.812982084 192
78 1.729482911247203e-08 3.468302450613668e-08 2032842.447547973 44
81 1.249171546174495e-08 2.31694653155484e-08 2375675.581913956 25


3 1.262510852301378e-09 1.018357645131578e-09 6069548.307922164 18
6 9.056754490065553e-09 6.568615524749566e-09 6064372.715145238 62
9 1.480026244220014e-08 2.031186202646941e-08 5574631.226119767 98
12 4.138845227491387e-08 4.607232298883208e-08 4910493.278965973 210
15 8.06489460047926e-08 9.049835692682773e-08 4610644.045220393 350
18 1.155839688510235e-07 1.412326818361815e-07 4465495.289924961 450
21 1.76020505812563e-07 2.263259939582084e-07 4470678.645690374 602
24 2.176777906044511e-07 2.739498796731348e-07 3780183.094585396 762
27 3.322228801155098e-07 4.316297581214259e-07 3477716.542354486 1142
30 3.6530267986048e-07 5.39469135702487e-07 3363739.333155632 1250
33 4.653963771937433e-07 6.400815760304697e-07 3215016.031548657 1458
36 5.789719920267246e-07 8.634770369244627e-07 3076390.535068213 1814
39 7.2554735537832e-07 1.11392710486969e-06 3010250.340591185 2178
42 8.250397998416187e-07 1.295999847624254e-06 2805666.86183675 2498
45 9.072175024305688e-07 1.465735117532491e-06 2785393.091677276 2622
48 1.168554872192772e-06 1.840322031144034e-06 2723786.626838497 3191
51 1.112664313351636e-06 1.830686885984546e-06 2620556.088546523 3044
54 1.031927254916766e-06 1.727020882626825e-06 2577044.143855626 2736
57 8.40825654634099e-07 1.452030295022402e-06 2432576.355193446 2276
60 7.741311758294867e-07 1.261500353002398e-06 2324376.298147134 2016
63 6.569524238335553e-07 1.09849862978927e-06 2341048.5139432 1640
66 3.932498460159608e-07 7.761205111461402e-07 2282866.071110695 1056
69 2.479468403003567e-07 5.274796433142866e-07 2224489.790920703 683
72 1.59672201346832e-07 2.947173192284466e-07 2461400.007084188 350
75 8.156564532520483e-08 1.484219485448341e-07 2181207.762069077 192
78 1.776783049076102e-08 3.225722060052635e-08 1989429.179116803 44
81 8.599254370345934e-09 3.124531156879016e-08 2544441.140412009 25


3 1.175191118380299e-09 1.042950291226247e-09 5961297.405344801 18
6 9.66369524601152e-09 5.857512499987021e-09 6189839.167189997 62
9 1.316677126963772e-08 2.093110750463612e-08 5415707.649621272 98
12 3.968340949381372e-08 4.779820140023544e-08 4945997.846289242 210
15 8.103754569395274e-08 9.44899937310675e-08 4773095.443633988 350
18 1.147081954735722e-07 1.455342213245653e-07 4563146.322708918 450
21 1.751728196811352e-07 2.193617693514967e-07 4435955.093395807 602
24 2.109606517241634e-07 2.807779125381019e-07 3807076.829221449 762
27 3.230295987572641e-07 4.256154169639739e-07 3439939.45594915 1142
30 3.667930432655751e-07 5.430272842617466e-07 3411390.706942824 1250
33 4.463313664292898e-07 6.378144116189226e-07 3175036.151206518 1458
36 5.768289149065227e-07 8.675596656994769e-07 3105580.93102773 1814
39 6.989577101837227e-07 1.105489966766852e-06 2971777.419640764 2178
42 8.33895471777907e-07 1.258400785957635e-06 2798377.203511693 2498
45 9.123261836758584e-07 1.405541658602768e-06 2751896.710380416 2622
48 1.122493847372425e-06 1.895664910978318e-06 2741147.42733943 3191
51 1.114480800496709e-06 1.786077539494323e-06 2608261.184144844 3044
54 1.044188334616244e-06 1.684255121248901e-06 2575941.56915764 2736
57 8.386351693276795e-07 1.477876406758578e-06 2472695.178172985 2276
60 7.459967430821305e-07 1.316329358148322e-06 2359500.326864123 2016
63 5.864689211965947e-07 1.205159541526615e-06 2369182.657305945 1640
66 4.018366901266479e-07 7.237424514713344e-07 2228962.44673049 1056
69 2.689513786876576e-07 4.50449142155862e-07 2119064.025135773 683
72 1.375308644953917e-07 3.386868776828956e-07 2536328.495660874 350
75 6.930192304647079e-08 1.604788571921044e-07 2149862.214539746 192
78 1.638147932628054e-08 4.118773028390679e-08 2241651.074258875 44
81 1.589657357641267e-08 1.65038135798392e-08 2326089.844849086 25


3 1.029266159871298e-09 1.118676475423174e-09 5774631.123731364 18
6 9.369808276055006e-09 5.513640972929393e-09 6063180.938858142 62
9 1.314432239742396e-08 2.247566308167804e-08 5673571.850068778 98
12 3.931642173382005e-08 4.796843866903647e-08 4986715.970064254 210
15 7.878553130824547e-08 9.958136492981457e-08 4878439.958062654 350
18 1.163978080289124e-07 1.430179005685638e-07 4609011.54162522 450
21 1.644936467417046e-07 2.138705955200641e-07 4288874.847338541 602
24 2.012900277284528e-07 2.871982368837474e-07 3800919.142345782 762
27 3.229195372731495e-07 4.218672133152585e-07 3460395.630563205 1142
30 3.787542210619999e-07 4.9085418610857e-07 3324638.220582842 1250
33 4.270258339422677e-07 6.678431836153377e-07 3214539.425612546 1458
36 5.815448666138731e-07 8.585484430753267e-07 3129112.914324192 1814
39 6.836107599853091e-07 1.113200985426872e-06 2977652.456570441 2178
42 8.171870254147006e-07 1.274373809928514e-06 2815500.421326101 2498
45 8.957949215385266e-07 1.38292851206005e-06 2729379.624147794 2622
48 1.136770635553727e-06 1.854311800718898e-06 2746587.601186465 3191
51 1.06486608704098e-06 1.85178272706776e-06 2627207.839713789 3044
54 9.834278732851528e-07 1.738494094292496e-06 2571593.393303861 2736
57 8.339336912399627e-07 1.504240045849539e-06 2510328.369621198 2276
60 6.963324393216539e-07 1.367126224505757e-06 2357027.343167489 2016
63 6.004550838848909e-07 1.143072443238738e-06 2336844.161888753 1640
66 3.901572679540413e-07 7.453869035527865e-07 2254103.155403507 1056
69 2.311180966351126e-07 5.171014969694283e-07 2162743.609460233 683
72 1.535515238143374e-07 2.728036556324905e-07 2355022.293940842 350
75 7.894834298230331e-08 1.448336708156463e-07 2155183.741651955 192
78 1.936825772470267e-08 3.174599517422067e-08 2089229.310955103 44
81 9.964124932483063e-09 2.207549144524034e-08 2149439.16865675 25


3 9.911409765588277e-10 1.094427821604392e-09 5665652.912634557 18
6 8.927903165385345e-09 5.137052067337716e-09 5826893.936885584 62
9 1.36052983784441e-08 2.292444322472868e-08 5877094.235424125 98
12 3.892796156566236e-08 4.664018930630487e-08 4949765.132253192 210
15 7.326181464751212e-08 9.846013489472235e-08 4724283.902119992 350
18 1.123000849695291e-07 1.428777197017232e-07 4570687.879563428 450
21 1.534957854727384e-07 2.141858205530495e-07 4188092.572358861 602
24 1.886312641668395e-07 3.031092145600499e-07 3827882.921647389 762
27 3.038134895161204e-07 4.438762606824052e-07 3478440.890796968 1142
30 3.78475911311354e-07 5.062550372835096e-07 3409533.068492187 1250
33 4.267820200783413e-07 6.653779053878513e-07 3238307.760872114 1458
36 5.698746391457391e-07 8.159068999803499e-07 3049102.985066702 1814
39 6.956868658779798e-07 1.080313016927514e-06 2983139.180215457 2178
42 8.125184111542513e-07 1.265764681609186e-06 2825088.535762103 2498
45 8.533937607167293e-07 1.443979764116542e-06 2756091.264123686 2622
48 1.102818087547997e-06 1.847002124414986e-06 2727948.053798167 3191
51 1.053109101749373e-06 1.86928898201712e-06 2651759.669326983 3044
54 9.489834240681694e-07 1.769900725600704e-06 2579625.934681462 2736
57 8.191790731500789e-07 1.476187097378452e-06 2487087.738894979 2276
60 7.157911134894036e-07 1.36040556752273e-06 2399645.73601757 2016
63 6.116930561665422e-07 1.113573395402991e-06 2343144.959181631 1640
66 3.866248170419882e-07 7.418328717156137e-07 2259167.669313693 1056
69 2.386966830310228e-07 5.088727967192105e-07 2189260.994959552 683
72 1.348880519820033e-07 2.788422976790437e-07 2270973.157034335 350
75 7.154328099326268e-08 1.731351652172881e-07 2311370.157732596 192
78 1.968085676650109e-08 3.47520969619563e-08 2228594.442251367 44
81 6.676708904762535e-09 2.570544253212015e-08 2077575.378322601 25


3 9.608418772596775e-10 8.559240905508796e-10 5064783.283803661 18
6 8.798915912009277e-09 5.809388444196384e-09 6043276.464643134 62
9 1.329202844686677e-08 2.222949813503275e-08 5779942.307223643 98
12 3.811583987396575e-08 4.573563225029579e-08 4898033.562225767 210
15 7.242010699348364e-08 9.067642163352486e-08 4557586.044801062 350
18 1.110600748147285e-07 1.329749154894382e-07 4436189.086302374 450
21 1.470158510541608e-07 2.111480592542312e-07 4112426.081294272 602
24 1.966943220210042e-07 2.877736366825276e-07 3839733.53256623 762
27 2.951837518444511e-07 4.536274041398261e-07 3505798.393426661 1142
30 3.660005691009083e-07 5.153421906921415e-07 3416461.04693545 1250
33 4.310727157292218e-07 6.543708606808663e-07 3259429.440017717 1458
36 5.663113397072467e-07 8.178772025631211e-07 3074748.915448518 1814
39 6.937264680638032e-07 1.052816891663355e-06 2970164.67800864 2178
42 7.848629123209629e-07 1.235849930246711e-06 2773051.32660394 2498
45 8.347287800534374e-07 1.455326286925395e-06 2769733.624893893 2622
48 1.066598133383005e-06 1.835415844170248e-06 2705913.059209432 3191
51 1.06084130502498e-06 1.835594125830544e-06 2662534.675581039 3044
54 9.981756612646846e-07 1.714643356761459e-06 2621189.216153516 2736
57 7.744999687252487e-07 1.492880153376135e-06 2467988.493998177 2276
60 7.461378908521197e-07 1.299724694052962e-06 2409845.952717156 2016
63 6.123428072885174e-07 1.101210865649343e-06 2354960.621941755 1640
66 3.634452740622582e-07 7.991322542597244e-07 2322504.111687353 1056
69 2.495095268222826e-07 4.299010089757562e-07 2054267.504715905 683
72 1.265108918999294e-07 2.874664306255328e-07 2275989.191273501 350
75 8.673442874922521e-08 1.496090713124169e-07 2337097.020438876 192
78 1.335550371605319e-08 4.606253832275349e-08 2301979.876640577 44
81 1.283733659672091e-08 1.62832757207939e-08 2118753.883341542 25


3 7.925041339413419e-10 9.379852941879479e-10 4763072.010089715 18
6 8.212820376489624e-09 6.045862446787271e-09 5877813.186342442 62
9 1.285438911475442e-08 2.064917387202285e-08 5534432.247738063 98
12 3.825792032694654e-08 4.436462111222593e-08 4881500.145469626 210
15 7.093279740155125e-08 9.17232734849753e-08 4578505.968316646 350
18 1.112130919015751e-07 1.297987952521069e-07 4428518.713035554 450
21 1.455763784912274e-07 2.03006344122612e-07 4054143.750810728 602
24 1.967060128576077e-07 2.715334168849605e-07 3766963.567544595 762
27 2.85664007659129e-07 4.601255497451482e-07 3520227.956540265 1142
30 3.534219679522364e-07 4.998775716771609e-07 3341577.103796014 1250
33 4.372734207591122e-07 6.384061125809292e-07 3275553.040171828 1458
36 5.545928056737118e-07 8.4340115829373e-07 3126647.369903941 1814
39 7.071651139880024e-07 1.035280944326616e-06 3004185.388324591 2178
42 7.388796095348158e-07 1.241126900656664e-06 2734878.830642346 2498
45 8.637869091077903e-07 1.363679835025823e-06 2748099.617963083 2622
48 1.083943601904823e-06 1.806466222012377e-06 2734734.35212561 3191
51 1.087598684289631e-06 1.742593169616458e-06 2649367.557103691 3044
54 9.921465432068484e-07 1.713937010251855e-06 2644744.106505495 2736
57 8.16148201813851e-07 1.443815609505512e-06 2509507.823645242 2276
60 6.946577793994054e-07 1.313408388539936e-06 2376982.888664173 2016
63 5.79361466033667e-07 1.11544888804344e-06 2343669.884461513 1640
66 4.064312579557091e-07 7.491862236537727e-07 2376744.590756479 1056
69 2.222529375519704e-07 4.813360903549513e-07 2108350.485623595 683
72 1.30991241830461e-07 2.54220711346019e-07 2178411.889648989 350
75 7.499018937288706e-08 1.915470406201898e-07 2570626.293541737 192
78 1.846624173269937e-08 2.881601375864236e-08 2003642.331743399 44
81 9.123158533443191e-09 2.026265024041307e-08 2036700.110878884 25


3 7.942648755968021e-10 1.113365447356695e-09 5251635.720844703 18
6 7.596709241224981e-09 6.167660218198214e-09 5662551.703617776 62
9 1.422931352190875e-08 2.152485576719643e-08 6003253.275682639 98
12 3.757811987592806e-08 4.211162457910956e-08 4758926.899366005 210
15 7.407802305529135e-08 9.047058518770502e-08 4694093.3253955 350
18 1.129453252893902e-07 1.200220237342299e-07 4341285.124368147 450
21 1.446302876172717e-07 1.942103021637288e-07 3993499.190126292 602
24 1.974258225728247e-07 2.614134453931725e-07 3740919.840633906 762
27 2.912963498147893e-07 4.204739648595592e-07 3424720.078050794 1142
30 3.447282092699683e-07 5.099722191616926e-07 3375724.499735075 1250
33 4.332435299825229e-07 6.277861809177966e-07 3269739.066466969 1458
36 5.537693396504872e-07 8.251382394213739e-07 3125024.66922369 1814
39 6.957103074017559e-07 1.016563937622755e-06 2986261.383330355 2178
42 7.602405055739704e-07 1.203970842388725e-06 2758965.790472608 2498
45 8.741494798053038e-07 1.294979118232509e-06 2720058.171159484 2622
48 1.137550765284496e-06 1.741739334272979e-06 2774638.796253323 3191
51 1.062422949294678e-06 1.69871893688371e-06 2616625.790660594 3044
54 9.915525165637386e-07 1.685657649428559e-06 2653614.324882821 2736
57 8.167435967367373e-07 1.402622994911239e-06 2502258.216867396 2276
60 6.97116959934209e-07 1.282518998236807e-06 2380732.975805577 2016
63 5.762408398774821e-07 1.080751846248158e-06 2328049.01643094 1640
66 4.237246928920807e-07 7.086222725594368e-07 2377696.639389299 1056
69 2.301502727499359e-07 4.473421259385357e-07 2078068.594812495 683
72 1.41588432190005e-07 2.44801098675797e-07 2235638.620558323 350
75 8.425820544982729e-08 1.534713209685858e-07 2395645.007243926 192
78 1.56229057107787e-08 2.794068646930162e-08 1843121.77442644 44
81 6.630606842523623e-09 2.730219958540507e-08 2279646.072590636 25


3 8.453142217006887e-10 1.163016050908929e-09 5597053.478798531 18
6 7.252891955045531e-09 5.513933651684964e-09 5300097.343411765 62
9 1.499321198831391e-08 1.998314116449356e-08 5976828.997229297 98
12 3.723825712477794e-08 4.133355811023634e-08 4737654.544395091 210
15 7.312805733998895e-08 9.123234493856786e-08 4731342.827842917 350
18 1.126266130643986e-07 1.099918140370431e-07 4200682.663511857 450
21 1.491959830650948e-07 1.841862841638058e-07 3987641.45518088 602
24 2.007583156596569e-07 2.49904123868046e-07 3724567.47002449 762
27 3.020603480833984e-07 4.058920857872062e-07 3457520.153483452 1142
30 3.381247728801068e-07 5.126901931933238e-07 3395864.305555077 1250
33 4.27820217399191e-07 6.034686924474364e-07 3218972.489998134 1458
36 5.60850265605191e-07 8.029830660593322e-07 3133386.588346104 1814
39 6.77078706490844e-07 1.028006023365663e-06 3001676.812852215 2178
42 7.847220516215811e-07 1.142931000678337e-06 2752890.871164141 2498
45 8.673941945416364e-07 1.287851029307567e-06 2733151.762854008 2622
48 1.119388685544219e-06 1.724707120824453e-06 2771628.376881805 3191
51 1.0263327645506e-06 1.728674842466312e-06 2634091.496606579 3044
54 1.004501791240571e-06 1.657785629770477e-06 2676510.770480677 2736
57 8.095351968201043e-07 1.336169107709886e-06 2455413.19466525 2276
60 7.24194977383809e-07 1.232542568789682e-06 2395592.109687123 2016
63 5.897037163420705e-07 1.040677808407605e-06 2329823.680718021 1640
66 3.994426912436515e-07 7.182430683207037e-07 2362933.878725077 1056
69 2.355374135457074e-07 4.337386083200132e-07 2087725.08812075 683
72 1.232005830797815e-07 2.697222513268466e-07 2262099.227502452 350
75 8.601013855687584e-08 1.356579686919895e-07 2286107.43123239 192
78 1.101320171948852e-08 3.591141581368436e-08 1925137.163501752 44
81 1.661870239368171e-08 1.072207415943004e-08 2157124.203875654 25


3 8.053517594318295e-10 9.205956071281673e-10 4897805.708363436 18
6 7.501540571477905e-09 5.900404851487386e-09 5607237.174479171 62
9 1.467468953474468e-08 1.916424074404633e-08 5846409.407162587 98
12 3.71656464741787e-08 3.968521130757051e-08 4687562.898218146 210
15 7.026384292889809e-08 9.103831848445116e-08 4682615.106173847 350
18 1.131457232838009e-07 1.068945417970684e-07 4198045.207782269 450
21 1.518967965990398e-07 1.810579646541893e-07 4028952.503273124 602
24 1.973313605381247e-07 2.509140807678266e-07 3738234.9113022 762
27 3.06539953519188e-07 3.884141635738406e-07 3437961.318377233 1142
30 3.383495514477567e-07 5.060236790915846e-07 3407553.009834332 1250
33 4.265742389410448e-07 6.003358261180202e-07 3238551.469546076 1458
36 5.56307677258851e-07 8.024423542207994e-07 3152622.58738662 1814
39 6.543601403871609e-07 1.028693638910712e-06 2988428.367420248 2178
42 7.750007432313931e-07 1.12888553556668e-06 2746849.251731987 2498
45 8.438998696386892e-07 1.295052082769991e-06 2735562.101571421 2622
48 1.100269285188536e-06 1.757026599514983e-06 2807795.263376314 3191
51 1.021389992706805e-06 1.651278765292747e-06 2588309.271403034 3044
54 9.948734055991957e-07 1.63686360453496e-06 2673928.216905497 2736
57 7.944542101392911e-07 1.30296703421769e-06 2426130.979456252 2276
60 7.218696393032506e-07 1.257094838965575e-06 2444648.068499329 2016
63 5.919733870855517e-07 1.023755836508473e-06 2336239.3152284 1640
66 3.685206887709085e-07 7.563784592065593e-07 2382678.824801465 1056
69 2.35867819860149e-07 4.339241489180878e-07 2111446.803534868 683
72 1.267328873850781e-07 2.387612912399465e-07 2149537.897517828 350
75 6.798623411554325e-08 1.678950954640048e-07 2379222.411017893 192
78 1.840391678829957e-08 2.440203977715149e-08 1896944.791141449 44
81 9.346548669078661e-09 2.593319985032137e-08 2502326.051982853 25


3 7.90693645263593e-10 9.590918220771912e-10 5002289.977829105 18
6 6.86845744148101e-09 6.972631909097869e-09 5792521.832955224 62
9 1.486559417757487e-08 1.826061500317832e-08 5794502.200076103 98
12 3.725881248248757e-08 3.81764617918582e-08 4660061.596126338 210
15 6.880758080367333e-08 8.675361799236812e-08 4565024.73603184 350
18 1.111317296302621e-07 1.071597593917546e-07 4208280.23449459 450
21 1.499235204856545e-07 1.710478254835916e-07 3931778.064750974 602
24 1.952623880796595e-07 2.51590488763908e-07 3760060.690918671 762
27 3.016070359006102e-07 3.957241487688712e-07 3476777.655318283 1142
30 3.48462941074289e-07 4.889926205077086e-07 3420630.571934869 1250
33 4.161549743719926e-07 5.959820368987035e-07 3217945.288846187 1458
36 5.449640591210119e-07 8.016497014413716e-07 3149112.983671118 1814
39 6.420850018080479e-07 9.992750768526459e-07 2940942.228221131 2178
42 7.660009670369386e-07 1.157113410013076e-06 2793669.700671422 2498
45 8.262777886461984e-07 1.293910162273397e-06 2732009.892635299 2622
48 1.090453538462928e-06 1.763983585621125e-06 2826828.664413576 3191
51 1.014309610469739e-06 1.602430636854249e-06 2559518.227879842 3044
54 9.765453108888164e-07 1.622426068242883e-06 2661402.151463819 2736
57 7.559618157381784e-07 1.326976180227777e-06 2419166.921945333 2276
60 7.119453917021539e-07 1.284200619819668e-06 2480465.127589878 2016
63 5.904958891573497e-07 1.023763968913682e-06 2353331.605675806 1640
66 3.887457356822459e-07 6.93876481630841e-07 2333600.396018694 1056
69 2.258098345553131e-07 4.513244274619829e-07 2139135.738786619 683
72 1.350693760118548e-07 2.232978514044247e-07 2146086.434594126 350
75 7.684153635919814e-08 1.525238481889112e-07 2368444.573568386 192
78 1.653383971096676e-08 2.627594454965221e-08 1886595.312559046 44
81 8.689647510624576e-09 2.933941532358117e-08 2678842.256597375 25


3 8.680006813547051e-10 8.183095909048138e-10 4944425.155487509 18
6 5.972937662265873e-09 7.281886109551757e-09 5554265.295094896 62
9 1.532321912756e-08 1.724918360366149e-08 5785653.576661431 98
12 3.730619728429426e-08 3.954395110994702e-08 4795610.217080791 210
15 6.734016265384309e-08 8.553153332497759e-08 4528074.252553673 350
18 1.026807432933613e-07 1.170260679435551e-07 4246109.044976731 450
21 1.454582180232664e-07 1.780988559947558e-07 3989293.72227704 602
24 1.873003297188595e-07 2.458855984244552e-07 3675844.499856652 762
27 3.065033181889577e-07 4.059250534610392e-07 3583583.001148771 1142
30 3.47643713389774e-07 4.773012682644513e-07 3403849.759468996 1250
33 4.02911229970467e-07 6.009062734719996e-07 3210211.798074596 1458
36 5.274136110664351e-07 8.241787196331857e-07 3174219.141665324 1814
39 6.534608100407706e-07 9.651620826242827e-07 2933198.327148154 2178
42 7.587170460061796e-07 1.168148471223136e-06 2818251.697007257 2498
45 7.990466205098675e-07 1.305514859845057e-06 2724962.310705219 2622
48 1.082433868997668e-06 1.708194327355263e-06 2789560.164093894 3191
51 9.858788188483225e-07 1.620279591963473e-06 2561883.394203347 3044
54 9.354684640588783e-07 1.687280633941765e-06 2689290.86009424 2736
57 7.482761357472902e-07 1.307384049107754e-06 2405070.315930743 2276
60 7.167135964113274e-07 1.23859027198191e-06 2454558.091976986 2016
63 5.694793888248963e-07 1.068102502594045e-06 2389727.671086517 1640
66 3.9514280743193e-07 6.596923016956945e-07 2302620.933294225 1056
69 2.270395067305145e-07 4.378639084428987e-07 2119737.376278613 683
72 1.16255750659743e-07 2.622502010451137e-07 2225440.89933144 350
75 8.626453860731555e-08 1.348792595870278e-07 2347764.340407331 192
78 9.527815196954984e-09 4.038089315765642e-08 2048109.573394256 44
81 1.714659319927807e-08 1.662792394145417e-08 2670258.101008538 25


3 8.818684044397724e-10 8.759466739561485e-10 5202116.093501837 18
6 5.880583440495831e-09 7.74437564723065e-09 5738203.286889235 62
9 1.503909578995886e-08 1.808003573372504e-08 5921730.445827677 98
12 3.688123652886029e-08 3.746632603948977e-08 4709186.499772727 210
15 6.453486634481169e-08 8.702291425516606e-08 4515391.741841653 350
18 9.515555034815598e-08 1.282206868132896e-07 4313166.684270281 450
21 1.411576826243449e-07 1.843190809531047e-07 4036241.831856686 602
24 1.847989634641431e-07 2.285551577528472e-07 3557873.434636898 762
27 3.067121872864225e-07 4.091702359268273e-07 3634285.362410375 1142
30 3.453266443097856e-07 4.695076542791077e-07 3396507.619736562 1250
33 3.962855643219499e-07 6.308126765467763e-07 3297067.77060035 1458
36 5.225766783507733e-07 7.603134823409649e-07 3054642.27933025 1814
39 6.587064766515459e-07 9.738089005167022e-07 2984493.176677228 2178
42 7.402594117270945e-07 1.133208905296622e-06 2764879.563992739 2498
45 7.763349847096709e-07 1.29464880635448e-06 2698763.900183798 2622
48 1.045790136355607e-06 1.753033638634547e-06 2807540.29026985 3191
51 9.724061588039928e-07 1.626893338032985e-06 2572186.302753934 3044
54 9.577764683513215e-07 1.609562921078593e-06 2667771.799099544 2736
57 7.474395991659047e-07 1.309904701371794e-06 2425095.664007236 2276
60 7.016887916409068e-07 1.260515516970837e-06 2474307.669682558 2016
63 5.595798934273744e-07 1.063884089311346e-06 2383614.91156091 1640
66 3.608401792175823e-07 6.955852668212695e-07 2295127.286706411 1056
69 2.320586506206955e-07 4.358919661091527e-07 2150056.443858889 683
72 1.283858698263043e-07 2.388882269982764e-07 2211694.734687458 350
75 7.441797108510867e-08 1.695936705000971e-07 2520860.216921443 192
78 1.639710479755739e-08 2.721352495401403e-08 1949075.540738858 44
81 8.131489383559404e-09 3.035826659285688e-08 2701245.213935549 25


3 8.50377444199991e-10 7.779066577629358e-10 4901475.446075113 18
6 5.821394999197847e-09 7.701055544639828e-09 5749462.288690962 62
9 1.549325221356045e-08 1.660295066413005e-08 5847596.551002059 98
12 3.674329116788607e-08 3.522711103424121e-08 4627902.383212498 210
15 6.904632972365536e-08 8.143823991579963e-08 4573394.700390649 350
18 9.27044624798967e-08 1.25325089267459e-07 4250137.180844544 450
21 1.368387105421825e-07 1.88116504639593e-07 4053725.419416335 602
24 1.801436102377553e-07 2.3685421597192e-07 3608311.596820819 762
27 3.051285224819213e-07 4.001925077921853e-07 3620845.749748523 1142
30 3.378301221662076e-07 4.699194654777365e-07 3393765.582790381 1250
33 4.04355494135282e-07 6.042550478306611e-07 3283966.035164618 1458
36 5.031922289975832e-07 7.610449002342907e-07 3029533.231413649 1814
39 6.519356110528526e-07 9.75980209304477e-07 3001253.810490721 2178
42 7.069141231335774e-07 1.162485872950114e-06 2768425.413977677 2498
45 7.843593668072325e-07 1.254741381372832e-06 2690875.681376223 2622
48 1.02639169877177e-06 1.725056003428658e-06 2784655.945355795 3191
51 9.67606977643973e-07 1.661306521164684e-06 2619524.641013485 3044
54 9.539788540521483e-07 1.598392374594067e-06 2677255.474736445 2736
57 7.62738188462447e-07 1.279204783315519e-06 2438394.575576736 2276
60 6.861468152972859e-07 1.279665449432041e-06 2492807.525615329 2016
63 5.545022491346704e-07 1.000621022200969e-06 2314714.83166123 1640
66 3.451688178393004e-07 7.29889347774176e-07 2336300.335847099 1056
69 2.255212212698464e-07 4.550860066690257e-07 2195478.448088374 683
72 1.259025908216291e-07 2.553859437705704e-07 2297420.942893372 350
75 7.705240665277138e-08 1.556847507200319e-07 2453438.197772297 192
78 1.612086244916471e-08 2.692322998873173e-08 1940576.446932748 44
81 1.066156338490257e-08 1.904727289401448e-08 2253968.565265748 25


3 8.828317385857069e-10 8.384100789658851e-10 5209735.806986207 18
6 5.637694065843673e-09 7.16634745980782e-09 5512316.506709633 62
9 1.556522320406411e-08 1.557840148440685e-08 5751137.187725853 98
12 3.740684120128431e-08 3.19449636351665e-08 4532975.86637036 210
15 6.645683306568598e-08 8.260859477997771e-08 4554358.461765749 350
18 8.929783381522465e-08 1.227478588918692e-07 4168868.736244984 450
21 1.352386650961465e-07 1.811942716739417e-07 3993402.13983977 602
24 1.820471272407995e-07 2.400443988492704e-07 3686765.740505745 762
27 3.044492299357607e-07 3.985203491748894e-07 3643769.400785282 1142
30 3.179857473121534e-07 4.622657044311765e-07 3299496.833086619 1250
33 3.95855597191217e-07 5.936467176118695e-07 3253426.818223115 1458
36 5.028010124294596e-07 7.658851042499983e-07 3069262.09264817 1814
39 6.410077590017585e-07 9.834380246602921e-07 3019231.931670551 2178
42 7.058799499021159e-07 1.16317293396354e-06 2796349.564781321 2498
45 8.037054148420419e-07 1.232098113703713e-06 2723407.295216356 2622
48 1.019285572347376e-06 1.662662191989946e-06 2749358.162823098 3191
51 9.779784976201275e-07 1.613919996894542e-06 2618357.425876969 3044
54 9.384240747685986e-07 1.609870007893499e-06 2695366.768505855 2736
57 7.333024591683528e-07 1.321182429997841e-06 2463565.971511133 2276
60 6.886942710967633e-07 1.244405942009792e-06 2484509.441850057 2016
63 5.705249103356278e-07 9.724562141469829e-07 2332679.188939646 1640
66 3.648733639782158e-07 6.550908137422558e-07 2274463.13720996 1056
69 2.243545049009454e-07 4.372261081913416e-07 2164357.192974007 683
72 1.242992049693249e-07 2.722747290370637e-07 2398747.782166608 350
75 8.194690983427621e-08 1.555973794545534e-07 2546423.907658082 192
78 1.160987683049491e-08 2.82705752169258e-08 1750280.218134806 44
81 9.916785141607724e-09 2.058796588730447e-08 2302059.660861459 25


3 1.05519711243223e-09 9.028288238695567e-10 6002918.631581057 18
6 5.531566665557268e-09 6.744195156137133e-09 5348429.941194408 62
9 1.474257629607117e-08 1.527921728272282e-08 5570997.38639619 98
12 3.678875226959437e-08 3.025745271483302e-08 4416316.302272467 210
15 6.508752694573148e-08 8.275100806440161e-08 4551966.562182698 350
18 8.989675444715034e-08 1.143302553371952e-07 4075475.499249712 450
21 1.288968626725105e-07 1.825122562610775e-07 3955064.211812575 602
24 1.912871451824594e-07 2.3605100479265e-07 3784704.620973721 762
27 3.028764017240399e-07 3.780465701276312e-07 3574239.941301892 1142
30 3.240494385623639e-07 4.436020544506927e-07 3293421.616353089 1250
33 4.046076884216332e-07 5.855755203346463e-07 3298568.662493975 1458
36 4.929768751332419e-07 7.73761799109474e-07 3091869.8538359 1814
39 6.338320064073433e-07 9.662259916631401e-07 3007670.182396783 2178
42 7.068706346501159e-07 1.134109683812362e-06 2791294.671551376 2498
45 8.021608458756025e-07 1.207004376419929e-06 2720344.040835822 2622
48 1.01946607801422e-06 1.631471034134861e-06 2752146.384084773 3191
51 9.924711561824255e-07 1.615665479585871e-06 2667304.139137381 3044
54 9.282506996502531e-07 1.561302184262583e-06 2667843.582735304 2736
57 7.208295724660105e-07 1.32418304764685e-06 2478067.660250694 2276
60 6.955992238172872e-07 1.140662898596734e-06 2406493.548649974 2016
63 5.401469898743642e-07 1.026895238451769e-06 2375019.926265759 1640
66 3.725940562868223e-07 6.286583776019191e-07 2270362.448300616 1056
69 2.299307605408732e-07 4.257109022471718e-07 2180600.059495073 683
72 1.386709085153266e-07 2.36101292195497e-07 2346713.803518169 350
75 7.6431616830458e-08 1.564496801968175e-07 2509613.158721552 192
78 1.137617934792474e-08 2.074864299789048e-08 1466767.672733847 44
81 7.782602830031828e-09 2.327848780526278e-08 2301470.121874366 25


3 1.073319781051302e-09 8.380801590621124e-10 5919718.222139885 18
6 5.672317666678508e-09 6.649243402108362e-09 5429743.199269321 62
9 1.35258042876175e-08 1.509826796169623e-08 5332144.929562353 98
12 3.616463495036575e-08 2.968951067859954e-08 4360954.28264015 210
15 6.319886119197316e-08 8.436304029621913e-08 4576350.411147083 350
18 8.834103575554204e-08 1.162784425023131e-07 4115740.5235642 450
21 1.247494099329037e-07 1.791699758947569e-07 3898936.293887208 602
24 1.936396613557369e-07 2.287373464479849e-07 3784466.515755517 762
27 3.005865789994902e-07 3.773298077625533e-07 3590825.244614914 1142
30 3.345077299241418e-07 4.446198040161428e-07 3382601.350438359 1250
33 4.05724977034576e-07 5.621539814244132e-07 3267302.371231057 1458
36 5.046511868422658e-07 6.997521561838638e-07 2995025.657745588 1814
39 6.372662319759419e-07 9.669538239325059e-07 3050358.657795265 2178
42 7.229350852758771e-07 1.053330964494776e-06 2740465.435059706 2498
45 7.979196646193318e-07 1.195586580034159e-06 2729523.981970589 2622
48 1.029703444150985e-06 1.594786530539353e-06 2761739.866995211 3191
51 9.874948347287539e-07 1.590019838650216e-06 2668498.575224577 3044
54 9.356070067846356e-07 1.532275395272378e-06 2680666.200097529 2736
57 7.446801649755827e-07 1.198279382856079e-06 2405423.505912823 2276
60 6.702132487866312e-07 1.157750722438852e-06 2414221.134808294 2016
63 5.410583378215713e-07 1.023000341941758e-06 2401885.287803533 1640
66 3.474317486009043e-07 6.754889193711615e-07 2322213.284298153 1056
69 2.184674550338644e-07 4.416501401030535e-07 2208229.217786788 683
72 1.37157875423291e-07 2.380580091378227e-07 2372551.950126175 350
75 7.193517626864936e-08 1.524760348982769e-07 2443344.572728507 192
78 1.491435912525208e-08 2.581619313170312e-08 1889682.587292291 44
81 9.356085984791056e-09 1.392111358281334e-08 1853399.258425211 25


3 1.045787529935015e-09 8.587036218186601e-10 5926924.394216981 18
6 6.163202414197412e-09 6.393242997637638e-09 5615699.714695431 62
9 1.403904565760899e-08 1.407460261599506e-08 5310376.228582829 98
12 3.642818553233105e-08 2.951955485070978e-08 4401289.074099782 210
15 6.208730057440799e-08 8.02901929596118e-08 4466719.953549406 350
18 8.936512295365289e-08 1.152927033213632e-07 4161565.527751206 450
21 1.268063036050703e-07 1.698618053805223e-07 3858465.495664884 602
24 1.918918613758911e-07 2.283128146178284e-07 3798863.737965042 762
27 2.977646655243591e-07 3.638155243974685e-07 3542827.19747271 1142
30 3.284677870983224e-07 4.470707322619797e-07 3396631.027436878 1250
33 4.138394795068056e-07 5.48687916271514e-07 3289609.649102449 1458
36 4.950568991774817e-07 6.904091497604231e-07 2976955.778228667 1814
39 6.381554972228841e-07 9.439720824834829e-07 3044497.272977048 2178
42 7.159169090516704e-07 1.047825817697383e-06 2748675.605050751 2498
45 7.970859291014137e-07 1.192772026322167e-06 2753338.074524599 2622
48 1.030213109540671e-06 1.576356003853297e-06 2774020.132643843 3191
51 9.749291052842306e-07 1.570121950680676e-06 2663379.070650953 3044
54 9.187069894240635e-07 1.48875230036013e-06 2645115.177222754 2736
57 7.37531717861475e-07 1.201691285016079e-06 2424581.177450494 2276
60 6.595863214014468e-07 1.146057400760441e-06 2410299.899671072 2016
63 5.829177287475662e-07 9.084730434565211e-07 2346150.092097202 1640
66 3.568187640270436e-07 6.678614541758572e-07 2359216.621071106 1056
69 2.299807437984858e-07 4.036653502845348e-07 2165512.821721667 683
72 1.211589708935296e-07 2.656039594954124e-07 2431758.174648134 350
75 7.999140757978316e-08 1.299902549353734e-07 2359251.965901109 192
78 1.357355385003478e-08 3.546181467716546e-08 2230457.412855321 44
81 8.158852202415279e-09 1.367340525083705e-08 1738394.674132091 25


3 1.043037196440233e-09 7.935585227357033e-10 5790270.029090798 18
6 6.484527171506174e-09 5.976780496343791e-09 5656078.055624466 62
9 1.498040486208121e-08 1.332035430275898e-08 5425872.713506816 98
12 3.473933808138873e-08 2.94511842635623e-08 4316452.144171625 210
15 5.958526625120653e-08 8.134876395245101e-08 4452297.603620011 350
18 8.77976804469655e-08 1.214263394749393e-07 4280918.328708312 450
21 1.294621751574568e-07 1.643342705167027e-07 3867057.730892295 602
24 1.835072414038297e-07 2.231792690959908e-07 3707603.743570493 762
27 2.883988742069079e-07 3.774931182644271e-07 3587651.796484605 1142
30 3.236610351494359e-07 4.428551852881303e-07 3388049.440038397 1250
33 4.076668845796147e-07 5.436014245688466e-07 3280923.531175015 1458
36 4.942700532315465e-07 6.905628307746551e-07 3003214.801843477 1814
39 6.387287871096238e-07 9.095128199179944e-07 3013549.793693294 2178
42 7.208588161933313e-07 1.023537171593459e-06 2748775.449766052 2498
45 7.750766175180659e-07 1.202098691499035e-06 2756143.377588675 2622
48 1.016020448424791e-06 1.58830442289534e-06 2794362.099362696 3191
51 9.650723071154119e-07 1.562408363547342e-06 2669176.477936481 3044
54 8.916894634803941e-07 1.486556886322551e-06 2633175.858949893 2736
57 7.297677818734398e-07 1.196294222568106e-06 2429945.934575276 2276
60 6.581970824688251e-07 1.11916538951573e-06 2398191.306945056 2016
63 5.581270474073828e-07 9.283015000486219e-07 2350083.639370676 1640
66 3.807418104780157e-07 6.234353467113837e-07 2355048.656390669 1056
69 2.281974298066275e-07 4.101832450872281e-07 2198554.960658422 683
72 1.271985222244776e-07 2.327647695674275e-07 2313854.03159987 350
75 7.800661851236828e-08 1.303874126469753e-07 2358149.598928158 192
78 1.467210920599149e-08 3.017445475048025e-08 2095282.798465839 44
81 5.002589734616897e-09 1.595899395586726e-08 1607057.916085174 25


3 1.025854821725715e-09 7.397077004625632e-10 5646212.730175394 18
6 6.173577131593706e-09 6.281835483446324e-09 5686193.715330649 62
9 1.52758126480712e-08 1.370143031783472e-08 5614080.118902906 98
12 3.427930405008868e-08 3.153537147183711e-08 4457025.527179437 210
15 5.747930592256574e-08 8.173338188924084e-08 4427883.843814434 350
18 8.512919823016246e-08 1.266205179491747e-07 4354785.386419569 450
21 1.332453291192149e-07 1.547606500208271e-07 3843695.671509431 602
24 1.744971093047794e-07 2.172004823276157e-07 3600401.589851016 762
27 2.866162875089498e-07 3.736913065289045e-07 3590873.041708114 1142
30 3.284889093751292e-07 4.290786232752228e-07 3386987.911695346 1250
33 4.059368647757687e-07 5.361963638444611e-07 3280720.144728549 1458
36 4.812080378107886e-07 7.044743778323929e-07 3024089.056940105 1814
39 6.399900776502838e-07 8.752634563893705e-07 2982386.79047406 2178
42 7.128184397418969e-07 1.028151393463574e-06 2765079.164799127 2498
45 7.732795932607354e-07 1.176503750652906e-06 2744304.513021565 2622
48 1.020625065161431e-06 1.574667059283937e-06 2810648.149354941 3191
51 9.70942374622871e-07 1.508718883588103e-06 2647519.312850369 3044
54 8.818974783560168e-07 1.46152064423531e-06 2617179.732540331 2736
57 7.100460316404363e-07 1.213202894945143e-06 2440073.291597002 2276
60 6.367880281624196e-07 1.137382230117954e-06 2405698.050696702 2016
63 5.169761413173398e-07 9.857123219726404e-07 2373199.711671984 1640
66 3.664281137666306e-07 6.39124833221954e-07 2367524.959180792 1056
69 2.191949702174957e-07 4.283004925412378e-07 2234635.247585669 683
72 1.25064496191426e-07 2.315395307031465e-07 2308929.502112036 350
75 5.95067501925156e-08 1.641348525624658e-07 2458420.144243629 192
78 1.712394645635296e-08 2.409691539856561e-08 2001861.302269312 44
81 5.365929120686698e-09 1.180794632108109e-08 1362334.886766495 25


3 1.005881539605192e-09 6.616986063057376e-10 5427763.540507874 18
6 6.53058528747396e-09 6.127528415710087e-09 5867320.6750434 62
9 1.500145991725811e-08 1.44075892090732e-08 5741152.663139677 98
12 3.175877823017504e-08 3.550877875732978e-08 4556214.254702063 210
15 5.71623893741804e-08 7.668841576864331e-08 4307915.371841902 350
18 8.551300583219917e-08 1.235882919575959e-07 4343013.517305223 450
21 1.318303121059327e-07 1.525369333659658e-07 3833243.234550376 602
24 1.705957883097741e-07 2.137843187811753e-07 3565054.696595068 762
27 2.808354661565209e-07 3.799538341686695e-07 3618335.309573111 1142
30 3.106439336610674e-07 4.322664641076852e-07 3338968.254739854 1250
33 3.958461507800402e-07 5.435595104247655e-07 3293080.731265638 1458
36 4.881763168122125e-07 6.97620243728023e-07 3054785.613167862 1814
39 6.358329791587941e-07 8.672021369906672e-07 2985309.168482183 2178
42 6.836615286096879e-07 1.085382685517988e-06 2816381.859520079 2498
45 7.860668070175169e-07 1.150061191250046e-06 2755112.928704352 2622
48 9.89262894897798e-07 1.555550009034817e-06 2775387.875061458 3191
51 9.601107059429017e-07 1.51543648444419e-06 2662269.136528887 3044
54 8.660302643200701e-07 1.418043685645833e-06 2573549.190045309 2736
57 6.914668609378819e-07 1.212889812339731e-06 2430644.719892737 2276
60 6.37860519873599e-07 1.125958403085964e-06 2412273.645081469 2016
63 5.057333894448633e-07 9.993404373264799e-07 2388353.357589004 1640
66 3.444622100901451e-07 6.544027300762349e-07 2354913.768959065 1056
69 2.322802197496125e-07 4.264302616016506e-07 2301460.910238422 683
72 1.181640613084918e-07 2.338860114772816e-07 2284860.158268813 350
75 6.945371993335391e-08 1.355152149517911e-07 2329276.028299849 192
78 1.264196631425716e-08 3.159519527221747e-08 2064787.93768592 44
81 6.147346622178012e-09 8.51959673431432e-09 1220350.788021814 25


3 8.991199916423607e-10 6.353328962474907e-10 5039551.061730636 18
6 7.003823620997915e-09 5.803785986428013e-09 6048680.633663636 62
9 1.321804303892574e-08 1.49886095248848e-08 5509601.822249329 98
12 2.865495705789127e-08 3.653607453790643e-08 4423727.649517542 210
15 5.909503847629068e-08 7.685419968710574e-08 4423607.41181089 350
18 8.590828644296076e-08 1.192910481699791e-07 4309488.275682845 450
21 1.28114384139516e-07 1.635908190856933e-07 3946070.606241439 602
24 1.675162272708751e-07 2.214463288628762e-07 3629049.960683681 762
27 2.764004409195323e-07 3.777089528137545e-07 3611861.328944708 1142
30 2.982165949597356e-07 4.126166241658758e-07 3224532.848098949 1250
33 3.863817374314596e-07 5.566100038101528e-07 3324593.030060354 1458
36 4.833556499449055e-07 7.072647186449326e-07 3089111.686519012 1814
39 6.052337653735967e-07 9.163628651207941e-07 3027392.500388385 2178
42 6.704486935606861e-07 1.081094492675466e-06 2808428.122426108 2498
45 7.471956723374354e-07 1.17631016093556e-06 2746458.861452905 2622
48 9.428823259908176e-07 1.601325604229346e-06 2782239.994406194 3191
51 9.352318083056513e-07 1.534514669704141e-06 2670556.749627572 3044
54 8.2875641614165e-07 1.429477841181443e-06 2555222.055723484 2736
57 6.986534271037693e-07 1.185010154387927e-06 2429575.24928705 2276
60 6.470040671606505e-07 1.085972748682341e-06 2398406.71808413 2016
63 5.504049369184185e-07 9.137651725296892e-07 2373728.029546256 1640
66 3.528910871819118e-07 6.355468273837272e-07 2358674.958315519 1056
69 2.351721641282042e-07 4.355968675453306e-07 2360238.928525686 683
72 1.133273735683453e-07 2.242051948997257e-07 2207271.950989545 350
75 7.528598415463693e-08 1.145186281938124e-07 2222402.067260735 192
78 1.601256318161543e-08 3.101178867543318e-08 2259434.182736346 44
81 6.313555107673671e-09 9.591029810657187e-09 1324002.676261807 25


3 7.81214023456566e-10 7.706119886188184e-10 5045515.597698763 18
6 6.248117375026546e-09 6.221767030582606e-09 5881721.793601852 62
9 1.170037786645042e-08 1.514989115904483e-08 5249602.19189418 98
12 2.825676706722546e-08 3.774197548405751e-08 4506649.552339204 210
15 6.244458822246135e-08 7.380209229114746e-08 4503334.438372675 350
18 8.612765997612076e-08 1.194470641484768e-07 4356966.285977531 450
21 1.211015177321985e-07 1.568143829644398e-07 3791231.728116643 602
24 1.616770063188091e-07 2.273216625188682e-07 3647544.66782485 762
27 2.746556041138957e-07 3.841526541405368e-07 3665182.262305415 1142
30 2.941222196648142e-07 4.071161796019927e-07 3209839.29304312 1250
33 3.753858711093547e-07 5.584077041346996e-07 3314293.447150555 1458
36 4.879720990391795e-07 7.106505164257665e-07 3138883.994802895 1814
39 5.783119143447838e-07 9.407932197032196e-07 3033408.981436684 2178
42 6.538373951328105e-07 1.071932874489312e-06 2787806.721105395 2498
45 7.247883041508719e-07 1.145998152086789e-06 2693818.777764041 2622
48 9.514259014755868e-07 1.558087365244113e-06 2775627.74271459 3191
51 9.104373232997564e-07 1.600792862991365e-06 2724476.873074162 3044
54 8.192843278090421e-07 1.444337407617907e-06 2578953.504772051 2736
57 6.795097498843382e-07 1.187816575154189e-06 2423430.104556726 2276
60 6.251605255860916e-07 1.098891196958726e-06 2397672.065199533 2016
63 5.467405669146025e-07 9.061712958116503e-07 2376353.248357194 1640
66 3.641455243220931e-07 5.875918835512547e-07 2312358.366733478 1056
69 2.303568360891891e-07 4.384819730149416e-07 2367872.863574834 683
72 1.182382318555588e-07 2.144783546776871e-07 2211111.824117918 350
75 6.087504391295483e-08 1.365930370970976e-07 2251605.269955316 192
78 1.845878660307998e-08 2.849456165315356e-08 2324593.51404136 44
81 3.68176203957649e-09 1.537739826025762e-08 1466907.851138921 25


3 7.734764574611402e-10 6.387911899376125e-10 4686456.821847945 18
6 5.45473254846804e-09 5.71244829639663e-09 5297121.559973251 62
9 1.212702990187656e-08 1.544289185661958e-08 5446491.134620637 98
12 2.48060932407936e-08 3.847429827213087e-08 4318877.381251558 210
15 6.369366082783635e-08 6.929977950888391e-08 4460244.113814116 350
18 8.542032456703713e-08 1.143634684613268e-07 4283643.445826715 450
21 1.198796006116101e-07 1.653401836752189e-07 3910153.098918315 602
24 1.616174156055068e-07 2.243714721039135e-07 3656185.652213108 762
27 2.752836391251e-07 3.764149313428137e-07 3664974.94303739 1142
30 2.808250900470832e-07 4.22863549209928e-07 3232102.589816114 1250
33 3.708704937399506e-07 5.387500933460057e-07 3264051.48344078 1458
36 4.923125869364443e-07 7.173580397294144e-07 3197162.968335973 1814
39 5.647995211258221e-07 9.280197126108256e-07 3006966.395234126 2178
42 6.530566641280447e-07 1.041176937168896e-06 2768275.927866831 2498
45 7.024067509724274e-07 1.147546786367785e-06 2682269.587165424 2622
48 9.702461731971608e-07 1.542229972532518e-06 2811307.92680718 3191
51 9.247011463045839e-07 1.512685895546597e-06 2684215.426365012 3044
54 8.513414766791832e-07 1.409462989142487e-06 2612922.439862059 2736
57 6.776340027053812e-07 1.171681093903865e-06 2424834.892812716 2276
60 6.0253428988803e-07 1.10212966018033e-06 2385343.227336782 2016
63 5.102022528529665e-07 9.410477256670652e-07 2374567.091440342 1640
66 3.377032330814787e-07 6.382177163093625e-07 2361111.337989991 1056
69 2.35252928721568e-07 4.242518366487288e-07 2368055.387522073 683
72 1.174654797697387e-07 2.131078092414319e-07 2217444.270124772 350
75 6.097843900517374e-08 1.323045932581638e-07 2231706.201063047 192
78 1.451454348740563e-08 3.540507483129726e-08 2391634.143456651 44
81 7.32619670010901e-09 9.134179918409479e-09 1423718.556314588 25


3 7.58297510649189e-10 4.704373701261464e-10 4174816.533708256 18
6 5.365167719830136e-09 5.894595513347279e-09 5369829.545355428 62
9 1.240203600696265e-08 1.521052767724908e-08 5516973.765598226 98
12 2.435305386263173e-08 3.813967730408826e-08 4305840.777159233 210
15 6.288509659612125e-08 6.63067197802791e-08 4377668.203778409 350
18 8.891167263677548e-08 1.085796319445758e-07 4298627.89724484 450
21 1.196444278306328e-07 1.573669897276633e-07 3845064.146974563 602
24 1.608488435655901e-07 2.203912098829006e-07 3648413.028787433 762
27 2.68099428654178e-07 3.811405463037571e-07 3676274.113122711 1142
30 2.848417117980099e-07 4.212284010099633e-07 3278739.858704228 1250
33 3.639385249459556e-07 5.451344358450123e-07 3286865.039579883 1458
36 4.854631437419395e-07 7.029232418343651e-07 3172398.856630915 1814
39 5.825199152179411e-07 8.616480913273792e-07 2959414.62737332 2178
42 6.665787637265841e-07 9.83774422590195e-07 2738018.632191979 2498
45 7.31621776612737e-07 1.118167155607051e-06 2721774.862580475 2622
48 9.67794767638557e-07 1.486638131831158e-06 2780307.383977778 3191
51 9.494694030233108e-07 1.451686825833153e-06 2683935.141666098 3044
54 8.651805712772726e-07 1.312550592191164e-06 2558735.266126175 2736
57 6.823836909156493e-07 1.182906273252519e-06 2470084.008535787 2276
60 5.967406801992962e-07 1.110286074280022e-06 2410348.302886567 2016
63 4.913730122028405e-07 9.499276740727308e-07 2374104.477742827 1640
66 3.283343494745137e-07 6.717018693986555e-07 2429507.532519917 1056
69 2.272283112291067e-07 4.30661144383729e-07 2376495.972403049 683
72 1.079321563135206e-07 2.30143016021512e-07 2260102.94643396 350
75 6.348676013354969e-08 1.158662469689362e-07 2124734.638621361 192
78 1.758636125565286e-08 3.298022025270119e-08 2505944.120784412 44
81 6.335837117722465e-09 1.047221950440363e-08 1427079.329385843 25


3 5.976234132173836e-10 6.215144845135935e-10 4049621.238734948 18
6 5.71692016826308e-09 6.016562615190156e-09 5654397.4856688 62
9 1.169270728513588e-08 1.435175488950976e-08 5250239.945434947 98
12 2.679107293447968e-08 3.629192014156859e-08 4426902.493526869 210
15 6.090526434301513e-08 6.164888823776231e-08 4194853.395553716 350
18 9.356348609655307e-08 1.075844447100761e-07 4431907.506183039 450
21 1.156357139699248e-07 1.566045912812035e-07 3807939.69717469 602
24 1.579205518348684e-07 2.161532862664621e-07 3614690.803454614 762
27 2.716136036387797e-07 3.669581869981334e-07 3662213.811015938 1142
30 2.920051099652331e-07 4.108571152974998e-07 3306339.56254977 1250
33 3.549399219448325e-07 5.436070876301739e-07 3277549.863215759 1458
36 4.731128050863482e-07 6.858910322076665e-07 3124326.599756734 1814
39 6.039802289259303e-07 8.170081173770328e-07 2957251.812302998 2178
42 6.728184340934781e-07 9.802896585031148e-07 2772078.939994833 2498
45 7.572220380685142e-07 1.065903339781891e-06 2724007.897573717 2622
48 9.434749159726219e-07 1.487622075807623e-06 2776987.923809461 3191
51 9.323977290127998e-07 1.473425148759566e-06 2710140.64955018 3044
54 8.348678066563622e-07 1.347268993411483e-06 2578320.070427887 2736
57 6.782735587504761e-07 1.174575119752209e-06 2480193.424805254 2276
60 6.347651125874821e-07 9.977428112885449e-07 2358998.347446708 2016
63 5.199268206974744e-07 8.738980220550578e-07 2345561.004285264 1640
66 3.618989605702173e-07 5.751768641897769e-07 2346711.706255772 1056
69 2.258546241813777e-07 4.397378498257875e-07 2426023.009269215 683
72 1.124696524911539e-07 2.066036929971447e-07 2183231.75721209 350
75 6.832812977139279e-08 1.064621523187608e-07 2119921.615554824 192
78 1.628431629495359e-08 2.852017364453472e-08 2256925.400920927 44
81 4.75699807689305e-09 1.902690475613135e-08 1907017.751697264 25


3 5.012277143431638e-10 7.649813753092102e-10 4164260.459583672 18
6 5.441028686359188e-09 5.74068941407495e-09 5431227.587306226 62
9 1.251342380624251e-08 1.444776393633566e-08 5500596.410184678 98
12 2.529924369385382e-08 3.761902413019041e-08 4438246.954865842 210
15 5.979407917770765e-08 5.624542531367871e-08 4017236.504882487 350
18 9.609703574332841e-08 1.04242790833988e-07 4464940.960889123 450
21 1.136204803118959e-07 1.638768815492752e-07 3906854.472646633 602
24 1.628574680701328e-07 2.122181460707494e-07 3668623.039018517 762
27 2.715145797173164e-07 3.645782956482603e-07 3684094.478900372 1142
30 2.892262342342395e-07 3.867188655598842e-07 3219553.166183519 1250
33 3.626135972010169e-07 5.185882970227651e-07 3259301.122597558 1458
36 4.613992979588868e-07 6.808702111530011e-07 3106901.80091297 1814
39 6.052188025125135e-07 8.168810084762139e-07 2987879.918064503 2178
42 6.662819344500502e-07 9.570785513537296e-07 2751324.198861024 2498
45 7.470488771765718e-07 1.071276912032884e-06 2739966.032949157 2622
48 9.421898335349346e-07 1.415159911562786e-06 2728385.656052294 3191
51 9.426871097209338e-07 1.441119426018018e-06 2718383.388641625 3044
54 7.91396654432868e-07 1.40178037920855e-06 2603155.494236987 2736
57 6.872873413420601e-07 1.14708016338719e-06 2487656.603294979 2276
60 6.084331134053161e-07 1.02265293312883e-06 2370055.018617266 2016
63 5.093681636656272e-07 8.672158945577414e-07 2338656.888735285 1640
66 3.565359836317274e-07 5.664966127485936e-07 2334635.713205684 1056
69 2.375706910561115e-07 4.247049112234968e-07 2455645.608266918 683
72 1.167299258249833e-07 2.045558101355197e-07 2229566.608320199 350
75 5.895942094607731e-08 1.29874287541263e-07 2253327.638941386 192
78 1.336384533232731e-08 3.370089818722293e-08 2331457.053539791 44
81 9.834829726024535e-09 8.427924645871126e-09 1670749.615533282 25


3 5.479383905915691e-10 6.950335402302642e-10 4161735.281523663 18
6 5.167473950221517e-09 5.891226755304046e-09 5398905.355265763 62
9 1.258976342975904e-08 1.383187520896204e-08 5450334.36546478 98
12 2.349028688021557e-08 3.778734661789324e-08 4349837.007533893 210
15 5.780867847127452e-08 5.685390818092702e-08 3993909.713155967 350
18 9.602791561821215e-08 1.033430009983272e-07 4483424.044128541 450
21 1.154107429231679e-07 1.605516717664294e-07 3929147.892226173 602
24 1.633511390659314e-07 2.119122545501178e-07 3705233.827598948 762
27 2.62540019268323e-07 3.663845403223089e-07 3669813.326829928 1142
30 2.933698368156315e-07 3.749905539299051e-07 3220190.937171836 1250
33 3.669834968701909e-07 5.048847218832674e-07 3261841.136215649 1458
36 4.63181241532293e-07 6.638118255101071e-07 3099447.481296781 1814
39 5.95380179209323e-07 8.335432986127038e-07 3024269.056696087 2178
42 6.564855635010247e-07 9.50158386946739e-07 2747712.589225158 2498
45 7.061020609475862e-07 1.105622267025968e-06 2742592.968884942 2622
48 9.371135518110448e-07 1.377680179365334e-06 2708079.473916681 3191
51 9.317529520264191e-07 1.453937641912684e-06 2743454.563810988 3044
54 7.982747614881283e-07 1.354205005604027e-06 2587241.686855956 2736
57 7.023699006126563e-07 1.072859974853688e-06 2444348.509881168 2276
60 5.811891897985707e-07 1.031679165619683e-06 2358702.974320069 2016
63 5.094093819217168e-07 8.582103677863045e-07 2347898.409198159 1640
66 3.226768684418423e-07 6.183744488874004e-07 2373439.661049586 1056
69 2.395231817887543e-07 4.164420978077899e-07 2461053.194149207 683
72 1.100770363000426e-07 2.241119949443854e-07 2317765.499286549 350
75 6.289367849382033e-08 1.28326992322354e-07 2318430.001205903 192
78 1.775734442742095e-08 2.229882387497594e-08 2112323.210137552 44
81 7.47267603010071e-09 1.367302427866737e-08 1834472.377073912 25


3 6.172799140390145e-10 5.674656692177676e-10 4060386.602854846 18
6 5.064773795733742e-09 6.881034475671409e-09 5838254.760272918 62
9 1.099758720412105e-08 1.269026419415072e-08 4919586.339853806 98
12 2.358067684686987e-08 3.536915192236505e-08 4234647.406015731 210
15 5.76023836427519e-08 5.967838625318161e-08 4112544.543586899 350
18 9.487573066107497e-08 1.010071075820769e-07 4447162.302727515 450
21 1.161071793853981e-07 1.566179922375719e-07 3923226.992067043 602
24 1.626732042611636e-07 2.103855312605934e-07 3716948.831614743 762
27 2.561019183050367e-07 3.629836492919998e-07 3641864.255966825 1142
30 2.908920793708926e-07 3.769001352288248e-07 3243967.290624818 1250
33 3.749545577819604e-07 4.825074138568526e-07 3247581.565278211 1458
36 4.679846752573104e-07 6.549865100476774e-07 3119658.901156494 1814
39 5.741744469154963e-07 8.540695022608748e-07 3039913.520480525 2178
42 6.484874106673973e-07 9.513996929122289e-07 2758404.320165723 2498
45 6.94241761964473e-07 1.11675019938966e-06 2761677.465716993 2622
48 9.155016182312738e-07 1.386693261058461e-06 2712585.574499963 3191
51 9.108563647340238e-07 1.437831866617255e-06 2722938.10895304 3044
54 8.330552196912467e-07 1.290303782478974e-06 2588752.97858346 2736
57 6.670824837026106e-07 1.103679715643001e-06 2447638.632179138 2276
60 5.720453595464572e-07 1.056025216213599e-06 2396091.993879549 2016
63 4.932416858245407e-07 8.816088398533581e-07 2372048.604933712 1640
66 3.11507696236509e-07 6.189312885018572e-07 2361828.321162351 1056
69 2.332202982697764e-07 4.166831478587036e-07 2455180.937322472 683
72 1.146661171962963e-07 2.051516274210108e-07 2257881.69472344 350
75 7.264403181674299e-08 1.091483435821131e-07 2273705.901641598 192
78 1.420580688787685e-08 2.93996650827198e-08 2232868.247805943 44
81 5.816697140026378e-09 1.745301340706991e-08 1966005.007794104 25


3 6.102920263430025e-10 5.543253767668275e-10 4035052.88118249 18
6 4.53877844997765e-09 6.866619393636716e-09 5591371.145897291 62
9 9.575956834846512e-09 1.21003866741679e-08 4522576.621265892 98
12 2.505236082086771e-08 3.354220374496944e-08 4266464.937774379 210
15 5.754996480181492e-08 6.49680217490284e-08 4319000.739473589 350
18 9.314266609853776e-08 9.874458260117498e-08 4399124.978766717 450
21 1.15327898151304e-07 1.546232562486629e-07 3917390.377048726 602
24 1.652404887920817e-07 2.034996854575235e-07 3715513.053406663 762
27 2.621197349257401e-07 3.422424077686666e-07 3600450.1802012 1142
30 2.869796543610094e-07 3.837948268100957e-07 3281169.477578618 1250
33 3.736567783076686e-07 4.556281086155323e-07 3177864.907429107 1458
36 4.71054641209744e-07 6.491717256277304e-07 3140837.81346635 1814
39 5.487781884818166e-07 8.717804033214992e-07 3036733.882823836 2178
42 6.36412743817668e-07 9.457242324279836e-07 2748140.79214245 2498
45 7.177642482806818e-07 1.078337051559843e-06 2771770.677118482 2622
48 8.927982109015079e-07 1.397007109085742e-06 2714532.412004453 3191
51 8.844864889790683e-07 1.471626631935402e-06 2744352.286231744 3044
54 8.331463841432726e-07 1.251961288026571e-06 2567746.906776545 2736
57 6.459492031194528e-07 1.118659953540501e-06 2450988.498698967 2276
60 6.121895911710066e-07 9.871108207136163e-07 2392936.441722727 2016
63 4.917693658760465e-07 8.667290821725733e-07 2364023.703408538 1640
66 3.312987240596302e-07 5.812571645889373e-07 2353659.224253527 1056
69 2.159502740442724e-07 4.194387671687319e-07 2404382.199471169 683
72 1.171688297416842e-07 1.977942659997663e-07 2250593.430269321 350
75 6.244783133204243e-08 1.251060337719157e-07 2313518.482048715 192
78 1.216710099259869e-08 3.569187516624207e-08 2407276.921169107 44
81 7.064543370657841e-09 1.466006403952195e-08 1898034.88574137 25


3 5.762880555315232e-10 6.032318775461644e-10 4098841.236671824 18
6 4.260516310015802e-09 7.134534724081508e-09 5598123.817139003 62
9 8.875549322795724e-09 1.25526879559635e-08 4481649.885316991 98
12 2.512449388175522e-08 3.333999268573931e-08 4294940.207084263 210
15 5.854826779563252e-08 6.562165905017864e-08 4420747.630313979 350
18 8.877039284955724e-08 9.769268619065868e-08 4307617.051696287 450
21 1.144160981615431e-07 1.541886492088933e-07 3929684.570074622 602
24 1.695378741668653e-07 1.931178428897881e-07 3704067.052489911 762
27 2.617786728673464e-07 3.264911699889415e-07 3544577.707121291 1142
30 2.883929499313728e-07 3.854177186872264e-07 3324289.81183344 1250
33 3.611230906692789e-07 4.540819417288577e-07 3146319.088840461 1458
36 4.64222164769062e-07 6.636882332349161e-07 3181655.160591151 1814
39 5.439796703951758e-07 8.476294000882361e-07 3001166.819315692 2178
42 6.27646232691406e-07 9.614392003417023e-07 2776928.882825362 2498
45 7.166959273662981e-07 1.058678242091807e-06 2764744.797173437 2622
48 8.843433254609732e-07 1.396044884281235e-06 2722880.431530822 3191
51 9.028896388792693e-07 1.440988974452134e-06 2758489.195265099 3044
54 8.121925558760236e-07 1.255799559132156e-06 2562119.752528369 2736
57 6.409324716570554e-07 1.120709655215775e-06 2463254.816173526 2276
60 6.132021774930648e-07 9.772354226184854e-07 2400276.280437622 2016
63 4.908634046661096e-07 8.508034328241254e-07 2354932.915530484 1640
66 3.434513140228706e-07 5.249128324356144e-07 2280522.146660125 1056
69 2.180430756717934e-07 3.939820441277746e-07 2345347.208175014 683
72 1.099056412875491e-07 2.074493899787858e-07 2264926.252093155 350
75 6.13882255367564e-08 1.211261389550219e-07 2269791.111751459 192
78 1.721277704944788e-08 2.353006014221205e-08 2192807.197164945 44
81 8.455667540015294e-09 9.52289208511941e-09 1668565.489599613 25


3 6.968052903410671e-10 6.402446482938689e-10 4728312.300686349 18
6 3.968812764755826e-09 6.798653447872919e-09 5323095.377204843 62
9 8.394419529432259e-09 1.267126903079842e-08 4425181.444418009 98
12 2.592188240324579e-08 3.155138005350137e-08 4281144.70092954 210
15 5.776819449320837e-08 6.371540053954534e-08 4370013.686639421 350
18 8.373921171294491e-08 9.836997623043497e-08 4229637.500742838 450
21 1.152524798815739e-07 1.466426319316669e-07 3878379.194975656 602
24 1.674725875460556e-07 1.999955790474795e-07 3776800.084399856 762
27 2.552170224671611e-07 3.315446520274384e-07 3557805.867725258 1142
30 2.846659638888213e-07 3.758721185033454e-07 3289684.943807395 1250
33 3.383089415968602e-07 4.741696853515053e-07 3141218.531024521 1458
36 4.714728708051244e-07 6.457732459611637e-07 3187317.185914149 1814
39 5.523279432225279e-07 8.333279343993878e-07 3019096.46470047 2178
42 6.181037369092524e-07 9.710500383231629e-07 2794975.111544698 2498
45 6.956147956135212e-07 1.055282620462716e-06 2744273.639379373 2622
48 8.72769984630289e-07 1.425825397636664e-06 2760193.680579034 3191
51 9.2057586965086e-07 1.373114148031125e-06 2734753.457851803 3044
54 7.720746147666704e-07 1.336885241793867e-06 2612541.601168917 2736
57 6.390257049761559e-07 1.08998529836356e-06 2441102.518755656 2276
60 5.953948313182528e-07 9.90852102035038e-07 2405483.783813377 2016
63 5.061598501113022e-07 8.331539566208718e-07 2379102.353548546 1640
66 3.171053195863822e-07 5.743278305572263e-07 2328525.746359196 1056
69 2.186223439089256e-07 3.706588357373462e-07 2287747.126430137 683
72 9.984296773282013e-08 2.125260119012519e-07 2224549.412217726 350
75 5.604014288316259e-08 1.265929330611069e-07 2263121.241385228 192
78 1.915942913264381e-08 3.078774047408103e-08 2672226.592127596 44
81 4.8672479334029e-09 1.463458783735534e-08 1675647.016603923 25


3 7.618485169530567e-10 7.109228780611043e-10 5250399.344368057 18
6 3.921482651575731e-09 6.779167917941028e-09 5331902.230027862 62
9 8.400294370997814e-09 1.247128689830927e-08 4426963.830331694 98
12 2.506153154209079e-08 3.351588043469931e-08 4376051.132267397 210
15 5.394522184243416e-08 6.260300843697335e-08 4216610.796560269 350
18 8.344124551547461e-08 1.013456192749278e-07 4320991.427872422 450
21 1.134923177052865e-07 1.461646525234605e-07 3876091.090987381 602
24 1.606920300227037e-07 2.098997302309929e-07 3820443.145787555 762
27 2.506071671828617e-07 3.314133593455882e-07 3555958.226142489 1142
30 2.745801880652491e-07 3.805629918810175e-07 3280899.629011425 1250
33 3.266246942308196e-07 4.793759514883437e-07 3133768.08239077 1458
36 4.660960209320691e-07 6.486265974258317e-07 3204420.358026661 1814
39 5.574933606084188e-07 8.16355850548844e-07 3025492.340361154 2178
42 6.156380691007633e-07 9.169153514805948e-07 2728810.627580755 2498
45 6.82224917754146e-07 1.096768476780272e-06 2800929.767496226 2622
48 8.798256372447605e-07 1.362414775618287e-06 2726253.41077929 3191
51 9.036943849678485e-07 1.36200603242279e-06 2722699.079262706 3044
54 7.853270480414895e-07 1.329506077063966e-06 2646702.955017222 2736
57 6.453331180682117e-07 1.046570691610687e-06 2418477.658968576 2276
60 5.545456530858612e-07 1.037652261947496e-06 2413292.022862112 2016
63 5.064392187696426e-07 8.279731776199673e-07 2392056.314787304 1640
66 2.993568550609503e-07 5.983209242075166e-07 2346442.17914272 1056
69 2.06303395025384e-07 3.75946230164434e-07 2266258.212174257 683
72 1.064540459247382e-07 1.987805067117793e-07 2216307.761670463 350
75 6.973901355170675e-08 9.646872912981432e-08 2167611.463342955 192
78 1.258517846437863e-08 4.186867377616764e-08 2766412.423021648 44
81 6.253001606358402e-09 1.289392198122902e-08 1712238.378248337 25


3 6.820300729655218e-10 6.824476610865606e-10 4882681.80288269 18
6 3.416547538084005e-09 7.024156417762784e-09 5201498.487612061 62
9 9.34535894275427e-09 1.082066994466228e-08 4380497.775289594 98
12 2.381250974927607e-08 3.318919470595113e-08 4285808.757797774 210
15 5.472726274111485e-08 5.919061319756072e-08 4174159.441540152 350
18 8.34817856271083e-08 1.013050953819936e-07 4358311.86171231 450
21 1.115431394071212e-07 1.459751434478402e-07 3874048.584793724 602
24 1.540371148725196e-07 2.227567799775222e-07 3894096.657331923 762
27 2.449348913416296e-07 3.306627956344319e-07 3543094.743263815 1142
30 2.721024798235429e-07 3.730129771874057e-07 3261797.057337841 1250
33 3.306618406900746e-07 4.796116890893892e-07 3181427.301509083 1458
36 4.449056588132415e-07 6.630930355942362e-07 3199159.366326383 1814
39 5.517208742652968e-07 7.856609753605127e-07 2977318.621930303 2178
42 6.028436715862777e-07 9.15878731227186e-07 2725082.953378753 2498
45 6.935546104646657e-07 1.070842482265635e-06 2811508.690028049 2622
48 8.901717361919734e-07 1.293612075217872e-06 2691388.925264333 3191
51 8.747464636072362e-07 1.385482179585571e-06 2731040.557989563 3044
54 7.784884191334017e-07 1.320792528469199e-06 2651461.33000723 2736
57 6.32319486471139e-07 1.069276377009653e-06 2447161.206460898 2276
60 5.608905777768314e-07 1.00110919645579e-06 2398754.225195039 2016
63 4.73069948905177e-07 8.829769402833637e-07 2428365.323845534 1640
66 3.161706716462411e-07 5.762402322858835e-07 2372315.734225473 1056
69 2.03552800840808e-07 3.967688513884508e-07 2346215.510727738 683
72 1.150827686408154e-07 1.699841473968752e-07 2130542.096084442 350
75 6.220535438144822e-08 1.104176491278351e-07 2221868.480271179 192
78 1.506431797179721e-08 2.570450266506889e-08 2209074.676425891 44
81 8.030378310222941e-09 1.323330065410704e-08 1958139.425405384 25


3 7.684406407115841e-10 7.019031385733376e-10 5327598.545615779 18
6 2.699914801997192e-09 7.497755816364126e-09 5065233.826370498 62
9 9.310114754826488e-09 1.020234047103096e-08 4286293.229819562 98
12 2.447325996061627e-08 2.979502704180953e-08 4148370.355560022 210
15 5.609851198952656e-08 5.787145588685584e-08 4220001.201142805 350
18 8.054910162133235e-08 1.015109788965094e-07 4321489.461684063 450
21 1.108031672466697e-07 1.475807396000453e-07 3917755.619471744 602
24 1.507776234529848e-07 2.22511860982696e-07 3889700.216178154 762
27 2.347053593402221e-07 3.352264963212635e-07 3528398.819774246 1142
30 2.673972406532204e-07 3.798796688911626e-07 3295495.081511077 1250
33 3.253060839564285e-07 4.680478515564424e-07 3145519.979746826 1458
36 4.336764017817788e-07 6.494343101248099e-07 3155971.877692129 1814
39 5.547059475667457e-07 7.988089551302902e-07 3038773.628792702 2178
42 6.000675701247725e-07 9.116427435872219e-07 2738223.9028441 2498
45 6.98356181420884e-07 1.025518904561812e-06 2781940.93247517 2622
48 8.712908724997077e-07 1.298142256507949e-06 2693818.760784406 3191
51 8.605034091791844e-07 1.39981494108042e-06 2752444.989734351 3044
54 7.954842059817638e-07 1.260216102057831e-06 2634236.665545138 2736
57 6.317662349546499e-07 1.07154585481321e-06 2473207.648048585 2276
60 5.864674542430354e-07 9.299400833618344e-07 2371854.100611629 2016
63 4.571485124183923e-07 8.771597077615725e-07 2409244.28899964 1640
66 3.455405227549478e-07 5.613717180776145e-07 2455897.100859267 1056
69 2.024445133791003e-07 3.691602971472783e-07 2268265.65478579 683
72 9.761209413801269e-08 2.031635413328238e-07 2208130.483668011 350
75 5.05221112580981e-08 1.261998995541465e-07 2237638.182735034 192
78 1.583792183229123e-08 2.068826621366031e-08 2043171.544445184 44
81 8.69733362487245e-09 1.15494512061333e-08 1916972.207643225 25


3 8.069452578651445e-10 5.358434196803064e-10 4975644.650328048 18
6 2.705040607901284e-09 7.176796768877971e-09 4978468.866328625 62
9 8.568992205440062e-09 1.069754213064976e-08 4238874.582201466 98
12 2.475454542588708e-08 2.885650779908977e-08 4142125.328754649 210
15 5.265345204925965e-08 6.19243472931439e-08 4247251.146583827 350
18 7.950456174622879e-08 9.561468150660115e-08 4203124.723274332 450
21 1.130420184967852e-07 1.371188705567392e-07 3845786.030760337 602
24 1.497300450992505e-07 2.193001968904762e-07 3883316.813474228 762
27 2.3376624391893e-07 3.169684187786077e-07 3450774.940314924 1142
30 2.678180102765374e-07 3.848520856409811e-07 3351644.584316658 1250
33 3.21892940957201e-07 4.69478926454105e-07 3164528.142072925 1458
36 4.369947464293145e-07 6.256474974510713e-07 3133456.285070878 1814
39 5.50243019477224e-07 7.930562539014017e-07 3043573.052267972 2178
42 6.102827451593469e-07 8.85571476009803e-07 2742454.593593162 2498
45 6.914610845458098e-07 1.038034120812302e-06 2813182.825007389 2622
48 8.480321657949328e-07 1.312107215619645e-06 2701060.625720449 3191
51 8.539444325716839e-07 1.389922158639627e-06 2758796.505587913 3044
54 8.087948369011012e-07 1.219041294063952e-06 2631585.785907956 2736
57 6.30959471913535e-07 1.039194188103831e-06 2453442.070510278 2276
60 5.760503428747662e-07 9.447648700308337e-07 2395729.99385791 2016
63 4.922074268818248e-07 7.871693662231357e-07 2362716.109584335 1640
66 3.378458616807957e-07 5.643116438744189e-07 2461244.133747114 1056
69 2.076560084166291e-07 3.53536661174725e-07 2260246.957071734 683
72 9.601980340164014e-08 1.99081787099988e-07 2189977.269036386 350
75 5.562738263259304e-08 1.129761026908563e-07 2191089.651757524 192
78 1.403650387110081e-08 2.66615722092869e-08 2228263.857951068 44
81 6.040275584789192e-09 1.396186650317464e-08 1827114.715683331 25


3 8.049523498542995e-10 5.311930554731887e-10 4985667.368714868 18
6 2.863022045462082e-09 7.166682945208721e-09 5120416.466612577 62
9 8.313004715282211e-09 1.065535031016865e-08 4204423.596247226 98
12 2.358347601127378e-08 3.039999324233987e-08 4186392.899153095 210
15 4.752272381524774e-08 6.388402522312092e-08 4138554.407864694 350
18 7.692492241507785e-08 9.69781529480983e-08 4200184.078065778 450
21 1.112737402786633e-07 1.315137349049334e-07 3769155.656484751 602
24 1.512455812929146e-07 2.187660045214832e-07 3931828.392350208 762
27 2.342115271078335e-07 3.067353666111743e-07 3425582.785773348 1142
30 2.665447038803724e-07 3.79391642999904e-07 3348898.601943651 1250
33 3.305522322194859e-07 4.527492196487281e-07 3171130.54332263 1458
36 4.471127813610394e-07 5.97214938089606e-07 3118717.073391428 1814
39 5.489896993638392e-07 7.834727976203631e-07 3047995.441185835 2178
42 6.239724644895e-07 8.724479240329721e-07 2773989.545658106 2498
45 6.986764132114074e-07 1.025546392217062e-06 2833906.027633625 2622
48 8.41291188830399e-07 1.283259866328564e-06 2683274.393445698 3191
51 8.639319586773449e-07 1.325516651580102e-06 2726577.742421608 3044
54 7.944618211160641e-07 1.2010829427378e-06 2612677.568885295 2736
57 6.25042497631309e-07 1.032416884872321e-06 2457151.967958837 2276
60 5.610246135600195e-07 9.579815069345819e-07 2409033.536070423 2016
63 4.811566507916264e-07 7.669306383825369e-07 2326570.373747926 1640
66 3.252955013086617e-07 5.670361107069683e-07 2450036.86421459 1056
69 2.096464412558651e-07 3.541416235683705e-07 2292984.478075298 683
72 1.077039799300271e-07 1.823687404225496e-07 2204985.503804446 350
75 6.687376499956987e-08 8.833111885789991e-08 2102345.42959179 192
78 1.11065251454855e-08 3.15129998949441e-08 2290817.185971292 44
81 5.99507874618604e-09 1.301808244443477e-08 1762721.68660369 25


3 6.805776067105267e-10 6.42554211238321e-10 4898295.563212838 18
6 3.112442015804143e-09 6.23059276449077e-09 4858856.878647851 62
9 7.644770085763551e-09 1.098961507837018e-08 4144812.052259126 98
12 2.190934440713248e-08 3.231693260722922e-08 4216037.568102754 210
15 4.392556071372022e-08 6.602296483022508e-08 4099346.707595124 350
18 7.385473873484219e-08 1.009452704050412e-07 4242463.45072639 450
21 1.114206669442386e-07 1.285848650429346e-07 3761948.649172113 602
24 1.561460107164909e-07 2.093569497186473e-07 3932339.552207193 762
27 2.322670033991059e-07 3.034400764887807e-07 3422247.575101807 1142
30 2.645004851829159e-07 3.601189862703845e-07 3274058.782717118 1250
33 3.383967443475245e-07 4.529238694123177e-07 3235338.977386496 1458
36 4.429288843917778e-07 5.991829098221417e-07 3137047.392276632 1814
39 5.531074668918998e-07 7.60002964732172e-07 3036144.775129575 2178
42 6.285235004144718e-07 8.82791038434949e-07 2825390.201396227 2498
45 7.194722974748233e-07 9.989439713278316e-07 2857996.717688084 2622
48 8.285196587555747e-07 1.287315410760351e-06 2693162.020595843 3191
51 8.53228062863426e-07 1.294392359579612e-06 2699917.309858842 3044
54 7.537050577291007e-07 1.22888843926575e-06 2606918.612854215 2736
57 6.385285174522409e-07 9.832477442943845e-07 2436113.912604492 2276
60 5.712795806891195e-07 9.336415530910014e-07 2414706.238591383 2016
63 4.597147035950186e-07 7.698995429865574e-07 2305105.709802784 1640
66 3.045571517710727e-07 5.942165820499551e-07 2472002.203909388 1056
69 1.984948968891887e-07 3.704642887709436e-07 2319192.782603138 683
72 1.138728936448882e-07 1.698968084867357e-07 2195808.005896865 350
75 5.954263013882737e-08 9.989821447869867e-08 2139835.411795171 192
78 1.607528063581547e-08 2.454759697720421e-08 2303456.252032826 44
81 8.301239848388368e-09 9.242725091543621e-09 1727681.840001268 25


3 5.781495665833525e-10 5.738083686132657e-10 4292757.693584694 18
6 3.410856515635165e-09 5.902797786288165e-09 4912638.011114718 62
9 7.195165521665711e-09 9.525651954508827e-09 3764688.536161474 98
12 2.089952049983061e-08 3.19558717077597e-08 4137100.543468317 210
15 4.304750589828096e-08 6.915374195726093e-08 4205255.887187391 350
18 7.081158764483727e-08 1.003621739996192e-07 4182313.608907485 450
21 1.110968505701733e-07 1.313420923168805e-07 3828161.406815123 602
24 1.569980213532711e-07 2.008525617442837e-07 3891333.209776938 762
27 2.237511054286761e-07 3.073065169862882e-07 3412788.558181866 1142
30 2.609652559604399e-07 3.564161480648476e-07 3262913.32009512 1250
33 3.485857306578828e-07 4.409834124972214e-07 3264864.295480097 1458
36 4.34694785335339e-07 5.876531744492415e-07 3103588.707044578 1814
39 5.45457491838905e-07 7.569153383441405e-07 3035032.525821591 2178
42 6.305761213816652e-07 8.956732098888085e-07 2875527.299517741 2498
45 7.202044637831101e-07 9.79162660188343e-07 2853427.258644957 2622
48 8.370677386181717e-07 1.268737809067799e-06 2706585.127880467 3191
51 8.583361840936604e-07 1.234884624832047e-06 2661813.451737999 3044
54 7.268581054373027e-07 1.264054537260078e-06 2629594.807702824 2736
57 6.32402122859993e-07 9.833852274518752e-07 2445875.280758798 2276
60 5.755386302699564e-07 9.351806565086887e-07 2445054.270213997 2016
63 4.44442168127997e-07 7.837438240573716e-07 2313878.581812736 1640
66 3.203596088850633e-07 5.437534780488091e-07 2418181.594993387 1056
69 2.019627113080759e-07 3.588955715439137e-07 2312651.983754862 683
72 1.058748920910864e-07 1.908594098898319e-07 2284295.221588797 350
75 4.861036540470922e-08 1.115744027135289e-07 2120540.782566651 192
78 1.875653901068933e-08 2.157269056185963e-08 2356345.902422517 44
81 7.32214822071257e-09 1.203628156068133e-08 1864230.770334052 25


3 6.084092855589091e-10 6.178450156435855e-10 4606881.464743223 18
6 3.109585800870644e-09 6.498221093384892e-09 5060101.479954809 62
9 7.100988206436919e-09 9.02060877031903e-09 3666832.550809792 98
12 2.158421812555662e-08 2.990287117659322e-08 4080710.240267083 210
15 3.975651385016232e-08 7.26880111718768e-08 4219768.756059009 350
18 7.139806926279758e-08 9.730886763534232e-08 4163170.225023834 450
21 1.058574353517743e-07 1.35806111883628e-07 3832588.123929598 602
24 1.563411104317973e-07 1.949960942412146e-07 3857444.798186176 762
27 2.178353154843146e-07 3.030963871692246e-07 3372570.444660137 1142
30 2.622933893745707e-07 3.42486743884157e-07 3230166.890942547 1250
33 3.457539578542348e-07 4.415141502741168e-07 3280995.728658997 1458
36 4.256537625809731e-07 5.779296745583655e-07 3070860.756469575 1814
39 5.375454411199876e-07 7.688753781715682e-07 3063988.156745956 2178
42 6.293059145760897e-07 9.013673315302279e-07 2905723.199308787 2498
45 6.905379472710337e-07 9.959222812171821e-07 2845037.835268057 2622
48 8.470032308446236e-07 1.239137174430768e-06 2708293.470936866 3191
51 8.303299596644739e-07 1.256992997547737e-06 2667290.810311417 3044
54 7.422182165472477e-07 1.192301929367586e-06 2587205.953223843 2736
57 6.131416299913398e-07 1.006378692078608e-06 2462238.62917264 2276
60 5.673127002272947e-07 9.616003685183942e-07 2486797.726713785 2016
63 4.585322926012257e-07 7.547960188320247e-07 2313992.506650609 1640
66 3.296521238063307e-07 4.977275705091784e-07 2352490.609257204 1056
69 1.995946984986332e-07 3.562913484976909e-07 2308868.303154312 683
72 9.591947726691789e-08 2.018992101039955e-07 2284780.775154557 350
75 5.804088509570173e-08 1.065399441091581e-07 2229881.618506287 192
78 1.082395553376779e-08 3.545632086025059e-08 2523799.489868938 44
81 5.624205163905294e-09 1.675375600595353e-08 2078310.998288047 25


3 6.50599302804757e-10 5.876144194694904e-10 4724516.690688689 18
6 3.112063170686703e-09 6.246712397290321e-09 4969605.963646892 62
9 7.342075011325718e-09 8.825489349625379e-09 3718993.261354879 98
12 2.048679627265307e-08 2.974714511918501e-08 4002905.3632105 210
15 4.03233008839346e-08 7.272859753145664e-08 4274524.365689792 350
18 7.172800876129652e-08 9.506831832387888e-08 4155373.377669293 450
21 1.037311572496661e-07 1.310174818636006e-07 3757149.625180097 602
24 1.538786573873797e-07 1.965859242539509e-07 3875066.667849651 762
27 2.123407772709301e-07 3.05108471631338e-07 3370669.753844379 1142
30 2.612512745977409e-07 3.396210705999453e-07 3236701.483947384 1250
33 3.339624262077469e-07 4.515381805179825e-07 3289921.125180649 1458
36 4.16335473666599e-07 6.010546214442441e-07 3126979.277579525 1814
39 5.407482891378834e-07 7.482001843601809e-07 3053210.37481302 2178
42 6.254247007206617e-07 8.934047720589067e-07 2906760.55068787 2498
45 6.547851308191858e-07 1.036674084741572e-06 2859332.36371979 2622
48 8.261630641806868e-07 1.221942372540845e-06 2678079.709332114 3191
51 8.055108560188237e-07 1.289164726774599e-06 2687821.537405855 3044
54 7.36216217479122e-07 1.140182909686201e-06 2534770.340284768 2736
57 6.079626876333602e-07 1.013962400269019e-06 2481909.222320816 2276
60 5.716585039575684e-07 9.499223299049731e-07 2496882.568370488 2016
63 4.53535989082493e-07 7.435189355981479e-07 2301005.642646251 1640
66 3.044238892296335e-07 5.230334355343921e-07 2348817.497934156 1056
69 1.922387585324252e-07 3.699466471063685e-07 2339359.742182983 683
72 1.018892321814301e-07 1.931932539215532e-07 2297344.036591291 350
75 6.152766652451967e-08 1.07667551119854e-07 2318042.82533658 192
78 1.36237075090276e-08 3.565414789052197e-08 2745185.561107479 44
81 5.847328874513502e-09 1.588025548518214e-08 2043545.832739983 25


3 6.332083843372406e-10 4.430242433804933e-10 4202344.036390962 18
6 3.155020416995428e-09 5.919858548275442e-09 4870709.838145502 62
9 7.765906560326992e-09 9.215066882314088e-09 3942141.998617859 98
12 1.970266373232932e-08 3.040685804457621e-08 4011398.459584097 210
15 4.167946668441501e-08 7.18646301584281e-08 4335948.760105856 350
18 6.967554480149322e-08 9.270282868361354e-08 4077855.157296861 450
21 9.923403446464183e-08 1.277570030528192e-07 3659355.875922783 602
24 1.54181905066474e-07 1.873980167918873e-07 3819679.852023365 762
27 2.167596299324619e-07 2.972707772741566e-07 3384926.970690323 1142
30 2.730529617193443e-07 3.272060103979261e-07 3276584.242993665 1250
33 3.303718127969782e-07 4.520940585030563e-07 3301869.456375994 1458
36 4.081592863174627e-07 5.920497815449998e-07 3098217.765423963 1814
39 5.309387315041583e-07 7.667922505243343e-07 3090845.649517241 2178
42 6.180256697203921e-07 8.696787486933564e-07 2873142.95374412 2498
45 6.434474818184161e-07 1.040185231685554e-06 2864860.70195916 2622
48 8.101001161971617e-07 1.240435476831542e-06 2696725.706029669 3191
51 7.964480847689975e-07 1.276295429071266e-06 2680583.401328029 3044
54 7.102316538325718e-07 1.148839485344814e-06 2523853.610920509 2736
57 6.142342435831128e-07 9.974053832820159e-07 2490321.68950681 2276
60 5.623736350153942e-07 9.494638566581428e-07 2497610.066929344 2016
63 4.485881373188386e-07 7.714096590712363e-07 2355441.432919153 1640
66 2.823422843053861e-07 5.387135335849366e-07 2330772.07971681 1056
69 2.062767288112512e-07 3.21876980129382e-07 2250673.567333618 683
72 1.08634096007624e-07 1.684418330725403e-07 2208649.23113897 350
75 6.106833414223109e-08 1.053758498574498e-07 2301015.167767367 192
78 2.172856752340274e-08 2.171617410819641e-08 2640043.410502947 44
81 1.00937012154324e-08 8.442223743022151e-09 1939956.034973861 25


3 4.998850953027067e-10 4.928134743879356e-10 3835428.458304481 18
6 3.283326818786809e-09 5.777415130086191e-09 4920179.378674356 62
9 8.660262435917754e-09 8.892905658205537e-09 4143119.572336891 98
12 1.936939623143365e-08 2.848662019252718e-08 3873352.418216942 210
15 4.093801227444608e-08 6.973692760461807e-08 4264262.851712158 350
18 6.911143546482728e-08 9.304171170779283e-08 4103470.176141337 450
21 9.692730900774066e-08 1.256346258505033e-07 3616538.244095987 602
24 1.524930837252764e-07 1.837347569918945e-07 3793204.105040376 762
27 2.247127109340393e-07 2.806409393713023e-07 3374448.854440013 1142
30 2.663321909214645e-07 3.331792549549639e-07 3291091.847487739 1250
33 3.299589881542112e-07 4.445235439072332e-07 3298583.779236113 1458
36 4.126959975789159e-07 5.929336223816462e-07 3142886.067289148 1814
39 5.166318256213215e-07 7.606259997309891e-07 3063723.864654786 2178
42 5.86197849860146e-07 8.976949583239703e-07 2873950.385933931 2498
45 6.517197396591733e-07 1.018631454826881e-06 2872294.134597161 2622
48 8.027740002878632e-07 1.249734153818365e-06 2718813.623967948 3191
51 7.982265402620324e-07 1.240569160782599e-06 2664230.489648839 3044
54 6.926601162277934e-07 1.186818784646792e-06 2562633.765622693 2736
57 6.101980749218226e-07 9.448459376809806e-07 2431041.677773342 2276
60 5.544349066298866e-07 9.538733770860676e-07 2509152.93861315 2016
63 4.480451120816796e-07 7.905538003513869e-07 2406719.450857075 1640
66 2.799763594945593e-07 5.383658635285034e-07 2341119.728248953 1056
69 1.844699847280632e-07 3.449673895728965e-07 2243140.000168413 683
72 9.403688484162328e-08 1.820944313497031e-07 2180597.277887551 350
75 5.78746703900026e-08 1.147143435511956e-07 2379027.303529146 192
78 1.701048513428951e-08 2.634352270730124e-08 2557200.939757694 44
81 8.06596724288666e-09 1.517136494381617e-08 2284415.401127465 25


3 4.652232747265193e-10 5.468021236376086e-10 3903159.876103785 18
6 3.523695766370696e-09 5.492238060593341e-09 4971287.608762941 62
9 9.948673411867832e-09 8.565745741655814e-09 4447084.535399739 98
12 1.838580239973762e-08 2.849871459305676e-08 3816785.309189753 210
15 3.918030531611229e-08 6.846527077767592e-08 4178946.120543733 350
18 6.870142222676185e-08 9.261421874938152e-08 4116548.938646243 450
21 9.473702606950712e-08 1.217152231082359e-07 3548427.396544128 602
24 1.468671461715709e-07 1.87507358919403e-07 3790707.037159512 762
27 2.280878512658537e-07 2.791821571896514e-07 3419217.230710384 1142
30 2.554275356239903e-07 3.318142253773051e-07 3243237.453651119 1250
33 3.132205064919648e-07 4.54482222111286e-07 3282675.325044012 1458
36 4.205547486506718e-07 5.89248434267809e-07 3187747.726043766 1814
39 5.125347413961095e-07 7.598357587197267e-07 3076935.644631604 2178
42 5.786059405954887e-07 8.729437100826977e-07 2838312.548739686 2498
45 6.685033275279611e-07 9.898970474069045e-07 2886433.651911117 2622
48 7.879285754845935e-07 1.243586924913515e-06 2711915.712814748 3191
51 8.101851739679548e-07 1.228139874611989e-06 2691081.889655588 3044
54 7.121167284752848e-07 1.142178920823318e-06 2562028.759261873 2736
57 5.716550167237575e-07 9.700125591014493e-07 2415588.935373378 2276
60 5.527450332647613e-07 9.411008140237741e-07 2508823.744019834 2016
63 4.538494315864829e-07 7.702607316150267e-07 2406349.726325526 1640
66 2.977115673327835e-07 4.915861662890443e-07 2303952.112157302 1056
69 1.750814655832226e-07 3.429801377094115e-07 2207059.339172313 683
72 9.54855464105226e-08 1.772818260884839e-07 2180523.500822635 350
75 5.928854704381414e-08 1.163519740053137e-07 2445050.815596277 192
78 9.412390474748916e-09 3.724512781125918e-08 2591573.172928562 44
81 6.211089366144065e-09 2.029583670368166e-08 2522221.547425032 25


3 4.495741598275305e-10 5.784914919691226e-10 3979130.572168135 18
6 3.676829449374353e-09 5.641073560747824e-09 5187622.709473014 62
9 1.071348495258429e-08 9.039189720252402e-09 4783120.800582584 98
12 1.859213565297651e-08 2.627084809560521e-08 3702675.394088605 210
15 3.869440671204304e-08 6.831673205615757e-08 4191079.953709433 350
18 6.961935263969383e-08 8.647461898165382e-08 4034763.214280888 450
21 9.299772193028966e-08 1.247475973372111e-07 3591274.379875657 602
24 1.484528703751695e-07 1.813344878781486e-07 3779002.937947377 762
27 2.22604028175807e-07 2.834240667810039e-07 3431299.630973146 1142
30 2.494532443336044e-07 3.347978042756023e-07 3247789.167052355 1250
33 2.928862717122969e-07 4.546866778232439e-07 3212301.770692981 1458
36 4.155041867086999e-07 5.816800191403664e-07 3175044.764708649 1814
39 5.171161405513642e-07 7.444403341086887e-07 3082757.320554744 2178
42 5.739891382149235e-07 8.789919996725525e-07 2863550.262449252 2498
45 6.714806471692868e-07 9.891763858119759e-07 2916398.388399522 2622
48 7.85697333289243e-07 1.220681514569885e-06 2704820.149169002 3191
51 8.083966026273983e-07 1.218115885919306e-06 2699866.778159795 3044
54 7.150849140837159e-07 1.110749298121014e-06 2550357.217919387 2736
57 5.638570063827518e-07 9.560646260651068e-07 2403205.928293006 2276
60 5.53718802571082e-07 9.286353586054483e-07 2514576.13783568 2016
63 4.642690630536884e-07 7.642091990806088e-07 2441795.083661985 1640
66 3.109421447625453e-07 4.473856992662197e-07 2255284.33934337 1056
69 1.88453911501542e-07 3.153641994824515e-07 2191210.101998456 683
72 1.029710282139223e-07 1.644242259740025e-07 2181478.546825273 350
75 6.777329975466139e-08 9.788600645683908e-08 2383052.442089223 192
78 1.458899893553645e-08 2.413120201738977e-08 2312168.033918734 44
81 9.697316896298368e-09 1.546152362057852e-08 2552781.29033554 25


3 4.19309360180745e-10 3.390906439439486e-10 3027113.211092237 18
6 3.544418284855916e-09 6.083940021361761e-09 5379668.371153984 62
9 1.014988291664178e-08 9.836398060650053e-09 4841565.922822263 98
12 1.934799724847211e-08 2.423828322477196e-08 3649876.315148673 210
15 3.932388395764199e-08 6.657122149754207e-08 4194365.355130714 350
18 6.856460421926927e-08 8.291052216473348e-08 3952986.835540575 450
21 9.510407841671208e-08 1.197857928766138e-07 3585795.589744799 602
24 1.463991389728546e-07 1.807632182751952e-07 3777531.203460182 762
27 2.216575228577216e-07 2.783925256617474e-07 3421381.611412549 1142
30 2.429588450717275e-07 3.384790769434491e-07 3253108.450722031 1250
33 2.938060100334829e-07 4.561244857534572e-07 3251166.481975996 1458
36 4.038939286942143e-07 5.838140305462378e-07 3166277.515922648 1814
39 5.138289612792675e-07 7.164356767418197e-07 3037600.730733299 2178
42 5.805961416992668e-07 8.511994064166252e-07 2853648.176044053 2498
45 6.752049880522287e-07 9.706816607085723e-07 2919641.818043392 2622
48 7.913945626842255e-07 1.204159743046085e-06 2717243.277568908 3191
51 7.892823876352142e-07 1.234998414131286e-06 2714074.875376571 3044
54 6.967511854105874e-07 1.0989504474943e-06 2527829.039124956 2736
57 5.842539184444716e-07 9.24673139134373e-07 2417786.966878967 2276
60 5.723265652995885e-07 8.892860709877262e-07 2513984.53742866 2016
63 4.674023456971169e-07 7.344231818250936e-07 2417435.078923593 1640
66 2.773478270880969e-07 5.136159810191925e-07 2331460.046994395 1056
69 1.915610051015754e-07 3.026392803795723e-07 2177121.630511768 683
72 9.238543236526354e-08 1.819174054951677e-07 2223696.253131303 350
75 5.502637024194452e-08 1.234535960224561e-07 2506664.937145243 192
78 1.557485826027768e-08 1.894172264618307e-08 2129044.572717702 44
81 1.061159003595401e-08 1.562577434976444e-08 2701937.915114959 25


3 3.893723068619762e-10 2.436819998960719e-10 2574159.264518658 18
6 3.58209971244251e-09 5.912314507312307e-09 5362142.763344558 62
9 9.332135789668512e-09 9.700776459596211e-09 4630747.108767273 98
12 2.040205564934869e-08 2.316100386044726e-08 3695058.491887689 210
15 4.116802975837524e-08 6.550810911565736e-08 4275502.896441644 350
18 6.529287014141225e-08 8.300796420543498e-08 3892462.366655891 450
21 9.598534487108167e-08 1.120694858941624e-07 3513343.708063971 602
24 1.459599193176171e-07 1.806089561633798e-07 3801297.518900492 762
27 2.144878682957345e-07 2.800415505631495e-07 3404944.614277092 1142
30 2.383341933791052e-07 3.323994341475162e-07 3220245.354910586 1250
33 3.134673867108143e-07 4.378774032674223e-07 3303626.958990844 1458
36 4.065835187516283e-07 5.697278059938174e-07 3161770.353218873 1814
39 5.011712428193409e-07 7.109433309175834e-07 3015349.531723829 2178
42 5.844567770330333e-07 8.297129673886496e-07 2847696.242485142 2498
45 6.766124935699783e-07 9.468881113924396e-07 2908801.80941781 2622
48 8.011518954269156e-07 1.185651391562004e-06 2733019.327237951 3191
51 7.590457208484855e-07 1.260825928562453e-06 2722299.616636764 3044
54 6.945127380941677e-07 1.0852653615957e-06 2528610.894641821 2736
57 5.912073958009561e-07 9.154644134497638e-07 2438372.038841108 2276
60 5.682315136410501e-07 8.70578961372128e-07 2498257.579469761 2016
63 4.395327168044278e-07 7.679860954942428e-07 2433177.419691553 1640
66 2.74581034079731e-07 5.238464466432222e-07 2370254.410705815 1056
69 1.780796825400743e-07 3.135657688524632e-07 2168407.552567014 683
72 9.411445116445972e-08 1.729939745681568e-07 2195428.376583776 350
75 5.799945935249434e-08 1.076021752158882e-07 2378882.28012035 192
78 1.115977822874219e-08 2.612776982744693e-08 2208944.646809974 44
81 1.019820204291885e-08 1.386921561155867e-08 2514007.238321057 25


3 5.05791661917443e-10 2.609849719469951e-10 3165185.820514175 18
6 3.387369135994913e-09 5.92141597051742e-09 5289470.202671725 62
9 8.190166573816337e-09 1.033625172308336e-08 4503757.893975452 98
12 2.003247146660524e-08 2.388896605897422e-08 3747201.474110078 210
15 4.224727324479114e-08 6.582052572904715e-08 4372461.784575317 350
18 6.41326395263855e-08 8.641333461971343e-08 3973325.304841192 450
21 9.45618147172818e-08 1.162462065582614e-07 3580025.890725506 602
24 1.426606884229153e-07 1.798404348552694e-07 3781274.013010548 762
27 2.086257241061365e-07 2.779704395170933e-07 3374730.477174339 1142
30 2.40720457710926e-07 3.241899586170607e-07 3219527.494940314 1250
33 3.265729271757175e-07 4.207203024495147e-07 3326606.535579734 1458
36 4.133285953950254e-07 5.443111022183145e-07 3137079.417412561 1814
39 4.94362316889443e-07 7.032945138368338e-07 3003830.231929037 2178
42 5.808796558129886e-07 8.125161517669667e-07 2831499.578184326 2498
45 6.732132518259183e-07 9.540346769266262e-07 2937735.189762093 2622
48 8.096562302011944e-07 1.174889964107938e-06 2755838.944717155 3191
51 7.505528448488124e-07 1.215920243033156e-06 2676832.004176138 3044
54 6.974674791105363e-07 1.06767331471294e-06 2532043.690357914 2736
57 5.894867200836156e-07 9.132506631507391e-07 2452395.215737481 2276
60 5.355940474718071e-07 9.098924638960931e-07 2514886.217946252 2016
63 4.344285919252285e-07 7.588357859520444e-07 2425199.550976545 1640
66 2.984017418965027e-07 4.894903691815809e-07 2382241.6795389 1056
69 1.700163024248766e-07 3.143002705254434e-07 2147544.632612865 683
72 9.388376112487305e-08 1.55961517660522e-07 2085553.305121124 350
75 5.819306692741225e-08 9.569724744867134e-08 2248556.833541123 192
78 1.003101268370533e-08 2.492194296265905e-08 2081403.733464211 44
81 5.893704253844462e-09 2.575687367275744e-08 3085150.13128577 25


3 5.92359376693649e-10 2.574321791950803e-10 3558789.085712701 18
6 3.34978883788272e-09 5.781777846566013e-09 5233760.695034044 62
9 7.536081098575967e-09 1.126167601137909e-08 4572567.676359771 98
12 1.936454689255914e-08 2.224990073269319e-08 3585216.343756659 210
15 4.301085430258436e-08 6.273052051810298e-08 4325875.967137693 350
18 6.42479675799322e-08 8.461917615154125e-08 3965112.879957962 450
21 9.603237246088383e-08 1.11539935851485e-07 3563218.188554036 602
24 1.378731431865102e-07 1.85958852484298e-07 3815471.819969763 762
27 2.062782385159174e-07 2.812508766227437e-07 3404941.948610247 1142
30 2.4121542765241e-07 3.199578333649589e-07 3226584.193960476 1250
33 3.299845007965593e-07 4.047205832016171e-07 3305253.322494906 1458
36 4.084600002295892e-07 5.382393555348745e-07 3126282.398269199 1814
39 4.843346989770437e-07 7.128230218033353e-07 3021670.517766932 2178
42 5.764115394065845e-07 8.00630668330525e-07 2822046.685448735 2498
45 6.652868182615651e-07 9.526157758352439e-07 2942911.014765211 2622
48 8.111746023181511e-07 1.154896788980124e-06 2755275.617284625 3191
51 7.546609042047483e-07 1.161264289804797e-06 2636941.014025585 3044
54 6.878789114636264e-07 1.069466226182064e-06 2539036.183623913 2736
57 5.711120731818742e-07 9.366035804686558e-07 2472091.492032692 2276
60 5.290659433003141e-07 9.158374523581725e-07 2531596.563210271 2016
63 4.545259054923945e-07 7.111649640685208e-07 2405050.922477481 1640
66 3.096657286238552e-07 4.670640490040304e-07 2380500.87328864 1056
69 1.747411903910159e-07 3.050153291165166e-07 2152872.535955475 683
72 9.212633734387536e-08 1.580604480687628e-07 2100737.360060878 350
75 5.747707098070528e-08 8.786366802037584e-08 2152059.9680933 192
78 1.213574009531508e-08 1.534597696487965e-08 1731451.802870582 44
81 1.181977982816616e-08 1.490238545460865e-08 2854799.788188322 25


3 6.012332274740401e-10 2.921743703014787e-10 3760663.682593886 18
6 3.176351267609225e-09 6.082579024282915e-09 5322745.335975504 62
9 7.378104951156305e-09 1.129245486800345e-08 4572161.464570836 98
12 1.819163043914813e-08 2.350586246382261e-08 3601637.068604971 210
15 4.217201542085555e-08 6.019439156294083e-08 4224668.005465748 350
18 6.403648269959348e-08 8.386793046883281e-08 3971857.3917739 450
21 9.233376500775641e-08 1.100866898149505e-07 3498576.246388176 602
24 1.37918296050057e-07 1.869986353681167e-07 3857669.899060928 762
27 2.080897557701884e-07 2.776004264124376e-07 3422691.144962589 1142
30 2.356291673172403e-07 3.250302351570133e-07 3242864.328423377 1250
33 3.309217568419137e-07 3.982220335278203e-07 3309928.864992576 1458
36 4.031743140457739e-07 5.331935711271101e-07 3116249.076904154 1814
39 4.863680983628726e-07 7.01646905816881e-07 3025312.459468665 2178
42 5.730181362643067e-07 8.001388511338076e-07 2835546.091942169 2498
45 6.319542268960967e-07 9.676145033482257e-07 2921573.43694204 2622
48 7.980161618849772e-07 1.157896518847353e-06 2759681.52410109 3191
51 7.87787547905443e-07 1.11859631395971e-06 2656783.594281513 3044
54 6.745004186769148e-07 1.066190221978327e-06 2532126.34212448 2736
57 5.57838393045342e-07 9.406925844170155e-07 2471935.392915397 2276
60 5.443515190894712e-07 8.780012751925858e-07 2522319.871104445 2016
63 4.466987960859458e-07 7.222731484038245e-07 2425545.058709976 1640
66 2.929794117597675e-07 5.054346564386502e-07 2444376.181416083 1056
69 1.740425343238525e-07 2.976699653525736e-07 2135939.315075099 683
72 9.115697616810599e-08 1.634280222199594e-07 2147665.795246311 350
75 4.948541108036658e-08 9.639605933111965e-08 2139722.196813485 192
78 1.191508303265662e-08 1.840556205394568e-08 1896685.290363137 44
81 1.074718797942117e-08 1.333215444109909e-08 2595753.856759712 25


3 6.0918365949462e-10 4.366729154193164e-10 4371917.02601476 18
6 3.401363099330415e-09 5.369068654733517e-09 5122220.216813225 62
9 7.30513026250388e-09 1.051665013604934e-08 4409569.481916809 98
12 1.678181255310754e-08 2.650119044818102e-08 3731049.085248375 210
15 4.192181530624745e-08 5.78966842249686e-08 4157557.363834521 350
18 6.374412832107134e-08 8.070129622263312e-08 3916073.702301216 450
21 9.197647723783706e-08 1.117149332946049e-07 3545772.887132708 602
24 1.363553371235725e-07 1.830319465211316e-07 3823444.509892592 762
27 2.079097573021296e-07 2.670089687221493e-07 3379664.981148138 1142
30 2.334892121003694e-07 3.286564945130821e-07 3273079.831505058 1250
33 3.24960506211861e-07 3.948327583888533e-07 3292194.868012999 1458
36 4.049839955807091e-07 5.331981203592915e-07 3147613.233997116 1814
39 4.835062316543356e-07 6.890679630655199e-07 3010874.159514088 2178
42 5.66448574358404e-07 8.05642153011817e-07 2852241.801383935 2498
45 6.147773174430959e-07 9.720530048090282e-07 2914737.09183218 2622
48 7.72286362977001e-07 1.179746502052022e-06 2766829.274705322 3191
51 8.012943235995758e-07 1.083858837757888e-06 2655411.049189845 3044
54 6.681558683302202e-07 1.046373673402531e-06 2514187.74288197 2736
57 5.716539074566585e-07 9.191632688868641e-07 2484806.932717152 2276
60 5.455297709303537e-07 8.562544621418809e-07 2508870.09343667 2016
63 4.387120832477359e-07 7.028772075773435e-07 2387878.821798583 1640
66 2.826032948988328e-07 5.226817810799477e-07 2471971.388524723 1056
69 1.697026501011243e-07 3.08470425350219e-07 2172096.142867721 683
72 8.465502833481597e-08 1.678787971229165e-07 2130819.448898446 350
75 4.868850947289594e-08 9.605494446316365e-08 2136385.182176981 192
78 1.184677566146926e-08 2.102276656091245e-08 2050193.587411849 44
81 6.553308896849792e-09 1.541132357346435e-08 2272297.109625327 25


3 4.741324086172258e-10 4.411657115010523e-10 3811335.353166056 18
6 3.633538314388923e-09 5.542741658863144e-09 5407523.612832875 62
9 7.469322195177023e-09 1.217587785001685e-08 4866601.438980082 98
12 1.651350169698332e-08 2.700696034286827e-08 3772323.875201424 210
15 4.359759552385023e-08 5.265062971471087e-08 4068359.090211235 350
18 6.198742764337953e-08 7.887926819221704e-08 3848246.656786811 450
21 9.629703741193554e-08 1.122775430120406e-07 3668116.371820682 602
24 1.331692721895735e-07 1.779283348348744e-07 3754174.673030481 762
27 2.080437380705937e-07 2.661431710851323e-07 3401876.887837936 1142
30 2.328395273698967e-07 3.185168985320867e-07 3240116.024086383 1250
33 3.079531998613132e-07 4.138349680839859e-07 3308842.082163889 1458
36 3.955490880866917e-07 5.310012215198842e-07 3129514.283185412 1814
39 4.841135602215121e-07 6.942882570001924e-07 3047968.825049675 2178
42 5.483035831215042e-07 8.258651831070901e-07 2868702.346437629 2498
45 6.247326330923619e-07 9.43229522454612e-07 2909700.969132979 2622
48 7.607273505157854e-07 1.179111273760436e-06 2767843.622660683 3191
51 7.579361655097753e-07 1.122161912218425e-06 2653655.867691555 3044
54 6.611172192997302e-07 1.032231303404077e-06 2502306.804875408 2736
57 5.863633706025672e-07 8.86766994309584e-07 2483736.152990333 2276
60 5.332014064749011e-07 8.532045617811382e-07 2496798.801373268 2016
63 4.203808773756669e-07 7.286997117963208e-07 2408592.201089512 1640
66 2.919013708787811e-07 4.775261082684447e-07 2399623.557832081 1056
69 1.826095488960899e-07 2.89437714638766e-07 2181375.969084966 683
72 9.213597184478471e-08 1.58710552718159e-07 2153739.797588183 350
75 4.971731337076982e-08 8.772186988786764e-08 2060277.775407535 192
78 9.197260345778643e-09 2.345978867321319e-08 1997387.114950021 44
81 5.760553926710216e-09 1.449245129239233e-08 2099748.528558421 25


3 4.257293101582347e-10 4.965575177281656e-10 3826356.783519403 18
6 3.799745209310328e-09 4.909019618582258e-09 5216912.083898777 62
9 7.797623230187709e-09 1.080098636903544e-08 4682126.123327972 98
12 1.683898401965339e-08 2.699834162144436e-08 3832190.242139601 210
15 4.178632683557039e-08 5.208757757679798e-08 3992704.831164319 350
18 5.967310245680265e-08 8.482888094197121e-08 3954827.365227328 450
21 9.647955722189538e-08 1.163886366995071e-07 3766662.323336703 602
24 1.290571112229558e-07 1.704085062213687e-07 3644661.863175943 762
27 2.046804495855069e-07 2.667241697886052e-07 3405091.275456757 1142
30 2.319394428512539e-07 3.124527432378776e-07 3227067.015269186 1250
33 2.967239297944186e-07 4.218682156724422e-07 3309213.940707086 1458
36 3.868536218215831e-07 5.400961200143604e-07 3148157.757780678 1814
39 4.898237383997389e-07 6.811838257442549e-07 3058102.691411364 2178
42 5.35264812277176e-07 8.410402069806375e-07 2887886.886751113 2498
45 6.330558844370301e-07 9.084320337593529e-07 2891786.990971619 2622
48 7.62696293694708e-07 1.165875445759115e-06 2775374.41604351 3191
51 7.283284215739015e-07 1.147627467703988e-06 2657589.712730845 3044
54 6.645834126436892e-07 1.025594559163509e-06 2518803.25450708 2736
57 5.729881769556539e-07 8.862302021695535e-07 2475499.56333458 2276
60 5.098970758428827e-07 8.640433682396791e-07 2483530.142274654 2016
63 4.273045886113011e-07 7.054572611755527e-07 2400618.516509705 1640
66 2.882998740600894e-07 4.594347271570521e-07 2354239.711796536 1056
69 1.741258732068204e-07 3.113100800120866e-07 2240496.112136493 683
72 9.938047936418578e-08 1.551378653483849e-07 2218560.767152418 350
75 5.183542196485434e-08 9.063982673882245e-08 2153578.64898271 192
78 9.206143134956232e-09 1.904811406737028e-08 1767970.024892863 44
81 8.427090594854277e-09 9.960393149044588e-09 2040222.219548213 25


3 3.894861381920075e-10 5.490706912144707e-10 3885506.839088831 18
6 3.899163281166125e-09 4.645435973723966e-09 5181511.121911243 62
9 7.493319896191885e-09 9.388417971908156e-09 4306727.72928755 98
12 1.670774409231218e-08 2.846678166373234e-08 3967617.756952224 210
15 4.142809751057924e-08 5.197318077431402e-08 4002938.340558313 350
18 6.021780800956854e-08 8.311291534886593e-08 3960422.739266795 450
21 9.561929867689415e-08 1.15387043067704e-07 3763233.327370471 602
24 1.293391930296398e-07 1.647868832006015e-07 3615378.633008926 762
27 1.949274372560252e-07 2.619411928061843e-07 3320465.969664279 1142
30 2.318981181820009e-07 3.118717909475308e-07 3249234.708220117 1250
33 2.906345097866914e-07 4.204982369464602e-07 3297524.640793659 1458
36 3.786849968962582e-07 5.364115898122865e-07 3129866.514021182 1814
39 4.885912479093941e-07 6.632032013996329e-07 3036181.411685373 2178
42 5.43253583123363e-07 8.333941628124987e-07 2915796.377283065 2498
45 6.260821257790006e-07 9.093631103205641e-07 2901077.221736358 2622
48 7.741374738532303e-07 1.137432295036884e-06 2779758.977003625 3191
51 7.153508649615286e-07 1.176353736709399e-06 2693783.834569568 3044
54 6.69182433901092e-07 1.023278613634978e-06 2543756.885949515 2736
57 5.412079146994093e-07 9.067014499066199e-07 2462470.745270935 2276
60 5.037124552956986e-07 8.424210025415916e-07 2454861.720339502 2016
63 4.360303130785769e-07 6.873001292930991e-07 2407404.559803538 1640
66 2.725786088592403e-07 4.806854985224632e-07 2373088.886144352 1056
69 1.684981996387356e-07 3.135608557174764e-07 2236110.656800869 683
72 9.109300836591552e-08 1.550129987666299e-07 2147802.339840499 350
75 5.692995688655033e-08 9.046685731328171e-08 2262436.162442747 192
78 1.108791688286493e-08 1.160057442049472e-08 1511764.117395717 44
81 7.600959576868199e-09 1.226138675578797e-08 2164046.821673593 25


3 3.661579556350455e-10 6.347833367839197e-10 4134679.512672253 18
6 3.752518614751812e-09 4.365851155285147e-09 4967478.680136241 62
9 7.472257134968705e-09 9.492025848456013e-09 4358726.376066422 98
12 1.653529976157257e-08 3.011748133982138e-08 4118969.76952939 210
15 4.370046627701234e-08 5.128443557270498e-08 4117376.868747978 350
18 6.066525619063225e-08 8.030257885460421e-08 3935382.711522678 450
21 9.296044844128195e-08 1.161838888318174e-07 3752088.089410007 602
24 1.286487480116511e-07 1.617790571753073e-07 3600787.657330082 762
27 1.917320151239721e-07 2.609122646529212e-07 3314009.861158284 1142
30 2.280592257377424e-07 3.169262489485577e-07 3276673.524687637 1250
33 2.872258992977633e-07 4.154518627754629e-07 3285072.259660908 1458
36 3.691357939503043e-07 5.231950218167248e-07 3076727.400940591 1814
39 4.811748679134924e-07 6.580854674957038e-07 3025938.710350324 2178
42 5.531302801998453e-07 8.170460245225633e-07 2932693.500702291 2498
45 6.327134738254152e-07 8.778482310225209e-07 2885371.614711127 2622
48 7.841768964591311e-07 1.112122070678141e-06 2786128.172668254 3191
51 7.215537750591479e-07 1.161313714168893e-06 2707373.502008751 3044
54 6.594106462672583e-07 1.024695734979496e-06 2549303.82248721 2736
57 5.248046002374331e-07 9.255256299248475e-07 2479085.883231184 2276
60 5.115503792111995e-07 8.099831589486883e-07 2439109.693037165 2016
63 4.213870815040735e-07 7.057479932263907e-07 2425250.387796341 1640
66 2.8174803452182e-07 4.524356991102533e-07 2347943.116705305 1056
69 1.668806264364083e-07 2.97613789336403e-07 2179679.585988981 683
72 7.401303617546382e-08 1.760784762792487e-07 2149309.312744072 350
75 5.767757589039342e-08 9.820027526925913e-08 2399464.712031785 192
78 8.691569603981326e-09 1.485162208516836e-08 1519383.972336419 44
81 6.601524108216142e-09 1.472043292009967e-08 2284156.695836582 25


3 4.423859239128611e-10 6.759297552566549e-10 4689546.009394426 18
6 3.644123093007796e-09 4.056247762176801e-09 4757864.578550937 62
9 7.694054584360531e-09 1.029152192472795e-08 4646688.773132098 98
12 1.68501942531796e-08 3.045381922726486e-08 4217363.925584061 210
15 4.120106421492615e-08 4.974128442724219e-08 3966919.133412582 350
18 6.207819316335294e-08 8.097444832653361e-08 4029052.927713615 450
21 9.287889306602048e-08 1.159373954341341e-07 3776199.34832252 602
24 1.311699847074648e-07 1.558897107429417e-07 3597545.137320634 762
27 1.927809831819514e-07 2.52622143049149e-07 3294122.771504958 1142
30 2.283668079393004e-07 3.044763197595459e-07 3237217.496057705 1250
33 2.869201284647841e-07 4.121502545299923e-07 3296993.92848536 1458
36 3.672830646491181e-07 5.056136666609647e-07 3039569.134977049 1814
39 4.756708426841891e-07 6.447196147273575e-07 3001605.04389132 2178
42 5.497497406287615e-07 8.152901883358848e-07 2945745.968142446 2498
45 6.252516614668031e-07 8.559968027069789e-07 2854688.429886942 2622
48 7.699250279041593e-07 1.125650326588288e-06 2803055.012539973 3191
51 7.423954766036594e-07 1.120265879281132e-06 2711973.025920804 3044
54 6.383561553097251e-07 1.05353739208096e-06 2573673.433389495 2736
57 5.404119561010862e-07 8.816670733949706e-07 2464482.900165154 2276
60 5.199159189977505e-07 7.941628380079145e-07 2451722.849550331 2016
63 4.084403051656775e-07 7.015537442852344e-07 2405345.348850137 1640
66 2.719176315087986e-07 4.664798550685206e-07 2371082.830180604 1056
69 1.78593819851292e-07 2.721856317752452e-07 2157270.63591319 683
72 9.121079683603029e-08 1.434436562531246e-07 2094983.851644504 350
75 5.151397633018776e-08 1.07861298480464e-07 2438748.242236118 192
78 9.768522353613759e-09 1.981499057583541e-08 1902153.96754247 44
81 7.706102138960065e-09 1.435157442910063e-08 2417449.622419127 25


3 4.854109736263925e-10 6.827157711980671e-10 4958999.843646562 18
6 3.742097633867263e-09 4.008373519449524e-09 4833037.966143008 62
9 7.567530216401942e-09 1.021565827442419e-08 4630353.21354237 98
12 1.785401868309461e-08 2.94089377737939e-08 4269981.109391822 210
15 4.102165501454321e-08 4.891846601924145e-08 3956163.193652053 350
18 6.269961511418987e-08 8.04354055563456e-08 4067063.502343533 450
21 9.367296997141461e-08 1.117998856545265e-07 3752941.005871071 602
24 1.328539261896025e-07 1.55024896544821e-07 3638815.112390037 762
27 1.904322628038183e-07 2.517310607742608e-07 3295278.363595477 1142
30 2.295650453759857e-07 2.961639947514851e-07 3225110.155212781 1250
33 2.944880279070216e-07 3.954313405185703e-07 3292065.465008513 1458
36 3.630749820386713e-07 4.971191422031372e-07 3020789.569171361 1814
39 4.683739811361123e-07 6.343908260888574e-07 2978583.975947449 2178
42 5.554106600584352e-07 7.773424840452133e-07 2909226.254475156 2498
45 6.094631573890546e-07 8.633696471972288e-07 2856370.234339607 2622
48 7.556856875660454e-07 1.145178684803193e-06 2828908.441599921 3191
51 7.506219124364439e-07 1.091178827626196e-06 2709940.703354761 3044
54 6.454124010007442e-07 1.005878025605974e-06 2542247.613737116 2736
57 5.693151854223784e-07 8.380685204938664e-07 2475110.934205706 2276
60 5.157011093704428e-07 8.075400586825508e-07 2485889.580585595 2016
63 3.999834317188085e-07 6.938456140994043e-07 2389894.227812616 1640
66 2.681010432521236e-07 4.562150712134819e-07 2347614.964715656 1056
69 1.755204246231154e-07 2.835694795419898e-07 2206766.251114889 683
72 9.15410063950904e-08 1.384301921468821e-07 2075693.827801858 350
75 5.717718414031798e-08 9.384399129497276e-08 2371429.728796823 192
78 9.11762729123934e-09 1.985324521844151e-08 1870865.922677543 44
81 9.252583595066266e-09 1.243007148344996e-08 2455441.687184339 25


3 5.195967337253368e-10 6.085031315027674e-10 4865075.623472743 18
6 3.895684902085983e-09 4.090128046497666e-09 5021435.682594405 62
9 7.302930281945078e-09 9.75844918667706e-09 4480374.091909485 98
12 1.741072963353609e-08 2.765511101478309e-08 4112339.522939262 210
15 4.252665769483224e-08 4.892983096946634e-08 4060396.706658637 350
18 6.173302268064205e-08 7.948056824098882e-08 4043732.633700668 450
21 9.23896207441468e-08 1.124485580774663e-07 3767174.864847461 602
24 1.353939619339602e-07 1.510531804448236e-07 3655988.187049458 762
27 1.902143800684913e-07 2.500336135346133e-07 3308140.882411167 1142
30 2.286583921614008e-07 2.926866457705481e-07 3224757.465536214 1250
33 2.954941262526198e-07 3.89533680594898e-07 3297768.778188125 1458
36 3.520342162084361e-07 4.983150559505556e-07 3005540.441183192 1814
39 4.647403983674885e-07 6.374028518296448e-07 2998934.000445792 2178
42 5.546232363739404e-07 7.749404873238142e-07 2925944.070675649 2498
45 5.952520539230292e-07 8.678014861428252e-07 2856195.070033664 2622
48 7.518886044284304e-07 1.112595888638326e-06 2801155.828481359 3191
51 7.423742268706435e-07 1.093108339361693e-06 2720707.940830378 3044
54 6.470731079927967e-07 9.939333527046103e-07 2549333.750820482 2736
57 5.634788444958604e-07 8.068274759154739e-07 2433209.185440021 2276
60 5.08350288250531e-07 8.304779863581593e-07 2529736.379483371 2016
63 4.112017128986095e-07 6.576668492604879e-07 2366500.289230273 1640
66 2.779357746617642e-07 4.426746016094763e-07 2364758.415428023 1056
69 1.593544568480224e-07 3.112290759047465e-07 2254154.093910236 683
72 8.014910689184867e-08 1.534673311903554e-07 2093607.47462827 350
75 5.598720719859906e-08 9.768535005335977e-08 2422928.031472217 192
78 8.704588120266112e-09 1.908542102028644e-08 1810136.265681861 44
81 8.254918488579308e-09 1.258231120985386e-08 2356228.175296857 25


3 5.542213034911293e-10 5.076965307011463e-10 4662496.925574075 18
6 3.793807907575653e-09 4.417705353631721e-09 5180922.292418258 62
9 6.882255479066524e-09 9.370863416081205e-09 4297982.532482909 98
12 1.785490985870501e-08 2.619939682504098e-08 4064458.988028911 210
15 4.248737753492022e-08 4.922357924870378e-08 4101984.698046179 350
18 6.083347371337006e-08 7.692498117345694e-08 3978426.115178227 450
21 9.286352565263429e-08 1.180984707183843e-07 3902392.408477235 602
24 1.358764750356913e-07 1.441241962172266e-07 3609404.166416346 762
27 1.914473721452529e-07 2.518619558237587e-07 3356850.748426711 1142
30 2.249666883982816e-07 2.890607622206809e-07 3203555.217605764 1250
33 2.913983395709326e-07 3.888527061462673e-07 3298220.447980359 1458
36 3.536608122639657e-07 4.872818029673275e-07 2999226.012725052 1814
39 4.598777285147656e-07 6.429194208512297e-07 3021185.352961142 2178
42 5.518065985981778e-07 7.685561896096583e-07 2928685.191723457 2498
45 5.865834334875421e-07 8.781503621716155e-07 2877837.777605719 2622
48 7.520341283195836e-07 1.067743208985727e-06 2761189.1491557 3191
51 7.364053846727996e-07 1.081397973228989e-06 2715821.435308403 3044
54 6.590430887570429e-07 9.709285219814358e-07 2557758.221484481 2736
57 5.295103953485036e-07 8.298559373638554e-07 2420108.655113431 2276
60 5.012311102575475e-07 8.388987888636882e-07 2548401.427977432 2016
63 4.218410062490026e-07 6.367384034914672e-07 2370059.157255634 1640
66 2.801369073100807e-07 4.384789202494958e-07 2379030.485986336 1056
69 1.647650513698771e-07 2.977974155934787e-07 2243774.427093897 683
72 8.067320521245231e-08 1.463514211316465e-07 2057551.970644578 350
75 5.522463143719238e-08 9.150754852926636e-08 2339615.495804569 192
78 1.254316170531163e-08 1.238932632100266e-08 1729275.512840798 44
81 7.239158516512725e-09 1.321023654439291e-08 2300948.147302113 25


3 5.812767836765939e-10 5.02247328367645e-10 4809011.527071197 18
6 3.758396142736372e-09 4.303866629233189e-09 5130137.755605552 62
9 6.901620511952806e-09 8.438017628040329e-09 4105916.897673831 98
12 1.868616068167304e-08 2.650043044390476e-08 4205292.071965051 210
15 4.241405963400132e-08 4.949634110261783e-08 4141522.187186979 350
18 5.922566083130868e-08 7.472190870997563e-08 3898115.614293343 450
21 9.554107430000344e-08 1.134561261457446e-07 3907688.290921836 602
24 1.347157800831139e-07 1.422817286458301e-07 3599911.841645479 762
27 1.911767400675471e-07 2.527299842003279e-07 3385921.57912333 1142
30 2.190356504319177e-07 2.819994082921146e-07 3145945.798680799 1250
33 2.816611920999971e-07 3.922126915300525e-07 3285020.938634332 1458
36 3.501981669944201e-07 4.816655017512741e-07 2989177.663085432 1814
39 4.558011967473744e-07 6.56917254184497e-07 3066254.190414392 2178
42 5.433569547393474e-07 7.564204124701852e-07 2904561.158436592 2498
45 5.906218656719143e-07 8.729471341002644e-07 2898526.229673383 2622
48 7.472758678549488e-07 1.061826874249434e-06 2765238.662952662 3191
51 7.265067433183573e-07 1.084853584356722e-06 2723587.412188825 3044
54 6.62274750285125e-07 9.462167967194452e-07 2547107.500380799 2736
57 5.147558663883021e-07 8.536264110491151e-07 2445897.986967823 2276
60 5.06865784349772e-07 8.00830146569325e-07 2513129.226943939 2016
63 4.201773781363642e-07 6.40727749453714e-07 2391217.844768485 1640
66 2.693210572264923e-07 4.615846969044101e-07 2423593.956935221 1056
69 1.809479895393317e-07 2.670251771474177e-07 2217245.854687567 683
72 8.308398857884686e-08 1.382036531237975e-07 2031356.413365037 350
75 5.236744742338583e-08 9.322110050189089e-08 2326811.427233336 192
78 1.065504080789649e-08 1.774762416235327e-08 1912080.324254934 44
81 5.35022486270068e-09 1.604432431442471e-08 2346524.713705894 25


3 5.848937504980995e-10 5.814780957066215e-10 5188225.017103618 18
6 3.682257938836131e-09 4.356457052225509e-09 5147363.640112137 62
9 6.861692838418228e-09 8.681469430039641e-09 4185081.947881359 98
12 1.958914297926233e-08 2.597949767632308e-08 4284429.839754675 210
15 4.118415418827023e-08 4.712966750936276e-08 4014316.882841726 350
18 5.883901866587945e-08 7.505229437805779e-08 3923743.230045968 450
21 9.114207295659672e-08 1.11043120011648e-07 3804727.104523734 602
24 1.336529257560366e-07 1.464450633845771e-07 3663090.164475814 762
27 1.932543463183703e-07 2.405983002222098e-07 3343885.735899692 1142
30 2.156475842662522e-07 2.945394059197879e-07 3217631.958235105 1250
33 2.839465949097762e-07 3.831742687685431e-07 3281063.944910159 1458
36 3.504878595542567e-07 4.818997859084968e-07 3012939.461880035 1814
39 4.548559522599616e-07 6.436435440194693e-07 3051809.465034735 2178
42 5.33354689312887e-07 7.395316311011729e-07 2865825.516755269 2498
45 5.884339745909228e-07 8.604902567872104e-07 2891658.627005845 2622
48 7.409260386688519e-07 1.052900338510318e-06 2761773.026555676 3191
51 7.285985161025848e-07 1.069786733036985e-06 2726025.442197937 3044
54 6.471902421918938e-07 9.518755403850472e-07 2546114.956857502 2736
57 5.23052367838054e-07 8.266212288692444e-07 2436143.054773482 2276
60 5.022162247597469e-07 7.926509643879446e-07 2506030.922524296 2016
63 3.920839676422878e-07 6.61381683076167e-07 2375907.274269672 1640
66 2.699707536521145e-07 4.434888830268232e-07 2388534.934171037 1056
69 1.794444429868195e-07 2.775168479997789e-07 2270767.312273751 683
72 8.607810564795725e-08 1.342282647596164e-07 2045572.802913246 350
75 5.091318928053609e-08 9.125124859738085e-08 2286402.265258098 192
78 8.997473950884212e-09 2.327130064227591e-08 2121854.261941642 44
81 7.04072053182036e-09 1.127486655022343e-08 2110740.084103161 25


3 4.996072375466176e-10 5.137572342383733e-10 4537519.939565387 18
6 3.591953577282784e-09 4.645818785439243e-09 5292074.728029957 62
9 6.926573718304049e-09 8.400533166816394e-09 4167180.0847486 98
12 1.907066499716767e-08 2.657796165770252e-08 4312682.81629859 210
15 4.125316432061994e-08 4.66352557583386e-08 4028866.824559011 350
18 6.003538002905106e-08 7.896491475835417e-08 4097559.555640922 450
21 8.790045779833933e-08 1.101824867476299e-07 3750536.203062847 602
24 1.276654921336294e-07 1.471458049427477e-07 3612852.942229119 762
27 1.91861294311296e-07 2.303933085674236e-07 3285699.370977414 1142
30 2.143494976354669e-07 2.957953592819738e-07 3239158.853655991 1250
33 2.898187955535779e-07 3.794403619785336e-07 3321495.46849691 1458
36 3.423929720067573e-07 4.829813216921887e-07 3005151.505397309 1814
39 4.487001345738931e-07 6.33875253531251e-07 3029717.322108621 2178
42 5.272419859826819e-07 7.285520000702018e-07 2848701.969782389 2498
45 6.00442765792487e-07 8.672170647172812e-07 2952390.619930927 2622
48 7.150459402369111e-07 1.059323763230865e-06 2744856.154772526 3191
51 6.993554614358596e-07 1.107296319303039e-06 2745583.672363151 3044
54 6.300213470832349e-07 9.844579168736e-07 2579429.196296192 2736
57 5.266161799731955e-07 8.085917491682654e-07 2431543.436371128 2276
60 4.750663181355208e-07 7.912252155859093e-07 2459449.123189334 2016
63 3.948832086834701e-07 6.588762051501039e-07 2394886.476084028 1640
66 2.630016869454691e-07 4.404834834882937e-07 2368532.932556434 1056
69 1.650305580608098e-07 3.101482980379888e-07 2346161.866957639 683
72 7.731645280620235e-08 1.552958875009053e-07 2136445.275630769 350
75 5.161366944189126e-08 8.758082865258222e-08 2263306.215830062 192
78 9.916599752762668e-09 2.305089916553303e-08 2197277.981415367 44
81 8.125291728244026e-09 7.975010084328413e-09 1943052.967933379 25


3 4.905253538529397e-10 5.11902950684649e-10 4520931.617159897 18
6 3.674526207850393e-09 3.824832469336521e-09 4909289.802008959 62
9 7.575275528912333e-09 7.543438378592031e-09 4184587.168396244 98
12 1.855721063132827e-08 2.793450576779002e-08 4407347.212005233 210
15 4.158280195565681e-08 4.666684374048118e-08 4078108.142447467 350
18 6.137417602865791e-08 7.524818152838889e-08 4073030.332976899 450
21 8.535238406849381e-08 1.094615773482994e-07 3712119.238794595 602
24 1.185905909440529e-07 1.579346754938193e-07 3634646.586093687 762
27 1.921788614335815e-07 2.15398547118198e-07 3207998.160893817 1142
30 2.138461328256714e-07 3.005339717397548e-07 3287221.860199459 1250
33 2.912175048327211e-07 3.753276218461685e-07 3335955.020452752 1458
36 3.32592421465738e-07 4.751516027472341e-07 2960817.980535073 1814
39 4.447569331310622e-07 6.241134629956482e-07 3014931.842807384 2178
42 5.159097435696992e-07 7.355548443869704e-07 2854817.195392528 2498
45 6.149710705726818e-07 8.503625393820879e-07 2977504.938768918 2622
48 6.939886417065152e-07 1.052026161236829e-06 2717239.137681048 3191
51 6.954187471889636e-07 1.108395505509532e-06 2760374.825144167 3044
54 6.142192333226331e-07 1.001421506393806e-06 2593337.45286079 2736
57 5.256833810198651e-07 8.038854987197647e-07 2439888.93665594 2276
60 4.656158500860272e-07 7.668856856405001e-07 2413183.681293882 2016
63 4.005892033083428e-07 6.463206850803062e-07 2402273.390593221 1640
66 2.587360399748433e-07 4.4394096549013e-07 2379239.75807344 1056
69 1.685635777374931e-07 3.067231826523902e-07 2369131.578378752 683
72 8.127735208144717e-08 1.43112856245402e-07 2095584.146413248 350
75 5.341996584725393e-08 8.594264964220377e-08 2291813.522451069 192
78 1.463584964154091e-08 1.387478512477347e-08 2050930.102964628 44
81 5.964364153615596e-09 1.143942987490321e-08 2006100.96163597 25


3 5.550898942982029e-10 5.764143279442704e-10 5142786.17808634 18
6 3.523105900433589e-09 3.060754545194104e-09 4382417.372707598 62
9 7.757634961985582e-09 8.661906612563906e-09 4551209.686501125 98
12 1.786023279431566e-08 2.835670453435901e-08 4403176.081915134 210
15 4.108968960138171e-08 4.65710794183952e-08 4079167.452266332 350
18 6.288473107956731e-08 7.571957950456927e-08 4167391.112313129 450
21 8.520268270300169e-08 1.082187701874515e-07 3715522.997361378 602
24 1.14367511475394e-07 1.581188210351416e-07 3601691.55729781 762
27 1.942640002760641e-07 2.111320908602157e-07 3220166.787940942 1142
30 2.205809218684826e-07 2.949000622007967e-07 3328617.620699563 1250
33 2.814709178796096e-07 3.707639459805247e-07 3285067.392788407 1458
36 3.315811675694248e-07 4.751309309284242e-07 2979185.149380066 1814
39 4.417554770416844e-07 6.174237889635995e-07 3011094.250385202 2178
42 5.078832754933369e-07 7.29206147496873e-07 2842477.758722943 2498
45 5.962177127656434e-07 8.67541031134667e-07 2987784.063679393 2622
48 6.939501156132906e-07 1.034962378402888e-06 2714026.184573969 3191
51 7.041177453474425e-07 1.071390767602537e-06 2745947.896357256 3044
54 6.137853843408153e-07 9.946188440933159e-07 2602670.115361528 2736
57 5.21609288166922e-07 8.149129442461013e-07 2467983.261193985 2276
60 4.700971997604388e-07 7.673788314310727e-07 2443079.148748249 2016
63 3.921824815230522e-07 6.362068199949786e-07 2377037.044027811 1640
66 2.595304337390228e-07 4.316882419503228e-07 2363584.351069482 1056
69 1.763205387443458e-07 2.954579523256685e-07 2383651.336509246 683
72 8.864395557122902e-08 1.437488843716024e-07 2200110.000797464 350
75 4.972494401029678e-08 9.004670743200099e-08 2295898.786181829 192
78 1.201947035071735e-08 1.653696779905892e-08 2008837.715532906 44
81 5.007147974043923e-09 1.285770853119017e-08 2031941.698110222 25


3 5.714745884481321e-10 7.029598913742986e-10 5785606.938221538 18
6 3.42514436937432e-09 3.093965058402065e-09 4359906.996277476 62
9 7.072955154454198e-09 8.605176422125692e-09 4359058.066246776 98
12 1.71414943687196e-08 2.814658115909338e-08 4343230.68889616 210
15 3.976541287540652e-08 4.429049402020121e-08 3943503.100202631 350
18 6.500218885779554e-08 7.373580485894921e-08 4215240.213974844 450
21 8.841844691506762e-08 1.074420225454018e-07 3799589.639420351 602
24 1.125594292997057e-07 1.529876345392734e-07 3540557.811449198 762
27 1.936248982859118e-07 2.156357316541464e-07 3270019.461956064 1142
30 2.228461267270999e-07 2.849546671162327e-07 3312089.150978568 1250
33 2.836604579203183e-07 3.510986569610737e-07 3232385.024204376 1458
36 3.421270568302579e-07 4.555671625054685e-07 2980974.079729164 1814
39 4.381909515485668e-07 6.223298101817953e-07 3035791.10557589 2178
42 5.091459574626125e-07 6.994394272403067e-07 2805799.131293502 2498
45 5.905726789488825e-07 8.444246702902919e-07 2955175.907162922 2622
48 7.1532644316239e-07 1.012998524242818e-06 2742919.10356311 3191
51 7.131931603603878e-07 1.00888003781872e-06 2696255.165630098 3044
54 6.137939420352493e-07 9.72247332355293e-07 2590917.837154309 2736
57 5.116976656964217e-07 8.208611871732594e-07 2476304.237962003 2276
60 4.810410686751976e-07 7.722808183216886e-07 2497048.802454941 2016
63 3.83358250457839e-07 6.199201384692412e-07 2338202.655326738 1640
66 2.614497487159777e-07 4.282506353330385e-07 2379967.732862677 1056
69 1.806504759904597e-07 2.961771766615612e-07 2432285.584888534 683
72 8.639890588997907e-08 1.554050841698383e-07 2290895.347847462 350
75 5.158236509927221e-08 9.039723695994161e-08 2357028.641184364 192
78 8.156716561226293e-09 2.410025135793199e-08 2166738.683233014 44
81 5.755529425975491e-09 8.363842610099856e-09 1689194.952276174 25


3 5.515531635639698e-10 7.234374919841971e-10 5814977.497492468 18
6 3.602763535085433e-09 3.524056966731862e-09 4780080.42084446 62
9 6.422554405189787e-09 7.701884653382714e-09 3959213.015580608 98
12 1.684466726378317e-08 2.685664655909493e-08 4232585.89813388 210
15 4.015523405214062e-08 4.649822311033618e-08 4087346.974696757 350
18 6.396711936133366e-08 7.460951083440529e-08 4235360.65169546 450
21 8.769053057531119e-08 1.094380286479488e-07 3847908.511153142 602
24 1.113929941667736e-07 1.533448873937205e-07 3555417.548349454 762
27 1.892929512065967e-07 2.193045290438048e-07 3281804.580241811 1142
30 2.244425101506113e-07 2.802668356671481e-07 3321009.890337611 1250
33 2.766904978089381e-07 3.586364978847323e-07 3252017.932204153 1458
36 3.398165899582644e-07 4.456290037067367e-07 2960259.411934286 1814
39 4.44709489593699e-07 6.088321236167183e-07 3045641.152735704 2178
42 4.984665289402917e-07 6.962581164171299e-07 2792854.166352684 2498
45 5.850243740835362e-07 8.371502593000392e-07 2951944.953237679 2622
48 7.102648690118548e-07 1.026340796744586e-06 2774704.938181227 3191
51 7.061759189937573e-07 1.005033360305761e-06 2699386.964126149 3044
54 6.197583799695579e-07 9.251934474569511e-07 2553291.167951867 2736
57 5.111372933751265e-07 8.087240285044255e-07 2474966.491225349 2276
60 4.936106953558455e-07 7.414892388144168e-07 2491053.094570898 2016
63 3.847425292504719e-07 6.047204831013353e-07 2329107.353165451 1640
66 2.577416057250652e-07 4.251876967634889e-07 2374933.759797434 1056
69 1.770262770767428e-07 3.018771296241487e-07 2456645.513083954 683
72 8.795115986224445e-08 1.467555553474728e-07 2253753.292643571 350
75 4.99709791599518e-08 8.694140198565473e-08 2292989.104958648 192
78 1.017838052736769e-08 2.572654492764918e-08 2459903.349777702 44
81 4.839013308835897e-09 8.923636843173148e-09 1630921.250750003 25


3 4.926519468922512e-10 6.490800069018368e-10 5246447.371895475 18
6 3.560597545561829e-09 3.945761139120998e-09 5042358.41873863 62
9 5.782197739005136e-09 7.904535596503069e-09 3843945.993434355 98
12 1.733372583655957e-08 2.669827014260813e-08 4306565.592570178 210
15 4.07476007209309e-08 4.602411072531384e-08 4127570.757872802 350
18 6.308962988127777e-08 7.162033876946504e-08 4152531.854180538 450
21 8.685957925198291e-08 1.068042473083828e-07 3811577.976175005 602
24 1.079873565581408e-07 1.502178643178051e-07 3493512.437632853 762
27 1.919810280703869e-07 2.179081543269731e-07 3319449.316122862 1142
30 2.248460927109339e-07 2.781693139053542e-07 3336329.112684947 1250
33 2.710375706796293e-07 3.468974054947186e-07 3189196.606136105 1458
36 3.38736304006428e-07 4.443906648541917e-07 2974207.903741511 1814
39 4.504091955032084e-07 5.910324482124214e-07 3040551.51589299 2178
42 4.886190280504451e-07 7.084234859171358e-07 2815069.222927101 2498
45 5.837067155828878e-07 8.284894799387634e-07 2955739.712130162 2622
48 7.040638708587372e-07 1.029889588289007e-06 2790706.265163133 3191
51 6.950044901464524e-07 9.87893440328587e-07 2675789.507706224 3044
54 6.137123820013398e-07 9.28870476417847e-07 2567851.331541182 2736
57 5.093291716035359e-07 8.040044341890459e-07 2483175.795186833 2276
60 4.850585670407093e-07 7.284901436468109e-07 2467107.808254533 2016
63 3.726590392919108e-07 6.067295831073142e-07 2319184.15437026 1640
66 2.573610500889231e-07 4.310907541914591e-07 2411657.301606786 1056
69 1.750369322394852e-07 2.92866320126485e-07 2423015.076011122 683
72 8.59209517899744e-08 1.460322636056833e-07 2242875.401428523 350
75 5.014124276517682e-08 8.656275621255757e-08 2309726.174030879 192
78 1.650022822482923e-08 1.750475661460366e-08 2492854.954312602 44
81 5.579365222874926e-09 6.498406605976558e-09 1490828.629186392 25


3 3.523189849005939e-10 6.750376185540079e-10 4687959.375964155 18
6 3.397220936948057e-09 4.361263555808638e-09 5219068.735363496 62
9 5.821317825933166e-09 8.41864160020647e-09 4021183.580939195 98
12 1.662815323737261e-08 2.713381389869594e-08 4303987.949212753 210
15 3.984201372848422e-08 4.676834417831437e-08 4143613.630464478 350
18 6.330200420175079e-08 7.17523659586918e-08 4194025.744007778 450
21 8.650132527047933e-08 1.026462469883119e-07 3756248.279593214 602
24 1.047663751139634e-07 1.492301405254677e-07 3459641.507424663 762
27 1.887834621593674e-07 2.196052258164064e-07 3327928.343644845 1142
30 2.251009885445134e-07 2.671642431682725e-07 3295614.667126272 1250
33 2.682583823581231e-07 3.495715917766572e-07 3210100.376241256 1458
36 3.463201927267667e-07 4.417466923260877e-07 3019607.171068438 1814
39 4.451695425458328e-07 5.845982918726438e-07 3029102.463185931 2178
42 4.760436806409191e-07 7.17410821379473e-07 2823157.639742899 2498
45 5.966996308362113e-07 7.979053036079059e-07 2950093.53658201 2622
48 6.988406033115695e-07 1.036642924895318e-06 2812842.142430321 3191
51 6.53297050492745e-07 1.003183961134714e-06 2643375.036012972 3044
54 6.107827739253586e-07 9.111217696819986e-07 2555089.9892058 2736
57 5.071804669671819e-07 8.104509836059447e-07 2509181.004036548 2276
60 4.72116425222867e-07 7.325299615458141e-07 2463428.688235357 2016
63 3.670492105345867e-07 6.087084899617449e-07 2326394.713576048 1640
66 2.62831096710232e-07 4.123379028315563e-07 2393053.098515934 1056
69 1.755164701710348e-07 2.815488896878014e-07 2391670.376101919 683
72 8.268511488830469e-08 1.610047285749633e-07 2355353.509039148 350
75 5.021425025927472e-08 8.449007142456942e-08 2297788.190611365 192
78 1.636738387103015e-08 1.75345939384567e-08 2500419.337211779 44
81 4.810570851727944e-09 8.667458108750462e-09 1625692.935449935 25


3 3.006879111833112e-10 7.105307894587442e-10 4612848.262383698 18
6 3.428690279996171e-09 4.064426432441177e-09 5094624.115137329 62
9 6.143615589784606e-09 8.215542349961931e-09 4097563.832171467 98
12 1.578840867019563e-08 2.706973803064249e-08 4237733.787953648 210
15 4.031844423607883e-08 4.474086615496678e-08 4109324.551615136 350
18 6.26234529143605e-08 7.448072507106389e-08 4280538.496962101 450
21 8.594581461214407e-08 1.051464138894985e-07 3818004.468377753 602
24 1.040320847744059e-07 1.467564673015364e-07 3442619.697075786 762
27 1.814637082388275e-07 2.298605373004367e-07 3364050.712259139 1142
30 2.237246249286717e-07 2.626779416643264e-07 3282025.681761744 1250
33 2.677108430152619e-07 3.441691393909557e-07 3204666.948283451 1458
36 3.418107544726993e-07 4.317317048536716e-07 2987218.390070614 1814
39 4.410062512990035e-07 5.823776807788905e-07 3031776.270547483 2178
42 4.778536778854464e-07 7.134225265933895e-07 2840103.497920854 2498
45 5.970987335168573e-07 7.837912631531715e-07 2945338.674241613 2622
48 7.105895979954747e-07 1.001849524145495e-06 2803214.483046527 3191
51 6.340632412854226e-07 1.01501740358568e-06 2645375.55956817 3044
54 6.072132615712781e-07 9.020349864945062e-07 2553114.725150957 2736
57 5.14042168371684e-07 7.771267867682166e-07 2484445.156091345 2276
60 4.603431618961063e-07 7.477518399039387e-07 2482352.772809007 2016
63 3.856479074046e-07 5.736657450329308e-07 2318551.47573114 1640
66 2.621841850545358e-07 3.821725084226191e-07 2310765.622264043 1056
69 1.727610714740123e-07 2.904318997976215e-07 2434632.145750797 683
72 9.166782719370477e-08 1.477938956309599e-07 2359000.855028938 350
75 5.14135505500559e-08 7.62484538342432e-08 2211786.734758789 192
78 1.074793419431235e-08 2.790991210006858e-08 2710634.01079141 44
81 4.480906267154852e-09 1.114449077951216e-08 1860063.059226517 25


3 3.148481763134339e-10 7.750496663872367e-10 4995174.502416834 18
6 3.406508512871436e-09 4.127685500773609e-09 5155458.180505246 62
9 6.251691939103454e-09 8.359248371027114e-09 4199186.426194942 98
12 1.543294833434836e-08 2.581361061951986e-08 4110049.776181542 210
15 4.165244012104729e-08 4.430392145510499e-08 4191474.691069828 350
18 6.032757624562956e-08 7.341766422744293e-08 4202241.88106384 450
21 8.513674351303565e-08 1.058252687196035e-07 3840692.157433057 602
24 1.06176957368683e-07 1.490632804177079e-07 3529402.534010909 762
27 1.783464080261512e-07 2.387678305640482e-07 3427619.499016401 1142
30 2.195979696635701e-07 2.63399604195043e-07 3279913.12987751 1250
33 2.634417870791864e-07 3.394604212376537e-07 3180231.457148298 1458
36 3.339136419986004e-07 4.273085083253288e-07 2959208.433497047 1814
39 4.391506244560616e-07 5.796182338226013e-07 3040006.512031752 2178
42 4.909068560471357e-07 7.12114716995288e-07 2892524.738556528 2498
45 5.800308341734969e-07 7.933489677869772e-07 2944319.821254922 2622
48 7.07226229312594e-07 9.706712347908439e-07 2770186.098563675 3191
51 6.497818435436616e-07 9.809533587632212e-07 2642442.83824171 3044
54 5.982031587997622e-07 8.987829022890179e-07 2548726.733892093 2736
57 5.221703959493987e-07 7.652419313078571e-07 2499158.082310427 2276
60 4.544221309822889e-07 7.307267576890945e-07 2453663.38372363 2016
63 3.821223668010584e-07 5.886241507312684e-07 2357958.290293356 1640
66 2.351513537791937e-07 4.148428834435116e-07 2320579.466647 1056
69 1.70902208330301e-07 2.832948717884852e-07 2406168.748253401 683
72 9.821162262826775e-08 1.38949930824468e-07 2372717.037243918 350
75 4.610783366863069e-08 8.856291235160628e-08 2310268.355133164 192
78 1.104336226098024e-08 2.636430394328379e-08 2654040.282603793 44
81 5.404313924507416e-09 9.630229981923025e-09 1841193.152493963 25


3 3.4996047049637e-10 7.115093123469786e-10 4928273.671335349 18
6 3.427964302720572e-09 3.2875151065065e-09 4678484.866862115 62
9 6.342412647167136e-09 8.105297258033717e-09 4189901.899516111 98
12 1.649754338794965e-08 2.628388721122095e-08 4299563.717849023 210
15 4.039869315607266e-08 4.272863949448218e-08 4085698.489548379 350
18 5.890276054164977e-08 7.102868124870477e-08 4113964.267009401 450
21 8.379955508660618e-08 1.044929205800846e-07 3813870.005041444 602
24 1.107989200879825e-07 1.447999771917013e-07 3571001.767126254 762
27 1.785712446824949e-07 2.4291698466979e-07 3485382.024737 1142
30 2.107268932011313e-07 2.691989344035051e-07 3272866.043943403 1250
33 2.546664347191125e-07 3.439541771141452e-07 3172845.378551726 1458
36 3.320007423057708e-07 4.419074431255934e-07 3024178.916288543 1814
39 4.246827934686498e-07 5.748271379237844e-07 2999885.751746076 2178
42 5.142430807854477e-07 6.712751430768382e-07 2886194.593384727 2498
45 5.744467749711484e-07 7.990539583022177e-07 2962718.93767135 2622
48 6.88515595913753e-07 9.81556067106975e-07 2770982.404539255 3191
51 6.58163574032272e-07 9.096149633050701e-07 2570588.954620868 3044
54 5.818959514461588e-07 9.133246353844295e-07 2556827.833409066 2736
57 5.306527318882152e-07 7.510117917692331e-07 2510439.530182557 2276
60 4.583341817149091e-07 7.185420973883937e-07 2456721.146277044 2016
63 3.800223338530841e-07 5.950465772910551e-07 2382335.18165921 1640
66 2.285282108742186e-07 4.296680599193066e-07 2356125.862774233 1056
69 1.69603654372657e-07 2.719166676729767e-07 2359909.569695301 683
72 9.121941533989929e-08 1.519125895129574e-07 2423037.670549791 350
75 4.974264337222456e-08 8.25173810576825e-08 2306444.460392664 192
78 1.400033964106122e-08 1.668717787260646e-08 2298527.491122734 44
81 5.280440579778934e-09 8.646377613102544e-09 1727400.211376989 25


3 2.801924905938702e-10 6.738836943590579e-10 4423786.932663432 18
6 3.554025932291962e-09 3.337677676093795e-09 4844130.106847785 62
9 6.028419998326077e-09 7.944905261464028e-09 4075206.948067208 98
12 1.667452560657147e-08 2.540711224092145e-08 4265981.608392289 210
15 4.025423632738335e-08 4.456549981413973e-08 4191469.15860193 350
18 5.784370582172481e-08 6.940809811803291e-08 4059639.355612163 450
21 8.110840340083147e-08 1.036460069422626e-07 3764709.011673134 602
24 1.141383751115012e-07 1.395353516568015e-07 3581341.822268627 762
27 1.733974968335998e-07 2.465696602677106e-07 3489414.751034622 1142
30 2.06301738249322e-07 2.711191522774509e-07 3274440.616059034 1250
33 2.47384337940925e-07 3.424094925167318e-07 3144184.863906096 1458
36 3.295943284446054e-07 4.438993709522521e-07 3042160.9618139 1814
39 4.106088020855483e-07 5.806417948431118e-07 2989090.263071845 2178
42 5.217755776374588e-07 6.621595897008431e-07 2907600.108632885 2498
45 5.472029357248876e-07 8.047428849143907e-07 2927577.249702806 2622
48 6.99206478995992e-07 9.795502883561617e-07 2807718.246556492 3191
51 6.533108322253362e-07 8.917759046477734e-07 2553186.709020565 3044
54 5.877792558383236e-07 8.886335069443374e-07 2547579.640036415 2736
57 5.005068682787575e-07 7.720921928468808e-07 2496967.001145875 2276
60 4.55028745660339e-07 7.230521948679619e-07 2473988.400821631 2016
63 3.710308637119954e-07 6.161344446181176e-07 2419357.78372714 1640
66 2.428763858023156e-07 4.100694236913325e-07 2368890.17660884 1056
69 1.693210303800434e-07 2.576493682035419e-07 2305805.93708702 683
72 8.268286611766827e-08 1.598234578546269e-07 2408805.092396039 350
75 5.130434435258471e-08 8.586654564514246e-08 2406753.303171302 192
78 1.4558228681272e-08 1.772303611699244e-08 2431809.801547079 44
81 4.793879862258689e-09 7.824938260097811e-09 1576250.215677117 25


3 2.135369446481251e-10 6.1834644864428e-10 3852163.567583895 18
6 3.616538954959761e-09 3.026171035553906e-09 4731675.118493132 62
9 5.658916303891874e-09 8.00663641787013e-09 4000194.322885595 98
12 1.699751047256201e-08 2.699487639910424e-08 4481514.143226785 210
15 3.990260439855403e-08 4.475339230002032e-08 4211741.96098635 350
18 5.884668655455858e-08 6.865583889318589e-08 4103219.291278328 450
21 7.859412371195338e-08 1.045355268439833e-07 3750948.043251825 602
24 1.13805419829731e-07 1.413697697572158e-07 3625784.186427543 762
27 1.702310015535283e-07 2.414489666559865e-07 3445238.844403169 1142
30 1.949147961103319e-07 2.847861720282535e-07 3295153.928389851 1250
33 2.42990725025303e-07 3.308647323422598e-07 3083709.765296751 1458
36 3.18118178660436e-07 4.436606649926314e-07 3011790.931218036 1814
39 4.062956483361095e-07 5.949064703129788e-07 3034685.382874602 2178
42 5.261678529435654e-07 6.658880498497254e-07 2949244.648160901 2498
45 5.309694365620486e-07 8.131500073519814e-07 2924416.949691935 2622
48 6.948153268502634e-07 9.965497192106424e-07 2845014.67887044 3191
51 6.374798550966541e-07 9.04836016284729e-07 2560794.706311813 3044
54 5.816618118845065e-07 8.492270854553319e-07 2491751.755353758 2736
57 4.708162196528464e-07 7.889085531783051e-07 2476331.608311567 2276
60 4.686642026370066e-07 7.028186641440777e-07 2486554.975268704 2016
63 3.801250648056768e-07 5.929719064755856e-07 2411294.54011201 1640
66 2.629266154026523e-07 3.769382406456443e-07 2363344.623328659 1056
69 1.586177511828359e-07 2.680748079809035e-07 2303961.359536697 683
72 8.384960109654714e-08 1.531271554307397e-07 2379228.201393958 350
75 5.121584161014408e-08 8.822598686204624e-08 2458637.888802205 192
78 1.049783525054014e-08 2.364020063549362e-08 2476507.346799293 44
81 4.952604421313652e-09 4.458354823883781e-09 1239332.113334208 25


3 2.382119832819708e-10 6.277205353121126e-10 4054993.95823574 18
6 3.616386681506424e-09 2.769359409676567e-09 4601127.15194487 62
9 5.925655208352052e-09 6.944877872151351e-09 3830514.084650181 98
12 1.673457166503783e-08 2.73764941654534e-08 4519791.098871958 210
15 4.069918103097809e-08 4.649662147101737e-08 4365484.499103788 350
18 5.779723501314265e-08 6.787292448346231e-08 4072250.71793635 450
21 7.696453765521769e-08 1.003326721213946e-07 3661633.989932921 602
24 1.138956213908723e-07 1.377136753152625e-07 3606068.661500222 762
27 1.736322784465573e-07 2.39141525766791e-07 3484884.278400377 1142
30 1.867483045121084e-07 2.779274550185431e-07 3212133.158288623 1250
33 2.378373896363079e-07 3.339137823102665e-07 3089632.441555661 1458
36 3.142833300095338e-07 4.33621586362439e-07 2980178.792510414 1814
39 4.146275397213991e-07 5.833057158558513e-07 3053616.482539839 2178
42 5.208104531835739e-07 6.630014961456411e-07 2949007.022602113 2498
45 5.35986589088228e-07 7.841519584318131e-07 2900781.147918888 2622
48 6.871700152256443e-07 1.022074574748051e-06 2889795.992557134 3191
51 6.086088142223423e-07 9.378997121445364e-07 2573699.772358119 3044
54 5.732298583838606e-07 8.613694446739987e-07 2511903.842831296 2736
57 4.595812278058404e-07 7.963604633762659e-07 2481850.608674787 2276
60 4.516577101039767e-07 7.042907484294823e-07 2465195.466611525 2016
63 3.738781643456678e-07 6.054508013946603e-07 2438399.601690656 1640
66 2.576840365547533e-07 3.742043805584466e-07 2348642.258629688 1056
69 1.504334471362076e-07 2.725128631174753e-07 2289688.409850834 683
72 9.208006128088363e-08 1.424801621231948e-07 2399741.867402595 350
75 4.903566175907562e-08 8.321960607775807e-08 2351421.53874944 192
78 9.513571885534296e-09 2.234975371173399e-08 2322288.759919029 44
81 2.215600706814806e-09 7.773606316106349e-09 1201382.591804749 25


3 2.294411719054816e-10 5.300132360224286e-10 3605803.703813516 18
6 3.350468967500561e-09 2.742150096480861e-09 4404023.728003981 62
9 6.075125676324154e-09 6.63399928268101e-09 3822292.558231721 98
12 1.651947788348538e-08 2.652606285008101e-08 4448943.322859779 210
15 3.933694175029721e-08 4.378592062642244e-08 4196493.814075961 350
18 5.827400145925209e-08 6.858426116383063e-08 4139735.232623516 450
21 7.73994803998565e-08 1.031264314518856e-07 3751690.660746154 602
24 1.130397946584246e-07 1.326161491053141e-07 3551399.941088261 762
27 1.777925698389972e-07 2.262408239166694e-07 3450147.910947373 1142
30 1.832959833349581e-07 2.714939993337823e-07 3168385.749478931 1250
33 2.415000472969339e-07 3.301868875122831e-07 3116674.044677963 1458
36 3.120608176054881e-07 4.349025612090372e-07 2996929.03192875 1814
39 4.255156259732355e-07 5.58143090093818e-07 3043786.673924459 2178
42 4.917398838810268e-07 6.794065379629922e-07 2925331.865790974 2498
45 5.416827802445077e-07 7.819836680476882e-07 2932522.326305209 2622
48 6.669516552747992e-07 1.032417923252392e-06 2888224.223631651 3191
51 6.132648039978232e-07 9.180425150741764e-07 2572093.289548594 3044
54 5.818273828988337e-07 8.641079289561643e-07 2552590.438200716 2736
57 4.772142247154375e-07 7.626141715863323e-07 2481124.442697761 2276
60 4.486579856043831e-07 6.904575452811506e-07 2449728.68805338 2016
63 3.656822462607371e-07 5.833321640918952e-07 2383229.840142529 1640
66 2.428741042803795e-07 4.019227900301302e-07 2393856.205424429 1056
69 1.474201837995603e-07 2.650937991384715e-07 2251794.485372697 683
72 9.008119481470478e-08 1.482843267062426e-07 2446475.633205707 350
75 4.93153843339347e-08 8.936227194585993e-08 2473292.210142771 192
78 1.110198840219729e-08 1.553319208106635e-08 2029846.135635193 44
81 2.560618337322192e-09 9.607036372628633e-09 1471563.173972369 25


3 1.764180479703385e-10 4.983693602485737e-10 3208557.724220001 18
6 2.940588192261627e-09 2.664252107176162e-09 4057867.960606588 62
9 5.74312666330251e-09 7.420233885846551e-09 3956440.651557227 98
12 1.694470490865804e-08 2.589619080492005e-08 4473211.006369106 210
15 3.79418162612917e-08 4.155252766138657e-08 4044182.109723761 350
18 6.115333126055825e-08 6.494199444959996e-08 4163719.063568347 450
21 8.057613090626841e-08 1.015227222124057e-07 3822620.688554947 602
24 1.126815048297822e-07 1.302775656795181e-07 3539698.501780578 762
27 1.72698515527273e-07 2.260285903466128e-07 3425191.87153921 1142
30 1.834720908298487e-07 2.767573298587027e-07 3228451.021869825 1250
33 2.451601004765444e-07 3.196499866193515e-07 3109540.408695012 1458
36 3.115344246573234e-07 4.235289321348228e-07 2975186.175269846 1814
39 4.235852276874159e-07 5.583049481151032e-07 3059914.517649307 2178
42 4.760356167085029e-07 6.801735941996243e-07 2904677.095541176 2498
45 5.44165895828159e-07 7.573093338223919e-07 2911023.094722141 2622
48 6.637426080470666e-07 9.802946940989582e-07 2823218.044059617 3191
51 6.287609138316687e-07 9.138225277401157e-07 2615244.400881278 3044
54 5.779943071165742e-07 8.684268188676023e-07 2571314.926966844 2736
57 5.020292020383456e-07 7.240846607772284e-07 2487666.163438909 2276
60 4.477763031463849e-07 7.085884327835404e-07 2501881.136565988 2016
63 3.646280505472128e-07 5.722637883307457e-07 2373511.625812953 1640
66 2.292078282576932e-07 4.002349334791245e-07 2347554.332435052 1056
69 1.556174105567576e-07 2.440890639469667e-07 2218702.628550505 683
72 9.09288234669393e-08 1.455393739549389e-07 2450553.135534122 350
75 5.432088770749196e-08 8.612791530461614e-08 2547838.626317164 192
78 1.208699089008394e-08 1.559666425518594e-08 2137169.818914734 44
81 6.007430195727852e-09 5.523770725132129e-09 1546739.644087403 25


3 1.72539775015208e-10 5.005165809948627e-10 3228439.655937514 18
6 2.670170537767668e-09 2.264334011978368e-09 3604934.527201084 62
9 6.222981996295834e-09 7.281963272177302e-09 4106289.587922201 98
12 1.72949993900521e-08 2.512703422462665e-08 4473940.445773781 210
15 3.704364373798704e-08 4.02938486553057e-08 3962735.542826827 350
18 6.179088468557156e-08 6.92211977773832e-08 4345419.523399395 450
21 7.981071773319964e-08 9.640118642623209e-08 3732897.156187936 602
24 1.125048861155965e-07 1.291379625649171e-07 3546393.976521962 762
27 1.751540636950012e-07 2.214444179909743e-07 3437480.624262187 1142
30 1.815348044227863e-07 2.744066616655272e-07 3223276.327389213 1250
33 2.426966517835362e-07 3.216819985436771e-07 3127759.723849882 1458
36 3.139220139136363e-07 4.275236278139811e-07 3023308.849191041 1814
39 4.200439266323904e-07 5.46785722018591e-07 3037073.530860999 2178
42 4.751682891275641e-07 6.681251215376397e-07 2896445.062476591 2498
45 5.4066736806199e-07 7.393933323001144e-07 2887194.24073429 2622
48 6.68548547185411e-07 9.367470936430056e-07 2785406.70018776 3191
51 6.284865048184987e-07 9.201896581367536e-07 2644574.805641058 3044
54 5.76527802372196e-07 8.459348160351089e-07 2551484.440130476 2736
57 5.161994063867581e-07 7.233797473507219e-07 2538019.190242406 2276
60 4.441017088942381e-07 7.145780899363963e-07 2524198.601708857 2016
63 3.61854027045704e-07 5.676041629631574e-07 2373058.343885032 1640
66 2.209214257531734e-07 3.892374001365351e-07 2292905.478823626 1056
69 1.613097857838661e-07 2.395082999839359e-07 2249550.510209851 683
72 8.874481990331255e-08 1.4049197063852e-07 2395639.68376916 350
75 5.68086986921705e-08 8.301809751548901e-08 2569651.951669862 192
78 1.23349430843847e-08 1.703964804491023e-08 2273082.532671159 44
81 5.716364764080691e-09 5.514401724903771e-09 1510083.532642163 25


3 2.034971283640424e-10 5.070824753514446e-10 3455679.48612643 18
6 2.525651177253417e-09 2.418752275031602e-09 3618104.59569339 62
9 6.498793038501333e-09 7.137423959373689e-09 4186279.397093026 98
12 1.699385768553647e-08 2.369836732728375e-08 4330962.040296348 210
15 3.63993270818842e-08 3.947167126761165e-08 3915131.379119011 350
18 6.259956836657912e-08 6.52819194838985e-08 4283848.498819765 450
21 8.07222071384666e-08 9.644436108669652e-08 3781657.012064889 602
24 1.080533649440673e-07 1.274529062196598e-07 3476722.53943189 762
27 1.734919293923446e-07 2.216531897975156e-07 3448230.118472553 1142
30 1.860502586001635e-07 2.616609962719304e-07 3199132.975602112 1250
33 2.4459898935927e-07 3.127000064532494e-07 3116170.941002696 1458
36 3.124121302846322e-07 4.260684608204608e-07 3033280.313584765 1814
39 4.155842804788106e-07 5.460164455322019e-07 3041365.709847424 2178
42 4.71428541727746e-07 6.738315361395731e-07 2920824.89401274 2498
45 5.361703247148731e-07 7.309861068088514e-07 2879609.349615578 2622
48 6.89427797578321e-07 9.021749267220173e-07 2791504.758831769 3191
51 6.198399324596337e-07 9.260919677806082e-07 2657026.429169422 3044
54 5.769098518086943e-07 8.279743910087787e-07 2541722.738619449 2736
57 5.096585834176682e-07 7.146313184741566e-07 2525053.177228314 2276
60 4.527742055215124e-07 6.909833733278149e-07 2517989.824085154 2016
63 3.659434460746645e-07 5.718141302825554e-07 2412973.626225656 1640
66 2.245339503383668e-07 3.681299081426899e-07 2253785.822901909 1056
69 1.547973637043661e-07 2.498463412260363e-07 2276657.452824775 683
72 8.196381471099638e-08 1.423330284707127e-07 2348573.175578777 350
75 4.85041007480699e-08 9.588449512724115e-08 2623415.040891981 192
78 9.896294395287952e-09 1.989419628594114e-08 2267021.505246774 44
81 4.26375366380452e-09 6.008044975151163e-09 1354681.00386748 25


3 1.911384021092181e-10 5.653515579526912e-10 3687467.878725523 18
6 2.487985460552548e-09 2.502302463303471e-09 3669997.784211757 62
9 6.905224626518805e-09 6.757765812150843e-09 4242982.406090835 98
12 1.601562361027811e-08 2.353210343090642e-08 4231179.935834477 210
15 3.636971013461407e-08 3.948243027328574e-08 3941515.341892092 350
18 6.148015126525466e-08 6.352532539323824e-08 4218213.658275085 450
21 7.927891900241942e-08 9.727822602668534e-08 3791374.479413669 602
24 1.064589136516804e-07 1.248969485181301e-07 3440529.55352041 762
27 1.735026628146152e-07 2.200643757417471e-07 3460166.213219946 1142
30 1.917513713408561e-07 2.549533447200568e-07 3222710.605136779 1250
33 2.392307871045311e-07 3.052671490931248e-07 3066634.949993067 1458
36 3.098794858848744e-07 4.214465070224563e-07 3025972.220105804 1814
39 4.115552874478903e-07 5.460444004877961e-07 3049095.191118526 2178
42 4.772671511410204e-07 6.609539897627118e-07 2928200.368036515 2498
45 5.385596684922181e-07 7.157780995408693e-07 2874480.6141716 2622
48 6.904081920548156e-07 8.978078334319951e-07 2806325.799160837 3191
51 6.26012244486915e-07 9.078414480650486e-07 2659382.255855537 3044
54 5.725475062834449e-07 8.268743553356046e-07 2549356.342971797 2736
57 4.841023558988535e-07 7.297751184754035e-07 2512126.558742977 2276
60 4.582027478445878e-07 6.771512959039341e-07 2522034.86156899 2016
63 3.675427345092891e-07 5.625785377577644e-07 2413507.762596998 1640
66 2.391189872632149e-07 3.514274288688449e-07 2276224.69743235 1056
69 1.50537434341098e-07 2.512338309355291e-07 2272625.288250889 683
72 7.760696770776714e-08 1.453479658140412e-07 2341505.062606378 350
75 4.907701355988586e-08 8.9277684675704e-08 2545475.92751036 192
78 1.094819495842735e-08 1.620864092492482e-08 2122471.692517087 44
81 2.417421640733394e-09 9.3842390826375e-09 1477717.439241667 25


3 1.852234673204197e-10 5.829110758888929e-10 3761435.618946308 18
6 2.31029109453865e-09 2.484797573205669e-09 3542362.518233038 62
9 7.402403697019824e-09 6.060351628678404e-09 4240280.592837021 98
12 1.541380335603398e-08 2.356267769180986e-08 4192437.719559107 210
15 3.756135879119354e-08 4.17907784340086e-08 4148751.027781149 350
18 5.858374232433346e-08 6.103676126007675e-08 4063956.652887248 450
21 7.956306565472495e-08 9.300714378991979e-08 3739239.592946209 602
24 1.052917572310571e-07 1.281377674614874e-07 3490603.552475492 762
27 1.741415725642102e-07 2.137566958710269e-07 3439040.496600428 1142
30 1.996197979659867e-07 2.514969488849477e-07 3284887.814857373 1250
33 2.326044811621124e-07 3.006182365474276e-07 3022551.655412585 1458
36 3.132580231255642e-07 4.125409410408521e-07 3028429.833806439 1814
39 3.997818136077269e-07 5.496333633516345e-07 3039256.188302401 2178
42 4.798445113628822e-07 6.501933338962937e-07 2930402.397942252 2498
45 5.339002717679504e-07 7.146627411833897e-07 2880294.316931562 2622
48 6.727204816406876e-07 8.96802462022481e-07 2789345.653748276 3191
51 6.323932930510207e-07 8.947765309395651e-07 2669510.042577812 3044
54 5.74012836655388e-07 8.393484169780758e-07 2591019.795106906 2736
57 4.708991319940782e-07 7.326399589102458e-07 2503895.493928695 2276
60 4.614845156934489e-07 6.566870105369933e-07 2506260.921643802 2016
63 3.651589888227269e-07 5.520065440412042e-07 2398080.249137115 1640
66 2.385406255409638e-07 3.354286375935213e-07 2233374.43470007 1056
69 1.434821856608547e-07 2.650121218550776e-07 2313167.404489649 683
72 8.581881804366828e-08 1.391582055883689e-07 2399502.475907177 350
75 4.908055470107708e-08 7.752913036041805e-08 2365836.134990429 192
78 1.05222795817409e-08 2.007631782525873e-08 2369714.779251412 44
81 2.691632569361954e-09 9.869129267659239e-09 1588202.302571298 25


3 2.316026917084459e-10 6.104999658699217e-10 4167930.690416963 18
6 2.191928473436204e-09 2.530166880022623e-09 3503469.289063863 62
9 6.945863568821423e-09 5.885168180626555e-09 4067259.890452519 98
12 1.465859610202917e-08 2.462711813100036e-08 4236468.004243128 210
15 3.8045175718808e-08 4.319314329805521e-08 4274268.232706187 350
18 5.527715709763391e-08 6.278117309804142e-08 4025323.287978212 450
21 7.761413377915467e-08 9.293964106582088e-08 3717801.074930445 602
24 1.068961005040442e-07 1.248447607956038e-07 3495947.998631841 762
27 1.725511489934394e-07 2.107192213719584e-07 3422473.422745869 1142
30 2.041217521243315e-07 2.460426073302215e-07 3307212.44346128 1250
33 2.308051187413008e-07 3.026432952358798e-07 3042587.163456067 1458
36 3.109057092799034e-07 4.110908782796371e-07 3032535.828955008 1814
39 3.89444951656932e-07 5.378438053936636e-07 2987807.732932094 2178
42 4.788076081875726e-07 6.545611132647825e-07 2957678.174173856 2498
45 5.304132834346412e-07 7.131909175928981e-07 2887770.903729623 2622
48 6.628123640871022e-07 8.950093788715962e-07 2785655.412015636 3191
51 6.312749773726345e-07 8.771993952107969e-07 2657061.581442296 3044
54 5.623495268474613e-07 8.523252523408759e-07 2605713.373239258 2736
57 4.568809568179389e-07 7.376611588068102e-07 2496456.804022039 2276
60 4.418943382117365e-07 6.805188065654741e-07 2521487.298955257 2016
63 3.518963527884717e-07 5.756060598282592e-07 2430166.997525683 1640
66 2.290031200720653e-07 3.468944315085053e-07 2246112.139970882 1056
69 1.524402748308885e-07 2.56630386459314e-07 2343960.111221063 683
72 9.055369490846112e-08 1.262916798831268e-07 2350000.914975575 350
75 4.759615833500467e-08 7.455493770301895e-08 2298908.417311911 192
78 1.117802772718559e-08 1.970957310043226e-08 2419429.458623436 44
81 5.734336408287607e-09 4.683997358064554e-09 1457711.861353235 25


3 2.877657334823112e-10 6.631725831127099e-10 4752342.411254471 18
6 2.287890989142674e-09 2.298471901970099e-09 3448475.263968225 62
9 6.438195672974294e-09 6.010339300776013e-09 3960745.046566269 98
12 1.416280605080933e-08 2.583984873041277e-08 4324098.933968568 210
15 3.741508890790184e-08 3.950088446991672e-08 4089479.19441016 350
18 5.354303470257839e-08 6.522763387325416e-08 4065579.081222075 450
21 7.555242615429539e-08 9.629096095387968e-08 3761266.808578633 602
24 1.07033337612774e-07 1.252406047069419e-07 3528491.311134473 762
27 1.722420178032371e-07 2.115696501118727e-07 3450258.927352249 1142
30 2.032407861796811e-07 2.320886523765513e-07 3229118.697949645 1250
33 2.388528994660393e-07 2.986150838532613e-07 3093546.738845837 1458
36 3.063486833089091e-07 4.21380259280937e-07 3071199.699676248 1814
39 3.717207654661098e-07 5.457310740274778e-07 2966532.245771355 2178
42 4.728012868109448e-07 6.594824176042255e-07 2971496.991126174 2498
45 5.188644921634271e-07 7.107162776348953e-07 2871646.566073401 2622
48 6.421387315783525e-07 9.076453858726313e-07 2783053.915947425 3191
51 6.216724027384714e-07 8.985723848035027e-07 2689786.2014361 3044
54 5.515578353419127e-07 8.544663489345284e-07 2603298.379430494 2736
57 4.611978777954699e-07 7.131532823113e-07 2475834.506215376 2276
60 4.331646960092464e-07 6.850129755569851e-07 2524205.85493141 2016
63 3.468893963916788e-07 5.652587911012793e-07 2405564.179168844 1640
66 2.196398466891242e-07 3.682526086999806e-07 2293427.257000119 1056
69 1.632018315980339e-07 2.334454247394642e-07 2310772.323023903 683
72 7.990719061660627e-08 1.32097474023217e-07 2287423.654156175 350
75 5.107849557999669e-08 7.246761443938607e-08 2355986.712335589 192
78 1.187558519075395e-08 1.768979857768354e-08 2357254.757483557 44
81 4.842160931930433e-09 7.450301707722231e-09 1656744.999533079 25


3 2.86591998974954e-10 6.624130595285928e-10 4767010.087112384 18
6 2.379651287554638e-09 2.359166571542553e-09 3591780.657060103 62
9 5.781360807880802e-09 6.460806425414436e-09 3891214.379383242 98
12 1.434502431692557e-08 2.579014724180231e-08 4366867.649780121 210
15 3.810114832077977e-08 3.86311139625147e-08 4117723.929723158 350
18 5.186619429759233e-08 6.535494482604382e-08 4033968.083894778 450
21 7.392407091402224e-08 9.364648495747179e-08 3694034.920061273 602
24 1.08076777566716e-07 1.235065972806199e-07 3547119.242260016 762
27 1.718338834442309e-07 2.127852971072594e-07 3480179.583060177 1142
30 1.995150944853168e-07 2.299320283648213e-07 3206806.50444577 1250
33 2.401903589710497e-07 2.984777360330578e-07 3122887.700151347 1458
36 3.012829136904622e-07 4.29012078063295e-07 3097026.598648244 1814
39 3.709904335917501e-07 5.362164866266259e-07 2955108.954787486 2178
42 4.672808137453553e-07 6.502288886913406e-07 2952695.964939871 2498
45 5.111024475244365e-07 7.077857789270911e-07 2864103.236698505 2622
48 6.110418215556369e-07 9.134033484029276e-07 2747141.113992605 3191
51 6.128016361690468e-07 9.00598442031577e-07 2692853.806615433 3044
54 5.583481609510348e-07 8.454669582234805e-07 2619597.183824272 2736
57 4.691304309314352e-07 7.008359137451365e-07 2487795.641009771 2276
60 4.19574650654561e-07 7.091833209778708e-07 2554220.650617032 2016
63 3.420555926586436e-07 5.523953354396525e-07 2375353.668242844 1640
66 2.171375881311889e-07 3.785392341490365e-07 2332840.693343847 1056
69 1.591204993593638e-07 2.481656775547454e-07 2374983.804070757 683
72 7.342826673091828e-08 1.364243782116863e-07 2261215.56150091 350
75 4.64479244979882e-08 8.67597273135846e-08 2509288.593834548 192
78 9.957479662569844e-09 2.171575179326914e-08 2476024.517125234 44
81 4.017041106346526e-09 8.814766612057578e-09 1697906.295115611 25


3 2.716121935777941e-10 6.983297182078115e-10 4879875.701174155 18
6 2.236170194423759e-09 2.803101774488539e-09 3803374.135439162 62
9 5.122963082503051e-09 6.699206572925743e-09 3755370.778650754 98
12 1.486427206723926e-08 2.560329076192233e-08 4440225.789895579 210
15 3.858662111702023e-08 3.755523773667794e-08 4123880.730814505 350
18 5.114061810149724e-08 6.528969918735545e-08 4031891.196960044 450
21 7.387027054619035e-08 9.155815065387593e-08 3676061.251099352 602
24 1.067296182600548e-07 1.246382934035637e-07 3564841.760865712 762
27 1.769811205628602e-07 2.051650152583147e-07 3493759.248633393 1142
30 1.982047872266097e-07 2.244172179745875e-07 3181004.385502121 1250
33 2.356053270271285e-07 2.941615380138129e-07 3091784.540794198 1458
36 3.001931290453747e-07 4.252674700646905e-07 3098243.019986492 1814
39 3.786269402762658e-07 5.217349862002615e-07 2960324.548536901 2178
42 4.561342247961888e-07 6.304236033080606e-07 2891549.532151645 2498
45 5.096790039790873e-07 7.190620325418251e-07 2903874.713566625 2622
48 5.979881881079738e-07 9.159466113320898e-07 2742742.927868525 3191
51 6.07568672879891e-07 9.128344318920587e-07 2720055.696878183 3044
54 5.623897944531012e-07 8.296217082199829e-07 2619130.068682847 2736
57 4.845470574613109e-07 6.67764210574555e-07 2479072.88863236 2276
60 4.173345033885557e-07 6.77501203335904e-07 2500112.860511772 2016
63 3.395644999929295e-07 5.216580447227922e-07 2309734.342109918 1640
66 2.298064302985758e-07 3.761836154969313e-07 2398717.810856365 1056
69 1.480608299205827e-07 2.624643514082739e-07 2389540.715118776 683
72 8.01877743841808e-08 1.344161746466163e-07 2343823.478080412 350
75 4.628383708839422e-08 8.661282197969172e-08 2519656.939246762 192
78 1.047730766672368e-08 1.509196462438262e-08 2071562.647262034 44
81 3.519874910948747e-09 8.317221700983525e-09 1568838.749321634 25


3 3.031782205988177e-10 7.637061574684431e-10 5411094.895079641 18
6 2.320596453260214e-09 2.383239728822416e-09 3609888.820299679 62
9 5.259868476939612e-09 5.929828237601956e-09 3605265.703535574 98
12 1.588514831080787e-08 2.423722629340542e-08 4459004.784457189 210
15 3.84328502730382e-08 3.505737819661062e-08 4020103.282489782 350
18 5.078611532458361e-08 6.11518496818832e-08 3914679.518097523 450
21 7.436713371084171e-08 9.106482619468788e-08 3703905.278050319 602
24 1.07176333944244e-07 1.263200554179027e-07 3620780.270387148 762
27 1.75869410508002e-07 2.093277062395866e-07 3541018.938103341 1142
30 1.932398459831904e-07 2.24476604944501e-07 3161429.147297843 1250
33 2.256926987099206e-07 3.06080179532058e-07 3111404.424571122 1458
36 3.055185504027286e-07 4.079683055413363e-07 3078126.020270811 1814
39 3.820464664004904e-07 5.100314838548137e-07 2958644.823729763 2178
42 4.524235094291278e-07 6.310952808962631e-07 2902118.414130752 2498
45 5.006004923415915e-07 7.125629329672664e-07 2885626.767738774 2622
48 5.980974023549114e-07 9.021492594213512e-07 2739464.825996322 3191
51 6.140632824523798e-07 9.22203981735312e-07 2767815.522227043 3044
54 5.631815399391935e-07 8.00074267882386e-07 2588816.988773861 2736
57 4.553865536673315e-07 6.767960128151931e-07 2441287.561428251 2276
60 4.326263183574363e-07 6.465934166119429e-07 2494610.364632468 2016
63 3.389979103882495e-07 5.179032656187054e-07 2315058.371534329 1640
66 2.361299847223249e-07 3.73966755558977e-07 2437188.143457784 1056
69 1.512534802993084e-07 2.648845587755416e-07 2441426.863662334 683
72 8.12479114878421e-08 1.328652999579177e-07 2358971.148270829 350
75 4.791959022621338e-08 7.862541758582619e-08 2438278.127957412 192
78 1.031903814170236e-08 1.475463472147337e-08 2046673.32213132 44
81 4.847190767169373e-09 6.785265967007725e-09 1611773.334648538 25


3 3.446776701350529e-10 7.346833695816984e-10 5558858.998061229 18
6 2.742474262016678e-09 2.143990007418775e-09 3821602.587849756 62
9 5.519712012374129e-09 5.516592940950937e-09 3599559.663698645 98
12 1.584544088681261e-08 2.383687353959428e-08 4445830.546200894 210
15 3.644779252652055e-08 3.629028201833977e-08 3987123.25296752 350
18 5.016645394572249e-08 5.77586078818617e-08 3808293.775989846 450
21 7.471190115232631e-08 9.233063356337572e-08 3764155.96860535 602
24 1.088799639350496e-07 1.255104604999481e-07 3663329.739226895 762
27 1.707521713998614e-07 2.104378965311254e-07 3522129.983757123 1142
30 1.865839722807217e-07 2.301411202988283e-07 3165745.883226373 1250
33 2.271566036455658e-07 2.949438167181954e-07 3083389.840290082 1458
36 3.073408026242021e-07 3.98052756124544e-07 3069557.44137458 1814
39 3.87634319869348e-07 4.955686555177182e-07 2956606.846745399 2178
42 4.582686749268372e-07 6.10120354261712e-07 2889258.009076901 2498
45 4.921379298735649e-07 7.076195352049533e-07 2872807.393900532 2622
48 6.085822287364334e-07 8.681110830852719e-07 2724612.950289714 3191
51 6.226765745785805e-07 8.939367108539102e-07 2759389.346363858 3044
54 5.659783974293306e-07 8.103611585600624e-07 2631198.94422382 2736
57 4.203555246174141e-07 6.962876977679918e-07 2410055.005773664 2276
60 4.356178925804579e-07 6.399198165026404e-07 2506718.785554418 2016
63 3.320734760559252e-07 5.453864577158198e-07 2377380.236963619 1640
66 2.420438727051809e-07 3.609366268541947e-07 2435693.576016884 1056
69 1.554616391667023e-07 2.482803222218058e-07 2400729.678259601 683
72 8.719741319180984e-08 1.224094866937847e-07 2350043.693234192 350
75 4.5457230986692e-08 7.995234793003057e-08 2422920.622351667 192
78 9.455008972698057e-09 1.514277889549948e-08 2005867.265588167 44
81 5.293365977925666e-09 7.625904314911667e-09 1798635.582677617 25


3 4.017636104764682e-10 6.981946094970543e-10 5761648.742456919 18
6 3.059063249027993e-09 2.179879099114239e-09 4134224.72452974 62
9 5.173059623506797e-09 5.443406996076627e-09 3476368.088915526 98
12 1.557605936516255e-08 2.409547147247582e-08 4473933.513457943 210
15 3.495247110560183e-08 3.683192427359934e-08 3949446.774783242 350
18 4.838926770480619e-08 6.000511817011573e-08 3838106.347910322 450
21 7.492993179501381e-08 9.289532033567163e-08 3807668.003351227 602
24 1.074344918287965e-07 1.221767938610999e-07 3614756.99243768 762
27 1.727318858570092e-07 2.002671226824e-07 3480004.999911249 1142
30 1.799059729695879e-07 2.376851135976711e-07 3184306.812985921 1250
33 2.274235264941281e-07 2.889442278949195e-07 3074337.577430871 1458
36 3.036835372501932e-07 3.84699425145161e-07 3019965.021305511 1814
39 3.912908641437343e-07 4.926096063850395e-07 2981937.3311797 2178
42 4.52020363819942e-07 6.032209416491851e-07 2873817.312845293 2498
45 4.968410558066075e-07 7.033828129522353e-07 2897583.550716758 2622
48 6.057209225369218e-07 8.719854955565043e-07 2745335.175622338 3191
51 6.126227048307928e-07 8.598876519975891e-07 2702132.272031261 3044
54 5.629140761712496e-07 8.215639155944418e-07 2663482.137933142 2736
57 4.182787120366809e-07 6.919871594918047e-07 2415389.734142543 2276
60 4.284921798888649e-07 6.39294403988179e-07 2504857.76471037 2016
63 3.448312454376491e-07 5.459967382433877e-07 2437567.315596654 1640
66 2.416638645245759e-07 3.615746714868502e-07 2454324.206448801 1056
69 1.566590879909954e-07 2.312252768316275e-07 2335238.01610727 683
72 7.536239096171849e-08 1.405494457008551e-07 2395249.062860989 350
75 4.510383506853528e-08 7.731775613858161e-08 2387905.242534847 192
78 9.139992439456003e-09 1.645167946398269e-08 2086799.328843377 44
81 4.398377427873317e-09 1.000295336523846e-08 1959663.344595887 25


3 4.636484079415709e-10 6.045929115511916e-10 5702285.202719598 18
6 3.082982310729135e-09 2.14340886895827e-09 4148616.432890757 62
9 4.88402674207905e-09 5.768636419845628e-09 3495098.76706241 98
12 1.60062105081958e-08 2.259105313706894e-08 4402341.735273104 210
15 3.36008280801903e-08 3.613406026678644e-08 3858222.291393066 350
18 4.813610628897435e-08 6.020236914375219e-08 3861811.372182898 450
21 7.384250122902546e-08 9.238416858274276e-08 3796474.497283353 602
24 1.018787658316991e-07 1.241297837311277e-07 3571735.294837499 762
27 1.735099933132373e-07 1.983225028697905e-07 3494555.785014326 1142
30 1.785554618144565e-07 2.438496769057718e-07 3239836.390929489 1250
33 2.254562557471988e-07 2.928756186799437e-07 3104847.200957827 1458
36 2.948390910439577e-07 3.796358777890073e-07 2977609.806502788 1814
39 3.857015549724027e-07 5.051963117646165e-07 3021194.208646503 2178
42 4.512386747209252e-07 5.960589693758724e-07 2874045.148978809 2498
45 4.980057092779358e-07 6.892593308276101e-07 2890555.295369017 2622
48 6.192111491150445e-07 8.344170167530867e-07 2729330.691885771 3191
51 6.078858411185879e-07 8.52969342761502e-07 2700413.769661658 3044
54 5.580538022105141e-07 8.123194248789103e-07 2656308.152718162 2736
57 4.328318488002904e-07 6.660946821342276e-07 2418493.006688041 2276
60 4.178052663019654e-07 6.288584506088939e-07 2472528.21615728 2016
63 3.583977413342031e-07 5.202116089423183e-07 2434046.299900101 1640
66 2.396482492305364e-07 3.762553278430806e-07 2517664.017324803 1056
69 1.516925823149606e-07 2.32457947028378e-07 2324636.684684683 683
72 7.705758584460997e-08 1.276469096561591e-07 2305366.551429731 350
75 4.663456747096101e-08 7.314069298681758e-08 2367199.318771381 192
78 1.049286969607257e-08 1.514711698415825e-08 2136730.135988374 44
81 4.8229134913872e-09 7.159944076790993e-09 1688926.29400123 25


3 3.851566717209134e-10 4.964745443059868e-10 4741270.555900533 18
6 3.187784859277518e-09 2.163561421735659e-09 4274244.327315884 62
9 4.860328747006862e-09 6.114171199142637e-09 3617259.264727349 98
12 1.543993792364471e-08 2.191451775559077e-08 4291026.622811181 210
15 3.329170815136641e-08 3.436455112124196e-08 3773657.273784334 350
18 4.921239222091192e-08 6.089396807327569e-08 3953871.399308755 450
21 7.312340438341637e-08 8.890043362776043e-08 3730448.107254605 602
24 1.007304545082827e-07 1.207869785857851e-07 3527196.771631977 762
27 1.716358691398232e-07 2.003363140940855e-07 3516531.52972921 1142
30 1.797661315924411e-07 2.336081177240481e-07 3199730.533637674 1250
33 2.230515643977888e-07 2.941133777471575e-07 3117892.601305439 1458
36 2.879333650299719e-07 3.773828867515373e-07 2955699.961252741 1814
39 3.855540226872168e-07 5.056559811496542e-07 3043431.514211457 2178
42 4.469231056937456e-07 5.953740037188071e-07 2879533.407312416 2498
45 4.914269049844307e-07 6.863396092702404e-07 2886903.503113428 2622
48 6.296663951451945e-07 8.043789330849839e-07 2718265.876141706 3191
51 5.993970297389256e-07 8.632370220742067e-07 2719886.522945576 3044
54 5.481796189370616e-07 8.366267744517596e-07 2697807.228624901 2736
57 4.444019959726784e-07 6.378544142708108e-07 2407652.372989333 2276
60 4.076027704135569e-07 6.30744492290673e-07 2467450.23161822 2016
63 3.529689263625231e-07 5.191856731601444e-07 2431879.240305143 1640
66 2.415166878764929e-07 3.622421294071951e-07 2492387.176978453 1056
69 1.400438254152163e-07 2.532029171409728e-07 2375765.865133558 683
72 7.854818276485984e-08 1.244628998780239e-07 2309156.056001829 350
75 4.54265507352868e-08 7.715918210475679e-08 2429333.749165812 192
78 1.104349293457349e-08 1.643537148476918e-08 2301717.903167902 44
81 3.292638461755435e-09 8.138899821038401e-09 1574725.592030092 25


3 3.229020333443634e-10 4.334212895714192e-10 4089553.988534835 18
6 3.163510457126691e-09 2.231712127952321e-09 4330635.690898793 62
9 4.839425469747401e-09 6.163294584794901e-09 3650042.341091562 98
12 1.528723998438617e-08 2.104091517171805e-08 4206849.035831086 210
15 3.308168594319136e-08 3.403316345906015e-08 3768809.404219454 350
18 4.813749729949192e-08 6.161565150391963e-08 3963377.827888552 450
21 7.324708384617033e-08 8.810147138560752e-08 3741748.993027785 602
24 1.011502504770164e-07 1.191994398177239e-07 3534810.790911804 762
27 1.67464072467427e-07 2.036189968495841e-07 3526473.810116577 1142
30 1.800741484358787e-07 2.300381427290539e-07 3198485.488938923 1250
33 2.190318519807775e-07 2.906952051788891e-07 3093525.22090875 1458
36 2.886709920988031e-07 3.665158138246655e-07 2934548.528384028 1814
39 3.72937719380646e-07 5.110108126608103e-07 3034002.709119619 2178
42 4.467861569871989e-07 5.964365134799388e-07 2901732.6326298 2498
45 4.911965382957788e-07 6.864456103381278e-07 2906627.173541925 2622
48 6.100386064055052e-07 8.157021280396672e-07 2715476.731511717 3191
51 5.965132980986434e-07 8.589073369862119e-07 2725384.393778304 3044
54 5.587093772465011e-07 8.002132561444869e-07 2673886.812758067 2736
57 4.55621135504134e-07 6.192130265732053e-07 2414092.631951937 2276
60 4.091995296311567e-07 6.233662473666267e-07 2472874.152089977 2016
63 3.477444050486685e-07 5.119912215393357e-07 2413834.562856847 1640
66 2.304384426271025e-07 3.714720394067208e-07 2492684.834275991 1056
69 1.414839206870298e-07 2.536760722940456e-07 2405647.771794456 683
72 7.84682465175091e-08 1.286080381092794e-07 2367524.711255084 350
75 4.89354454380163e-08 7.10631900990358e-08 2416538.462417924 192
78 9.401438228524351e-09 2.018229897224006e-08 2443185.539168246 44
81 3.309834846686411e-09 7.147988352956873e-09 1462337.49928764 25


3 3.300445206314106e-10 4.498536094093823e-10 4242633.229822031 18
6 2.985735588203444e-09 2.545025021750506e-09 4442458.394356922 62
9 4.939961983686281e-09 5.451356333728187e-09 3488159.001282854 98
12 1.503339343811814e-08 1.996900398442622e-08 4085114.715292905 210
15 3.234906142803342e-08 3.583774410706379e-08 3844918.780158043 350
18 4.677430980490865e-08 6.047129677968941e-08 3897199.736726116 450
21 7.350673583261341e-08 8.77293933363132e-08 3765388.453570955 602
24 1.010950362163537e-07 1.218696011531427e-07 3597777.678206079 762
27 1.621334346286802e-07 2.036071468264507e-07 3494645.199735608 1142
30 1.812628397079865e-07 2.316760330355164e-07 3241933.566412843 1250
33 2.19252721578817e-07 2.872976638309625e-07 3096235.559740013 1458
36 2.888817466104199e-07 3.633295831845772e-07 2941840.314313842 1814
39 3.623974371754686e-07 5.020551783570178e-07 2985296.996223031 2178
42 4.426612742575136e-07 6.0263252579111e-07 2924305.780718832 2498
45 5.017973329831794e-07 6.584821023038613e-07 2890709.055024812 2622
48 5.996781911672043e-07 8.155841071448611e-07 2711364.848893127 3191
51 5.968583106496614e-07 8.482714578112742e-07 2725555.521113702 3044
54 5.559765746072508e-07 7.845176774901584e-07 2656882.604357683 2736
57 4.470511051378433e-07 6.256018098088324e-07 2421656.538686663 2276
60 4.033392865047334e-07 6.348620292207888e-07 2498553.427527369 2016
63 3.338401266693516e-07 5.225444259500251e-07 2412586.999302566 1640
66 2.342549793250956e-07 3.616219933095535e-07 2489523.636718951 1056
69 1.561348972751231e-07 2.31712591593933e-07 2400845.881551081 683
72 7.938119635471905e-08 1.251439238659477e-07 2358754.34793454 350
75 4.553927772617049e-08 7.481570042365208e-08 2422053.809218523 192
78 1.000989390154942e-08 2.058589181007134e-08 2549101.074401611 44
81 4.60428378003523e-09 5.123133995139258e-09 1425667.547200667 25


3 3.460311100930675e-10 4.339535893534256e-10 4282907.825377248 18
6 3.024640565181203e-09 2.596108683974031e-09 4548653.361108768 62
9 5.478507064587631e-09 5.127217763627253e-09 3608032.362049721 98
12 1.469389181070734e-08 1.785952942349139e-08 3836651.856945283 210
15 3.260054863054632e-08 3.69273567950492e-08 3944063.095339023 350
18 4.581519565271749e-08 5.680980647696353e-08 3759492.221925409 450
21 7.391781595272319e-08 8.535128180208956e-08 3749358.234503916 602
24 1.021741900421922e-07 1.21261097576867e-07 3631729.653485423 762
27 1.557268092764383e-07 2.071385645400974e-07 3481402.268075764 1142
30 1.836040609691979e-07 2.298160875526981e-07 3269693.85946554 1250
33 2.181832400860738e-07 2.853234790158441e-07 3097601.933349628 1458
36 2.832039100991717e-07 3.761990695201403e-07 2986508.445620859 1814
39 3.481367121386844e-07 5.055056118171698e-07 2960207.55686694 2178
42 4.318415892598834e-07 6.098721675039446e-07 2927770.434385301 2498
45 5.06469623252826e-07 6.570606978557169e-07 2919096.428565826 2622
48 5.932668723683904e-07 8.211807384969914e-07 2724733.909165044 3191
51 5.885500860022577e-07 8.55758874443199e-07 2737942.551397278 3044
54 5.419792822576502e-07 7.863426213820732e-07 2645555.793063507 2736
57 4.364890368559113e-07 6.424481099918173e-07 2444821.054061087 2276
60 4.150819170476662e-07 6.124568972500542e-07 2496342.702559383 2016
63 3.294160540927052e-07 5.023318320125626e-07 2360735.248940059 1640
66 2.296583473660617e-07 3.558141650548567e-07 2460428.373532539 1056
69 1.60652119274528e-07 2.267460202825891e-07 2419984.394512365 683
72 7.929855683070754e-08 1.240482577560189e-07 2360456.932964505 350
75 4.03353269566252e-08 8.428002203925415e-08 2487433.441723198 192
78 1.227404034982638e-08 1.731916537695909e-08 2537533.269353248 44
81 4.920486826422223e-09 4.151830211046326e-09 1363301.941598485 25


3 3.316787712634391e-10 4.405620658362767e-10 4257183.51257435 18
6 3.048511882429808e-09 2.534670355272872e-09 4561343.369021818 62
9 5.608424762179299e-09 5.351364526010089e-09 3754281.237610111 98
12 1.445615526953499e-08 1.765079130865587e-08 3808080.343020565 210
15 3.112882946866201e-08 3.810635781551685e-08 3940888.834684638 350
18 4.528220747485677e-08 5.788720224378313e-08 3798883.141233845 450
21 7.291403445221893e-08 8.392938584146122e-08 3718029.397271384 602
24 1.000022031857852e-07 1.185699213618254e-07 3576632.836215665 762
27 1.519724801390383e-07 2.099275009045545e-07 3487726.99015722 1142
30 1.841063368303825e-07 2.229547439907127e-07 3245369.986511037 1250
33 2.151657538669485e-07 2.849052501261002e-07 3094160.655022345 1458
36 2.834338198360121e-07 3.670166379095025e-07 2968194.44812947 1814
39 3.513441476226521e-07 4.942742243367556e-07 2954374.98840458 2178
42 4.278263166189876e-07 6.121428425259143e-07 2938697.187117682 2498
45 5.064324678151198e-07 6.427123895189421e-07 2904882.121774525 2622
48 5.884517746413992e-07 8.248929066945637e-07 2737616.914253136 3191
51 5.912194535699817e-07 8.489355276905118e-07 2748322.062025025 3044
54 5.295309300472266e-07 7.709585405959134e-07 2605289.198996934 2736
57 4.257409431750959e-07 6.589441984477237e-07 2465659.643922386 2276
60 4.2356458768159e-07 6.10152060574992e-07 2529932.408255039 2016
63 3.183575820090127e-07 5.078722608164885e-07 2352685.664765154 1640
66 2.198536595264509e-07 3.491769723510146e-07 2401868.336999178 1056
69 1.528746553444401e-07 2.390410698688443e-07 2447899.213805702 683
72 7.329106139532851e-08 1.371820249998257e-07 2430312.040795454 350
75 4.504349695894957e-08 7.45345985324153e-08 2433990.012537449 192
78 1.314964886195776e-08 1.550132469256302e-08 2502753.923900395 44
81 3.825360218072182e-09 7.027434126336212e-09 1558421.762970217 25


3 3.745749673731482e-10 4.10544899627663e-10 4395802.350427216 18
6 3.044445974581827e-09 2.681477230499428e-09 4703392.865760682 62
9 5.334884719766936e-09 4.491791641255386e-09 3411899.136249098 98
12 1.537378190661372e-08 1.839797602776546e-08 4035922.072387333 210
15 2.969370321441638e-08 3.868684117144459e-08 3906275.851736666 350
18 4.508630712652436e-08 5.854021556828409e-08 3837459.689975034 450
21 7.184906530976775e-08 8.152666857346833e-08 3663420.000783842 602
24 9.182761086801593e-08 1.25630485181223e-07 3557050.42964444 762
27 1.474336057891515e-07 2.12077089881948e-07 3479102.84080402 1142
30 1.749784221104129e-07 2.318636675279147e-07 3250345.193511814 1250
33 2.19498087256877e-07 2.777927015021641e-07 3103854.625408709 1458
36 2.776070413249733e-07 3.711105883919108e-07 2974421.394508541 1814
39 3.535410291638672e-07 4.933320656191095e-07 2978301.615209348 2178
42 4.319420035536152e-07 6.083981849327286e-07 2960269.46486444 2498
45 4.92613192476053e-07 6.570040523839373e-07 2917110.241589834 2622
48 5.711425626497542e-07 8.305456478159157e-07 2726326.783239666 3191
51 5.992045001566444e-07 8.384299754507107e-07 2764579.322114848 3044
54 5.242160902096443e-07 7.694586255135077e-07 2606315.03081058 2736
57 4.22750962146587e-07 6.481559696628539e-07 2450182.902917782 2276
60 4.083999644987627e-07 6.292688502237589e-07 2544859.765197454 2016
63 3.197253238104772e-07 5.121779120161609e-07 2382224.469560759 1640
66 2.253070173157267e-07 3.406682897493576e-07 2410654.681831152 1056
69 1.366431958266671e-07 2.503987342781031e-07 2407282.789901534 683
72 7.586026688252956e-08 1.144938959785239e-07 2241593.982408158 350
75 4.966809640822281e-08 7.289350933331711e-08 2530115.430599148 192
78 1.216223527927958e-08 1.759579331522259e-08 2579338.691041623 44
81 2.90301328645564e-09 9.080665256420365e-09 1672444.807110381 25


3 3.994204338407273e-10 3.81917225424057e-10 4434138.285028609 18
6 3.000300325996022e-09 2.43802424237771e-09 4517310.473109375 62
9 5.105761763027961e-09 5.008653505063211e-09 3511055.932888363 98
12 1.546761046354012e-08 1.918406337301747e-08 4161147.004956554 210
15 2.899439261962973e-08 3.780740193710204e-08 3840958.748428886 350
18 4.543112394645132e-08 5.585672394629304e-08 3785971.635416221 450
21 7.325798649952351e-08 8.049511309148622e-08 3703523.126521817 602
24 8.930670141749036e-08 1.240037464934999e-07 3509143.699489539 762
27 1.475550777531517e-07 2.036666970049802e-07 3427891.307358355 1142
30 1.72871956533272e-07 2.400070672529457e-07 3311925.843439261 1250
33 2.156800473501767e-07 2.728848709077064e-07 3069573.815657786 1458
36 2.757579579636878e-07 3.719000298396204e-07 2987510.105975229 1814
39 3.631041894130885e-07 4.849273846779177e-07 3008897.399140691 2178
42 4.274831562333501e-07 5.977993369121996e-07 2937367.60271762 2498
45 4.79650416421475e-07 6.688088046345656e-07 2925789.515311928 2622
48 5.634589586823155e-07 8.508312888181353e-07 2762441.779052279 3191
51 5.956484390305414e-07 8.041197782979056e-07 2714935.429529249 3044
54 5.31529637162855e-07 7.557818623164719e-07 2615117.399099715 2736
57 4.171135667205242e-07 6.524043612360224e-07 2459506.476903806 2276
60 3.976609868899254e-07 6.339100267031529e-07 2540573.025700984 2016
63 3.31990064158047e-07 4.939823691284246e-07 2391373.736914129 1640
66 2.155254392080425e-07 3.492051437819083e-07 2409784.164974376 1056
69 1.409813161393652e-07 2.395990553851693e-07 2393454.22945817 683
72 7.013234461665014e-08 1.136801788752142e-07 2167761.929194835 350
75 5.031480642084301e-08 7.231242567558588e-08 2551539.207092234 192
78 8.490061688929554e-09 2.145771518992024e-08 2514169.951570024 44
81 3.815184226165978e-09 8.212208099829078e-09 1728741.737135985 25


3 3.503431771724944e-10 5.017002181158715e-10 4772335.746140467 18
6 2.787227029845743e-09 2.644499930954127e-09 4506070.744585916 62
9 4.892812889478919e-09 4.897509775561666e-09 3417117.255369136 98
12 1.533215248343424e-08 1.845076409861067e-08 4089860.843708182 210
15 2.865341327554143e-08 3.647054422068809e-08 3774168.324061912 350
18 4.676118385616571e-08 5.466519832249099e-08 3825945.97874158 450
21 7.315033684859781e-08 8.097171825974952e-08 3735171.439621354 602
24 9.237907812276651e-08 1.223932719531449e-07 3565573.517293723 762
27 1.516395227421185e-07 1.907793706083589e-07 3380508.457361397 1142
30 1.720961398696213e-07 2.355698775939728e-07 3294647.883596874 1250
33 2.152225085000951e-07 2.690525448235726e-07 3064818.113542486 1458
36 2.703576169052236e-07 3.704962009770779e-07 2973436.785887378 1814
39 3.65065021527879e-07 4.762197928766589e-07 3008785.45953327 2178
42 4.284900535038243e-07 5.877892061775197e-07 2934382.648461428 2498
45 4.728326367237362e-07 6.620086146617641e-07 2909909.264273481 2622
48 5.822305597876042e-07 8.253723975820988e-07 2778134.288523405 3191
51 5.761357393713571e-07 8.089059739916549e-07 2698140.663254997 3044
54 5.280508343631881e-07 7.620365896790466e-07 2636089.108921614 2736
57 4.248461898656261e-07 6.216690796232804e-07 2432880.519554411 2276
60 4.006965157508151e-07 6.030550933785264e-07 2497877.368222815 2016
63 3.294991782413921e-07 5.10123420488631e-07 2441219.433397039 1640
66 2.125895733111462e-07 3.526852498876995e-07 2425016.129653433 1056
69 1.521576511679283e-07 2.32737570075011e-07 2454192.12148891 683
72 6.903329867320167e-08 1.114262755327234e-07 2143398.925750026 350
75 4.383976266922714e-08 7.967289011985115e-08 2545567.647022279 192
78 8.398512623308355e-09 1.954580278486006e-08 2375877.034875609 44
81 5.581654379562541e-09 4.622621126810145e-09 1582692.885681081 25


3 3.440989198880669e-10 5.149791190383764e-10 4837366.429970497 18
6 2.546306156290127e-09 2.364446120425004e-09 4101410.964865867 62
9 5.021342862670427e-09 4.541141291441967e-09 3372910.509807181 98
12 1.507531805007974e-08 1.874906150677633e-08 4115706.400625214 210
15 2.937414811564104e-08 3.406721590854004e-08 3717369.906853003 350
18 4.821615533874246e-08 5.180788708240397e-08 3812360.384601447 450
21 7.361328197257739e-08 8.215119655495423e-08 3797176.544858986 602
24 9.383377763157211e-08 1.203584857575848e-07 3585959.302209895 762
27 1.508820129930293e-07 1.92414578959161e-07 3409660.313108261 1142
30 1.71537619323423e-07 2.349882311764184e-07 3308334.663145353 1250
33 2.175867893803769e-07 2.65120191026511e-07 3079130.473058559 1458
36 2.71615181326571e-07 3.58205740297667e-07 2948349.67487777 1814
39 3.646673872098625e-07 4.607779843350347e-07 2976988.400731356 2178
42 4.345393915966028e-07 5.593941572047458e-07 2899326.903840002 2498
45 4.595472489027027e-07 6.69921500323868e-07 2910286.392260763 2622
48 5.821389274417782e-07 8.146887307697975e-07 2778168.801614474 3191
51 5.787144643923156e-07 7.918427629552354e-07 2692384.724916684 3044
54 5.236986621668322e-07 7.509863430022946e-07 2623921.368013816 2736
57 4.256115800790068e-07 6.179224390170117e-07 2444213.155463266 2276
60 3.951962279936294e-07 5.881814625215083e-07 2466262.242511493 2016
63 3.316464895453569e-07 5.097969017443587e-07 2465268.790712281 1640
66 2.185141037807011e-07 3.556671358473519e-07 2484489.76139076 1056
69 1.571163641922927e-07 2.201803048150857e-07 2436344.378737134 683
72 6.71883414759337e-08 1.216115087514907e-07 2242540.118659426 350
75 4.081428554333247e-08 7.587347530529919e-08 2420013.306542537 192
78 1.068165358655675e-08 1.489534618280493e-08 2268197.292748012 44
81 4.468201350142595e-09 5.671137611770294e-09 1533405.514357377 25


3 3.071031184016173e-10 4.623623935204328e-10 4364845.624838443 18
6 2.484155612112159e-09 1.972248453156993e-09 3765723.958189069 62
9 5.581851678513389e-09 4.811977647555301e-09 3692707.886143711 98
12 1.496970736519877e-08 1.81628459527992e-08 4063025.496165882 210
15 2.903816274138958e-08 3.474738000018753e-08 3756828.30000552 350
18 4.909215456467639e-08 4.871225941509282e-08 3762865.29689058 450
21 7.398303943882934e-08 7.978679738651237e-08 3777459.775664133 602
24 9.553128896776269e-08 1.165173931585456e-07 3582206.861458114 762
27 1.491891076648383e-07 1.924541484804248e-07 3414803.359367724 1142
30 1.72166468991253e-07 2.355571514837353e-07 3342106.370910971 1250
33 2.176328031935199e-07 2.649862003872755e-07 3098979.037026193 1458
36 2.753858692318702e-07 3.426209393438222e-07 2920903.55304539 1814
39 3.580467131479393e-07 4.655992739216437e-07 2986532.807443036 2178
42 4.214006933460427e-07 5.601899751898647e-07 2878432.759750848 2498
45 4.638628580474903e-07 6.524484748309788e-07 2902602.193063616 2622
48 5.869245336083681e-07 8.001277024626596e-07 2782079.602566092 3191
51 5.654034390224879e-07 8.049225324384298e-07 2705406.070074837 3044
54 5.083836715119237e-07 7.578598346220106e-07 2620114.99402182 2736
57 4.198434904683805e-07 6.269555315469934e-07 2465962.399965864 2276
60 3.793429477946725e-07 6.084624159898636e-07 2485529.610867158 2016
63 3.280734901965998e-07 5.03892250499032e-07 2455743.441578304 1640
66 2.222211757640017e-07 3.462444982703321e-07 2484737.346379434 1056
69 1.502781859843666e-07 2.306619384126785e-07 2463673.375400549 683
72 6.897690179261102e-08 1.272328110719063e-07 2346839.67810401 350
75 4.078755556441499e-08 6.646213868444491e-08 2260356.54270084 192
78 1.112225847374929e-08 1.2064284619538e-08 2104031.19222188 44
81 3.014940878132435e-09 8.730601540211494e-09 1699328.157384802 25


3 2.963193479511042e-10 3.350487062775922e-10 3645883.310939723 18
6 2.711513071634713e-09 1.967478206076386e-09 3984916.762848659 62
9 5.824207991015186e-09 4.687882393061038e-09 3762873.132261103 98
12 1.437906652787864e-08 1.737260171162408e-08 3920530.071820811 210
15 2.957326851447081e-08 3.492725897801666e-08 3826150.250202103 350
18 4.779849119092162e-08 4.82975584217084e-08 3715919.632592335 450
21 7.301734812035022e-08 7.83616655348952e-08 3742259.239154867 602
24 9.644488484752271e-08 1.141542529522101e-07 3585680.323968372 762
27 1.471350899383171e-07 1.890783666977559e-07 3384541.124288802 1142
30 1.743211894168586e-07 2.268377021635164e-07 3318664.073320593 1250
33 2.116936648750329e-07 2.69806118914576e-07 3106733.935749833 1458
36 2.708888653712881e-07 3.466729361943788e-07 2935129.503610823 1814
39 3.547107890389574e-07 4.668491671390312e-07 2998153.839701259 2178
42 4.155194421331524e-07 5.64400525867262e-07 2891099.452348666 2498
45 4.700021171717145e-07 6.362251464427907e-07 2902148.760767054 2622
48 5.904434474787528e-07 7.896996609087114e-07 2790275.348658261 3191
51 5.524828901066705e-07 8.097740519742235e-07 2705468.788817132 3044
54 5.034668992737689e-07 7.56270197519523e-07 2625179.988732035 2736
57 4.164654339210748e-07 6.136582888258069e-07 2446321.815365052 2276
60 3.947010207684026e-07 5.809788439745408e-07 2484563.795361562 2016
63 3.184981851816045e-07 5.099044059842955e-07 2458421.587375312 1640
66 2.227557305431576e-07 3.334737977855008e-07 2454730.815414423 1056
69 1.376212519966264e-07 2.458614897455088e-07 2478474.368022306 683
72 7.803683148133662e-08 1.133671911907276e-07 2338828.249062903 350
75 4.18582707348571e-08 6.231689847809154e-08 2223837.111890532 192
78 9.373598818906579e-09 1.296118449299058e-08 2008518.001760295 44
81 3.420161971685878e-09 1.016690808706553e-08 1983125.652206431 25


3 3.25703458202499e-10 3.527784838789328e-10 3949339.046166097 18
6 2.728443109143343e-09 2.391893399540128e-09 4357019.190800967 62
9 5.478494081147636e-09 4.577382571966707e-09 3614941.887879303 98
12 1.441272121764648e-08 1.766512539484984e-08 3985428.711547781 210
15 2.911500862544769e-08 3.454699532978305e-08 3800725.849367952 350
18 4.613795024912506e-08 4.734973347514522e-08 3635330.557008411 450
21 7.125694139766562e-08 7.890203088555795e-08 3731491.458572442 602
24 9.288726806402581e-08 1.214940058873634e-07 3661310.311076459 762
27 1.469090608493486e-07 1.835430352370243e-07 3352645.906755666 1142
30 1.751704550425245e-07 2.138683708227803e-07 3247940.968500695 1250
33 2.061029873733813e-07 2.669868292488724e-07 3071356.969866283 1458
36 2.715576485907408e-07 3.450145475345557e-07 2951142.016458793 1814
39 3.476484792465097e-07 4.75869208421152e-07 3021354.452442023 2178
42 4.157066731894988e-07 5.635666985801816e-07 2909495.454916777 2498
45 4.618947477915157e-07 6.378397238553963e-07 2902674.091179681 2622
48 5.867841074322947e-07 7.895580830841921e-07 2800964.455608929 3191
51 5.43392561951781e-07 8.114734860021529e-07 2707796.247925162 3044
54 4.98534921014552e-07 7.597283181978086e-07 2639274.390870241 2736
57 4.146205156550288e-07 6.136562004758661e-07 2458808.864215421 2276
60 3.911892026319236e-07 5.860283380554199e-07 2503996.853544969 2016
63 3.210276138827084e-07 4.949831058723836e-07 2443783.56840974 1640
66 2.227446340292197e-07 3.273981738112302e-07 2447294.222126023 1056
69 1.332919909847193e-07 2.446479268434866e-07 2457976.276732823 683
72 8.326133963357728e-08 1.108634361906652e-07 2399621.441905508 350
75 4.135116440471733e-08 6.37080995692298e-08 2254102.748997914 192
78 7.134456010414352e-09 1.502329958735596e-08 1960059.114375199 44
81 6.168227686563798e-09 7.729285377639188e-09 2145272.462100524 25


3 3.885591978308987e-10 2.972471694841405e-10 4062395.088062719 18
6 2.961328274387263e-09 1.964815850967186e-09 4255653.255785205 62
9 5.363069123689719e-09 4.868382210659253e-09 3691667.715510616 98
12 1.467773227398773e-08 1.655417620162705e-08 3916349.316973476 210
15 2.791259493073179e-08 3.592638842321449e-08 3825961.891719235 350
18 4.617352665543505e-08 4.637732335703517e-08 3624717.190890191 450
21 7.165110994836342e-08 7.863279647861378e-08 3760012.11701065 602
24 8.851262346362764e-08 1.234415471243597e-07 3635756.864373913 762
27 1.463631877069512e-07 1.832396586436965e-07 3365728.375211682 1142
30 1.726607003755597e-07 2.155292318430529e-07 3259409.850789104 1250
33 2.020652767154384e-07 2.724520228455581e-07 3096331.529708602 1458
36 2.667006083049781e-07 3.56581901253599e-07 2997051.86185622 1814
39 3.453355896545414e-07 4.738708893772593e-07 3025080.055769694 2178
42 4.179462071633571e-07 5.487901474995636e-07 2894783.954224547 2498
45 4.52161073589328e-07 6.323269136575384e-07 2879859.748511275 2622
48 5.786406437073024e-07 7.985538621457452e-07 2818150.98131568 3191
51 5.400766651816456e-07 8.059238303568487e-07 2708033.741064399 3044
54 4.982006925862483e-07 7.408213385842224e-07 2618951.003346484 2736
57 4.233341128034414e-07 5.988763246186234e-07 2465472.183588823 2276
60 3.838937586446779e-07 5.754673172049859e-07 2474435.475305493 2016
63 3.315798202319059e-07 4.735617011890384e-07 2436093.794061076 1640
66 2.168070482468369e-07 3.321103590295651e-07 2452923.457476684 1056
69 1.455103801164516e-07 2.127943423293246e-07 2372860.295877823 683
72 7.696281502266363e-08 1.184716185257894e-07 2412854.236044734 350
75 4.065400674266706e-08 6.515414530381947e-08 2280322.836250293 192
78 6.29723262264886e-09 1.760846960740436e-08 2099641.033011927 44
81 6.412908723342327e-09 8.871391754880548e-09 2360611.139865056 25


3 3.740415503941196e-10 3.077023006920249e-10 4057288.080675409 18
6 2.99454009490431e-09 1.883069470115959e-09 4251827.572236061 62
9 5.333598979503581e-09 5.39110356056046e-09 3882066.379448846 98
12 1.468110828555773e-08 1.49349593138215e-08 3751100.352947916 210
15 2.808328265965371e-08 3.503740506533807e-08 3810888.350783878 350
18 4.581459868341828e-08 4.720495435772703e-08 3664131.998718058 450
21 7.204895353731014e-08 7.750118244931801e-08 3768847.668120341 602
24 8.79347008772361e-08 1.195389449472992e-07 3584228.591696256 762
27 1.495260513923929e-07 1.789405623492193e-07 3381047.479026678 1142
30 1.731139360885824e-07 2.15027472387579e-07 3280399.571862992 1250
33 1.993763168706308e-07 2.760200505910176e-07 3118379.088979051 1458
36 2.625585470775781e-07 3.58643439155422e-07 3003302.201651523 1814
39 3.49027382020475e-07 4.64414068332645e-07 3026232.183135923 2178
42 4.176249584181228e-07 5.35261869742316e-07 2874163.564049887 2498
45 4.543607583462602e-07 6.245882758545019e-07 2885059.284158586 2622
48 5.607605600503674e-07 8.061183085737544e-07 2809628.066325856 3191
51 5.496585693340374e-07 7.740390703804119e-07 2686372.828934177 3044
54 5.000193280898671e-07 7.250112417403021e-07 2608303.318695058 2736
57 4.258891971001686e-07 6.006723917125404e-07 2491756.492414271 2276
60 3.850941949536519e-07 5.679160036952071e-07 2475174.824599356 2016
63 3.233466512438503e-07 4.75961701418705e-07 2429892.877812027 1640
66 2.132591703265006e-07 3.370104070810934e-07 2470303.123479719 1056
69 1.530716400646827e-07 1.896238888586758e-07 2303693.527610769 683
72 6.660484654369539e-08 1.265495954074933e-07 2373035.033373165 350
75 3.961790050267576e-08 6.936857590031523e-08 2351791.312702675 192
78 9.311558592039564e-09 1.267534468750376e-08 2018897.149854196 44
81 6.71254266647736e-09 7.81084780053251e-09 2280796.7205525 25


3 3.850584276368347e-10 3.373941305434104e-10 4322044.387941526 18
6 2.862592234144673e-09 1.801610911695592e-09 4099202.589355238 62
9 5.63138424952721e-09 5.571340674526199e-09 4086251.578589615 98
12 1.437125503976849e-08 1.478933593340602e-08 3717021.083206465 210
15 2.841215899321645e-08 3.292282489429032e-08 3736511.60899016 350
18 4.493926621798856e-08 4.680769399010319e-08 3637067.029606825 450
21 7.277090213911993e-08 7.604925296122561e-08 3779702.531379036 602
24 8.946090423437904e-08 1.162541063404022e-07 3581402.477837402 762
27 1.499353073017732e-07 1.785600491236475e-07 3403526.944611484 1142
30 1.746269422423064e-07 2.096827168911351e-07 3272890.370237158 1250
33 2.008357070248409e-07 2.695946833327111e-07 3108220.299314547 1458
36 2.596910536392807e-07 3.545798013893265e-07 2987748.990693789 1814
39 3.478291795271861e-07 4.64631433784784e-07 3040530.169137183 2178
42 4.168156707333108e-07 5.240922425192385e-07 2858093.96429585 2498
45 4.549504591688355e-07 6.299818819292688e-07 2917665.525280187 2622
48 5.524726730900704e-07 7.950566927677563e-07 2786186.909961294 3191
51 5.489142165007531e-07 7.52578372765805e-07 2660507.115783821 3044
54 5.051265506175264e-07 7.191540345652335e-07 2624512.857038233 2736
57 4.174494850732634e-07 6.158509822052773e-07 2517633.519210572 2276
60 3.842352564612258e-07 5.643831467958473e-07 2478868.08691733 2016
63 3.128604387417418e-07 4.86295475647046e-07 2437039.213481643 1640
66 2.200329415133667e-07 3.226587552130096e-07 2460164.178636316 1056
69 1.430921949609746e-07 2.084346327834891e-07 2356825.972890536 683
72 6.736572361193381e-08 1.230129030796441e-07 2356681.88299082 350
75 4.029404600960601e-08 6.896644825081737e-08 2374074.688773565 192
78 1.096040828624957e-08 1.081650236638799e-08 2051851.670751718 44
81 4.836394649850291e-09 1.033940699934499e-08 2311953.285572487 25


3 4.613129167558279e-10 3.326669627527145e-10 4822498.813432408 18
6 2.649626054043501e-09 2.140106076057291e-09 4204909.958606775 62
9 5.660575105261461e-09 5.399864735693785e-09 4068563.160237752 98
12 1.396229002347667e-08 1.468697269650832e-08 3673694.061202818 210
15 2.817433994455481e-08 3.131607877515949e-08 3653842.856048309 350
18 4.369990129444463e-08 4.865720832613086e-08 3676063.403226265 450
21 7.250114521667192e-08 7.547077867071729e-08 3784455.986063535 602
24 8.895402634474879e-08 1.178855279032973e-07 3619891.554907002 762
27 1.488510074930575e-07 1.793136350951025e-07 3420136.724123512 1142
30 1.738229613974345e-07 2.078279659263167e-07 3271603.180020742 1250
33 2.05945160243808e-07 2.549671062330047e-07 3074679.017304239 1458
36 2.585960635962755e-07 3.556911007853393e-07 3004698.203221604 1814
39 3.447016106302654e-07 4.663812637956219e-07 3051944.40980579 2178
42 4.090055522600835e-07 5.28864297347549e-07 2862913.838416851 2498
45 4.642721042240332e-07 6.065021731615711e-07 2904900.684174398 2622
48 5.563757107193955e-07 7.787511125446069e-07 2780506.672691713 3191
51 5.510300415785817e-07 7.16086484859355e-07 2612921.044057413 3044
54 5.141285693725499e-07 7.004887407466819e-07 2625156.812833681 2736
57 4.030230772902027e-07 6.332792821663106e-07 2531366.969687792 2276
60 3.803915055254347e-07 5.748326965432567e-07 2506954.882264685 2016
63 3.153295090167223e-07 4.760285176101335e-07 2430963.817060403 1640
66 2.133734449401794e-07 3.266013264558063e-07 2456327.896205506 1056
69 1.279420351563119e-07 2.371836404470983e-07 2428915.350249226 683
72 7.504670665841424e-08 1.169843165406023e-07 2412076.55136908 350
75 4.177918729289181e-08 6.588230247118111e-08 2364006.638794104 192
78 9.893257837004948e-09 1.308358607073045e-08 2139693.802452967 44
81 3.961451506792225e-09 1.171503208423442e-08 2356835.680659347 25


3 4.979526678105678e-10 2.670407898099751e-10 4740348.938829891 18
6 2.511804422468734e-09 2.224320738426706e-09 4173654.172951782 62
9 5.628495782054303e-09 5.39998023418702e-09 4084940.783940607 98
12 1.371468079626767e-08 1.415001210454246e-08 3600609.484731688 210
15 2.857118460892411e-08 2.783610807510508e-08 3508110.60204362 350
18 4.286036045025831e-08 4.818532284966473e-08 3646379.531122796 450
21 7.168301597320481e-08 7.401323535550343e-08 3753234.506526092 602
24 8.910417501079602e-08 1.163513832065759e-07 3619855.951490197 762
27 1.476825722232559e-07 1.833011767390466e-07 3466696.451248276 1142
30 1.734584301273541e-07 2.045226353571292e-07 3263096.221952717 1250
33 2.048986557492543e-07 2.52329288936321e-07 3070092.822598079 1458
36 2.647339264799086e-07 3.492577585989955e-07 3027321.954647422 1814
39 3.374785213529449e-07 4.795193217086775e-07 3085286.870388015 2178
42 4.011937312016899e-07 5.393050883619298e-07 2883068.859591115 2498
45 4.589905320825747e-07 5.898309604907683e-07 2865318.984809804 2622
48 5.632705411602087e-07 7.648864824299152e-07 2786927.240117612 3191
51 5.4543361770636e-07 7.134091060788055e-07 2611062.527217114 3044
54 5.059163662904402e-07 7.019037967558355e-07 2623742.472910009 2736
57 4.072099956081552e-07 6.294146561000454e-07 2548821.357888612 2276
60 3.781990285664599e-07 5.72074448508506e-07 2508299.256276097 2016
63 3.104162279905496e-07 4.733053555132335e-07 2420087.70720032 1640
66 2.044270483996709e-07 3.406365335030982e-07 2481359.807995966 1056
69 1.284587041496831e-07 2.321283012858155e-07 2415025.508722364 683
72 8.311182810515493e-08 1.012218779694512e-07 2365524.426647806 350
75 4.18230965568303e-08 6.550677030737346e-08 2371363.325594267 192
78 9.040323425479471e-09 1.557463474039193e-08 2266873.683910916 44
81 5.692254214848391e-09 1.000261873774162e-08 2446127.0722355 25


3 4.546107801859364e-10 2.476627430928156e-10 4385444.552677589 18
6 2.488565166178745e-09 2.340983018005314e-09 4274602.829392718 62
9 5.544655012782748e-09 5.390236515610929e-09 4075988.442373902 98
12 1.308710457906749e-08 1.365660542236186e-08 3477362.388862718 210
15 2.898610143827129e-08 2.698732679314791e-08 3512721.402882149 350
18 4.311640884440901e-08 4.873434247474794e-08 3701839.537757335 450
21 6.883596906828552e-08 7.504634239776063e-08 3721931.702594885 602
24 8.73249691275514e-08 1.176737859270017e-07 3628559.347340756 762
27 1.46380386641575e-07 1.831560002799398e-07 3471986.244364982 1142
30 1.72572047055847e-07 1.998066592811093e-07 3238409.584154883 1250
33 2.033140759163861e-07 2.586813213504356e-07 3116702.25131582 1458
36 2.751023720425009e-07 3.373712489191928e-07 3049918.5914004 1814
39 3.347509498030504e-07 4.683901268330904e-07 3053622.737566584 2178
42 3.943864749426327e-07 5.565170704988726e-07 2925385.374809131 2498
45 4.449650736958987e-07 5.858776250353649e-07 2830130.665053769 2622
48 5.687798512695308e-07 7.449580560605546e-07 2779125.383965489 3191
51 5.273138476020732e-07 7.365102728727912e-07 2628073.161737265 3044
54 4.961409414295117e-07 6.830620663435073e-07 2578356.629912869 2736
57 4.267994011440709e-07 6.176291161557319e-07 2592994.574562037 2276
60 3.77830569327993e-07 5.646649842751455e-07 2504309.329357123 2016
63 2.983420181474068e-07 4.742866023061268e-07 2393952.739877854 1640
66 2.031922761827346e-07 3.3222142128375e-07 2454379.116564377 1056
69 1.34150763823026e-07 2.279165773438612e-07 2447863.618892389 683
72 7.813398270821086e-08 1.04184907304863e-07 2340584.672922676 350
75 4.156070507410592e-08 6.29571922681711e-08 2328159.55516136 192
78 8.213866859947229e-09 1.916213095392334e-08 2486456.899161559 44
81 8.588708720491285e-09 1.035996039492386e-08 3049497.929629351 25


3 4.170467748891761e-10 2.819955873630577e-10 4355559.331290485 18
6 2.376614004378865e-09 2.54434120705926e-09 4357490.297168106 62
9 5.361964152756529e-09 5.145483027676648e-09 3944963.740271426 98
12 1.240456052481352e-08 1.424891068715957e-08 3472152.793068069 210
15 2.876509929797693e-08 2.764610401772706e-08 3558204.911679925 350
18 4.276609960238711e-08 5.039135644086891e-08 3770983.035400608 450
21 6.690570212274101e-08 7.518746311165878e-08 3694013.813114201 602
24 8.452249972270854e-08 1.175950341495292e-07 3594308.45522634 762
27 1.444278965374727e-07 1.808707078583951e-07 3448867.773521537 1142
30 1.64254844921315e-07 2.049211160558958e-07 3218817.199382508 1250
33 2.080946594231951e-07 2.559388495155896e-07 3155790.344189164 1458
36 2.713210673936349e-07 3.36160933637038e-07 3042592.532124512 1814
39 3.243828394179492e-07 4.549822632369681e-07 2981305.510332926 2178
42 3.874259067770272e-07 5.790326050998382e-07 2982550.666161233 2498
45 4.341862054834447e-07 6.076073308404766e-07 2868537.457050068 2622
48 5.569845596391511e-07 7.496343030465781e-07 2777207.488508658 3191
51 5.21180439607047e-07 7.424001782058767e-07 2641028.009207617 3044
54 4.664656311085248e-07 7.210199971427281e-07 2595245.775699206 2736
57 4.311585023424032e-07 6.083686176950931e-07 2600754.651915274 2276
60 3.693316904357672e-07 5.652455357413434e-07 2495047.971882433 2016
63 2.990684812612062e-07 4.481765879142142e-07 2338033.421726891 1640
66 2.145495788367629e-07 3.069192496702854e-07 2425425.247835438 1056
69 1.442549502436406e-07 2.116059856020832e-07 2443514.848360474 683
72 6.573413432779024e-08 1.287540938178785e-07 2450246.529946624 350
75 4.400756915630673e-08 5.777561702467152e-08 2303773.997937596 192
78 7.706807223872954e-09 1.612964627335071e-08 2193126.338947515 44
81 8.179199815627133e-09 1.060797650799061e-08 3026384.972826065 25


3 4.276960744947725e-10 2.985980539617495e-10 4545054.239614349 18
6 2.321214071769943e-09 2.635286819777845e-09 4404027.681869337 62
9 5.216823932956713e-09 4.842763982992467e-09 3805576.153638938 98
12 1.251562235357262e-08 1.452166056706344e-08 3542705.310469873 210
15 2.807040170454713e-08 2.853929164626223e-08 3582901.103450189 350
18 4.222114340861741e-08 5.194609712883658e-08 3827986.795116967 450
21 6.430988887469853e-08 7.459824351674323e-08 3628219.397002788 602
24 8.586195452878305e-08 1.118689884041338e-07 3550371.066009837 762
27 1.407991421986289e-07 1.848976021247207e-07 3466977.002651048 1142
30 1.596195351085639e-07 2.029690839399736e-07 3178473.772990497 1250
33 2.111452957378069e-07 2.460899834396865e-07 3137805.913972662 1458
36 2.665104778308626e-07 3.416388444026947e-07 3059859.19040725 1814
39 3.246484954802988e-07 4.372831053355398e-07 2939694.762971115 2178
42 3.88377482359894e-07 5.751497682006543e-07 2994462.563324776 2498
45 4.245011969170227e-07 6.140676107259716e-07 2873035.970404437 2622
48 5.434863311946143e-07 7.652438988657852e-07 2792590.190966585 3191
51 5.121196902523355e-07 7.545933118493648e-07 2659697.486195781 3044
54 4.69195518123169e-07 7.137880032020232e-07 2604762.952062823 2736
57 4.228852470026031e-07 6.079840721298361e-07 2592861.746259703 2276
60 3.524369698712797e-07 5.716599627666091e-07 2474741.150869196 2016
63 2.94601971710007e-07 4.529690828119485e-07 2350581.091809522 1640
66 2.14780562081511e-07 3.088343176459316e-07 2450241.730567215 1056
69 1.47484948285577e-07 2.053924336697489e-07 2446735.258991413 683
72 6.351404700787498e-08 1.328018616716663e-07 2480273.142519806 350
75 3.756803426031038e-08 6.878735699104708e-08 2369350.885539456 192
78 1.075335266068053e-08 9.605367858516961e-09 1998616.178677761 44
81 5.826641506546145e-09 1.218992134731025e-08 2826085.220968597 25


3 4.821466893189596e-10 2.306305964348999e-10 4548601.5558955 18
6 2.220747438995154e-09 2.510449181051481e-09 4230476.85555171 62
9 5.011746457992987e-09 4.456930108881092e-09 3608508.649198538 98
12 1.363174441429172e-08 1.457489619799558e-08 3732310.112487734 210
15 2.834531154491789e-08 2.804342404981483e-08 3593946.992405985 350
18 4.183664754907183e-08 5.277914055649426e-08 3866486.101239508 450
21 6.319336786208561e-08 7.419644006628085e-08 3608895.216140333 602
24 8.754702356548358e-08 1.06672162908601e-07 3520847.987136316 762
27 1.43764727285381e-07 1.824096363686344e-07 3500464.381511781 1142
30 1.56289125947112e-07 2.012319541215233e-07 3152409.629403638 1250
33 2.065675888450259e-07 2.437334843400594e-07 3107403.432776948 1458
36 2.633959565805121e-07 3.509423292746164e-07 3105176.816606935 1814
39 3.259643415227731e-07 4.249585312757646e-07 2921001.292080508 2178
42 4.007327218733957e-07 5.480856990305166e-07 2980829.313255419 2498
45 4.149645032472311e-07 6.170856082499357e-07 2870397.870253506 2622
48 5.346758950533315e-07 7.72565426332215e-07 2804342.784101839 3191
51 5.11444169317328e-07 7.393431462618319e-07 2646839.935568327 3044
54 4.67138467542239e-07 7.157399300833764e-07 2621491.092117129 2736
57 4.112230944432535e-07 6.168227385525682e-07 2597017.455670385 2276
60 3.520574201285798e-07 5.531008738334722e-07 2445520.3641973 2016
63 2.890928969052706e-07 4.597641017933621e-07 2366225.116202538 1640
66 2.060065422370488e-07 3.179296395722333e-07 2457664.421094384 1056
69 1.440137109314899e-07 2.059610909974564e-07 2438413.710574089 683
72 7.211949391830029e-08 1.166168799328827e-07 2440328.744722206 350
75 3.607911672901481e-08 6.800351928240721e-08 2331634.113434487 192
78 9.707394522484204e-09 1.280966232404462e-08 2164573.493746358 44
81 4.842488630325823e-09 1.203782737372563e-08 2640579.540023663 25


3 5.078794573506183e-10 1.715511226721083e-10 4393154.870077902 18
6 2.164092665731601e-09 2.399589472416034e-09 4108507.79249595 62
9 4.910569664394193e-09 4.153758412034427e-09 3478405.969245641 98
12 1.413507922472858e-08 1.500641980149041e-08 3879559.493163148 210
15 2.83647434103964e-08 2.768362473051098e-08 3593723.231378302 350
18 4.115157281889996e-08 5.093067549565026e-08 3790615.012359818 450
21 6.387569056231765e-08 7.298778450273812e-08 3621478.151907585 602
24 8.662597035886197e-08 1.076533332887945e-07 3541518.570967754 762
27 1.475706921085906e-07 1.782532105613855e-07 3526884.510712329 1142
30 1.526535531138873e-07 2.036094979868134e-07 3157384.850151736 1250
33 1.99178162099757e-07 2.495547351997239e-07 3107744.440849195 1458
36 2.639044426598732e-07 3.439905186778549e-07 3096341.884389293 1814
39 3.247657149456544e-07 4.130946496446847e-07 2892374.240498705 2178
42 4.141379394652086e-07 5.306233790571662e-07 2997215.733255615 2498
45 4.102063303881293e-07 6.1894248162274e-07 2880981.850421675 2622
48 5.326818641944223e-07 7.647166844761278e-07 2803657.554110093 3191
51 5.105460997394208e-07 7.357600277460336e-07 2656238.586065859 3044
54 4.701001227996054e-07 6.83257273582352e-07 2581333.294196657 2736
57 4.096511401164196e-07 6.049754134109157e-07 2583442.917272637 2276
60 3.669910546857219e-07 5.265505857179533e-07 2443275.023199334 2016
63 2.929525220569641e-07 4.501612815598568e-07 2369629.306188848 1640
66 1.887684605374031e-07 3.344331675195007e-07 2453443.180871876 1056
69 1.310926846519543e-07 2.214045653193668e-07 2449649.834993334 683
72 8.159593469844322e-08 1.031725074687228e-07 2441205.11025126 350
75 3.858574739969458e-08 6.950660192738384e-08 2447040.636630111 192
78 7.832531497399886e-09 1.703906293198682e-08 2335154.34713199 44
81 4.989030901811932e-09 1.046623133307767e-08 2463136.162820494 25


3 5.360022254167824e-10 1.391613969949572e-10 4396301.256451353 18
6 2.025395751528312e-09 2.621002654223264e-09 4186175.010967649 62
9 4.669661809490103e-09 4.377878738109889e-09 3476191.926815399 98
12 1.432098577879685e-08 1.453262918516098e-08 3869730.628779537 210
15 2.829009985369619e-08 2.7780216150648e-08 3613826.324780373 350
18 4.091075148762942e-08 4.762285454074584e-08 3676472.952863605 450
21 6.340023446856239e-08 7.295849651138222e-08 3629419.107063957 602
24 8.544237769376976e-08 1.081517012363997e-07 3549813.900691167 762
27 1.478600661392571e-07 1.737899339050333e-07 3507571.729810175 1142
30 1.496393357461341e-07 2.048570242486017e-07 3160310.312373647 1250
33 1.989327141714216e-07 2.469588540983901e-07 3109474.487377234 1458
36 2.644189171368663e-07 3.376880140001857e-07 3089982.286651755 1814
39 3.174500650988769e-07 4.113252176117364e-07 2873447.141979358 2178
42 4.127276721075704e-07 5.437177484565691e-07 3050850.415995426 2498
45 4.104482368443562e-07 6.09073301942538e-07 2877094.442650771 2622
48 5.292678139008064e-07 7.570835729765693e-07 2800002.139238534 3191
51 5.170015662261721e-07 7.224900848413661e-07 2664097.798119374 3044
54 4.71731712733085e-07 6.663128762088459e-07 2568499.71609456 2736
57 4.114576247533053e-07 5.916950214566977e-07 2575698.791476295 2276
60 3.821242306949047e-07 5.14418052072133e-07 2476175.315767054 2016
63 3.006809992034622e-07 4.323983468369436e-07 2362329.711413796 1640
66 1.890044272448517e-07 3.235649821433912e-07 2426806.830377244 1056
69 1.206616583495506e-07 2.293335577571311e-07 2436514.234434972 683
72 8.049963358160335e-08 1.031927567851882e-07 2440224.307593821 350
75 4.270383634559399e-08 6.246862352223201e-08 2427121.256874838 192
78 7.244123539833668e-09 1.652776014565216e-08 2246018.778801033 44
81 6.028273962011111e-09 8.086813370890475e-09 2327261.88377949 25


3 5.571218133948979e-10 1.825963195854794e-10 4801069.294046433 18
6 1.963031525441438e-09 2.567992730077548e-09 4108382.971977707 62
9 4.559888685695537e-09 4.345826683610982e-09 3438881.310729618 98
12 1.437329253735554e-08 1.343755226723618e-08 3761098.934707162 210
15 2.752525512593962e-08 2.772868552705497e-08 3578589.349367888 350
18 4.098955021446416e-08 4.690715168035516e-08 3675107.106334458 450
21 6.218687864930365e-08 7.35525214942882e-08 3632312.166796629 602
24 8.487962109891705e-08 1.086776247648258e-07 3571236.299181304 762
27 1.449477427908712e-07 1.709562713497719e-07 3466258.914468352 1142
30 1.492503504823344e-07 2.029553323127993e-07 3162214.317248227 1250
33 2.012185996806173e-07 2.465898080838782e-07 3144559.07213533 1458
36 2.580606704690026e-07 3.327726171411798e-07 3051048.18408882 1814
39 3.108309338043267e-07 4.200865351259537e-07 2896559.518170283 2178
42 4.137607366312533e-07 5.426952819987858e-07 3071747.655248864 2498
45 4.148262651452714e-07 5.978565920500066e-07 2881257.773514776 2622
48 5.276470388657883e-07 7.53168639203979e-07 2807525.056702735 3191
51 5.163120785221119e-07 7.096054204462821e-07 2654691.92331428 3044
54 4.768088224346265e-07 6.517056183944839e-07 2567965.667842588 2736
57 4.084311294760674e-07 5.866389591918971e-07 2572678.248461184 2276
60 3.832295040406812e-07 5.209754618987164e-07 2512755.862297559 2016
63 3.037967356406312e-07 4.226467598853294e-07 2360515.596601066 1640
66 2.047930533878917e-07 2.916639438151339e-07 2388405.826680921 1056
69 1.29659036462922e-07 2.128117379962048e-07 2419384.234291496 683
72 6.87618748132049e-08 1.159382660498791e-07 2435352.178423763 350
75 4.400188688984073e-08 5.771904725231019e-08 2376841.923429485 192
78 9.452038548078369e-09 1.278685032039255e-08 2176748.39786777 44
81 5.796026088386834e-09 7.316988228095428e-09 2183189.64669111 25


3 5.505552035713991e-10 2.561923902360763e-10 5217481.641208039 18
6 1.938466449373753e-09 2.521740533049805e-09 4070997.953877416 62
9 4.45833521149854e-09 4.412959217368759e-09 3442156.784481362 98
12 1.405231188196405e-08 1.332302722100712e-08 3722465.161357648 210
15 2.635840545119322e-08 2.710158176631767e-08 3481158.138491871 350
18 4.144791439127618e-08 4.613386645118905e-08 3687911.454607555 450
21 6.161711962780711e-08 7.326870082542683e-08 3631573.478886286 602
24 8.531483320829252e-08 1.06368148832844e-07 3562272.124015454 762
27 1.437498289124972e-07 1.6930225063758e-07 3456682.329903519 1142
30 1.504600240481769e-07 2.031824092323268e-07 3196498.230863486 1250
33 2.025173847493047e-07 2.410762396782101e-07 3137688.869548744 1458
36 2.533324051362449e-07 3.275688407037215e-07 3018709.44337545 1814
39 3.080097026398865e-07 4.167281622111815e-07 2890579.569197035 2178
42 4.137999452829183e-07 5.390440259799115e-07 3080551.108896165 2498
45 4.234586122275386e-07 5.768984614949003e-07 2870785.146241863 2622
48 5.299921030266013e-07 7.484556528536905e-07 2821823.445563652 3191
51 5.094089145125771e-07 7.147204750099274e-07 2665830.435501349 3044
54 4.811237161811259e-07 6.283052123584404e-07 2545474.272856025 2736
57 4.082022732406246e-07 5.637048673851216e-07 2533304.917175244 2276
60 3.79108524741286e-07 5.276993223020554e-07 2533595.752465754 2016
63 3.013724243849203e-07 4.189281198073447e-07 2355715.69521033 1640
66 2.110289825533977e-07 2.768738843074521e-07 2371323.460837278 1056
69 1.474001791853586e-07 1.867115160326978e-07 2405338.281351074 683
72 6.113946553453456e-08 1.261678755827699e-07 2463248.740553666 350
75 4.034639610406916e-08 6.357566148262057e-08 2420945.199198158 192
78 1.007018979958462e-08 1.127096213690717e-08 2123098.832529739 44
81 5.11442318013755e-09 8.212038854813295e-09 2203844.288471255 25


3 4.982469685099381e-10 3.000933416959182e-10 5163619.142013656 18
6 1.999651785681941e-09 2.504743424400133e-09 4140960.662477106 62
9 4.524816517219536e-09 4.702531840690588e-09 3597781.433849243 98
12 1.328265560646822e-08 1.39471430358033e-08 3714689.947374364 210
15 2.502753563589267e-08 2.730455574772934e-08 3422867.928247336 350
18 4.221248247736941e-08 4.588093642932989e-08 3735294.183737699 450
21 6.041391763194114e-08 7.418604264150077e-08 3642469.886718379 602
24 8.395880007872905e-08 1.057034492806096e-07 3545178.043903257 762
27 1.424133323159775e-07 1.707320218552455e-07 3477020.065357041 1142
30 1.514392831597447e-07 2.050829133217652e-07 3241753.848736979 1250
33 1.967691726817189e-07 2.395861711642572e-07 3103077.436748484 1458
36 2.504122465754638e-07 3.241625174245949e-07 3003901.373962267 1814
39 3.066325017290167e-07 4.136781914078201e-07 2890645.452058364 2178
42 4.139325844795661e-07 5.331410052443078e-07 3081829.285692993 2498
45 4.301446330019636e-07 5.593144750786433e-07 2861737.64751835 2622
48 5.32610699895186e-07 7.453272376511014e-07 2838720.825615363 3191
51 5.073677798694626e-07 7.151578366099892e-07 2677965.090810169 3044
54 4.670930973997259e-07 6.397437353414427e-07 2549983.123545995 2736
57 3.98659737678686e-07 5.600452703650184e-07 2512202.736751239 2276
60 3.662777518996523e-07 5.348408477564511e-07 2527680.122147358 2016
63 2.927468969675394e-07 4.366000259315845e-07 2392190.909948471 1640
66 2.096665654909292e-07 2.741852069154878e-07 2366322.176874281 1056
69 1.489965339407123e-07 1.799572662126071e-07 2388131.993237274 683
72 6.3948017034498e-08 1.219318266208831e-07 2467903.228209271 350
75 3.676828120145235e-08 7.080047329026478e-08 2496021.485372996 192
78 8.509931342620249e-09 1.34750040407985e-08 2160358.719556492 44
81 5.381904001237198e-09 8.276577678657388e-09 2277736.430638919 25


3 4.235591869853705e-10 3.220471296653281e-10 4825816.401322525 18
6 2.129605296081416e-09 2.548543303483357e-09 4332485.919303369 62
9 4.778275945471341e-09 4.798711410607961e-09 3762462.057691759 98
12 1.285035917459278e-08 1.369139195878653e-08 3642308.612116499 210
15 2.419727877456169e-08 2.759928235409012e-08 3404084.946604005 350
18 4.340643978374029e-08 4.495131281591712e-08 3776378.14460615 450
21 5.8411430797901e-08 7.544943431239516e-08 3637747.168914685 602
24 8.33886743294216e-08 1.035242369685733e-07 3516161.89031872 762
27 1.408813573442059e-07 1.714476027526898e-07 3487082.157552801 1142
30 1.562262345923277e-07 1.996747938820508e-07 3261413.452417075 1250
33 1.903416799805974e-07 2.41636856302124e-07 3085685.6310824 1458
36 2.436714341300603e-07 3.274112116132683e-07 2998938.751951894 1814
39 3.097468950677439e-07 4.071576886346621e-07 2896433.566312209 2178
42 4.108251341360581e-07 5.311791971050694e-07 3082918.680272215 2498
45 4.397851529258938e-07 5.439815126562313e-07 2867808.587605729 2622
48 5.40670089258495e-07 7.391696960426978e-07 2861920.798847985 3191
51 5.124825297822223e-07 6.923530363831401e-07 2659044.253306185 3044
54 4.500632869627329e-07 6.556797378869266e-07 2555304.316416261 2736
57 3.84262857406697e-07 5.695411946923904e-07 2507655.787773274 2276
60 3.52337250608195e-07 5.423480948828535e-07 2517726.312773772 2016
63 2.897941683778884e-07 4.393675588271862e-07 2403170.991130018 1640
66 1.993257751385309e-07 2.882775373028365e-07 2386961.335902629 1056
69 1.2906430819495e-07 2.006332062104027e-07 2377570.869088056 683
72 7.652971389336758e-08 1.000187924980768e-07 2402142.36532348 350
75 3.895337860684137e-08 6.643645543648067e-08 2473518.688430829 192
78 7.582353615676765e-09 1.396865016633319e-08 2112213.861184482 44
81 5.501646369141272e-09 8.307815460026503e-09 2318216.652200466 25


3 3.468263185275928e-10 3.011017052963831e-10 4206690.113225317 18
6 2.236818671216525e-09 2.605846681894494e-09 4516093.929963168 62
9 4.854559359705306e-09 5.058516388692734e-09 3915307.628462922 98
12 1.24400794826294e-08 1.361858235194994e-08 3595634.078772781 210
15 2.33504827043298e-08 2.951454685046791e-08 3482311.808048735 350
18 4.406211712372962e-08 4.305315356871804e-08 3756336.351155658 450
21 5.667446467430636e-08 7.672890906023803e-08 3639345.265798646 602
24 8.403982368219181e-08 1.035542315691955e-07 3550705.329456219 762
27 1.379350624438146e-07 1.74435546772332e-07 3502972.790301103 1142
30 1.585983570513016e-07 1.967183482957871e-07 3278756.424602191 1250
33 1.843574943451212e-07 2.465618962306077e-07 3089343.56838633 1458
36 2.406739915809774e-07 3.213506871811208e-07 2968648.755465475 1814
39 3.131297671183338e-07 3.987287869347997e-07 2896320.383524636 2178
42 4.044402196142953e-07 5.36656698467236e-07 3094205.301760537 2498
45 4.47119226457791e-07 5.410162048849291e-07 2900589.205738774 2622
48 5.5541556868161e-07 7.13605547720748e-07 2861660.812037954 3191
51 5.091636354392428e-07 6.786402278625924e-07 2637900.11705858 3044
54 4.42617312981881e-07 6.478290781315586e-07 2532943.862488346 2736
57 3.748120427781736e-07 5.705559513111101e-07 2495465.144085013 2276
60 3.463820331593065e-07 5.443585859326261e-07 2517057.970145309 2016
63 2.878632774047053e-07 4.350717170358115e-07 2395607.917389881 1640
66 1.826442206172202e-07 3.156725403855056e-07 2430033.430240941 1056
69 1.166980030046851e-07 2.100772396240466e-07 2350472.406350655 683
72 8.072352324546649e-08 9.584308104580568e-08 2429702.488875336 350
75 4.409922005098632e-08 5.360038381719886e-08 2349942.355226974 192
78 7.175751432634672e-09 1.482364742901083e-08 2152497.085085932 44
81 5.30865975398832e-09 8.051888247354807e-09 2254726.028071102 25


3 3.105200737760844e-10 2.845618365284181e-10 3884246.817613053 18
6 2.189007989151659e-09 2.655042467799146e-09 4537627.292988565 62
9 4.798833301741086e-09 5.464715449022998e-09 4065659.822142635 98
12 1.225426856730484e-08 1.392629359477999e-08 3630151.34098191 210
15 2.29727665138584e-08 2.949465780566797e-08 3473921.03861709 350
18 4.338096846321643e-08 4.339476956425937e-08 3764198.270254065 450
21 5.671547035671606e-08 7.496007482245321e-08 3615657.234710163 602
24 8.337495704384767e-08 1.02802991544379e-07 3544706.416164389 762
27 1.360996095094291e-07 1.741153685846284e-07 3497281.837716355 1142
30 1.578261030267868e-07 1.961104338529585e-07 3285115.577710041 1250
33 1.764222627376981e-07 2.527795108652649e-07 3084497.40448361 1458
36 2.431769019426313e-07 3.116880022994024e-07 2952884.262048898 1814
39 3.106602869817932e-07 4.031510573754242e-07 2918566.235066209 2178
42 3.98380516813021e-07 5.325287964340524e-07 3076973.776174272 2498
45 4.371742039281943e-07 5.617038956739426e-07 2941238.109504226 2622
48 5.480501093065008e-07 7.114921628094031e-07 2855385.924077808 3191
51 4.974843915236716e-07 6.846544782811673e-07 2635961.946860688 3044
54 4.494843804230659e-07 6.262100200440496e-07 2518427.521310193 2736
57 3.737593191253864e-07 5.715878766173172e-07 2507685.054205972 2276
60 3.479488516781288e-07 5.28360173755527e-07 2493437.103134331 2016
63 2.893978019827721e-07 4.303248245885427e-07 2399670.788219206 1640
66 1.800002383821332e-07 3.214478855618485e-07 2452394.247679716 1056
69 1.165240877966367e-07 2.079490681960752e-07 2345753.605605801 683
72 6.974165165094609e-08 1.167631494482924e-07 2529486.480296115 350
75 4.348448841905893e-08 5.457423857392571e-08 2368474.081320604 192
78 9.153593169141087e-09 1.403517000568534e-08 2320472.987563324 44
81 5.05996483375133e-09 8.031311163763346e-09 2214382.453803153 25


3 2.959928315337766e-10 2.968347306522637e-10 3881552.126621451 18
6 2.153668129454292e-09 2.532509321344841e-09 4422576.127080261 62
9 4.918537263274872e-09 5.364014859670728e-09 4107080.179931597 98
12 1.236738154658942e-08 1.408207364320979e-08 3690437.828661233 210
15 2.379048593135028e-08 2.690976016241504e-08 3396612.466159034 350
18 4.142107866922529e-08 4.287089553343659e-08 3675513.040642321 450
21 5.664463848207751e-08 7.240908977870045e-08 3569612.418227331 602
24 8.098100458969632e-08 1.018602787834717e-07 3498793.976184723 762
27 1.361266885216179e-07 1.709611667426235e-07 3485547.213851397 1142
30 1.606585211873662e-07 1.968193183394356e-07 3340265.509834221 1250
33 1.737219842968811e-07 2.47225443272452e-07 3042731.753564415 1458
36 2.447457666672818e-07 3.063763385175482e-07 2953772.655581919 1814
39 3.049165037250403e-07 4.185854181668304e-07 2966944.566317988 2178
42 3.878881857085879e-07 5.326316981611357e-07 3055866.621045689 2498
45 4.181645116877873e-07 5.802369621895898e-07 2945185.871076423 2622
48 5.340955938851195e-07 7.275374574534736e-07 2869510.331594594 3191
51 4.938700100257404e-07 6.744519043750216e-07 2621134.116483777 3044
54 4.366840646129867e-07 6.417156968977459e-07 2531473.018614382 2736
57 3.850849935037746e-07 5.459660048682194e-07 2493773.364345908 2276
60 3.557317125018959e-07 5.126264196933905e-07 2491749.791945341 2016
63 2.862238146191105e-07 4.447344337804816e-07 2444105.001965336 1640
66 1.882671580691773e-07 3.117517431933121e-07 2468408.137611804 1056
69 1.247712096065758e-07 1.930155249507243e-07 2329050.72751313 683
72 6.569304012565893e-08 1.205638901002641e-07 2524676.062071557 350
75 3.614677300536897e-08 6.715359320896356e-08 2447046.275876657 192
78 1.09709123330309e-08 1.33819403413517e-08 2488646.595189357 44
81 4.571510937543883e-09 8.538637578003208e-09 2205759.86384692 25


3 3.243164040921704e-10 2.625523760611499e-10 3907297.924336342 18
6 2.059868001113644e-09 2.488459571494654e-09 4313205.967853413 62
9 4.602348277518824e-09 5.692461715171252e-09 4112743.300915987 98
12 1.300335295422554e-08 1.341062178616408e-08 3726395.460456291 210
15 2.281951159929724e-08 2.755794393339161e-08 3385108.187986299 350
18 3.914140005166997e-08 4.459593142994848e-08 3657335.146765893 450
21 5.585327040095953e-08 7.146776351623516e-08 3542612.380815007 602
24 8.095083066603786e-08 9.795528997687e-08 3450853.229746077 762
27 1.40851541017129e-07 1.686133272787092e-07 3542323.039858956 1142
30 1.646490698266696e-07 1.919162820738485e-07 3360599.63666395 1250
33 1.755756113010693e-07 2.348461999991944e-07 2993429.516323246 1458
36 2.373636452557576e-07 3.101136949092257e-07 2945322.726689812 1814
39 3.043026235110081e-07 4.246499684020146e-07 3004274.952901244 2178
42 3.771812641325265e-07 5.247917361405431e-07 3009804.699761713 2498
45 4.064981371212292e-07 5.802399289069034e-07 2923341.246491763 2622
48 5.228561270774876e-07 7.351407215125186e-07 2873057.461637642 3191
51 4.858628073746624e-07 6.90669099046431e-07 2649089.308707416 3044
54 4.369375928223523e-07 6.211329218206829e-07 2502991.157006579 2736
57 3.90956797381644e-07 5.256896821771316e-07 2477380.617340567 2276
60 3.56370361006319e-07 5.148503713957615e-07 2514185.346166711 2016
63 2.865325175235052e-07 4.556499284657435e-07 2492324.631101586 1640
66 2.054435006837518e-07 2.822853247813107e-07 2449886.401695858 1056
69 1.270002845015981e-07 1.893769754624911e-07 2337541.761408665 683
72 6.465400704852951e-08 1.230493669703961e-07 2552469.640876323 350
75 3.638885948449646e-08 6.51668915996236e-08 2424797.964981526 192
78 9.402403881340462e-09 1.377026700548155e-08 2352293.543937596 44
81 3.502215478439068e-09 9.202302705065764e-09 2102433.468652924 25


3 3.093525268129221e-10 3.024110260786756e-10 4060643.798921697 18
6 2.002923472997524e-09 2.557767191522528e-09 4339553.074582824 62
9 4.800765280568873e-09 5.599877404686219e-09 4192244.611041401 98
12 1.300588583839693e-08 1.397446331751638e-08 3821529.612196548 210
15 2.309350425263918e-08 2.757638592245808e-08 3427382.415678916 350
18 3.858032313078934e-08 4.547552195037678e-08 3687279.879676407 450
21 5.537171583298426e-08 6.655166013084979e-08 3423632.884647931 602
24 8.202888949119305e-08 9.747953966597126e-08 3486624.054386839 762
27 1.405457693039427e-07 1.707430821478925e-07 3582064.163990015 1142
30 1.637753453897156e-07 1.917539484503776e-07 3370260.929565588 1250
33 1.772468771114761e-07 2.299552212132993e-07 2992728.635540609 1458
36 2.325159314247576e-07 3.075156866313275e-07 2921072.021348013 1814
39 3.060404626966597e-07 4.284717621699841e-07 3045184.904387053 2178
42 3.778658881985509e-07 5.025990149867918e-07 2963181.015838542 2498
45 3.978982693423101e-07 5.830814367760905e-07 2919895.789038002 2622
48 5.111162235282795e-07 7.215428382531888e-07 2831757.614429161 3191
51 4.813282201048498e-07 7.063932871226324e-07 2685806.96330901 3044
54 4.337855764905011e-07 6.174764021172974e-07 2501860.220859457 2736
57 3.825125569515076e-07 5.34925632797749e-07 2488757.553220941 2276
60 3.519880513743666e-07 5.114516103634618e-07 2506083.780483257 2016
63 2.910283691662839e-07 4.4284473674926e-07 2486296.329764422 1640
66 2.085696551175916e-07 2.752300242105341e-07 2451053.341342547 1056
69 1.295898416248586e-07 1.887467063438995e-07 2369964.924575399 683
72 7.245998892910608e-08 1.083864492158397e-07 2513116.535835239 350
75 3.581655373832983e-08 6.570731310553716e-08 2435176.290883048 192
78 7.934825968281665e-09 1.404496125162646e-08 2216096.643600074 44
81 5.191961411825945e-09 4.468915845347498e-09 1736387.918877567 25


3 2.665440055170738e-10 2.850792613993222e-10 3666783.034451799 18
6 1.996954351127616e-09 2.440929812174859e-09 4257329.993541081 62
9 5.554340358934237e-09 5.656951045020483e-09 4573781.325014697 98
12 1.298948228108549e-08 1.388321330416781e-08 3828893.646453088 210
15 2.39919624431844e-08 2.514777913941467e-08 3363772.035262316 350
18 3.875202133517005e-08 4.654650015537487e-08 3760850.452692995 450
21 5.446473159568819e-08 6.430289531660356e-08 3357837.303148241 602
24 8.320737086368011e-08 9.698684215850001e-08 3524033.42046321 762
27 1.393337742055196e-07 1.687406266131385e-07 3567036.906883447 1142
30 1.623393838133494e-07 1.878995396423522e-07 3341585.642725824 1250
33 1.78808946026199e-07 2.295903567275841e-07 3021751.467997828 1458
36 2.291607381525776e-07 3.093876578005376e-07 2928390.990679038 1814
39 3.134380185046687e-07 4.153513137930025e-07 3049297.993779684 2178
42 3.755348863634958e-07 4.907014576096597e-07 2936205.813952692 2498
45 3.963709105188458e-07 5.708531021815727e-07 2900450.550965748 2622
48 4.978354830379649e-07 7.166360545705277e-07 2805024.643541233 3191
51 4.866712995144755e-07 7.076323576276954e-07 2719714.005455594 3044
54 4.259725224355946e-07 6.169104713000891e-07 2495500.020474838 2736
57 3.751428322878538e-07 5.553970575133598e-07 2532242.436896592 2276
60 3.435424608942215e-07 5.076763881697103e-07 2484166.205262986 2016
63 3.002962152101195e-07 4.210304269322263e-07 2471626.728054281 1640
66 1.87859824356505e-07 2.869889914506389e-07 2399220.903510752 1056
69 1.313911137971679e-07 1.993614145104725e-07 2471976.089939114 683
72 7.273911050566906e-08 1.093698335485675e-07 2546125.650065583 350
75 3.344764678667808e-08 7.010117180490342e-08 2481219.891090265 192
78 6.191194348176797e-09 1.775309423795923e-08 2362205.493805502 44
81 3.84130043863507e-09 7.187578872516097e-09 1889977.688619111 25


3 2.27694981931974e-10 2.537603247017783e-10 3212996.136824027 18
6 2.000673441669604e-09 2.357559949518874e-09 4212903.398334598 62
9 6.021686537099074e-09 5.587231416119953e-09 4778460.596072448 98
12 1.295787729406347e-08 1.300864586185113e-08 3729402.527850532 210
15 2.380897665281699e-08 2.480408995148945e-08 3346357.325189412 350
18 3.852801609337279e-08 4.665780348336242e-08 3777425.834520563 450
21 5.495265053862949e-08 6.430501912953387e-08 3393041.641624887 602
24 8.293399912076902e-08 9.474715887586047e-08 3498298.54853091 762
27 1.417874150083534e-07 1.600903663004732e-07 3527007.398558078 1142
30 1.611543981930803e-07 1.829267011131557e-07 3304743.57810659 1250
33 1.818206401864477e-07 2.237148374974107e-07 3025247.161984998 1458
36 2.311963414897271e-07 3.065156804959809e-07 2945495.284292407 1814
39 3.151673841367853e-07 4.109836222270212e-07 3060123.623815901 2178
42 3.645235177473732e-07 4.929365667990439e-07 2920408.900484048 2498
45 4.008261261673235e-07 5.554723665180756e-07 2892576.211825067 2622
48 4.886103357428283e-07 7.197144125685676e-07 2806870.822204138 3191
51 4.956090477290301e-07 6.902956564612173e-07 2724824.615212779 3044
54 4.192418524057673e-07 6.284829830603058e-07 2519879.231952445 2736
57 3.692965791027853e-07 5.712035609822322e-07 2571294.619368453 2276
60 3.4445992659705e-07 4.997114949320063e-07 2482888.773311196 2016
63 2.935213307324957e-07 4.124346970348847e-07 2434513.594596745 1640
66 1.767926251568451e-07 2.952915563488214e-07 2390338.989593982 1056
69 1.326463431831983e-07 2.036917653880183e-07 2529333.014371415 683
72 7.287600082819186e-08 1.042154126250383e-07 2500084.715029337 350
75 4.051156562436417e-08 6.105079419249524e-08 2501118.09713327 192
78 9.215981388202274e-09 1.179419110651832e-08 2192436.420299558 44
81 2.98088318074412e-09 6.89952725206521e-09 1685655.638879942 25


3 2.301385635210094e-10 2.238877543660826e-10 3061760.931627243 18
6 2.101293291246911e-09 2.28868189455238e-09 4280905.100723082 62
9 5.791408250175403e-09 5.366768284431563e-09 4614576.020466799 98
12 1.313686140570835e-08 1.215795941147585e-08 3661731.319322488 210
15 2.342815489660294e-08 2.610023779014185e-08 3419710.644191573 350
18 3.889801985933245e-08 4.587075949141727e-08 3785920.109812201 450
21 5.514660656161349e-08 6.594844302088047e-08 3463366.213146932 602
24 8.175160425866418e-08 9.1794047314778e-08 3439048.99848073 762
27 1.418564075934391e-07 1.572307015451589e-07 3516953.891983478 1142
30 1.590769123156717e-07 1.804518975677607e-07 3279997.400853542 1250
33 1.835598993485148e-07 2.16799403791707e-07 3009968.509910983 1458
36 2.342087263407005e-07 3.068329547800882e-07 2984903.243968928 1814
39 3.1084979318656e-07 4.07729384819647e-07 3047382.719398153 2178
42 3.61810894746276e-07 4.849119051164709e-07 2904379.453187514 2498
45 4.096879964668377e-07 5.339381921773929e-07 2881124.533488431 2622
48 4.914905112645658e-07 7.099941461587489e-07 2813384.629136817 3191
51 4.957421699854668e-07 6.82688544916333e-07 2727505.552082878 3044
54 4.292041587088052e-07 6.052950431941492e-07 2512856.542920154 2736
57 3.666427591177403e-07 5.690790935459201e-07 2576754.347738787 2276
60 3.399571548206011e-07 5.038533247533735e-07 2496641.525817291 2016
63 2.86054137231091e-07 4.143635728417934e-07 2428161.804422148 1640
66 1.819011069499424e-07 2.821208274209128e-07 2376214.273309308 1056
69 1.301566707494794e-07 2.009767347640659e-07 2507410.990653005 683
72 7.150061653086809e-08 1.081138098198706e-07 2545300.289742975 350
75 4.606417605760063e-08 5.62755053879373e-08 2566895.785616922 192
78 1.003582252820184e-08 1.003356359686693e-08 2136185.106465207 44
81 3.162658100466251e-09 5.657633068606817e-09 1539688.472526234 25


3 2.527498348471326e-10 1.882683125539419e-10 3011958.394335941 18
6 2.169359490718445e-09 2.096780646214735e-09 4198350.283554123 62
9 5.550196023678964e-09 5.159413081778694e-09 4450426.711710149 98
12 1.329012377770005e-08 1.163020119454559e-08 3630959.734205088 210
15 2.31752674174442e-08 2.746157213977688e-08 3510513.74028309 350
18 3.932673393420275e-08 4.554256419584961e-08 3815878.493288425 450
21 5.485316562539817e-08 6.692237137351291e-08 3502448.076100275 602
24 8.136851141372205e-08 9.040891749545607e-08 3425162.712655278 762
27 1.393212984534973e-07 1.570805310727658e-07 3503746.939647086 1142
30 1.572739117245326e-07 1.799799107889105e-07 3276378.338865547 1250
33 1.829609307940158e-07 2.163178018317648e-07 3020062.941265209 1458
36 2.362354178835971e-07 3.062388445265683e-07 3013765.816014362 1814
39 3.034057493055928e-07 4.023725604479841e-07 3011831.172674622 2178
42 3.634019343892438e-07 4.831699808472069e-07 2924213.900270388 2498
45 4.13635208620856e-07 5.160998364067636e-07 2861796.403353703 2622
48 4.942584568339354e-07 6.932089811035424e-07 2803261.501065352 3191
51 4.993240586048252e-07 6.644439012258457e-07 2715405.000477022 3044
54 4.388277854286245e-07 5.925229530864734e-07 2526758.818486114 2736
57 3.733376898530171e-07 5.46148675600318e-07 2556723.464083401 2276
60 3.339312094873241e-07 5.08827124841306e-07 2508314.908689891 2016
63 2.751671384296924e-07 4.306116785066968e-07 2455592.46211587 1640
66 1.864832099237266e-07 2.715901678852778e-07 2369319.512829326 1056
69 1.274186940656212e-07 1.984729362292149e-07 2484436.207759029 683
72 6.751021880438713e-08 1.171395896846718e-07 2618227.081081304 350
75 4.371263514475156e-08 6.140336791055162e-08 2633664.538197834 192
78 8.834058221574393e-09 1.189216892750434e-08 2182926.696501039 44
81 3.673825200864735e-09 5.504464333427691e-09 1629233.800862 25


3 2.576612070519318e-10 1.833853662195481e-10 3029473.386806966 18
6 2.102041287822034e-09 2.108187537651009e-09 4162129.308003388 62
9 5.36803106262405e-09 4.73745365969668e-09 4227235.950796863 98
12 1.308394343999379e-08 1.1994186286801e-08 3668423.415623132 210
15 2.307015464435217e-08 2.795756250430017e-08 3557388.831379848 350
18 3.931387150996048e-08 4.4889622042806e-08 3810399.804575574 450
21 5.411504046166095e-08 6.754859402865082e-08 3518963.65300132 602
24 8.232302266393579e-08 8.925772594210553e-08 3443793.18619729 762
27 1.360816313103028e-07 1.562451230534755e-07 3474453.120133563 1142
30 1.562860522056354e-07 1.817831742128346e-07 3302495.643146759 1250
33 1.827979909014625e-07 2.169029801076073e-07 3041395.409962295 1458
36 2.366902812990802e-07 3.06032915166559e-07 3034701.940811615 1814
39 2.993680902469302e-07 3.907575200059458e-07 2965568.72993337 2178
42 3.662499093180014e-07 4.741251527605553e-07 2924079.190377779 2498
45 4.165351588937381e-07 5.086246465699868e-07 2867504.068000084 2622
48 4.973063777238109e-07 6.794744338603088e-07 2798874.871592219 3191
51 4.973511500810126e-07 6.502361802892226e-07 2696478.040486499 3044
54 4.439640047546102e-07 5.849445945843135e-07 2539263.050052219 2736
57 3.804793967832526e-07 5.305890364310511e-07 2554805.274189844 2276
60 3.317729893133398e-07 5.093668462751959e-07 2519866.277067105 2016
63 2.755440446020249e-07 4.275285952881529e-07 2463888.746760264 1640
66 1.912628131248416e-07 2.6070488672106e-07 2359641.021322434 1056
69 1.247209038025517e-07 2.005696734756739e-07 2493451.097389751 683
72 6.773116675945071e-08 1.156890406849403e-07 2621206.049438206 350
75 3.935282126324778e-08 6.649298251137053e-08 2646588.874994584 192
78 6.343590187202634e-09 1.66673455127928e-08 2366748.762028322 44
81 3.890328268854374e-09 6.972797554367757e-09 1924490.617636692 25


3 2.611502800732375e-10 1.868522381859e-10 3094791.4537336 18
6 2.079746916392377e-09 2.173126206400866e-09 4224899.326567244 62
9 5.217819485677865e-09 4.518018621391229e-09 4098457.532330949 98
12 1.27404161276595e-08 1.249730872071338e-08 3707280.091341811 210
15 2.333785017233991e-08 2.793164100456258e-08 3596687.577038193 350
18 3.92394608746462e-08 4.462350133973721e-08 3817964.28555252 450
21 5.334191887222728e-08 6.796314387733408e-08 3527672.652471743 602
24 8.197747452153407e-08 8.877727650899754e-08 3447626.874109049 762
27 1.336190972566294e-07 1.521025700738892e-07 3416993.071515542 1142
30 1.536281593871372e-07 1.849798667882656e-07 3324194.486722381 1250
33 1.817221233626465e-07 2.167513947426263e-07 3049620.480633604 1458
36 2.345258477401896e-07 3.104208568263426e-07 3063224.132729375 1814
39 2.985256486678564e-07 3.775862349726187e-07 2925534.23240796 2178
42 3.692315921911307e-07 4.62734962822704e-07 2915089.327476815 2498
45 4.180523371186204e-07 5.031401929146935e-07 2873550.74941504 2622
48 5.017576133872561e-07 6.666304455892069e-07 2798163.400258583 3191
51 4.898453800289148e-07 6.526548326963799e-07 2698774.229257967 3044
54 4.380117272877832e-07 5.830721005461313e-07 2534048.676617032 2736
57 3.8494817151815e-07 5.209838854545658e-07 2558442.322733123 2276
60 3.435718802808079e-07 4.833914840472215e-07 2500623.748422001 2016
63 2.851205847097121e-07 4.055558275676481e-07 2443377.429230035 1640
66 1.905379968732992e-07 2.585198446139902e-07 2358867.255095544 1056
69 1.330253781821466e-07 1.874945016135494e-07 2485512.078615723 683
72 7.229888726927043e-08 1.082502504562217e-07 2610669.857605588 350
75 3.812543634983981e-08 6.839730271232943e-08 2672648.149818449 192
78 7.622017103812976e-09 1.37670463495274e-08 2249817.352415744 44
81 5.273194846812093e-09 4.736384589479315e-09 1845236.311588988 25


3 2.534103466611248e-10 1.890274624509426e-10 3074931.001617314 18
6 2.100875077053729e-09 2.215596699099584e-09 4313143.447691759 62
9 5.156167399225371e-09 4.927813279691792e-09 4261597.917627349 98
12 1.301392548423514e-08 1.218416294939009e-08 3729729.646283468 210
15 2.353920786858656e-08 2.800489536967617e-08 3637169.079662793 350
18 3.921173325613383e-08 4.420839475639034e-08 3821018.23132275 450
21 5.28574201772683e-08 6.778001905640962e-08 3527041.194355434 602
24 7.860759518816624e-08 8.995193276341652e-08 3418127.502420969 762
27 1.328099682726894e-07 1.49218921536666e-07 3394029.723815136 1142
30 1.505270172465569e-07 1.861218043108447e-07 3321170.920186109 1250
33 1.759478599517755e-07 2.190869006571483e-07 3036553.777812442 1458
36 2.326744248850062e-07 3.163353295321539e-07 3100272.386642159 1814
39 2.991359764355398e-07 3.688679703379969e-07 2909153.281277806 2178
42 3.667897697347286e-07 4.643067381013139e-07 2927467.443094712 2498
45 4.113558403095113e-07 5.113797417244933e-07 2891654.546889949 2622
48 4.975258136514223e-07 6.535893879002656e-07 2773109.461889471 3191
51 4.803638807328655e-07 6.603336698355318e-07 2706221.434396908 3044
54 4.271957470690498e-07 5.857660902449002e-07 2524927.507756636 2736
57 3.860819796063533e-07 5.176762721749586e-07 2567296.996867472 2276
60 3.576412603801157e-07 4.693771873702018e-07 2521505.298482113 2016
63 2.88448933466318e-07 3.941119728100992e-07 2431852.805678586 1640
66 1.830995681312916e-07 2.658854631042676e-07 2364520.651057074 1056
69 1.369090306523043e-07 1.868805307866471e-07 2528215.119055591 683
72 7.42181572487783e-08 1.038385298747096e-07 2596555.210925459 350
75 4.002276764556289e-08 6.530906842520071e-08 2667628.295149832 192
78 8.907586667997989e-09 1.190838158325468e-08 2233058.312101181 44
81 4.237740731691507e-09 5.811850880019154e-09 1823998.178941179 25


3 2.553840684246041e-10 1.66177602454516e-10 2966114.193378714 18
6 2.089517726604912e-09 2.206708742642759e-09 4319571.368685428 62
9 5.235327196513479e-09 5.105961631867895e-09 4397025.239518315 98
12 1.311335675780198e-08 1.185714002901135e-08 3725768.379006242 210
15 2.349211423894806e-08 2.878345537068368e-08 3705909.61782604 350
18 3.88421646047085e-08 4.510792381220074e-08 3864207.13983999 450
21 5.14938685898443e-08 6.736194761779418e-08 3490901.457138224 602
24 7.552752932403383e-08 9.115629712026919e-08 3393609.360973299 762
27 1.309439297578346e-07 1.499236841562497e-07 3397979.739894973 1142
30 1.497158917946175e-07 1.849616933357347e-07 3320037.810958844 1250
33 1.726749518053271e-07 2.171202683632956e-07 3011650.06587667 1458
36 2.339550810480222e-07 3.129450600100001e-07 3105897.571643379 1814
39 2.997456367221397e-07 3.616318643457063e-07 2898759.607709162 2178
42 3.609735063586679e-07 4.658065167039847e-07 2925943.139121872 2498
45 4.042929106353348e-07 5.164159676102279e-07 2898206.690933676 2622
48 4.897831278591807e-07 6.532809764076814e-07 2766607.356723495 3191
51 4.710130998279268e-07 6.625959313666408e-07 2700545.539759808 3044
54 4.247219416750466e-07 5.790914486633286e-07 2515658.530858597 2736
57 3.833611375762571e-07 5.21465129623719e-07 2582269.194950597 2276
60 3.562007835643889e-07 4.83135352751305e-07 2569004.244425094 2016
63 2.878814829938188e-07 3.867933646970488e-07 2418316.982687233 1640
66 1.780216977624146e-07 2.638721976241934e-07 2336531.481627588 1056
69 1.363010829464494e-07 1.913867488705972e-07 2568589.375181014 683
72 7.502843064495039e-08 9.992366389301626e-08 2571157.846561475 350
75 4.308391441857456e-08 5.866945207828341e-08 2613624.123236373 192
78 9.026342959291973e-09 1.108181408549359e-08 2179190.767608804 44
81 2.367886058024033e-09 8.893287478826006e-09 1954754.960652698 25


3 2.557036905292788e-10 1.244909021929896e-10 2727184.072933578 18
6 2.087025299784551e-09 2.247657601642e-09 4382876.20171687 62
9 5.087481069616457e-09 5.060151452640813e-09 4340992.352946941 98
12 1.276069541235113e-08 1.201099858251978e-08 3717325.293186381 210
15 2.31880297447345e-08 2.897904456610558e-08 3715828.783380194 350
18 3.849262157227246e-08 4.619656391182408e-08 3916003.717189609 450
21 5.039749923531152e-08 6.849251036221e-08 3504698.401700199 602
24 7.382693493685972e-08 9.289507773949118e-08 3407854.339792962 762
27 1.276752266378417e-07 1.483716751708534e-07 3357609.620895893 1142
30 1.521986407171122e-07 1.832027732587912e-07 3349415.167516445 1250
33 1.714267883527131e-07 2.122662847631547e-07 2982708.012894531 1458
36 2.374604418024494e-07 3.069249184101702e-07 3112147.896227999 1814
39 2.933223417606874e-07 3.614525606009538e-07 2883602.924121995 2178
42 3.571623221837379e-07 4.612191414997296e-07 2911750.372686919 2498
45 3.986135215784173e-07 5.153626885901969e-07 2891154.162832323 2622
48 4.870385561306341e-07 6.613100535593277e-07 2791672.600874304 3191
51 4.649647497707439e-07 6.652444867287672e-07 2703702.884385429 3044
54 4.196122450809628e-07 5.760380856111242e-07 2507286.92567647 2736
57 3.767459828458046e-07 5.328540060263598e-07 2604358.007810481 2276
60 3.473988071861619e-07 4.939033882209935e-07 2582345.607930008 2016
63 2.851253102653173e-07 3.81258986363382e-07 2401984.148885798 1640
66 1.772942376414712e-07 2.603837664428037e-07 2326636.197855401 1056
69 1.236611708242569e-07 2.083074561040895e-07 2589652.426982426 683
72 6.850880986412741e-08 1.105386901238822e-07 2617149.133340691 350
75 4.220906382338554e-08 6.061613505224497e-08 2647101.649260893 192
78 8.286630406778669e-09 1.234606476043209e-08 2223275.289540891 44
81 1.883485172924431e-09 9.489935554906127e-09 1952632.841306062 25


3 2.604315450429975e-10 1.073180418500723e-10 2680853.447407017 18
6 2.066124711202599e-09 2.145278819896104e-09 4292110.521697171 62
9 4.909616547925966e-09 5.193277466088793e-09 4339238.462792487 98
12 1.202492500186189e-08 1.173055343327925e-08 3584254.079433343 210
15 2.278435648997641e-08 2.97142004306167e-08 3753183.417660378 350
18 3.801777438920709e-08 4.504394003699934e-08 3865247.797003596 450
21 5.124690672550882e-08 6.871820198984724e-08 3556877.856812021 602
24 7.28165887419404e-08 9.21596432525633e-08 3390112.873789469 762
27 1.249842723615498e-07 1.45476310206873e-07 3309172.542726372 1142
30 1.528286439207766e-07 1.895638165111e-07 3434254.214540825 1250
33 1.700894662573159e-07 2.133765221054898e-07 2996045.772634175 1458
36 2.375233419641659e-07 3.001604591765957e-07 3094094.130934502 1814
39 2.833211022345894e-07 3.602379576853829e-07 2846094.202540034 2178
42 3.576853566786505e-07 4.639229235276303e-07 2938763.444815595 2498
45 3.873606935681462e-07 5.167780139819149e-07 2871311.917071243 2622
48 4.895820799892925e-07 6.512166317010073e-07 2791091.217142192 3191
51 4.661610835470191e-07 6.587834604609672e-07 2706600.986120862 3044
54 4.053254860205655e-07 5.969005714460452e-07 2527715.64348075 2736
57 3.687034211162029e-07 5.385069015246598e-07 2606448.745779558 2276
60 3.362075378982651e-07 5.020929005444845e-07 2579420.990873811 2016
63 2.733992625645712e-07 4.049300920626011e-07 2444125.124166883 1640
66 1.731695410948128e-07 2.756002842283351e-07 2386596.116351865 1056
69 1.179820899023812e-07 1.983489190096393e-07 2479196.600227371 683
72 6.834717295678639e-08 1.082732756408091e-07 2596908.07101754 350
75 3.934215362283453e-08 6.320468170530633e-08 2635371.588066196 192
78 6.992911634692851e-09 1.403053853777694e-08 2235088.383259735 44
81 4.489320056352604e-09 4.727219350971853e-09 1731837.524293428 25


3 2.474009050681266e-10 1.150010174990548e-10 2653565.59995403 18
6 2.01194053322829e-09 2.106491603565389e-09 4222333.91105725 62
9 4.912761338168e-09 5.130041752178952e-09 4343330.029850695 98
12 1.168451530916617e-08 1.140215642521002e-08 3506134.781907445 210
15 2.233103037682639e-08 3.000349265030827e-08 3756986.345356731 350
18 3.674662136083401e-08 4.45303598340073e-08 3800365.10415168 450
21 5.159266892558184e-08 6.786544511515611e-08 3564623.405504128 602
24 7.250264863350882e-08 8.824158360535454e-08 3328369.472817068 762
27 1.280959594444735e-07 1.404236143554264e-07 3314971.437628181 1142
30 1.528762968799133e-07 1.913465289873672e-07 3470963.300489226 1250
33 1.692732579835521e-07 2.184583909910488e-07 3042356.540489041 1458
36 2.368933373288299e-07 2.95055713258011e-07 3080953.838295355 1814
39 2.698546617584907e-07 3.729189843949544e-07 2846452.042492223 2178
42 3.488562201507152e-07 4.812060440804607e-07 2976053.338877817 2498
45 3.792227662177455e-07 5.114426132938596e-07 2842710.567124947 2622
48 4.889711716019565e-07 6.317485221383298e-07 2761749.948714439 3191
51 4.656091816344833e-07 6.579851190631793e-07 2718057.018278016 3044
54 4.044424928414614e-07 6.00559640424867e-07 2547062.531745862 2736
57 3.659855764183051e-07 5.336707787311435e-07 2598891.778984686 2276
60 3.2807532112999e-07 5.042468893597174e-07 2570330.80583083 2016
63 2.654429875904487e-07 4.181678025590054e-07 2467269.425385207 1640
66 1.725661694194604e-07 2.872653128533073e-07 2451443.857808439 1056
69 1.187853887571628e-07 1.849031927776085e-07 2403511.762136424 683
72 6.533496208892552e-08 1.060788242842082e-07 2529483.178194593 350
75 3.802990164407642e-08 6.192029397549478e-08 2579833.269580015 192
78 6.413815605649999e-09 1.403773732335328e-08 2172654.953002255 44
81 6.567983276977891e-09 2.565944564666807e-09 1838494.857551764 25


3 2.417395784965412e-10 1.309768931650793e-10 2729586.055572196 18
6 2.005809836251233e-09 2.348890228411279e-09 4466852.613157611 62
9 4.899378039432923e-09 4.213367271985192e-09 4001890.140445395 98
12 1.192424644514965e-08 1.087236991380182e-08 3494340.444630266 210
15 2.188262002655986e-08 2.872763932954231e-08 3658182.580718662 350
18 3.671503807092457e-08 4.525474245769084e-08 3851887.839449757 450
21 5.106201615150408e-08 6.634650086857027e-08 3525771.084254322 602
24 7.09698934998158e-08 8.962567148466563e-08 3338464.754907519 762
27 1.303835765507645e-07 1.397457061476632e-07 3358363.802371661 1142
30 1.498865490151467e-07 1.93736143590633e-07 3479263.38189995 1250
33 1.644521171920148e-07 2.288089969681524e-07 3091583.673910479 1458
36 2.356740362274998e-07 2.936636111483398e-07 3083559.255524401 1814
39 2.654925798822254e-07 3.718284142752145e-07 2836504.811821839 2178
42 3.401370339899499e-07 4.831306239612229e-07 2963974.448461497 2498
45 3.787459114624289e-07 5.139452976860383e-07 2864577.855584481 2622
48 4.692560998042979e-07 6.475054554174852e-07 2757736.851459012 3191
51 4.654445741355435e-07 6.468200881983228e-07 2708630.875519347 3044
54 4.047915087722703e-07 6.136334416321868e-07 2592673.350214962 2736
57 3.649346572237515e-07 5.352028047022308e-07 2614217.320423569 2276
60 3.212787986170539e-07 4.9428915483583e-07 2532726.682019523 2016
63 2.579024240122443e-07 4.202561762118736e-07 2456413.913033794 1640
66 1.804063044170753e-07 2.665389662056371e-07 2413854.175293022 1056
69 1.198524712053199e-07 1.864823723215511e-07 2438280.517604518 683
72 6.03112271715095e-08 1.110817136408653e-07 2523247.633717473 350
75 3.439125766039338e-08 6.290118913206646e-08 2506394.215183912 192
78 8.458512850432209e-09 9.285166852895949e-09 1985133.31257325 44
81 4.900683380670767e-09 7.154326445781218e-09 2240110.104006752 25


3 2.606099463434501e-10 1.822652810687489e-10 3222558.167336146 18
6 2.052160642243231e-09 2.489882505160474e-09 4678216.027862458 62
9 4.821111100058255e-09 4.294690197478265e-09 4017638.903567058 98
12 1.105153608145319e-08 1.03761512003443e-08 3297429.357789303 210
15 2.161684901766974e-08 2.833886596875138e-08 3632543.711741872 350
18 3.719660187946561e-08 4.453148520980433e-08 3868250.988886504 450
21 5.061961230998459e-08 6.525569468004133e-08 3501583.493065396 602
24 7.08850847424459e-08 8.685738001448656e-08 3303272.651993689 762
27 1.323923498425578e-07 1.391035308606772e-07 3397470.843049709 1142
30 1.456755486482792e-07 1.909511371134139e-07 3426171.791855568 1250
33 1.673478472745345e-07 2.252629305991963e-07 3110224.781122606 1458
36 2.350006872477589e-07 2.816817492561173e-07 3033351.324511006 1814
39 2.656520720233808e-07 3.679705985067326e-07 2838600.292205892 2178
42 3.428141804633389e-07 4.69074338620768e-07 2946402.732992507 2498
45 3.734995190793152e-07 5.27709956146103e-07 2902898.015235431 2622
48 4.540671833702416e-07 6.554345630717101e-07 2749464.810458032 3191
51 4.721963843989986e-07 6.352699285465889e-07 2717902.726671441 3044
54 3.999421286453225e-07 6.148721326901909e-07 2597252.399800222 2736
57 3.552461243397937e-07 5.56801816028939e-07 2654785.000653788 2276
60 3.212899911364803e-07 4.774629307792059e-07 2500710.726545259 2016
63 2.5829959211106e-07 4.165945840637707e-07 2461295.762109609 1640
66 1.784525398967686e-07 2.626430552474817e-07 2397156.043326239 1056
69 1.185701110778628e-07 1.88381521203695e-07 2454915.952585909 683
72 6.187840707460619e-08 1.10755452146319e-07 2562257.593542773 350
75 3.628347495762145e-08 5.951598743000651e-08 2500898.78686722 192
78 8.032543363701042e-09 1.026792337722031e-08 2037230.575068982 44
81 2.862285983445438e-09 1.137270141597502e-08 2507609.700555472 25


3 2.893504121820535e-10 2.486963524919231e-10 3895719.200245243 18
6 2.135864025101938e-09 2.080269712334857e-09 4409118.078907065 62
9 4.927436579393623e-09 4.331797583404117e-09 4101991.494409688 98
12 1.032872552364354e-08 1.024440381359423e-08 3173759.434492196 210
15 2.169245842090293e-08 2.814794465227808e-08 3648017.486509132 350
18 3.619487299908914e-08 4.531932775335168e-08 3872749.283334248 450
21 4.885796353717312e-08 6.58336954359704e-08 3480079.38551271 602
24 7.124386607930926e-08 8.396718126888727e-08 3274865.481489428 762
27 1.285018557002458e-07 1.387669219225649e-07 3357822.164678073 1142
30 1.446370093546302e-07 1.888193459385588e-07 3415211.946161008 1250
33 1.716786360347981e-07 2.170757491632974e-07 3107688.321467371 1458
36 2.32335933616303e-07 2.758023368604994e-07 3001594.29353819 1814
39 2.650249911884472e-07 3.768275766153075e-07 2889932.379706869 2178
42 3.449336621218967e-07 4.532257553951582e-07 2920286.53503738 2498
45 3.753132981870176e-07 5.059020072822298e-07 2863090.695108647 2622
48 4.470607504956775e-07 6.592518263714866e-07 2756160.114622389 3191
51 4.759866249743431e-07 6.453619950822382e-07 2767618.941555045 3044
54 4.073312016177093e-07 5.830736774647794e-07 2561022.423286156 2736
57 3.576510780413872e-07 5.415459744734253e-07 2639651.874749705 2276
60 3.291281635587237e-07 4.818506968654258e-07 2557376.149208941 2016
63 2.684724053093049e-07 3.89736245428606e-07 2430687.525007425 1640
66 1.797753971280279e-07 2.650317774088757e-07 2432424.920268645 1056
69 1.177786430885878e-07 1.831231388825583e-07 2425457.705235617 683
72 6.909727590097938e-08 9.574640636042869e-08 2501480.470577384 350
75 4.108691909743887e-08 5.749006664211299e-08 2615867.806290583 192
78 7.229823539834321e-09 1.085088232966218e-08 2003778.480587672 44
81 4.474054721380108e-09 7.871355385789589e-09 2295595.126959462 25


3 2.444889281883228e-10 4.180331192575076e-10 4696811.873425371 18
6 2.009872132635957e-09 1.906631520508441e-09 4118994.33093058 62
9 4.844752450194778e-09 4.642471306277187e-09 4206867.009639981 98
12 1.039975595736789e-08 1.019176590538763e-08 3193351.686668838 210
15 2.201480462972934e-08 2.790232716478222e-08 3679907.591201076 350
18 3.475463303309479e-08 4.52107181057357e-08 3816856.19519131 450
21 4.842646138479115e-08 6.402776325372776e-08 3436936.990075002 602
24 6.925778701453476e-08 8.588259707561358e-08 3285684.642948223 762
27 1.231975626025674e-07 1.401167392109364e-07 3318633.254618018 1142
30 1.444128312793834e-07 1.874427448213856e-07 3421009.087777286 1250
33 1.706071533447536e-07 2.149841670483175e-07 3101587.117383728 1458
36 2.30457880190296e-07 2.80995072611174e-07 3035062.637427361 1814
39 2.680018361942406e-07 3.731569483451443e-07 2908770.153011402 2178
42 3.426995325767396e-07 4.465912558314166e-07 2906913.965573758 2498
45 3.793180444888289e-07 4.919152429077084e-07 2853560.146260709 2622
48 4.491629946854837e-07 6.492974204441695e-07 2757776.959461279 3191
51 4.737650355704844e-07 6.535428577087805e-07 2797768.846840357 3044
54 4.198438940267978e-07 5.618190593089663e-07 2563314.332796321 2736
57 3.722806226837363e-07 4.97064698828723e-07 2585188.639198513 2276
60 3.387471167159066e-07 4.710915664196452e-07 2577340.01388067 2016
63 2.701781572055091e-07 3.682206098570984e-07 2380673.732338295 1640
66 1.843332571327049e-07 2.6514992024624e-07 2477499.389610088 1056
69 1.18424291686872e-07 1.781430820397481e-07 2411242.891790849 683
72 7.081904232862818e-08 9.326540301011346e-08 2512404.851905402 350
75 4.14724300792307e-08 5.602036513381232e-08 2608355.359281623 192
78 6.196225240735319e-09 1.512157437834584e-08 2315897.820582755 44
81 4.790822264829157e-09 7.49124088816505e-09 2316359.775615 25


3 2.338654431609358e-10 4.005499472323731e-10 4533885.673745314 18
6 1.9592608244847e-09 1.896597311549749e-09 4071457.752500445 62
9 4.74508060042762e-09 4.881481953018509e-09 4279066.029107612 98
12 1.052716170689299e-08 1.004241863879867e-08 3207969.972063529 210
15 2.192199601119981e-08 2.819714437227133e-08 3716382.026753748 350
18 3.402654093291412e-08 4.549952863494148e-08 3817054.840412898 450
21 4.835309621501266e-08 6.057865089899379e-08 3356980.121984721 602
24 7.017058611598395e-08 8.192575483808085e-08 3247583.194562455 762
27 1.199075571811496e-07 1.398572147049611e-07 3289558.453496473 1142
30 1.454803212934107e-07 1.828577078129779e-07 3410134.250711003 1250
33 1.689678335777452e-07 2.168814840235684e-07 3120882.172328082 1458
36 2.287992519391987e-07 2.812406139857133e-07 3043937.894275126 1814
39 2.721901689742002e-07 3.584059837613234e-07 2886000.398412134 2178
42 3.440055778321041e-07 4.406868364321207e-07 2910131.651371169 2498
45 3.888351126186189e-07 4.771224310919611e-07 2860164.622339354 2622
48 4.52593260803824e-07 6.335295591336161e-07 2749019.94360215 3191
51 4.724742582734696e-07 6.463776195453734e-07 2796002.735480502 3044
54 4.245479437271833e-07 5.574499872790138e-07 2582574.883559168 2736
57 3.716656239625819e-07 4.906459974372055e-07 2581723.502828717 2276
60 3.363865770900724e-07 4.657014110205455e-07 2569839.138123399 2016
63 2.707472877117949e-07 3.576136127009204e-07 2361523.967247893 1640
66 1.880310171804703e-07 2.634725713434351e-07 2508208.776221329 1056
69 1.215992406971472e-07 1.740315503254703e-07 2425878.516325815 683
72 6.502515560292938e-08 9.782418946968206e-08 2492165.621772569 350
75 3.712708424612347e-08 6.205399283780957e-08 2641338.527710179 192
78 6.465378663781414e-09 1.645217985440115e-08 2508451.312306866 44
81 4.458538168851232e-09 6.794154679704118e-09 2139688.210562798 25


3 2.469030124963393e-10 3.426176763678574e-10 4268432.975570776 18
6 2.107237961279011e-09 1.933835736909065e-09 4294490.114906585 62
9 4.457128202461119e-09 4.789195375462213e-09 4127042.586467875 98
12 1.050663978024873e-08 1.039365929461287e-08 3272409.832907925 210
15 2.185479963534872e-08 2.785553513263836e-08 3710519.848469943 350
18 3.345433612108253e-08 4.613328056523016e-08 3841912.315811444 450
21 4.841231407554925e-08 5.870423841854003e-08 3324658.011308566 602
24 7.188915446045606e-08 7.975889528387496e-08 3261760.233388345 762
27 1.170445554427833e-07 1.382853825276872e-07 3251149.984295481 1142
30 1.452512051271342e-07 1.805755376459042e-07 3406164.68324162 1250
33 1.671578567624337e-07 2.176923700204006e-07 3131032.405769048 1458
36 2.280494749141205e-07 2.747808354069177e-07 3021019.99954688 1814
39 2.735492548930927e-07 3.472627256663367e-07 2862690.838986811 2178
42 3.444903259185485e-07 4.425379104071493e-07 2936722.295853654 2498
45 3.895266790871873e-07 4.781670796749312e-07 2883036.633936259 2622
48 4.575973755606597e-07 6.170650463717283e-07 2741554.299190332 3191
51 4.752734235420484e-07 6.314332135144142e-07 2786501.743243088 3044
54 4.327028964338578e-07 5.372040954715361e-07 2572063.993448331 2736
57 3.677451188588612e-07 4.898320718802372e-07 2582732.558118854 2276
60 3.28466153609419e-07 4.633884198581016e-07 2551551.119987027 2016
63 2.649713438006623e-07 3.757936210530915e-07 2416076.607224969 1640
66 1.818572654460388e-07 2.679304346145214e-07 2509521.691844983 1056
69 1.218387524442117e-07 1.713442338382116e-07 2423311.286269415 683
72 5.97602095215164e-08 1.01050432422354e-07 2464817.308556952 350
75 3.665200757845161e-08 6.035030262383723e-08 2603697.316846466 192
78 9.209205841736625e-09 1.077957509407005e-08 2287737.262788685 44
81 4.3210104087086e-09 7.147570386589762e-09 2186734.224114536 25


3 2.631308796238028e-10 3.348837292377345e-10 4366102.299209333 18
6 2.191671363374503e-09 1.823814046995537e-09 4298902.988460263 62
9 4.383329842211178e-09 4.742984995627534e-09 4095696.937864731 98
12 1.068012496068384e-08 1.047133847686692e-08 3330180.088955736 210
15 2.186096410090023e-08 2.700965727601444e-08 3672982.832476325 350
18 3.319597202853361e-08 4.540009088716691e-08 3819058.327208815 450
21 4.808354350534894e-08 5.812081121864557e-08 3316332.222592019 602
24 7.313320933775075e-08 7.998178602074339e-08 3313235.125368609 762
27 1.147783179700941e-07 1.388089132610502e-07 3246001.571530737 1142
30 1.438142095041153e-07 1.790208374231637e-07 3395106.987112323 1250
33 1.641626355774281e-07 2.181013610896664e-07 3127476.646986202 1458
36 2.276184537178225e-07 2.706899683733545e-07 3012661.746022947 1814
39 2.726841671079473e-07 3.417997368150648e-07 2851728.637143988 2178
42 3.453229115842063e-07 4.407344550111723e-07 2951524.836951524 2498
45 3.846776796868477e-07 4.831685193836196e-07 2898586.68885669 2622
48 4.643677980908303e-07 6.007881451632007e-07 2737753.498970993 3191
51 4.733740262372893e-07 6.254012198771452e-07 2784040.053550482 3044
54 4.294682553297652e-07 5.436057656018941e-07 2593989.236576244 2736
57 3.578526578714644e-07 4.902924321705065e-07 2567409.066151849 2276
60 3.214071976660709e-07 4.621724732238947e-07 2538998.136169689 2016
63 2.610404715247373e-07 3.848459090698291e-07 2447152.573116502 1640
66 1.740188093518565e-07 2.74582478752181e-07 2512236.169621891 1056
69 1.183677260638972e-07 1.676196971737222e-07 2377820.170073904 683
72 5.853479145747762e-08 1.029445219657733e-07 2487851.909310946 350
75 3.703554396734505e-08 5.778520336634483e-08 2567910.596051957 192
78 1.056221805370696e-08 7.067783213063096e-09 2080510.38975463 44
81 4.973405324911166e-09 6.277407961176285e-09 2186539.727108951 25


