0.1 0 18
0.2 0 62
0.3 0 98
0.4 0 210
0.5 0 350
0.6 0 450
0.7 0 602
0.8 0 762
0.9 0 1142
1 0 1250
1.1 0 1458
1.2 0 1814
1.3 0 2178
1.4 0 2498
1.5 0 2622
1.6 0 3338
1.7 0 3722
1.8 0 4170
1.9 0 4358
2 0 5034
2.1 0 5714
2.2 0 5982
2.3 0 6602
2.4 0 7130
2.5 0 8034
2.6 0 8606
2.7 0 9066
2.8 0 9962
2.9 0 10550
3 0 11226
3.1 0 12146
3.2 0 12606
3.3 0 13802
3.4 0 14754
3.5 0 15194
3.6 0 16454
3.7 0 17154
3.8 0 18266
3.9 0 18750
4 0 20234
4.1 0 21450
4.2 0 21962
4.3 0 23462
4.4 0 24042
4.5 0 25946
4.6 0 26118
4.7 0 27506
4.8 0 29066
4.9 0 30450
5 0 31742
5.1 0 32250
5.2 0 34250
5.3 0 35454
5.4 0 36434
5.5 0 37682
5.6 0 39294
5.7 0 41426
5.8 0 42066
5.9 0 43490
6 0 45702
6.1 0 46634
6.2 0 48554
6.3 0 48870
6.4 0 51554
6.5 0 54090
6.6 0 54314
6.7 0 56910
6.8 0 57482
6.9 0 60626
7 0 61206
7.1 0 62570
7.2 0 65730
7.3 0 66686
7.4 0 69698
7.5 0 70026
7.6 0 72746
7.7 0 74910
7.8 0 75722
7.9 0 78378
8 0 80030
8.1 0 83186
8.2 0 84666
8.3 0 86546
8.4 0 88134
8.5 0 91538
8.6 0 93138
8.7 0 94478
8.8 0 97274
8.9 0 99690
9 0 102590
9.1 0 103770
9.2 0 106346
9.3 0 108546
9.4 0 110726
9.5 0 112322
9.6 0 115890
9.7 0 118766
9.8 0 122298
9.9 0 122090
10 0 125810
10.1 0 128190
10.2 0 130994
10.3 0 133722
10.4 0 133886
10.5 0 140538
10.6 0 140594
10.7 0 143594
10.8 0 146310
10.9 0 150650
11 0 151914
11.1 0 153398
11.2 0 157866
11.3 0 160658
11.4 0 164102
11.5 0 164994
11.6 0 169850
11.7 0 172986
11.8 0 173894
11.9 0 176778
12 0 181802
12.1 0 184430
12.2 0 187242
12.3 0 190250
12.4 0 192570
12.5 0 198254
12.6 0 198074
12.7 0 202050
12.8 0 204287
12.9 0 205824
13 0 202532
13.1 0 199068
13.2 0 201056
13.3 0 196616
13.4 0 195816
13.5 0 191756
13.6 0 191952
13.7 0 191024
13.8 0 186648
13.9 0 183896
14 0 183272
14.1 0 180840
14.2 0 178880
14.3 0 174984
14.4 0 173720
14.5 0 171380
14.6 0 169164
14.7 0 166616
14.8 0 163644
14.9 0 161852
15 0 158256
15.1 0 154724
15.2 0 153056
15.3 0 149592
15.4 0 147980
15.5 0 142884
15.6 0 141752
15.7 0 138348
15.8 0 134084
15.9 0 131756
16 0 128460
16.1 0 126800
16.2 0 121716
16.3 0 118844
16.4 0 114900
16.5 0 112556
16.6 0 107972
16.7 0 104784
16.8 0 101564
16.9 0 97932
17 0 94076
17.1 0 89960
17.2 0 85968
17.3 0 83600
17.4 0 78468
17.5 0 74168
17.6 0 70944
17.7 0 66788
17.8 0 62648
17.9 0 58224
18 0 54536
18.1 0 50301
18.2 0 46208
18.3 0 42990
18.4 0 40370
18.5 0 37634
18.6 0 34500
18.7 0 32756
18.8 0 29916
18.9 0 28268
19 0 25710
19.1 0 24350
19.2 0 22406
19.3 0 20622
19.4 0 19166
19.5 0 17544
19.6 0 16334
19.7 0 14576
19.8 0 13398
19.9 0 12536
20 0 11022
20.1 0 9800
20.2 0 9372
20.3 0 8000
20.4 0 7070
20.5 0 6216
20.6 0 5984
20.7 0 4872
20.8 0 3848
20.9 0 3624
21 0 3296
21.1 0 2624
21.2 0 1644
21.3 0 1712
21.4 0 1464
21.5 0 1058
21.6 0 408
21.7 0 584
21.8 0 344
21.9 0 168
22 0 38
22.1 0 25

0.1 9.169384720510044e-27 18
0.2 6.927265841466834e-26 62
0.3 1.945930002009811e-25 98
0.4 4.933707036764914e-25 210
0.5 1.009056762736987e-24 350
0.6 1.477288828463588e-24 450
0.7 2.238891461599215e-24 602
0.8 3.0296094234635e-24 762
0.9 4.792068724785319e-24 1142
1 5.654620460279303e-24 1250
1.1 6.651249252161074e-24 1458
1.2 7.978366059658793e-24 1814
1.3 9.72922968954796e-24 2178
1.4 1.069221241506677e-23 2498
1.5 1.091781460024274e-23 2622
1.6 1.255805420730969e-23 3338
1.7 1.375998100577425e-23 3722
1.8 1.384333078039504e-23 4170
1.9 1.299934765407275e-23 4358
2 1.355750128414364e-23 5034
2.1 1.340953034974028e-23 5714
2.2 1.219529132509475e-23 5982
2.3 1.150023262274827e-23 6602
2.4 1.004564887643414e-23 7130
2.5 9.275410599602443e-24 8034
2.6 8.132287157777199e-24 8606
2.7 6.959455643035324e-24 9066
2.8 6.20706843013613e-24 9962
2.9 5.85253216720324e-24 10550
3 5.740710917685622e-24 11226
3.1 6.261467391625976e-24 12146
3.2 7.122427330128575e-24 12606
3.3 8.855546262470193e-24 13802
3.4 1.132986001177021e-23 14754
3.5 1.376084417307997e-23 15194
3.6 1.764544714483992e-23 16454
3.7 2.110651893157486e-23 17154
3.8 2.579744972996557e-23 18266
3.9 3.056964859823314e-23 18750
4 3.628848622064712e-23 20234
4.1 4.242987652196767e-23 21450
4.2 4.652708121019941e-23 21962
4.3 5.36148061349427e-23 23462
4.4 5.724058063224329e-23 24042
4.5 6.45037075521459e-23 25946
4.6 6.586152325582016e-23 26118
4.7 7.143487363057845e-23 27506
4.8 7.46052583006439e-23 29066
4.9 7.867498496434093e-23 30450
5 7.90306522532846e-23 31742
5.1 7.891847003695689e-23 32250
5.2 7.9349671714713e-23 34250
5.3 7.827448044337735e-23 35454
5.4 7.565893876991034e-23 36434
5.5 7.38295764239311e-23 37682
5.6 7.095685268197497e-23 39294
5.7 6.800971250485324e-23 41426
5.8 6.377611518217478e-23 42066
5.9 5.850457798299405e-23 43490
6 5.493383592918109e-23 45702
6.1 5.045467241231208e-23 46634
6.2 4.641874780513062e-23 48554
6.3 4.208279357698582e-23 48870
6.4 3.979400230955248e-23 51554
6.5 3.802728568551789e-23 54090
6.6 3.466249515949256e-23 54314
6.7 3.464956145269812e-23 56910
6.8 3.378291418562715e-23 57482
6.9 3.552880797018547e-23 60626
7 3.676546682363881e-23 61206
7.1 3.926293356330414e-23 62570
7.2 4.350760307197834e-23 65730
7.3 4.797576966729232e-23 66686
7.4 5.41797930047566e-23 69698
7.5 5.919309645292126e-23 70026
7.6 6.633288763076623e-23 72746
7.7 7.347931475847339e-23 74910
7.8 7.980417989408551e-23 75722
7.9 8.870341400485582e-23 78378
8 9.537169157593065e-23 80030
8.1 1.042965495054169e-22 83186
8.2 1.108898686404272e-22 84666
8.3 1.180612245408908e-22 86546
8.4 1.238093285883702e-22 88134
8.5 1.327963996909209e-22 91538
8.6 1.369722074217695e-22 93138
8.7 1.402674390166045e-22 94478
8.8 1.452836347125706e-22 97274
8.9 1.489236075268215e-22 99690
9 1.529061580159094e-22 102590
9.1 1.531319495920166e-22 103770
9.2 1.554132609231721e-22 106346
9.3 1.565506045897389e-22 108546
9.4 1.573049221048861e-22 110726
9.5 1.548829414968382e-22 112322
9.6 1.555273501432748e-22 115890
9.7 1.560946065195522e-22 118766
9.8 1.557287810556006e-22 122298
9.9 1.513531946315051e-22 122090
10 1.519806082636227e-22 125810
10.1 1.494985814155531e-22 128190
10.2 1.50031474905735e-22 130994
10.3 1.489865722131418e-22 133722
10.4 1.463212762454695e-22 133886
10.5 1.500521360864653e-22 140538
10.6 1.487947964312994e-22 140594
10.7 1.512750147490442e-22 143594
10.8 1.524055314590203e-22 146310
10.9 1.570070003045992e-22 150650
11 1.585452887915499e-22 151914
11.1 1.624104787802596e-22 153398
11.2 1.688123339537786e-22 157866
11.3 1.741515973910187e-22 160658
11.4 1.813742381772056e-22 164102
11.5 1.87386217162489e-22 164994
11.6 1.978719287498359e-22 169850
11.7 2.070924624096342e-22 172986
11.8 2.146578306981023e-22 173894
11.9 2.234508234508379e-22 176778
12 2.376477040641355e-22 181802
12.1 2.496813006050144e-22 184430
12.2 2.607326839512877e-22 187242
12.3 2.723810524333322e-22 190250
12.4 2.855253947114242e-22 192570
12.5 3.022458534075391e-22 198254
12.6 3.090589082184176e-22 198074
12.7 3.246575175813542e-22 202050
12.8 3.343041829733339e-22 204287
12.9 3.420854718581757e-22 205824
13 3.423375738931439e-22 202532
13.1 3.459362716976186e-22 199068
13.2 3.542669632846517e-22 201056
13.3 3.538993600025402e-22 196616
13.4 3.630121120923477e-22 195816
13.5 3.637988734199794e-22 191756
13.6 3.719157159634583e-22 191952
13.7 3.78734215775914e-22 191024
13.8 3.797641053515602e-22 186648
13.9 3.828924752719039e-22 183896
14 3.880641644008033e-22 183272
14.1 3.899448266211541e-22 180840
14.2 3.938850283890555e-22 178880
14.3 3.919832219128843e-22 174984
14.4 3.924275325641343e-22 173720
14.5 3.886406215251817e-22 171380
14.6 3.85991788942918e-22 169164
14.7 3.819193680536197e-22 166616
14.8 3.761755284541673e-22 163644
14.9 3.72447555200731e-22 161852
15 3.629392520003698e-22 158256
15.1 3.549206019137481e-22 154724
15.2 3.49901710199671e-22 153056
15.3 3.395970789501671e-22 149592
15.4 3.34379616321962e-22 147980
15.5 3.213595700303019e-22 142884
15.6 3.156557587429268e-22 141752
15.7 3.066129781924796e-22 138348
15.8 2.950583780204845e-22 134084
15.9 2.880436133914981e-22 131756
16 2.806222416502959e-22 128460
16.1 2.742725769274084e-22 126800
16.2 2.627049163867422e-22 121716
16.3 2.566063373780965e-22 118844
16.4 2.454751180843251e-22 114900
16.5 2.404767377375289e-22 112556
16.6 2.320866958012186e-22 107972
16.7 2.248697326741228e-22 104784
16.8 2.167614586508029e-22 101564
16.9 2.086693673029418e-22 97932
17 2.033711039049286e-22 94076
17.1 1.936791872956847e-22 89960
17.2 1.863297068714668e-22 85968
17.3 1.822932688649337e-22 83600
17.4 1.713248841209999e-22 78468
17.5 1.632916021878471e-22 74168
17.6 1.567205721042334e-22 70944
17.7 1.493683512655091e-22 66788
17.8 1.410213637377025e-22 62648
17.9 1.298201866966616e-22 58224
18 1.221428595102243e-22 54536
18.1 1.128943143152955e-22 50301
18.2 1.052667446301513e-22 46208
18.3 9.864917431503563e-23 42990
18.4 9.38010912975447e-23 40370
18.5 8.722296353396052e-23 37634
18.6 7.986624094423042e-23 34500
18.7 7.672824991244143e-23 32756
18.8 6.976762513230443e-23 29916
18.9 6.630542198806399e-23 28268
19 6.162319743203767e-23 25710
19.1 5.656867924541153e-23 24350
19.2 5.307584611849345e-23 22406
19.3 4.845171789573066e-23 20622
19.4 4.555509337422705e-23 19166
19.5 4.081995305037831e-23 17544
19.6 3.896021732600289e-23 16334
19.7 3.424462678262782e-23 14576
19.8 3.130698684312923e-23 13398
19.9 2.903979285150391e-23 12536
20 2.584176386130827e-23 11022
20.1 2.273239296633784e-23 9800
20.2 2.166657908169522e-23 9372
20.3 1.818064477376346e-23 8000
20.4 1.574736887059761e-23 7070
20.5 1.38163243899606e-23 6216
20.6 1.327088498455953e-23 5984
20.7 1.101623264446505e-23 4872
20.8 8.393345544761187e-24 3848
20.9 7.899541036636561e-24 3624
21 7.619445972119661e-24 3296
21.1 5.533267658639596e-24 2624
21.2 3.58322442395441e-24 1644
21.3 3.841377452642793e-24 1712
21.4 3.170098210318742e-24 1464
21.5 2.352682684682026e-24 1058
21.6 8.252115237957686e-25 408
21.7 1.34183252082231e-24 584
21.8 8.189247969348522e-25 344
21.9 3.467303247674896e-25 168
22 7.072040880291563e-26 38
22.1 5.057047101027807e-26 25

0.1 3.691696433443245e-26 18
0.2 2.716119628421316e-25 62
0.3 7.087297833838471e-25 98
0.4 1.696295889523974e-24 210
0.5 3.079661926299359e-24 350
0.6 3.972968669605737e-24 450
0.7 5.140599466543559e-24 602
0.8 5.817533520731471e-24 762
0.9 7.34797077054723e-24 1142
1 6.380253800576591e-24 1250
1.1 5.545202243910102e-24 1458
1.2 4.689404359037823e-24 1814
1.3 3.696881627935232e-24 2178
1.4 2.749746998813139e-24 2498
1.5 2.260826626296937e-24 2622
1.6 3.450094329401088e-24 3338
1.7 5.624860116788245e-24 3722
1.8 9.058242245263634e-24 4170
1.9 1.233353369073234e-23 4358
2 1.826996125100415e-23 5034
2.1 2.343914821019723e-23 5714
2.2 2.781849440748428e-23 5982
2.3 3.197278803317767e-23 6602
2.4 3.318794613544862e-23 7130
2.5 3.410638259279942e-23 8034
2.6 3.284506287585634e-23 8606
2.7 2.798686830267026e-23 9066
2.8 2.402273245936376e-23 9962
2.9 1.877589386803599e-23 10550
3 1.419936907864409e-23 11226
3.1 1.091533619961006e-23 12146
3.2 8.707871326066961e-24 12606
3.3 9.068934565633464e-24 13802
3.4 1.134608836401923e-23 14754
3.5 1.505837329306095e-23 15194
3.6 2.069914651368724e-23 16454
3.7 2.605174066289058e-23 17154
3.8 3.247809241885496e-23 18266
3.9 3.689577048058054e-23 18750
4 4.001571238774999e-23 20234
4.1 4.145400874663201e-23 21450
4.2 3.859009999318006e-23 21962
4.3 3.625205238748938e-23 23462
4.4 2.982864243940168e-23 24042
4.5 2.503969364533149e-23 25946
4.6 1.853923266985897e-23 26118
4.7 1.420065133369484e-23 27506
4.8 1.170688170951395e-23 29066
4.9 1.13546386425822e-23 30450
5 1.398486474083204e-23 31742
5.1 1.921638485416738e-23 32250
5.2 2.705143729024603e-23 34250
5.3 3.595810340408369e-23 35454
5.4 4.499862965051476e-23 36434
5.5 5.470018708513826e-23 37682
5.6 6.271669508121771e-23 39294
5.7 6.932656373308403e-23 41426
5.8 7.127437100686756e-23 42066
5.9 7.03001460820794e-23 43490
6 6.775434426260496e-23 45702
6.1 6.168386320558663e-23 46634
6.2 5.46358386122875e-23 48554
6.3 4.603779320212403e-23 48870
6.4 3.975733204854147e-23 51554
6.5 3.441576246761796e-23 54090
6.6 2.979098578368445e-23 54314
6.7 2.979074361709747e-23 56910
6.8 3.160091404309095e-23 57482
6.9 3.844095974585948e-23 60626
7 4.641208438245953e-23 61206
7.1 5.710939434038303e-23 62570
7.2 6.937712417994154e-23 65730
7.3 8.097247433052377e-23 66686
7.4 9.43334226774718e-23 69698
7.5 1.026171588499635e-22 70026
7.6 1.111045652985478e-22 72746
7.7 1.164670188491337e-22 74910
7.8 1.168943504749701e-22 75722
7.9 1.176012078953333e-22 78378
8 1.130324546379601e-22 80030
8.1 1.109471470408208e-22 83186
8.2 1.023030302873138e-22 84666
8.3 9.599348016073126e-23 86546
8.4 9.016571678648832e-23 88134
8.5 8.765436361070566e-23 91538
8.6 8.479099516463086e-23 93138
8.7 8.410318974747143e-23 94478
8.8 8.756297262651927e-23 97274
8.9 9.200093432754355e-23 99690
9 1.016214264580385e-22 102590
9.1 1.091350677332294e-22 103770
9.2 1.1975499046761e-22 106346
9.3 1.300927729170404e-22 108546
9.4 1.422432780483165e-22 110726
9.5 1.489865210638249e-22 112322
9.6 1.601272597398623e-22 115890
9.7 1.680346642909412e-22 118766
9.8 1.758135919258767e-22 122298
9.9 1.756838256681975e-22 122090
10 1.784203934874589e-22 125810
10.1 1.792918765672346e-22 128190
10.2 1.806225554769551e-22 130994
10.3 1.791093968783691e-22 133722
10.4 1.757663752141939e-22 133886
10.5 1.79520476899125e-22 140538
10.6 1.781953115131003e-22 140594
10.7 1.805610669301745e-22 143594
10.8 1.811017612986315e-22 146310
10.9 1.890507868033117e-22 150650
11 1.934003610691245e-22 151914
11.1 1.997958568979335e-22 153398
11.2 2.112602648672728e-22 157866
11.3 2.207212086816489e-22 160658
11.4 2.342503056514948e-22 164102
11.5 2.434809485384814e-22 164994
11.6 2.585554043932074e-22 169850
11.7 2.714314416471735e-22 172986
11.8 2.809731159141086e-22 173894
11.9 2.917480937551944e-22 176778
12 3.058202489638624e-22 181802
12.1 3.155150704786912e-22 184430
12.2 3.252915563901451e-22 187242
12.3 3.33078435559348e-22 190250
12.4 3.403950318426991e-22 192570
12.5 3.52999870170732e-22 198254
12.6 3.533287936620688e-22 198074
12.7 3.620076634467647e-22 202050
12.8 3.680698704367711e-22 204287
12.9 3.670503510194957e-22 205824
13 3.613715732489089e-22 202532
13.1 3.517617542866996e-22 199068
13.2 3.483275045603274e-22 201056
13.3 3.421549705507167e-22 196616
13.4 3.396276398827745e-22 195816
13.5 3.346931355444934e-22 191756
13.6 3.367331814676787e-22 191952
13.7 3.419133397154731e-22 191024
13.8 3.409024022617817e-22 186648
13.9 3.422622021761062e-22 183896
14 3.448692784460561e-22 183272
14.1 3.43741549434297e-22 180840
14.2 3.437262633368949e-22 178880
14.3 3.384073442478641e-22 174984
14.4 3.353926565764409e-22 173720
14.5 3.312202647312587e-22 171380
14.6 3.276840680423709e-22 169164
14.7 3.217336953399239e-22 166616
14.8 3.20254752413547e-22 163644
14.9 3.186915219058363e-22 161852
15 3.163084042598156e-22 158256
15.1 3.132914417294704e-22 154724
15.2 3.15489341223122e-22 153056
15.3 3.153092230216324e-22 149592
15.4 3.199165297954814e-22 147980
15.5 3.126070100675214e-22 142884
15.6 3.167568586480986e-22 141752
15.7 3.145812934042604e-22 138348
15.8 3.080346749093357e-22 134084
15.9 3.073367213442374e-22 131756
16 3.040509905848009e-22 128460
16.1 3.030609732495077e-22 126800
16.2 2.932126909691165e-22 121716
16.3 2.88759702729192e-22 118844
16.4 2.806452208723918e-22 114900
16.5 2.787638806201853e-22 112556
16.6 2.705482156464977e-22 107972
16.7 2.662852210550703e-22 104784
16.8 2.602983534001944e-22 101564
16.9 2.567273233511761e-22 97932
17 2.503446205160371e-22 94076
17.1 2.431973203824834e-22 89960
17.2 2.388627578777623e-22 85968
17.3 2.376846204743691e-22 83600
17.4 2.267365509913538e-22 78468
17.5 2.205678651689328e-22 74168
17.6 2.160285050809182e-22 70944
17.7 2.082742512678877e-22 66788
17.8 1.97053199766278e-22 62648
17.9 1.873517287447827e-22 58224
18 1.779657136660558e-22 54536
18.1 1.690778197534644e-22 50301
18.2 1.566370048387959e-22 46208
18.3 1.488534648582692e-22 42990
18.4 1.417528705650137e-22 40370
18.5 1.343817105949752e-22 37634
18.6 1.226014969595305e-22 34500
18.7 1.202724880501434e-22 32756
18.8 1.105362446520986e-22 29916
18.9 1.041878884581336e-22 28268
19 9.573384193653928e-23 25710
19.1 8.958087714460996e-23 24350
19.2 8.29002203756194e-23 22406
19.3 7.578276762405913e-23 20622
19.4 6.86209893387641e-23 19166
19.5 6.107066521494191e-23 17544
19.6 5.705431498943927e-23 16334
19.7 5.050193832955094e-23 14576
19.8 4.526515307830706e-23 13398
19.9 4.213125870375875e-23 12536
20 3.555089174794067e-23 11022
20.1 3.089102078186633e-23 9800
20.2 2.852341720752398e-23 9372
20.3 2.453406214516526e-23 8000
20.4 2.143169546578328e-23 7070
20.5 1.795015911893632e-23 6216
20.6 1.745037579177825e-23 5984
20.7 1.384885697044308e-23 4872
20.8 1.081265901602622e-23 3848
20.9 1.023262366981192e-23 3624
21 9.141300413925523e-24 3296
21.1 7.239231656007752e-24 2624
21.2 4.470048583278715e-24 1644
21.3 4.498933703554899e-24 1712
21.4 4.117219796349774e-24 1464
21.5 3.122170324828121e-24 1058
21.6 1.162281758665183e-24 408
21.7 1.671046120565974e-24 584
21.8 9.016358020476191e-25 344
21.9 5.208800553573869e-25 168
22 1.270072529808121e-25 38
22.1 9.12577515568109e-26 25

0.1 8.026381114033391e-26 18
0.2 5.607935469966688e-25 62
0.3 1.342398263996546e-24 98
0.4 2.823083279067505e-24 210
0.5 4.170821726256614e-24 350
0.6 4.204288204296105e-24 450
0.7 3.837980040960919e-24 602
0.8 2.821120896686366e-24 762
0.9 2.164592699108452e-24 1142
1 1.537265500573602e-24 1250
1.1 2.750181840428593e-24 1458
1.2 5.825041938527782e-24 1814
1.3 1.070766399933152e-23 2178
1.4 1.560894765192535e-23 2498
1.5 1.838808033511629e-23 2622
1.6 2.20068361682445e-23 3338
1.7 2.20650301958746e-23 3722
1.8 1.825993567632396e-23 4170
1.9 1.240029350205791e-23 4358
2 8.498127588084112e-24 5034
2.1 5.801790294522381e-24 5714
2.2 5.50833716083417e-24 5982
2.3 8.764828411891843e-24 6602
2.4 1.389772942001753e-23 7130
2.5 1.972919747569817e-23 8034
2.6 2.429342504678656e-23 8606
2.7 2.416291911439959e-23 9066
2.8 2.247434143728958e-23 9962
2.9 1.69101522410726e-23 10550
3 1.086162691874419e-23 11226
3.1 6.378711242637511e-24 12146
3.2 4.810964975960861e-24 12606
3.3 8.070488036895352e-24 13802
3.4 1.51754052469989e-23 14754
3.5 2.35568930576196e-23 15194
3.6 3.297589328896579e-23 16454
3.7 3.736053030607581e-23 17154
3.8 3.903312260667378e-23 18266
3.9 3.491483090369406e-23 18750
4 2.743931927728971e-23 20234
4.1 1.890627158520313e-23 21450
4.2 1.175867871636022e-23 21962
4.3 9.733338917645413e-24 23462
4.4 1.292760044910443e-23 24042
4.5 2.231608998902752e-23 25946
4.6 3.257138263470953e-23 26118
4.7 4.542737889883095e-23 27506
4.8 5.423846509561457e-23 29066
4.9 5.974225487175619e-23 30450
5 5.630362940036324e-23 31742
5.1 4.795283233882126e-23 32250
5.2 3.754222652032453e-23 34250
5.3 2.684286827835478e-23 35454
5.4 2.008773200955838e-23 36434
5.5 1.875129243430579e-23 37682
5.6 2.427082473308619e-23 39294
5.7 3.527114590139104e-23 41426
5.8 4.871621656957279e-23 42066
5.9 6.092646266371004e-23 43490
6 7.167899584961774e-23 45702
6.1 7.478056856115098e-23 46634
6.2 7.31033429529874e-23 48554
6.3 6.385808178067829e-23 48870
6.4 5.439248566179129e-23 51554
6.5 4.471997662463763e-23 54090
6.6 3.525543792347582e-23 54314
6.7 3.357801099892271e-23 56910
6.8 3.655752991425298e-23 57482
6.9 4.648561743736347e-23 60626
7 5.897480874383259e-23 61206
7.1 7.1572309069901e-23 62570
7.2 8.46273276904235e-23 65730
7.3 9.12096326256195e-23 66686
7.4 9.609504890589413e-23 69698
7.5 9.167451189627318e-23 70026
7.6 8.591371331491149e-23 72746
7.7 7.81437058640532e-23 74910
7.8 6.982801450206835e-23 75722
7.9 6.534402867268702e-23 78378
8 6.500960121912795e-23 80030
8.1 6.93620022476674e-23 83186
8.2 7.648809373413562e-23 84666
8.3 8.628910147401472e-23 86546
8.4 9.695459188275259e-23 88134
8.5 1.082522590009567e-22 91538
8.6 1.148771863913532e-22 93138
8.7 1.16995115596387e-22 94478
8.8 1.17803440945347e-22 97274
8.9 1.159122570669021e-22 99690
9 1.128863316771311e-22 102590
9.1 1.084365932632023e-22 103770
9.2 1.07937401235975e-22 106346
9.3 1.085879878624192e-22 108546
9.4 1.119641571118106e-22 110726
9.5 1.191478029462726e-22 112322
9.6 1.31101774635116e-22 115890
9.7 1.421249610970409e-22 118766
9.8 1.53772893420752e-22 122298
9.9 1.599708828690549e-22 122090
10 1.687824146313743e-22 125810
10.1 1.748832984265144e-22 128190
10.2 1.761322083101165e-22 130994
10.3 1.758352587391283e-22 133722
10.4 1.722124226292413e-22 133886
10.5 1.752183255731096e-22 140538
10.6 1.725515975927307e-22 140594
10.7 1.741157607402093e-22 143594
10.8 1.760215904998085e-22 146310
10.9 1.824672087827015e-22 150650
11 1.882046769360387e-22 151914
11.1 1.940335719065022e-22 153398
11.2 2.059411659936117e-22 157866
11.3 2.151429519265193e-22 160658
11.4 2.273399674130796e-22 164102
11.5 2.350789555352001e-22 164994
11.6 2.45091057952594e-22 169850
11.7 2.516377760460457e-22 172986
11.8 2.572871907549048e-22 173894
11.9 2.610810184932484e-22 176778
12 2.703782756357111e-22 181802
12.1 2.752826430249975e-22 184430
12.2 2.821417078294855e-22 187242
12.3 2.863593666996601e-22 190250
12.4 2.922859666718119e-22 192570
12.5 3.050610454879397e-22 198254
12.6 3.060559108860991e-22 198074
12.7 3.160693526806923e-22 202050
12.8 3.230293514832369e-22 204287
12.9 3.272630970098705e-22 205824
13 3.278860087313587e-22 202532
13.1 3.295384313427034e-22 199068
13.2 3.299100746036836e-22 201056
13.3 3.215169197365737e-22 196616
13.4 3.173470011500718e-22 195816
13.5 3.122831752873913e-22 191756
13.6 3.149530306945438e-22 191952
13.7 3.194535227545095e-22 191024
13.8 3.167650447383241e-22 186648
13.9 3.181754672881601e-22 183896
14 3.222898912075204e-22 183272
14.1 3.203895509714639e-22 180840
14.2 3.183830064217606e-22 178880
14.3 3.127797592815442e-22 174984
14.4 3.15445576710784e-22 173720
14.5 3.13837827020912e-22 171380
14.6 3.173993493751236e-22 169164
14.7 3.202145581215735e-22 166616
14.8 3.187924683173216e-22 163644
14.9 3.22108490473776e-22 161852
15 3.16893882626059e-22 158256
15.1 3.121783702770668e-22 154724
15.2 3.090472435425899e-22 153056
15.3 3.018752765141406e-22 149592
15.4 2.948788949382638e-22 147980
15.5 2.861983968055215e-22 142884
15.6 2.826101221326543e-22 141752
15.7 2.768323573126714e-22 138348
15.8 2.687453360308734e-22 134084
15.9 2.647572679812022e-22 131756
16 2.612368828290365e-22 128460
16.1 2.586340465021728e-22 126800
16.2 2.515456790447512e-22 121716
16.3 2.484623780088591e-22 118844
16.4 2.428817992571364e-22 114900
16.5 2.409621339251115e-22 112556
16.6 2.334878543067281e-22 107972
16.7 2.312726518964434e-22 104784
16.8 2.266010278417872e-22 101564
16.9 2.233869393634826e-22 97932
17 2.191614002869598e-22 94076
17.1 2.136385928872169e-22 89960
17.2 2.098769788469071e-22 85968
17.3 2.083600856422839e-22 83600
17.4 2.013033500389911e-22 78468
17.5 1.953812105524598e-22 74168
17.6 1.890123823497004e-22 70944
17.7 1.799575807244852e-22 66788
17.8 1.709438550906849e-22 62648
17.9 1.614194802033479e-22 58224
18 1.520836701381849e-22 54536
18.1 1.406625533440626e-22 50301
18.2 1.290769932716567e-22 46208
18.3 1.197238947098934e-22 42990
18.4 1.128895565250067e-22 40370
18.5 1.033802681439585e-22 37634
18.6 9.429929003937813e-23 34500
18.7 8.970200725514758e-23 32756
18.8 8.196319619745131e-23 29916
18.9 7.703153816730933e-23 28268
19 7.118587102462704e-23 25710
19.1 6.728787412452222e-23 24350
19.2 6.299744170143886e-23 22406
19.3 5.891108756205083e-23 20622
19.4 5.505457388408746e-23 19166
19.5 5.172218457779674e-23 17544
19.6 4.923461017370707e-23 16334
19.7 4.486094546889126e-23 14576
19.8 4.241085319331753e-23 13398
19.9 4.065444611732651e-23 12536
20 3.704956033866166e-23 11022
20.1 3.339545325505736e-23 9800
20.2 3.268861480834668e-23 9372
20.3 2.823684168497603e-23 8000
20.4 2.528433087794197e-23 7070
20.5 2.277222865813585e-23 6216
20.6 2.144103096132631e-23 5984
20.7 1.76927041787979e-23 4872
20.8 1.415147339018169e-23 3848
20.9 1.354476432783958e-23 3624
21 1.213208883976002e-23 3296
21.1 9.575687968012848e-24 2624
21.2 6.13444183772643e-24 1644
21.3 6.596487694717951e-24 1712
21.4 5.646422945824994e-24 1464
21.5 4.046192822832677e-24 1058
21.6 1.628887102543919e-24 408
21.7 2.469567033198002e-24 584
21.8 1.435231772276638e-24 344
21.9 7.145044672560086e-25 168
22 1.192584581442825e-25 38
22.1 1.155143938808828e-25 25

0.1 1.352576418521972e-25 18
0.2 8.924501004124078e-25 62
0.3 1.866991263674954e-24 98
0.4 3.260729625144887e-24 210
0.5 3.293769504541673e-24 350
0.6 2.108363472621072e-24 450
0.7 1.184479204649407e-24 602
0.8 1.686742580625781e-24 762
0.9 5.042419894621453e-24 1142
1 9.496287314855164e-24 1250
1.1 1.354226774332974e-23 1458
1.2 1.587108577734512e-23 1814
1.3 1.526578955190452e-23 2178
1.4 1.023558506321596e-23 2498
1.5 5.330726341284279e-24 2622
1.6 3.826119848727176e-24 3338
1.7 5.694982603296363e-24 3722
1.8 1.094238317428712e-23 4170
1.9 1.519189776563608e-23 4358
2 1.823906976117325e-23 5034
2.1 1.591596409599973e-23 5714
2.2 9.796842160204351e-24 5982
2.3 4.704781013501081e-24 6602
2.4 3.320592038736077e-24 7130
2.5 7.857713683387547e-24 8034
2.6 1.674926075004747e-23 8606
2.7 2.373021759866451e-23 9066
2.8 2.776028750486417e-23 9962
2.9 2.392980142686186e-23 10550
3 1.589840376408169e-23 11226
3.1 8.449301151871277e-24 12146
3.2 5.861519792305399e-24 12606
3.3 1.12348943854303e-23 13802
3.4 2.316672559496111e-23 14754
3.5 3.352701359277524e-23 15194
3.6 4.087180998767728e-23 16454
3.7 3.6983243288142e-23 17154
3.8 2.747412519674877e-23 18266
3.9 1.621728283388636e-23 18750
4 1.000151440635416e-23 20234
4.1 1.279358819174945e-23 21450
4.2 2.285933739679796e-23 21962
4.3 3.790137679780562e-23 23462
4.4 4.644777712250532e-23 24042
4.5 4.978734561244413e-23 25946
4.6 3.982427041262614e-23 26118
4.7 2.821142963996069e-23 27506
4.8 1.732822167124547e-23 29066
4.9 1.422576830381751e-23 30450
5 2.162890980566815e-23 31742
5.1 3.598649118829553e-23 32250
5.2 5.133016005592042e-23 34250
5.3 6.015816697458709e-23 35454
5.4 5.829547645198265e-23 36434
5.5 4.876666865433586e-23 37682
5.6 3.514621987246774e-23 39294
5.7 2.514754480012029e-23 41426
5.8 2.348418192889501e-23 42066
5.9 3.162452855537739e-23 43490
6 4.756016368217284e-23 45702
6.1 6.290872135161345e-23 46634
6.2 7.332349546972876e-23 48554
6.3 7.196473019361607e-23 48870
6.4 6.487548097805356e-23 51554
6.5 5.430835335659018e-23 54090
6.6 4.255229610477108e-23 54314
6.7 4.038578905033086e-23 56910
6.8 4.52472206503154e-23 57482
6.9 5.929060137642123e-23 60626
7 7.174347376461998e-23 61206
7.1 8.182860778773073e-23 62570
7.2 8.629359260202675e-23 65730
7.3 8.210947132828413e-23 66686
7.4 7.573636358837603e-23 69698
7.5 6.720515601737458e-23 70026
7.6 6.457735373284654e-23 72746
7.7 6.782611648490712e-23 74910
7.8 7.478922359642486e-23 75722
7.9 8.684562139038895e-23 78378
8 9.595183881008666e-23 80030
8.1 1.030611283906637e-22 83186
8.2 1.025914701811508e-22 84666
8.3 9.753113449664484e-23 86546
8.4 9.212605816265382e-23 88134
8.5 9.006637854583348e-23 91538
8.6 8.979418870427065e-23 93138
8.7 9.561843801632385e-23 94478
8.8 1.06337350810375e-22 97274
8.9 1.168312686878307e-22 99690
9 1.286429781144849e-22 102590
9.1 1.340165402502433e-22 103770
9.2 1.362374542036699e-22 106346
9.3 1.32696358063489e-22 108546
9.4 1.301834794947327e-22 110726
9.5 1.250361999642446e-22 112322
9.6 1.246159215512495e-22 115890
9.7 1.286695987327747e-22 118766
9.8 1.359816134064639e-22 122298
9.9 1.419033084074492e-22 122090
10 1.531404071862654e-22 125810
10.1 1.635886739942635e-22 128190
10.2 1.704605606711702e-22 130994
10.3 1.749953464823451e-22 133722
10.4 1.745063814785976e-22 133886
10.5 1.839645432929891e-22 140538
10.6 1.814631073052984e-22 140594
10.7 1.861484650042319e-22 143594
10.8 1.904000874226831e-22 146310
10.9 1.984549636127152e-22 150650
11 2.05433776710925e-22 151914
11.1 2.09755115533655e-22 153398
11.2 2.191118455146883e-22 157866
11.3 2.279111521174471e-22 160658
11.4 2.367373651850485e-22 164102
11.5 2.417904843599615e-22 164994
11.6 2.512381229502804e-22 169850
11.7 2.58920582931133e-22 172986
11.8 2.646398461192156e-22 173894
11.9 2.707706569753682e-22 176778
12 2.821646699631871e-22 181802
12.1 2.897398172902866e-22 184430
12.2 2.96270383369716e-22 187242
12.3 3.002656607539684e-22 190250
12.4 3.07558295524035e-22 192570
12.5 3.190804202025403e-22 198254
12.6 3.19509025450951e-22 198074
12.7 3.28485301516888e-22 202050
12.8 3.328842748776633e-22 204287
12.9 3.367888498205799e-22 205824
13 3.353995263232236e-22 202532
13.1 3.379978659465663e-22 199068
13.2 3.48552161188334e-22 201056
13.3 3.480798118615397e-22 196616
13.4 3.49633237634661e-22 195816
13.5 3.437036228734814e-22 191756
13.6 3.462746181310964e-22 191952
13.7 3.458154827867479e-22 191024
13.8 3.439134371416933e-22 186648
13.9 3.399612450111169e-22 183896
14 3.362925520352961e-22 183272
14.1 3.271230355164813e-22 180840
14.2 3.230823698091053e-22 178880
14.3 3.175928001687473e-22 174984
14.4 3.175442727113231e-22 173720
14.5 3.203466478755844e-22 171380
14.6 3.220309255188688e-22 169164
14.7 3.209295817423991e-22 166616
14.8 3.187669840273945e-22 163644
14.9 3.188288905551276e-22 161852
15 3.161823431716016e-22 158256
15.1 3.121319240512912e-22 154724
15.2 3.123609397293072e-22 153056
15.3 3.109273611340461e-22 149592
15.4 3.139005844763514e-22 147980
15.5 3.029603045031641e-22 142884
15.6 3.053625319650679e-22 141752
15.7 3.0089370059453e-22 138348
15.8 2.963560217980568e-22 134084
15.9 2.941138209558001e-22 131756
16 2.935812963843163e-22 128460
16.1 2.916755542045646e-22 126800
16.2 2.859106897424226e-22 121716
16.3 2.851850711149598e-22 118844
16.4 2.763394387719264e-22 114900
16.5 2.737559860296523e-22 112556
16.6 2.672644194258806e-22 107972
16.7 2.611136928980838e-22 104784
16.8 2.539762457654441e-22 101564
16.9 2.496630569809859e-22 97932
17 2.404951221533717e-22 94076
17.1 2.347324670526076e-22 89960
17.2 2.268599670906176e-22 85968
17.3 2.243989082097926e-22 83600
17.4 2.128970258794916e-22 78468
17.5 2.040127521387353e-22 74168
17.6 1.94614388471272e-22 70944
17.7 1.840050097016228e-22 66788
17.8 1.72786016222117e-22 62648
17.9 1.619169505861344e-22 58224
18 1.528413654180974e-22 54536
18.1 1.405316194142942e-22 50301
18.2 1.301958708577819e-22 46208
18.3 1.225559264181345e-22 42990
18.4 1.169484191086561e-22 40370
18.5 1.108086274101194e-22 37634
18.6 1.023514190422354e-22 34500
18.7 9.996669612745391e-23 32756
18.8 9.373097925527393e-23 29916
18.9 9.055863968789221e-23 28268
19 8.392920821425928e-23 25710
19.1 8.140331959002903e-23 24350
19.2 7.660346452101428e-23 22406
19.3 7.061746310272685e-23 20622
19.4 6.709267160892759e-23 19166
19.5 6.354020637880816e-23 17544
19.6 5.91631411357485e-23 16334
19.7 5.352043516547073e-23 14576
19.8 5.023686145709029e-23 13398
19.9 4.763091669442402e-23 12536
20 4.113257454098036e-23 11022
20.1 3.690253529223558e-23 9800
20.2 3.498937970508458e-23 9372
20.3 2.867565375400151e-23 8000
20.4 2.585967528569613e-23 7070
20.5 2.265527450293776e-23 6216
20.6 2.109619411621231e-23 5984
20.7 1.70896853097439e-23 4872
20.8 1.349936288899559e-23 3848
20.9 1.261267958574352e-23 3624
21 1.124419365657268e-23 3296
21.1 8.990195099825661e-24 2624
21.2 5.425667625028128e-24 1644
21.3 5.543218621246644e-24 1712
21.4 4.883633392202301e-24 1464
21.5 3.537716093531754e-24 1058
21.6 1.292068390426444e-24 408
21.7 2.166697870232319e-24 584
21.8 1.215231807024909e-24 344
21.9 5.808113148161427e-25 168
22 1.15447216737078e-25 38
22.1 7.429228191217914e-26 25

0.1 2.030371611112169e-25 18
0.2 1.195897219088757e-24 62
0.3 2.090257781267343e-24 98
0.4 2.822090727483124e-24 210
0.5 1.551702209379651e-24 350
0.6 9.429601064845896e-25 450
0.7 2.899592162295738e-24 602
0.8 7.072495699681805e-24 762
0.9 1.286890508792183e-23 1142
1 1.237406109005299e-23 1250
1.1 8.717446411487653e-24 1458
1.2 4.470501820550167e-24 1814
1.3 3.0852392647363e-24 2178
1.4 6.684777505996009e-24 2498
1.5 1.088725171584107e-23 2622
1.6 1.442612066782427e-23 3338
1.7 1.126744259065968e-23 3722
1.8 5.049624466117165e-24 4170
1.9 2.385673225671707e-24 4358
2 6.886556746531293e-24 5034
2.1 1.568933589180337e-23 5714
2.2 2.139133191641972e-23 5982
2.3 2.001109336988641e-23 6602
2.4 1.158792546571375e-23 7130
2.5 5.43952014651544e-24 8034
2.6 7.335919169243576e-24 8606
2.7 1.684734461628647e-23 9066
2.8 2.810339594613245e-23 9962
2.9 3.033489763401649e-23 10550
3 2.26379543080141e-23 11226
3.1 1.214308563986612e-23 12146
3.2 7.371067009737836e-24 12606
3.3 1.419793419385856e-23 13802
3.4 2.891264953102365e-23 14754
3.5 3.677065123482454e-23 15194
3.6 3.580597757942773e-23 16454
3.7 2.269045990092212e-23 17154
3.8 1.153854988127833e-23 18266
3.9 1.079191588334223e-23 18750
4 2.298747946318683e-23 20234
4.1 3.884630957203027e-23 21450
4.2 4.497193465058287e-23 21962
4.3 3.981748606251837e-23 23462
4.4 2.414849564482637e-23 24042
4.5 1.412148203907216e-23 25946
4.6 1.639315331345596e-23 26118
4.7 3.149653902294639e-23 27506
4.8 4.875214682049021e-23 29066
4.9 5.647899168685016e-23 30450
5 4.726058997380191e-23 31742
5.1 3.097407694026884e-23 32250
5.2 2.073229253359058e-23 34250
5.3 2.40890197217609e-23 35454
5.4 3.926918929594142e-23 36434
5.5 5.652376260237806e-23 37682
5.6 6.466247823314565e-23 39294
5.7 5.869979006616321e-23 41426
5.8 4.334071878203064e-23 42066
5.9 3.177650562150903e-23 43490
6 3.279491566176092e-23 45702
6.1 4.54376165388355e-23 46634
6.2 6.29370371244011e-23 48554
6.3 7.041951919216014e-23 48870
6.4 6.948374259920198e-23 51554
6.5 6.082748642915088e-23 54090
6.6 4.887034185728247e-23 54314
6.7 4.712128081358142e-23 56910
6.8 5.412742679671919e-23 57482
6.9 6.879476361848104e-23 60626
7 7.696950920556338e-23 61206
7.1 7.902185025817105e-23 62570
7.2 7.471762118218315e-23 65730
7.3 6.649766649226403e-23 66686
7.4 6.489213177784584e-23 69698
7.5 6.89341015785006e-23 70026
7.6 8.020864956048799e-23 72746
7.7 9.075301202151496e-23 74910
7.8 9.416988658714768e-23 75722
7.9 9.307950342413171e-23 78378
8 8.497877803880309e-23 80030
8.1 8.266010033244641e-23 83186
8.2 8.240013826167464e-23 84666
8.3 9.185335779914086e-23 86546
8.4 1.029749956138326e-22 88134
8.5 1.163461432152829e-22 91538
8.6 1.204191289541261e-22 93138
8.7 1.170768763288444e-22 94478
8.8 1.133178071868086e-22 97274
8.9 1.095733816745536e-22 99690
9 1.108773546758432e-22 102590
9.1 1.127407831727536e-22 103770
9.2 1.241103904518811e-22 106346
9.3 1.335013483429712e-22 108546
9.4 1.408949211972813e-22 110726
9.5 1.429353120169156e-22 112322
9.6 1.467598578050176e-22 115890
9.7 1.469824659417891e-22 118766
9.8 1.508081386497651e-22 122298
9.9 1.518831760262682e-22 122090
10 1.597073234929495e-22 125810
10.1 1.679031262183874e-22 128190
10.2 1.757102284260092e-22 130994
10.3 1.812009151672569e-22 133722
10.4 1.83169365864144e-22 133886
10.5 1.927974360190478e-22 140538
10.6 1.923201135615588e-22 140594
10.7 1.984315111462724e-22 143594
10.8 2.023946257910557e-22 146310
10.9 2.092192719142678e-22 150650
11 2.121389884611098e-22 151914
11.1 2.15651013884204e-22 153398
11.2 2.237882312666707e-22 157866
11.3 2.316851350752214e-22 160658
11.4 2.421318569756305e-22 164102
11.5 2.493266586042459e-22 164994
11.6 2.614522394895424e-22 169850
11.7 2.707782821626754e-22 172986
11.8 2.742782091695047e-22 173894
11.9 2.80120080734346e-22 176778
12 2.89706728710264e-22 181802
12.1 2.928225617172077e-22 184430
12.2 2.998368865081628e-22 187242
12.3 3.044050943375483e-22 190250
12.4 3.175845512351745e-22 192570
12.5 3.320648703250991e-22 198254
12.6 3.404925124506245e-22 198074
12.7 3.558073951514095e-22 202050
12.8 3.654995744147205e-22 204287
12.9 3.738876538076138e-22 205824
13 3.669671406130852e-22 202532
13.1 3.595830413057719e-22 199068
13.2 3.619082072064298e-22 201056
13.3 3.556675348521012e-22 196616
13.4 3.552704054102586e-22 195816
13.5 3.487009057394436e-22 191756
13.6 3.497289915152891e-22 191952
13.7 3.525170759467786e-22 191024
13.8 3.55088693429186e-22 186648
13.9 3.559376611097345e-22 183896
14 3.570244454640471e-22 183272
14.1 3.533587127075754e-22 180840
14.2 3.538911807051434e-22 178880
14.3 3.513301642483524e-22 174984
14.4 3.545245885428711e-22 173720
14.5 3.512625015307109e-22 171380
14.6 3.506522566547839e-22 169164
14.7 3.485464072239505e-22 166616
14.8 3.442098289145234e-22 163644
14.9 3.46470774871967e-22 161852
15 3.442051531436206e-22 158256
15.1 3.406145265222575e-22 154724
15.2 3.379100834771428e-22 153056
15.3 3.330362642598806e-22 149592
15.4 3.290253038301606e-22 147980
15.5 3.225870475962602e-22 142884
15.6 3.207930932233021e-22 141752
15.7 3.147287958647113e-22 138348
15.8 3.063054312747655e-22 134084
15.9 3.028636099228305e-22 131756
16 2.982363683130831e-22 128460
16.1 3.010592069051699e-22 126800
16.2 2.942809069103958e-22 121716
16.3 2.959127243615222e-22 118844
16.4 2.920861384811254e-22 114900
16.5 2.900394269608013e-22 112556
16.6 2.850070167112161e-22 107972
16.7 2.791039474363175e-22 104784
16.8 2.736735888102703e-22 101564
16.9 2.658951126884985e-22 97932
17 2.602962696540995e-22 94076
17.1 2.509323463965188e-22 89960
17.2 2.413062094187973e-22 85968
17.3 2.376527683424485e-22 83600
17.4 2.259010402801883e-22 78468
17.5 2.15700119962499e-22 74168
17.6 2.089708030848954e-22 70944
17.7 1.972704678921057e-22 66788
17.8 1.87049258837494e-22 62648
17.9 1.75118740680581e-22 58224
18 1.670909383405592e-22 54536
18.1 1.583732367698256e-22 50301
18.2 1.473712364619001e-22 46208
18.3 1.40629536014597e-22 42990
18.4 1.34482219512597e-22 40370
18.5 1.269088387220168e-22 37634
18.6 1.178599019676818e-22 34500
18.7 1.134456959580032e-22 32756
18.8 1.054378805691078e-22 29916
18.9 9.982448224915452e-23 28268
19 8.967941610262567e-23 25710
19.1 8.517716100147927e-23 24350
19.2 7.75108872513303e-23 22406
19.3 7.089475704022141e-23 20622
19.4 6.472946281359788e-23 19166
19.5 5.920934839627078e-23 17544
19.6 5.488353906098841e-23 16334
19.7 4.87867076070244e-23 14576
19.8 4.474508735257743e-23 13398
19.9 4.236443438618387e-23 12536
20 3.730221835787036e-23 11022
20.1 3.331481438271434e-23 9800
20.2 3.227509775645215e-23 9372
20.3 2.975856119472802e-23 8000
20.4 2.641129565867592e-23 7070
20.5 2.386650939256878e-23 6216
20.6 2.382534924804681e-23 5984
20.7 2.046469926434545e-23 4872
20.8 1.64682802572658e-23 3848
20.9 1.557756772614621e-23 3624
21 1.491185879646122e-23 3296
21.1 1.193730579501643e-23 2624
21.2 7.7031558033547e-24 1644
21.3 8.245931354311095e-24 1712
21.4 6.89302087697452e-24 1464
21.5 5.296244237381636e-24 1058
21.6 2.030161177778722e-24 408
21.7 3.040950772375801e-24 584
21.8 1.668324424791159e-24 344
21.9 9.034742749305867e-25 168
22 2.34601063217319e-25 38
22.1 1.583212277722557e-25 25

0.1 2.742353462328222e-25 18
0.2 1.418270712545174e-24 62
0.3 1.950538837773175e-24 98
0.4 1.840872496844364e-24 210
0.5 8.954956346209032e-25 350
0.6 2.879412236378388e-24 450
0.7 7.572174679377857e-24 602
0.8 9.978245082257519e-24 762
0.9 8.996324757086308e-24 1142
1 3.371834170189235e-24 1250
1.1 2.685352545819192e-24 1458
1.2 7.146805568133186e-24 1814
1.3 1.167860333407395e-23 2178
1.4 9.318924724761148e-24 2498
1.5 3.766646061375811e-24 2622
1.6 2.539036114868702e-24 3338
1.7 9.293358808881332e-24 3722
1.8 1.701164905523025e-23 4170
1.9 1.607575468588105e-23 4358
2 9.378399469150591e-24 5034
2.1 4.342310639436244e-24 5714
2.2 9.596226687862902e-24 5982
2.3 2.125191365792446e-23 6602
2.4 2.529756109209914e-23 7130
2.5 1.831931423719469e-23 8034
2.6 7.767469959302269e-24 8606
2.7 8.02341672891725e-24 9066
2.8 2.063743951725414e-23 9962
2.9 2.999856177717379e-23 10550
3 2.602820485583303e-23 11226
3.1 1.355308867431191e-23 12146
3.2 7.009605514434962e-24 12606
3.3 1.683685998360486e-23 13802
3.4 3.248360290058009e-23 14754
3.5 3.513003201423885e-23 15194
3.6 2.434479322814778e-23 16454
3.7 1.048390073081767e-23 17154
3.8 1.270103133629955e-23 18266
3.9 2.858754643372967e-23 18750
4 4.232865142520418e-23 20234
4.1 3.912304076275531e-23 21450
4.2 2.193978588901342e-23 21962
4.3 1.253786948323807e-23 23462
4.4 2.117775622817168e-23 24042
4.5 4.194292169990876e-23 25946
4.6 4.89323885470123e-23 26118
4.7 4.086498091607352e-23 27506
4.8 2.35067655412249e-23 29066
4.9 1.784816249218154e-23 30450
5 3.127111601005898e-23 31742
5.1 5.008382268594367e-23 32250
5.2 5.654520856527853e-23 34250
5.3 4.433915706437587e-23 35454
5.4 2.8192985430204e-23 36434
5.5 2.55818595042886e-23 37682
5.6 3.95621438840973e-23 39294
5.7 5.821285967808558e-23 41426
5.8 6.206721628742991e-23 42066
5.9 5.04129054729231e-23 43490
6 3.786635531692944e-23 45702
6.1 3.640399191748998e-23 46634
6.2 4.92741201428385e-23 48554
6.3 6.198821517049438e-23 48870
6.4 6.72962028105694e-23 51554
6.5 6.082976049172622e-23 54090
6.6 4.98011032489565e-23 54314
6.7 5.094015853319749e-23 56910
6.8 5.998928882923055e-23 57482
6.9 7.293292509617202e-23 60626
7 7.374208698953276e-23 61206
7.1 6.810470976859896e-23 62570
7.2 6.170100272295644e-23 65730
7.3 6.282296945159119e-23 66686
7.4 7.398308619181078e-23 69698
7.5 8.405618434297204e-23 70026
7.6 8.937735866530985e-23 72746
7.7 8.437261905526081e-23 74910
7.8 7.420481191075547e-23 75722
7.9 7.283892775657735e-23 78378
8 8.058449974024967e-23 80030
8.1 9.385183202788608e-23 83186
8.2 1.033086902488186e-22 84666
8.3 1.047332615499107e-22 86546
8.4 9.933862288981911e-23 88134
8.5 9.597344815051652e-23 91538
8.6 9.611247603092435e-23 93138
8.7 1.013877356465379e-22 94478
8.8 1.111769152142806e-22 97274
8.9 1.178716557816039e-22 99690
9 1.216452136439939e-22 102590
9.1 1.205879872991023e-22 103770
9.2 1.21501502921898e-22 106346
9.3 1.24495620659772e-22 108546
9.4 1.29424345009331e-22 110726
9.5 1.359384406981266e-22 112322
9.6 1.432568755174705e-22 115890
9.7 1.47406528622918e-22 118766
9.8 1.508877417676405e-22 122298
9.9 1.495659271164419e-22 122090
10 1.54655914944946e-22 125810
10.1 1.582674010491472e-22 128190
10.2 1.638172906514853e-22 130994
10.3 1.686111250367111e-22 133722
10.4 1.718341843498685e-22 133886
10.5 1.840067617767913e-22 140538
10.6 1.901692880826865e-22 140594
10.7 1.979249704029976e-22 143594
10.8 2.029162115406882e-22 146310
10.9 2.079581685674027e-22 150650
11 2.089351289193683e-22 151914
11.1 2.105524350658602e-22 153398
11.2 2.200860967777424e-22 157866
11.3 2.300586595176445e-22 160658
11.4 2.416743643786218e-22 164102
11.5 2.493960969078805e-22 164994
11.6 2.607000488986142e-22 169850
11.7 2.634540356101258e-22 172986
11.8 2.624183526310572e-22 173894
11.9 2.662070668928809e-22 176778
12 2.748228779278477e-22 181802
12.1 2.83399772818501e-22 184430
12.2 2.945126162469533e-22 187242
12.3 3.071390651288448e-22 190250
12.4 3.182922991749038e-22 192570
12.5 3.315015121249226e-22 198254
12.6 3.303776364642011e-22 198074
12.7 3.386146402940632e-22 202050
12.8 3.414046445773304e-22 204287
12.9 3.454588539266287e-22 205824
13 3.433736994690375e-22 202532
13.1 3.435824996282817e-22 199068
13.2 3.441237602782075e-22 201056
13.3 3.436232870095028e-22 196616
13.4 3.485588130030655e-22 195816
13.5 3.420367664503611e-22 191756
13.6 3.43271449556437e-22 191952
13.7 3.444624704444627e-22 191024
13.8 3.425580162857834e-22 186648
13.9 3.432029206566983e-22 183896
14 3.419989085465416e-22 183272
14.1 3.380091316355285e-22 180840
14.2 3.387819945809352e-22 178880
14.3 3.348758924538192e-22 174984
14.4 3.312874260087554e-22 173720
14.5 3.265052066935439e-22 171380
14.6 3.239656896651665e-22 169164
14.7 3.223885425449555e-22 166616
14.8 3.218816861186524e-22 163644
14.9 3.242591312357506e-22 161852
15 3.242062037735646e-22 158256
15.1 3.208029226022553e-22 154724
15.2 3.240162493930841e-22 153056
15.3 3.203753317204875e-22 149592
15.4 3.183967950496422e-22 147980
15.5 3.093336188167985e-22 142884
15.6 3.110084164021856e-22 141752
15.7 3.060285326999412e-22 138348
15.8 3.000738138993565e-22 134084
15.9 2.988172575667615e-22 131756
16 2.943519966263112e-22 128460
16.1 2.933189946631189e-22 126800
16.2 2.849115745769132e-22 121716
16.3 2.80145269900702e-22 118844
16.4 2.744287405428783e-22 114900
16.5 2.713966730513551e-22 112556
16.6 2.615351548245845e-22 107972
16.7 2.544598789787139e-22 104784
16.8 2.486136785937072e-22 101564
16.9 2.399263587502536e-22 97932
17 2.359591016932973e-22 94076
17.1 2.263000375989808e-22 89960
17.2 2.221073683696474e-22 85968
17.3 2.186119680159915e-22 83600
17.4 2.106454747866083e-22 78468
17.5 2.006475028984698e-22 74168
17.6 1.964594162209915e-22 70944
17.7 1.872129547800873e-22 66788
17.8 1.784315711902304e-22 62648
17.9 1.683819632107623e-22 58224
18 1.596240335105695e-22 54536
18.1 1.496270285847962e-22 50301
18.2 1.368842165182526e-22 46208
18.3 1.308061496026378e-22 42990
18.4 1.224940810259021e-22 40370
18.5 1.141782454784481e-22 37634
18.6 1.056871630589155e-22 34500
18.7 9.928862864642971e-23 32756
18.8 9.043646045858723e-23 29916
18.9 8.60629536536876e-23 28268
19 7.824562090831005e-23 25710
19.1 7.582521948030823e-23 24350
19.2 7.092615345758014e-23 22406
19.3 6.631949060267173e-23 20622
19.4 6.357864874642444e-23 19166
19.5 5.973324796295018e-23 17544
19.6 5.64258733417223e-23 16334
19.7 5.238115997871705e-23 14576
19.8 4.912187616304305e-23 13398
19.9 4.664011547904179e-23 12536
20 4.09514690957095e-23 11022
20.1 3.760879599657073e-23 9800
20.2 3.593378968349991e-23 9372
20.3 2.983417297687535e-23 8000
20.4 2.638898751003729e-23 7070
20.5 2.34177972253951e-23 6216
20.6 2.228420421352086e-23 5984
20.7 1.804256166332566e-23 4872
20.8 1.40109212895774e-23 3848
20.9 1.337556908909625e-23 3624
21 1.179560771474859e-23 3296
21.1 9.161382502360682e-24 2624
21.2 5.733044096331048e-24 1644
21.3 5.956486458024973e-24 1712
21.4 5.204698172392991e-24 1464
21.5 3.964912789194296e-24 1058
21.6 1.500253723439136e-24 408
21.7 2.345397284147757e-24 584
21.8 1.263784747312416e-24 344
21.9 7.424993527273104e-25 168
22 1.371384736947392e-25 38
22.1 1.226206166411326e-25 25

0.1 3.460757266100775e-25 18
0.2 1.513687376174902e-24 62
0.3 1.490838968094905e-24 98
0.4 1.030243089971553e-24 210
0.5 2.423965634513975e-24 350
0.6 6.201171690376826e-24 450
0.7 8.645114889021123e-24 602
0.8 5.380527704814365e-24 762
0.9 2.537070867583439e-24 1142
1 5.010416044207649e-24 1250
1.1 9.078058660707649e-24 1458
1.2 7.904594713994038e-24 1814
1.3 2.72762925280149e-24 2178
1.4 3.719449034381e-24 2498
1.5 1.068504887329519e-23 2622
1.6 1.513057431915064e-23 3338
1.7 9.285519571506791e-24 3722
1.8 3.746477873971501e-24 4170
1.9 9.627432447823352e-24 4358
2 2.046524807322991e-23 5034
2.1 1.901901176367135e-23 5714
2.2 7.912017007684807e-24 5982
2.3 6.113925251141178e-24 6602
2.4 1.727787505998955e-23 7130
2.5 2.557467709402067e-23 8034
2.6 1.744553838851081e-23 8606
2.7 6.061715277154065e-24 9066
2.8 1.139295909382256e-23 9962
2.9 2.604987412522202e-23 10550
3 2.790211346985949e-23 11226
3.1 1.474324512373731e-23 12146
3.2 6.908944682996442e-24 12606
3.3 1.893894376897957e-23 13802
3.4 3.510481681574066e-23 14754
3.5 2.946940271838905e-23 15194
3.6 1.351847547350666e-23 16454
3.7 1.053322037654026e-23 17154
3.8 2.792799758009416e-23 18266
3.9 4.045934353095993e-23 18750
4 3.092895277779187e-23 20234
4.1 1.39420321310159e-23 21450
4.2 1.566474618342869e-23 21962
4.3 3.646589944323166e-23 23462
4.4 4.508205756438719e-23 24042
4.5 3.3297678111398e-23 25946
4.6 1.605361089924887e-23 26118
4.7 2.126166721819968e-23 27506
4.8 4.211790141410814e-23 29066
4.9 5.192993896992214e-23 30450
5 3.715104018703528e-23 31742
5.1 2.138949377992754e-23 32250
5.2 2.753586504220802e-23 34250
5.3 4.723441788219779e-23 35454
5.4 5.451801365355135e-23 36434
5.5 4.388392318177124e-23 37682
5.6 3.006415044626128e-23 39294
5.7 3.470780996888623e-23 41426
5.8 5.106923450277473e-23 42066
5.9 5.929721102019703e-23 43490
6 5.146770383792358e-23 45702
6.1 4.028294204682872e-23 46634
6.2 4.35855390017658e-23 48554
6.3 5.524537606235924e-23 48870
6.4 6.380805657859944e-23 51554
6.5 5.930455246586621e-23 54090
6.6 4.988036578334102e-23 54314
6.7 5.309465603471156e-23 56910
6.8 6.397325899886831e-23 57482
6.9 7.289991775762539e-23 60626
7 6.572948762444937e-23 61206
7.1 5.767402650923086e-23 62570
7.2 5.966631625453409e-23 65730
7.3 7.074521171561645e-23 66686
7.4 8.331770314910196e-23 69698
7.5 8.076450285752171e-23 70026
7.6 7.354273549615655e-23 72746
7.7 6.904631403956911e-23 74910
7.8 7.47179603510408e-23 75722
7.9 8.753301970426465e-23 78378
8 9.462051339502544e-23 80030
8.1 9.426810720340888e-23 83186
8.2 8.776257541504743e-23 84666
8.3 8.750989752104436e-23 86546
8.4 9.312518550090997e-23 88134
8.5 1.031021977864483e-22 91538
8.6 1.055563428616486e-22 93138
8.7 1.04510674579762e-22 94478
8.8 1.059586768742233e-22 97274
8.9 1.088332562751451e-22 99690
9 1.169993713154705e-22 102590
9.1 1.20561067065451e-22 103770
9.2 1.245379709789954e-22 106346
9.3 1.248385957526867e-22 108546
9.4 1.27303496499246e-22 110726
9.5 1.278506432801001e-22 112322
9.6 1.331946691105449e-22 115890
9.7 1.380120338733721e-22 118766
9.8 1.460374427812542e-22 122298
9.9 1.480948641719756e-22 122090
10 1.563864360238361e-22 125810
10.1 1.609793685077436e-22 128190
10.2 1.628948543535335e-22 130994
10.3 1.646844094512185e-22 133722
10.4 1.665892247300251e-22 133886
10.5 1.782043967043593e-22 140538
10.6 1.837059150106717e-22 140594
10.7 1.926017679295235e-22 143594
10.8 1.959405088699824e-22 146310
10.9 1.969714590791447e-22 150650
11 1.976364254124094e-22 151914
11.1 2.010267412808428e-22 153398
11.2 2.130311149290381e-22 157866
11.3 2.2422495546899e-22 160658
11.4 2.362915449789628e-22 164102
11.5 2.399092133282025e-22 164994
11.6 2.459311542442069e-22 169850
11.7 2.467454446510609e-22 172986
11.8 2.499224640605509e-22 173894
11.9 2.59954121051037e-22 176778
12 2.733461539641738e-22 181802
12.1 2.85058062643167e-22 184430
12.2 2.934336799662335e-22 187242
12.3 2.999322099741457e-22 190250
12.4 3.058111165253585e-22 192570
12.5 3.172004894124435e-22 198254
12.6 3.169646751878578e-22 198074
12.7 3.282740841019971e-22 202050
12.8 3.347119439507722e-22 204287
12.9 3.375235306892428e-22 205824
13 3.33556484927338e-22 202532
13.1 3.32806216405508e-22 199068
13.2 3.396824112607256e-22 201056
13.3 3.343773818163504e-22 196616
13.4 3.383237078747853e-22 195816
13.5 3.365054527176639e-22 191756
13.6 3.310685024089729e-22 191952
13.7 3.311643310113574e-22 191024
13.8 3.258063164585383e-22 186648
13.9 3.206550692334088e-22 183896
14 3.20417549506292e-22 183272
14.1 3.228619892039183e-22 180840
14.2 3.27147804040751e-22 178880
14.3 3.234167935125715e-22 174984
14.4 3.244764228363343e-22 173720
14.5 3.244805067681242e-22 171380
14.6 3.220221925204645e-22 169164
14.7 3.20991080014693e-22 166616
14.8 3.144453663008423e-22 163644
14.9 3.141168210179693e-22 161852
15 3.099143894961148e-22 158256
15.1 3.058392972744778e-22 154724
15.2 3.054417091496568e-22 153056
15.3 3.016899257159981e-22 149592
15.4 2.999531578222517e-22 147980
15.5 2.933695607047568e-22 142884
15.6 2.920828421905463e-22 141752
15.7 2.862229009908505e-22 138348
15.8 2.828805826816995e-22 134084
15.9 2.818083368454164e-22 131756
16 2.810346106709434e-22 128460
16.1 2.83146690377954e-22 126800
16.2 2.779609718031329e-22 121716
16.3 2.753077717246156e-22 118844
16.4 2.687198638400004e-22 114900
16.5 2.659119260546233e-22 112556
16.6 2.580978636604749e-22 107972
16.7 2.528315131710759e-22 104784
16.8 2.45731125861342e-22 101564
16.9 2.390169796009675e-22 97932
17 2.320474474156679e-22 94076
17.1 2.240465585616489e-22 89960
17.2 2.188582314196661e-22 85968
17.3 2.169210670748306e-22 83600
17.4 2.047807563249196e-22 78468
17.5 1.968985254641853e-22 74168
17.6 1.89483324215905e-22 70944
17.7 1.795273559558565e-22 66788
17.8 1.680765328173759e-22 62648
17.9 1.59777340198346e-22 58224
18 1.500451456376409e-22 54536
18.1 1.405437131689336e-22 50301
18.2 1.297158100156574e-22 46208
18.3 1.230612305119505e-22 42990
18.4 1.149641959186364e-22 40370
18.5 1.096112420985145e-22 37634
18.6 1.015906032289741e-22 34500
18.7 9.707367329739438e-23 32756
18.8 9.122701439361313e-23 29916
18.9 8.886478514609124e-23 28268
19 8.254546548172726e-23 25710
19.1 7.816288024086311e-23 24350
19.2 7.373562559253922e-23 22406
19.3 6.806191760996462e-23 20622
19.4 6.285812551569121e-23 19166
19.5 5.698814845721986e-23 17544
19.6 5.286794357236216e-23 16334
19.7 4.722333580778664e-23 14576
19.8 4.253893591634135e-23 13398
19.9 3.912876499714703e-23 12536
20 3.387155265623547e-23 11022
20.1 2.981315160636981e-23 9800
20.2 2.901881431630377e-23 9372
20.3 2.49141729303464e-23 8000
20.4 2.201893991272364e-23 7070
20.5 1.935171880070642e-23 6216
20.6 1.973578239667978e-23 5984
20.7 1.672452239822069e-23 4872
20.8 1.332723727483366e-23 3848
20.9 1.290776042086163e-23 3624
21 1.252090291590321e-23 3296
21.1 1.033190764575935e-23 2624
21.2 6.78329801644762e-24 1644
21.3 7.307299662532817e-24 1712
21.4 6.029136565834349e-24 1464
21.5 4.840561109806813e-24 1058
21.6 1.958189451990947e-24 408
21.7 2.749245271880182e-24 584
21.8 1.697594777031583e-24 344
21.9 9.049886403214605e-25 168
22 1.965366136805768e-25 38
22.1 1.716631357774853e-25 25

0.1 4.153795447266302e-25 18
0.2 1.48558068033624e-24 62
0.3 9.226571510975057e-25 98
0.4 1.036807775531302e-24 210
0.5 5.140956879050574e-24 350
0.6 7.175740176518297e-24 450
0.7 4.71227962955141e-24 602
0.8 1.81429223535312e-24 762
0.9 6.155149094550432e-24 1142
1 8.376795366927874e-24 1250
1.1 3.906317716552065e-24 1458
1.2 2.046836085401244e-24 1814
1.3 9.22553777929836e-24 2178
1.4 1.285390791477706e-23 2498
1.5 5.958649206955307e-24 2622
1.6 3.732911548812013e-24 3338
1.7 1.366660446306269e-23 3722
1.8 1.836464904450823e-23 4170
1.9 8.360790892657969e-24 4358
2 4.858428147129493e-24 5034
2.1 1.588441264978134e-23 5714
2.2 2.110369697662246e-23 5982
2.3 1.071978071089762e-23 6602
2.4 5.428573298042877e-24 7130
2.5 1.828324028322281e-23 8034
2.6 2.571380174039896e-23 8606
2.7 1.267299717586986e-23 9066
2.8 6.712199698159042e-24 9962
2.9 2.088793207451355e-23 10550
3 2.944011742231096e-23 11226
3.1 1.736894626101048e-23 12146
3.2 7.648343925412144e-24 12606
3.3 2.218659545175485e-23 13802
3.4 3.5958340715884e-23 14754
3.5 2.252829071736159e-23 15194
3.6 9.666428374237745e-24 16454
3.7 2.202264866820626e-23 17154
3.8 3.950661125742839e-23 18266
3.9 2.979989449153587e-23 18750
4 1.278658538914078e-23 20234
4.1 2.177395231161482e-23 21450
4.2 4.122487674843309e-23 21962
4.3 3.882242239931838e-23 23462
4.4 1.837184425613226e-23 24042
4.5 2.087234589377956e-23 25946
4.6 4.062479670396938e-23 26118
4.7 4.685951765949986e-23 27506
4.8 2.920747975398175e-23 29066
4.9 2.142800440064069e-23 30450
5 3.922987199774519e-23 31742
5.1 5.260077012369631e-23 32250
5.2 4.121579371829492e-23 34250
5.3 2.740369240942813e-23 35454
5.4 3.610011860665885e-23 36434
5.5 5.313492023109681e-23 37682
5.6 5.253149408193581e-23 39294
5.7 3.845539600319068e-23 41426
5.8 3.869580258725472e-23 42066
5.9 5.24450682036858e-23 43490
6 5.872801265181708e-23 45702
6.1 4.895714755795815e-23 46634
6.2 4.456568180151718e-23 48554
6.3 5.31207739032711e-23 48870
6.4 6.416606525575947e-23 51554
6.5 5.99296045537534e-23 54090
6.6 5.087288425300554e-23 54314
6.7 5.773516455747582e-23 56910
6.8 6.968357028691179e-23 57482
6.9 7.365787578406417e-23 60626
7 6.190317071292616e-23 61206
7.1 5.847582872567903e-23 62570
7.2 7.017133303364243e-23 65730
7.3 8.126968354920787e-23 66686
7.4 8.176935966364541e-23 69698
7.5 7.167881469677741e-23 70026
7.6 7.139956429912129e-23 72746
7.7 8.141376689334052e-23 74910
7.8 8.959923808367716e-23 75722
7.9 9.107810487501396e-23 78378
8 8.656946813554633e-23 80030
8.1 8.948062513723951e-23 83186
8.2 9.523508121144415e-23 84666
8.3 9.997117112393624e-23 86546
8.4 1.000451647914192e-22 88134
8.5 1.018827842529244e-22 91538
8.6 1.049702650640204e-22 93138
8.7 1.092794053813239e-22 94478
8.8 1.158574188292968e-22 97274
8.9 1.184362297271649e-22 99690
9 1.206389884118408e-22 102590
9.1 1.20629940077043e-22 103770
9.2 1.244248748342417e-22 106346
9.3 1.284045505606712e-22 108546
9.4 1.356998872656242e-22 110726
9.5 1.395599613071769e-22 112322
9.6 1.47232282915694e-22 115890
9.7 1.499471470722407e-22 118766
9.8 1.509616273435807e-22 122298
9.9 1.521081438327729e-22 122090
10 1.612903263570051e-22 125810
10.1 1.693335375227894e-22 128190
10.2 1.726159573309318e-22 130994
10.3 1.724954008828304e-22 133722
10.4 1.720810087594733e-22 133886
10.5 1.856508246523531e-22 140538
10.6 1.937088689895216e-22 140594
10.7 2.059961917514113e-22 143594
10.8 2.087747664271965e-22 146310
10.9 2.098575873439459e-22 150650
11 2.122802973602624e-22 151914
11.1 2.174886295068483e-22 153398
11.2 2.319007331627085e-22 157866
11.3 2.41401068214858e-22 160658
11.4 2.483147824488022e-22 164102
11.5 2.507292721016095e-22 164994
11.6 2.572858612519819e-22 169850
11.7 2.632591204144041e-22 172986
11.8 2.711192460759258e-22 173894
11.9 2.791222571642034e-22 176778
12 2.906766219199988e-22 181802
12.1 2.996431587662042e-22 184430
12.2 3.064934519433374e-22 187242
12.3 3.141760862005394e-22 190250
12.4 3.23925434818199e-22 192570
12.5 3.337274560496469e-22 198254
12.6 3.363451607547053e-22 198074
12.7 3.479502637518929e-22 202050
12.8 3.569803754929653e-22 204287
12.9 3.666220251001956e-22 205824
13 3.643860576644932e-22 202532
13.1 3.612250352883732e-22 199068
13.2 3.663534538177826e-22 201056
13.3 3.543350283144742e-22 196616
13.4 3.549326498041556e-22 195816
13.5 3.531939764511628e-22 191756
13.6 3.564308394236766e-22 191952
13.7 3.609064248967674e-22 191024
13.8 3.598767916484076e-22 186648
13.9 3.569096502613716e-22 183896
14 3.561568907192182e-22 183272
14.1 3.54538049241823e-22 180840
14.2 3.542796592889787e-22 178880
14.3 3.499655092490029e-22 174984
14.4 3.485126277396027e-22 173720
14.5 3.485007726986697e-22 171380
14.6 3.438740385730067e-22 169164
14.7 3.42245960405578e-22 166616
14.8 3.391722634496174e-22 163644
14.9 3.396238783942115e-22 161852
15 3.392635384747897e-22 158256
15.1 3.371986421530633e-22 154724
15.2 3.414478150089328e-22 153056
15.3 3.355926320925701e-22 149592
15.4 3.351644151053104e-22 147980
15.5 3.253683157791265e-22 142884
15.6 3.250482563253687e-22 141752
15.7 3.19309335656397e-22 138348
15.8 3.147986237416722e-22 134084
15.9 3.111613205837207e-22 131756
16 3.079767928855017e-22 128460
16.1 3.064735241008948e-22 126800
16.2 2.989019680867774e-22 121716
16.3 2.926352343039423e-22 118844
16.4 2.854007542824444e-22 114900
16.5 2.831489402552257e-22 112556
16.6 2.745611008779032e-22 107972
16.7 2.725142667161094e-22 104784
16.8 2.665858321972722e-22 101564
16.9 2.633680196997022e-22 97932
17 2.593865963274476e-22 94076
17.1 2.51655045676482e-22 89960
17.2 2.457346965744537e-22 85968
17.3 2.409698571028106e-22 83600
17.4 2.30212089640715e-22 78468
17.5 2.178666615078978e-22 74168
17.6 2.108022290131964e-22 70944
17.7 1.987500265052944e-22 66788
17.8 1.886388261429445e-22 62648
17.9 1.780760280617839e-22 58224
18 1.683652846128034e-22 54536
18.1 1.58240211886931e-22 50301
18.2 1.473313882675721e-22 46208
18.3 1.386455361858784e-22 42990
18.4 1.312665858876293e-22 40370
18.5 1.243020394699259e-22 37634
18.6 1.146619287679224e-22 34500
18.7 1.099071739364695e-22 32756
18.8 1.021261109771851e-22 29916
18.9 9.726684489421242e-23 28268
19 8.744705671086523e-23 25710
19.1 8.307014951612737e-23 24350
19.2 7.651829549809346e-23 22406
19.3 6.960636742472717e-23 20622
19.4 6.434804567207477e-23 19166
19.5 5.974254712679276e-23 17544
19.6 5.703554412431245e-23 16334
19.7 5.116431187584585e-23 14576
19.8 4.811713317646802e-23 13398
19.9 4.650029251803676e-23 12536
20 4.382578925498719e-23 11022
20.1 3.825766307645377e-23 9800
20.2 3.904695846194918e-23 9372
20.3 3.214432318119018e-23 8000
20.4 2.84839115517554e-23 7070
20.5 2.564996674358143e-23 6216
20.6 2.491221116157106e-23 5984
20.7 1.950251894781555e-23 4872
20.8 1.577012731464082e-23 3848
20.9 1.393842198247794e-23 3624
21 1.286215040868283e-23 3296
21.1 1.011853781867068e-23 2624
21.2 6.125940749352824e-24 1644
21.3 6.465640129396605e-24 1712
21.4 5.417025585225745e-24 1464
21.5 4.120544532755522e-24 1058
21.6 1.475097685933219e-24 408
21.7 2.418624416590672e-24 584
21.8 1.388244584995685e-24 344
21.9 7.53433999252434e-25 168
22 1.685357482009237e-25 38
22.1 1.043455184794711e-25 25

0.1 4.767296490170499e-25 18
0.2 1.342453394205614e-24 62
0.3 4.921322914850497e-25 98
0.4 1.969279536008852e-24 210
0.5 6.87401905550081e-24 350
0.6 4.806197613288214e-24 450
0.7 1.777481632306532e-24 602
0.8 4.561161538524151e-24 762
0.9 7.962624510117012e-24 1142
1 2.359962002884149e-24 1250
1.1 3.584689504281705e-24 1458
1.2 1.044075323873686e-23 1814
1.3 8.194535684947124e-24 2178
1.4 2.769888958375281e-24 2498
1.5 9.722812241973919e-24 2622
1.6 1.566001060465475e-23 3338
1.7 6.943954893918327e-24 3722
1.8 6.380735579605447e-24 4170
1.9 1.696997993058591e-23 4358
2 1.480072215795388e-23 5034
2.1 4.919371620818295e-24 5714
2.2 1.380003812628784e-23 5982
2.3 2.274785142501851e-23 6602
2.4 1.097811685973132e-23 7130
2.5 7.693294712519255e-24 8034
2.6 2.38451885697038e-23 8606
2.7 2.249127324220783e-23 9066
2.8 8.439352540062957e-24 9962
2.9 1.58411829587375e-23 10550
3 3.043368430366164e-23 11226
3.1 2.000357591432704e-23 12146
3.2 8.494927101016405e-24 12606
3.3 2.522845325107635e-23 13802
3.4 3.465010211592865e-23 14754
3.5 1.539102141596277e-23 15194
3.6 1.397083959737926e-23 16454
3.7 3.464384090534933e-23 17154
3.8 3.30501854144581e-23 18266
3.9 1.374721607635476e-23 18750
4 2.167104945794182e-23 20234
4.1 4.235418331076932e-23 21450
4.2 3.100697056100799e-23 21962
4.3 1.568160600214787e-23 23462
4.4 3.023395863193863e-23 24042
4.5 4.737460237063158e-23 25946
4.6 2.96594090746128e-23 26118
4.7 2.020270161754802e-23 27506
4.8 3.829696849096467e-23 29066
4.9 4.980730137879487e-23 30450
5 3.220695130065204e-23 31742
5.1 2.635419265930248e-23 32250
5.2 4.50696684751643e-23 34250
5.3 5.007003328859958e-23 35454
5.4 3.543299278651917e-23 36434
5.5 3.465139339885977e-23 37682
5.6 5.02884605873011e-23 39294
5.7 5.304264506615383e-23 41426
5.8 4.133136302739877e-23 42066
5.9 4.360595113400461e-23 43490
6 5.702879994547641e-23 45702
6.1 5.445912273393479e-23 46634
6.2 4.683744747019806e-23 48554
6.3 5.111287329480414e-23 48870
6.4 6.417270515138864e-23 51554
6.5 6.106991087045483e-23 54090
6.6 5.095018958217182e-23 54314
6.7 5.931468315042797e-23 56910
6.8 7.139057031504408e-23 57482
6.9 7.033859823766546e-23 60626
7 5.856808516894541e-23 61206
7.1 6.251316788469678e-23 62570
7.2 7.73594440652577e-23 65730
7.3 7.809206707741697e-23 66686
7.4 7.287939182639878e-23 69698
7.5 7.1885502513951e-23 70026
7.6 8.095968232771538e-23 72746
7.7 8.732461381915835e-23 74910
7.8 8.317128334724872e-23 75722
7.9 8.415060259606164e-23 78378
8 8.99054938960566e-23 80030
8.1 9.631410974593464e-23 83186
8.2 9.494150016026165e-23 84666
8.3 9.507578953803609e-23 86546
8.4 9.884596925746118e-23 88134
8.5 1.069892054048343e-22 91538
8.6 1.098082377786843e-22 93138
8.7 1.107938068943001e-22 94478
8.8 1.118731582504627e-22 97274
8.9 1.13817913657449e-22 99690
9 1.195995892654277e-22 102590
9.1 1.244387453559769e-22 103770
9.2 1.311468479067975e-22 106346
9.3 1.329095028361487e-22 108546
9.4 1.32520102723362e-22 110726
9.5 1.367111780414235e-22 112322
9.6 1.45411356961138e-22 115890
9.7 1.521958321615659e-22 118766
9.8 1.545551420935416e-22 122298
9.9 1.516373577029842e-22 122090
10 1.594464119304118e-22 125810
10.1 1.706585509688838e-22 128190
10.2 1.796865817904857e-22 130994
10.3 1.800244785897886e-22 133722
10.4 1.767785198159078e-22 133886
10.5 1.871659063999398e-22 140538
10.6 1.93558586011704e-22 140594
10.7 2.048896661076055e-22 143594
10.8 2.065048589003592e-22 146310
10.9 2.094349380181496e-22 150650
11 2.146745507805087e-22 151914
11.1 2.207834847245996e-22 153398
11.2 2.335842331525202e-22 157866
11.3 2.411949629460899e-22 160658
11.4 2.487835737980344e-22 164102
11.5 2.528108996828126e-22 164994
11.6 2.635006237256642e-22 169850
11.7 2.697121841642748e-22 172986
11.8 2.769177484033607e-22 173894
11.9 2.848786196915922e-22 176778
12 2.989703010782663e-22 181802
12.1 3.059490206506351e-22 184430
12.2 3.136614712365505e-22 187242
12.3 3.180917223157524e-22 190250
12.4 3.255271174461199e-22 192570
12.5 3.411273866118079e-22 198254
12.6 3.475761861371339e-22 198074
12.7 3.64430892116316e-22 202050
12.8 3.684066331718515e-22 204287
12.9 3.685039451539934e-22 205824
13 3.62060943323274e-22 202532
13.1 3.618026663618263e-22 199068
13.2 3.672335137437637e-22 201056
13.3 3.651727484486068e-22 196616
13.4 3.675214334318928e-22 195816
13.5 3.646941254404718e-22 191756
13.6 3.649431006218431e-22 191952
13.7 3.652138640697241e-22 191024
13.8 3.628209295884485e-22 186648
13.9 3.577386945311556e-22 183896
14 3.565330399544515e-22 183272
14.1 3.57276547533704e-22 180840
14.2 3.564707233072673e-22 178880
14.3 3.534570180904175e-22 174984
14.4 3.567771712427116e-22 173720
14.5 3.563088449159521e-22 171380
14.6 3.553663648078868e-22 169164
14.7 3.535823859528768e-22 166616
14.8 3.485590578925297e-22 163644
14.9 3.463092227767888e-22 161852
15 3.412675549598761e-22 158256
15.1 3.381059132765142e-22 154724
15.2 3.355016045158009e-22 153056
15.3 3.348468805850524e-22 149592
15.4 3.336038122156944e-22 147980
15.5 3.260382022988315e-22 142884
15.6 3.279845738820596e-22 141752
15.7 3.224366176914455e-22 138348
15.8 3.190976773702538e-22 134084
15.9 3.191829616728553e-22 131756
16 3.153479054245214e-22 128460
16.1 3.166081667382069e-22 126800
16.2 3.072802927871394e-22 121716
16.3 3.026875620523528e-22 118844
16.4 2.950023619046323e-22 114900
16.5 2.89631439804185e-22 112556
16.6 2.811458489408459e-22 107972
16.7 2.759809572658707e-22 104784
16.8 2.717972595202758e-22 101564
16.9 2.643967987177892e-22 97932
17 2.593981857464801e-22 94076
17.1 2.480765518975776e-22 89960
17.2 2.421004834303595e-22 85968
17.3 2.36194388280927e-22 83600
17.4 2.251286071936328e-22 78468
17.5 2.141914072818833e-22 74168
17.6 2.08816296777398e-22 70944
17.7 2.010234040055248e-22 66788
17.8 1.894157881625464e-22 62648
17.9 1.807970835283868e-22 58224
18 1.729579373724357e-22 54536
18.1 1.599215525417058e-22 50301
18.2 1.483686315297888e-22 46208
18.3 1.384396057543686e-22 42990
18.4 1.326794535085414e-22 40370
18.5 1.221534294233526e-22 37634
18.6 1.138786216855315e-22 34500
18.7 1.083185275837269e-22 32756
18.8 1.003435424657521e-22 29916
18.9 9.514189308719187e-23 28268
19 8.819453419471256e-23 25710
19.1 8.515821871611985e-23 24350
19.2 7.921000425398402e-23 22406
19.3 7.353589328253295e-23 20622
19.4 7.076882442575646e-23 19166
19.5 6.516754149625678e-23 17544
19.6 6.156465827174012e-23 16334
19.7 5.53180479512096e-23 14576
19.8 5.060912277509166e-23 13398
19.9 4.644304924709795e-23 12536
20 4.064282099645094e-23 11022
20.1 3.542442770881535e-23 9800
20.2 3.308289903013476e-23 9372
20.3 2.891084730950306e-23 8000
20.4 2.529299805500101e-23 7070
20.5 2.165298579076269e-23 6216
20.6 2.159225191765414e-23 5984
20.7 1.813576573680586e-23 4872
20.8 1.418112431940027e-23 3848
20.9 1.380901828727797e-23 3624
21 1.326389856655074e-23 3296
21.1 1.112127749660769e-23 2624
21.2 6.870920588413848e-24 1644
21.3 7.61248311985355e-24 1712
21.4 6.391884251997327e-24 1464
21.5 4.524718093571832e-24 1058
21.6 1.9695983232062e-24 408
21.7 2.991195447976183e-24 584
21.8 1.793591848356728e-24 344
21.9 9.436341423302195e-25 168
22 1.878310146155148e-25 38
22.1 1.304644698932782e-25 25

0.1 5.235905824130654e-25 18
0.2 1.114178091652453e-24 62
0.3 3.816680311258274e-25 98
0.4 3.383680676878768e-24 210
0.5 6.29554785758705e-24 350
0.6 2.041684121475231e-24 450
0.7 3.477706364454905e-24 602
0.8 6.145823820754826e-24 762
0.9 2.711034937928994e-24 1142
1 4.3869828860135e-24 1250
1.1 9.627286418204638e-24 1458
1.2 4.656514298779192e-24 1814
1.3 4.783586026454666e-24 2178
1.4 1.367664254087239e-23 2498
1.5 8.433528247721663e-24 2622
1.6 4.579034821230809e-24 3338
1.7 1.555144625102918e-23 3722
1.8 1.270699728363862e-23 4170
1.9 4.285782779533472e-24 4358
2 1.575347588423985e-23 5034
2.1 1.798244179998141e-23 5714
2.2 5.551923191341052e-24 5982
2.3 1.500495401064769e-23 6602
2.4 2.300267265683557e-23 7130
2.5 9.039239124540103e-24 8034
2.6 1.330342989353463e-23 8606
2.7 2.636550500162561e-23 9066
2.8 1.40082946924308e-23 9962
2.9 1.065719520288668e-23 10550
3 2.839707789465878e-23 11226
3.1 2.129128443633394e-23 12146
3.2 8.564994670682028e-24 12606
3.3 2.66146332603924e-23 13802
3.4 3.025271578701578e-23 14754
3.5 1.054349675823497e-23 15194
3.6 2.272133352765293e-23 16454
3.7 3.60645417291352e-23 17154
3.8 1.751233957892551e-23 18266
3.9 1.669694975371123e-23 18750
4 3.853608888495123e-23 20234
4.1 2.937641163045859e-23 21450
4.2 1.475230357193524e-23 21962
4.3 3.529526353550813e-23 23462
4.4 3.952104579495159e-23 24042
4.5 2.036187210106539e-23 25946
4.6 2.708378158001385e-23 26118
4.7 4.542423998108274e-23 27506
4.8 3.242071588233209e-23 29066
4.9 2.442821864029962e-23 30450
5 4.293543924960607e-23 31742
5.1 4.401014375490045e-23 32250
5.2 2.935482744149541e-23 34250
5.3 3.821398192459526e-23 35454
5.4 4.875371343532012e-23 36434
5.5 3.952636984307747e-23 37682
5.6 3.666994423318431e-23 39294
5.7 5.129155877877551e-23 41426
5.8 4.843362978468289e-23 42066
5.9 4.000717874852719e-23 43490
6 4.985584107152146e-23 45702
6.1 5.671614638565995e-23 46634
6.2 4.720934000186901e-23 48554
6.3 4.666910621749276e-23 48870
6.4 6.122728865455563e-23 51554
6.5 6.102379630601033e-23 54090
6.6 4.921035446563574e-23 54314
6.7 5.843748624554845e-23 56910
6.8 6.897353606783191e-23 57482
6.9 6.521832181897806e-23 60626
7 5.701407832950493e-23 61206
7.1 6.627686916636015e-23 62570
7.2 7.494996714682923e-23 65730
7.3 6.972099982840117e-23 66686
7.4 6.992611148827592e-23 69698
7.5 7.554991791208844e-23 70026
7.6 7.931894479570037e-23 72746
7.7 7.81090766333849e-23 74910
7.8 8.002526773533901e-23 75722
7.9 8.696662335779648e-23 78378
8 8.76680039304471e-23 80030
8.1 8.8127432757264e-23 83186
8.2 8.92993215037261e-23 84666
8.3 9.537946627569655e-23 86546
8.4 9.876282693464494e-23 88134
8.5 1.027541451987892e-22 91538
8.6 1.01842464406284e-22 93138
8.7 1.021931323948664e-22 94478
8.8 1.083274417818979e-22 97274
8.9 1.153753143243162e-22 99690
9 1.184566847835034e-22 102590
9.1 1.16635052094711e-22 103770
9.2 1.209469982453168e-22 106346
9.3 1.287032026635779e-22 108546
9.4 1.316282878832677e-22 110726
9.5 1.284203758228621e-22 112322
9.6 1.3415681552608e-22 115890
9.7 1.452740988956978e-22 118766
9.8 1.533023115152052e-22 122298
9.9 1.499258217019511e-22 122090
10 1.502795832182254e-22 125810
10.1 1.585308026687959e-22 128190
10.2 1.683808837271158e-22 130994
10.3 1.715718205490136e-22 133722
10.4 1.688571281633526e-22 133886
10.5 1.763158903528389e-22 140538
10.6 1.849716404185829e-22 140594
10.7 1.958680700494074e-22 143594
10.8 1.976609039160928e-22 146310
10.9 2.030668477861456e-22 150650
11 2.079998485628316e-22 151914
11.1 2.128589629186521e-22 153398
11.2 2.215878361703685e-22 157866
11.3 2.272649615858543e-22 160658
11.4 2.354004154618799e-22 164102
11.5 2.395249663168501e-22 164994
11.6 2.463642784256444e-22 169850
11.7 2.529918758702642e-22 172986
11.8 2.610327804115031e-22 173894
11.9 2.694280639870309e-22 176778
12 2.803067940634396e-22 181802
12.1 2.850810247902389e-22 184430
12.2 2.886326415676711e-22 187242
12.3 2.967267343840381e-22 190250
12.4 3.11029350731942e-22 192570
12.5 3.260686519217231e-22 198254
12.6 3.272906607434738e-22 198074
12.7 3.329575677107348e-22 202050
12.8 3.392323855833004e-22 204287
12.9 3.460051859805061e-22 205824
13 3.447194750821713e-22 202532
13.1 3.414413809018453e-22 199068
13.2 3.463839607177013e-22 201056
13.3 3.420131619011516e-22 196616
13.4 3.427657728882699e-22 195816
13.5 3.39503787479031e-22 191756
13.6 3.361906674492788e-22 191952
13.7 3.375389550302033e-22 191024
13.8 3.344739949673968e-22 186648
13.9 3.332994161325984e-22 183896
14 3.395173924905138e-22 183272
14.1 3.37025709989534e-22 180840
14.2 3.345181068145222e-22 178880
14.3 3.27830488300992e-22 174984
14.4 3.273635362230305e-22 173720
14.5 3.252382102952941e-22 171380
14.6 3.257602740833148e-22 169164
14.7 3.250144255734363e-22 166616
14.8 3.22908056182592e-22 163644
14.9 3.220117799120983e-22 161852
15 3.182204398053547e-22 158256
15.1 3.15110098365203e-22 154724
15.2 3.169207639870378e-22 153056
15.3 3.148806986061424e-22 149592
15.4 3.119801994040859e-22 147980
15.5 3.009690350283383e-22 142884
15.6 3.012545374704069e-22 141752
15.7 2.958889485882564e-22 138348
15.8 2.913905991003848e-22 134084
15.9 2.900455546521942e-22 131756
16 2.875721862513324e-22 128460
16.1 2.869474162758429e-22 126800
16.2 2.770088680294857e-22 121716
16.3 2.739283817099144e-22 118844
16.4 2.681127060035747e-22 114900
16.5 2.67905644071541e-22 112556
16.6 2.630712541154964e-22 107972
16.7 2.587344105148415e-22 104784
16.8 2.544269040790282e-22 101564
16.9 2.475269395971639e-22 97932
17 2.400009285770465e-22 94076
17.1 2.314373694786846e-22 89960
17.2 2.217421954177214e-22 85968
17.3 2.197580229177341e-22 83600
17.4 2.079787777865752e-22 78468
17.5 1.99558249313748e-22 74168
17.6 1.93978616898753e-22 70944
17.7 1.858376838678951e-22 66788
17.8 1.739198575013735e-22 62648
17.9 1.648341647926834e-22 58224
18 1.543572639122287e-22 54536
18.1 1.42541692387588e-22 50301
18.2 1.330999310485919e-22 46208
18.3 1.252202534967611e-22 42990
18.4 1.197190785158758e-22 40370
18.5 1.138067227002885e-22 37634
18.6 1.045105977007355e-22 34500
18.7 1.009551383252181e-22 32756
18.8 9.459310249465521e-23 29916
18.9 8.932874527701721e-23 28268
19 8.300321694409034e-23 25710
19.1 7.910243052735017e-23 24350
19.2 7.296951993770888e-23 22406
19.3 6.714275026792164e-23 20622
19.4 6.031242823003321e-23 19166
19.5 5.552758208379738e-23 17544
19.6 5.228509010974351e-23 16334
19.7 4.663894730002836e-23 14576
19.8 4.300915645243956e-23 13398
19.9 4.160299707597602e-23 12536
20 3.719711967742799e-23 11022
20.1 3.39392403053033e-23 9800
20.2 3.293602517740559e-23 9372
20.3 2.86002092032935e-23 8000
20.4 2.675145789293794e-23 7070
20.5 2.385050734564328e-23 6216
20.6 2.337997424104162e-23 5984
20.7 1.888966835880562e-23 4872
20.8 1.502201129123392e-23 3848
20.9 1.348913932127657e-23 3624
21 1.20489675083152e-23 3296
21.1 9.593992029864781e-24 2624
21.2 5.755253175698254e-24 1644
21.3 5.916771866083836e-24 1712
21.4 4.615429840224375e-24 1464
21.5 3.667838628562971e-24 1058
21.6 1.313371879137097e-24 408
21.7 1.922018700169405e-24 584
21.8 1.194281546731074e-24 344
21.9 6.08000509987296e-25 168
22 1.089368170900503e-25 38
22.1 9.627396756722223e-26 25

0.1 5.55200269508718e-25 18
0.2 8.501499864693705e-25 62
0.3 6.784601804098001e-25 98
0.4 4.555705693921134e-24 210
0.5 4.060548271078137e-24 350
0.6 1.698749497065048e-24 450
0.7 5.734669795990338e-24 602
0.8 2.785458358330471e-24 762
0.9 3.469921709012407e-24 1142
1 8.889034912390194e-24 1250
1.1 3.334984008279526e-24 1458
1.2 6.034840368798133e-24 1814
1.3 1.287658005636994e-23 2178
1.4 4.312493509651636e-24 2498
1.5 7.940443666710746e-24 2622
1.6 1.467947100128947e-23 3338
1.7 4.786810648543762e-24 3722
1.8 1.208708432268315e-23 4170
1.9 1.512615789680891e-23 4358
2 4.974302474427076e-24 5034
2.1 1.526008068063175e-23 5714
2.2 1.776425873027133e-23 5982
2.3 5.7364680145e-24 6602
2.4 1.833297142030374e-23 7130
2.5 1.970233265730251e-23 8034
2.6 6.843045582428997e-24 8606
2.7 2.186914388953751e-23 9066
2.8 2.096830530817659e-23 9962
2.9 7.827307148588276e-24 10550
3 2.488026662343167e-23 11226
3.1 2.282582709112016e-23 12146
3.2 8.620477328263999e-24 12606
3.3 2.816432962520566e-23 13802
3.4 2.554596442852947e-23 14754
3.5 1.043788879856175e-23 15194
3.6 3.171736017776868e-23 16454
3.7 2.768594778372661e-23 17154
3.8 1.248306746983384e-23 18266
3.9 3.265433147738315e-23 18750
4 3.195308168519545e-23 20234
4.1 1.493445074136468e-23 21450
4.2 3.31895210340765e-23 21962
4.3 3.654439313565627e-23 23462
4.4 1.775741546716894e-23 24042
4.5 3.541292364510025e-23 25946
4.6 3.950655963409054e-23 26118
4.7 2.294120865891091e-23 27506
4.8 3.439098212840645e-23 29066
4.9 4.524735803508183e-23 30450
5 2.890750924212401e-23 31742
5.1 3.527876560373747e-23 32250
5.2 4.684032312334879e-23 34250
5.3 3.466301794789509e-23 35454
5.4 3.791050048891126e-23 36434
5.5 4.847079497851025e-23 37682
5.6 4.056549819368104e-23 39294
5.7 4.225983647560213e-23 41426
5.8 5.265598066210147e-23 42066
5.9 4.46642492803857e-23 43490
6 4.499422019897343e-23 45702
6.1 5.746867782548944e-23 46634
6.2 5.25838634001387e-23 48554
6.3 4.485787196370171e-23 48870
6.4 6.019814996573039e-23 51554
6.5 6.296512579920828e-23 54090
6.6 5.14909341812859e-23 54314
6.7 5.975763732722863e-23 56910
6.8 6.817360502685891e-23 57482
6.9 6.314154307230851e-23 60626
7 6.128779817870134e-23 61206
7.1 7.018521869717675e-23 62570
7.2 7.239544756967798e-23 65730
7.3 6.908090563575252e-23 66686
7.4 7.624984635450746e-23 69698
7.5 7.725387197305528e-23 70026
7.6 7.663781235023506e-23 72746
7.7 8.071659105292705e-23 74910
7.8 8.522462607536453e-23 75722
7.9 8.701107649460194e-23 78378
8 8.572811708836668e-23 80030
8.1 9.048330170877275e-23 83186
8.2 9.500745203845901e-23 84666
8.3 9.774611853458361e-23 86546
8.4 9.872165483519982e-23 88134
8.5 1.010020363515793e-22 91538
8.6 1.051872918611604e-22 93138
8.7 1.097662110624999e-22 94478
8.8 1.113724494610247e-22 97274
8.9 1.119763559818473e-22 99690
9 1.210286658783219e-22 102590
9.1 1.232905626873106e-22 103770
9.2 1.227758345477936e-22 106346
9.3 1.252063587377406e-22 108546
9.4 1.363933921778667e-22 110726
9.5 1.392382786666858e-22 112322
9.6 1.399586580084661e-22 115890
9.7 1.417794714568207e-22 118766
9.8 1.539031259070256e-22 122298
9.9 1.552265597851001e-22 122090
10 1.558431039838793e-22 125810
10.1 1.598571871447528e-22 128190
10.2 1.720498999330996e-22 130994
10.3 1.781537266543258e-22 133722
10.4 1.774058214598191e-22 133886
10.5 1.841824268116257e-22 140538
10.6 1.885365010997197e-22 140594
10.7 1.973734313436548e-22 143594
10.8 2.022350065794701e-22 146310
10.9 2.073644537870179e-22 150650
11 2.124765778537023e-22 151914
11.1 2.163046539190385e-22 153398
11.2 2.259397644117748e-22 157866
11.3 2.36868825986126e-22 160658
11.4 2.445270870570118e-22 164102
11.5 2.455676764523593e-22 164994
11.6 2.551992249459369e-22 169850
11.7 2.643290351174523e-22 172986
11.8 2.731168505024026e-22 173894
11.9 2.805915100115864e-22 176778
12 2.854104289072449e-22 181802
12.1 2.934747668102897e-22 184430
12.2 3.052672072370705e-22 187242
12.3 3.143058321407758e-22 190250
12.4 3.219325900825593e-22 192570
12.5 3.310207503391222e-22 198254
12.6 3.348349348807242e-22 198074
12.7 3.461483807095272e-22 202050
12.8 3.53672998279801e-22 204287
12.9 3.595320097433993e-22 205824
13 3.58114242640772e-22 202532
13.1 3.558864893161324e-22 199068
13.2 3.597554965125614e-22 201056
13.3 3.538879485932705e-22 196616
13.4 3.524774304252106e-22 195816
13.5 3.508249733161226e-22 191756
13.6 3.556334265911286e-22 191952
13.7 3.592895312646978e-22 191024
13.8 3.527400873164366e-22 186648
13.9 3.482712723014024e-22 183896
14 3.48783598003302e-22 183272
14.1 3.476521096137436e-22 180840
14.2 3.474726932481288e-22 178880
14.3 3.441681972713356e-22 174984
14.4 3.458410000629228e-22 173720
14.5 3.439082059683789e-22 171380
14.6 3.440593807926784e-22 169164
14.7 3.433617087756274e-22 166616
14.8 3.396222685206461e-22 163644
14.9 3.34753842871312e-22 161852
15 3.321275900644619e-22 158256
15.1 3.267746376779976e-22 154724
15.2 3.292619410360933e-22 153056
15.3 3.251767639707476e-22 149592
15.4 3.268575460235545e-22 147980
15.5 3.200136984649283e-22 142884
15.6 3.199900623991548e-22 141752
15.7 3.158872555817078e-22 138348
15.8 3.120516550397643e-22 134084
15.9 3.087976680001777e-22 131756
16 3.042415668482006e-22 128460
16.1 3.026701338005475e-22 126800
16.2 2.921097202793583e-22 121716
16.3 2.872170544703059e-22 118844
16.4 2.818050838454651e-22 114900
16.5 2.789389235457189e-22 112556
16.6 2.712839388102346e-22 107972
16.7 2.691067399880648e-22 104784
16.8 2.630039605083881e-22 101564
16.9 2.551194962406387e-22 97932
17 2.502682739777447e-22 94076
17.1 2.431123509758685e-22 89960
17.2 2.360775601334034e-22 85968
17.3 2.348235940585083e-22 83600
17.4 2.236832578663078e-22 78468
17.5 2.14069511545605e-22 74168
17.6 2.096452842786433e-22 70944
17.7 1.968791102577505e-22 66788
17.8 1.854503661631869e-22 62648
17.9 1.7317498500093e-22 58224
18 1.632853461447178e-22 54536
18.1 1.532680931942031e-22 50301
18.2 1.45242189527271e-22 46208
18.3 1.361563854007454e-22 42990
18.4 1.281153608519668e-22 40370
18.5 1.222692861275409e-22 37634
18.6 1.119136180059005e-22 34500
18.7 1.078599110299326e-22 32756
18.8 9.935502310543902e-23 29916
18.9 9.343114170019306e-23 28268
19 8.47025162625895e-23 25710
19.1 8.206455188540139e-23 24350
19.2 7.504308899893641e-23 22406
19.3 6.896520146046934e-23 20622
19.4 6.520278946781496e-23 19166
19.5 6.187229345308788e-23 17544
19.6 5.904994797521273e-23 16334
19.7 5.318832771261794e-23 14576
19.8 5.016742031699074e-23 13398
19.9 4.645560834715949e-23 12536
20 4.149133851072257e-23 11022
20.1 3.624341101080524e-23 9800
20.2 3.383844951953748e-23 9372
20.3 2.823519776383582e-23 8000
20.4 2.445373064445912e-23 7070
20.5 2.124456532535375e-23 6216
20.6 2.095430930301751e-23 5984
20.7 1.709391352388204e-23 4872
20.8 1.338121488330938e-23 3848
20.9 1.317385316651773e-23 3624
21 1.281545136550214e-23 3296
21.1 9.995117151302848e-24 2624
21.2 6.599085611462866e-24 1644
21.3 7.2591489033403e-24 1712
21.4 6.38602790446056e-24 1464
21.5 4.281161876521388e-24 1058
21.6 1.809014259529226e-24 408
21.7 2.721013751912387e-24 584
21.8 1.647833363293162e-24 344
21.9 7.772896681112156e-25 168
22 2.271729294031923e-25 38
22.1 9.920285588696194e-26 25

0.1 5.75288887691476e-25 18
0.2 6.28182785343944e-25 62
0.3 1.324588819220802e-24 98
0.4 4.902967844605301e-24 210
0.5 2.05428909781719e-24 350
0.6 3.377977259629951e-24 450
0.7 4.300446445639695e-24 602
0.8 1.529115696017741e-24 762
0.9 8.133060847532872e-24 1142
1 3.581667556538908e-24 1250
1.1 5.609509728850183e-24 1458
1.2 1.093933600644589e-23 1814
1.3 3.556655799522387e-24 2178
1.4 1.124154094156482e-23 2498
1.5 9.486024000971986e-24 2622
1.6 4.675936219856982e-24 3338
1.7 1.610515670661529e-23 3722
1.8 6.991943835547374e-24 4170
1.9 9.897620386106254e-24 4358
2 1.766168037362314e-23 5034
2.1 5.73019023089418e-24 5714
2.2 1.769755376924696e-23 5982
2.3 1.588768925008091e-23 6602
2.4 7.593481300734511e-24 7130
2.5 2.388173132388172e-23 8034
2.6 1.184919386474025e-23 8606
2.7 1.386070967997224e-23 9066
2.8 2.613637926179642e-23 9962
2.9 8.994176819892463e-24 10550
3 2.235889154029674e-23 11226
3.1 2.481236115020607e-23 12146
3.2 9.800078783647314e-24 12606
3.3 3.017092609900967e-23 13802
3.4 2.176666279153765e-23 14754
3.5 1.491566892966672e-23 15194
3.6 3.599575688957486e-23 16454
3.7 1.774550481139541e-23 17154
3.8 2.284434486475582e-23 18266
3.9 3.691156744910459e-23 18750
4 1.709862579476599e-23 20234
4.1 3.048491862268857e-23 21450
4.2 3.61311082230347e-23 21962
4.3 1.930012441083106e-23 23462
4.4 3.600835597648087e-23 24042
4.5 3.615039478150968e-23 25946
4.6 2.260182477659081e-23 26118
4.7 4.127611897940209e-23 27506
4.8 3.584608792971498e-23 29066
4.9 2.928848167148702e-23 30450
5 4.486546530693805e-23 31742
5.1 3.611369681715626e-23 32250
5.2 3.598081042865356e-23 34250
5.3 4.720427216398297e-23 35454
5.4 3.795689317125727e-23 36434
5.5 4.223858009928944e-23 37682
5.6 5.005093888114781e-23 39294
5.7 4.08566662640825e-23 41426
5.8 4.961112037755137e-23 42066
5.9 5.291075886631231e-23 43490
6 4.369637967589892e-23 45702
6.1 5.415259390159318e-23 46634
6.2 5.942194714629964e-23 48554
6.3 4.701005631184888e-23 48870
6.4 5.720430697974833e-23 51554
6.5 6.565795022895169e-23 54090
6.6 5.428519400950893e-23 54314
6.7 6.200037251344796e-23 56910
6.8 6.760358370286183e-23 57482
6.9 6.429050464141235e-23 60626
7 6.649417103147202e-23 61206
7.1 7.146927031158656e-23 62570
7.2 7.020151392916769e-23 65730
7.3 7.337075148528668e-23 66686
7.4 7.944466059637319e-23 69698
7.5 7.603371063710455e-23 70026
7.6 7.954188080703113e-23 72746
7.7 8.601576670284234e-23 74910
7.8 8.562234510716192e-23 75722
7.9 8.664711571946547e-23 78378
8 8.894486395669113e-23 80030
8.1 9.638478663855057e-23 83186
8.2 9.740510855542308e-23 84666
8.3 9.761248863764999e-23 86546
8.4 9.965580073052468e-23 88134
8.5 1.083254878761088e-22 91538
8.6 1.084521013069328e-22 93138
8.7 1.093309723178226e-22 94478
8.8 1.176676200552931e-22 97274
8.9 1.205032549419026e-22 99690
9 1.188204096815062e-22 102590
9.1 1.246894480915898e-22 103770
9.2 1.338680789538255e-22 106346
9.3 1.337625538234506e-22 108546
9.4 1.332370479858002e-22 110726
9.5 1.423338870590311e-22 112322
9.6 1.478401781179261e-22 115890
9.7 1.486707463066085e-22 118766
9.8 1.56013463974811e-22 122298
9.9 1.615006207040795e-22 122090
10 1.663782621363769e-22 125810
10.1 1.67537734748276e-22 128190
10.2 1.758795540738026e-22 130994
10.3 1.819165498231405e-22 133722
10.4 1.83975159753217e-22 133886
10.5 1.922737691774677e-22 140538
10.6 1.958661731758829e-22 140594
10.7 2.047645281809138e-22 143594
10.8 2.117046913349084e-22 146310
10.9 2.201261130368387e-22 150650
11 2.229841384002826e-22 151914
11.1 2.258490249770456e-22 153398
11.2 2.375473262465933e-22 157866
11.3 2.464788930832306e-22 160658
11.4 2.517726014169366e-22 164102
11.5 2.545164064152669e-22 164994
11.6 2.685514222589507e-22 169850
11.7 2.793589504607344e-22 172986
11.8 2.828828834269132e-22 173894
11.9 2.89018920736744e-22 176778
12 3.002059090995574e-22 181802
12.1 3.110623433011267e-22 184430
12.2 3.209724239185222e-22 187242
12.3 3.30316921817252e-22 190250
12.4 3.3655476350076e-22 192570
12.5 3.513662080502813e-22 198254
12.6 3.539407516912828e-22 198074
12.7 3.671807671787633e-22 202050
12.8 3.772956073132808e-22 204287
12.9 3.831386900536488e-22 205824
13 3.754795339908636e-22 202532
13.1 3.715484922016781e-22 199068
13.2 3.774553829816302e-22 201056
13.3 3.776952818629122e-22 196616
13.4 3.796367594706872e-22 195816
13.5 3.756720817931104e-22 191756
13.6 3.737060165839442e-22 191952
13.7 3.737320356739336e-22 191024
13.8 3.723278111070501e-22 186648
13.9 3.687697262315953e-22 183896
14 3.709154080361667e-22 183272
14.1 3.698625279906281e-22 180840
14.2 3.712031385237319e-22 178880
14.3 3.688341327675686e-22 174984
14.4 3.664072659013293e-22 173720
14.5 3.621574984838219e-22 171380
14.6 3.632304065161517e-22 169164
14.7 3.620707549815012e-22 166616
14.8 3.610891463500101e-22 163644
14.9 3.638421534329363e-22 161852
15 3.560932966453768e-22 158256
15.1 3.516562131165669e-22 154724
15.2 3.525398895937185e-22 153056
15.3 3.492783538864968e-22 149592
15.4 3.462369059430841e-22 147980
15.5 3.374502205915718e-22 142884
15.6 3.364550673356983e-22 141752
15.7 3.333719930649383e-22 138348
15.8 3.320097193004918e-22 134084
15.9 3.282464905989573e-22 131756
16 3.260507386498674e-22 128460
16.1 3.243708335281172e-22 126800
16.2 3.129967668211765e-22 121716
16.3 3.119709495480929e-22 118844
16.4 3.077526697044362e-22 114900
16.5 3.051036117263536e-22 112556
16.6 2.957430193953908e-22 107972
16.7 2.891616685648087e-22 104784
16.8 2.823976006166249e-22 101564
16.9 2.742113268795467e-22 97932
17 2.688621044586557e-22 94076
17.1 2.574007142767967e-22 89960
17.2 2.532395382114672e-22 85968
17.3 2.469068901302441e-22 83600
17.4 2.371587589908496e-22 78468
17.5 2.257760797905157e-22 74168
17.6 2.178662289141907e-22 70944
17.7 2.095890427861266e-22 66788
17.8 1.975438273794966e-22 62648
17.9 1.880160071988413e-22 58224
18 1.777901028395072e-22 54536
18.1 1.689341486512066e-22 50301
18.2 1.559057113270584e-22 46208
18.3 1.450811307313235e-22 42990
18.4 1.360199781668662e-22 40370
18.5 1.291301764912119e-22 37634
18.6 1.179152794135918e-22 34500
18.7 1.146947536162147e-22 32756
18.8 1.056278045943371e-22 29916
18.9 9.9608791827647e-23 28268
19 9.226934636189772e-23 25710
19.1 8.904736581735793e-23 24350
19.2 8.326600627659979e-23 22406
19.3 7.657454967078228e-23 20622
19.4 7.20796327982453e-23 19166
19.5 6.537900660899721e-23 17544
19.6 6.083437131593896e-23 16334
19.7 5.458340201407547e-23 14576
19.8 4.897206947160631e-23 13398
19.9 4.606697209258253e-23 12536
20 4.122682422906705e-23 11022
20.1 3.684604656793184e-23 9800
20.2 3.66469152331798e-23 9372
20.3 3.204494677471742e-23 8000
20.4 2.935705133162972e-23 7070
20.5 2.712159284191429e-23 6216
20.6 2.62827477359508e-23 5984
20.7 2.168330320381176e-23 4872
20.8 1.706882090767471e-23 3848
20.9 1.544436426915549e-23 3624
21 1.450610852349477e-23 3296
21.1 1.101157813129867e-23 2624
21.2 7.00139961563716e-24 1644
21.3 7.019333991120008e-24 1712
21.4 5.963556938561737e-24 1464
21.5 4.10974904627835e-24 1058
21.6 1.454482170926658e-24 408
21.7 2.137158195732062e-24 584
21.8 1.28514454568452e-24 344
21.9 6.587294854548052e-25 168
22 1.215282961583863e-25 38
22.1 1.13123441476669e-25 25

0.1 5.77594086230343e-25 18
0.2 4.831582785874331e-25 62
0.3 2.121232197780346e-24 98
0.4 4.359730704563984e-24 210
0.5 1.743941538338271e-24 350
0.6 4.25818337115247e-24 450
0.7 1.630088684515449e-24 602
0.8 4.956258497704526e-24 762
0.9 5.535625845091244e-24 1142
1 4.185572088784791e-24 1250
1.1 9.90046872475706e-24 1458
1.2 3.252129113586526e-24 1814
1.3 1.091553349461639e-23 2178
1.4 6.627051123079235e-24 2498
1.5 6.2066054672824e-24 2622
1.6 1.365918084598709e-23 3338
1.7 4.787304932363208e-24 3722
1.8 1.648793468702247e-23 4170
1.9 8.265322588112181e-24 4358
2 1.156396984203459e-23 5034
2.1 1.764149569117486e-23 5714
2.2 6.650489085728878e-24 5982
2.3 2.179634831078781e-23 6602
2.4 1.038642167816847e-23 7130
2.5 1.560285013297095e-23 8034
2.6 2.156947644202332e-23 8606
2.7 8.755064266325698e-24 9066
2.8 2.641520875225039e-23 9962
2.9 1.240888323299304e-23 10550
3 1.92123731025363e-23 11226
3.1 2.61896759872014e-23 12146
3.2 1.059282144960042e-23 12606
3.3 3.084010306370406e-23 13802
3.4 1.762811150237953e-23 14754
3.5 2.084221082105606e-23 15194
3.6 3.195890251845959e-23 16454
3.7 1.313477887214626e-23 17154
3.8 3.378078031227885e-23 18266
3.9 2.398041274380726e-23 18750
4 2.150835719764966e-23 20234
4.1 3.857407830309167e-23 21450
4.2 1.878081497838245e-23 21962
4.3 3.445171875382187e-23 23462
4.4 3.301596646691044e-23 24042
4.5 2.399154326365771e-23 25946
4.6 4.007981915014884e-23 26118
4.7 2.908397193466898e-23 27506
4.8 3.324838431138777e-23 29066
4.9 4.244851327170243e-23 30450
5 3.00436213455231e-23 31742
5.1 4.181975625396171e-23 32250
5.2 3.831261622698542e-23 34250
5.3 3.729880340441056e-23 35454
5.4 4.589890643479287e-23 36434
5.5 3.757227900895361e-23 37682
5.6 4.64029455818911e-23 39294
5.7 4.837194906387412e-23 41426
5.8 4.145690515191621e-23 42066
5.9 5.405322735180217e-23 43490
6 4.781424668435511e-23 45702
6.1 4.632866686536409e-23 46634
6.2 5.995938167365753e-23 48554
6.3 4.919673741288268e-23 48870
6.4 5.38424270522847e-23 51554
6.5 6.374134379165202e-23 54090
6.6 5.539097164114372e-23 54314
6.7 6.142654622782564e-23 56910
6.8 6.413122518573238e-23 57482
6.9 6.339268950435161e-23 60626
7 6.692149030895867e-23 61206
7.1 6.744172341301312e-23 62570
7.2 6.869399236797982e-23 65730
7.3 7.399198085119699e-23 66686
7.4 7.573292831457708e-23 69698
7.5 7.439439998626155e-23 70026
7.6 8.022622775679763e-23 72746
7.7 8.433947194348596e-23 74910
7.8 8.202367757487214e-23 75722
7.9 8.428756436772188e-23 78378
8 8.995812330581716e-23 80030
8.1 9.438670157139909e-23 83186
8.2 9.215508537750428e-23 84666
8.3 9.746037766511883e-23 86546
8.4 9.975221400254186e-23 88134
8.5 1.013619464698184e-22 91538
8.6 1.085672849853843e-22 93138
8.7 1.108039836522812e-22 94478
8.8 1.081862852675011e-22 97274
8.9 1.150677995708958e-22 99690
9 1.246585213064147e-22 102590
9.1 1.210418898093436e-22 103770
9.2 1.250077424251365e-22 106346
9.3 1.329266456256045e-22 108546
9.4 1.340504773970781e-22 110726
9.5 1.352655147951603e-22 112322
9.6 1.457996969441548e-22 115890
9.7 1.49410688587899e-22 118766
9.8 1.517799628892979e-22 122298
9.9 1.54440094868877e-22 122090
10 1.623550147790807e-22 125810
10.1 1.658422799964722e-22 128190
10.2 1.712408143911369e-22 130994
10.3 1.770188887204355e-22 133722
10.4 1.811291405313142e-22 133886
10.5 1.909824698094122e-22 140538
10.6 1.911156367005e-22 140594
10.7 1.964910841645715e-22 143594
10.8 2.058481768220495e-22 146310
10.9 2.151187978177028e-22 150650
11 2.151560713869196e-22 151914
11.1 2.202497950989751e-22 153398
11.2 2.337264417978331e-22 157866
11.3 2.409336512891274e-22 160658
11.4 2.450160277872812e-22 164102
11.5 2.506223447255486e-22 164994
11.6 2.654066411316562e-22 169850
11.7 2.711746749268142e-22 172986
11.8 2.743389175966906e-22 173894
11.9 2.827054380544055e-22 176778
12 2.937830336072252e-22 181802
12.1 3.027178747443863e-22 184430
12.2 3.119411429610456e-22 187242
12.3 3.202874879694731e-22 190250
12.4 3.272511507395269e-22 192570
12.5 3.385387477074371e-22 198254
12.6 3.455856680865262e-22 198074
12.7 3.593021398626815e-22 202050
12.8 3.643047041111459e-22 204287
12.9 3.650147960807628e-22 205824
13 3.654671152478563e-22 202532
13.1 3.652836886584976e-22 199068
13.2 3.705423969154714e-22 201056
13.3 3.634715698655474e-22 196616
13.4 3.648699580394716e-22 195816
13.5 3.613813503045104e-22 191756
13.6 3.619066563319122e-22 191952
13.7 3.63452626094118e-22 191024
13.8 3.59372274539758e-22 186648
13.9 3.614408535045923e-22 183896
14 3.609717591806158e-22 183272
14.1 3.558218606945263e-22 180840
14.2 3.544895873358078e-22 178880
14.3 3.531447384080908e-22 174984
14.4 3.555135786989429e-22 173720
14.5 3.543155394026616e-22 171380
14.6 3.534638964387954e-22 169164
14.7 3.497884628667603e-22 166616
14.8 3.475545391106773e-22 163644
14.9 3.452061902583685e-22 161852
15 3.402560121175052e-22 158256
15.1 3.360156614876317e-22 154724
15.2 3.392608524172387e-22 153056
15.3 3.390536446767749e-22 149592
15.4 3.363372385744753e-22 147980
15.5 3.272843752894512e-22 142884
15.6 3.292279445258575e-22 141752
15.7 3.239468871692499e-22 138348
15.8 3.174349846085663e-22 134084
15.9 3.151283566264402e-22 131756
16 3.097627091360754e-22 128460
16.1 3.099398861023929e-22 126800
16.2 3.014745996431187e-22 121716
16.3 2.967622944981242e-22 118844
16.4 2.935771127936894e-22 114900
16.5 2.919017995459303e-22 112556
16.6 2.828719471124221e-22 107972
16.7 2.790487254298606e-22 104784
16.8 2.739335078919996e-22 101564
16.9 2.677510506036368e-22 97932
17 2.605744916465439e-22 94076
17.1 2.536377464953336e-22 89960
17.2 2.443989609739059e-22 85968
17.3 2.400914737716671e-22 83600
17.4 2.266910567857913e-22 78468
17.5 2.15778826524344e-22 74168
17.6 2.108425064201218e-22 70944
17.7 2.023617384661596e-22 66788
17.8 1.904836497840503e-22 62648
17.9 1.819498031076844e-22 58224
18 1.692625426521078e-22 54536
18.1 1.596338714636828e-22 50301
18.2 1.455122077920492e-22 46208
18.3 1.362392636856834e-22 42990
18.4 1.297826600823648e-22 40370
18.5 1.235477997296663e-22 37634
18.6 1.154800615725433e-22 34500
18.7 1.107983279612239e-22 32756
18.8 1.027930748253164e-22 29916
18.9 9.619653257305407e-23 28268
19 8.889960677574739e-23 25710
19.1 8.2633687765791e-23 24350
19.2 7.635387089978401e-23 22406
19.3 7.154844586034294e-23 20622
19.4 6.672374644029754e-23 19166
19.5 6.273997293364156e-23 17544
19.6 5.885273742218275e-23 16334
19.7 5.354540596180868e-23 14576
19.8 5.107785859680548e-23 13398
19.9 4.723298347550348e-23 12536
20 4.361981652279064e-23 11022
20.1 3.759595928406453e-23 9800
20.2 3.595019185903951e-23 9372
20.3 3.055928982904939e-23 8000
20.4 2.66270035894411e-23 7070
20.5 2.253311992483818e-23 6216
20.6 2.149676101566662e-23 5984
20.7 1.754064694959552e-23 4872
20.8 1.444044243731908e-23 3848
20.9 1.269560731477368e-23 3624
21 1.273440203257491e-23 3296
21.1 1.019519245147428e-23 2624
21.2 6.750430903611331e-24 1644
21.3 7.403820899739805e-24 1712
21.4 6.36036446145593e-24 1464
21.5 4.803466783319021e-24 1058
21.6 1.772421178105385e-24 408
21.7 2.696727621478919e-24 584
21.8 1.588411376490541e-24 344
21.9 8.090365024017251e-25 168
22 2.160631093236491e-25 38
22.1 9.670559865799426e-26 25

0.1 5.641970711725787e-25 18
0.2 4.563953205277276e-25 62
0.3 2.845021548018081e-24 98
0.4 3.264861544463771e-24 210
0.5 2.812296686454417e-24 350
0.6 3.027403808468099e-24 450
0.7 2.179200084513749e-24 602
0.8 6.01614326121834e-24 762
0.9 2.809387151206597e-24 1142
1 9.170692872639642e-24 1250
1.1 3.263770245217103e-24 1458
1.2 9.00334932042951e-24 1814
1.3 6.826936386386623e-24 2178
1.4 8.122270878726231e-24 2498
1.5 1.048775115997243e-23 2622
1.6 5.773376661626175e-24 3338
1.7 1.59745809454731e-23 3722
1.8 5.461191402384327e-24 4170
1.9 1.652558504184971e-23 4358
2 8.322635172659099e-24 5034
2.1 1.5214711100862e-23 5714
2.2 1.377761980675909e-23 5982
2.3 1.073005810851111e-23 6602
2.4 2.071413195190679e-23 7130
2.5 8.004860286979319e-24 8034
2.6 2.437152045585686e-23 8606
2.7 9.370877682816884e-24 9066
2.8 2.197354670133455e-23 9962
2.9 1.693703409859037e-23 10550
3 1.524747723467035e-23 11226
3.1 2.640522611276015e-23 12146
3.2 1.033219308422117e-23 12606
3.3 2.997237104629331e-23 13802
3.4 1.398129886715931e-23 14754
3.5 2.615458274599697e-23 15194
3.6 2.411748993612974e-23 16454
3.7 1.798026119809566e-23 17154
3.8 3.338371360290885e-23 18266
3.9 1.514647919934313e-23 18750
4 3.452651474766037e-23 20234
4.1 2.287963734964436e-23 21450
4.2 2.671680420163725e-23 21962
4.3 3.424248507541269e-23 23462
4.4 2.156479185148599e-23 24042
4.5 3.952006146842422e-23 25946
4.6 2.506773309509586e-23 26118
4.7 3.48812123228565e-23 27506
4.8 3.536616730955535e-23 29066
4.9 3.143826073633582e-23 30450
5 4.15798946368174e-23 31742
5.1 3.200578482835387e-23 32250
5.2 4.226560666862906e-23 34250
5.3 3.703365915835477e-23 35454
5.4 3.981730953597679e-23 36434
5.5 4.47697967967567e-23 37682
5.6 3.75206433447248e-23 39294
5.7 5.131347630874663e-23 41426
5.8 4.236650942522231e-23 42066
5.9 4.618634064206642e-23 43490
6 5.351968410567725e-23 45702
6.1 4.395986169092015e-23 46634
6.2 5.609743975470733e-23 48554
6.3 5.194256366294729e-23 48870
6.4 5.173521114509796e-23 51554
6.5 6.126928295048715e-23 54090
6.6 5.582923906973042e-23 54314
6.7 6.164056466810159e-23 56910
6.8 6.137941084313507e-23 57482
6.9 6.33334426850773e-23 60626
7 6.723497115429762e-23 61206
7.1 6.490808164662619e-23 62570
7.2 6.919498584021729e-23 65730
7.3 7.228560002403465e-23 66686
7.4 7.350120007775753e-23 69698
7.5 7.371549440144697e-23 70026
7.6 7.970735181720916e-23 72746
7.7 8.111160258818751e-23 74910
7.8 7.919676179723886e-23 75722
7.9 8.632486317394527e-23 78378
8 8.796059703814884e-23 80030
8.1 8.957668106980966e-23 83186
8.2 9.386317486910673e-23 84666
8.3 9.394739738409667e-23 86546
8.4 9.668996929638083e-23 88134
8.5 1.064400507453676e-22 91538
8.6 1.021378474340034e-22 93138
8.7 1.035120824330325e-22 94478
8.8 1.139723189991991e-22 97274
8.9 1.134267096853006e-22 99690
9 1.172671963908909e-22 102590
9.1 1.225310978757317e-22 103770
9.2 1.221976271110249e-22 106346
9.3 1.264979427428156e-22 108546
9.4 1.359108473794726e-22 110726
9.5 1.341306289669163e-22 112322
9.6 1.381301193423675e-22 115890
9.7 1.458456493891239e-22 118766
9.8 1.506147554866679e-22 122298
9.9 1.50698863646232e-22 122090
10 1.581180969128515e-22 125810
10.1 1.637605030377528e-22 128190
10.2 1.682297181298344e-22 130994
10.3 1.70015803661981e-22 133722
10.4 1.743155429410377e-22 133886
10.5 1.870194076325973e-22 140538
10.6 1.869560365990714e-22 140594
10.7 1.933345880228153e-22 143594
10.8 2.02286292025901e-22 146310
10.9 2.100278150787719e-22 150650
11 2.105284496987046e-22 151914
11.1 2.1633314912146e-22 153398
11.2 2.27502918619094e-22 157866
11.3 2.305972905854998e-22 160658
11.4 2.381339971272008e-22 164102
11.5 2.459964531430404e-22 164994
11.6 2.570786482018384e-22 169850
11.7 2.624309417846712e-22 172986
11.8 2.676130899470405e-22 173894
11.9 2.745096759555761e-22 176778
12 2.876469220882818e-22 181802
12.1 2.959325371377304e-22 184430
12.2 3.044656833215427e-22 187242
12.3 3.086909004220286e-22 190250
12.4 3.183564893357233e-22 192570
12.5 3.359623899897088e-22 198254
12.6 3.377603483635354e-22 198074
12.7 3.450014243756873e-22 202050
12.8 3.528107541649538e-22 204287
12.9 3.595766927795379e-22 205824
13 3.557002205174978e-22 202532
13.1 3.531954894494061e-22 199068
13.2 3.581029371609486e-22 201056
13.3 3.514271668352145e-22 196616
13.4 3.514948415912102e-22 195816
13.5 3.506377252458268e-22 191756
13.6 3.534883385506696e-22 191952
13.7 3.561169621700548e-22 191024
13.8 3.467102718771121e-22 186648
13.9 3.442972042108201e-22 183896
14 3.473454014104613e-22 183272
14.1 3.459945877452584e-22 180840
14.2 3.467413505281723e-22 178880
14.3 3.424436931081906e-22 174984
14.4 3.419630853665937e-22 173720
14.5 3.39258833837638e-22 171380
14.6 3.375329995817064e-22 169164
14.7 3.370254680579668e-22 166616
14.8 3.363552889115798e-22 163644
14.9 3.382212932545444e-22 161852
15 3.329792302889322e-22 158256
15.1 3.279959269540485e-22 154724
15.2 3.263996697230373e-22 153056
15.3 3.231082456871903e-22 149592
15.4 3.223403802578391e-22 147980
15.5 3.136856657585054e-22 142884
15.6 3.144777535209241e-22 141752
15.7 3.122092698933835e-22 138348
15.8 3.079834757111628e-22 134084
15.9 3.072562567473479e-22 131756
16 3.008966730082575e-22 128460
16.1 3.014743190724204e-22 126800
16.2 2.924567650756412e-22 121716
16.3 2.908483560235951e-22 118844
16.4 2.812862773100438e-22 114900
16.5 2.780410555327134e-22 112556
16.6 2.693351461615137e-22 107972
16.7 2.636968691582365e-22 104784
16.8 2.594786227683675e-22 101564
16.9 2.555702349766687e-22 97932
17 2.506842978810857e-22 94076
17.1 2.413154469773437e-22 89960
17.2 2.344878982952656e-22 85968
17.3 2.305967185248101e-22 83600
17.4 2.195244531514875e-22 78468
17.5 2.093586762901381e-22 74168
17.6 2.058475890925583e-22 70944
17.7 1.953449768873169e-22 66788
17.8 1.84357757596538e-22 62648
17.9 1.727990455733973e-22 58224
18 1.617602417342466e-22 54536
18.1 1.523204878657498e-22 50301
18.2 1.409628053052716e-22 46208
18.3 1.33448717047019e-22 42990
18.4 1.271351252455095e-22 40370
18.5 1.210381323952169e-22 37634
18.6 1.090375659955477e-22 34500
18.7 1.043041579849909e-22 32756
18.8 9.514658538308456e-23 29916
18.9 9.174658434487788e-23 28268
19 8.623655886528936e-23 25710
19.1 8.058909144201852e-23 24350
19.2 7.536535033455468e-23 22406
19.3 7.037531465012972e-23 20622
19.4 6.609078091476349e-23 19166
19.5 6.195256139425549e-23 17544
19.6 5.763456616324328e-23 16334
19.7 5.226161048383145e-23 14576
19.8 4.673601884139276e-23 13398
19.9 4.302272358110141e-23 12536
20 3.832390846002175e-23 11022
20.1 3.301729667907071e-23 9800
20.2 3.266085271084673e-23 9372
20.3 2.886224988533776e-23 8000
20.4 2.619135816250194e-23 7070
20.5 2.383407298606718e-23 6216
20.6 2.438039367567706e-23 5984
20.7 1.982705440492104e-23 4872
20.8 1.59948134587314e-23 3848
20.9 1.534064688597182e-23 3624
21 1.34754534316811e-23 3296
21.1 1.066941517064643e-23 2624
21.2 6.357796669194852e-24 1644
21.3 6.612120206706887e-24 1712
21.4 5.613558446958075e-24 1464
21.5 3.830148472479312e-24 1058
21.6 1.426629507557085e-24 408
21.7 1.952307169370194e-24 584
21.8 1.181144831110022e-24 344
21.9 5.607544747848241e-25 168
22 9.274653372793697e-26 38
22.1 9.530925515910488e-26 25

0.1 5.412151007776106e-25 18
0.2 5.586819218737237e-25 62
0.3 3.234909211649328e-24 98
0.4 2.243869493791112e-24 210
0.5 3.818511614810295e-24 350
0.6 1.401433872403726e-24 450
0.7 4.831976269550211e-24 602
0.8 3.027413334578917e-24 762
0.9 6.921747675356987e-24 1142
1 4.98741167359201e-24 1250
1.1 6.466748801270362e-24 1458
1.2 7.238128900841129e-24 1814
1.3 6.648066591197477e-24 2178
1.4 9.540797300893527e-24 2498
1.5 5.381202648666211e-24 2622
1.6 1.314448866401783e-23 3338
1.7 6.133710079327693e-24 3722
1.8 1.571126541591248e-23 4170
1.9 5.452177871994896e-24 4358
2 1.789508136931005e-23 5034
2.1 6.832111603521189e-24 5714
2.2 1.920091081285292e-23 5982
2.3 8.697938140459032e-24 6602
2.4 1.884019988610115e-23 7130
2.5 1.228790655870735e-23 8034
2.6 1.848135865108447e-23 8606
2.7 1.593887492261104e-23 9066
2.8 1.591818263785953e-23 9962
2.9 2.121056647731133e-23 10550
3 1.289702822777151e-23 11226
3.1 2.701321195192463e-23 12146
3.2 1.117112517421356e-23 12606
3.3 3.005596675272541e-23 13802
3.4 1.321829252289699e-23 14754
3.5 3.044029032856594e-23 15194
3.6 1.784813560268236e-23 16454
3.7 2.779869651587908e-23 17154
3.8 2.43128779048551e-23 18266
3.9 2.335032481958771e-23 18750
4 3.206581863183037e-23 20234
4.1 2.122626041256807e-23 21450
4.2 3.640588418847424e-23 21962
4.3 2.224077081724105e-23 23462
4.4 3.731499988918733e-23 24042
4.5 2.680753436559919e-23 25946
4.6 3.472097082573963e-23 26118
4.7 3.339244151718432e-23 27506
4.8 3.377719674896101e-23 29066
4.9 3.966033299285644e-23 30450
5 3.366361421970593e-23 31742
5.1 4.233121481575722e-23 32250
5.2 3.525574410692422e-23 34250
5.3 4.5335088417265e-23 35454
5.4 3.757067962439103e-23 36434
5.5 4.619478428722366e-23 37682
5.6 4.421446835473795e-23 39294
5.7 4.430386085275927e-23 41426
5.8 5.177202860231395e-23 42066
5.9 4.239979619960765e-23 43490
6 5.545472130079718e-23 45702
6.1 4.889827828761572e-23 46634
6.2 5.368683391287404e-23 48554
6.3 5.58392580656457e-23 48870
6.4 5.468916149946412e-23 51554
6.5 6.179759212579233e-23 54090
6.6 5.841970507977953e-23 54314
6.7 6.433941608924263e-23 56910
6.8 6.221343752760185e-23 57482
6.9 6.573042590942236e-23 60626
7 6.861990268530881e-23 61206
7.1 6.709810168711062e-23 62570
7.2 7.288560044490034e-23 65730
7.3 7.421649604505699e-23 66686
7.4 7.57534379005186e-23 69698
7.5 7.750318927323334e-23 70026
7.6 8.277869535071164e-23 72746
7.7 8.117797447414723e-23 74910
7.8 8.52768670062271e-23 75722
7.9 8.934920619283331e-23 78378
8 8.893610225862215e-23 80030
8.1 9.661599323659804e-23 83186
8.2 9.39885782332723e-23 84666
8.3 9.895004259026283e-23 86546
8.4 1.041879837075283e-22 88134
8.5 1.024993377803749e-22 91538
8.6 1.10372694501279e-22 93138
8.7 1.122879895214169e-22 94478
8.8 1.127660671940401e-22 97274
8.9 1.207470133387507e-22 99690
9 1.228633736375331e-22 102590
9.1 1.233543224716195e-22 103770
9.2 1.323297904924539e-22 106346
9.3 1.321537811834658e-22 108546
9.4 1.373701180102778e-22 110726
9.5 1.408694848181117e-22 112322
9.6 1.459099761751088e-22 115890
9.7 1.514881422606692e-22 118766
9.8 1.586599463539935e-22 122298
9.9 1.59339889168097e-22 122090
10 1.639391063275984e-22 125810
10.1 1.689199888848754e-22 128190
10.2 1.783167674618721e-22 130994
10.3 1.819890810757881e-22 133722
10.4 1.846144768757465e-22 133886
10.5 1.976341194311706e-22 140538
10.6 1.974785731610247e-22 140594
10.7 2.024090451076359e-22 143594
10.8 2.119837397728725e-22 146310
10.9 2.193996435198477e-22 150650
11 2.222664510261952e-22 151914
11.1 2.298839254773909e-22 153398
11.2 2.40641750006436e-22 157866
11.3 2.45891733289049e-22 160658
11.4 2.549185759242536e-22 164102
11.5 2.602278858971621e-22 164994
11.6 2.716842177724128e-22 169850
11.7 2.783919991127083e-22 172986
11.8 2.821628623095063e-22 173894
11.9 2.910139074057294e-22 176778
12 3.056432486161004e-22 181802
12.1 3.147021078937471e-22 184430
12.2 3.199796682324045e-22 187242
12.3 3.301324101082302e-22 190250
12.4 3.41656224800159e-22 192570
12.5 3.545291269662283e-22 198254
12.6 3.569340001530637e-22 198074
12.7 3.683138415686515e-22 202050
12.8 3.778401407540984e-22 204287
12.9 3.838367683207421e-22 205824
13 3.817370310830414e-22 202532
13.1 3.757616164492873e-22 199068
13.2 3.808138273797293e-22 201056
13.3 3.808254911845842e-22 196616
13.4 3.843141934922946e-22 195816
13.5 3.755076622925715e-22 191756
13.6 3.776668734474246e-22 191952
13.7 3.796000753826957e-22 191024
13.8 3.759306512878671e-22 186648
13.9 3.735009960864992e-22 183896
14 3.769372898589172e-22 183272
14.1 3.751881947009681e-22 180840
14.2 3.722219500866361e-22 178880
14.3 3.67219882242288e-22 174984
14.4 3.680360685494161e-22 173720
14.5 3.69588595871469e-22 171380
14.6 3.698989252719496e-22 169164
14.7 3.679662064601361e-22 166616
14.8 3.634227949343768e-22 163644
14.9 3.627599681892352e-22 161852
15 3.581082633537943e-22 158256
15.1 3.52243989568837e-22 154724
15.2 3.545598010961688e-22 153056
15.3 3.555664273407833e-22 149592
15.4 3.535790025028075e-22 147980
15.5 3.440324390195454e-22 142884
15.6 3.44310613493446e-22 141752
15.7 3.386331072182138e-22 138348
15.8 3.340953356183334e-22 134084
15.9 3.314347280117921e-22 131756
16 3.265524340595024e-22 128460
16.1 3.261199522759952e-22 126800
16.2 3.208173304352136e-22 121716
16.3 3.187507369400435e-22 118844
16.4 3.114505425173749e-22 114900
16.5 3.062847887687742e-22 112556
16.6 2.977978677504276e-22 107972
16.7 2.936898326136299e-22 104784
16.8 2.874640802237534e-22 101564
16.9 2.792986010202108e-22 97932
17 2.743898546152466e-22 94076
17.1 2.618532515366506e-22 89960
17.2 2.555011484017522e-22 85968
17.3 2.507784748754811e-22 83600
17.4 2.393341410358437e-22 78468
17.5 2.299720839227842e-22 74168
17.6 2.235169720861377e-22 70944
17.7 2.110760122263297e-22 66788
17.8 2.002782734899616e-22 62648
17.9 1.902714368010322e-22 58224
18 1.794452548585237e-22 54536
18.1 1.69394832688326e-22 50301
18.2 1.575540537670103e-22 46208
18.3 1.478405234601238e-22 42990
18.4 1.380399608929378e-22 40370
18.5 1.298085841229078e-22 37634
18.6 1.205935219192262e-22 34500
18.7 1.162720749627538e-22 32756
18.8 1.079305018115273e-22 29916
18.9 1.028965791917137e-22 28268
19 9.551627669512046e-23 25710
19.1 9.041691879440173e-23 24350
19.2 8.285095054383813e-23 22406
19.3 7.7665854598261e-23 20622
19.4 7.122541486110979e-23 19166
19.5 6.528009255832573e-23 17544
19.6 6.061437047355836e-23 16334
19.7 5.589597742571273e-23 14576
19.8 5.243839848198913e-23 13398
19.9 4.906921945453758e-23 12536
20 4.45147087247579e-23 11022
20.1 4.067228267074992e-23 9800
20.2 3.926515227967531e-23 9372
20.3 3.314213652256737e-23 8000
20.4 2.925796580913852e-23 7070
20.5 2.504156665201625e-23 6216
20.6 2.368267438689581e-23 5984
20.7 1.8431059153664e-23 4872
20.8 1.557570989335155e-23 3848
20.9 1.33293436308021e-23 3624
21 1.308110976547158e-23 3296
21.1 1.038334389698949e-23 2624
21.2 6.704618284518001e-24 1644
21.3 7.229379045427336e-24 1712
21.4 6.495352613083954e-24 1464
21.5 5.070510430332056e-24 1058
21.6 1.791875803606215e-24 408
21.7 2.892030047666898e-24 584
21.8 1.794787575863232e-24 344
21.9 8.429019894843128e-25 168
22 2.262452147598447e-25 38
22.1 1.252454575248584e-25 25

0.1 5.072907407386063e-25 18
0.2 7.778949711285411e-25 62
0.3 3.200751266163846e-24 98
0.4 1.72163842104847e-24 210
0.5 3.600924089363724e-24 350
0.6 1.599720456988127e-24 450
0.7 5.153797535791828e-24 602
0.8 2.633291185008806e-24 762
0.9 7.964874234145955e-24 1142
1 3.950882523838677e-24 1250
1.1 8.625594027434534e-24 1458
1.2 4.173755097558309e-24 1814
1.3 1.010076353810956e-23 2178
1.4 5.535655904275035e-24 2498
1.5 1.123488052100553e-23 2622
1.6 6.360754819529913e-24 3338
1.7 1.379511526880199e-23 3722
1.8 7.800246816051667e-24 4170
1.9 1.412393130830493e-23 4358
2 8.495382272040415e-24 5034
2.1 1.698964077827023e-23 5714
2.2 9.176707821859662e-24 5982
2.3 1.899235149293906e-23 6602
2.4 9.836846944146138e-24 7130
2.5 2.117407231974363e-23 8034
2.6 1.141880790087881e-23 8606
2.7 2.238898101550158e-23 9066
2.8 1.195205393090963e-23 9962
2.9 2.467457569069678e-23 10550
3 1.210028740146669e-23 11226
3.1 2.788260567351572e-23 12146
3.2 1.235215787382491e-23 12606
3.3 3.018659698875601e-23 13802
3.4 1.436959767222886e-23 14754
3.5 3.147748154181435e-23 15194
3.6 1.54947903393169e-23 16454
3.7 3.29876613813154e-23 17154
3.8 1.751516916539588e-23 18266
3.9 3.349966366989207e-23 18750
4 2.101965339506786e-23 20234
4.1 3.462334395193535e-23 21450
4.2 2.445850714918156e-23 21962
4.3 3.36563314022487e-23 23462
4.4 2.838795472989945e-23 24042
4.5 3.407581262693462e-23 25946
4.6 3.182235851892361e-23 26118
4.7 3.303749537480803e-23 27506
4.8 3.62045570687586e-23 29066
4.9 3.510825558059658e-23 30450
5 3.920378735694879e-23 31742
5.1 3.607539520585669e-23 32250
5.2 4.217187650230737e-23 34250
5.3 3.712411515323528e-23 35454
5.4 4.55567776156319e-23 36434
5.5 3.781701449688368e-23 37682
5.6 5.036823690332868e-23 39294
5.7 4.146041317441171e-23 41426
5.8 5.171156458369131e-23 42066
5.9 4.64650049560491e-23 43490
6 5.092807379137253e-23 45702
6.1 5.349560924326134e-23 46634
6.2 5.128880876657648e-23 48554
6.3 5.619523265321858e-23 48870
6.4 5.505677447369694e-23 51554
6.5 6.157779344480197e-23 54090
6.6 5.84686802002182e-23 54314
6.7 6.493485021186111e-23 56910
6.8 6.195478388720352e-23 57482
6.9 6.722300283924256e-23 60626
7 6.811972169915189e-23 61206
7.1 6.785447586610094e-23 62570
7.2 7.343745419937503e-23 65730
7.3 7.467938056907836e-23 66686
7.4 7.525300794100855e-23 69698
7.5 7.926746060752649e-23 70026
7.6 8.085940629852844e-23 72746
7.7 8.370161859646668e-23 74910
7.8 8.594659977894179e-23 75722
7.9 8.689705028473808e-23 78378
8 9.292358552037236e-23 80030
8.1 9.258151569291487e-23 83186
8.2 9.765913849227018e-23 84666
8.3 1.01524488771324e-22 86546
8.4 9.932155088869852e-23 88134
8.5 1.094365581224914e-22 91538
8.6 1.077721848122908e-22 93138
8.7 1.127781810858622e-22 94478
8.8 1.175759447852221e-22 97274
8.9 1.165433547973688e-22 99690
9 1.255858482289477e-22 102590
9.1 1.27407962763591e-22 103770
9.2 1.301452327245432e-22 106346
9.3 1.355497847821691e-22 108546
9.4 1.38178662396013e-22 110726
9.5 1.423381925887063e-22 112322
9.6 1.488223574304808e-22 115890
9.7 1.537310075721795e-22 118766
9.8 1.575076482428132e-22 122298
9.9 1.616124813623376e-22 122090
10 1.673972937051945e-22 125810
10.1 1.722714342839447e-22 128190
10.2 1.81393260881274e-22 130994
10.3 1.829656239215341e-22 133722
10.4 1.843455244793072e-22 133886
10.5 1.980774450276245e-22 140538
10.6 2.005930892795003e-22 140594
10.7 2.073118643180767e-22 143594
10.8 2.164434752112788e-22 146310
10.9 2.241363626235955e-22 150650
11 2.269085744099906e-22 151914
11.1 2.323333078060646e-22 153398
11.2 2.419274685543943e-22 157866
11.3 2.49859858682337e-22 160658
11.4 2.570417123096749e-22 164102
11.5 2.651205863659011e-22 164994
11.6 2.787686614061019e-22 169850
11.7 2.831857588538396e-22 172986
11.8 2.885878230460561e-22 173894
11.9 3.014021760886557e-22 176778
12 3.101271973530534e-22 181802
12.1 3.190575839970855e-22 184430
12.2 3.30902994997382e-22 187242
12.3 3.396335180188208e-22 190250
12.4 3.47946488074522e-22 192570
12.5 3.621525900055932e-22 198254
12.6 3.664781356736866e-22 198074
12.7 3.787784661011059e-22 202050
12.8 3.880468687198961e-22 204287
12.9 3.917803062636408e-22 205824
13 3.867145923080913e-22 202532
13.1 3.880069874829701e-22 199068
13.2 3.951441324760501e-22 201056
13.3 3.874846037550066e-22 196616
13.4 3.881717759608018e-22 195816
13.5 3.865437682593741e-22 191756
13.6 3.896924905447132e-22 191952
13.7 3.911172432328821e-22 191024
13.8 3.862603249753867e-22 186648
13.9 3.822899579719441e-22 183896
14 3.807167289245043e-22 183272
14.1 3.82417526647841e-22 180840
14.2 3.845985740994361e-22 178880
14.3 3.798343987872725e-22 174984
14.4 3.796274639050284e-22 173720
14.5 3.788228833085298e-22 171380
14.6 3.772710437297033e-22 169164
14.7 3.74566157456504e-22 166616
14.8 3.715889716907029e-22 163644
14.9 3.729806113386788e-22 161852
15 3.695729175577549e-22 158256
15.1 3.649830057278176e-22 154724
15.2 3.634636074816023e-22 153056
15.3 3.591522402720587e-22 149592
15.4 3.594397530978908e-22 147980
15.5 3.505625714764183e-22 142884
15.6 3.545554277616724e-22 141752
15.7 3.514304257619211e-22 138348
15.8 3.451506858035692e-22 134084
15.9 3.419209196900355e-22 131756
16 3.371924644294406e-22 128460
16.1 3.341080206991509e-22 126800
16.2 3.259177581194302e-22 121716
16.3 3.234253915823107e-22 118844
16.4 3.167024374999861e-22 114900
16.5 3.130903164660801e-22 112556
16.6 3.036107695852327e-22 107972
16.7 3.023158802097765e-22 104784
16.8 3.001703586331916e-22 101564
16.9 2.912458985756283e-22 97932
17 2.84897918931612e-22 94076
17.1 2.729692834650482e-22 89960
17.2 2.649621522982889e-22 85968
17.3 2.636681240842446e-22 83600
17.4 2.48775245992992e-22 78468
17.5 2.375079924272688e-22 74168
17.6 2.293176017737912e-22 70944
17.7 2.200478313124305e-22 66788
17.8 2.083670787652772e-22 62648
17.9 1.981305002696725e-22 58224
18 1.859783761770874e-22 54536
18.1 1.742212453777205e-22 50301
18.2 1.611714673620401e-22 46208
18.3 1.507576920548363e-22 42990
18.4 1.4229525412407e-22 40370
18.5 1.345020872026461e-22 37634
18.6 1.264113855445898e-22 34500
18.7 1.21251841251169e-22 32756
18.8 1.119936176301914e-22 29916
18.9 1.047319072937794e-22 28268
19 9.625549939848922e-23 25710
19.1 9.148724864450569e-23 24350
19.2 8.533668233334571e-23 22406
19.3 7.999130267146131e-23 20622
19.4 7.49386622347037e-23 19166
19.5 6.863909516261559e-23 17544
19.6 6.505375439855838e-23 16334
19.7 5.978896643632959e-23 14576
19.8 5.450569294658825e-23 13398
19.9 5.107166955270006e-23 12536
20 4.452393633032212e-23 11022
20.1 3.887353463338943e-23 9800
20.2 3.723004143248456e-23 9372
20.3 3.242322131915348e-23 8000
20.4 2.879651406481757e-23 7070
20.5 2.598218547495215e-23 6216
20.6 2.624228978113104e-23 5984
20.7 2.27696076816095e-23 4872
20.8 1.748227344322309e-23 3848
20.9 1.746384483517631e-23 3624
21 1.570069882486758e-23 3296
21.1 1.198075069122537e-23 2624
21.2 7.503227260980106e-24 1644
21.3 7.643997928072082e-24 1712
21.4 6.3137805908068e-24 1464
21.5 4.809243265085291e-24 1058
21.6 1.665611158845088e-24 408
21.7 2.230992409358069e-24 584
21.8 1.411152263509743e-24 344
21.9 6.573594252862466e-25 168
22 1.182750666180674e-25 38
22.1 6.272487966764266e-26 25

0.1 4.649483187443935e-25 18
0.2 1.070152294906621e-24 62
0.3 2.767325690308862e-24 98
0.4 1.786647990213111e-24 210
0.5 2.495515489967366e-24 350
0.6 3.358006613510024e-24 450
0.7 2.933213785567151e-24 602
0.8 5.711585999556627e-24 762
0.9 4.214226144644054e-24 1142
1 8.339787586278189e-24 1250
1.1 3.198644760774843e-24 1458
1.2 9.65223422755453e-24 1814
1.3 4.28818495313416e-24 2178
1.4 1.126698392692212e-23 2498
1.5 4.977608915965797e-24 2622
1.6 1.261101105795676e-23 3338
1.7 8.432102956057268e-24 3722
1.8 1.23421256385303e-23 4170
1.9 1.08870478098843e-23 4358
2 1.192839990739958e-23 5034
2.1 1.477184176035307e-23 5714
2.2 1.064472782396634e-23 5982
2.3 1.819428521430383e-23 6602
2.4 1.046012357266338e-23 7130
2.5 2.100569370998358e-23 8034
2.6 1.049227740693575e-23 8606
2.7 2.309875981678384e-23 9066
2.8 1.086142210896516e-23 9962
2.9 2.555717437689594e-23 10550
3 1.132630732580822e-23 11226
3.1 2.701963210496796e-23 12146
3.2 1.248021030362655e-23 12606
3.3 2.839091016965332e-23 13802
3.4 1.538937254984163e-23 14754
3.5 2.874111824410602e-23 15194
3.6 1.753370401917251e-23 16454
3.7 2.952822093599707e-23 17154
3.8 1.999843450942783e-23 18266
3.9 3.039046517125768e-23 18750
4 2.236719297710934e-23 20234
4.1 3.196368229074856e-23 21450
4.2 2.401583819733534e-23 21962
4.3 3.253964060709067e-23 23462
4.4 2.702872041289734e-23 24042
4.5 3.386591174056898e-23 25946
4.6 2.978112102604123e-23 26118
4.7 3.469233461742314e-23 27506
4.8 3.3558368295691e-23 29066
4.9 3.666316619337718e-23 30450
5 3.645749892483829e-23 31742
5.1 3.71119492797133e-23 32250
5.2 3.928284251297791e-23 34250
5.3 3.96118812285485e-23 35454
5.4 4.049256801190329e-23 36434
5.5 4.307300000509794e-23 37682
5.6 4.176487881192674e-23 39294
5.7 4.844080007071217e-23 41426
5.8 4.364638899145733e-23 42066
5.9 5.069652948664817e-23 43490
6 4.632061676590225e-23 45702
6.1 5.320400896281695e-23 46634
6.2 5.051321800368819e-23 48554
6.3 5.422988138631019e-23 48870
6.4 5.440595533450903e-23 51554
6.5 6.003477004846194e-23 54090
6.6 5.63670045882417e-23 54314
6.7 6.272666905241583e-23 56910
6.8 6.008509648097661e-23 57482
6.9 6.483584909908256e-23 60626
7 6.622135146424668e-23 61206
7.1 6.591705576545756e-23 62570
7.2 7.144054458414339e-23 65730
7.3 7.167004278910142e-23 66686
7.4 7.376049068470184e-23 69698
7.5 7.722425947567317e-23 70026
7.6 7.736824203549991e-23 72746
7.7 8.282807970074842e-23 74910
7.8 7.97346871002483e-23 75722
7.9 8.894680500200436e-23 78378
8 8.631096866902421e-23 80030
8.1 9.274311727420734e-23 83186
8.2 9.43003075459331e-23 84666
8.3 9.435518422080707e-23 86546
8.4 1.004376248814829e-22 88134
8.5 1.018570315071762e-22 91538
8.6 1.089411095362053e-22 93138
8.7 1.061614338693459e-22 94478
8.8 1.110516392757942e-22 97274
8.9 1.17420141378292e-22 99690
9 1.193928998951472e-22 102590
9.1 1.212614370058253e-22 103770
9.2 1.2558703840089e-22 106346
9.3 1.297974823542526e-22 108546
9.4 1.3557961347717e-22 110726
9.5 1.369448774704992e-22 112322
9.6 1.40589538277256e-22 115890
9.7 1.491570817421515e-22 118766
9.8 1.539864973301794e-22 122298
9.9 1.550385576383671e-22 122090
10 1.631659853864325e-22 125810
10.1 1.634864988899441e-22 128190
10.2 1.718530808130815e-22 130994
10.3 1.791022021272336e-22 133722
10.4 1.780019639465517e-22 133886
10.5 1.909615658487869e-22 140538
10.6 1.929203083048956e-22 140594
10.7 1.973794489736049e-22 143594
10.8 2.054631602559013e-22 146310
10.9 2.145886946280027e-22 150650
11 2.188639831536824e-22 151914
11.1 2.230455000827928e-22 153398
11.2 2.354341702704044e-22 157866
11.3 2.411731213065232e-22 160658
11.4 2.472115514926856e-22 164102
11.5 2.54406286649847e-22 164994
11.6 2.653715219852534e-22 169850
11.7 2.695013213880975e-22 172986
11.8 2.788975569055165e-22 173894
11.9 2.859102438211556e-22 176778
12 2.974215744099499e-22 181802
12.1 3.064449526146948e-22 184430
12.2 3.170252875368823e-22 187242
12.3 3.253693115431842e-22 190250
12.4 3.320772882768954e-22 192570
12.5 3.455317448571514e-22 198254
12.6 3.513396559083406e-22 198074
12.7 3.645478913736544e-22 202050
12.8 3.681932994070155e-22 204287
12.9 3.738014439372335e-22 205824
13 3.739723213545485e-22 202532
13.1 3.689357446875099e-22 199068
13.2 3.724309782041041e-22 201056
13.3 3.681599151704844e-22 196616
13.4 3.723324893917958e-22 195816
13.5 3.687683711775507e-22 191756
13.6 3.705148286042303e-22 191952
13.7 3.698491384081284e-22 191024
13.8 3.630313942717022e-22 186648
13.9 3.63732006694734e-22 183896
14 3.676349109833267e-22 183272
14.1 3.621717644583168e-22 180840
14.2 3.607622958948871e-22 178880
14.3 3.583642785631342e-22 174984
14.4 3.57389476804121e-22 173720
14.5 3.588555884315408e-22 171380
14.6 3.597816913422189e-22 169164
14.7 3.564391107376392e-22 166616
14.8 3.521559521303833e-22 163644
14.9 3.499275818463762e-22 161852
15 3.494671501755874e-22 158256
15.1 3.444388504774385e-22 154724
15.2 3.474453443452307e-22 153056
15.3 3.435880756977432e-22 149592
15.4 3.421749433597871e-22 147980
15.5 3.315211711628986e-22 142884
15.6 3.31846667391228e-22 141752
15.7 3.295186943337136e-22 138348
15.8 3.253454115548537e-22 134084
15.9 3.221890373452931e-22 131756
16 3.185587569341807e-22 128460
16.1 3.205265484627965e-22 126800
16.2 3.112997085602967e-22 121716
16.3 3.101102047301007e-22 118844
16.4 3.017185498839287e-22 114900
16.5 2.977031116703531e-22 112556
16.6 2.893560832365887e-22 107972
16.7 2.840164889362288e-22 104784
16.8 2.772051617737447e-22 101564
16.9 2.686717147745439e-22 97932
17 2.637834614985849e-22 94076
17.1 2.567245375569175e-22 89960
17.2 2.500581123986727e-22 85968
17.3 2.458336521502527e-22 83600
17.4 2.356143752685175e-22 78468
17.5 2.235704575067083e-22 74168
17.6 2.191962577439075e-22 70944
17.7 2.086518547003096e-22 66788
17.8 1.9638995844932e-22 62648
17.9 1.866091269422531e-22 58224
18 1.747100668603627e-22 54536
18.1 1.621643072947383e-22 50301
18.2 1.510050198496892e-22 46208
18.3 1.428670184515636e-22 42990
18.4 1.357258264011004e-22 40370
18.5 1.285929347058647e-22 37634
18.6 1.175822067056434e-22 34500
18.7 1.110876247960577e-22 32756
18.8 1.025960263994797e-22 29916
18.9 9.942865288384068e-23 28268
19 9.162644755642725e-23 25710
19.1 8.885316039563372e-23 24350
19.2 8.226945182280691e-23 22406
19.3 7.577768187015461e-23 20622
19.4 6.970122291248641e-23 19166
19.5 6.45851010419617e-23 17544
19.6 6.090583773641872e-23 16334
19.7 5.408260736746466e-23 14576
19.8 4.999619372610408e-23 13398
19.9 4.803193236817369e-23 12536
20 4.192431258346438e-23 11022
20.1 3.85934759387607e-23 9800
20.2 3.790811601540317e-23 9372
20.3 3.300575068324429e-23 8000
20.4 2.932228637319078e-23 7070
20.5 2.591260784374434e-23 6216
20.6 2.405105042876907e-23 5984
20.7 1.88564787389344e-23 4872
20.8 1.533266404413923e-23 3848
20.9 1.362870479294301e-23 3624
21 1.258317090597467e-23 3296
21.1 1.012712006958573e-23 2624
21.2 6.614187315112933e-24 1644
21.3 7.467022576092615e-24 1712
21.4 6.398176287492446e-24 1464
21.5 5.209498840925254e-24 1058
21.6 1.940190154018731e-24 408
21.7 3.037637297034207e-24 584
21.8 1.715724954040579e-24 344
21.9 8.464780426329117e-25 168
22 2.341321561303881e-25 38
22.1 1.451172338383716e-25 25

0.1 4.221666925307594e-25 18
0.2 1.388546641672021e-24 62
0.3 2.097321758984217e-24 98
0.4 2.17685032622072e-24 210
0.5 1.67281337781169e-24 350
0.6 4.494578844292e-24 450
0.7 2.153654044790478e-24 602
0.8 5.99724940475146e-24 762
0.9 4.827772960454185e-24 1142
1 5.534635407970523e-24 1250
1.1 7.138850604857727e-24 1458
1.2 4.607665515587827e-24 1814
1.3 1.077481049324681e-23 2178
1.4 5.049614133309585e-24 2498
1.5 1.185848789229995e-23 2622
1.6 7.09203612881227e-24 3338
1.7 1.167412459257703e-23 3722
1.8 1.189856639129498e-23 4170
1.9 8.36560720104045e-24 4358
2 1.586910034482724e-23 5034
2.1 8.164915524838767e-24 5714
2.2 1.891550638827633e-23 5982
2.3 9.128515517727376e-24 6602
2.4 1.849326461740511e-23 7130
2.5 1.301181371089705e-23 8034
2.6 1.594160608424584e-23 8606
2.7 1.869928378886921e-23 9066
2.8 1.317194852813088e-23 9962
2.9 2.375031853144033e-23 10550
3 1.164149591731535e-23 11226
3.1 2.644074202349148e-23 12146
3.2 1.282861016847973e-23 12606
3.3 2.6577813436973e-23 13802
3.4 1.776273398030681e-23 14754
3.5 2.441456657376711e-23 15194
3.6 2.302498009116889e-23 16454
3.7 2.255596159214782e-23 17154
3.8 2.807257570470063e-23 18266
3.9 2.14696301108651e-23 18750
4 3.128271543060652e-23 20234
4.1 2.216148958990385e-23 21450
4.2 3.341692872613647e-23 21962
4.3 2.4825322281315e-23 23462
4.4 3.453039772262562e-23 24042
4.5 2.829942897956029e-23 25946
4.6 3.399577581068943e-23 26118
4.7 3.133406084267235e-23 27506
4.8 3.490531562429953e-23 29066
4.9 3.634233712835872e-23 30450
5 3.534270711614394e-23 31742
5.1 3.982731256566503e-23 32250
5.2 3.636301019523875e-23 34250
5.3 4.34992943870131e-23 35454
5.4 3.751142513101221e-23 36434
5.5 4.607474989969978e-23 37682
5.6 4.051393252021153e-23 39294
5.7 4.929375773564635e-23 41426
5.8 4.400437938092249e-23 42066
5.9 5.067883992000612e-23 43490
6 4.778947540052735e-23 45702
6.1 5.260722895757246e-23 46634
6.2 5.193856644307832e-23 48554
6.3 5.485602906498571e-23 48870
6.4 5.471450334795297e-23 51554
6.5 6.112296929275948e-23 54090
6.6 5.753101299225368e-23 54314
6.7 6.342679359806973e-23 56910
6.8 6.18052797287987e-23 57482
6.9 6.561791323447434e-23 60626
7 6.739423948016112e-23 61206
7.1 6.696127768017525e-23 62570
7.2 7.291259049344037e-23 65730
7.3 7.183557967844575e-23 66686
7.4 7.644793300653033e-23 69698
7.5 7.628887604790755e-23 70026
7.6 8.186423174731638e-23 72746
7.7 8.114094581369419e-23 74910
7.8 8.550940902825042e-23 75722
7.9 8.718207698492877e-23 78378
8 8.808379097476718e-23 80030
8.1 9.533999954683798e-23 83186
8.2 9.429782292905441e-23 84666
8.3 9.955787565894138e-23 86546
8.4 9.87979916147206e-23 88134
8.5 1.085358914736268e-22 91538
8.6 1.050181235116139e-22 93138
8.7 1.112013365421447e-22 94478
8.8 1.150001765911734e-22 97274
8.9 1.173059257777044e-22 99690
9 1.229903273088887e-22 102590
9.1 1.237758975950052e-22 103770
9.2 1.305224346665985e-22 106346
9.3 1.341454119552222e-22 108546
9.4 1.3566040230629e-22 110726
9.5 1.408854959345645e-22 112322
9.6 1.461256506325119e-22 115890
9.7 1.511481227033725e-22 118766
9.8 1.589902573180818e-22 122298
9.9 1.554043652054466e-22 122090
10 1.668807308522749e-22 125810
10.1 1.701209085205772e-22 128190
10.2 1.75063970682608e-22 130994
10.3 1.824471721379351e-22 133722
10.4 1.810610343955578e-22 133886
10.5 1.9450138960137e-22 140538
10.6 1.979766137017624e-22 140594
10.7 2.04694057038792e-22 143594
10.8 2.110602967251763e-22 146310
10.9 2.201275628791696e-22 150650
11 2.240049821461172e-22 151914
11.1 2.278841432459142e-22 153398
11.2 2.393643633184627e-22 157866
11.3 2.429981077774888e-22 160658
11.4 2.543592831700907e-22 164102
11.5 2.627310239365764e-22 164994
11.6 2.715290708458192e-22 169850
11.7 2.787634862993444e-22 172986
11.8 2.866838699614554e-22 173894
11.9 2.939011129666348e-22 176778
12 3.047735416348787e-22 181802
12.1 3.139107292573726e-22 184430
12.2 3.258459458912372e-22 187242
12.3 3.307657075611704e-22 190250
12.4 3.401180623450783e-22 192570
12.5 3.570431073355117e-22 198254
12.6 3.584314761132381e-22 198074
12.7 3.688996434997196e-22 202050
12.8 3.785305017131857e-22 204287
12.9 3.858020667596544e-22 205824
13 3.805271043183246e-22 202532
13.1 3.792086363432315e-22 199068
13.2 3.82743168371091e-22 201056
13.3 3.799191687454465e-22 196616
13.4 3.851236888656102e-22 195816
13.5 3.744430588594674e-22 191756
13.6 3.774170789733041e-22 191952
13.7 3.825679597987693e-22 191024
13.8 3.764003759401392e-22 186648
13.9 3.742910776633515e-22 183896
14 3.75423201180798e-22 183272
14.1 3.734273880174783e-22 180840
14.2 3.72813155303602e-22 178880
14.3 3.738378027601325e-22 174984
14.4 3.71632380374136e-22 173720
14.5 3.681599221719025e-22 171380
14.6 3.694472758360808e-22 169164
14.7 3.674191671968483e-22 166616
14.8 3.646268854052672e-22 163644
14.9 3.672301413073605e-22 161852
15 3.608704455980447e-22 158256
15.1 3.546028404471928e-22 154724
15.2 3.53413091276444e-22 153056
15.3 3.53555906150865e-22 149592
15.4 3.51464115022432e-22 147980
15.5 3.458722529875878e-22 142884
15.6 3.475934238941643e-22 141752
15.7 3.421065228949626e-22 138348
15.8 3.34705349508158e-22 134084
15.9 3.317980732087747e-22 131756
16 3.285471730693676e-22 128460
16.1 3.271534914113329e-22 126800
16.2 3.20505223644606e-22 121716
16.3 3.176535674544902e-22 118844
16.4 3.089006570065989e-22 114900
16.5 3.0685490129981e-22 112556
16.6 3.011221709354035e-22 107972
16.7 2.933802798506124e-22 104784
16.8 2.900197147602883e-22 101564
16.9 2.815639138842452e-22 97932
17 2.738404718198972e-22 94076
17.1 2.644984294376953e-22 89960
17.2 2.585328274603452e-22 85968
17.3 2.50506273144749e-22 83600
17.4 2.414747538721602e-22 78468
17.5 2.289857174337391e-22 74168
17.6 2.264757552250337e-22 70944
17.7 2.144942227178951e-22 66788
17.8 2.009336907711384e-22 62648
17.9 1.899891519129664e-22 58224
18 1.814505548023707e-22 54536
18.1 1.698951785312837e-22 50301
18.2 1.577283359796781e-22 46208
18.3 1.468311312501428e-22 42990
18.4 1.399364444755187e-22 40370
18.5 1.319289755433163e-22 37634
18.6 1.207773060417389e-22 34500
18.7 1.166295838737089e-22 32756
18.8 1.080354843359431e-22 29916
18.9 1.033429241442539e-22 28268
19 9.543314684044044e-23 25710
19.1 8.945592539008131e-23 24350
19.2 8.333276167042288e-23 22406
19.3 7.731974101470937e-23 20622
19.4 7.246843715392514e-23 19166
19.5 6.787843809334514e-23 17544
19.6 6.372193331638599e-23 16334
19.7 5.769932395672507e-23 14576
19.8 5.405141961939609e-23 13398
19.9 5.035809098627924e-23 12536
20 4.40782468884939e-23 11022
20.1 3.884457577461007e-23 9800
20.2 3.648420817196061e-23 9372
20.3 3.156483124482315e-23 8000
20.4 2.738597754795053e-23 7070
20.5 2.443652767659527e-23 6216
20.6 2.497378016668598e-23 5984
20.7 2.116341673633958e-23 4872
20.8 1.706182876367287e-23 3848
20.9 1.643784294756528e-23 3624
21 1.584459387638177e-23 3296
21.1 1.189695651899803e-23 2624
21.2 7.497634799342067e-24 1644
21.3 7.77881643265811e-24 1712
21.4 6.286146583401451e-24 1464
21.5 4.820920919022117e-24 1058
21.6 1.61958098033917e-24 408
21.7 2.377888131431719e-24 584
21.8 1.434137353882123e-24 344
21.9 5.893692157123955e-25 168
22 1.224047752943413e-25 38
22.1 1.260354407714719e-25 25

0.1 3.77646339646905e-25 18
0.2 1.667739226702857e-24 62
0.3 1.386365354426775e-24 98
0.4 2.494003594103362e-24 210
0.5 1.960292938054177e-24 350
0.6 3.78960200729558e-24 450
0.7 4.173026640400923e-24 602
0.8 3.276476945272276e-24 762
0.9 7.617006024283879e-24 1142
1 3.789678295345155e-24 1250
1.1 7.328574202834331e-24 1458
1.2 7.16959267995303e-24 1814
1.3 5.749297944507128e-24 2178
1.4 1.153844935319293e-23 2498
1.5 4.700351142280815e-24 2622
1.6 1.166839901478654e-23 3338
1.7 1.035840923451245e-23 3722
1.8 8.442183360013575e-24 4170
1.9 1.47632048092782e-23 4358
2 7.832812879943765e-24 5034
2.1 1.607420189962676e-23 5714
2.2 1.242471842488815e-23 5982
2.3 1.267028199572519e-23 6602
2.4 1.88297080001132e-23 7130
2.5 1.024194790854179e-23 8034
2.6 2.15644301737505e-23 8606
2.7 1.361190224262957e-23 9066
2.8 1.789934790375492e-23 9962
2.9 2.14538956335496e-23 10550
3 1.357276812706136e-23 11226
3.1 2.661392881487802e-23 12146
3.2 1.383391581655153e-23 12606
3.3 2.607684167015968e-23 13802
3.4 2.143162536855381e-23 14754
3.5 2.085379506591239e-23 15194
3.6 2.887233959980984e-23 16454
3.7 1.844762768725162e-23 17154
3.8 3.15927254009079e-23 18266
3.9 2.11129024879365e-23 18750
4 3.102643938480004e-23 20234
4.1 2.761853853850023e-23 21450
4.2 2.826232369871879e-23 21962
4.3 3.291168173964733e-23 23462
4.4 2.698823785356201e-23 24042
4.5 3.67159960676219e-23 25946
4.6 2.969488803588317e-23 26118
4.7 3.610894983504812e-23 27506
4.8 3.489044993541115e-23 29066
4.9 3.665617245336168e-23 30450
5 4.032920433062269e-23 31742
5.1 3.510238247327978e-23 32250
5.2 4.390092393302743e-23 34250
5.3 3.677857387580785e-23 35454
5.4 4.568443451212138e-23 36434
5.5 3.995269932161976e-23 37682
5.6 4.850010165426005e-23 39294
5.7 4.464412570125705e-23 41426
5.8 4.956284149622237e-23 42066
5.9 4.847335750783347e-23 43490
6 5.07550432777741e-23 45702
6.1 5.282656309134944e-23 46634
6.2 5.37816838401365e-23 48554
6.3 5.583838486513296e-23 48870
6.4 5.573509532384039e-23 51554
6.5 6.233294484429114e-23 54090
6.6 5.938282535524793e-23 54314
6.7 6.451793909663271e-23 56910
6.8 6.402968686644937e-23 57482
6.9 6.657107194513135e-23 60626
7 6.848134008895014e-23 61206
7.1 6.877463467059689e-23 62570
7.2 7.452250540904393e-23 65730
7.3 7.311312098308799e-23 66686
7.4 7.881707255162996e-23 69698
7.5 7.853622177908782e-23 70026
7.6 8.329906841869694e-23 72746
7.7 8.361148478680965e-23 74910
7.8 8.920966234512879e-23 75722
7.9 8.723545470448709e-23 78378
8 9.384815914653153e-23 80030
8.1 9.530334089106329e-23 83186
8.2 1.002988391163215e-22 84666
8.3 9.877320378409093e-23 86546
8.4 1.060037525073872e-22 88134
8.5 1.065575355489381e-22 91538
8.6 1.124404959473398e-22 93138
8.7 1.134438627290307e-22 94478
8.8 1.176632542841946e-22 97274
8.9 1.202004696560429e-22 99690
9 1.261218264355595e-22 102590
9.1 1.300661955474742e-22 103770
9.2 1.322197740262513e-22 106346
9.3 1.366455324884331e-22 108546
9.4 1.426531843041189e-22 110726
9.5 1.445861515870649e-22 112322
9.6 1.525926495584121e-22 115890
9.7 1.541850172098197e-22 118766
9.8 1.643467701113222e-22 122298
9.9 1.646457303265666e-22 122090
10 1.715038313864249e-22 125810
10.1 1.764237216522732e-22 128190
10.2 1.81745970853449e-22 130994
10.3 1.885528472614387e-22 133722
10.4 1.923209587906441e-22 133886
10.5 2.029080064165188e-22 140538
10.6 2.061592634867774e-22 140594
10.7 2.138533358446185e-22 143594
10.8 2.172970822047738e-22 146310
10.9 2.304543156079316e-22 150650
11 2.341775040457344e-22 151914
11.1 2.405529513871026e-22 153398
11.2 2.522166085533629e-22 157866
11.3 2.557545636107606e-22 160658
11.4 2.676023088131605e-22 164102
11.5 2.723848289450786e-22 164994
11.6 2.83242923308742e-22 169850
11.7 2.923798087163008e-22 172986
11.8 2.99983818241136e-22 173894
11.9 3.093093126830286e-22 176778
12 3.210367177697186e-22 181802
12.1 3.338989606764148e-22 184430
12.2 3.422844177807403e-22 187242
12.3 3.503936397433304e-22 190250
12.4 3.630643250977334e-22 192570
12.5 3.780064379169732e-22 198254
12.6 3.816624773821029e-22 198074
12.7 3.948456639102754e-22 202050
12.8 4.038726540470083e-22 204287
12.9 4.080133188448725e-22 205824
13 4.065242554022862e-22 202532
13.1 4.027563298783807e-22 199068
13.2 4.095627438750397e-22 201056
13.3 4.033607268270463e-22 196616
13.4 4.036721579055462e-22 195816
13.5 4.024605441643468e-22 191756
13.6 4.038025548605336e-22 191952
13.7 4.056737130492263e-22 191024
13.8 4.017016754480439e-22 186648
13.9 3.981117812297068e-22 183896
14 3.995000353155364e-22 183272
14.1 4.005024203910218e-22 180840
14.2 3.978531109328892e-22 178880
14.3 3.950603551997752e-22 174984
14.4 3.947435978037789e-22 173720
14.5 3.957691774916478e-22 171380
14.6 3.934609898062531e-22 169164
14.7 3.948116838941874e-22 166616
14.8 3.888483492736574e-22 163644
14.9 3.868214929024394e-22 161852
15 3.863154510482222e-22 158256
15.1 3.822654921252129e-22 154724
15.2 3.847800242851927e-22 153056
15.3 3.78748546131211e-22 149592
15.4 3.799096652198077e-22 147980
15.5 3.703679596211934e-22 142884
15.6 3.718525324633552e-22 141752
15.7 3.675421956516477e-22 138348
15.8 3.61885562722785e-22 134084
15.9 3.608996316456247e-22 131756
16 3.553821264951688e-22 128460
16.1 3.556894403691082e-22 126800
16.2 3.464293540252534e-22 121716
16.3 3.396852536757774e-22 118844
16.4 3.336031479188386e-22 114900
16.5 3.314807384000965e-22 112556
16.6 3.247117740588108e-22 107972
16.7 3.173481641072029e-22 104784
16.8 3.131815027678246e-22 101564
16.9 3.057427433137187e-22 97932
17 3.021556873479034e-22 94076
17.1 2.902472099128448e-22 89960
17.2 2.812133447917275e-22 85968
17.3 2.774317300028395e-22 83600
17.4 2.642242592811701e-22 78468
17.5 2.520427773235434e-22 74168
17.6 2.455894724150914e-22 70944
17.7 2.323501182230345e-22 66788
17.8 2.202896642510401e-22 62648
17.9 2.074344212363912e-22 58224
18 1.967539169580258e-22 54536
18.1 1.85026194061955e-22 50301
18.2 1.709043974332277e-22 46208
18.3 1.595910269455619e-22 42990
18.4 1.524738173367717e-22 40370
18.5 1.442797596095281e-22 37634
18.6 1.351134272799106e-22 34500
18.7 1.268574483803405e-22 32756
18.8 1.172101030665937e-22 29916
18.9 1.10727821587716e-22 28268
19 1.011158163732083e-22 25710
19.1 9.81377489337991e-23 24350
19.2 9.22413214233878e-23 22406
19.3 8.471056406360737e-23 20622
19.4 7.946047906733291e-23 19166
19.5 7.364332791470573e-23 17544
19.6 6.970521351802214e-23 16334
19.7 6.264474649151204e-23 14576
19.8 5.742160981231553e-23 13398
19.9 5.440624735555796e-23 12536
20 4.734485574938315e-23 11022
20.1 4.227995146317976e-23 9800
20.2 4.305586054898735e-23 9372
20.3 3.685053744314588e-23 8000
20.4 3.371158787733575e-23 7070
20.5 2.994755213968791e-23 6216
20.6 2.727775039311281e-23 5984
20.7 2.20662649829525e-23 4872
20.8 1.754036846894003e-23 3848
20.9 1.567240547363694e-23 3624
21 1.472806092510814e-23 3296
21.1 1.113925967207873e-23 2624
21.2 7.584123250144148e-24 1644
21.3 8.152533601776108e-24 1712
21.4 6.972545635291491e-24 1464
21.5 5.499646379255813e-24 1058
21.6 2.075046694948211e-24 408
21.7 3.229802975868356e-24 584
21.8 2.056674159255807e-24 344
21.9 9.447103787573143e-25 168
22 1.770018237329883e-25 38
22.1 1.329884710941197e-25 25

0.1 3.4430461744426e-25 18
0.2 1.883428156761346e-24 62
0.3 8.659312657434753e-25 98
0.4 2.502480465485687e-24 210
0.5 3.026799605941714e-24 350
0.6 2.42747457915442e-24 450
0.7 5.590947204409356e-24 602
0.8 3.226818010598275e-24 762
0.9 6.047477152025565e-24 1142
1 7.339996182510619e-24 1250
1.1 3.631416708770219e-24 1458
1.2 8.456499159296761e-24 1814
1.3 8.20208213712313e-24 2178
1.4 5.567999026157997e-24 2498
1.5 1.170790357280458e-23 2622
1.6 7.690025019627793e-24 3338
1.7 9.75554832835603e-24 3722
1.8 1.43459964264382e-23 4170
1.9 7.338594033961037e-24 4358
2 1.468845944638986e-23 5034
2.1 1.44155922015059e-23 5714
2.2 9.488949019940159e-24 5982
2.3 1.926381677305502e-23 6602
2.4 1.186201434771987e-23 7130
2.5 1.566187921365866e-23 8034
2.6 2.110260822958922e-23 8606
2.7 1.132259973492115e-23 9066
2.8 2.196246561654838e-23 9962
2.9 1.85811997075381e-23 10550
3 1.574476097048923e-23 11226
3.1 2.580756493496104e-23 12146
3.2 1.451485172461115e-23 12606
3.3 2.466352281543451e-23 13802
3.4 2.409001948491159e-23 14754
3.5 1.801486783461782e-23 15194
3.6 2.997704534977476e-23 16454
3.7 1.927971447626008e-23 17154
3.8 2.709343680055401e-23 18266
3.9 2.706102797223563e-23 18750
4 2.367836165120312e-23 20234
4.1 3.306867845596146e-23 21450
4.2 2.479281639964106e-23 21962
4.3 3.139304448074233e-23 23462
4.4 3.103349655095033e-23 24042
4.5 2.957280621945987e-23 25946
4.6 3.456891125687981e-23 26118
4.7 3.178176102621411e-23 27506
4.8 3.485129196264231e-23 29066
4.9 3.765493182901021e-23 30450
5 3.386251663625393e-23 31742
5.1 4.155998202622397e-23 32250
5.2 3.605200505735743e-23 34250
5.3 4.32302265206621e-23 35454
5.4 4.027897981668743e-23 36434
5.5 4.286711527753796e-23 37682
5.6 4.562378855351789e-23 39294
5.7 4.496836721264219e-23 41426
5.8 4.888623192549078e-23 42066
5.9 4.706851128492226e-23 43490
6 5.095559954616474e-23 45702
6.1 5.144024583845596e-23 46634
6.2 5.320990484531931e-23 48554
6.3 5.459651686439117e-23 48870
6.4 5.57825206845704e-23 51554
6.5 6.093449323910466e-23 54090
6.6 5.888996315986971e-23 54314
6.7 6.226534987569667e-23 56910
6.8 6.330530430914211e-23 57482
6.9 6.607398323354361e-23 60626
7 6.756839413731995e-23 61206
7.1 6.875298236246529e-23 62570
7.2 7.191546362927476e-23 65730
7.3 7.381423512048718e-23 66686
7.4 7.582151237748358e-23 69698
7.5 7.987676701968726e-23 70026
7.6 7.860615043467982e-23 72746
7.7 8.587392276877522e-23 74910
7.8 8.277503057273632e-23 75722
7.9 8.954025726889213e-23 78378
8 8.980815263929092e-23 80030
8.1 9.750348878918682e-23 83186
8.2 9.333363153260016e-23 84666
8.3 1.026295176027691e-22 86546
8.4 1.003638098864037e-22 88134
8.5 1.081041702751818e-22 91538
8.6 1.09873061757083e-22 93138
8.7 1.128737638522373e-22 94478
8.8 1.152349091138987e-22 97274
8.9 1.19912270004446e-22 99690
9 1.269883793548691e-22 102590
9.1 1.254222463338664e-22 103770
9.2 1.320490196728415e-22 106346
9.3 1.360324693197877e-22 108546
9.4 1.422544940926231e-22 110726
9.5 1.424653627370021e-22 112322
9.6 1.491941296082591e-22 115890
9.7 1.554652160707126e-22 118766
9.8 1.622506667211691e-22 122298
9.9 1.638536362531941e-22 122090
10 1.690493181345606e-22 125810
10.1 1.777302576496727e-22 128190
10.2 1.822834562274263e-22 130994
10.3 1.868201272487965e-22 133722
10.4 1.902838499957276e-22 133886
10.5 2.010719033494741e-22 140538
10.6 2.061803468105791e-22 140594
10.7 2.147788802153364e-22 143594
10.8 2.184362942647768e-22 146310
10.9 2.311299845575408e-22 150650
11 2.327605809407219e-22 151914
11.1 2.388593948755525e-22 153398
11.2 2.508515935355151e-22 157866
11.3 2.563506171331222e-22 160658
11.4 2.698786361085401e-22 164102
11.5 2.741955422226456e-22 164994
11.6 2.856873575298273e-22 169850
11.7 2.965128676849995e-22 172986
11.8 3.040310651787763e-22 173894
11.9 3.086601349287099e-22 176778
12 3.256129585236546e-22 181802
12.1 3.32927479005799e-22 184430
12.2 3.425821775685437e-22 187242
12.3 3.551477880568786e-22 190250
12.4 3.644084147238697e-22 192570
12.5 3.800873794847119e-22 198254
12.6 3.838185145333072e-22 198074
12.7 3.990885025220911e-22 202050
12.8 4.068270997103008e-22 204287
12.9 4.127808757709617e-22 205824
13 4.115515846516421e-22 202532
13.1 4.08246114683419e-22 199068
13.2 4.116725333919118e-22 201056
13.3 4.073178195998833e-22 196616
13.4 4.12119269761094e-22 195816
13.5 4.062081830015874e-22 191756
13.6 4.07462914588614e-22 191952
13.7 4.083937466430695e-22 191024
13.8 4.068131251713936e-22 186648
13.9 4.055232074851374e-22 183896
14 4.031393543470119e-22 183272
14.1 4.034641516104908e-22 180840
14.2 4.033070637428271e-22 178880
14.3 3.995714674244504e-22 174984
14.4 4.032996759587848e-22 173720
14.5 3.998195524805346e-22 171380
14.6 3.971789914550428e-22 169164
14.7 3.969203181260094e-22 166616
14.8 3.960208986002606e-22 163644
14.9 3.968223888123202e-22 161852
15 3.911966119555546e-22 158256
15.1 3.862305466158938e-22 154724
15.2 3.860405967375401e-22 153056
15.3 3.860606292094343e-22 149592
15.4 3.842362124631835e-22 147980
15.5 3.767015598350517e-22 142884
15.6 3.78112289154905e-22 141752
15.7 3.714329817637891e-22 138348
15.8 3.660473992580471e-22 134084
15.9 3.631518887298539e-22 131756
16 3.60852061924852e-22 128460
16.1 3.623381425107499e-22 126800
16.2 3.536498344999413e-22 121716
16.3 3.496615794227652e-22 118844
16.4 3.422799002292407e-22 114900
16.5 3.422887813082491e-22 112556
16.6 3.31528396310077e-22 107972
16.7 3.257411436655015e-22 104784
16.8 3.180484750180006e-22 101564
16.9 3.120457112346363e-22 97932
17 3.044314064292652e-22 94076
17.1 2.933575720462307e-22 89960
17.2 2.884134811838912e-22 85968
17.3 2.845848349204047e-22 83600
17.4 2.710077407951088e-22 78468
17.5 2.597208343862831e-22 74168
17.6 2.523508286770086e-22 70944
17.7 2.404003378132293e-22 66788
17.8 2.274686712453532e-22 62648
17.9 2.153246110948449e-22 58224
18 2.011495701317173e-22 54536
18.1 1.876760596227698e-22 50301
18.2 1.749544108105017e-22 46208
18.3 1.65012142560154e-22 42990
18.4 1.55506787479776e-22 40370
18.5 1.482337164502589e-22 37634
18.6 1.356058347916265e-22 34500
18.7 1.301041984726232e-22 32756
18.8 1.189430953021503e-22 29916
18.9 1.154939976039579e-22 28268
19 1.072596392312795e-22 25710
19.1 1.017685495335897e-22 24350
19.2 9.460875093097782e-23 22406
19.3 8.609765044191053e-23 20622
19.4 8.108539238822377e-23 19166
19.5 7.503377524248899e-23 17544
19.6 7.014668673826795e-23 16334
19.7 6.416390014149832e-23 14576
19.8 6.089916100425295e-23 13398
19.9 5.74316792841682e-23 12536
20 5.081425965380126e-23 11022
20.1 4.555409765519628e-23 9800
20.2 4.247045716713807e-23 9372
20.3 3.656828729114221e-23 8000
20.4 3.183833284894683e-23 7070
20.5 2.79408849741386e-23 6216
20.6 2.83364598484332e-23 5984
20.7 2.434267892350421e-23 4872
20.8 1.917921703620338e-23 3848
20.9 1.868589797320565e-23 3624
21 1.764932423174802e-23 3296
21.1 1.362319416875704e-23 2624
21.2 9.090215408946698e-24 1644
21.3 8.935828283322128e-24 1712
21.4 7.139512194736289e-24 1464
21.5 5.414506959231621e-24 1058
21.6 1.927378013045954e-24 408
21.7 2.709761489912376e-24 584
21.8 1.630365055257963e-24 344
21.9 7.275004883605684e-25 168
22 1.223605984523185e-25 38
22.1 1.109263978725099e-25 25

0.1 3.160536652066099e-25 18
0.2 1.983561428173301e-24 62
0.3 6.712691825501491e-25 98
0.4 2.215284095283104e-24 210
0.5 3.782622929748758e-24 350
0.6 2.201319845833219e-24 450
0.7 4.363345642203301e-24 602
0.8 5.531037077216079e-24 762
0.9 4.463786273252101e-24 1142
1 5.797041599316014e-24 1250
1.1 7.632607160362838e-24 1458
1.2 4.736910002193644e-24 1814
1.3 8.929797582781044e-24 2178
1.4 1.024225782236952e-23 2498
1.5 5.318041351944791e-24 2622
1.6 1.12550549784691e-23 3338
1.7 1.226450424806699e-23 3722
1.8 7.874965413243485e-24 4170
1.9 1.299631652737198e-23 4358
2 1.341780380403135e-23 5034
2.1 9.21950240784094e-24 5714
2.2 1.661072380436427e-23 5982
2.3 1.439671834431313e-23 6602
2.4 1.081205218867851e-23 7130
2.5 2.000449995704999e-23 8034
2.6 1.560651012765767e-23 8606
2.7 1.313770275264025e-23 9066
2.8 2.252165894531308e-23 9962
2.9 1.542409246123297e-23 10550
3 1.718247384724256e-23 11226
3.1 2.445486294103372e-23 12146
3.2 1.464760189078176e-23 12606
3.3 2.269085869500039e-23 13802
3.4 2.50930029004412e-23 14754
3.5 1.627596787333209e-23 15194
3.6 2.748658269615214e-23 16454
3.7 2.325973669395284e-23 17154
3.8 2.134722012191709e-23 18266
3.9 2.974497108052564e-23 18750
4 2.376734999633399e-23 20234
4.1 2.721272635058464e-23 21450
4.2 3.035320178161235e-23 21962
4.3 2.694922207765515e-23 23462
4.4 3.125428282381425e-23 24042
4.5 3.290221350922228e-23 25946
4.6 2.88641081202579e-23 26118
4.7 3.511212003750576e-23 27506
4.8 3.378998581924567e-23 29066
4.9 3.451780376341297e-23 30450
5 3.988038581221021e-23 31742
5.1 3.41500514652565e-23 32250
5.2 4.041141975712406e-23 34250
5.3 3.993905437274142e-23 35454
5.4 3.905066846663773e-23 36434
5.5 4.48864630989039e-23 37682
5.6 4.142051025556869e-23 39294
5.7 4.709471973730814e-23 41426
5.8 4.659377649918529e-23 42066
5.9 4.680565232302162e-23 43490
6 5.081324683863095e-23 45702
6.1 4.948101620577644e-23 46634
6.2 5.336413744478577e-23 48554
6.3 5.270148772469164e-23 48870
6.4 5.598651802072318e-23 51554
6.5 5.852243846744251e-23 54090
6.6 5.901284047341527e-23 54314
6.7 6.143199661848084e-23 56910
6.8 6.293589418343599e-23 57482
6.9 6.485005657958564e-23 60626
7 6.602486710927542e-23 61206
7.1 6.812601768475377e-23 62570
7.2 6.998601097401562e-23 65730
7.3 7.391255958139034e-23 66686
7.4 7.437003008460607e-23 69698
7.5 7.832939322664313e-23 70026
7.6 7.735866520552438e-23 72746
7.7 8.343025919874124e-23 74910
7.8 8.320767334956637e-23 75722
7.9 8.668442234934036e-23 78378
8 9.006746000981663e-23 80030
8.1 9.170277190405167e-23 83186
8.2 9.644073223189774e-23 84666
8.3 9.704064156264078e-23 86546
8.4 1.006509509884059e-22 88134
8.5 1.04996328838486e-22 91538
8.6 1.084485769051109e-22 93138
8.7 1.091312366287819e-22 94478
8.8 1.13556954165066e-22 97274
8.9 1.186216350803095e-22 99690
9 1.212511159314764e-22 102590
9.1 1.253570308903335e-22 103770
9.2 1.284780701547721e-22 106346
9.3 1.342969330698127e-22 108546
9.4 1.350574529951283e-22 110726
9.5 1.41932065402485e-22 112322
9.6 1.449966898712993e-22 115890
9.7 1.533560037681202e-22 118766
9.8 1.564070796994805e-22 122298
9.9 1.600024108023961e-22 122090
10 1.661960584918504e-22 125810
10.1 1.711765214851477e-22 128190
10.2 1.77804247757439e-22 130994
10.3 1.812635946689173e-22 133722
10.4 1.871882109122442e-22 133886
10.5 1.953540482792385e-22 140538
10.6 2.003626610884882e-22 140594
10.7 2.062551277360917e-22 143594
10.8 2.124833811565555e-22 146310
10.9 2.23606956314988e-22 150650
11 2.267468330311219e-22 151914
11.1 2.334161494052251e-22 153398
11.2 2.435660000741128e-22 157866
11.3 2.478447083809823e-22 160658
11.4 2.596557889906623e-22 164102
11.5 2.638667886615656e-22 164994
11.6 2.740656685166943e-22 169850
11.7 2.867903481801872e-22 172986
11.8 2.915482981309665e-22 173894
11.9 2.9960796502518e-22 176778
12 3.145241122341419e-22 181802
12.1 3.216733469704342e-22 184430
12.2 3.330860114178449e-22 187242
12.3 3.427030330399999e-22 190250
12.4 3.505566643042175e-22 192570
12.5 3.655828450370802e-22 198254
12.6 3.708514694747796e-22 198074
12.7 3.835087943381303e-22 202050
12.8 3.888189032100523e-22 204287
12.9 3.985224195711803e-22 205824
13 3.938247726801457e-22 202532
13.1 3.899275964135572e-22 199068
13.2 3.97166169751543e-22 201056
13.3 3.94257927568638e-22 196616
13.4 3.950739742574557e-22 195816
13.5 3.873721901134078e-22 191756
13.6 3.919748023239996e-22 191952
13.7 3.945661706105813e-22 191024
13.8 3.880666324009017e-22 186648
13.9 3.844755770208315e-22 183896
14 3.875320089209083e-22 183272
14.1 3.861080217748576e-22 180840
14.2 3.873517462992752e-22 178880
14.3 3.822984301010388e-22 174984
14.4 3.831021214178645e-22 173720
14.5 3.825843470090366e-22 171380
14.6 3.826159700245747e-22 169164
14.7 3.800491071008327e-22 166616
14.8 3.770636700260683e-22 163644
14.9 3.754582072696767e-22 161852
15 3.736767390249348e-22 158256
15.1 3.711959367758376e-22 154724
15.2 3.710568770381798e-22 153056
15.3 3.677169989625987e-22 149592
15.4 3.636973893289013e-22 147980
15.5 3.560691342895356e-22 142884
15.6 3.602688315350827e-22 141752
15.7 3.563821655734003e-22 138348
15.8 3.503361744442668e-22 134084
15.9 3.477269050502873e-22 131756
16 3.431478238039081e-22 128460
16.1 3.416949782373034e-22 126800
16.2 3.327852286522404e-22 121716
16.3 3.31936442938369e-22 118844
16.4 3.244347280466112e-22 114900
16.5 3.234262472568466e-22 112556
16.6 3.124765673725748e-22 107972
16.7 3.111013644414331e-22 104784
16.8 3.05150698700994e-22 101564
16.9 2.994036497849271e-22 97932
17 2.902192915139607e-22 94076
17.1 2.789309870666361e-22 89960
17.2 2.734881464768727e-22 85968
17.3 2.676926715099863e-22 83600
17.4 2.539462370021155e-22 78468
17.5 2.434163358444011e-22 74168
17.6 2.374109194415208e-22 70944
17.7 2.284965341795584e-22 66788
17.8 2.129857637918856e-22 62648
17.9 2.020408714070658e-22 58224
18 1.89741567187807e-22 54536
18.1 1.78898498909089e-22 50301
18.2 1.666985832564568e-22 46208
18.3 1.567375412774668e-22 42990
18.4 1.475149797362034e-22 40370
18.5 1.394645008572377e-22 37634
18.6 1.279503898028614e-22 34500
18.7 1.248433806474909e-22 32756
18.8 1.134033448364848e-22 29916
18.9 1.079485190767356e-22 28268
19 9.993301726102589e-23 25710
19.1 9.497870495916322e-23 24350
19.2 8.718886017987824e-23 22406
19.3 8.272649863178417e-23 20622
19.4 7.712490392385294e-23 19166
19.5 7.155812977887361e-23 17544
19.6 6.784093392798398e-23 16334
19.7 6.046819670191094e-23 14576
19.8 5.655839844243657e-23 13398
19.9 5.270600076727617e-23 12536
20 4.676835184193998e-23 11022
20.1 4.095475556594534e-23 9800
20.2 4.099339166935866e-23 9372
20.3 3.541579319107878e-23 8000
20.4 3.228513550763643e-23 7070
20.5 2.910179442718087e-23 6216
20.6 2.794094104510309e-23 5984
20.7 2.204187787859039e-23 4872
20.8 1.776546280739041e-23 3848
20.9 1.542165284340315e-23 3624
21 1.36207806272956e-23 3296
21.1 1.101720290881549e-23 2624
21.2 7.446329972843641e-24 1644
21.3 7.828581441896461e-24 1712
21.4 6.883137228514321e-24 1464
21.5 5.32296936778524e-24 1058
21.6 2.096376236703912e-24 408
21.7 3.226641208769706e-24 584
21.8 1.955775556596334e-24 344
21.9 9.440931125160043e-25 168
22 1.724628404285864e-25 38
22.1 1.268974853949496e-25 25

0.1 2.990012684852163e-25 18
0.2 1.955249180626454e-24 62
0.3 7.922900688048631e-25 98
0.4 1.858439344358023e-24 210
0.5 3.578793899666396e-24 350
0.6 3.292916172155478e-24 450
0.7 2.85206189886741e-24 602
0.8 5.236559913001689e-24 762
0.9 6.035267704433326e-24 1142
1 4.091404328848532e-24 1250
1.1 6.53454013510835e-24 1458
1.2 8.756633329749632e-24 1814
1.3 6.26710859786968e-24 2178
1.4 7.026407419075446e-24 2498
1.5 1.097545830763783e-23 2622
1.6 8.302414094944166e-24 3338
1.7 8.45374281302247e-24 3722
1.8 1.360158959815368e-23 4170
1.9 1.112980580199675e-23 4358
2 9.106383457238004e-24 5034
2.1 1.520060833219061e-23 5714
2.2 1.481922409482069e-23 5982
2.3 1.020329936901447e-23 6602
2.4 1.667739817240225e-23 7130
2.5 1.761325813250812e-23 8034
2.6 1.222980456543518e-23 8606
2.7 1.717099876830167e-23 9066
2.8 2.081932088765616e-23 9962
2.9 1.399968730526964e-23 10550
3 1.886179885349458e-23 11226
3.1 2.348835455763695e-23 12146
3.2 1.52996865718899e-23 12606
3.3 2.22156304669678e-23 13802
3.4 2.656823803852315e-23 14754
3.5 1.810944168734219e-23 15194
3.6 2.462763268224912e-23 16454
3.7 2.788119817589607e-23 17154
3.8 2.191445115607449e-23 18266
3.9 2.671360700289984e-23 18750
4 2.947012130999638e-23 20234
4.1 2.540360917075347e-23 21450
4.2 2.957965345982709e-23 21962
4.3 3.206052613016296e-23 23462
4.4 2.816826002969196e-23 24042
4.5 3.297569880392231e-23 25946
4.6 3.429517587618319e-23 26118
4.7 3.195158350572174e-23 27506
4.8 3.545589894936432e-23 29066
4.9 3.874487887718569e-23 30450
5 3.436982930298751e-23 31742
5.1 4.019580021542238e-23 32250
5.2 4.054495511920967e-23 34250
5.3 3.897408853330008e-23 35454
5.4 4.440318192295815e-23 36434
5.5 4.177666350014871e-23 37682
5.6 4.559984372455579e-23 39294
5.7 4.798118172508589e-23 41426
5.8 4.764574890557216e-23 42066
5.9 4.891580362159959e-23 43490
6 5.216001122540557e-23 45702
6.1 5.117588349106927e-23 46634
6.2 5.591100183910879e-23 48554
6.3 5.331234291499519e-23 48870
6.4 5.866241999937463e-23 51554
6.5 5.981349002589786e-23 54090
6.6 6.155564637342486e-23 54314
6.7 6.257356622197392e-23 56910
6.8 6.441752823482338e-23 57482
6.9 6.706784471765976e-23 60626
7 6.769281320619013e-23 61206
7.1 7.107202822412822e-23 62570
7.2 7.303821457020866e-23 65730
7.3 7.512064916502205e-23 66686
7.4 7.865988903726273e-23 69698
7.5 7.802522331339423e-23 70026
7.6 8.36172915128074e-23 72746
7.7 8.421865893342169e-23 74910
7.8 8.79976111625893e-23 75722
7.9 8.971287567595902e-23 78378
8 9.320285730098071e-23 80030
8.1 9.652732022591535e-23 83186
8.2 9.898907988532832e-23 84666
8.3 1.018942041767736e-22 86546
8.4 1.039393887776546e-22 88134
8.5 1.103552622907036e-22 91538
8.6 1.112256337170802e-22 93138
8.7 1.14236698751988e-22 94478
8.8 1.199787260586838e-22 97274
8.9 1.217322365138827e-22 99690
9 1.279687670387062e-22 102590
9.1 1.307433290977274e-22 103770
9.2 1.34557093927365e-22 106346
9.3 1.390374658255118e-22 108546
9.4 1.435180658139708e-22 110726
9.5 1.473124712318814e-22 112322
9.6 1.517291448282417e-22 115890
9.7 1.581626467372924e-22 118766
9.8 1.659178973109755e-22 122298
9.9 1.661021162104871e-22 122090
10 1.734985570490095e-22 125810
10.1 1.776599129310749e-22 128190
10.2 1.879104971522563e-22 130994
10.3 1.915346135468878e-22 133722
10.4 1.945145542002544e-22 133886
10.5 2.034368401667455e-22 140538
10.6 2.103448372543831e-22 140594
10.7 2.185240304549777e-22 143594
10.8 2.245512147758644e-22 146310
10.9 2.338919381148946e-22 150650
11 2.379276568125155e-22 151914
11.1 2.435271572392286e-22 153398
11.2 2.558759683819024e-22 157866
11.3 2.616762053611855e-22 160658
11.4 2.748992807001599e-22 164102
11.5 2.804641789699566e-22 164994
11.6 2.914057110924188e-22 169850
11.7 3.013086395270713e-22 172986
11.8 3.060266933665811e-22 173894
11.9 3.171595129301111e-22 176778
12 3.291678597714337e-22 181802
12.1 3.394118697088759e-22 184430
12.2 3.51561059524398e-22 187242
12.3 3.619428393701968e-22 190250
12.4 3.703605258258572e-22 192570
12.5 3.901757391688595e-22 198254
12.6 3.951733899023866e-22 198074
12.7 4.065550975436702e-22 202050
12.8 4.143597237725548e-22 204287
12.9 4.223062198790743e-22 205824
13 4.164309971076481e-22 202532
13.1 4.143683197051499e-22 199068
13.2 4.228335542153169e-22 201056
13.3 4.174374978777302e-22 196616
13.4 4.179769560848616e-22 195816
13.5 4.165065835921681e-22 191756
13.6 4.176121232027578e-22 191952
13.7 4.186902364108271e-22 191024
13.8 4.138732851362659e-22 186648
13.9 4.13702258902601e-22 183896
14 4.163028868175899e-22 183272
14.1 4.115563103079072e-22 180840
14.2 4.115076904249686e-22 178880
14.3 4.087441758336302e-22 174984
14.4 4.112707704737863e-22 173720
14.5 4.088243303522846e-22 171380
14.6 4.066191565846641e-22 169164
14.7 4.055270237072747e-22 166616
14.8 4.077599386105195e-22 163644
14.9 4.044408523396956e-22 161852
15 3.99445031271494e-22 158256
15.1 3.952248154459828e-22 154724
15.2 3.95272546826218e-22 153056
15.3 3.942477058587478e-22 149592
15.4 3.942615382280206e-22 147980
15.5 3.815414475180645e-22 142884
15.6 3.853081207997165e-22 141752
15.7 3.810233830533064e-22 138348
15.8 3.741353248276673e-22 134084
15.9 3.746196118247576e-22 131756
16 3.701117280982328e-22 128460
16.1 3.703149366595309e-22 126800
16.2 3.605930215124074e-22 121716
16.3 3.558890454044197e-22 118844
16.4 3.497547559900892e-22 114900
16.5 3.47558415331542e-22 112556
16.6 3.355437599065719e-22 107972
16.7 3.312946505789855e-22 104784
16.8 3.264604957348566e-22 101564
16.9 3.185713205988827e-22 97932
17 3.136209379920323e-22 94076
17.1 3.049707113417918e-22 89960
17.2 2.95222219553229e-22 85968
17.3 2.925980493552145e-22 83600
17.4 2.764548045241141e-22 78468
17.5 2.660011996466875e-22 74168
17.6 2.578392730963092e-22 70944
17.7 2.446502247885252e-22 66788
17.8 2.304781837117151e-22 62648
17.9 2.179736744027114e-22 58224
18 2.072632239357927e-22 54536
18.1 1.946913937030475e-22 50301
18.2 1.814614458740844e-22 46208
18.3 1.658379080909602e-22 42990
18.4 1.604907235897559e-22 40370
18.5 1.507376369407656e-22 37634
18.6 1.40436379028516e-22 34500
18.7 1.343570611783776e-22 32756
18.8 1.230334884426111e-22 29916
18.9 1.167157696368564e-22 28268
19 1.070542862394737e-22 25710
19.1 1.048844494833218e-22 24350
19.2 9.697252717398347e-23 22406
19.3 8.986747165023529e-23 20622
19.4 8.191607658434338e-23 19166
19.5 7.615310661451443e-23 17544
19.6 7.297082123438576e-23 16334
19.7 6.402177542983101e-23 14576
19.8 6.111742626315926e-23 13398
19.9 5.805193735863545e-23 12536
20 5.202517778123182e-23 11022
20.1 4.664910307311843e-23 9800
20.2 4.352792339447381e-23 9372
20.3 3.805469215908414e-23 8000
20.4 3.319537064718587e-23 7070
20.5 2.829623434110172e-23 6216
20.6 2.836729555989601e-23 5984
20.7 2.449117133749717e-23 4872
20.8 1.877284319794575e-23 3848
20.9 1.846800589605359e-23 3624
21 1.764782342590752e-23 3296
21.1 1.387996187030314e-23 2624
21.2 9.296235255505439e-24 1644
21.3 9.076516389102978e-24 1712
21.4 7.448666116145414e-24 1464
21.5 5.28485117487954e-24 1058
21.6 1.958336401498309e-24 408
21.7 2.688682628010091e-24 584
21.8 1.522115779854405e-24 344
21.9 7.590943675556647e-25 168
22 1.181863210085763e-25 38
22.1 9.848501824509576e-26 25

0.1 2.975784012386895e-25 18
0.2 1.839785502057419e-24 62
0.3 1.143510350787053e-24 98
0.4 1.632861375635543e-24 210
0.5 2.819277329972816e-24 350
0.6 4.191524433542698e-24 450
0.7 3.495597144772179e-24 602
0.8 3.100845622543883e-24 762
0.9 6.208049640462343e-24 1142
1 6.913011769203076e-24 1250
1.1 4.39106005999446e-24 1458
1.2 6.311043830073102e-24 1814
1.3 9.659436464593168e-24 2178
1.4 8.518127939456696e-24 2498
1.5 5.679243263842431e-24 2622
1.6 1.061167823986778e-23 3338
1.7 1.280820318120354e-23 3722
1.8 9.406565302804948e-24 4170
1.9 9.093996004620381e-24 4358
2 1.493679222879855e-23 5034
2.1 1.393953205666863e-23 5714
2.2 9.878342164462644e-24 5982
2.3 1.554731305962859e-23 6602
2.4 1.836367588773596e-23 7130
2.5 1.339298666561449e-23 8034
2.6 1.444622016165572e-23 8606
2.7 2.04883147022372e-23 9066
2.8 1.852576348656934e-23 9962
2.9 1.455025658708892e-23 10550
3 2.104349779837043e-23 11226
3.1 2.335645477972988e-23 12146
3.2 1.639260391673781e-23 12606
3.3 2.164519367742917e-23 13802
3.4 2.726387119300617e-23 14754
3.5 2.104388295835414e-23 15194
3.6 2.212476763985227e-23 16454
3.7 2.856399872713049e-23 17154
3.8 2.577994506456974e-23 18266
3.9 2.357383647536491e-23 18750
4 2.942189041261477e-23 20234
4.1 3.007230564904564e-23 21450
4.2 2.633053650934516e-23 21962
4.3 3.069839126546322e-23 23462
4.4 3.295636062331762e-23 24042
4.5 3.175897721701199e-23 25946
4.6 3.106455974652952e-23 26118
4.7 3.656191985774258e-23 27506
4.8 3.475471012609935e-23 29066
4.9 3.523935035621999e-23 30450
5 4.055698909728304e-23 31742
5.1 3.768305069144407e-23 32250
5.2 3.853894095094394e-23 34250
5.3 4.359597172149681e-23 35454
5.4 4.096538994680167e-23 36434
5.5 4.329300938060221e-23 37682
5.6 4.629517146144792e-23 39294
5.7 4.713116193284297e-23 41426
5.8 4.769003282391282e-23 42066
5.9 5.029031649014337e-23 43490
6 5.070728800842864e-23 45702
6.1 5.242445213747396e-23 46634
6.2 5.527923128203729e-23 48554
6.3 5.365678592351731e-23 48870
6.4 5.887302411177548e-23 51554
6.5 5.974402580290056e-23 54090
6.6 6.209023518166534e-23 54314
6.7 6.296197608095452e-23 56910
6.8 6.452527149190813e-23 57482
6.9 6.802447436178211e-23 60626
7 6.799750054901011e-23 61206
7.1 7.058134103726561e-23 62570
7.2 7.493662769015989e-23 65730
7.3 7.375202353653168e-23 66686
7.4 8.066751977924696e-23 69698
7.5 7.878734884614768e-23 70026
7.6 8.338457880076144e-23 72746
7.7 8.743013566604033e-23 74910
7.8 8.583995812317725e-23 75722
7.9 9.272590379577203e-23 78378
8 9.24953997430768e-23 80030
8.1 9.805124848451331e-23 83186
8.2 9.998384897650036e-23 84666
8.3 1.025000260971361e-22 86546
8.4 1.061345660273217e-22 88134
8.5 1.115989010416673e-22 91538
8.6 1.132467666569211e-22 93138
8.7 1.170009236798314e-22 94478
8.8 1.204265179384657e-22 97274
8.9 1.241503687278445e-22 99690
9 1.316039640796258e-22 102590
9.1 1.312754091344216e-22 103770
9.2 1.384935197339251e-22 106346
9.3 1.410230587902031e-22 108546
9.4 1.478553829382651e-22 110726
9.5 1.489794644147573e-22 112322
9.6 1.583223898064093e-22 115890
9.7 1.628984938415372e-22 118766
9.8 1.692570742368456e-22 122298
9.9 1.70523517401862e-22 122090
10 1.787646817374391e-22 125810
10.1 1.844390845674147e-22 128190
10.2 1.911523137350151e-22 130994
10.3 1.972873762468199e-22 133722
10.4 2.019545194111535e-22 133886
10.5 2.141667963889981e-22 140538
10.6 2.166472341899765e-22 140594
10.7 2.259699574613405e-22 143594
10.8 2.321963720355269e-22 146310
10.9 2.438988918752289e-22 150650
11 2.511568446766268e-22 151914
11.1 2.559651870843072e-22 153398
11.2 2.674500485797825e-22 157866
11.3 2.740115085097219e-22 160658
11.4 2.871908412498998e-22 164102
11.5 2.927767152248685e-22 164994
11.6 3.095171552999311e-22 169850
11.7 3.18729826811367e-22 172986
11.8 3.261723402092022e-22 173894
11.9 3.356175994877795e-22 176778
12 3.520997981583217e-22 181802
12.1 3.613840890078548e-22 184430
12.2 3.736757426577717e-22 187242
12.3 3.830653226695785e-22 190250
12.4 3.945211135837963e-22 192570
12.5 4.127921999827385e-22 198254
12.6 4.187290029525428e-22 198074
12.7 4.373913033286845e-22 202050
12.8 4.449398776267617e-22 204287
12.9 4.512139248635996e-22 205824
13 4.480087215663079e-22 202532
13.1 4.460114214351814e-22 199068
13.2 4.520953272919542e-22 201056
13.3 4.487350450502465e-22 196616
13.4 4.514527127738142e-22 195816
13.5 4.452479846926207e-22 191756
13.6 4.461007413420249e-22 191952
13.7 4.492141611987911e-22 191024
13.8 4.464701260954587e-22 186648
13.9 4.416314950741034e-22 183896
14 4.444224963153017e-22 183272
14.1 4.452288327704337e-22 180840
14.2 4.441557480278459e-22 178880
14.3 4.399974429679852e-22 174984
14.4 4.420588589891585e-22 173720
14.5 4.413907387010856e-22 171380
14.6 4.423521053735896e-22 169164
14.7 4.417322305890832e-22 166616
14.8 4.377794880490731e-22 163644
14.9 4.39293744819891e-22 161852
15 4.318960252501315e-22 158256
15.1 4.32437651669665e-22 154724
15.2 4.332461524061202e-22 153056
15.3 4.260659386452591e-22 149592
15.4 4.268392416397702e-22 147980
15.5 4.183631325600784e-22 142884
15.6 4.220888604606715e-22 141752
15.7 4.180944162706542e-22 138348
15.8 4.10357000461415e-22 134084
15.9 4.082649251430112e-22 131756
16 4.080840751088321e-22 128460
16.1 4.035459660108824e-22 126800
16.2 3.96181689781803e-22 121716
16.3 3.942468881555249e-22 118844
16.4 3.897149044327409e-22 114900
16.5 3.840147575226497e-22 112556
16.6 3.733385643987824e-22 107972
16.7 3.680117612907997e-22 104784
16.8 3.603317606024317e-22 101564
16.9 3.515931238946584e-22 97932
17 3.457431007537411e-22 94076
17.1 3.377412696989529e-22 89960
17.2 3.258951799300979e-22 85968
17.3 3.232530203254728e-22 83600
17.4 3.095101817840795e-22 78468
17.5 2.965456162596729e-22 74168
17.6 2.86858597343857e-22 70944
17.7 2.735085026670787e-22 66788
17.8 2.605163014887331e-22 62648
17.9 2.468902215929144e-22 58224
18 2.318172405686941e-22 54536
18.1 2.162840935097393e-22 50301
18.2 1.973639473269535e-22 46208
18.3 1.880053149418151e-22 42990
18.4 1.780146665176408e-22 40370
18.5 1.701716375514824e-22 37634
18.6 1.550346639686075e-22 34500
18.7 1.496836975861943e-22 32756
18.8 1.385052790730313e-22 29916
18.9 1.318952956042562e-22 28268
19 1.219885595517683e-22 25710
19.1 1.163252830783576e-22 24350
19.2 1.070835460798877e-22 22406
19.3 1.004800465805483e-22 20622
19.4 9.371452872858584e-23 19166
19.5 8.762235134699235e-23 17544
19.6 8.31667581197378e-23 16334
19.7 7.34810617862319e-23 14576
19.8 6.963321978811237e-23 13398
19.9 6.489960397116511e-23 12536
20 5.81737740886854e-23 11022
20.1 5.058601940162955e-23 9800
20.2 5.043020978916729e-23 9372
20.3 4.372922107165604e-23 8000
20.4 3.971648160215126e-23 7070
20.5 3.537864721221347e-23 6216
20.6 3.505944747199811e-23 5984
20.7 2.763384690642986e-23 4872
20.8 2.250424875493329e-23 3848
20.9 1.990396761448243e-23 3624
21 1.702107916414522e-23 3296
21.1 1.458522488139402e-23 2624
21.2 9.062926786736717e-24 1644
21.3 9.99152056811624e-24 1712
21.4 8.768063162812337e-24 1464
21.5 6.891954252634545e-24 1058
21.6 2.791709153482193e-24 408
21.7 3.850114476170117e-24 584
21.8 2.500767363853508e-24 344
21.9 1.050916010581233e-24 168
22 2.728087127481975e-25 38
22.1 1.846296397905417e-25 25

0.1 3.07625215205424e-25 18
0.2 1.644982207782982e-24 62
0.3 1.536742709062904e-24 98
0.4 1.668379605960632e-24 210
0.5 2.356136895372693e-24 350
0.6 3.949242362908906e-24 450
0.7 4.919702486226387e-24 602
0.8 3.402329562454742e-24 762
0.9 5.046697738803611e-24 1142
1 6.205132980736446e-24 1250
1.1 7.548261788927389e-24 1458
1.2 6.15354385317208e-24 1814
1.3 6.316891459867462e-24 2178
1.4 8.496553475240116e-24 2498
1.5 1.062231914104007e-23 2622
1.6 8.802528213878214e-24 3338
1.7 8.518803098832371e-24 3722
1.8 1.15994006989867e-23 4170
1.9 1.363363951885692e-23 4358
2 1.199286809236227e-23 5034
2.1 1.084298821275653e-23 5714
2.2 1.444735405240302e-23 5982
2.3 1.751544438282504e-23 6602
2.4 1.325995978260742e-23 7130
2.5 1.32899845668822e-23 8034
2.6 1.811908213628198e-23 8606
2.7 1.97386885973972e-23 9066
2.8 1.589819561245393e-23 9962
2.9 1.538794443185948e-23 10550
3 2.17847330314604e-23 11226
3.1 2.201176658662622e-23 12146
3.2 1.6492565695461e-23 12606
3.3 2.041855432583157e-23 13802
3.4 2.623903281046966e-23 14754
3.5 2.279165841063061e-23 15194
3.6 2.043937814111241e-23 16454
3.7 2.485569239632294e-23 17154
3.8 2.747584256058307e-23 18266
3.9 2.420341222964742e-23 18750
4 2.522934017798435e-23 20234
4.1 2.948952439436498e-23 21450
4.2 2.870760359060537e-23 21962
4.3 2.888385377982115e-23 23462
4.4 2.918027784454363e-23 24042
4.5 3.358320945219394e-23 25946
4.6 3.219490569959217e-23 26118
4.7 3.128164021657353e-23 27506
4.8 3.524272243585302e-23 29066
4.9 3.802689344324917e-23 30450
5 3.447312373750151e-23 31742
5.1 3.724834382414551e-23 32250
5.2 4.139136276059049e-23 34250
5.3 3.870581539033783e-23 35454
5.4 4.067850903772002e-23 36434
5.5 4.375105317805536e-23 37682
5.6 4.403391795148447e-23 39294
5.7 4.567724134430929e-23 41426
5.8 4.733888426508734e-23 42066
5.9 4.849874484131685e-23 43490
6 4.892322406770458e-23 45702
6.1 5.246084878432109e-23 46634
6.2 5.268276240556887e-23 48554
6.3 5.349575938718994e-23 48870
6.4 5.713635943608979e-23 51554
6.5 5.855599898977674e-23 54090
6.6 6.015521130964471e-23 54314
6.7 6.204197958874648e-23 56910
6.8 6.262270652396553e-23 57482
6.9 6.64372676213245e-23 60626
7 6.725759896413473e-23 61206
7.1 6.823205333664796e-23 62570
7.2 7.395165204351351e-23 65730
7.3 7.209089572944083e-23 66686
7.4 7.82933697358981e-23 69698
7.5 7.878570652578418e-23 70026
7.6 7.995420083161444e-23 72746
7.7 8.539872261355312e-23 74910
7.8 8.464487251740508e-23 75722
7.9 8.962064346969579e-23 78378
8 9.181141443800198e-23 80030
8.1 9.632165324344394e-23 83186
8.2 9.803012050722425e-23 84666
8.3 1.00096043204782e-22 86546
8.4 1.050862279810592e-22 88134
8.5 1.078224766607643e-22 91538
8.6 1.128562156022824e-22 93138
8.7 1.135664009168918e-22 94478
8.8 1.178714094869375e-22 97274
8.9 1.244994771923084e-22 99690
9 1.255987467266729e-22 102590
9.1 1.30874201348643e-22 103770
9.2 1.353356726671683e-22 106346
9.3 1.399058985758289e-22 108546
9.4 1.430945503914852e-22 110726
9.5 1.480896593239677e-22 112322
9.6 1.539416019696404e-22 115890
9.7 1.608197076872267e-22 118766
9.8 1.668439693736044e-22 122298
9.9 1.699212575555307e-22 122090
10 1.753051782689408e-22 125810
10.1 1.831645229454259e-22 128190
10.2 1.886878681369404e-22 130994
10.3 1.969593843341662e-22 133722
10.4 1.973596188400316e-22 133886
10.5 2.118136736076955e-22 140538
10.6 2.144756447321845e-22 140594
10.7 2.246484174024335e-22 143594
10.8 2.314155087764501e-22 146310
10.9 2.400464724697523e-22 150650
11 2.476374592743985e-22 151914
11.1 2.535792567178044e-22 153398
11.2 2.66190699225951e-22 157866
11.3 2.742636218981408e-22 160658
11.4 2.878056445726969e-22 164102
11.5 2.922965431960436e-22 164994
11.6 3.057799378092286e-22 169850
11.7 3.144378480393948e-22 172986
11.8 3.238328090417686e-22 173894
11.9 3.355455548009183e-22 176778
12 3.495808574349974e-22 181802
12.1 3.641672153358003e-22 184430
12.2 3.748880808140054e-22 187242
12.3 3.846704015037334e-22 190250
12.4 3.982397726749589e-22 192570
12.5 4.157258996152343e-22 198254
12.6 4.200754747937798e-22 198074
12.7 4.403587817348266e-22 202050
12.8 4.468324197402857e-22 204287
12.9 4.529293181569879e-22 205824
13 4.527165689497585e-22 202532
13.1 4.470439129870756e-22 199068
13.2 4.539954420249339e-22 201056
13.3 4.494696902743016e-22 196616
13.4 4.514774881295358e-22 195816
13.5 4.448704586342778e-22 191756
13.6 4.51149347391016e-22 191952
13.7 4.518832393321475e-22 191024
13.8 4.448631017383082e-22 186648
13.9 4.455080202271741e-22 183896
14 4.47868254544324e-22 183272
14.1 4.457366252313298e-22 180840
14.2 4.444185691857436e-22 178880
14.3 4.431055455009377e-22 174984
14.4 4.464407497894354e-22 173720
14.5 4.437632644035612e-22 171380
14.6 4.432903084376226e-22 169164
14.7 4.413931636570204e-22 166616
14.8 4.402743979432485e-22 163644
14.9 4.414267657811777e-22 161852
15 4.36701475987629e-22 158256
15.1 4.327743909093859e-22 154724
15.2 4.344115046002966e-22 153056
15.3 4.325630026505259e-22 149592
15.4 4.313827530752124e-22 147980
15.5 4.219189938168706e-22 142884
15.6 4.228748850926155e-22 141752
15.7 4.209117584004592e-22 138348
15.8 4.158768282479718e-22 134084
15.9 4.148893137704802e-22 131756
16 4.121908248221526e-22 128460
16.1 4.100646448949756e-22 126800
16.2 3.994251805583252e-22 121716
16.3 3.957702252951756e-22 118844
16.4 3.898473073025645e-22 114900
16.5 3.88555713231928e-22 112556
16.6 3.801233597460471e-22 107972
16.7 3.729699265972156e-22 104784
16.8 3.678493189392773e-22 101564
16.9 3.616839165793621e-22 97932
17 3.545221652763174e-22 94076
17.1 3.422698737994758e-22 89960
17.2 3.294759639513377e-22 85968
17.3 3.290207861555611e-22 83600
17.4 3.135694744932891e-22 78468
17.5 2.976255421699082e-22 74168
17.6 2.905039474646901e-22 70944
17.7 2.787448899841478e-22 66788
17.8 2.642623487003306e-22 62648
17.9 2.501575213285746e-22 58224
18 2.337814759356323e-22 54536
18.1 2.187418739972964e-22 50301
18.2 2.032703016405437e-22 46208
18.3 1.917628216022045e-22 42990
18.4 1.80766581332406e-22 40370
18.5 1.713953826525539e-22 37634
18.6 1.570044820230963e-22 34500
18.7 1.528140098224818e-22 32756
18.8 1.415911675317394e-22 29916
18.9 1.34013064223084e-22 28268
19 1.22333230008798e-22 25710
19.1 1.170111044620335e-22 24350
19.2 1.084106854537655e-22 22406
19.3 1.038609712789435e-22 20622
19.4 9.607057000215378e-23 19166
19.5 8.894087491684463e-23 17544
19.6 8.391909324867586e-23 16334
19.7 7.539247972402807e-23 14576
19.8 7.06098001611037e-23 13398
19.9 6.762978972536239e-23 12536
20 5.921220609724104e-23 11022
20.1 5.451639052967792e-23 9800
20.2 5.321151708541101e-23 9372
20.3 4.425593718683439e-23 8000
20.4 3.971654922615262e-23 7070
20.5 3.388775980438144e-23 6216
20.6 3.373378028279401e-23 5984
20.7 2.859622751233508e-23 4872
20.8 2.235092335638175e-23 3848
20.9 2.187160167380634e-23 3624
21 2.0775984954872e-23 3296
21.1 1.716067725763221e-23 2624
21.2 1.092975609435915e-23 1644
21.3 1.108378597327165e-23 1712
21.4 8.688333209102501e-24 1464
21.5 6.415455796234697e-24 1058
21.6 2.209111969543493e-24 408
21.7 3.010809814658417e-24 584
21.8 1.977340257001861e-24 344
21.9 8.670507678183977e-25 168
22 1.250195534119265e-25 38
22.1 1.34623608560066e-25 25

0.1 3.298084843743782e-25 18
0.2 1.422546128326455e-24 62
0.3 1.794828773516142e-24 98
0.4 1.904249210845138e-24 210
0.5 2.691841560024604e-24 350
0.6 3.081705747869191e-24 450
0.7 4.711382911574198e-24 602
0.8 5.055431648586162e-24 762
0.9 5.608413162935391e-24 1142
1 4.540891102801533e-24 1250
1.1 5.853667371413751e-24 1458
1.2 8.228134328353726e-24 1814
1.3 8.79067695175159e-24 2178
1.4 7.854566641440379e-24 2498
1.5 6.365578610809179e-24 2622
1.6 1.036207263980999e-23 3338
1.7 1.248251006617263e-23 3722
1.8 1.149008460913917e-23 4170
1.9 8.858871084463225e-24 4358
2 1.125482656376272e-23 5034
2.1 1.456304247182792e-23 5714
2.2 1.588111351436906e-23 5982
2.3 1.261842419943754e-23 6602
2.4 1.177764566691341e-23 7130
2.5 1.636488478389552e-23 8034
2.6 1.915750831716196e-23 8606
2.7 1.683903775418795e-23 9066
2.8 1.471426300704843e-23 9962
2.9 1.655701227636627e-23 10550
3 2.155316566839626e-23 11226
3.1 2.091390844475256e-23 12146
3.2 1.668907803018431e-23 12606
3.3 2.005434161115922e-23 13802
3.4 2.472626057612515e-23 14754
3.5 2.445123816660373e-23 15194
3.6 2.180508375437669e-23 16454
3.7 2.196969214120288e-23 17154
3.8 2.660709692019804e-23 18266
3.9 2.739239923363717e-23 18750
4 2.576728017909907e-23 20234
4.1 2.675291433558952e-23 21450
4.2 2.948414137498505e-23 21962
4.3 3.108974801655734e-23 23462
4.4 2.960093571707571e-23 24042
4.5 3.056478785441914e-23 25946
4.6 3.209840792120691e-23 26118
4.7 3.574078044670025e-23 27506
4.8 3.404607697592667e-23 29066
4.9 3.484385332305799e-23 30450
5 3.891946181764828e-23 31742
5.1 3.894998365289659e-23 32250
5.2 3.808657096779051e-23 34250
5.3 4.079928145484957e-23 35454
5.4 4.268324089066032e-23 36434
5.5 4.283958839622208e-23 37682
5.6 4.432863026304464e-23 39294
5.7 4.657253662478672e-23 41426
5.8 4.831526050228917e-23 42066
5.9 4.788473487896038e-23 43490
6 5.082036178936505e-23 45702
6.1 5.2741383496946e-23 46634
6.2 5.303605823537678e-23 48554
6.3 5.515573004955889e-23 48870
6.4 5.657174205649549e-23 51554
6.5 5.999631295417626e-23 54090
6.6 6.107970504447226e-23 54314
6.7 6.355646950809574e-23 56910
6.8 6.380320675273956e-23 57482
6.9 6.773652660103147e-23 60626
7 6.878325922319018e-23 61206
7.1 6.816140803155815e-23 62570
7.2 7.443545178779546e-23 65730
7.3 7.432254989519377e-23 66686
7.4 7.7618373355039e-23 69698
7.5 8.0129797976614e-23 70026
7.6 8.285645167158479e-23 72746
7.7 8.361069334740464e-23 74910
7.8 8.772848395687518e-23 75722
7.9 9.067638042358024e-23 78378
8 9.232439104352036e-23 80030
8.1 9.814190935128365e-23 83186
8.2 9.807569102748715e-23 84666
8.3 1.031896797814841e-22 86546
8.4 1.034856746306348e-22 88134
8.5 1.105492020084387e-22 91538
8.6 1.126215023204096e-22 93138
8.7 1.148336888184574e-22 94478
8.8 1.217206907075537e-22 97274
8.9 1.221976745216546e-22 99690
9 1.29777451033614e-22 102590
9.1 1.315715588639858e-22 103770
9.2 1.356903674096045e-22 106346
9.3 1.39971135444746e-22 108546
9.4 1.44977837738227e-22 110726
9.5 1.489281952539033e-22 112322
9.6 1.557474901021567e-22 115890
9.7 1.613265705868448e-22 118766
9.8 1.681708990438306e-22 122298
9.9 1.703616369049966e-22 122090
10 1.761718975328395e-22 125810
10.1 1.857631411678821e-22 128190
10.2 1.883354286030452e-22 130994
10.3 1.957021679255316e-22 133722
10.4 1.985231535759486e-22 133886
10.5 2.132051983538576e-22 140538
10.6 2.138308684582564e-22 140594
10.7 2.231825329959522e-22 143594
10.8 2.298763857123419e-22 146310
10.9 2.414942199564418e-22 150650
11 2.460208879765288e-22 151914
11.1 2.523930118560898e-22 153398
11.2 2.624091031005407e-22 157866
11.3 2.714335290971873e-22 160658
11.4 2.834135511559547e-22 164102
11.5 2.894798748470925e-22 164994
11.6 3.036926040559027e-22 169850
11.7 3.129661176848333e-22 172986
11.8 3.19177618718824e-22 173894
11.9 3.299840783191516e-22 176778
12 3.430684260074641e-22 181802
12.1 3.567325829670364e-22 184430
12.2 3.647719809003825e-22 187242
12.3 3.788385640363256e-22 190250
12.4 3.918097034093709e-22 192570
12.5 4.084136546155827e-22 198254
12.6 4.139567147848217e-22 198074
12.7 4.291175766591767e-22 202050
12.8 4.370215664489253e-22 204287
12.9 4.44751219878128e-22 205824
13 4.387671804660803e-22 202532
13.1 4.367855462732565e-22 199068
13.2 4.430717107748046e-22 201056
13.3 4.384093188950501e-22 196616
13.4 4.413022140168915e-22 195816
13.5 4.372613992395723e-22 191756
13.6 4.405221535565599e-22 191952
13.7 4.403934294595848e-22 191024
13.8 4.360768714579433e-22 186648
13.9 4.343125617967435e-22 183896
14 4.366087036940534e-22 183272
14.1 4.355579911730001e-22 180840
14.2 4.368810214803774e-22 178880
14.3 4.316696824254835e-22 174984
14.4 4.339933790829729e-22 173720
14.5 4.339910761495242e-22 171380
14.6 4.346571981871872e-22 169164
14.7 4.314462159297482e-22 166616
14.8 4.25485700500224e-22 163644
14.9 4.307123195532574e-22 161852
15 4.239953456322746e-22 158256
15.1 4.217788282448132e-22 154724
15.2 4.225881822664472e-22 153056
15.3 4.16634790571814e-22 149592
15.4 4.184083052746047e-22 147980
15.5 4.094401045654293e-22 142884
15.6 4.131486246020622e-22 141752
15.7 4.083463472309802e-22 138348
15.8 3.998587075049028e-22 134084
15.9 3.974442240006382e-22 131756
16 3.973899103238291e-22 128460
16.1 3.958270327782517e-22 126800
16.2 3.864287150915434e-22 121716
16.3 3.852184546207503e-22 118844
16.4 3.749793684566532e-22 114900
16.5 3.726366992102064e-22 112556
16.6 3.620991877724067e-22 107972
16.7 3.587262969612103e-22 104784
16.8 3.502056702885127e-22 101564
16.9 3.452294301778209e-22 97932
17 3.375597043022647e-22 94076
17.1 3.277438734404669e-22 89960
17.2 3.193930775941339e-22 85968
17.3 3.17115910818616e-22 83600
17.4 2.98080146145718e-22 78468
17.5 2.855640130096124e-22 74168
17.6 2.801453260354208e-22 70944
17.7 2.66632787266081e-22 66788
17.8 2.519399917172925e-22 62648
17.9 2.37550259477099e-22 58224
18 2.241579232575499e-22 54536
18.1 2.079269191893913e-22 50301
18.2 1.937589180525755e-22 46208
18.3 1.81156029833231e-22 42990
18.4 1.71728835114015e-22 40370
18.5 1.638814841782246e-22 37634
18.6 1.527841516418884e-22 34500
18.7 1.446382093192632e-22 32756
18.8 1.323212242548038e-22 29916
18.9 1.271429375629393e-22 28268
19 1.190391643856585e-22 25710
19.1 1.132289189248857e-22 24350
19.2 1.040089061802722e-22 22406
19.3 9.77401373522708e-23 20622
19.4 8.998937038867e-23 19166
19.5 8.405860955819207e-23 17544
19.6 7.997760004877333e-23 16334
19.7 7.192377358375117e-23 14576
19.8 6.696824739584894e-23 13398
19.9 6.284251296054098e-23 12536
20 5.551401779174586e-23 11022
20.1 4.936065383289509e-23 9800
20.2 4.784792025457241e-23 9372
20.3 4.204497936842852e-23 8000
20.4 3.627050455725927e-23 7070
20.5 3.312610958776694e-23 6216
20.6 3.43370091974637e-23 5984
20.7 2.68552943759868e-23 4872
20.8 2.186225581154297e-23 3848
20.9 1.988966669775915e-23 3624
21 1.667611018640202e-23 3296
21.1 1.34898158034565e-23 2624
21.2 8.594735216846412e-24 1644
21.3 9.046680359288448e-24 1712
21.4 7.665647118233862e-24 1464
21.5 6.387851132787918e-24 1058
21.6 2.492708758011227e-24 408
21.7 3.525712993421719e-24 584
21.8 2.293369163073263e-24 344
21.9 1.020336016865961e-24 168
22 3.261823943473736e-25 38
22.1 1.926802359222444e-25 25

0.1 3.655874680006496e-25 18
0.2 1.215014478604593e-24 62
0.3 1.834656609444769e-24 98
0.4 2.153508945952026e-24 210
0.5 3.399574843345034e-24 350
0.6 2.742058214830896e-24 450
0.7 3.448115371244557e-24 602
0.8 4.622447047921054e-24 762
0.9 5.994677921784842e-24 1142
1 6.39601700707403e-24 1250
1.1 5.174575346303515e-24 1458
1.2 5.610041658745701e-24 1814
1.3 7.587083607344337e-24 2178
1.4 9.237383124164323e-24 2498
1.5 9.722214035510806e-24 2622
1.6 9.026905702016515e-24 3338
1.7 8.936700473551133e-24 3722
1.8 9.953753462146427e-24 4170
1.9 1.149740085274978e-23 4358
2 1.390882376896111e-23 5034
2.1 1.325316986824205e-23 5714
2.2 1.13720960217123e-23 5982
2.3 1.274215732271078e-23 6602
2.4 1.547263218321616e-23 7130
2.5 1.811950858182264e-23 8034
2.6 1.770096416650422e-23 8606
2.7 1.480075633216206e-23 9066
2.8 1.59958545942419e-23 9962
2.9 1.889409947408686e-23 10550
3 2.221814750937672e-23 11226
3.1 2.1091919609576e-23 12146
3.2 1.774131061226044e-23 12606
3.3 2.027244919772105e-23 13802
3.4 2.44078615798324e-23 14754
3.5 2.577054245255411e-23 15194
3.6 2.422902977678816e-23 16454
3.7 2.244693320351259e-23 17154
3.8 2.546280465039897e-23 18266
3.9 2.796210014963137e-23 18750
4 2.867690854506511e-23 20234
4.1 2.850947630420531e-23 21450
4.2 2.765570540819281e-23 21962
4.3 3.018185909254956e-23 23462
4.4 3.241782112356336e-23 24042
4.5 3.436184429822708e-23 25946
4.6 3.183387153002723e-23 26118
4.7 3.30200349211411e-23 27506
4.8 3.666208170635867e-23 29066
4.9 3.898128942696964e-23 30450
5 3.707870276535558e-23 31742
5.1 3.774976067762772e-23 32250
5.2 4.130842522556809e-23 34250
5.3 4.225580516975454e-23 35454
5.4 4.205927144788299e-23 36434
5.5 4.373677589492778e-23 37682
5.6 4.557148126589884e-23 39294
5.7 4.880538517946089e-23 41426
5.8 4.886577565012196e-23 42066
5.9 4.88687030589406e-23 43490
6 5.303293924566181e-23 45702
6.1 5.284416580998508e-23 46634
6.2 5.525420682201852e-23 48554
6.3 5.624326935263838e-23 48870
6.4 5.739460958962192e-23 51554
6.5 6.185403528969635e-23 54090
6.6 6.178168119309221e-23 54314
6.7 6.535853739499255e-23 56910
6.8 6.469825941406702e-23 57482
6.9 6.904902558256017e-23 60626
7 7.080929674698705e-23 61206
7.1 7.061894706647124e-23 62570
7.2 7.496621358780323e-23 65730
7.3 7.739356871298742e-23 66686
7.4 8.090271903552804e-23 69698
7.5 8.073141607031479e-23 70026
7.6 8.595543308246063e-23 72746
7.7 8.698314295688889e-23 74910
7.8 8.934119439441256e-23 75722
7.9 9.287757777424038e-23 78378
8 9.513095491710123e-23 80030
8.1 1.001246808171101e-22 83186
8.2 1.02043261536832e-22 84666
8.3 1.060904850012778e-22 86546
8.4 1.092866917373834e-22 88134
8.5 1.133256570508646e-22 91538
8.6 1.168403605698492e-22 93138
8.7 1.195136382426186e-22 94478
8.8 1.237139127331116e-22 97274
8.9 1.291951910599516e-22 99690
9 1.339956209338851e-22 102590
9.1 1.356473522831034e-22 103770
9.2 1.41762804648151e-22 106346
9.3 1.464493377902966e-22 108546
9.4 1.508486772790705e-22 110726
9.5 1.531013041839308e-22 112322
9.6 1.630650866403733e-22 115890
9.7 1.667812842949836e-22 118766
9.8 1.757571556321739e-22 122298
9.9 1.78199691526731e-22 122090
10 1.85479876819263e-22 125810
10.1 1.925662029318637e-22 128190
10.2 1.990005243344208e-22 130994
10.3 2.064116178328547e-22 133722
10.4 2.089286436805834e-22 133886
10.5 2.21717618434597e-22 140538
10.6 2.277000931381336e-22 140594
10.7 2.375905031732159e-22 143594
10.8 2.442263294280069e-22 146310
10.9 2.545560792847152e-22 150650
11 2.616631271184558e-22 151914
11.1 2.698167621232784e-22 153398
11.2 2.823141584346553e-22 157866
11.3 2.912788570733049e-22 160658
11.4 3.037673050116006e-22 164102
11.5 3.092579515744098e-22 164994
11.6 3.249169874678023e-22 169850
11.7 3.373608955003334e-22 172986
11.8 3.465480530956039e-22 173894
11.9 3.585121385875784e-22 176778
12 3.72878442139421e-22 181802
12.1 3.853172025937874e-22 184430
12.2 3.985429333196731e-22 187242
12.3 4.106127036144418e-22 190250
12.4 4.219235808208894e-22 192570
12.5 4.448044627776366e-22 198254
12.6 4.510275608660736e-22 198074
12.7 4.665740875989944e-22 202050
12.8 4.799672957131644e-22 204287
12.9 4.847572044217206e-22 205824
13 4.822116835047315e-22 202532
13.1 4.79250562218805e-22 199068
13.2 4.813738524577131e-22 201056
13.3 4.789616951671876e-22 196616
13.4 4.835302775735026e-22 195816
13.5 4.776085616921222e-22 191756
13.6 4.806254915019786e-22 191952
13.7 4.850192074134895e-22 191024
13.8 4.785546836827088e-22 186648
13.9 4.758415100033953e-22 183896
14 4.82055935705298e-22 183272
14.1 4.792783224170027e-22 180840
14.2 4.798479849884083e-22 178880
14.3 4.757503675226006e-22 174984
14.4 4.817829704949157e-22 173720
14.5 4.77142178591005e-22 171380
14.6 4.762550250468414e-22 169164
14.7 4.794111943640075e-22 166616
14.8 4.737791774891283e-22 163644
14.9 4.724733654615973e-22 161852
15 4.688360010415478e-22 158256
15.1 4.680177846406268e-22 154724
15.2 4.696619182678503e-22 153056
15.3 4.648144474065354e-22 149592
15.4 4.666706709365479e-22 147980
15.5 4.554243602224857e-22 142884
15.6 4.613559090443301e-22 141752
15.7 4.559137749529184e-22 138348
15.8 4.499421266706291e-22 134084
15.9 4.477024934861684e-22 131756
16 4.470184109471974e-22 128460
16.1 4.420443702138855e-22 126800
16.2 4.331532687129385e-22 121716
16.3 4.325073804781313e-22 118844
16.4 4.258144621716978e-22 114900
16.5 4.235491118105257e-22 112556
16.6 4.130820450469613e-22 107972
16.7 4.053195549690193e-22 104784
16.8 3.994662599458418e-22 101564
16.9 3.912003859861769e-22 97932
17 3.824486093094382e-22 94076
17.1 3.695313906119791e-22 89960
17.2 3.629051094464908e-22 85968
17.3 3.562908496505199e-22 83600
17.4 3.410748033444357e-22 78468
17.5 3.278578937303618e-22 74168
17.6 3.207130072904574e-22 70944
17.7 3.040910850528756e-22 66788
17.8 2.906406405426672e-22 62648
17.9 2.732492440593529e-22 58224
18 2.588020006689366e-22 54536
18.1 2.420166775345815e-22 50301
18.2 2.196202237989579e-22 46208
18.3 2.098456718757408e-22 42990
18.4 1.994808217048502e-22 40370
18.5 1.862026111372649e-22 37634
18.6 1.713234742645694e-22 34500
18.7 1.651393944357711e-22 32756
18.8 1.530813318731772e-22 29916
18.9 1.486226475701265e-22 28268
19 1.34544178660169e-22 25710
19.1 1.29486164451574e-22 24350
19.2 1.202880173056134e-22 22406
19.3 1.130017702589844e-22 20622
19.4 1.060989544386195e-22 19166
19.5 9.752075594298554e-23 17544
19.6 9.211711517376496e-23 16334
19.7 8.259650103470965e-23 14576
19.8 7.757974215045199e-23 13398
19.9 7.197908261668455e-23 12536
20 6.548152483100302e-23 11022
20.1 5.954390997441978e-23 9800
20.2 5.828358649602951e-23 9372
20.3 4.988395959538078e-23 8000
20.4 4.462106772203086e-23 7070
20.5 3.799001189033232e-23 6216
20.6 3.720703248893062e-23 5984
20.7 3.07312165064992e-23 4872
20.8 2.44932456413222e-23 3848
20.9 2.305612726993503e-23 3624
21 2.230387605066396e-23 3296
21.1 1.874316809745085e-23 2624
21.2 1.172451272942322e-23 1644
21.3 1.263647095881366e-23 1712
21.4 9.745955720915734e-24 1464
21.5 7.062833813467111e-24 1058
21.6 2.42930467047461e-24 408
21.7 3.423898937525745e-24 584
21.8 2.276183496870239e-24 344
21.9 1.028466826879472e-24 168
22 1.347707614157002e-25 38
22.1 1.286977593856974e-25 25

0.1 4.170963955279893e-25 18
0.2 1.071564691068927e-24 62
0.3 1.66838874944764e-24 98
0.4 2.389806283790267e-24 210
0.5 3.749182456718636e-24 350
0.6 3.195224242233443e-24 450
0.7 3.204014943210399e-24 602
0.8 3.567769631958262e-24 762
0.9 5.540094693563315e-24 1142
1 6.39379763637611e-24 1250
1.1 7.312944572854952e-24 1458
1.2 7.369604814925129e-24 1814
1.3 7.249808064611623e-24 2178
1.4 7.327840899209407e-24 2498
1.5 7.232682455338279e-24 2622
1.6 9.884820072910112e-24 3338
1.7 1.180454273795659e-23 3722
1.8 1.243305067877236e-23 4170
1.9 1.158738798298901e-23 4358
2 1.133135729468553e-23 5034
2.1 1.170635713840233e-23 5714
2.2 1.288907639107648e-23 5982
2.3 1.606833421620373e-23 6602
2.4 1.747002687293073e-23 7130
2.5 1.649704952323356e-23 8034
2.6 1.604540249998703e-23 8606
2.7 1.480791861734474e-23 9066
2.8 1.780279219778035e-23 9962
2.9 2.005176306162993e-23 10550
3 2.174377038077636e-23 11226
3.1 2.052766467320418e-23 12146
3.2 1.816977248566529e-23 12606
3.3 2.027756151894428e-23 13802
3.4 2.335740580815722e-23 14754
3.5 2.527417743601518e-23 15194
3.6 2.51089344603429e-23 16454
3.7 2.347750711091616e-23 17154
3.8 2.446808203507495e-23 18266
3.9 2.585110536805988e-23 18750
4 2.82256292545127e-23 20234
4.1 2.938049494196065e-23 21450
4.2 2.87931743749625e-23 21962
4.3 3.054765823886432e-23 23462
4.4 2.918733410174967e-23 24042
4.5 3.23738951862547e-23 25946
4.6 3.343647161051758e-23 26118
4.7 3.536984112012525e-23 27506
4.8 3.401195808871711e-23 29066
4.9 3.58051405020331e-23 30450
5 3.823046637266822e-23 31742
5.1 3.969992183047219e-23 32250
5.2 3.996527944265993e-23 34250
5.3 4.082059641489344e-23 35454
5.4 4.190386237611735e-23 36434
5.5 4.377408040032707e-23 37682
5.6 4.604225005804563e-23 39294
5.7 4.737566997759364e-23 41426
5.8 4.761949246350492e-23 42066
5.9 5.012896805914731e-23 43490
6 5.151661818388261e-23 45702
6.1 5.208888299345003e-23 46634
6.2 5.603309287464716e-23 48554
6.3 5.547692848984784e-23 48870
6.4 5.781283995581139e-23 51554
6.5 6.156746679067281e-23 54090
6.6 6.197726315170996e-23 54314
6.7 6.538125377993701e-23 56910
6.8 6.498559081596922e-23 57482
6.9 6.909091537911152e-23 60626
7 7.104252344904682e-23 61206
7.1 7.210960239598848e-23 62570
7.2 7.470778858161868e-23 65730
7.3 7.769701460503719e-23 66686
7.4 8.263209214927579e-23 69698
7.5 8.082392331835536e-23 70026
7.6 8.605733590892461e-23 72746
7.7 8.973668908515213e-23 74910
7.8 9.089201830690588e-23 75722
7.9 9.418930746921478e-23 78378
8 9.744384834947581e-23 80030
8.1 1.014043556212034e-22 83186
8.2 1.049684578872334e-22 84666
8.3 1.076679154547696e-22 86546
8.4 1.109944452551444e-22 88134
8.5 1.17568299184938e-22 91538
8.6 1.192260260548501e-22 93138
8.7 1.226647539426143e-22 94478
8.8 1.28519292048678e-22 97274
8.9 1.32757189951106e-22 99690
9 1.383946411751459e-22 102590
9.1 1.42198919108133e-22 103770
9.2 1.482891504487409e-22 106346
9.3 1.521417909060199e-22 108546
9.4 1.585490391944965e-22 110726
9.5 1.64056836313644e-22 112322
9.6 1.700650826806523e-22 115890
9.7 1.775898441098073e-22 118766
9.8 1.881966770360809e-22 122298
9.9 1.865188765379006e-22 122090
10 1.978217542893782e-22 125810
10.1 2.050313977278997e-22 128190
10.2 2.130986404036918e-22 130994
10.3 2.205724326060703e-22 133722
10.4 2.257193021306892e-22 133886
10.5 2.415463633257836e-22 140538
10.6 2.457876111945393e-22 140594
10.7 2.549125468675934e-22 143594
10.8 2.663946886152679e-22 146310
10.9 2.820810219536838e-22 150650
11 2.882114212723595e-22 151914
11.1 2.965687975028168e-22 153398
11.2 3.113784077636775e-22 157866
11.3 3.234714574836004e-22 160658
11.4 3.399843143090576e-22 164102
11.5 3.480357482536941e-22 164994
11.6 3.625747353058448e-22 169850
11.7 3.770572234607766e-22 172986
11.8 3.885622374479064e-22 173894
11.9 4.03217505852828e-22 176778
12 4.241401647334886e-22 181802
12.1 4.386691577931003e-22 184430
12.2 4.578606476189578e-22 187242
12.3 4.706234052915046e-22 190250
12.4 4.852346856233448e-22 192570
12.5 5.093440224857824e-22 198254
12.6 5.189903556461832e-22 198074
12.7 5.426944601058504e-22 202050
12.8 5.554813590925817e-22 204287
12.9 5.653815296675751e-22 205824
13 5.641102620053444e-22 202532
13.1 5.555258776584302e-22 199068
13.2 5.644070605836691e-22 201056
13.3 5.582080783356521e-22 196616
13.4 5.63836694439985e-22 195816
13.5 5.547990123777518e-22 191756
13.6 5.626572036849493e-22 191952
13.7 5.65552330675923e-22 191024
13.8 5.612496767542644e-22 186648
13.9 5.592266162208223e-22 183896
14 5.611751817414743e-22 183272
14.1 5.637027843070045e-22 180840
14.2 5.628688595434876e-22 178880
14.3 5.57105128644872e-22 174984
14.4 5.627338160285667e-22 173720
14.5 5.639047416870855e-22 171380
14.6 5.656939798658815e-22 169164
14.7 5.65014018478155e-22 166616
14.8 5.590676914578316e-22 163644
14.9 5.643099644091956e-22 161852
15 5.596046195872908e-22 158256
15.1 5.53556038022714e-22 154724
15.2 5.591870723216773e-22 153056
15.3 5.581978995105872e-22 149592
15.4 5.59491831510909e-22 147980
15.5 5.467126371451464e-22 142884
15.6 5.507752735013829e-22 141752
15.7 5.468774565207433e-22 138348
15.8 5.425073243829518e-22 134084
15.9 5.390194589332986e-22 131756
16 5.369798420040218e-22 128460
16.1 5.394537291622015e-22 126800
16.2 5.287355898842968e-22 121716
16.3 5.243413649580898e-22 118844
16.4 5.157839984397669e-22 114900
16.5 5.147323296969143e-22 112556
16.6 5.042800811084227e-22 107972
16.7 4.982177635143491e-22 104784
16.8 4.911101596560445e-22 101564
16.9 4.835716406265927e-22 97932
17 4.748089351113593e-22 94076
17.1 4.627068993113249e-22 89960
17.2 4.479784123601395e-22 85968
17.3 4.44186808449174e-22 83600
17.4 4.227385466581124e-22 78468
17.5 4.08764877805279e-22 74168
17.6 3.958783259774844e-22 70944
17.7 3.809710671670614e-22 66788
17.8 3.588633510829357e-22 62648
17.9 3.402702566980009e-22 58224
18 3.199977592268822e-22 54536
18.1 2.996357712896806e-22 50301
18.2 2.760381866288235e-22 46208
18.3 2.59544310970173e-22 42990
18.4 2.465286920241848e-22 40370
18.5 2.32630704545985e-22 37634
18.6 2.148435633197751e-22 34500
18.7 2.074993966015867e-22 32756
18.8 1.919159165728748e-22 29916
18.9 1.839599233770505e-22 28268
19 1.693183183640973e-22 25710
19.1 1.643581147545837e-22 24350
19.2 1.507477148357539e-22 22406
19.3 1.43922668346589e-22 20622
19.4 1.324958239860954e-22 19166
19.5 1.222419963789858e-22 17544
19.6 1.17540106090749e-22 16334
19.7 1.03975235633914e-22 14576
19.8 9.923060055522683e-23 13398
19.9 9.327687577494637e-23 12536
20 8.209132541275831e-23 11022
20.1 7.55398458533998e-23 9800
20.2 7.107593643958551e-23 9372
20.3 6.321115399172831e-23 8000
20.4 5.569585167607904e-23 7070
20.5 4.932745458910475e-23 6216
20.6 5.235934486888383e-23 5984
20.7 4.180183005818502e-23 4872
20.8 3.255287626436927e-23 3848
20.9 3.000766116630332e-23 3624
21 2.69420750396835e-23 3296
21.1 2.248419466151946e-23 2624
21.2 1.437522005584435e-23 1644
21.3 1.518415720361667e-23 1712
21.4 1.333999401898285e-23 1464
21.5 1.038682868147875e-23 1058
21.6 4.24862148159404e-24 408
21.7 5.957432941547403e-24 584
21.8 3.641123981607526e-24 344
21.9 1.702692451212556e-24 168
22 5.188443012117476e-25 38
22.1 2.003814277491217e-25 25

0.1 4.647728165593003e-25 18
0.2 9.875766578333486e-25 62
0.3 1.329008386256144e-24 98
0.4 2.466458071887071e-24 210
0.5 3.378188377238547e-24 350
0.6 3.610722562819417e-24 450
0.7 3.982617113153071e-24 602
0.8 4.108553564364445e-24 762
0.9 5.718541254324878e-24 1142
1 5.141067112699478e-24 1250
1.1 5.627877427711208e-24 1458
1.2 6.942956702345922e-24 1814
1.3 8.452191631614204e-24 2178
1.4 9.364316947224492e-24 2498
1.5 9.396703310821912e-24 2622
1.6 9.737654251860898e-24 3338
1.7 1.01821926572162e-23 3722
1.8 1.030581597101714e-23 4170
1.9 9.915165894653888e-24 4358
2 1.240706215578208e-23 5034
2.1 1.40809042312135e-23 5714
2.2 1.529512460786454e-23 5982
2.3 1.527326825412003e-23 6602
2.4 1.436322889863185e-23 7130
2.5 1.417298988161324e-23 8034
2.6 1.495460896017647e-23 8606
2.7 1.559612205990688e-23 9066
2.8 1.844918521202215e-23 9962
2.9 1.97282039432911e-23 10550
3 2.009300461643003e-23 11226
3.1 1.955146376312413e-23 12146
3.2 1.823313710825202e-23 12606
3.3 1.976737069015679e-23 13802
3.4 2.202237008536857e-23 14754
3.5 2.363070334216918e-23 15194
3.6 2.50860061120052e-23 16454
3.7 2.449138464740018e-23 17154
3.8 2.452464676387755e-23 18266
3.9 2.451311342410479e-23 18750
4 2.642369194518327e-23 20234
4.1 2.79947259874442e-23 21450
4.2 2.884415664657242e-23 21962
4.3 3.06781613226011e-23 23462
4.4 3.053342354199674e-23 24042
4.5 3.187000493023284e-23 25946
4.6 3.007695765467687e-23 26118
4.7 3.294490113549434e-23 27506
4.8 3.587946269893249e-23 29066
4.9 3.740025542703873e-23 30450
5 3.668521264477559e-23 31742
5.1 3.67831600841272e-23 32250
5.2 3.916056486535045e-23 34250
5.3 4.060376800012533e-23 35454
5.4 4.17109577660755e-23 36434
5.5 4.300822192287684e-23 37682
5.6 4.454683189458386e-23 39294
5.7 4.588122652810507e-23 41426
5.8 4.768302451337531e-23 42066
5.9 4.934403322154902e-23 43490
6 4.991576124375087e-23 45702
6.1 5.151215536359278e-23 46634
6.2 5.486893930592842e-23 48554
6.3 5.433031975842467e-23 48870
6.4 5.691376723818118e-23 51554
6.5 6.031738826790097e-23 54090
6.6 6.080531448003064e-23 54314
6.7 6.450274662165443e-23 56910
6.8 6.337099750512719e-23 57482
6.9 6.736470662825157e-23 60626
7 6.89047853272273e-23 61206
7.1 7.103161232844778e-23 62570
7.2 7.377807684198655e-23 65730
7.3 7.424209850285478e-23 66686
7.4 8.002275941016489e-23 69698
7.5 7.99449032569223e-23 70026
7.6 8.322036316658143e-23 72746
7.7 8.589958166541899e-23 74910
7.8 8.865071036915811e-23 75722
7.9 9.226648964576582e-23 78378
8 9.536533143353843e-23 80030
8.1 9.892850836478745e-23 83186
8.2 1.012923267089842e-22 84666
8.3 1.042330798040583e-22 86546
8.4 1.085189355290321e-22 88134
8.5 1.11901874425761e-22 91538
8.6 1.171706917108057e-22 93138
8.7 1.194811702681796e-22 94478
8.8 1.233664690913703e-22 97274
8.9 1.278447915172626e-22 99690
9 1.346106831418125e-22 102590
9.1 1.37160152772591e-22 103770
9.2 1.405402637356517e-22 106346
9.3 1.461365625510825e-22 108546
9.4 1.526115017708156e-22 110726
9.5 1.557098745905454e-22 112322
9.6 1.621351409769155e-22 115890
9.7 1.706692198335553e-22 118766
9.8 1.760090397940439e-22 122298
9.9 1.79444680331066e-22 122090
10 1.881095339295345e-22 125810
10.1 1.921191710061765e-22 128190
10.2 2.026458165081855e-22 130994
10.3 2.104325619441871e-22 133722
10.4 2.139859209055969e-22 133886
10.5 2.265409745705321e-22 140538
10.6 2.322180211355675e-22 140594
10.7 2.431648631667472e-22 143594
10.8 2.487945076857231e-22 146310
10.9 2.621139701494031e-22 150650
11 2.694237394659715e-22 151914
11.1 2.789905288764667e-22 153398
11.2 2.918518915917357e-22 157866
11.3 2.997896377968144e-22 160658
11.4 3.117003861880685e-22 164102
11.5 3.224465250801237e-22 164994
11.6 3.397328299220509e-22 169850
11.7 3.531265607300927e-22 172986
11.8 3.604601646615123e-22 173894
11.9 3.709358232325331e-22 176778
12 3.902226968091791e-22 181802
12.1 4.030108338138692e-22 184430
12.2 4.227342606362354e-22 187242
12.3 4.298465724219235e-22 190250
12.4 4.486082614278641e-22 192570
12.5 4.671690800525058e-22 198254
12.6 4.747023189251334e-22 198074
12.7 4.927780558532135e-22 202050
12.8 5.048392263253513e-22 204287
12.9 5.165955494650772e-22 205824
13 5.110274261729106e-22 202532
13.1 5.080176923001099e-22 199068
13.2 5.163520298895201e-22 201056
13.3 5.071452203537896e-22 196616
13.4 5.113220404542715e-22 195816
13.5 5.063097732095343e-22 191756
13.6 5.111683369829004e-22 191952
13.7 5.164246184066304e-22 191024
13.8 5.077523383695162e-22 186648
13.9 5.050503079553362e-22 183896
14 5.108376239358314e-22 183272
14.1 5.104840489785713e-22 180840
14.2 5.105415512253963e-22 178880
14.3 5.053541636165469e-22 174984
14.4 5.103760087825269e-22 173720
14.5 5.09281812648677e-22 171380
14.6 5.103766887758636e-22 169164
14.7 5.102914244667299e-22 166616
14.8 5.066341679772619e-22 163644
14.9 5.083425814689558e-22 161852
15 5.01878041591988e-22 158256
15.1 5.009258660728575e-22 154724
15.2 5.042255185252167e-22 153056
15.3 4.99081278144393e-22 149592
15.4 5.014821956441307e-22 147980
15.5 4.899834302528737e-22 142884
15.6 4.962181022555888e-22 141752
15.7 4.928945915952561e-22 138348
15.8 4.848260310665403e-22 134084
15.9 4.813620108299106e-22 131756
16 4.780526824439532e-22 128460
16.1 4.822123578550009e-22 126800
16.2 4.710570019799292e-22 121716
16.3 4.705010528479653e-22 118844
16.4 4.600892488915324e-22 114900
16.5 4.574988021912385e-22 112556
16.6 4.473948102765265e-22 107972
16.7 4.425482949674358e-22 104784
16.8 4.346578698581852e-22 101564
16.9 4.286234063638159e-22 97932
17 4.168228180008815e-22 94076
17.1 4.082718146541212e-22 89960
17.2 3.971628576372189e-22 85968
17.3 3.947259684440273e-22 83600
17.4 3.76490206374861e-22 78468
17.5 3.614404663341517e-22 74168
17.6 3.499503581072932e-22 70944
17.7 3.370648185603913e-22 66788
17.8 3.168977966421704e-22 62648
17.9 2.986073839330227e-22 58224
18 2.799792939876618e-22 54536
18.1 2.624994437123811e-22 50301
18.2 2.429136726215858e-22 46208
18.3 2.267504518230582e-22 42990
18.4 2.19121481741395e-22 40370
18.5 2.062165242415663e-22 37634
18.6 1.914572950383658e-22 34500
18.7 1.81049984073132e-22 32756
18.8 1.703212900644133e-22 29916
18.9 1.625919075428692e-22 28268
19 1.495326652408275e-22 25710
19.1 1.419493703093266e-22 24350
19.2 1.319639827108044e-22 22406
19.3 1.239672089634501e-22 20622
19.4 1.1690105628072e-22 19166
19.5 1.083999024755549e-22 17544
19.6 1.026755140300198e-22 16334
19.7 9.350847263331099e-23 14576
19.8 8.621256887244091e-23 13398
19.9 8.108271244931198e-23 12536
20 7.322222781817757e-23 11022
20.1 6.462310951133614e-23 9800
20.2 6.515468193111394e-23 9372
20.3 5.616946849960307e-23 8000
20.4 5.034452253510694e-23 7070
20.5 4.467961405768145e-23 6216
20.6 4.11975529451017e-23 5984
20.7 3.396135884540577e-23 4872
20.8 2.84919854454169e-23 3848
20.9 2.538690393828327e-23 3624
21 2.529388741001282e-23 3296
21.1 2.099214802758273e-23 2624
21.2 1.309966104886236e-23 1644
21.3 1.372788812370662e-23 1712
21.4 1.119958327252464e-23 1464
21.5 7.996368741663121e-24 1058
21.6 2.9758713352444e-24 408
21.7 3.667106573760305e-24 584
21.8 2.736706116951558e-24 344
21.9 1.236438212270273e-24 168
22 1.659963163382012e-25 38
22.1 1.726862021474736e-25 25

0.1 5.178799329599926e-25 18
0.2 9.664231860178747e-25 62
0.3 9.743735289191295e-25 98
0.4 2.46325387469116e-24 210
0.5 2.801457640373252e-24 350
0.6 3.55294752305942e-24 450
0.7 4.134041675369461e-24 602
0.8 4.965160988850295e-24 762
0.9 5.788572031947436e-24 1142
1 6.045132380754044e-24 1250
1.1 5.954537319464498e-24 1458
1.2 6.596445127419646e-24 1814
1.3 7.302660073071145e-24 2178
1.4 7.561577341888075e-24 2498
1.5 7.554674116807854e-24 2622
1.6 9.508937302335199e-24 3338
1.7 1.087832588647583e-23 3722
1.8 1.150352134839914e-23 4170
1.9 1.178529055725227e-23 4358
2 1.288712993288095e-23 5034
2.1 1.307035950692076e-23 5714
2.2 1.303686491045461e-23 5982
2.3 1.297740944587986e-23 6602
2.4 1.313520766456927e-23 7130
2.5 1.495631621062072e-23 8034
2.6 1.619825487387974e-23 8606
2.7 1.691821112805449e-23 9066
2.8 1.897206751121723e-23 9962
2.9 1.957844660416703e-23 10550
3 1.952275302695413e-23 11226
3.1 1.974282431501518e-23 12146
3.2 1.862059259124956e-23 12606
3.3 2.038465355463371e-23 13802
3.4 2.220754544845132e-23 14754
3.5 2.293544860699913e-23 15194
3.6 2.511918434130179e-23 16454
3.7 2.560288654040907e-23 17154
3.8 2.587508021708455e-23 18266
3.9 2.670013922207065e-23 18750
4 2.719801071938232e-23 20234
4.1 2.838097586957562e-23 21450
4.2 2.830816023115781e-23 21962
4.3 2.994280406021318e-23 23462
4.4 3.121264534216538e-23 24042
4.5 3.357805171719598e-23 25946
4.6 3.377827231235277e-23 26118
4.7 3.452364337634505e-23 27506
4.8 3.45959056403529e-23 29066
4.9 3.665475947632045e-23 30450
5 3.824883973539595e-23 31742
5.1 3.965677626998932e-23 32250
5.2 4.086619434469975e-23 34250
5.3 4.174062600312586e-23 35454
5.4 4.271038285935128e-23 36434
5.5 4.379561233562305e-23 37682
5.6 4.529434171875457e-23 39294
5.7 4.849036200830589e-23 41426
5.8 4.98463916854413e-23 42066
5.9 4.921149926287808e-23 43490
6 5.263873078225329e-23 45702
6.1 5.387647386580233e-23 46634
6.2 5.585457771460836e-23 48554
6.3 5.59906718790358e-23 48870
6.4 5.892143678209135e-23 51554
6.5 6.157875202224606e-23 54090
6.6 6.323036075444358e-23 54314
6.7 6.628818763342939e-23 56910
6.8 6.582665945647276e-23 57482
6.9 6.962700950453589e-23 60626
7 7.0511267545476e-23 61206
7.1 7.408804647775868e-23 62570
7.2 7.71648696586542e-23 65730
7.3 7.635070429229725e-23 66686
7.4 8.222000987713843e-23 69698
7.5 8.318111945431052e-23 70026
7.6 8.671618332374514e-23 72746
7.7 8.920168795443206e-23 74910
7.8 9.179603512518741e-23 75722
7.9 9.479511522541025e-23 78378
8 9.748220554246344e-23 80030
8.1 1.026241323314502e-22 83186
8.2 1.050010933444672e-22 84666
8.3 1.08065625339797e-22 86546
8.4 1.113682759270099e-22 88134
8.5 1.180191351324833e-22 91538
8.6 1.200463675368178e-22 93138
8.7 1.221141390742e-22 94478
8.8 1.293401090151975e-22 97274
8.9 1.324839477803997e-22 99690
9 1.389690551142588e-22 102590
9.1 1.41564308434137e-22 103770
9.2 1.471752186520343e-22 106346
9.3 1.524452396255324e-22 108546
9.4 1.572999227793653e-22 110726
9.5 1.614289973600203e-22 112322
9.6 1.700032167541042e-22 115890
9.7 1.77041275134686e-22 118766
9.8 1.849221374345596e-22 122298
9.9 1.857975665488371e-22 122090
10 1.937027498258283e-22 125810
10.1 2.029465243872861e-22 128190
10.2 2.114989699925419e-22 130994
10.3 2.167358701249793e-22 133722
10.4 2.240146694518819e-22 133886
10.5 2.372747717230545e-22 140538
10.6 2.405965086808752e-22 140594
10.7 2.509390913558628e-22 143594
10.8 2.607630502877904e-22 146310
10.9 2.747267826921851e-22 150650
11 2.802058822389978e-22 151914
11.1 2.868120091960723e-22 153398
11.2 3.020372098611446e-22 157866
11.3 3.166825570535473e-22 160658
11.4 3.262896195016126e-22 164102
11.5 3.341045026130033e-22 164994
11.6 3.497291080771852e-22 169850
11.7 3.651377855924442e-22 172986
11.8 3.774124907747294e-22 173894
11.9 3.893574955183514e-22 176778
12 4.044366980360217e-22 181802
12.1 4.205535702642195e-22 184430
12.2 4.357104998363968e-22 187242
12.3 4.518471236335144e-22 190250
12.4 4.687332784396638e-22 192570
12.5 4.873014167150333e-22 198254
12.6 4.956607581051817e-22 198074
12.7 5.15387321838533e-22 202050
12.8 5.265658099227581e-22 204287
12.9 5.361669318508723e-22 205824
13 5.32819889972777e-22 202532
13.1 5.301115123955078e-22 199068
13.2 5.373096750876e-22 201056
13.3 5.300593276156853e-22 196616
13.4 5.352274846132125e-22 195816
13.5 5.292354746457949e-22 191756
13.6 5.331477590494125e-22 191952
13.7 5.377519406174554e-22 191024
13.8 5.287133066215998e-22 186648
13.9 5.296173621390541e-22 183896
14 5.350260101179399e-22 183272
14.1 5.308855576871718e-22 180840
14.2 5.319011987734282e-22 178880
14.3 5.295127969901311e-22 174984
14.4 5.313822554312833e-22 173720
14.5 5.321758433637964e-22 171380
14.6 5.303088110168497e-22 169164
14.7 5.310857347697938e-22 166616
14.8 5.282371353435485e-22 163644
14.9 5.320600733071084e-22 161852
15 5.256837540778363e-22 158256
15.1 5.194880770121266e-22 154724
15.2 5.258153039425793e-22 153056
15.3 5.232310516118636e-22 149592
15.4 5.229950824924162e-22 147980
15.5 5.126831655913085e-22 142884
15.6 5.153527908609312e-22 141752
15.7 5.117600769526326e-22 138348
15.8 5.046869604769343e-22 134084
15.9 5.070321672403794e-22 131756
16 5.000365402935886e-22 128460
16.1 5.031177632543024e-22 126800
16.2 4.909093988034169e-22 121716
16.3 4.890313316028085e-22 118844
16.4 4.815548367547716e-22 114900
16.5 4.805676665030258e-22 112556
16.6 4.681969081915641e-22 107972
16.7 4.619639200155216e-22 104784
16.8 4.519594789354784e-22 101564
16.9 4.48453853339215e-22 97932
17 4.391373619739202e-22 94076
17.1 4.241505203079681e-22 89960
17.2 4.129106612011634e-22 85968
17.3 4.098490910862996e-22 83600
17.4 3.902357552833338e-22 78468
17.5 3.738247056416987e-22 74168
17.6 3.670477402802226e-22 70944
17.7 3.502557987647529e-22 66788
17.8 3.308199406497848e-22 62648
17.9 3.12195870055799e-22 58224
18 2.93312110005817e-22 54536
18.1 2.761958182182744e-22 50301
18.2 2.518202576040544e-22 46208
18.3 2.353593062428576e-22 42990
18.4 2.289047608461783e-22 40370
18.5 2.149934134525038e-22 37634
18.6 1.97156282521482e-22 34500
18.7 1.912802559213768e-22 32756
18.8 1.737754906162469e-22 29916
18.9 1.689913572215496e-22 28268
19 1.540693992791625e-22 25710
19.1 1.488168704316946e-22 24350
19.2 1.37718054664259e-22 22406
19.3 1.292415180916851e-22 20622
19.4 1.226039508779757e-22 19166
19.5 1.11303940973521e-22 17544
19.6 1.060168162485685e-22 16334
19.7 9.420314394906781e-23 14576
19.8 8.982547069721119e-23 13398
19.9 8.588326785318949e-23 12536
20 7.447240927661351e-23 11022
20.1 6.774290139909539e-23 9800
20.2 6.4213514274558e-23 9372
20.3 5.663212075408974e-23 8000
20.4 5.014966385435695e-23 7070
20.5 4.400142171734642e-23 6216
20.6 4.600018691893712e-23 5984
20.7 3.804249324003167e-23 4872
20.8 2.95463345813344e-23 3848
20.9 2.727323070042674e-23 3624
21 2.398310446020429e-23 3296
21.1 1.98011123355755e-23 2624
21.2 1.251896889640436e-23 1644
21.3 1.318107874782796e-23 1712
21.4 1.163741028782785e-23 1464
21.5 9.159907284619164e-24 1058
21.6 3.461932216420298e-24 408
21.7 5.431058486983297e-24 584
21.8 3.514901851631373e-24 344
21.9 1.638227716357563e-24 168
22 4.5576610424222e-25 38
22.1 2.257569126357044e-25 25

