0    1.09464215597668e-16    4.05693502141646    4.05693502141646
0.1    -0.000105071619875276    2.90445521107639    2.90506562684153
0.2    -0.000175203977908772    2.27230089560715    2.27309726744649
0.3    -0.000232427384573167    1.87623856249182    1.87711094370094
0.4    -0.000283021668105527    1.60675761609598    1.60766736801698
0.5    -0.000329292857378499    1.41233374311302    1.41326419233099
0.6    -0.000372363149611232    1.26533265058082    1.26627532810135
0.7    -0.000413027609814631    1.14954932778048    1.15049931137237
0.8    -0.00045203195104277    1.05491916750587    1.05587331314914
0.900000000000001    -0.000490132457610275    0.975003476792293    0.975959707172357
1    -0.000528064752898541    0.90566445697277    0.906621461288378
1.1    -0.000566476495337772    0.844285954765234    0.845243033225122
1.2    -0.000605853934019544    0.789260128854303    0.790217061323666
1.3    -0.000646465432389769    0.739618716383317    0.740575610849092
1.4    -0.000688342591551477    0.69476108357706    0.695718209697291
1.5    -0.000731310702883068    0.654262534060201    0.655220172778953
1.6    -0.000775062635655281    0.617754473523116    0.618712813117201
1.7    -0.000819252321402419    0.584865296507736    0.585824386748386
1.8    -0.000863576886449183    0.555206234404576    0.556165989769614
1.9    -0.000907823577554792    0.528384774060776    0.529345006093882
2    -0.000951872549822985    0.504030418609516    0.504990878284216
2.1    -0.000995660124252151    0.48182188516653    0.482782303092466
2.2    -0.00103911424237565    0.461509319933396    0.462469439421894
2.29999999999999    -0.0010820750914721    0.442928580050939    0.443888182380266
2.39999999999999    -0.00112421258794413    0.426006854819906    0.426965777390208
2.49999999999999    -0.00116495166711884    0.410760191461531    0.411718339196991
2.59999999999999    -0.00120341745774853    0.397284266400175    0.398241616135309
2.69999999999999    -0.00123841477630703    0.385740261210244    0.386696858753375
2.79999999999998    -0.00126845771625522    0.376338014961656    0.377293965262188
2.89999999999998    -0.00129186233620983    0.369318654773993    0.370274106806813
2.99999999999998    -0.00130690595654585    0.364938572091303    0.365893701142428
3.09999999999998    -0.00131204011533102    0.363455925746811    0.364410916242119
3.19999999999998    -0.0013061245658037    0.365119950774707    0.366074982439369
3.29999999999997    -0.00128863443174564    0.370162452195925    0.371117691312419
3.39999999999997    -0.00125979025967665    0.378790182831527    0.379745779047917
3.49999999999997    -0.001220575595154    0.391176485552815    0.392132573473726
3.59999999999997    -0.00117263532037539    0.407450658300761    0.408407362232049
3.69999999999997    -0.00111807955829172    0.427683919125194    0.428641358913818
3.79999999999996    -0.00105924002697969    0.451871507458248    0.452829803299063
3.89999999999996    -0.000998430912888065    0.479911257389093    0.480870531627787
3.99999999999996    -0.000937755506292048    0.511579849106835    0.51254022334388
4.09999999999996    -0.000878980231159618    0.546508847875774    0.547470434037874
4.19999999999995    -0.000823477985692724    0.584163547996448    0.585126432554322
4.29999999999995    -0.000772228847843785    0.623828497427194    0.624792718750356
4.39999999999995    -0.000725860002805646    0.664604263247228    0.665569783384448
4.49999999999995    -0.000684706852412553    0.705420282179457    0.706386956269909
4.59999999999995    -0.000648880983263864    0.745068188861349    0.746035737843458
4.69999999999994    -0.000618335473133828    0.782258434580163    0.783226429404219
4.79999999999994    -0.000592922211241923    0.815699984824815    0.816667851972169
4.89999999999994    -0.00057243870166127    0.844198401614075    0.845165458869004
4.99999999999994    -0.00055666311664373    0.866762230108079    0.867727756709928
5.09999999999994    -0.000545376587389374    0.882702606566653    0.883665942618079
5.19999999999993    -0.00053837165779159    0.891708268810748    0.892668926919739
5.29999999999993    -0.000535446461426093    0.89387955306812    0.89483731518572
5.39999999999993    -0.00053638626623881    0.889711381535258    0.890666351700082
5.49999999999993    -0.000540937488935898    0.880025676904404    0.880978269957426
5.59999999999993    -0.000548782801500759    0.865865079615927    0.866815945162812
5.69999999999992    -0.000559527357337776    0.848368358964231    0.849318261072328
5.79999999999992    -0.000572703728519033    0.828650498136292    0.829600184485048
5.89999999999992    -0.000587797089532859    0.807706551631837    0.808656645214571
5.99999999999992    -0.000604285001954367    0.786350103848356    0.787301037631461
6.09999999999991    -0.000621681211549467    0.765187939880862    0.766139937651045
6.19999999999991    -0.000639572240741861    0.744625394725361    0.745578487761646
6.29999999999991    -0.000657638883529262    0.7248932163826    0.725847279742762
6.39999999999991    -0.000675659809580382    0.706086446359491    0.707041239942931
6.49999999999991    -0.000693498972881351    0.688207598566084    0.689162803525212
6.5999999999999    -0.000711081063176456    0.671208955226318    0.672164202439513
6.6999999999999    -0.000728359791457065    0.655031102208194    0.655985994347238
6.7999999999999    -0.000745283109406755    0.639636400045171    0.640590531553499
6.8999999999999    -0.000761758420674544    0.625036841535509    0.625989821630664
6.9999999999999    -0.000777620113610317    0.611315840952048    0.612267323831658
7.09999999999989    -0.000792601680677003    0.598643208853539    0.599592932833288
7.19999999999989    -0.00080631540091553    0.587282195622942    0.588230029233808
7.29999999999989    -0.000818243962748979    0.577587308595799    0.578533297301785
7.39999999999989    -0.000827750106465152    0.569991799653449    0.570936202929056
7.49999999999988    -0.000834111425584948    0.564984308837094    0.565927615394425
7.59999999999988    -0.000836586215168879    0.56307499473565    0.564017905118883
7.69999999999988    -0.000834510731600776    0.564752347687732    0.565695718730676
7.79999999999988    -0.000827417662668847    0.570432594529295    0.571377348243356
7.89999999999988    -0.000815152527962285    0.580404226976273    0.581351234877877
7.99999999999987    -0.000797955716354544    0.594771060093374    0.595721020054002
8.09999999999987    -0.000776480624272474    0.613398766911296    0.614352091664414
8.19999999999987    -0.000751735643272652    0.635872120200967    0.636828854887168
8.29999999999987    -0.000724963112019197    0.661472567002531    0.662432349230621
8.39999999999987    -0.000697488976298089    0.689186870601466    0.690148942125456
8.49999999999986    -0.000670582362045603    0.717755700988415    0.71871897557004
8.59999999999986    -0.000645353592585542    0.745765170536514    0.746728356596159
8.69999999999986    -0.000622700215046469    0.771774844374192    0.772736611990212
8.79999999999986    -0.000603293473739237    0.794465059077104    0.795424228908513
8.89999999999985    -0.00058758874487471    0.812778194795189    0.813733915004309
8.99999999999985    -0.000575843607137602    0.82602653816263    0.826978410494881
9.09999999999985    -0.000568133566340194    0.833945343085053    0.83489346642955
9.19999999999985    -0.000564363760996203    0.836682343596864    0.837627263263664
9.29999999999985    -0.000564281435252091    0.834730134902619    0.835672712218641
9.39999999999984    -0.000567496183755774    0.828820277745847    0.829761516584577
9.49999999999984    -0.000573512590650431    0.819803802810779    0.820744678020108
9.59999999999984    -0.00058177460700144    0.808541084584599    0.809482409567028
9.69999999999984    -0.000591715721171757    0.795816857933039    0.796759210229732
9.79999999999984    -0.000602806219078319    0.782286996109973    0.783230699913212
9.89999999999983    -0.000614589538729327    0.768455764323892    0.769400914951039
9.99999999999983    -0.00062670302876796    0.754677358326594    0.755623868679911
10.0999999999998    -0.000638882497894314    0.741173803761801    0.742121455141924
10.1999999999998    -0.000650953155717338    0.728061888531544    0.729010374319155
10.2999999999998    -0.000662811140461073    0.715383586276927    0.716332543677839
10.3999999999998    -0.000674399935401456    0.703136451567676    0.704085481948735
10.4999999999998    -0.000685685204866082    0.691302143466579    0.692250825267388
10.5999999999998    -0.000696630578234787    0.679872318294678    0.680820218323262
10.6999999999998    -0.000707176101259744    0.668871603022236    0.669818292523364
10.7999999999998    -0.000717220599811985    0.658377314401371    0.659322395777878
10.8999999999998    -0.000726608979706712    0.64853517802428    0.649478326292297
10.9999999999998    -0.000735125330798829    0.639569710233968    0.640510729790891
11.0999999999998    -0.00074249245955898    0.63178736407586    0.632726255903704
11.1999999999998    -0.000748378169977927    0.625570229836262    0.626507257294752
11.2999999999998    -0.000752408525434289    0.621358218979944    0.622293953477175
11.3999999999998    -0.000754188825970299    0.619618371466716    0.620553695381814
11.4999999999998    -0.000753334096171745    0.620801227047211    0.621737273665604
11.5999999999998    -0.000749511479067741    0.625286017994598    0.626224039148596
11.6999999999998    -0.000742495129483494    0.633318674963345    0.63425984584128
11.7999999999998    -0.000732228607590171    0.644949197179758    0.645894389782055
11.8999999999998    -0.000718881839488783    0.659977624839259    0.660927199329047
11.9999999999998    -0.00070288434988894    0.677920087672083    0.67887375683141
12.0999999999998    -0.000684918956477881    0.698007011235136    0.698963823041179
12.1999999999998    -0.000665871123894032    0.719222979862676    0.720181437699937
12.2999999999998    -0.000646743150710803    0.740390908650293    0.741349213925702
12.3999999999998    -0.000628551674014364    0.760292674254316    0.761249041847055
12.4999999999998    -0.000612227926327792    0.77780711377226    0.778760087682196
12.5999999999998    -0.000598534960251503    0.792038775955702    0.792987469576569
12.6999999999998    -0.000588009584873708    0.802410847177585    0.803355052917904
12.7999999999998    -0.000580932329885141    0.808704200201108    0.809644351195637
12.8999999999998    -0.000577326385564164    0.811038647521546    0.811975656503408
12.9999999999998    -0.000576984314134906    0.809806864323542    0.810741895538273
13.0999999999998    -0.000579518077750509    0.805580983106739    0.806515222000671
13.1999999999998    -0.000584424056079092    0.799014106659237    0.79994857891746
13.2999999999998    -0.000591151987125503    0.790754790000145    0.791690255533329
13.3999999999998    -0.000599166712812178    0.781384916483417    0.782321837519015
13.4999999999998    -0.000607994449271093    0.771383648847708    0.772322213443288
13.5999999999998    -0.00061724983222291    0.761114485964269    0.762054661865214
13.6999999999998    -0.000626644454819301    0.750829608380838    0.751771204848255
13.7999999999998    -0.000635980684076888    0.740685226148625    0.741627948695579
13.8999999999997    -0.000645135776341072    0.730762636909072    0.731706127830987
13.9999999999997    -0.000654041055550535    0.721091270635427    0.722035134552769
14.0999999999997    -0.000662659870273772    0.711671518666953    0.712615336409571
14.1999999999997    -0.000670966861072009    0.702496294414404    0.703439630829033
14.2999999999997    -0.000678930150107471    0.693570945405413    0.694513357689675
14.3999999999997    -0.000686497523427882    0.684931348663977    0.685872402043943
14.4999999999997    -0.000693587391976493    0.676659847943518    0.677599144906429
14.5999999999997    -0.00070008502404109    0.66889823396645    0.66983546137774
14.6999999999997    -0.000705843937859268    0.661856356783663    0.66279135133824
14.7999999999997    -0.000710691268946759    0.65581435997418    0.656747186004862
14.8999999999997    -0.000714434610252103    0.651116148014006    0.652047172993345
14.9999999999997    -0.000716867095007558    0.648151770279672    0.649081714279294
15.0999999999997    -0.000717768651215807    0.647327132933754    0.648257062654358
15.1999999999997    -0.000716905335925881    0.64902095695364    0.649952197739464
15.2999999999997    -0.000714034545487691    0.653531182808284    0.654465137366259
15.3999999999997    -0.000708927953334696    0.661015918000504    0.661953808220837
15.4999999999997    -0.000701421076635006    0.671437165730247    0.672379747236141
15.5999999999997    -0.000691486156008028    0.684518285313287    0.685465610210996
15.6999999999997    -0.000679308352110918    0.699727330956318    0.700678638427667
15.7999999999997    -0.000665334714368352    0.716296720522399    0.717250509259059
15.8999999999997    -0.00065026960497877    0.733284040306606    0.734238325495714
15.9999999999997    -0.000635008392485706    0.749669458063465    0.750622155829463
16.0999999999997    -0.000620523313030984    0.764474537269141    0.765423874900461
16.1999999999997    -0.000607730343156556    0.776879247154906    0.77782408754601
16.2999999999997    -0.000597368806341866    0.786312520744136    0.787252519413877
16.3999999999998    -0.000589918274016963    0.792498224899417    0.79343379517941
16.4999999999998    -0.000585565184218977    0.795450644399889    0.796382766624461
16.5999999999998    -0.00058421895819835    0.795426723063613    0.796356673100997
16.6999999999998    -0.000585567112594458    0.79285150972353    0.793780589300506
16.7999999999998    -0.000589152645402804    0.788236031425345    0.789165361628925
16.8999999999998    -0.000594455597828568    0.782103723044795    0.783034128001723
16.9999999999999    -0.000600963762847634    0.77493518713164    0.775867163147497
17.0999999999999    -0.00060822340135365    0.767134380942318    0.768068127033486
17.1999999999999    -0.000615867292042639    0.759014328093991    0.759949808423458
17.2999999999999    -0.000623622558454021    0.75079781149118    0.751734824737946
17.3999999999999    -0.000631303543010752    0.74262790846386    0.743566148037331
17.4999999999999    -0.000638795632539492    0.734583926146763    0.735523024045912
17.6    -0.000646035116783474    0.726699536881127    0.727639090706243
17.7    -0.000652988749627986    0.718981168682337    0.719920755450614
17.8    -0.000659635340518096    0.711425688367954    0.712364870938369
17.9    -0.000665950761937034    0.704037020626357    0.704975353490478
18    -0.000671897252590218    0.696841574225703    0.697778615699721
18.1    -0.000677417645500782    0.689902242152032    0.69083757967118
18.2    -0.000682434841723597    0.683330372095129    0.684263665916001
18.3000000000001    -0.000686856129458081    0.677294555480741    0.678225602810067
18.4000000000001    -0.000690580582444049    0.67202448218465    0.672953297723273
18.5000000000001    -0.000693505923747503    0.667807630563502    0.668734530469517
18.6000000000001    -0.000695529796491166    0.664976434235327    0.665902099911336
18.7000000000001    -0.000696541010914425    0.663884032409539    0.664809521961096
18.8000000000001    -0.000696400797742659    0.66486797102851    0.665794645536212
18.9000000000002    -0.000694922498563779    0.668203355687138    0.669132700600793
19.0000000000002    -0.000691866942932793    0.674049834405396    0.674983185756971
19.1000000000002    -0.000686972932031148    0.682399988912244    0.683338214089947
19.2000000000002    -0.000680031430813168    0.693039454628086    0.693982673270291
19.3000000000002    -0.000670989499300632    0.705530223679714    0.706477666146717
19.4000000000002    -0.000660047382907893    0.719226818921002    0.720176893574382
19.5000000000002    -0.000647705138827916    0.733329523543748    0.734280101839902
19.6000000000003    -0.000634730861349542    0.746970098545419    0.747918950759306
19.7000000000003    -0.000622053175938039    0.759315785474568    0.760261043066844
19.8000000000003    -0.000610609375784971    0.769670599527487    0.770611109980663
19.9000000000003    -0.000601193800305622    0.77755229535709    0.778487777001619
20.0000000000003    -0.000594345860483286    0.782729818893909    0.783660796672171
20.1000000000003    -0.000590299640431701    0.785217169145123    0.786144743517156
20.2000000000004    -0.000588996448447596    0.785230934475837    0.786156476079789
20.3000000000004    -0.000590145454436394    0.783126219667075    0.784051082228084
20.4000000000004    -0.000593309357245539    0.779327418136031    0.780252731632263
20.5000000000004    -0.000597992066503814    0.774267142925335    0.775193708221679
20.6000000000004    -0.000603711335557468    0.768341023242532    0.769269296021942
20.7000000000004    -0.00061004770167016    0.761880483806388    0.762810618108868
20.8000000000005    -0.000616668829682002    0.755141608830495    0.756073528100384
20.9000000000005    -0.000623333529500204    0.748306183636624    0.749239654169292
21.0000000000005    -0.000629881919646629    0.741490655871065    0.742425347732009
21.1000000000005    -0.000636218095861937    0.734759412399373    0.735694942068825
21.2000000000005    -0.000642290300644738    0.728139817386086    0.729075772825627
21.3000000000005    -0.000648071927654758    0.721637485145586    0.722573437702296
21.4000000000005    -0.000653545325690498    0.715251050851345    0.716186560211073
21.5000000000006    -0.000658689508660789    0.70898617739318    0.70992079653067
21.6000000000006    -0.000663472466799849    0.702868698784017    0.703801986053261
21.7000000000006    -0.000667848562645298    0.696956683602896    0.697888228772739
21.8000000000006    -0.000671761129802086    0.691350855334301    0.692280324979218
21.9000000000006    -0.000675149498003826    0.686202299017354    0.687129503294278
22.0000000000006    -0.000677958021683674    0.681715820889686    0.682640797403495
22.1000000000007    -0.000680142520955191    0.678146869384543    0.679069970267347
22.2000000000007    -0.000681667899286924    0.675789788842931    0.676711745722781
22.3000000000007    -0.000682491530310766    0.674955610056969    0.675877542242276
22.4000000000007    -0.000682532392747845    0.675938801654907    0.676862132113143
22.5000000000007    -0.000681636126707106    0.67897450471299    0.67990076318728
22.6000000000007    -0.000679557251013965    0.68419060410514    0.68512112982283
22.7000000000007    -0.000675983440109895    0.691562068986976    0.692497670450959
22.8000000000008    -0.000670615042097758    0.700877444322965    0.701818113063231
22.9000000000008    -0.000663286366274639    0.71172800485524    0.712672790482898
23.0000000000008    -0.000654086801598861    0.723527723767411    0.724474843135103
23.1000000000008    -0.000643428661371467    0.735566364982828    0.736513543387703
23.2000000000008    -0.000632025187618627    0.747089600831928    0.748034556958269
23.3000000000008    -0.000620778653044642    0.757391673101375    0.758332602375493
23.4000000000009    -0.000610614524523059    0.765901196718836    0.766837108990595
23.5000000000009    -0.000602315028060583    0.772241787764452    0.773172614083266
23.6000000000009    -0.000596399109228078    0.77625627146145    0.777182741104785
23.7000000000009    -0.000593073366371332    0.777993497552516    0.778916859619182
23.8000000000009    -0.000592252733378972    0.7776661683912    0.778587864095772
23.9000000000009    -0.000593630754201596    0.775593364099003    0.776514743205344
24.000000000001    -0.000596771643611321    0.772141705618112    0.773063840471569
24.100000000001    -0.000601198939135063    0.767675579644598    0.768599186404166
24.200000000001    -0.000606464243074335    0.762521811354202    0.763447257030215
24.300000000001    -0.000612189599018701    0.75694960758604    0.757876968660335
24.400000000001    -0.000618085016032666    0.751163576706814    0.752092716897148
24.500000000001    -0.000623947119068976    0.745306310584838    0.746236954708184
24.600000000001    -0.000629646123260598    0.739466980129208    0.740398771862896
24.7000000000011    -0.000635107433926768    0.733693077535217    0.734625617653905
24.8000000000011    -0.00064029240499568    0.728003352175275    0.728936219517568
24.9000000000011    -0.000645181047606533    0.722400824480511    0.72333358492133
25.0000000000011    -0.000649758221302671    0.716885373629252    0.717817583670885
25.1000000000011    -0.000654004143833626    0.71146573523319    0.712396947327835
25.2000000000011    -0.000657889758767632    0.706170822047916    0.707100598842078
25.3000000000012    -0.000661377294527693    0.70106012272551    0.701988066941283
25.4000000000012    -0.000664425849325085    0.696232581372042    0.697158386349212
25.5000000000012    -0.000667000676015653    0.691832875251211    0.692756397231961
25.6000000000012    -0.000669082869533122    0.688053489458532    0.688974835521638
25.7000000000012    -0.000670673789471309    0.68513059226208    0.686050207284963
25.8000000000012    -0.000671787120471484    0.683331657923083    0.68425038192364
25.9000000000012    -0.000672423231982129    0.682933309689139    0.683852368132046
26.0000000000013    -0.000672527564978967    0.684189169161577    0.685110060638322
26.1000000000013    -0.000671946827865757    0.687289657599287    0.688213922866899
26.2000000000013    -0.000670408656346002    0.692318487317902    0.693247382671081
26.3000000000013    -0.000667552514573768    0.699213422487619    0.700147569436575
26.4000000000013    -0.000663023876020679    0.707740809192475    0.708679929961024
26.5000000000013    -0.000656612398961856    0.717493194086235    0.718436043027355
26.6000000000014    -0.00064838410241757    0.727916124879835    0.728860675798165
26.7000000000014    -0.00063874863748234    0.738363918430462    0.739307779213979
26.8000000000014    -0.000628425189968203    0.748176224241594    0.749117161121729
26.9000000000014    -0.000618313153912361    0.756760381571198    0.757696790361641
27.0000000000014    -0.000609312406951032    0.763661873933253    0.764593058624644
27.1000000000014    -0.000602153264953515    0.768608183835085    0.769534381402706
27.2000000000015    -0.000597284496753068    0.771519052939702    0.772441236484178
27.3000000000015    -0.000594839968401876    0.772485421557894    0.773404978954887
27.4000000000015    -0.000594675954959924    0.771726586633667    0.772644987274193
27.5000000000015    -0.000596452967230108    0.769538197371467    0.77045673191656
27.6000000000015    -0.000599731392351135    0.766242564997342    0.767162195969675
27.7000000000015    -0.000604056328721733    0.762148967517513    0.763070285860204
27.8000000000015    -0.000609017945531462    0.757527193241408    0.758450450831673
27.9000000000016    -0.00061428426700071    0.752593982567028    0.753519164177396
28.0000000000016    -0.000619610468357093    0.747509920968273    0.748436825232324
28.1000000000016    -0.000624831948308698    0.742383620520656    0.743311930566436
28.2000000000016    -0.000629848533274448    0.737280262033485    0.738209597157157
28.3000000000016    -0.000634605606816811    0.732232268336469    0.733162215892359
28.4000000000016    -0.000639075980482692    0.727250671841562    0.72818080313846
28.5000000000017    -0.00064324467253039    0.722336410047236    0.723266286280245
28.6000000000017    -0.000647097712782755    0.717491237236409    0.718420412380635
28.7000000000017    -0.000650615589313097    0.712728158269531    0.713656186160369
28.8000000000017    -0.000653771746963845    0.708081283570193    0.709007736334339
28.9000000000017    -0.000656536281317331    0.703614798661256    0.704539302918629
29.0000000000017    -0.000658884244296685    0.699430373829869    0.700352668822106
29.1000000000017    -0.00066080646343025    0.695671870407244    0.696591887297134
29.2000000000018    -0.000662318473216042    0.692525733559581    0.693443686709939
29.3000000000018    -0.000663460773831285    0.690215159545931    0.691131628955159
29.4000000000018    -0.000664282904949008    0.68898620521225    0.689902177192514
29.5000000000018    -0.000664807251827236    0.689084703635635    0.690001530164761
29.6000000000018    -0.000664977872733558    0.690724333370306    0.691643577442973
29.7000000000018    -0.000664613358505928    0.694048448761961    0.694971610048279
29.8000000000019    -0.000663393762932476    0.699090995641937    0.700019156590583
29.9000000000019    -0.000660909350378397    0.705744303843421    0.706677786809815
30.0000000000019    -0.000656776675955856    0.713742727270167    0.714680882580502
30.1000000000019    -0.000650791754272839    0.722669906432384    0.723611134207994
30.2000000000019    -0.0006430610111408    0.731993258808467    0.732935297246973
30.3000000000019    -0.000634049691266368    0.741122673582954    0.742063087056578
30.400000000002    -0.000624519344365108    0.749483211869511    0.75041993039653
30.500000000002    -0.000615373705347499    0.756586684273417    0.757518424744639
30.600000000002    -0.000607468773033157    0.76208663461064    0.763013085066105
30.700000000002    -0.000601450608732054    0.765805971238136    0.76672771455636
30.800000000002    -0.000597664546284568    0.767734403570092    0.768652647639971
30.900000000002    -0.000596147064927488    0.768000751112483    0.768916980106985
31.000000000002    -0.000596683307827465    0.766830263901006    0.767745919894466
31.1000000000021    -0.000598898872318969    0.76449818108409    0.765414444030017
31.2000000000021    -0.000602354746823607    0.761288543728355    0.762206228035889
31.3000000000021    -0.000606623863475205    0.757463464584476    0.758383013231284
31.4000000000021    -0.000611339964713159    0.753244312466348    0.754165852543433
31.5000000000021    -0.00061621943169217    0.748803601875787    0.749727025567403
31.6000000000021    -0.000621062360489415    0.74426504709187    0.745190091616159
31.7000000000022    -0.000625740800223276    0.739708998759406    0.740635310592146
31.8000000000022    -0.000630181117709306    0.735180898588513    0.736108077119698
31.9000000000022    -0.000634345453621726    0.73070106745689    0.731628689690032
32.0000000000022    -0.000638215262285812    0.726274813941585    0.727202445311825
32.1000000000022    -0.000641778502170387    0.721902371795284    0.722829569696733
32.2000000000022    -0.000645021257066387    0.717588493380806    0.718514810539178
32.3000000000021    -0.000647924244244654    0.713351636806728    0.71427663177371
32.4000000000021    -0.000650464489747265    0.709232602394419    0.710155864189088
32.5000000000021    -0.000652622030923595    0.705302222948348    0.706223415677328
32.6000000000021    -0.000654390449654553    0.701667329420648    0.702586259558169
32.7000000000021    -0.000655788113466769    0.698473765268583    0.699390468017012
32.800000000002    -0.000656864445565087    0.695904823235038    0.696819654426882
32.900000000002    -0.000657693476871649    0.694173300215938    0.695087007658104
33.000000000002    -0.000658347530392188    0.693505628308312    0.694419365300224
33.100000000002    -0.000658849714928194    0.694117457493281    0.695032698677666
33.200000000002    -0.000659115876506114    0.696181752116938    0.697100086297084
33.3000000000019    -0.000658911191569872    0.699792807096564    0.700715617771598
33.4000000000019    -0.00065785449628109    0.704932136069502    0.705860232172269
33.5000000000019    -0.000655493967984342    0.711444105434522    0.712377411850589
33.6000000000019    -0.000651447849278149    0.719029434255856    0.719966865300322
33.7000000000019    -0.000645565831124769    0.727262368469171    0.728201966512256
33.8000000000018    -0.000638044223040663    0.735632334640087    0.736571665897768
33.9000000000018    -0.000629439559225287    0.743604276607766    0.744540974098434
34.0000000000018    -0.000620567766869119    0.750685931643956    0.751618213172263
34.1000000000018    -0.000612325415082487    0.756487547901111    0.757414548630764
34.2000000000018    -0.000605498463403806    0.760761434005169    0.761683271935234
34.3000000000017    -0.000600620210692032    0.763414664932511    0.764332260612816
34.4000000000017    -0.000597911713090584    0.764495810781544    0.765410559720399
34.5000000000017    -0.000597303306915285    0.764162765598484    0.765076185080789
34.6000000000017    -0.000598511169686688    0.762641698048182    0.763555143905231
34.7000000000017    -0.000601134596028431    0.760186611586486    0.761101110266605
34.8000000000016    -0.000604745208366761    0.75704614969649    0.757962343823581
34.9000000000016    -0.000608951581745728    0.75344072811605    0.754358905087645
35.0000000000016    -0.000613434994341118    0.749550086259159    0.750470251226396
35.1000000000016    -0.000617960369053661    0.745509505116426    0.74643146550924
35.2000000000016    -0.000622370152491622    0.741412227429768    0.742335667833602
35.3000000000015    -0.000626569003974225    0.737315711344521    0.738240248972885
35.4000000000015    -0.000630505438406865    0.733249862971831    0.73417508238033
35.5000000000015    -0.000634154398368025    0.729226019248174    0.730151489914489
35.6000000000015    -0.000637502944207018    0.72524600314949    0.726171285944561
35.7000000000015    -0.000640540129283384    0.721310961872125    0.722235611380783
35.8000000000014    -0.000643251599371703    0.717429900222006    0.718353470171363
35.9000000000014    -0.00064561925500475    0.713627840696831    0.71454989974563
36.0000000000014    -0.000647626077425255    0.709953394298142    0.710873558884532
36.1000000000014    -0.000649265536557597    0.706485235921883    0.707403224972077
36.2000000000014    -0.000650553523899923    0.703336587115409    0.704252299025491
36.3000000000013    -0.000651538419789124    0.700656394110903    0.701569998478917
36.4000000000013    -0.000652302304612518    0.698625579337264    0.699537604404243
36.5000000000013    -0.000652945079673928    0.697446724689054    0.698358108587127
36.6000000000013    -0.000653545924003858    0.697326029774487    0.698238095019932
36.7000000000013    -0.000654105318989028    0.698447556402009    0.699361870983395
36.8000000000012    -0.00065448516181678    0.700941653339522    0.70185976605349
36.9000000000012    -0.00065437810441734    0.704851811030168    0.705774894259616
37.0000000000012    -0.000653339213845248    0.710106423749774    0.711034911112256
37.1000000000012    -0.000650894202215407    0.716503120811484    0.717436463773417
37.2000000000012    -0.000646701577731045    0.723712495902365    0.724649153666266
37.3000000000011    -0.000640709942494075    0.731304665838883    0.732242374979243
37.4000000000011    -0.000633241196756518    0.738796541536301    0.739732807230554
37.5000000000011    -0.000624957182104206    0.745711603103618    0.746644261619532
37.6000000000011    -0.000616718125026054    0.751639691629754    0.752567363384373
37.7000000000011    -0.000609386834102524    0.756283846115065    0.757206146990409
37.800000000001    -0.000603648889975941    0.759484961339628    0.760402439682143
37.900000000001    -0.00059990228833298    0.76122152828597    0.762135393589351
38.000000000001    -0.000598234947423121    0.76158830227731    0.762500065201697
38.100000000001    -0.000598475297381313    0.760762061858078    0.761673201755212
38.200000000001    -0.000600282975635905    0.75896367753    0.759875410777441
38.3000000000009    -0.000603245530521255    0.756424017381104    0.757337187061961
38.4000000000009    -0.000606957184865209    0.753358144415987    0.754273212099953
38.5000000000009    -0.00061106919463889    0.749949183221631    0.750866285321295
38.6000000000009    -0.000615312316238336    0.746341001867861    0.747260032980149
38.7000000000009    -0.000619498025833393    0.742637705622184    0.743558401176347
38.8000000000008    -0.00062350682053267    0.738907690299544    0.739829693143897
38.9000000000008    -0.000627270836197292    0.735190310593299    0.736113216386968
39.0000000000008    -0.000630755846427845    0.731503758567534    0.732427141541544
39.1000000000008    -0.000633945617793685    0.727853294798083    0.728776719012085
39.2000000000008    -0.000636830118918949    0.724239407869929    0.725162430615093
39.3000000000008    -0.000639398283163852    0.720665749311152    0.721587923833648
39.4000000000007    -0.000641635708857104    0.717146792985797    0.718067677840147
39.5000000000007    -0.000643527516234405    0.713715109527625    0.714634291670093
39.6000000000007    -0.000645066168279496    0.710427943720102    0.711345081397578
39.7000000000007    -0.000646263008091946    0.707372462571084    0.708287351140728
39.8000000000007    -0.000647160319975351    0.704668654881998    0.705581312702265
39.9000000000006    -0.000647838087534686    0.702468501557599    0.703379263284939
40.0000000000006    -0.000648407364165218    0.700949845841156    0.70185943771113
40.1000000000006    -0.000648982439457636    0.700303567467284    0.701213127190724
40.2000000000006    -0.000649629466720971    0.700713403758579    0.701624403720614
40.3000000000006    -0.000650301206800739    0.702329184013981    0.703243229450703
40.4000000000005    -0.00065078302985265    0.705236272245605    0.706154781591929
40.5000000000005    -0.000650685372616752    0.70942625632386    0.710350084020909
40.6000000000005    -0.000649510919028865    0.714775643950859    0.715704756590468
40.7000000000005    -0.000646795768399608    0.721039589605721    0.721972923993264
40.8000000000005    -0.00064228313941334    0.727865706272102    0.728801298929282
40.9000000000004    -0.0006360599260459    0.734828714250624    0.735764099406923
41.0000000000004    -0.000628592656861742    0.741481025634654    0.742413791019958
41.1000000000004    -0.0006206410907921    0.747409313472962    0.748337635490916
41.2000000000004    -0.000613081568868447    0.752284818083689    0.753207807864726
41.3000000000004    -0.000606707629320635    0.755896783158454    0.756814556669287
41.4000000000003    -0.000602075720767349    0.758163432667044    0.759076926249717
41.5000000000003    -0.000599435145842207    0.759121222790841    0.760031856538506
41.6000000000003    -0.000598743643796635    0.758898276097147    0.759807591582216
41.7000000000003    -0.000599742141046406    0.757680341175952    0.758589712224182
41.8000000000003    -0.000602052386304317    0.755677168115761    0.75658763074664
41.9000000000002    -0.000605266859259362    0.753094823580125    0.754007022381014
42.0000000000002    -0.00060901353004344    0.750116527380917    0.751030746381226
42.1000000000002    -0.000612991142558159    0.746892117132775    0.747808355283143
42.2000000000002    -0.00061697946552434    0.743534715644164    0.744452773369843
42.3000000000002    -0.000620832654098758    0.740122578048408    0.741042133467416
42.4000000000001    -0.000624463819996689    0.736704165004333    0.73762483012056
42.5000000000001    -0.000627826996128656    0.733304906370538    0.734226262055736
42.6000000000001    -0.000630900400667717    0.729934633889847    0.730856247442171
42.7000000000001    -0.000633673080470557    0.726595116714535    0.727516548132547
42.8000000000001    -0.000636135900871986    0.723287457027035    0.724208261019643
42.9    -0.000638277343399137    0.720019272376291    0.7209390033965
43    -0.00064008438790683    0.716811608532023    0.717729836114547
43.1    -0.000641548514034947    0.713705402588    0.714621743746287
43.2    -0.000642676150287702    0.710767068405493    0.711681242009614
43.3    -0.000643501381125251    0.708092438225142    0.70900434196038
43.3999999999999    -0.000644096329432777    0.70580792915263    0.706717731746045
43.4999999999999    -0.000644571957229579    0.704067521742756    0.704975751523226
43.5999999999999    -0.000645060696141851    0.703044102533548    0.703951700225544
43.6999999999999    -0.000645674917354717    0.702914127113256    0.703822421618098
43.7999999999999    -0.000646444133059995    0.703835570691039    0.704746140073899
43.8999999999998    -0.000647248528604719    0.705920784617935    0.706835188843036
43.9999999999998    -0.000647780966931178    0.709207955243216    0.710127373654969
44.0999999999998    -0.000647572829676232    0.713636821578753    0.714561684126432
44.1999999999998    -0.00064610102401206    0.719035323450787    0.719965063074074
44.2999999999998    -0.000642955780659636    0.725123062135271    0.726056106170306
44.3999999999997    -0.000638009907388752    0.731534412750233    0.732468461088188
44.4999999999997    -0.000631516254821268    0.737859262426449    0.738791791569747
44.5999999999997    -0.000624085377208867    0.743694124506589    0.744622961436577
44.6999999999997    -0.000616547933636961    0.748692842318882    0.749616621923009
44.7999999999997    -0.000609755902898806    0.752605883309373    0.753524255051772
44.8999999999996    -0.000604396283682602    0.755300591986463    0.756214145876759
44.9999999999996    -0.000600874743371888    0.756760349047243    0.757670332194188
45.0999999999996    -0.000599289799561411    0.757066109183422    0.757974057301122
45.1999999999996    -0.000599482601674284    0.756367313614357    0.75727471567608
45.2999999999996    -0.000601127903071739    0.754849936426418    0.755758005010618
45.3999999999995    -0.000603830754266865    0.752707919154932    0.753617484759749
45.4999999999995    -0.000607204401311028    0.750121643307273    0.75103315110549
45.5999999999995    -0.000610919127694185    0.747244524885316    0.748158094949377
45.6999999999995    -0.000614723098713781    0.744196975568287    0.745112488496981
45.7999999999995    -0.000618442337436155    0.741066040666338    0.741983221118329
45.8999999999994    -0.000621968405217134    0.737908833269205    0.738827316497201
45.9999999999994    -0.000625241031722998    0.734758148845162    0.735677525563311
46.0999999999994    -0.000628230633582991    0.731629097228386    0.732548938723591
46.1999999999994    -0.000630923535279789    0.728526044878345    0.72944591370079
46.2999999999994    -0.00063331125251161    0.725449519921209    0.726368972909323
46.3999999999993    -0.000635384443034507    0.722402956417974    0.723321547276536
46.4999999999993    -0.000637131845353318    0.719399235658465    0.720316524417467
46.5999999999993    -0.000638544362231234    0.716466927435118    0.71738250390579
46.6999999999993    -0.000639624002339751    0.713655955366627    0.714569482637527
46.7999999999993    -0.000640396275739119    0.711042128936451    0.711953409979967
46.8999999999992    -0.000640922615667682    0.708729644004753    0.70963870835913
46.9999999999992    -0.000641306702862913    0.706850333774625    0.707757531280407
47.0999999999992    -0.00064168630559262    0.705558283578717    0.706464359171756
47.1999999999992    -0.000642202620910565    0.705018579512335    0.7059246909786
47.2999999999992    -0.000642944838590809    0.705389623554885    0.706297260350599
47.3999999999991    -0.000643880052485955    0.70679972432317    0.707710499240159
47.4999999999991    -0.000644794628978217    0.709320485926393    0.710235808200378
47.5999999999991    -0.000645283615953597    0.712941501120419    0.713862194168171
47.6999999999991    -0.000644817933577102    0.717552331502457    0.718478309813143
47.7999999999991    -0.000642889479995585    0.72293788360691    0.723868019901872
47.899999999999    -0.000639192067597722    0.728791406971811    0.729723678244753
47.999999999999    -0.000633766141567008    0.734745440299408    0.735677344474186
48.099999999999    -0.00062704081485752    0.740416074135505    0.741345198931593
48.199999999999    -0.000619749460052782    0.745451649730625    0.746376209240714
48.299999999999    -0.000612751196003886    0.749575300351723    0.750494469897533
48.3999999999989    -0.000606828061424051    0.752612453184166    0.75352642051713
48.4999999999989    -0.00060252834073639    0.754498910850557    0.755408672961697
48.5999999999989    -0.000600096323867206    0.755270555283578    0.756177569747125
48.6999999999989    -0.000599489260317354    0.755039988172571    0.755945807929827
48.7999999999989    -0.00060045352854931    0.753967291477502    0.754873280122738
48.8999999999988    -0.000602622499458785    0.752231536366051    0.753138706344324
48.9999999999988    -0.000605605143300931    0.750007574324669    0.750916541689031
49.0999999999988    -0.000609048447105389    0.747450144878961    0.748361166435279
49.1999999999988    -0.00061267014197671    0.74468527979932    0.74559833207139
49.2999999999988    -0.000616266876385378    0.741807740878276    0.74272260775913
49.3999999999987    -0.000619706324770746    0.738882766265202    0.73979911477921
49.4999999999987    -0.000622911353085874    0.735950484928942    0.736867920234552
49.5999999999987    -0.000625842262180482    0.733031722931026    0.73394982197967
49.6999999999987    -0.000628480794014149    0.730134360598025    0.731052688594905
49.7999999999987    -0.000630817792348383    0.727259780332733    0.728177896314816
49.8999999999986    -0.000632845358614492    0.724409211893514    0.725326670517915
49.9999999999986    -0.000634553890157272    0.721589917738788    0.722506274595395
50.0999999999986    -0.000635934221550925    0.718821166758326    0.719735994486819
50.1999999999986    -0.000636984822105747    0.716139828787099    0.717052750707392
50.2999999999986    -0.000637723227115839    0.713605199109342    0.714515945134161
50.3999999999985    -0.000638199264417899    0.711302360276152    0.712210845356876
50.4999999999985    -0.000638505157986938    0.709343065053227    0.710249482216899
50.5999999999985    -0.000638774904799464    0.707862879327683    0.708767787446988
50.6999999999985    -0.000639164136881279    0.707013305150616    0.707917678291395
50.7999999999985    -0.000639804646982905    0.706947987822819    0.707853184187228
50.8999999999984    -0.00064073719885974    0.70780304445573    0.708710657477253
50.9999999999984    -0.000641841481940351    0.709673057293089    0.710584637596715
51.0999999999984    -0.00064279673702878    0.712586139568831    0.713502824901906
51.1999999999984    -0.000643109307797794    0.716483188006703    0.717405335062233
51.2999999999984    -0.000642224332436444    0.721207224265327    0.722134173230812
51.3999999999983    -0.000639699736938096    0.7265078442132    0.72743793294437
51.4999999999983    -0.000635380656824246    0.732062908358136    0.732993777037187
51.5999999999983    -0.000629498928287769    0.737515214281823    0.738444329232662
51.6999999999983    -0.000622649292167782    0.7425173845127    0.743442616455492
51.7999999999983    -0.000615648216769111    0.74677538337938    0.747695451684
51.8999999999982    -0.000609331865502802    0.750081260150229    0.750995914305204
51.9999999999982    -0.000604369194578775    0.752328946095662    0.753238864900978
52.0999999999982    -0.000601148102733378    0.753511874722296    0.754418364124433
52.1999999999982    -0.000599753680171139    0.753705857577302    0.754610475849137
52.2999999999982    -0.00060002148932954    0.753043444407111    0.75394767146086
52.3999999999981    -0.000601629957647946    0.751686410123723    0.752591428736207
52.4999999999981    -0.000604196050078949    0.749801563519308    0.750708165570729
52.5999999999981    -0.000607350391514321    0.747542792700349    0.748451385350091
52.6999999999981    -0.000610782735850967    0.745040098567242    0.745950770049104
52.7999999999981    -0.000614259848725219    0.742394861775477    0.743307469064469
52.899999999998    -0.000617623482419675    0.739679855202914    0.740594107162485
52.999999999998    -0.000620777118829604    0.736942396674659    0.737857918965451
53.099999999998    -0.000623668550794098    0.734209286464287    0.735125664463763
53.199999999998    -0.000626272968318365    0.731492567554804    0.732409369766417
53.299999999998    -0.000628579115232858    0.728795533018987    0.729712320595172
53.3999999999979    -0.000630579704433554    0.726118704316348    0.727035033570882
53.4999999999979    -0.000632266599729017    0.723465685916567    0.724381111087838
53.5999999999979    -0.000633631028225439    0.72084886031425    0.721762943915094
53.6999999999979    -0.000634668914909032    0.718294828305083    0.719207166136075
53.7999999999979    -0.000635390924207329    0.715849332300127    0.716759599013022
53.8999999999978    -0.000635835568981944    0.713581144370233    0.7144891622662
53.9999999999978    -0.000636081609649914    0.711584095009495    0.712489922302687
54.0999999999978    -0.000636253217386927    0.709976137896897    0.710880162289334
54.1999999999978    -0.000636509222730435    0.708894210441438    0.709797220621518
54.2999999999978    -0.000637008518908545    0.708483819413388    0.709387015213757
54.3999999999977    -0.000637850100474137    0.70888291810087    0.709787817372032
54.4999999999977    -0.000638999374831936    0.710200834999191    0.711109051127868
54.5999999999977    -0.000640228604306643    0.712494672778088    0.713407576184819
54.6999999999977    -0.000641109053776735    0.715747356900872    0.716665689873908
54.7999999999977    -0.000641084178739268    0.719852736832452    0.720776301316241
54.8999999999976    -0.000639622004927721    0.724613070184989    0.725540620396012
54.9999999999976    -0.000636401175209135    0.729752309168461    0.730681731108008
55.0999999999976    -0.000631455716972528    0.734944959442386    0.735873716303816
55.1999999999976    -0.000625212411536879    0.739855878763815    0.740781591687327
55.2999999999976    -0.000618399806039949    0.744182851670727    0.745103826263499
55.3999999999975    -0.000611864395712599    0.747692652715794    0.748608185924233
55.4999999999975    -0.000606366705208145    0.750243202989458    0.75115360002211
55.5999999999975    -0.000602428549087237    0.751788590400545    0.752694934227413
55.6999999999975    -0.000600269434263664    0.752368433763066    0.753272223828803
55.7999999999975    -0.000599829615999156    0.75208656381078    0.752989352919962
55.8999999999974    -0.000600849683345644    0.75108533015528    0.75198845156107
55.9999999999974    -0.000602968480254014    0.749521137512957    0.750425558092469
56.0999999999974    -0.000605809054928616    0.747544896116934    0.74845118408846
56.1999999999974    -0.000609037134568799    0.745288914006241    0.74619728448682
56.2999999999974    -0.000612390033039451    0.74286005065366    0.743770448354065
56.3999999999973    -0.000615681990553432    0.74033795940524    0.741250146519476
56.4999999999973    -0.000618794697025755    0.737776912165545    0.738690542396759
56.5999999999973    -0.00062166098204404    0.735209811403383    0.736124482525462
56.6999999999973    -0.000624247384509471    0.732653324405531    0.733568609612952
56.7999999999973    -0.000626538977208713    0.730113450882442    0.731028913524994
56.8999999999972    -0.000628528109455786    0.727591155960257    0.728506354175486
56.9999999999972    -0.000630207775152871    0.725087920137677    0.726002408545262
57.0999999999972    -0.000631569925849413    0.722611162645396    0.723524498437634
57.1999999999972    -0.000632608896145895    0.720179486241214    0.721091246928772
57.2999999999972    -0.000633329793841734    0.717827576765256    0.718737396163401
57.3999999999971    -0.000633760827751575    0.715610382455792    0.716518009330817
57.4999999999971    -0.000633966799465071    0.713605922723472    0.714511301629456
57.5999999999971    -0.000634058410091118    0.711915787765584    0.712819152936887
57.6999999999971    -0.000634189385722749    0.710662183370769    0.711564144211817
57.7999999999971    -0.000634532533392271    0.709980387263216    0.710881970654787
57.899999999997    -0.000635229484271718    0.710005875483638    0.71090848217825
57.999999999997    -0.000636319328487033    0.710856277692735    0.711761516892479
58.099999999997    -0.000637667202805988    0.712609729810299    0.713519125408247
58.199999999997    -0.000638927769964247    0.715282882323882    0.716197494889043
58.299999999997    -0.00063957951942979    0.718813289221031    0.719733354191902
58.399999999997    -0.000639045343299602    0.723051446448408    0.723976162703663
58.4999999999969    -0.000636873749452875    0.72776671589085    0.728694297677493
58.5999999999969    -0.000632913833617587    0.732668545010409    0.733596564481957
58.6999999999969    -0.000627408011577203    0.737440361384896    0.738366294304215
58.7999999999969    -0.000620958670866979    0.741779644815512    0.742701446220729
58.8999999999969    -0.000614378644533194    0.74543552976554    0.746352052198078
58.9999999999968    -0.000608485366711715    0.748235882144958    0.749147017727895
59.0999999999968    -0.000603917387799371    0.75009898051688    0.751005523627837
59.1999999999968    -0.000601029125530912    0.75102937843331    0.75193270241847
59.2999999999968    -0.000599877948431195    0.751101454091124    0.752003133387338
59.3999999999968    -0.000600283332506805    0.750436302950909    0.751337792909844
59.4999999999967    -0.000601921134974612    0.749177712126404    0.75008014711866
59.5999999999967    -0.000604417436192145    0.747471523540858    0.748375639648168
59.6999999999967    -0.000607419549151961    0.74545066202738    0.746356815052529
59.7999999999967    -0.000610636921917267    0.743226268262328    0.7441345056671
59.8999999999967    -0.000613855310066385    0.740884151901862    0.741794301943876
59.9999999999966    -0.00061693241776488    0.738485222899122    0.739396976337468
60.0999999999966    -0.000619783634090369    0.736068511786805    0.736981484066432
60.1999999999966    -0.000622364618489805    0.733655634269607    0.734569405586394
60.2999999999966    -0.000624655039052967    0.73125590462258    0.732170041013803
60.3999999999966    -0.000626645737694948    0.728871633408558    0.729785694806041
60.4999999999965    -0.000628330328672531    0.726503394749998    0.727416936989904
60.5999999999965    -0.000629701647402164    0.724155193382252    0.725067771470673
60.6999999999965    -0.000630753262401844    0.721839498687155    0.722750678654347
60.7999999999965    -0.000631486066258536    0.719582046328812    0.720491432665185
60.8999999999965    -0.000631919363412175    0.717426146751433    0.718333431029838
60.9999999999964    -0.000632104514339169    0.715436001512395    0.716341034240221
61.0999999999964    -0.000632136938299018    0.713698251236615    0.714601132035731
61.1999999999964    -0.000632159498341522    0.712320734462868    0.713221904782557
61.2999999999964    -0.000632348289039195    0.711427338569304    0.712327647598819
61.3999999999964    -0.000632873121158851    0.711148021237019    0.712048724203329
61.4999999999963    -0.000633832587910927    0.711603720511772    0.712506367894577
61.5999999999963    -0.000635178037952391    0.712887019992193    0.713793215945241
61.6999999999963    -0.000636656395901049    0.715040974047889    0.715952024893154
61.7999999999963    -0.000637808929817597    0.718040052172216    0.718956581457263
61.8999999999963    -0.00063805399243974    0.7217781343431    0.722699789249239
61.9999999999962    -0.000636849725994047    0.726068206232586    0.726993588238247
62.0999999999962    -0.000633883991254199    0.730656411105214    0.731583301450379
62.1999999999962    -0.000629211615231508    0.735249628035234    0.736175465795215
62.2999999999962    -0.000623279502279537    0.739551832542427    0.740474302495234
62.3999999999962    -0.000616825066347962    0.743301637958134    0.744219178084184
62.4999999999961    -0.00061068461122702    0.746302831792606    0.74721490008806
62.5999999999961    -0.000605589411604938    0.748441802759704    0.749348848919162
62.6999999999961    -0.000602022411832317    0.749689681492092    0.750592885221334
62.7999999999961    -0.000600166344169567    0.750091123149858    0.750992022733817
62.8999999999961    -0.000599935125241079    0.749744458820981    0.750644594915845
62.999999999996    -0.000601057518226207    0.748778806034982    0.749679465644924
63.099999999996    -0.000603174886926436    0.747332886551376    0.748234975527476
63.199999999996    -0.000605923497995955    0.745538516106454    0.746442542488422
63.299999999996    -0.000608987891892987    0.74350985053698    0.744415979351417
63.399999999996    -0.000612125186185018    0.741338054192725    0.742246193476551
63.4999999999959    -0.000615167250671275    0.739090279264164    0.740000167267651
63.5999999999959    -0.000618009597709034    0.736811622698608    0.737722899185285
63.6999999999959    -0.00062059466750391    0.734528865580317    0.735441121115451
63.7999999999959    -0.000622894820709837    0.732255104124189    0.733167908528919
63.8999999999959    -0.000624898063640618    0.729994710175147    0.730907625215701
63.9999999999958    -0.000626597930852901    0.727748330980013    0.728660913999392
64.0999999999959    -0.000627988105062256    0.725517817397762    0.726429623119582
64.1999999999959    -0.000629062034091911    0.723311047178594    0.72422163503208
64.299999999996    -0.000629817652021583    0.721146587239933    0.722055541415995
64.399999999996    -0.00063026692431712    0.719058022194316    0.719964990802739
64.4999999999961    -0.000630448930771616    0.717097577830872    0.71800233503649
64.5999999999961    -0.000630443335810743    0.715338414106116    0.716240943771975
64.6999999999962    -0.000630378467448864    0.713874705148746    0.714775295346579
64.7999999999962    -0.000630425574736469    0.712818454019348    0.713717778943896
64.8999999999963    -0.000630770106072359    0.712292037631369    0.713191189837964
64.9999999999963    -0.000631555591732683    0.712415893555352    0.713316322708847
65.0999999999964    -0.000632808520584174    0.713291657552586    0.714194983261914
65.1999999999965    -0.000634368793607382    0.714982405398178    0.715890106267209
65.2999999999965    -0.00063585953019586    0.717493177168653    0.718406207476782
65.3999999999966    -0.000636729442986563    0.720756186192052    0.7216746243586
65.4999999999966    -0.000636385614447743    0.724625434909649    0.725548304615933
65.5999999999967    -0.000634385618781889    0.728884276569323    0.72980965101919
65.6999999999967    -0.000630606592204517    0.733266610862385    0.734191999936141
65.7999999999968    -0.000625321171986785    0.737488665850167    0.738411577520087
65.8999999999968    -0.00061915332774437    0.741285083208747    0.742203590157533
65.9999999999969    -0.000612919227023121    0.744441485699287    0.745354610370912
66.0999999999969    -0.000607413821259001    0.746816613797151    0.747724418676715
66.199999999997    -0.000603234722653759    0.748350313654062    0.749253720408194
66.299999999997    -0.000600692740182676    0.74905772136187    0.749958169324824
66.3999999999971    -0.00059980987877972    0.749013237064428    0.749912307413561
66.4999999999971    -0.000600384013236854    0.748329443439671    0.749228553319821
66.5999999999972    -0.000602085313970104    0.747135944021153    0.748036165189967
66.6999999999972    -0.000604548044421362    0.745561686264192    0.746463687285999
66.7999999999973    -0.000607436361051257    0.743722500420751    0.74462657776878
66.8999999999973    -0.000610479658487848    0.741714018929685    0.742620174761332
66.9999999999974    -0.000613482639957687    0.73960915804101    0.740517189860392
67.0999999999974    -0.000616318629815959    0.737458938454538    0.738368518410598
67.1999999999975    -0.000618914426867899    0.73529543459927    0.736206168170384
67.2999999999975    -0.00062123301477416    0.733135882659963    0.734047345319907
67.3999999999976    -0.000623258043720894    0.730987290141078    0.731899045817013
67.4999999999976    -0.000624982067863571    0.728851175070125    0.729762782637628
67.5999999999977    -0.00062639937242003    0.726728271080166    0.727639286005192
67.6999999999977    -0.000627503724906211    0.724623148113639    0.725533126577704
67.7999999999978    -0.000628291207668886    0.722548715644045    0.723457228464965
67.8999999999978    -0.000628768035458032    0.720530500351675    0.721437163526886
67.9999999999979    -0.000628962546920086    0.718610431604457    0.719514958612678
68.0999999999979    -0.000628939111788077    0.716849644062962    0.717751921097124
68.199999999998    -0.000628809452947929    0.715329555112438    0.716229733125337
68.299999999998    -0.000628734036415139    0.714150263990451    0.715048850118305
68.3999999999981    -0.000628903728798841    0.713425256370672    0.71432317268149
68.4999999999981    -0.000629493513323365    0.713271627140472    0.714170192506586
68.5999999999982    -0.000630591417662503    0.713795701003566    0.714696495923146
68.6999999999982    -0.000632123927823844    0.715075073810285    0.71597967776078
68.7999999999983    -0.000633806907410947    0.717139520133864    0.718049152628098
68.8999999999983    -0.000635149032195731    0.71995452002577    0.720869658108076
68.9999999999984    -0.000635542445299752    0.723411905379079    0.72433200808601
69.0999999999984    -0.000634447105201364    0.727331723896175    0.72825521681708
69.1999999999985    -0.000631584710796018    0.731477273811069    0.732401837476211
69.2999999999985    -0.00062704849100434    0.735581780410278    0.736504850110574
69.3999999999986    -0.000621314689471596    0.739381846077172    0.740301194886285
69.4999999999986    -0.000615140277225815    0.742650683214205    0.743564914288871
69.5999999999987    -0.000609353698264275    0.74522386924367    0.746132632843648
69.6999999999988    -0.000604646420683032    0.747012575861847    0.747916479364265
69.7999999999988    -0.000601452024450563    0.748003109412831    0.748903426879497
69.8999999999989    -0.00059991138765415    0.748245140192143    0.749143440653535
69.9999999999989    -0.000599908168453678    0.747833067407309    0.748730868336975
70.099999999999    -0.000601155737188577    0.746885458437336    0.747783987549992
70.199999999999    -0.000603296573490787    0.745526612542326    0.746426702865319
70.2999999999991    -0.000605980574453082    0.743872617679664    0.744774709041869
70.3999999999991    -0.000608911733665185    0.742022595620044    0.742926798730163
70.4999999999992    -0.000611867041347321    0.740054660972713    0.740960845548878
70.5999999999992    -0.000614695562477906    0.738025535998267    0.738933416112092
70.6999999999993    -0.00061730597745662    0.735972637811728    0.73688183968461
70.7999999999993    -0.000619649656442527    0.733917611682328    0.734827719222025
70.8999999999994    -0.00062170417545224    0.731870564592216    0.732781144675451
70.9999999999994    -0.000623460001624597    0.729834541885527    0.730745154905661
71.0999999999995    -0.000624911563672721    0.72781002083267    0.728720223425146
71.1999999999995    -0.000626053171823462    0.725799340371469    0.726708687629498
71.2999999999996    -0.000626879979922925    0.723811039622462    0.724719094163647
71.3999999999996    -0.000627393983713472    0.721864041271988    0.72277039622674
71.4999999999997    -0.000627614535291756    0.719991495937117    0.720895817758911
71.5999999999997    -0.000627591796197685    0.718243913369896    0.719146007492166
71.6999999999998    -0.000627419919237442    0.716690973144891    0.717590870143171
71.7999999999998    -0.000627244297401416    0.715421180543806    0.716319231552652
71.8999999999999    -0.000627253346472252    0.714538392328208    0.715435348142286
71.9999999999999    -0.000627642542358643    0.71415430755746    0.71505133782228
72.1    -0.000628547534435371    0.714376474581895    0.715275078540712
72.2    -0.000629968270574132    0.715292326951191    0.716194117991262
72.3000000000001    -0.000631715062493878    0.716951072766593    0.717857462930388
72.4000000000001    -0.000633383210249789    0.719346506968256    0.720258328500436
72.5000000000002    -0.000634384278114795    0.722404738549359    0.723321884789657
72.6000000000002    -0.000634106547895217    0.72598116527913    0.726902448291825
72.7000000000003    -0.000632145707541825    0.729869771937009    0.730793123716662
72.8000000000003    -0.000628432149398867    0.733824540949914    0.734747438795692
72.9000000000004    -0.000623264983190603    0.737589328874536    0.738509329480023
73.0000000000004    -0.000617297148038197    0.740930437557082    0.7418457510695
73.1000000000005    -0.000611364945243619    0.743664900414228    0.744574757971486
73.2000000000005    -0.000606231672008283    0.745678261373759    0.746582917363218
73.3000000000006    -0.000602435716837872    0.74692919063365    0.747829686769458
73.4000000000006    -0.0006002413164995    0.747442216522538    0.748340046837494
73.5000000000007    -0.000599636794388287    0.747292145003303    0.748188890457475
73.6000000000007    -0.000600394714549378    0.746584703480358    0.74748173307205
73.7000000000008    -0.000602175854656076    0.745437769505888    0.746336079698486
73.8000000000008    -0.000604622874806636    0.743966202378413    0.744866384617268
73.9000000000009    -0.000607418516410179    0.742271534602883    0.743173821617366
74.000000000001    -0.00061031286654973    0.740436417334942    0.74134076501469
74.100000000001    -0.000613129132051529    0.738522970398614    0.739429145896892
74.2000000000011    -0.000615755346877214    0.736573930007374    0.737481587573919
74.3000000000011    -0.000618128822313546    0.734615544394759    0.735524280193167
74.4000000000012    -0.000620219123240779    0.732661395020557    0.733570780254774
74.5000000000012    -0.000622013313475626    0.73071659960269    0.7316261962906
74.6000000000013    -0.000623505291883236    0.728782100452376    0.729691466439404
74.7000000000013    -0.000624689912703605    0.726858915316181    0.727767605830693
74.8000000000014    -0.000625562129495088    0.724952314292567    0.725859887462995
74.9000000000014    -0.000626121172109016    0.723075885033519    0.723981918561616
75.0000000000015    -0.000626379325493991    0.721255364521397    0.72215948974422
75.1000000000015    -0.000626374093209233    0.719531960280705    0.720433917601715
75.2000000000016    -0.00062618171946673    0.71796467869093    0.718864394790742
75.3000000000016    -0.000625928957181353    0.716630957582658    0.717528639603757
75.4000000000017    -0.000625795584588727    0.715624711891483    0.716520942318376
75.5000000000017    -0.000625990632188063    0.715050831510916    0.71594662251182
75.6000000000018    -0.000626687004569975    0.715015412829759    0.715912156541965
75.7000000000018    -0.000627938886969879    0.71561181210003    0.716511097766055
75.8000000000019    -0.000629637862110237    0.716903898644502    0.717807247103056
75.9000000000019    -0.00063149084798084    0.71890901108748    0.71981755374592
76.000000000002    -0.000632973538094151    0.721583809689292    0.722497875182662
76.100000000002    -0.00063341416727634    0.724817098887086    0.725735899706781
76.2000000000021    -0.000632297808782501    0.728433835469887    0.729355592530878
76.3000000000021    -0.00062944389316486    0.732211519554274    0.733133872262531
76.4000000000022    -0.000624966276936525    0.735905936491418    0.736826344501995
76.5000000000022    -0.000619343001011357    0.739281675543965    0.740197980914331
76.6000000000023    -0.000613394562213764    0.742141817816312    0.743052828135968
76.7000000000023    -0.000607954483860669    0.744349686575643    0.745255298605565
76.8000000000024    -0.000603632276195422    0.745838065256739    0.746739032967937
76.9000000000024    -0.000600799766773032    0.746606345732336    0.747504006883721
77.0000000000025    -0.000599573644612114    0.746708560368716    0.74760451110317
77.1000000000025    -0.000599809553822627    0.746235931283788    0.74713166743687
77.2000000000026    -0.000601194848977878    0.745298197971654    0.746194875924966
77.3000000000026    -0.000603369504194526    0.744007460393397    0.744905825264353
77.4000000000027    -0.000606000859184784    0.742466474646687    0.74336689094284
77.5000000000027    -0.000608815659795625    0.740761652743568    0.741664176803082
77.6000000000028    -0.00061161090490742    0.738960117744583    0.73986458305804
77.7000000000028    -0.000614251410087262    0.7371098314684    0.73801592954716
77.8000000000029    -0.000616657570634848    0.735241774703844    0.736149119037833
77.9000000000029    -0.000618788665740992    0.733373306181907    0.734281474325306
78.000000000003    -0.000620626805239627    0.731512071583832    0.732420627457924
78.100000000003    -0.000622164478086337    0.729660087554494    0.730568589967531
78.2000000000031    -0.00062339686678273    0.727817824896856    0.728725829647431
78.3000000000032    -0.000624319261512501    0.725988232632532    0.726895295804069
78.4000000000032    -0.000624929538431568    0.724180675368281    0.725086365150977
78.5000000000033    -0.000625235110726498    0.72241470478531    0.723318628025731
78.6000000000033    -0.000625262947750244    0.720723463803625    0.721625311050274
78.7000000000034    -0.000625071347470091    0.71915635192012    0.720055962300665
78.8000000000034    -0.000624764081233066    0.717780390649777    0.718677838155326
78.9000000000035    -0.000624505515511767    0.716679529781149    0.717575229789149
79.0000000000035    -0.000624516119561277    0.715950937411733    0.716845742034101
79.1000000000036    -0.000625006929984688    0.71569729108865    0.716592482122653
79.2000000000036    -0.000626066380371545    0.716014712778851    0.716911819906508
79.3000000000037    -0.000627625394020752    0.716977473896673    0.717878025644936
79.4000000000037    -0.000629513795453633    0.718621827068976    0.719527161697322
79.5000000000038    -0.000631356496284058    0.72093120580948    0.721842110115154
79.6000000000038    -0.000632434406473017    0.72382560124547    0.72474172506272
79.7000000000039    -0.000632066557145491    0.727160366608787    0.728080175488049
79.8000000000039    -0.000630044113135992    0.730738134843957    0.731659509871073
79.900000000004    -0.000626377863792484    0.734330689739264    0.735251203306098
80.000000000004    -0.000621247151398989    0.737705930340137    0.738623095541994
80.1000000000041    -0.000615382643507033    0.740657357663596    0.74156949434206
80.2000000000041    -0.000609755686103499    0.74302961174137    0.743936297659669
80.3000000000042    -0.000605024157506493    0.744731995076073    0.74563370232652
80.4000000000042    -0.000601590633842246    0.74573931616859    0.74663711585226
80.5000000000043    -0.000599718126684857    0.746083817957685    0.746979234934788
80.6000000000043    -0.000599399847978037    0.745840639637034    0.746735289422007
80.7000000000044    -0.000600361138002216    0.745109800840485    0.746005008224147
80.8000000000044    -0.000602230894905103    0.743999149472796    0.744895808015464
80.9000000000045    -0.000604664184902481    0.742611370774897    0.743509975127183
81.0000000000045    -0.000607373636524841    0.741035705877669    0.74193642405309
81.1000000000046    -0.000610133866549862    0.739343767429465    0.740246515569741
81.2000000000046    -0.000612784345452904    0.737588577830401    0.738493097573698
81.3000000000047    -0.000615224651782676    0.735805929536105    0.736711858779665
81.4000000000047    -0.000617400644942815    0.734017207008364    0.73492413233866
81.5000000000048    -0.000619287527428361    0.732232968712914    0.733140456197986
81.6000000000048    -0.000620875298667441    0.730456823534891    0.731364432243671
81.7000000000049    -0.000622159062917654    0.728689358135906    0.729596643988453
81.8000000000049    -0.000623134810776894    0.726932022294091    0.727838540473445
81.900000000005    -0.000623800539391572    0.725190940788293    0.726096254523541
82.000000000005    -0.000624161630500345    0.723480595802569    0.724384297515126
82.1000000000051    -0.000624237897428007    0.72182722876111    0.722728975488767
82.2000000000051    -0.000624070234165878    0.720271678994708    0.721171240615086
82.3000000000052    -0.000623732186065538    0.718871249234933    0.719768575197588
82.4000000000052    -0.000623359612053115    0.717700043775049    0.718595372328425
82.5000000000053    -0.000623184045205998    0.716846929021159    0.717740941293385
82.6000000000054    -0.000623480117470088    0.716409835102616    0.717303727002736
82.7000000000054    -0.000624371932232603    0.716485339983845    0.717380605634873
82.8000000000055    -0.000625740365153895    0.717154434532124    0.718052501444314
82.9000000000055    -0.000627479995960372    0.718467606978863    0.71936982120249
83.0000000000056    -0.000629527143393524    0.720431109691346    0.721338742948109
83.1000000000056    -0.000631230614934441    0.722994075482769    0.723907403993408
83.2000000000057    -0.000631526802082406    0.726041268556643    0.726958877092049
83.3000000000057    -0.000630170878324753    0.729400563119741    0.73032043678436
83.4000000000058    -0.000627409381896798    0.732862926764734    0.733783114250789
83.5000000000058    -0.00062300856690575    0.736204911872988    0.737122807664119
83.6000000000059    -0.000617287671225271    0.739214623486046    0.740127803327638
83.7000000000059    -0.00061152334548452    0.741721051311454    0.742628765877531
83.800000000006    -0.000606562988395581    0.743613087596542    0.744515731460147
83.900000000006    -0.000602634945644404    0.744842533393016    0.745740811005746
84.0000000000061    -0.000600073739487054    0.745418948627664    0.746314098455543
84.1000000000061    -0.000599143793237335    0.745399591237621    0.746293329792672
84.2000000000062    -0.00059966737871885    0.744873344226774    0.745767232754184
84.3000000000062    -0.000601220355843934    0.743942580711463    0.744837665700984
84.4000000000063    -0.000603422382763314    0.742708593002531    0.743605468174861
84.5000000000063    -0.000605988974061115    0.741262273869976    0.742161212146365
84.6000000000064    -0.000608690211978944    0.739678994064775    0.740580013233711
84.7000000000064    -0.000611342285445362    0.738016572645095    0.738919486110711
84.8000000000065    -0.000613817743026452    0.736315665864885    0.7372201482926
84.9000000000065    -0.000616043121447305    0.734601912035925    0.735507562865713
85.0000000000066    -0.000617983485939068    0.732889122291699    0.733795509173025
85.1000000000066    -0.00061962495537626    0.731182942460698    0.732089622658564
85.2000000000067    -0.00062096204387347    0.729484643617287    0.730391171086987
85.3000000000067    -0.000621991685387622    0.727794893959832    0.728700822185076
85.4000000000068    -0.000622713708460655    0.726117463010149    0.727022353093947
85.5000000000068    -0.000623135726531865    0.724462805588115    0.725366245867441
85.6000000000069    -0.000623276892364048    0.722851390872945    0.723753025978361
85.7000000000069    -0.000623163922352136    0.721316542308754    0.722216099772037
85.800000000007    -0.000622828023869597    0.719906528930866    0.720803843725235
85.900000000007    -0.00062234502672132    0.718685682360185    0.719580780340346
86.0000000000071    -0.000621943168567214    0.717734037692561    0.718627372859447
86.1000000000071    -0.00062202587236544    0.717143944598799    0.718036664068908
86.2000000000072    -0.000622838793815869    0.717011228604438    0.717904950066389
86.3000000000072    -0.000624084222769733    0.71742088012296    0.718316901420456
86.4000000000073    -0.00062544528539618    0.718432617125948    0.719331860139764
86.5000000000073    -0.000627364780088206    0.720070586518845    0.720974647545211
86.6000000000074    -0.00062977300447661    0.722311526672143    0.723221884591626
86.7000000000074    -0.00063086246798149    0.725069586091883    0.725985001970484
86.8000000000075    -0.000629786776167559    0.728196188952204    0.729113983627669
86.9000000000076    -0.000627789640595173    0.73150238882145    0.732421425026404
87.0000000000076    -0.000624609859116654    0.734779850760724    0.735698325927499
87.1000000000077    -0.000619181646771758    0.737816485951368    0.738730736892344
87.2000000000077    -0.000613065037141522    0.740426927490684    0.741335344132772
87.3000000000078    -0.000608065432563135    0.74248252987498    0.743386035186726
87.4000000000078    -0.000603974775355535    0.743915890077604    0.744815046010293
87.5000000000079    -0.000600695236502955    0.744713665000768    0.745608894663211
87.6000000000079    -0.000598982033588659    0.744912326092806    0.74580523913153
87.700000000008    -0.000599045992682088    0.744587936990608    0.745480556550486
87.800000000008    -0.000600337816071592    0.743836951010127    0.744730594399413
87.9000000000081    -0.000602307483161017    0.742758346530042    0.743653623582701
88.0000000000081    -0.000604676751189956    0.741443135190614    0.742340344564622
88.1000000000082    -0.000607269325896398    0.739969194893064    0.740868462178836
88.2000000000082    -0.000609903141298809    0.73839862681993    0.739299879780999
88.3000000000083    -0.000612415514005785    0.736777000334612    0.73767998066451
88.4000000000083    -0.000614699134840815    0.735134500735683    0.736038829709108
88.5000000000084    -0.000616700620961156    0.733488552647979    0.73439379660426
88.6000000000084    -0.000618399514388947    0.731847240968369    0.732752949014629
88.7000000000085    -0.000619789272808832    0.730213006978113    0.731118724709428
88.8000000000085    -0.000620868083219212    0.72858636391848    0.729491638012723
88.9000000000086    -0.000621639789303338    0.726969544068552    0.727873932660896
89.0000000000086    -0.000622121267460854    0.725370007940351    0.726273105994293
89.1000000000087    -0.000622344736596015    0.723803647926962    0.724705119734429
89.2000000000087    -0.000622335423898257    0.72229741713733    0.723196999517861
89.3000000000088    -0.000622067060666162    0.720891228785999    0.721788672431631
89.4000000000088    -0.000621484769704545    0.719639412957098    0.720534459084298
89.5000000000089    -0.000620737907517059    0.718612130441501    0.719504824150659
89.6000000000089    -0.000620455358061129    0.717895329873007    0.718786726952995
89.700000000009    -0.000621308398569225    0.717584354032854    0.71847659075871
89.800000000009    -0.000622796157229728    0.717767668735364    0.718662271782448
89.9000000000091    -0.000623637130975093    0.718509077486171    0.71940581460406
90.0000000000091    -0.000624604316189747    0.719842595525774    0.720742391126275
90.1000000000092    -0.000627636889004267    0.721770479939591    0.722677068505227
90.2000000000092    -0.00063035242537904    0.724240286143459    0.725153915293665
90.3000000000093    -0.000629146240591707    0.727125061369459    0.728040573357986
90.4000000000093    -0.000626863871087823    0.730250684668285    0.731166794486543
90.5000000000094    -0.000625676511838612    0.733430821910723    0.734349177380826
90.6000000000094    -0.000621439789895956    0.736463943931317    0.737379849108403
90.7000000000095    -0.000614233263285618    0.739149274293476    0.74005785251405
90.8000000000095    -0.00060892138328146    0.741339234921855    0.742242619636944
90.9000000000096    -0.000605536159541465    0.742954797426766    0.743855114590857
91.0000000000096    -0.000601830651745301    0.74396336351686    0.744859382680537
91.1000000000097    -0.000598861053444824    0.744375254921492    0.745267343857453
91.2000000000098    -0.000598249777454699    0.744249415768967    0.745140442920471
91.3000000000098    -0.00059948007450189    0.743677218176256    0.74456939236522
91.4000000000099    -0.000601376108642201    0.742756380452357    0.743650269899606
91.5000000000099    -0.000603499999165547    0.741576431256363    0.742472054516288
91.60000000001    -0.000605866870484261    0.740215229966259    0.741112717493948
91.70000000001    -0.000608417645988488    0.738737753799848    0.739637223223257
91.8000000000101    -0.000610964315145576    0.737194423544105    0.738095773208805
91.9000000000101    -0.000613329247225175    0.735620524870744    0.736523433816732
92.0000000000102    -0.000615412857144013    0.734037684958022    0.734941713766877
92.1000000000102    -0.000617178348351199    0.732456893140827    0.73336156455553
92.2000000000103    -0.000618617236208962    0.730882185704496    0.731787018084832
92.3000000000103    -0.000619729931228842    0.729314451089787    0.730218967635
92.4000000000104    -0.000620527262483948    0.727755157816005    0.728658902445863
92.5000000000104    -0.000621046937872481    0.726209893594722    0.72711247500148
92.6000000000105    -0.000621362784951456    0.724691444716905    0.725592597248191
92.7000000000105    -0.000621537620856636    0.723221942243622    0.724121520656115
92.8000000000106    -0.000621486407907852    0.721833839670158    0.722731617467102
92.9000000000106    -0.000620891670487853    0.720570700168781    0.721466048774737
93.0000000000107    -0.000619580300973902    0.719490183378906    0.720382300005525
93.1000000000107    -0.000618420673869732    0.718669525301567    0.719558955527861
93.2000000000108    -0.000619212886649668    0.718205218062395    0.719095213011303
93.3000000000108    -0.00062185627684335    0.718193660455019    0.719087442730623
93.4000000000109    -0.000622750782904976    0.718700136166326    0.71959583610911
93.5000000000109    -0.000621132549807147    0.719753951407434    0.720648632337024
93.600000000011    -0.000623368890959057    0.721374006522529    0.722273931736737
93.700000000011    -0.000629768946457817    0.723553097382032    0.724465014222629
93.8000000000111    -0.000629498967251304    0.726192738885524    0.727107589941627
93.9000000000111    -0.000623789085664744    0.729116567553369    0.730026765238785
94.0000000000112    -0.000624295517844674    0.73215818047082    0.733072917678001
94.1000000000112    -0.000624630797336266    0.735152215893188    0.73607118734061
94.2000000000113    -0.000615739871988874    0.737886619598562    0.738795871886837
94.3000000000113    -0.000607680647971306    0.740178365183171    0.741078496312577
94.4000000000114    -0.000606316529341471    0.741944332867049    0.742844584930493
94.5000000000114    -0.000604092956638527    0.743150469892283    0.744048876542581
94.6000000000115    -0.000599129574005818    0.743775393583001    0.744667163538181
94.7000000000115    -0.000596684460707247    0.743846406733678    0.744734619900774
94.8000000000116    -0.000598079943926637    0.743449301209263    0.744339117623373
94.9000000000116    -0.000600603950084114    0.74268765705576    0.743580315470943
95.0000000000117    -0.000602663198384547    0.741650744011327    0.742545214294589
95.1000000000117    -0.000604563632400864    0.740411561964154    0.741307355334993
95.2000000000118    -0.000606799595090913    0.739033462182816    0.739930897157217
95.3000000000118    -0.00060931972567178    0.737570514936375    0.738469895474327
95.4000000000119    -0.00061181399123826    0.736064125472678    0.736965345512533
95.500000000012    -0.000614044922404135    0.734541538737868    0.73544417600201
95.600000000012    -0.000615915000841919    0.733017605187508    0.733921114750433
95.7000000000121    -0.000617405336828848    0.731498468290392    0.732402288430179
95.8000000000121    -0.000618520864300478    0.729985801831832    0.73088938361417
95.9000000000122    -0.000619283552293799    0.72848099007985    0.729383821779302
96.0000000000122    -0.000619768362983203    0.726989020478281    0.727890708906499
96.1000000000123    -0.000620143009749041    0.725521630454999    0.72642204317475
96.2000000000123    -0.00062060558283489    0.724098732079557    0.724998049632355
96.3000000000124    -0.000621082660208944    0.722747285678734    0.723645615229337
96.4000000000124    -0.000620827435718674    0.721499155235191    0.722395564691611
96.5000000000125    -0.000618779881896723    0.720393935851261    0.721286018403087
96.6000000000125    -0.000615584339084274    0.719492704551709    0.720379067064606
96.7000000000126    -0.000615170407117979    0.718892918808957    0.719777946550909
96.8000000000126    -0.000620207586462213    0.718711723862357    0.719603778048369
96.9000000000127    -0.000624027568691684    0.719025725217257    0.719923669309394
97.0000000000127    -0.000618427158699798    0.719839365466712    0.720730252842673
97.1000000000128    -0.000614283556554657    0.721154920192645    0.722041451992958
97.2000000000128    -0.000625774201305175    0.72302245225665    0.723927916467967
97.3000000000129    -0.000633408776259927    0.725412672414722    0.726332220370703
97.4000000000129    -0.000620239771149142    0.728127298675323    0.729031086258523
97.500000000013    -0.000615116900548487    0.730975580786778    0.731875405151213
97.600000000013    -0.000626637044792341    0.733866650456128    0.734786963216423
97.7000000000131    -0.000621329312445979    0.736624738445392    0.737540680631659
97.8000000000131    -0.000603429545626011    0.738992354401707    0.739884752542387
97.9000000000132    -0.00060176806628095    0.740856147910697    0.741748331941597
98.0000000000132    -0.00060723443400929    0.742226515996395    0.74312847469347
98.1000000000133    -0.000602015037975105    0.743071708476685    0.743966928097953
98.2000000000133    -0.000594103576472706    0.743351855205226    0.744235636254218
98.3000000000134    -0.000594180763314356    0.74312471680882    0.744008342665249
98.4000000000134    -0.000599014735304178    0.742515200809639    0.743405289078573
98.5000000000135    -0.0006024899325786    0.741629402651164    0.742523589887575
98.6000000000135    -0.000603876236241989    0.740532521920488    0.741427442325958
98.7000000000136    -0.000605120786133253    0.7392738420709    0.740169083737205
98.8000000000136    -0.000607199569111663    0.737903388975961    0.738800042663358
98.9000000000137    -0.000609802601254458    0.736468464892956    0.737367213723598
99.0000000000137    -0.000612335028823482    0.73500511596805    0.735905806250003
99.1000000000138    -0.000614454972577497    0.733534989836085    0.734436992520248
99.2000000000138    -0.000616065227742538    0.732067864566742    0.732970423713463
99.3000000000139    -0.000617167631982887    0.730606705119706    0.731509075653811
99.4000000000139    -0.000617798548218711    0.729153128654793    0.730054625086604
99.500000000014    -0.000618080769966288    0.727712496041661    0.728612622592308
99.600000000014    -0.00061833693004683    0.72629789132104    0.72719664066779
99.7000000000141    -0.000619074727464254    0.724931183890268    0.725829313049527
99.8000000000142    -0.000620494329517597    0.723638770624274    0.7245373556988
99.9000000000142    -0.000621462508840277    0.722442828061989    0.723341328711299
100.000000000014    -0.000619274055748635    0.721358343482581    0.722252334121824
100.100000000014    -0.00061275895067206    0.720413628617759    0.721297049740202
100.200000000014    -0.000607717713368118    0.719693155796561    0.720568428273084
100.300000000014    -0.000613989233293288    0.719347873780832    0.72023176017655
100.400000000014    -0.000626667971416546    0.719504832439337    0.720407179178676
100.500000000015    -0.00062205581131668    0.720148706502633    0.72104520955335
100.600000000015    -0.000601891782550214    0.721194033013126    0.722062717391304
100.700000000015    -0.000608252569388495    0.722701628754991    0.7235813340832
100.800000000015    -0.000637622609709832    0.724796613124355    0.725721496266696
100.900000000015    -0.000627639294854477    0.727321848138931    0.728235413071978
101.000000000015    -0.00059634417734562    0.729949949784457    0.73082107207778
101.100000000015    -0.000612338623338256    0.732613375851761    0.733511140519758
101.200000000015    -0.000633951644093411    0.735319650924395    0.736252556544723
101.300000000015    -0.000606677283331491    0.737772712869455    0.738668436174756
101.400000000015    -0.000584856433517086    0.739690685950416    0.740556417992352
101.500000000015    -0.000601088426003786    0.741126939327259    0.742018440849364
101.600000000015    -0.000610737292015279    0.742165729183863    0.743072819753237
101.700000000015    -0.000596495054500661    0.742704820426686    0.743591388764992
101.800000000015    -0.00058618133284143    0.742677293130696    0.743548490941707
101.900000000015    -0.000591735805119748    0.742199989456042    0.743078882144956
102.000000000015    -0.00060100979446807    0.741444283010509    0.742336049523201
102.100000000015    -0.000604849932634008    0.740504198058771    0.741400528032518
102.200000000015    -0.000604793053151804    0.739406051233749    0.740300967759536
102.300000000015    -0.000604978131540414    0.73816948512194    0.739063178578676
102.400000000015    -0.000606818973744336    0.736832154873525    0.737726945313425
102.500000000016    -0.000609573297871479    0.73543834732722    0.736335501365888
102.600000000016    -0.000612234795527429    0.73402273375296    0.734922072876288
102.700000000016    -0.000614288529319255    0.732604607833229    0.733505222284593
102.800000000016    -0.000615601816642815    0.731191179333019    0.732091979103615
102.900000000016    -0.000616189490603673    0.729784538693611    0.730684464344636
103.000000000016    -0.000616175337251758    0.728389117057066    0.729287301315761
103.100000000016    -0.000615964271323277    0.727018150029288    0.727914336458152
103.200000000016    -0.000616407338741533    0.725696810116354    0.726592011604035
103.300000000016    -0.000618390099503727    0.724457642165251    0.725354191449302
103.400000000016    -0.000621276585401882    0.723325534746874    0.724224863915752
103.500000000016    -0.000621273598757867    0.7223014452052    0.723199496777433
103.600000000016    -0.000613695905396497    0.721373063222813    0.722259014317699
103.700000000016    -0.000601633671345667    0.720575504445088    0.721443071375008
103.800000000016    -0.000601015635303637    0.720057338200483    0.720923390148392
103.900000000016    -0.000620811959807526    0.720025490087184    0.720920046309611
104.000000000016    -0.000632478282556205    0.720538226748046    0.721450253145274
104.100000000016    -0.000604920929626524    0.721429009655564    0.722302352973576
104.200000000016    -0.000581717331309908    0.72261365681964    0.723454859938099
104.300000000016    -0.00061839077946692    0.724311343427629    0.725207712646567
104.400000000017    -0.000647528897636254    0.726612024202073    0.727553638490617
104.500000000017    -0.000600823332623358    0.72912319307674    0.729999868257159
104.600000000017    -0.00057579090954278    0.731538473063188    0.73238138480965
104.700000000017    -0.000623850859696128    0.734012718120686    0.734929118748461
104.800000000017    -0.000632494837545108    0.736510352651662    0.737442620297837
104.900000000017    -0.00058184505058464    0.738576811783639    0.739436786680602
105.000000000017    -0.000572739092152954    0.740033429895281    0.740881607829543
105.100000000017    -0.000605760270898033    0.741109922673649    0.742008336792277
105.200000000017    -0.00061121024943844    0.741876106472447    0.742783545668763
105.300000000017    -0.000588815123811434    0.742146454083857    0.743020943108715
105.400000000017    -0.000579669176023402    0.741861349042183    0.742721916200284
105.500000000017    -0.000590390905100531    0.74119525613339    0.742070963019021
105.600000000017    -0.000602521879524252    0.740343960402741    0.741236645133856
105.700000000017    -0.000606478849137138    0.739383761243144    0.74028114671363
105.800000000017    -0.00060547915446096    0.738310051281883    0.739204655637333
105.900000000017    -0.000604800486266079    0.737118196700531    0.738010355166005
106.000000000017    -0.000606187411823789    0.73583249268412    0.73672513858338
106.100000000017    -0.000608801331905359    0.734491736070603    0.735386599959317
106.200000000017    -0.000611443248604369    0.733128933064788    0.734026015052471
106.300000000017    -0.000613457346219713    0.731762975685262    0.732661337538192
106.400000000018    -0.0006146375403253    0.730401057182964    0.731299473201652
106.500000000018    -0.000614977765539176    0.72904585783227    0.729943103603721
106.600000000018    -0.000614653958982064    0.727703708888699    0.728598831010323
106.700000000018    -0.000614243229001369    0.726391561195093    0.727284471855556
106.800000000018    -0.000614826756663476    0.725139393003588    0.726031611765814
106.900000000018    -0.000617191446903012    0.723982851677277    0.724877075632173
107.000000000018    -0.000619759984763742    0.722945134781151    0.723841795426973
107.100000000018    -0.000617583152517946    0.722023942200533    0.722916312958514
107.200000000018    -0.000607393166790414    0.721216778990563    0.722093435752557
107.300000000018    -0.000597641563252939    0.72059256807976    0.721454395281227
107.400000000018    -0.00060560999798993    0.720327799979198    0.721200804114226
107.500000000018    -0.000626640746954386    0.720586405765075    0.721490069644792
107.600000000018    -0.000622495536552993    0.721328014926869    0.722226621244656
107.700000000018    -0.000589688267732065    0.722385843986662    0.723238311590756
107.800000000018    -0.000592506161176256    0.723804262017356    0.724662487490698
107.900000000018    -0.000636789004774296    0.72578757319725    0.726712509279204
108.000000000018    -0.000629711554303065    0.728197791240971    0.729115478245005
108.100000000018    -0.000580778184530242    0.730618670056343    0.731467817992498
108.200000000018    -0.00059496492824336    0.732975661116638    0.73384836997104
108.300000000018    -0.000634411192990584    0.735397000563969    0.736330681078237
108.400000000019    -0.000608004322118923    0.737625107183377    0.738522611376348
108.500000000019    -0.000571073375290044    0.739295739699967    0.740140606407666
108.600000000019    -0.000587272605301725    0.740459665934221    0.741329880341571
108.700000000019    -0.000610226223824515    0.741306591076561    0.742211872946836
108.800000000019    -0.000599835806744894    0.741773966808485    0.742664386085456
108.900000000019    -0.000582501923230068    0.741725159372461    0.742589775676806
109.000000000019    -0.000583791395160991    0.741219090953486    0.742085031136369
109.100000000019    -0.000595622297337439    0.740443617885895    0.741326193024795
109.200000000019    -0.000603543475143425    0.739532730562552    0.740425949967668
109.300000000019    -0.000604974306669645    0.73852150668102    0.739415620669941
109.400000000019    -0.000604272613501869    0.73740666209241    0.738298390241141
109.500000000019    -0.000604705426674021    0.736197798280471    0.737088702622612
109.600000000019    -0.000606611676067317    0.734923382867303    0.735815550276595
109.700000000019    -0.000609053763268062    0.733615216344182    0.734509383156454
109.800000000019    -0.000611223167401747    0.732296182213823    0.733191922494972
109.900000000019    -0.000612757197367438    0.730977890415669    0.731874263601727
110.000000000019    -0.000613569475781267    0.729664792749753    0.730560742565979
110.100000000019    -0.000613718497458257    0.728360615384873    0.729255181161401
110.200000000019    -0.000613469460083143    0.727074751523258    0.727967375431279
110.30000000002    -0.000613432638267358    0.725826656754022    0.726717694867837
110.40000000002    -0.000614364972682623    0.724645147412857    0.725536087967916
110.50000000002    -0.000616119066234562    0.723559895773044    0.724452043536989
110.60000000002    -0.00061626856761734    0.722589574799574    0.72348074248268
110.70000000002    -0.000611289973464646    0.721744714090808    0.722627644431522
110.80000000002    -0.000602758783174747    0.721063684716153    0.72193346392159
110.90000000002    -0.00060168049943446    0.720657237005918    0.721524969916454
111.00000000002    -0.000614854563971098    0.720677563303302    0.721564332315173
111.10000000002    -0.000623044137154151    0.721184496000765    0.722083715798467
111.20000000002    -0.000605234890568615    0.722089594090011    0.722964191059532
111.30000000002    -0.000591721627486268    0.723343674647732    0.724200217675555
111.40000000002    -0.000617760324560842    0.725065874551326    0.72596226216401
111.50000000002    -0.000634230337198473    0.727266107895361    0.728189201807211
111.60000000002    -0.000601635076759876    0.729653285302953    0.730531783859122
111.70000000002    -0.000589618401242935    0.732010489514341    0.732874212490342
111.80000000002    -0.000620910478078692    0.734381262742876    0.735293799388324
111.90000000002    -0.000618767032084278    0.736657505354863    0.73756970855263
112.00000000002    -0.000584577020487638    0.738519472720108    0.739383420790166
112.10000000002    -0.000583102102743444    0.739869761719846    0.740733104364388
112.20000000002    -0.000602919297843291    0.740836672719348    0.741730541102912
112.300000000021    -0.000601485893857756    0.741432920890926    0.742325380579155
112.400000000021    -0.000586940199276101    0.741559798728138    0.742430812473201
112.500000000021    -0.000584119242050257    0.741230223644879    0.742096663421865
112.600000000021    -0.000592479777496271    0.740584728715976    0.741462811913086
112.700000000021    -0.000599951219633611    0.739753969788951    0.740642135237703
112.800000000021    -0.000602334318532228    0.738794795583778    0.739685334905639
112.900000000021    -0.000602470059275915    0.73772354042957    0.738612988985958
113.000000000021    -0.000603229446530074    0.736558337798668    0.737447501525306
113.100000000021    -0.000605124848109201    0.73532853613165    0.736219006114637
113.200000000021    -0.000607449594177376    0.734064470089977    0.734956826480417
113.300000000021    -0.000609520569761892    0.732788069901119    0.733681913520953
113.400000000021    -0.000611017900083969    0.731511061425444    0.732405540673556
113.500000000021    -0.000611870941001597    0.730238551541079    0.731132722157469
113.600000000021    -0.000612152788868518    0.728974600305802    0.729867634648449
113.700000000021    -0.000612123629894783    0.727727648834341    0.728619113100643
113.800000000021    -0.000612317191776975    0.726514010797014    0.727404269955758
113.900000000021    -0.000613331032484246    0.725356904591587    0.726247218447129
114.000000000021    -0.000614939134041045    0.724279199948356    0.72517052330601
114.100000000021    -0.000614988575440004    0.723294113033773    0.724184295718351
114.200000000022    -0.000610353632475958    0.72240889390379    0.723291282257782
114.300000000022    -0.000602054160214866    0.721656796082814    0.722526272507371
114.400000000022    -0.000599634179753063    0.721138371098555    0.722003728427672
114.500000000022    -0.000611057250371965    0.721001220336615    0.721882905142936
114.600000000022    -0.000621440433390118    0.721321908268093    0.722218982945145
114.700000000022    -0.000607020198183727    0.722031529037362    0.722908636903255
114.800000000022    -0.000588407116753612    0.723066824750048    0.723918241060607
114.900000000022    -0.000608295669264474    0.724537429741576    0.725419432221329
115.000000000022    -0.00063368656963942    0.726514842891411    0.727436192135221
115.100000000022    -0.000607541580411234    0.728762766167998    0.729648811842993
115.200000000022    -0.000583844597690021    0.731020917037236    0.731875020927599
115.300000000022    -0.000613189017301338    0.733312810691489    0.73421268120573
115.400000000022    -0.000624039438059658    0.735600102253745    0.736518762482852
115.500000000022    -0.000588461346812008    0.737568558799284    0.738437131095462
115.600000000022    -0.000577409706848713    0.739044752509965    0.739898708820418
115.700000000022    -0.000599745756080893    0.740141649728603    0.741029976125237
115.800000000022    -0.000603860036211959    0.740902811214888    0.741798155074082
115.900000000022    -0.000586986373272591    0.7412129530889    0.742083627969503
116.000000000022    -0.000580416175323782    0.741044716513074    0.741905444773884
116.100000000022    -0.000589108274437572    0.740531234331275    0.741404254790099
116.200000000023    -0.000598335037401051    0.739817219654339    0.740703066815317
116.300000000023    -0.000601063970356295    0.738964375398106    0.73985323938508
116.400000000023    -0.000600486990642561    0.737983241837247    0.738870073039918
116.500000000023    -0.000600723072068348    0.73688837183297    0.737774235684822
116.600000000023    -0.000602659990080063    0.735712576772166    0.73659988058311
116.700000000023    -0.000605304545832232    0.734492888925051    0.735382611247113
116.800000000023    -0.000607665873852832    0.733256733436893    0.734148425475079
116.900000000023    -0.000609302464087192    0.732018649395936    0.732911234784082
117.000000000023    -0.000610133473423881    0.730784511475643    0.731676808080292
117.100000000023    -0.00061025060108179    0.729558357862171    0.730449328430315
117.200000000023    -0.000609967789023086    0.728349038279977    0.729238119495914
117.300000000023    -0.000609996860023064    0.727174634047123    0.728062324022135
117.400000000023    -0.000611314737561727    0.726061367951346    0.726949614979051
117.500000000023    -0.000614091754321373    0.725033506162001    0.725924527526355
117.600000000023    -0.000615888783759727    0.724097234460537    0.724989710856851
117.700000000023    -0.000611746946585153    0.723236757311356    0.724122174718638
117.800000000023    -0.000599916894554151    0.72244941053822    0.723316750083552
117.900000000023    -0.00059059944222999    0.721814182297369    0.722667292250548
118.000000000023    -0.000600925722143137    0.721510341405047    0.722378011055944
118.100000000024    -0.000623686012805973    0.721686377300389    0.722587150498343
118.200000000024    -0.000617459932880987    0.722279925983469    0.723172434901203
118.300000000024    -0.000578981574656786    0.723114616665822    0.723952441829984
118.400000000024    -0.000579684393705429    0.724248026039595    0.725088183621568
118.500000000024    -0.000631518903061841    0.725923501581888    0.726840949794628
118.600000000024    -0.000628592478952302    0.728037940516507    0.728953794563073
118.700000000024    -0.000569265662022701    0.730164533505347    0.730996322207196
118.800000000024    -0.000580201310656447    0.732224371430586    0.733074539779374
118.900000000024    -0.000632306683671081    0.734405315299285    0.735334641697352
119.000000000024    -0.000607820968208938    0.73648840797628    0.737384258687548
119.100000000024    -0.000560292218260828    0.738071096859818    0.738898631505228
119.200000000024    -0.000577211745561683    0.739184722988935    0.740038548035278
119.300000000024    -0.000608901753631596    0.74005081425189    0.740952599827858
119.400000000024    -0.000598750046859151    0.740608895924699    0.741496306484091
119.500000000024    -0.000575870977424855    0.740680862221715    0.741534426989067
119.600000000024    -0.000576076954566642    0.740301305925935    0.741154738612397
119.700000000024    -0.000590869354633635    0.739665466900905    0.74054007499417
119.800000000024    -0.000600803429117302    0.738913467804875    0.739801885059564
119.900000000024    -0.000601887272417082    0.73807007165785    0.738959076703238
120.000000000024    -0.000599988990098854    0.737116792418752    0.73800184736171
120.100000000025    -0.000599749607309287    0.736055696106615    0.736939124171646
120.200000000025    -0.000601673499493953    0.734916472712667    0.735801364660648
120.300000000025    -0.000604390130682827    0.733735565601811    0.734623027043509
120.400000000025    -0.000606734684119672    0.732539677317927    0.733429131440038
120.500000000025    -0.000608218189231222    0.731342428608826    0.732232601563482
120.600000000025    -0.000608763796377903    0.730149411964693    0.731038930527292
120.700000000025    -0.000608519347556172    0.728965959350272    0.729853679325001
120.800000000025    -0.000607961958768512    0.727804397819758    0.728689890940488
120.900000000025    -0.000608073851036477    0.726687991498907    0.72757228914817
121.000000000025    -0.000609942601252743    0.72564729113919    0.726533037786503
121.100000000025    -0.000613115385118252    0.724705813516153    0.72559501526733
121.200000000025    -0.000613712552769384    0.723862645177977    0.724751677972216
121.300000000025    -0.000606353421868108    0.723097723196085    0.723975160790984
121.400000000025    -0.000592818183683357    0.722424442653702    0.723281483414934
121.500000000025    -0.000588770469032383    0.72195772686179    0.722808362469848
121.600000000025    -0.000607300038826279    0.721886191501799    0.722763527332137
121.700000000025    -0.000624709588752845    0.722292653453621    0.723195663865881
121.800000000025    -0.000601652838557537    0.72303835551026    0.723908915443072
121.900000000025    -0.000568419193516287    0.723995031107373    0.724818564562979
122.000000000026    -0.000595289328670662    0.72532336906567    0.726187437959542
122.100000000026    -0.00063870234437851    0.727184213829868    0.728113716029438
122.200000000026    -0.000602780963584558    0.729299054763934    0.730178800231699
122.300000000026    -0.000559319163251552    0.731317010360944    0.732135547421021
122.400000000026    -0.000600557853251925    0.73332865767471    0.734209999540251
122.500000000026    -0.0006294586135023    0.735414385890482    0.736340794865976
122.600000000026    -0.000582890407512893    0.737221695158452    0.738081635317959
122.700000000026    -0.00055842041476271    0.738494390565487    0.739319632084958
122.800000000026    -0.000589403545508637    0.739397027699596    0.740269148189834
122.900000000026    -0.000606085976713965    0.740066344799942    0.740963976508775
123.000000000026    -0.000587853274446953    0.740375246242665    0.741246222274424
123.100000000026    -0.000573601309894217    0.740219459528121    0.741069128602604
123.200000000026    -0.000580360713024433    0.739701755278269    0.740560841534419
123.300000000026    -0.000593354683711489    0.738997299338071    0.73987479502187
123.400000000026    -0.00059993257936754    0.738201134575104    0.739087408100982
123.500000000026    -0.000600333197322663    0.737323832822762    0.738209644552991
123.600000000026    -0.000599416065299335    0.736355535046609    0.737238831183462
123.700000000026    -0.000599903155236866    0.735304365066548    0.736187117449814
123.800000000026    -0.000601755204523321    0.734195364323127    0.735079508124497
123.900000000026    -0.000603969973911244    0.733055428314139    0.733941450380692
124.000000000027    -0.000605793448415438    0.731903543581356    0.732790845846402
124.100000000027    -0.000606926594066259    0.730749895614425    0.73163745738979
124.200000000027    -0.000607357079732314    0.729600174894182    0.730486969158148
124.300000000027    -0.000607264684087903    0.728461319562397    0.729346594824988
124.400000000027    -0.000607067772122076    0.727346310969489    0.728229944403992
124.500000000027    -0.000607393772259618    0.726275860135979    0.72715866721628
124.600000000027    -0.00060857471527243    0.725274711008136    0.726158016266874
124.700000000027    -0.000609573242242266    0.724362990840314    0.725246634079362
124.800000000027    -0.000607582582814796    0.723551003610112    0.724430772117278
124.900000000027    -0.000600830092387351    0.722853108407424    0.723722254416315
125.000000000027    -0.000594141652982367    0.722323622999092    0.723182458371673
125.100000000027    -0.000597739134868245    0.722074945073322    0.722938686271195
125.200000000027    -0.000610265872782577    0.72221704600051    0.723099073103381
125.300000000027    -0.000609772878057188    0.722752951635007    0.723634919730116
125.400000000027    -0.000589770561652577    0.723600353426501    0.72445437347609
125.500000000027    -0.000586971325999978    0.724765478685097    0.725616811501175
125.600000000027    -0.000614191794605948    0.726351533500623    0.727244320146607
125.700000000027    -0.000616201946973553    0.728294720951749    0.729192827616867
125.800000000027    -0.000584432529131175    0.730337653563272    0.731191818929281
125.900000000028    -0.000587372266163821    0.732367329429082    0.733228179584491
126.000000000028    -0.000614509550869172    0.734414090656878    0.735317254605754
126.100000000028    -0.000599957977832755    0.736315841485476    0.737199889003445
126.200000000028    -0.000573011360809538    0.737824540002212    0.738670588485015
126.300000000028    -0.000582156641416705    0.738926525292155    0.739787368406126
126.400000000028    -0.000597190753041209    0.739713824510552    0.740597852955954
126.500000000028    -0.000589513204326988    0.740150234932364    0.741023406351802
126.600000000028    -0.000578571419782833    0.740169820626821    0.741026798657818
126.700000000028    -0.000581025871213981    0.739826735481405    0.740686952236655
126.800000000028    -0.00058964945080852    0.739244734793015    0.740117039650863
126.900000000028    -0.000594973352941229    0.738512208102275    0.739391521439564
127.000000000028    -0.000596398410842778    0.737664259347061    0.738544668005406
127.100000000028    -0.000597006184761423    0.736717992679364    0.73759816854591
127.200000000028    -0.000598417986558895    0.735695675207004    0.736576709483117
127.300000000028    -0.000600460832820763    0.734624013645369    0.735506769599832
127.400000000028    -0.000602469718065408    0.733525974595003    0.73441036178572
127.500000000028    -0.000604008888582181    0.732416670457897    0.733301977549454
127.600000000028    -0.000604943363815019    0.731304640459612    0.732189971813286
127.700000000028    -0.000605342072094951    0.730195926490489    0.73108049858955
127.800000000028    -0.000605457914894648    0.729098493546406    0.729981905322369
127.900000000029    -0.000605751254867799    0.728025107198274    0.728907646041807
128.000000000029    -0.000606717517782049    0.726992721283101    0.727875415267609
128.100000000028    -0.00060823791869097    0.726017117213518    0.726900837006021
128.200000000028    -0.000608687950653705    0.725105532390792    0.72598879602376
128.300000000028    -0.000605251939588058    0.724257501030185    0.725134748500437
128.400000000028    -0.000597309917150049    0.723486731936033    0.724351540094346
128.500000000028    -0.000591183915152437    0.722858277164847    0.723713467112177
128.600000000028    -0.000596978644613092    0.722495357571797    0.723358501448864
128.700000000028    -0.000610859534546749    0.722503933503135    0.723387169869547
128.800000000028    -0.000608234713866475    0.722868520887569    0.72374840351866
128.900000000028    -0.000583834014568011    0.723495807852941    0.724341104289797
129.000000000028    -0.000579503699595511    0.724411680106499    0.72525176543636
129.100000000028    -0.000611666596265941    0.725764111603017    0.72665250633207
129.200000000027    -0.000617837321327905    0.727518400510101    0.728417932313997
129.300000000027    -0.000578888057613223    0.729401363520461    0.730246336142119
129.400000000027    -0.000576616951290141    0.731293593951457    0.732137433088692
129.500000000027    -0.000614348635731326    0.733280057721108    0.734181590782854
129.600000000027    -0.000604919173669773    0.735228021680665    0.736118067140898
129.700000000027    -0.000566919354040409    0.73683200834938    0.737667930902473
129.800000000027    -0.000574242221770952    0.738045705268988    0.738893826307021
129.900000000027    -0.000599249163549062    0.738996422075381    0.73988263911579
130.000000000027    -0.000592038207209979    0.739642000786305    0.740518312244415
130.100000000027    -0.000573329177468038    0.739854261229994    0.74070310796867
130.200000000027    -0.0005742363295553    0.739662380212337    0.740512350316697
130.300000000026    -0.000586846454445325    0.739215199850734    0.740083320942728
130.400000000026    -0.000594295089230295    0.738616900914139    0.739495335757725
130.500000000026    -0.000594545327668794    0.737889840423702    0.738767780312677
130.600000000026    -0.000593464233332057    0.737034999632345    0.737910326929779
130.700000000026    -0.000594491879684855    0.736074096817968    0.736949797561758
130.800000000026    -0.000597179895659785    0.735045198241005    0.735923631253121
130.900000000026    -0.000599978340730956    0.733983194702098    0.734864471487645
131.000000000026    -0.000601976034667739    0.732909775044924    0.733792694781748
131.100000000026    -0.000602983231322875    0.731835120338281    0.732718221444754
131.200000000026    -0.000603163359399189    0.730764779000071    0.731646852112317
131.300000000026    -0.00060289484897338    0.729706691770222    0.730587095372479
131.400000000025    -0.000602859707705786    0.728675763846866    0.729554872341966
131.500000000025    -0.000603983999623218    0.727693530626591    0.728573092366063
131.600000000025    -0.000606695442993086    0.726780240259412    0.727662644129465
131.700000000025    -0.00060942711452964    0.725940464595567    0.726825819760328
131.800000000025    -0.000607862970646456    0.725154000437768    0.726036125178497
131.900000000025    -0.000597952228879164    0.724394344834461    0.725261169580412
132.000000000025    -0.000583669056919605    0.723685549320801    0.724530828408206
132.100000000025    -0.000581319332971543    0.723156107813161    0.723997366105327
132.200000000025    -0.000602376840137966    0.722992172343459    0.723863724826931
132.300000000025    -0.000620917054462914    0.723257878571731    0.724156602908159
132.400000000025    -0.000594987341880231    0.723793165099566    0.724654973407348
132.500000000024    -0.000553464589974437    0.724453032788408    0.725255395069014
132.600000000024    -0.000575288158543431    0.725407937310389    0.726243054936566
132.700000000024    -0.000630228273383834    0.726888334164227    0.727805123110108
132.800000000024    -0.000603886448827907    0.728681846247755    0.729562460223513
132.900000000024    -0.00054144921608615    0.730393273797594    0.731184644015443
133.000000000024    -0.000572418926052313    0.732077159144274    0.732915748811321
133.100000000024    -0.000626398905812212    0.733933779550704    0.734853826500004
133.200000000024    -0.000587673396222343    0.735687643404003    0.736552839968923
133.300000000024    -0.000540483743867057    0.736973543357868    0.737770618603771
133.400000000024    -0.000569757881329138    0.737895775277259    0.738737098494921
133.500000000024    -0.000604360894143658    0.73866989280012    0.739563279121656
133.600000000023    -0.000588787528388967    0.739190228073415    0.740061192861413
133.700000000023    -0.000564234783773793    0.739269247338192    0.74010396116061
133.800000000023    -0.000567829762114652    0.738954211200789    0.739793888382403
133.900000000023    -0.000585172368508493    0.738434380176486    0.739299108982362
134.000000000023    -0.000595066783132343    0.737826473473601    0.738705108372203
134.100000000023    -0.000595431097028676    0.737137112285059    0.738015464001842
134.200000000023    -0.000593263931843608    0.736341838811647    0.737216047557113
134.300000000023    -0.000593100966827263    0.735441855403137    0.736314755672101
134.400000000023    -0.00059512237650438    0.734465455684622    0.73534016990152
134.500000000023    -0.000597775192370421    0.733446731462146    0.734324128470298
134.600000000023    -0.000599817213445408    0.732410663534465    0.733289815911792
134.700000000022    -0.000600768429399253    0.73137124674818    0.73225054451295
134.800000000022    -0.000600705448121192    0.730337545806641    0.731215508689195
134.900000000022    -0.000600132874605994    0.729321592942085    0.730197498329873
135.000000000022    -0.000600022730838253    0.728343657843991    0.729218228107166
135.100000000022    -0.000601584761320618    0.727430765070177    0.728306514434013
135.200000000022    -0.00060508685827373    0.726605124455922    0.72748497526601
135.300000000022    -0.000607918690448241    0.725865656378868    0.726748727813032
135.400000000022    -0.000604422745303959    0.725180269411491    0.726057430486152
135.500000000022    -0.000591090264445904    0.724516060658738    0.72537307601195
135.600000000022    -0.000575794292053065    0.723910243716848    0.724744370775029
135.700000000022    -0.000578205054025577    0.723516612039071    0.724353778016175
135.800000000021    -0.000604268876907573    0.723519592753277    0.724394522189372
135.900000000021    -0.000616769373142671    0.723930501679372    0.724824049115504
136.000000000021    -0.000578927303864256    0.724542127384396    0.725381527776887
136.100000000021    -0.000541059031630459    0.725246479215473    0.726031706385201
136.200000000021    -0.000579501489278993    0.726278833229294    0.727121080643902
136.300000000021    -0.000631478887864987    0.727826068776712    0.728745863200412
136.400000000021    -0.000583777437984165    0.729571589499171    0.730423901926624
136.500000000021    -0.000525635009652115    0.731146677275527    0.731915714089733
136.600000000021    -0.000576732488691024    0.732712341312331    0.7335579870479
136.700000000021    -0.000624431303408903    0.734447545627426    0.735365342805117
136.800000000021    -0.000571333048716107    0.736000963909593    0.736842448026416
136.90000000002    -0.000530998749885216    0.7370494580179    0.737832618556789
137.00000000002    -0.000568299209573466    0.737772352308036    0.738611380016143
137.10000000002    -0.000601314809481445    0.738387919284167    0.739276460759331
137.20000000002    -0.00058502333305641    0.738776969583944    0.739641879106458
137.30000000002    -0.000562101887847185    0.738757527483756    0.73958850858152
137.40000000002    -0.000565389198498777    0.738374778347081    0.739210188927442
137.50000000002    -0.00058212398355103    0.737809270524404    0.73866876379937
137.60000000002    -0.000593000692758417    0.737179558332419    0.738054373075725
137.70000000002    -0.000594791712836773    0.736498506621912    0.737375154461293
137.80000000002    -0.000593120007197498    0.735739017882817    0.736612298906428
137.90000000002    -0.000592422144317023    0.734890203516878    0.735761450123071
138.000000000019    -0.000593533562060171    0.733967139079207    0.734838924774262
138.100000000019    -0.000595471791243398    0.732996319518506    0.733869796912371
138.200000000019    -0.000597180942561824    0.732001908021799    0.732876705613028
138.300000000019    -0.000598124955634938    0.731001371296911    0.731876354972035
138.400000000019    -0.000598291190561229    0.730008333287365    0.730882371326308
138.500000000019    -0.000598135881789256    0.729037859854222    0.729910509223445
138.600000000019    -0.000598487590001842    0.728109691527672    0.728981742668536
138.700000000019    -0.000600052987702632    0.727245603543814    0.728118899361979
138.800000000019    -0.000602308424797324    0.726459687679884    0.727335320661336
138.900000000019    -0.000602522325741609    0.725747595667657    0.726622681184704
139.000000000019    -0.000596869132225766    0.725090210574007    0.725956295442872
139.100000000018    -0.000585228239388238    0.72448626774031    0.725334743938403
139.200000000018    -0.000576681371855321    0.724000946202254    0.724836463747419
139.300000000018    -0.000584278501747204    0.723770716018414    0.724616977810114
139.400000000018    -0.000602512805554585    0.723905724572112    0.724778575414059
139.500000000018    -0.000599589601145514    0.724361449658427    0.725230609983291
139.600000000018    -0.000565837450063965    0.724991567185339    0.725812486451592
139.700000000018    -0.000552598977207061    0.725798018561554    0.726600612559609
139.800000000018    -0.000592117427764854    0.726974603650688    0.727836022376456
139.900000000018    -0.000612191127370166    0.728543022235362    0.729435583801874
140.000000000018    -0.000563608112108549    0.730191447493542    0.731014995298165
140.100000000018    -0.000540598367279411    0.731726252810991    0.732517820766465
140.200000000017    -0.000588018509305148    0.733297813888732    0.734160706660453
140.300000000017    -0.000603399711392258    0.734915945513212    0.735803377128033
140.400000000017    -0.000557773307410341    0.736261946222229    0.7370837391181
140.500000000017    -0.000542516060360534    0.737176328404995    0.737976622572389
140.600000000017    -0.000574435831828213    0.737826110679797    0.738674265401526
140.700000000017    -0.000590544479451781    0.738317732367075    0.739190266559187
140.800000000017    -0.000575831077226146    0.738541725185033    0.739392765795044
140.900000000017    -0.000563698792665261    0.738407056421267    0.739240004285373
141.000000000017    -0.000569958106940735    0.737985718252681    0.738827439884598
141.100000000017    -0.000582629477878968    0.737413927747158    0.738273706863223
141.200000000017    -0.000589787313857075    0.73677001231624    0.73763960040125
141.300000000016    -0.000591144910633288    0.736064393839472    0.736935150023191
141.400000000016    -0.000590879163769428    0.735287631030575    0.736157077049218
141.500000000016    -0.000591303773849148    0.7344416076302    0.735310677703141
141.600000000016    -0.00059259046511455    0.733541651188979    0.73441154625702
141.700000000016    -0.00059419935179906    0.732607642058206    0.733478789665618
141.800000000016    -0.000595490717602693    0.731656876664088    0.732528785634834
141.900000000016    -0.000596027510684111    0.730702266762478    0.731573823540514
142.000000000016    -0.000595851830064422    0.729755376084857    0.730625546730308
142.100000000016    -0.000595518329179461    0.728831226908022    0.729699808873507
142.200000000016    -0.00059587605896997    0.727950472209418    0.728818525978888
142.300000000016    -0.000597461475420363    0.727135304001015    0.728004694091218
142.400000000015    -0.000599423010774413    0.726399072846011    0.727270435799554
142.500000000015    -0.000598810349744144    0.725737084806398    0.726606763334052
142.600000000015    -0.000592177596394903    0.725133891287776    0.725993216250382
142.700000000015    -0.000580730279282317    0.724597957839063    0.725440038809827
142.800000000015    -0.000574504766344112    0.724203988387396    0.725036584003814
142.900000000015    -0.000583902699268035    0.724082114368485    0.724928195399625
143.000000000015    -0.000599006814144362    0.724315017247757    0.725183276602864
143.100000000015    -0.000591472305812045    0.724838322240101    0.725696273281974
143.200000000015    -0.000560559974792724    0.7255232928629    0.726337147714872
143.300000000015    -0.00055393972251274    0.726393282793974    0.727198485014481
143.400000000015    -0.000590245672756482    0.727612234639774    0.728471681870665
143.500000000014    -0.000602335216676389    0.729157676776756    0.73003660087816
143.600000000014    -0.000557121133876848    0.730736120063079    0.731550791005027
143.700000000014    -0.000540221594909667    0.732194078743942    0.732985600447064
143.800000000014    -0.000583677788169109    0.733669615962916    0.734526569465025
143.900000000014    -0.000595608293553339    0.735155643961328    0.736031895461181
144.000000000014    -0.000555271989317094    0.7363655769306    0.737183797623166
144.100000000014    -0.000542359152021197    0.737163964001227    0.737964013160043
144.200000000014    -0.000569939459767045    0.73770023347276    0.738541601946924
144.300000000014    -0.000585146309354532    0.738078150712207    0.738942423850253
144.400000000014    -0.000575416178325173    0.7382204559185    0.739070513042133
144.500000000014    -0.000566039591681323    0.738051231889101    0.738887237537274
144.600000000013    -0.000569696657047414    0.737617147344341    0.738458062456915
144.700000000013    -0.000579378745435609    0.737026070318531    0.737880599894754
144.800000000013    -0.000586296553078453    0.736355035225958    0.737218986595658
144.900000000013    -0.000588825506469614    0.735629692921392    0.73649651838335
145.000000000013    -0.000589407616787577    0.734851983192283    0.735718748782733
145.100000000013    -0.000590007582899109    0.734025205275256    0.734891877492739
145.200000000013    -0.0005909930224173    0.733160201957699    0.734027299533658
145.300000000013    -0.000592040774522565    0.732271671512486    0.733139254532135
145.400000000013    -0.000592927515238155    0.731374486290398    0.732242304957694
145.500000000013    -0.000593587603903322    0.730482445851431    0.731350171572115
145.600000000013    -0.000594007549016071    0.729608278915797    0.730475579750041
145.700000000012    -0.000594364931961748    0.728764006182909    0.729630824927475
145.800000000012    -0.000594977851978536    0.727960619362527    0.728827375954769
145.900000000012    -0.000595700762768474    0.727205579702979    0.728072489959117
146.000000000012    -0.000595173271963751    0.726499430376833    0.727364731467029
146.100000000012    -0.000591074000003747    0.725838600998286    0.726697157118985
146.200000000012    -0.000582775850157327    0.725233424417737    0.726079214374654
146.300000000012    -0.000575408175742936    0.724737457180522    0.725571977086357
146.400000000012    -0.000578398339230364    0.724455075019591    0.725293607249717
146.500000000012    -0.000591734420861785    0.724484211595046    0.725342123741937
146.600000000012    -0.000595541991999421    0.724819700275608    0.725683535862259
146.700000000012    -0.000574431818590878    0.725350236835804    0.726184044312671
146.800000000011    -0.000552669496216129    0.726017064869369    0.726820003600084
146.900000000011    -0.000566590434554193    0.726928451505202    0.727752659908256
147.000000000011    -0.000594880828185929    0.72819105820508    0.729057947700586
147.100000000011    -0.000583835902724891    0.729674184343818    0.730526702046484
147.200000000011    -0.000551486246705623    0.731135685753497    0.731942553280179
147.300000000011    -0.000554509278201386    0.732521834601588    0.733334665631479
147.400000000011    -0.000578985405845851    0.733904197189822    0.734754529158546
147.500000000011    -0.000575693778776191    0.735209935980585    0.736056935165223
147.600000000011    -0.000555353845435372    0.736260535510046    0.737078760153523
147.700000000011    -0.000555450424634513    0.737001486325833    0.73782067692267
147.800000000011    -0.000567396854260019    0.737495528236917    0.738332908649434
147.90000000001    -0.000571719090399724    0.737772412056079    0.738616491777255
148.00000000001    -0.000569446949025726    0.737811539966341    0.738652307799798
148.10000000001    -0.000568969260283671    0.737610196408546    0.738450029303303
148.20000000001    -0.000573330901531186    0.737209325364046    0.738055140070011
148.30000000001    -0.000578340462087774    0.736663563033675    0.737516140804793
148.40000000001    -0.000581614243059074    0.736013570138977    0.736870220329885
148.50000000001    -0.000584195430356439    0.735287059532142    0.736146664389729
148.60000000001    -0.000586246753269364    0.734505267860072    0.735366975690574
148.70000000001    -0.000587678734513247    0.733684764178331    0.734547613123795
148.80000000001    -0.000588772061589304    0.732839651360585    0.733703110766051
148.90000000001    -0.000589575992120927    0.731983327518803    0.732846956286667
149.000000000009    -0.000590035064923066    0.731129224668905    0.731992517801214
149.100000000009    -0.00059031316322364    0.730291713614367    0.731154424507043
149.200000000009    -0.000590721061669168    0.729486472190507    0.73034882764869
149.300000000009    -0.000591576357235621    0.728728776694583    0.729591484482373
149.400000000009    -0.000592951896643681    0.72802914880587    0.728893033577177
149.500000000009    -0.000594047984924577    0.727387395459696    0.728252115177767
149.600000000009    -0.000592737020105454    0.726789744519474    0.727651845893692
149.700000000009    -0.000586635842039601    0.726218195434722    0.727070746817087
149.800000000009    -0.000576373277085221    0.725678252179253    0.72651525771151
149.900000000009    -0.000568747407919055    0.725232347099898    0.726057764589059
150.000000000009    -0.000573260266971588    0.724999115485475    0.725830818640843
150.100000000008    -0.000587682604321584    0.725081627518621    0.725934364375649
150.200000000008    -0.000590231534326521    0.7254666335978    0.726323525931179
150.300000000008    -0.000567951897461423    0.726033856141041    0.726859029412199
150.400000000008    -0.000549192765939602    0.726722115997157    0.727520775673181
150.500000000008    -0.000564723964634229    0.727624374788959    0.728446652992557
150.600000000008    -0.000585685603210583    0.728811759296859    0.729665968704752
150.700000000008    -0.000570786022884351    0.730150769720072    0.730984765461093
150.800000000008    -0.000546539679801773    0.73145204463628    0.732252016985444
150.900000000008    -0.000553217291567425    0.73269119881467    0.733502322423403
151.000000000008    -0.000569708090553406    0.73391356658749    0.734750276261064
151.100000000008    -0.000567756024242704    0.73504791216454    0.735883042075054
151.200000000007    -0.000556353185227201    0.73595778254347    0.736777143310464
151.300000000007    -0.000552266060161166    0.736583203678372    0.737397233046917
151.400000000007    -0.000558507136440705    0.736960833866564    0.737784489654183
151.500000000007    -0.000566233256606494    0.737145279176258    0.737980544475289
151.600000000007    -0.0005699272455309    0.737154819722531    0.737995548108413
151.700000000007    -0.000570688515776825    0.736983846709536    0.737825503468643
151.800000000007    -0.000571840818191456    0.736636199661784    0.737479158994586
151.900000000007    -0.000574161579381016    0.736137319726007    0.736983128889403
152.000000000007    -0.000577777714348228    0.735525537466908    0.736375969355265
152.100000000007    -0.000581389775484761    0.734837776094473    0.735692727493798
152.200000000007    -0.000583377309383988    0.734099108103826    0.734956121591062
152.300000000006    -0.000584378518720315    0.733325536428445    0.734183116961522
152.400000000006    -0.000585286448344026    0.732531615482142    0.733389599303496
152.500000000006    -0.000586113845293192    0.731732648261688    0.732590908572337
152.600000000006    -0.000586491152653003    0.7309437132646    0.731801600449678
152.700000000006    -0.00058640248354411    0.730179997969093    0.731036859163112
152.800000000006    -0.000586282897687642    0.729458462107296    0.730314301913352
152.900000000006    -0.000586761905995    0.728797619259561    0.7296533827493
153.000000000006    -0.000588377556129328    0.728213000243087    0.72907043310819
153.100000000006    -0.00059062768434712    0.72770807123199    0.728568188306931
153.200000000006    -0.000591134968511449    0.727265407353565    0.7281257399536
153.300000000006    -0.000586297680418312    0.72685009046997    0.72770289150935
153.400000000005    -0.000574576004109587    0.726437484935769    0.727272751954815
153.500000000005    -0.00056164128960774    0.726060382418051    0.726876411712826
153.600000000005    -0.000560375105725303    0.725835180433704    0.726649116475149
153.700000000005    -0.000576031449908593    0.725907218630511    0.726743991413244
153.800000000005    -0.000588729884942906    0.726321286778234    0.727177004660117
153.900000000005    -0.000574616670632348    0.726961871074722    0.727797800233619
154.000000000005    -0.00055023524762636    0.727689728113331    0.728490970060379
154.100000000005    -0.000550356141285837    0.728508999851444    0.729311320217485
154.200000000005    -0.000568277986668909    0.729499229097194    0.730328817240249
154.300000000005    -0.000570258770477437    0.730623104770044    0.731456868698053
154.400000000005    -0.000550680746246739    0.731725545918334    0.7325318842927
154.500000000004    -0.000538570210998734    0.732715183710811    0.733504846141659
154.600000000004    -0.000550554447369014    0.733637428173658    0.734445687862299
154.700000000004    -0.000565908209600856    0.734535236282397    0.735367066062606
154.800000000004    -0.000562768864988441    0.735329920397834    0.736158028000398
154.900000000004    -0.000551571763921651    0.735899018983601    0.736711269237845
155.000000000004    -0.000550413155703419    0.736207718176152    0.737018601323734
155.100000000004    -0.000557174291181776    0.736306491041366    0.737127450553378
155.200000000004    -0.000564975057301554    0.736253477320542    0.737085877306847
155.300000000004    -0.000567886551473259    0.736072903550254    0.736909390385538
155.400000000004    -0.000567892376519148    0.735767812343148    0.736603961048659
155.500000000004    -0.000570030027656015    0.735351419147824    0.736190242081672
155.600000000003    -0.000574026395431211    0.734849938429557    0.735694069505755
155.700000000003    -0.000577019238579217    0.734286094572204    0.735133978223761
155.800000000003    -0.000579113603343472    0.733674084564101    0.734524338243156
155.900000000003    -0.000580162717146677    0.733022740430356    0.7338737791009
156.000000000003    -0.000579478040656238    0.732337737752357    0.733186977142677
156.100000000003    -0.000579195540612846    0.731629478299029    0.732477482521717
156.200000000003    -0.000579479426130164    0.730917269423769    0.73176486362684
156.300000000003    -0.000579491606868166    0.730224231450761    0.731071039795604
156.400000000003    -0.000579241599545394    0.729575281949777    0.730420972515544
156.500000000003    -0.000579414309334537    0.728996881972192    0.729842154184757
156.600000000003    -0.000581248236971975    0.72851324133588    0.729360627952131
156.700000000002    -0.000584413376126939    0.728134802385755    0.728986363485728
156.800000000002    -0.000586584730051789    0.727844248692433    0.728698634506383
156.900000000002    -0.000583608230480779    0.727594493218538    0.728444249412637
157.000000000002    -0.000572428822856652    0.727332938234839    0.728166107840453
157.100000000002    -0.000556678978687878    0.727053401720627    0.727863323277175
157.200000000002    -0.000548507592850001    0.726842106101958    0.727639900526257
157.300000000002    -0.000558861999090945    0.72685534691648    0.727668224867533
157.400000000002    -0.000579169756117678    0.727202454569211    0.728045290050553
157.500000000002    -0.000582022966072136    0.727825626396193    0.728673342246003
157.600000000002    -0.000558661258130931    0.728539262897178    0.729353731231498
157.700000000002    -0.000538752467572498    0.729225440307839    0.730011607868317
157.800000000001    -0.000545112103264893    0.729933947890151    0.73073017358157
157.900000000001    -0.000560740990129813    0.730751003946281    0.731570987827837
158.000000000001    -0.000560027037744731    0.731647160831641    0.732467104406522
158.100000000001    -0.000548695651770063    0.732516119187461    0.733320417321249
158.200000000001    -0.000547721222930128    0.733301442420786    0.734105172166264
158.300000000001    -0.000556471961582157    0.73400277259418    0.734820131356759
158.400000000001    -0.000557216232056854    0.734592992982518    0.735412103683587
158.500000000001    -0.000549903067414272    0.735016259308979    0.735825079472855
158.600000000001    -0.000550694570965872    0.735264450951953    0.73607470943963
158.700000000001    -0.000558900084950441    0.73538023608925    0.736202703919432
158.800000000001    -0.000564351733431796    0.73539148992359    0.736221997546185
158.9    -0.00056603091860076    0.735291981945738    0.73612484936641
159    -0.000566383451740916    0.735068481672737    0.735901614793381
159.1    -0.00056621685793233    0.734720147130123    0.735552640368163
159.2    -0.000566980015854083    0.734263990781573    0.735097089149968
159.3    -0.000569009145211277    0.733730586568222    0.734566060788451
159.4    -0.000571431544730401    0.733152925588781    0.733991298078854
159.5    -0.000573519077633945    0.732558083049797    0.733398837310613
159.6    -0.000575226175197174    0.731965374325537    0.732807950282582
159.7    -0.000576850460502143    0.731387567098291    0.732231856636873
159.8    -0.000577153930758392    0.730830620892828    0.731674711594228
159.9    -0.000576153688079648    0.730296677517377    0.731138688893625
159.999999999999    -0.000574899705327494    0.729791836165594    0.730631433072733
160.099999999999    -0.000574154375047083    0.729328756475044    0.730166732195226
160.199999999999    -0.00057545320229941    0.728922700441278    0.729762105283878
160.299999999999    -0.000578013756713541    0.728579872501974    0.729422617998806
160.399999999999    -0.000576618729070036    0.728283875883919    0.729124244702147
160.499999999999    -0.000570039599462129    0.72800605287612    0.728836510827613
160.599999999999    -0.000562529554312744    0.727741438274616    0.728560651239975
160.699999999999    -0.000557107727509948    0.727529951465585    0.728341028438747
160.799999999999    -0.000557779335709975    0.727446644645415    0.728258606953642
160.899999999999    -0.000566339759758548    0.727562651361165    0.72838721365794
160.999999999999    -0.000571512144184858    0.727884104568858    0.728716569543341
161.099999999998    -0.000560986446895485    0.728334331933292    0.729151961990719
161.199999999998    -0.000545485691405796    0.728837120016662    0.729632694431791
161.299999999998    -0.000546152856815356    0.729403629708896    0.730200796836274
161.399999999998    -0.000557874816874083    0.730081039268327    0.730896081612096
161.499999999998    -0.000554931763266086    0.730835667918203    0.731647246140448
161.599999999998    -0.000539395173085204    0.731575228414118    0.732364870637232
161.699999999998    -0.000539443017845379    0.73227758784705    0.733068058324607
161.799999999998    -0.000554807984623364    0.732986004926534    0.733799789396957
161.899999999998    -0.000560933558586179    0.733678246090096    0.734501797546618
161.999999999998    -0.000551173260443559    0.734243228614166    0.735053065443119
162.099999999998    -0.000540523501420583    0.734594843570488    0.735389404603344
162.199999999997    -0.000543048455088896    0.734752569504828    0.735551015595228
162.299999999997    -0.000553958367650965    0.734794685265066    0.735609227816545
162.399999999997    -0.000560259995085909    0.734766268227749    0.735590050051402
162.499999999997    -0.000559130038897009    0.734659312958837    0.735481312744071
162.599999999997    -0.000557480110759193    0.734459679428556    0.735279029526811
162.699999999997    -0.000559132331873157    0.734179272149482    0.735000738194607
162.799999999997    -0.0005642256090497    0.733844420917458    0.734672996051447
162.899999999997    -0.000566850451166616    0.73346846678174    0.734300472267048
162.999999999997    -0.000564543496552003    0.733045084395636    0.73387322358638
163.099999999997    -0.000568571909514846    0.732581724522122    0.733415249220826
163.199999999997    -0.000569895558024484    0.732092378152422    0.732927286351642
163.299999999996    -0.000567795145984102    0.73157716461002    0.73240840851223
163.399999999996    -0.000566491813203712    0.731044204173214    0.731872934755813
163.499999999996    -0.000566338078527481    0.730516024796067    0.731343931754936
163.599999999996    -0.000567233999308179    0.730021698794007    0.73085035509161
163.699999999996    -0.000568858281777675    0.729587667340594    0.73041820377182
163.799999999996    -0.000570571977224028    0.729229235194879    0.730061865803721
163.899999999996    -0.000571065261736591    0.728944853883179    0.729777879762869
163.999999999996    -0.000569439679833216    0.728718217851578    0.729548612848764
164.099999999996    -0.000565345631805067    0.728529249642573    0.729353457262606
164.199999999996    -0.00055939889042161    0.728369198036236    0.729184551986729
164.299999999996    -0.000554062748158561    0.728253510915242    0.729060954572922
164.399999999995    -0.000552152425364083    0.728221472641171    0.729026095420232
164.499999999995    -0.000553793744347949    0.728314346671395    0.729121465506969
164.599999999995    -0.000554356984347192    0.728542958086404    0.729351151868697
164.699999999995    -0.000549163155599705    0.72887710516245    0.729678089936007
164.799999999995    -0.00054138252273953    0.7292771474939    0.730067211024261
164.899999999995    -0.000538452419878551    0.72973249912192    0.730518774954077
164.999999999995    -0.000540493579898581    0.730253692488952    0.731043514247517
165.099999999995    -0.00054094970158783    0.730832054052238    0.731623168768609
165.199999999995    -0.000537778827225932    0.731429680063967    0.732216798150494
165.299999999995    -0.00053589517103896    0.732008664944362    0.732793645429018
165.399999999995    -0.000537421139564588    0.732548449405929    0.73333624682985
165.499999999994    -0.000538562788076502    0.733031754937171    0.733821747649224
165.599999999994    -0.000538730652398388    0.733438271103164    0.734228948421842
165.699999999994    -0.000540480558175683    0.733757214823096    0.734550806762176
165.799999999994    -0.000544359154119545    0.733989898704449    0.734789442184043
165.899999999994    -0.000547788273816854    0.734137492824619    0.734942237474179
165.999999999994    -0.000549608244181257    0.734195252844316    0.735002736171413
166.099999999994    -0.000551974444333657    0.734161324937648    0.734972249125844
166.199999999994    -0.000555152929800062    0.734040727771724    0.73485619019931
166.299999999994    -0.000557560409492681    0.733838628442157    0.734657403691172
166.399999999994    -0.000558595489947013    0.733557769414973    0.734377751576532
166.499999999994    -0.00055877984619817    0.733203537319972    0.734023394159082
166.599999999993    -0.000559348186795253    0.732789695511588    0.733609923479588
166.699999999993    -0.000560705992404292    0.732338211267539    0.73315992485432
166.799999999993    -0.000562360283531901    0.731873252146592    0.732696868214731
166.899999999993    -0.000563619018406523    0.731415500167267    0.732240444494082
166.999999999993    -0.000564158011702757    0.73098025147977    0.731805493777362
167.099999999993    -0.000564870016773178    0.730579096317165    0.731404927257083
167.199999999993    -0.000565652517314085    0.730219878342005    0.731046447317581
167.299999999993    -0.000565260369735131    0.729903598908561    0.730729236765301
167.399999999993    -0.00056422753414556    0.729626304377351    0.730450119697771
167.499999999993    -0.000562783914754422    0.729382921609484    0.730204353850293
167.599999999993    -0.000561271318694555    0.729168492862756    0.729987475257164
167.699999999992    -0.000559666747970284    0.728979005941458    0.729795433487996
167.799999999992    -0.000556491369728592    0.728811581077321    0.729623187439313
167.899999999992    -0.000550853501185538    0.728669845842548    0.729473068972403
167.999999999992    -0.000545251863226134    0.728576957233429    0.729371906567905
168.099999999992    -0.000545250899043856    0.728580980206256    0.729375932523689
168.199999999992    -0.000550894346204419    0.728728670218753    0.729532017787067
168.299999999992    -0.000551418866028965    0.729018347848934    0.729822780369573
168.399999999992    -0.000542244729026674    0.729397921557048    0.730189375075201
168.499999999992    -0.000534515786638705    0.729827205968408    0.730607831551323
168.599999999992    -0.000536060815297639    0.730313151749167    0.731096556228709
168.699999999992    -0.000541055514496633    0.730866842175032    0.731658149386805
168.799999999991    -0.00054165480438626    0.731454290528223    0.732247111424777
168.899999999991    -0.000535389320637516    0.732007154855736    0.732791392354798
168.999999999991    -0.000529860359459888    0.732476224995516    0.733252856733632
169.099999999991    -0.000532055781705576    0.732862893313979    0.733643156336602
169.199999999991    -0.00053708278990605    0.733187628299356    0.733975616428082
169.299999999991    -0.000539637835229928    0.733450836205656    0.734242859254255
169.399999999991    -0.000539455216218799    0.73363584952702    0.734427804122722
169.499999999991    -0.000539672966939226    0.733733771492449    0.734526151681426
169.599999999991    -0.000542872448004003    0.7337555034898    0.734552607508441
169.699999999991    -0.000547723270473471    0.733718698062491    0.734522888145934
169.799999999991    -0.000550759791645598    0.733628550053704    0.734437101586123
169.89999999999    -0.000550284305768964    0.733476459360845    0.734284144986043
169.99999999999    -0.00055051494550097    0.733258501675622    0.734066285901087
170.09999999999    -0.000552335834287405    0.732984516821589    0.733794671528302
170.19999999999    -0.000553838591362153    0.73266790579731    0.733479915041132
170.29999999999    -0.000555185313615242    0.732320669365695    0.733134268424922
170.39999999999    -0.000556523483057739    0.731953846298029    0.732768998957585
170.49999999999    -0.000557516165887923    0.731576115807916    0.732392301867119
170.59999999999    -0.000557562135339238    0.731193095725609    0.732008921766914
170.69999999999    -0.000556852004863328    0.730809917934525    0.731624277348149
170.79999999999    -0.000556285988304894    0.730435316684434    0.731248430872533
170.89999999999    -0.000555855429808696    0.730081514762799    0.730893605716333
170.999999999989    -0.000555558422823426    0.729761384790721    0.730572685683709
171.099999999989    -0.000555531936362575    0.729486396049642    0.730297352542168
171.199999999989    -0.000555426687964714    0.729264059842559    0.730074615489618
171.299999999989    -0.000554357452106092    0.729095406422397    0.729904213734451
171.399999999989    -0.000552051267135457    0.728976367327893    0.729781676554462
171.499999999989    -0.000548798719488137    0.728903623146712    0.729704105200264
171.599999999989    -0.000545325221393618    0.728880213920656    0.729675601193448
171.699999999989    -0.000543694820612176    0.728917089222122    0.729710137290381
171.799999999989    -0.000543656881304531    0.72902462878175    0.729817738473447
171.899999999989    -0.000540264575983368    0.729197968354709    0.72998631393226
171.999999999989    -0.000532787969754748    0.729422575264705    0.730200244743584
172.099999999988    -0.000528222803373377    0.729702920781445    0.730474219643982
172.199999999988    -0.000530739887607308    0.730068596778256    0.730843961345158
172.299999999988    -0.00053672438599332    0.730537798369656    0.73132241439476
172.399999999988    -0.000537727440488885    0.731078277787389    0.731864942500815
172.499999999988    -0.000530791994087276    0.731616440310384    0.732393525079277
172.599999999988    -0.000524797112456264    0.732093889260646    0.732862694245544
172.699999999988    -0.000527047188003333    0.732501151831662    0.733273684337311
172.799999999988    -0.000531589610502654    0.732846846108795    0.733626408054788
172.899999999988    -0.000530961720646452    0.733120785702441    0.733899717433009
172.999999999988    -0.000528118707274112    0.73330785323777    0.734082809697745
173.099999999988    -0.00052949049293448    0.733417609420291    0.734194696183422
173.199999999987    -0.000535035216574848    0.733478019856277    0.734263313158263
173.299999999987    -0.000540431211296931    0.733505417085611    0.73429866422322
173.399999999987    -0.00054182227422505    0.733490410186083    0.73428568396747
173.499999999987    -0.000539673878449482    0.733412765499014    0.734204800362863
173.599999999987    -0.000539912604455329    0.733269041044738    0.734061271175205
173.699999999987    -0.000544660439903668    0.733077509547359    0.73387650136426
173.799999999987    -0.000548826415594286    0.732853741849544    0.733658602562953
173.899999999987    -0.000549659893308791    0.732596369191761    0.73340216979229
173.999999999987    -0.000549395284098039    0.732299603440001    0.733104689647921
174.099999999987    -0.000548801362171742    0.731964689627559    0.73276853721767
174.199999999987    -0.000548441634860569    0.731600937438424    0.732403858622219
174.299999999986    -0.000549127137861641    0.731224888287794    0.732028400378165
174.399999999986    -0.000550397096801269    0.730855585536546    0.731660550171664
174.499999999986    -0.000551488214250396    0.730508039250904    0.731314216996553
174.599999999986    -0.000552000404929706    0.730190070202553    0.730996645861498
174.699999999986    -0.000551285662701897    0.729902867196605    0.73070808107117
174.799999999986    -0.000548834152794758    0.729644642029973    0.730445989634806
174.899999999986    -0.000545960023753815    0.729417622465171    0.730214523266127
174.999999999986    -0.000544308911807375    0.729232289267185    0.730026576872659
175.099999999986    -0.000543424334941623    0.72910224366198    0.72989509832223
175.199999999986    -0.000542755397576865    0.729036480114783    0.729828286841383
175.299999999986    -0.000541952153091446    0.729036099614605    0.729826733468059
175.399999999985    -0.000539199945615636    0.729092812753258    0.729879490539849
175.499999999985    -0.000533762956895398    0.72919328038833    0.729972128831754
175.599999999985    -0.000528490279907686    0.729332850231181    0.730104148499148
175.699999999985    -0.00052611194601787    0.729523967687731    0.730291994304323
175.799999999985    -0.000525986580283177    0.72978568679564    0.730553805771388
175.899999999985    -0.000526163944322548    0.730125377273481    0.730894113051243
175.999999999985    -0.000526241918274618    0.73053030823148    0.731299584398369
176.099999999985    -0.000525582884999789    0.730970376222002    0.731739151315402
176.199999999985    -0.000521417340067088    0.731406056267242    0.732169189779023
176.299999999985    -0.000515625289129468    0.731807549677273    0.732562615967326
176.399999999985    -0.000517815397930358    0.73217747401081    0.732936132395925
176.499999999984    -0.000525940279219699    0.73253291937657    0.733303861982649
176.599999999984    -0.000527833273250269    0.732858970259975    0.733633033534533
176.699999999984    -0.000524658056061429    0.733115459490351    0.733885133169537
176.799999999984    -0.000522932245746362    0.733281033528148    0.734048347376554
176.899999999984    -0.000524762660550464    0.733365107734431    0.734135197098754
176.999999999984    -0.000529662517897502    0.733390250414801    0.734167560780239
177.099999999984    -0.000533959042242293    0.733370942128727    0.734154540629967
177.199999999984    -0.000535208284692218    0.733306480018721    0.73409184375855
177.299999999984    -0.000535459324132329    0.733192923642462    0.733978534279707
177.399999999984    -0.000537787473030003    0.733035129969985    0.733823988428559
177.499999999984    -0.000541455513203748    0.732842090319032    0.733636123032644
177.599999999983    -0.000543056372633797    0.732614991720954    0.733411126546927
177.699999999983    -0.00054189008354648    0.732348502351656    0.733142637467849
177.799999999983    -0.000540749026140219    0.732044329741875    0.732836462603747
177.899999999983    -0.000541474249690095    0.731717076712144    0.732509917925441
177.999999999983    -0.000543619598477799    0.731386259650937    0.732181883977521
178.099999999983    -0.000545275755381841    0.731065286708684    0.73186298602767
178.199999999983    -0.000545155805609423    0.730757797282349    0.731554985585547
178.299999999983    -0.000544025758683367    0.73046343921993    0.73125865369051
178.399999999983    -0.000542736892093265    0.730184447513914    0.730977473994038
178.499999999983    -0.000541808755870275    0.729927049845672    0.730718440361489
178.599999999983    -0.000541373089077977    0.729699581726433    0.730490089119179
178.699999999982    -0.00054048412648167    0.729508849705015    0.730297852055048
178.799999999982    -0.000538971165126664    0.729358278935319    0.730144909069064
178.899999999982    -0.000537093545494155    0.729248670505487    0.730032440971523
178.999999999982    -0.000533954829806612    0.729178790710882    0.729957903796263
179.099999999982    -0.000529831547996689    0.729150288587478    0.729923351833023
179.199999999982    -0.000526107187982408    0.729175764405138    0.729943417494859
179.299999999982    -0.00052469100399677    0.729278566758978    0.730044260318272
179.399999999982    -0.000527029488363972    0.729479146900372    0.730248466397559
179.499999999982    -0.000527792883840758    0.729771150130796    0.730541892963121
179.599999999982    -0.000522141731314303    0.730115066342121    0.730877911745138
179.699999999982    -0.000516569956265884    0.73047205759055    0.731227127474653
179.799999999981    -0.000516392576714334    0.730831523005233    0.731586704922187
179.899999999981    -0.000516939476365702    0.731193526460377    0.731949883048336
179.999999999981    -0.00051393501820844    0.731548451888931    0.732300775268144
180.099999999981    -0.00051290033699798    0.731890078648942    0.732641237254413
180.199999999981    -0.000516437033722989    0.732224780882799    0.732981467651585
180.299999999981    -0.000519951519003137    0.732550107341699    0.7333122847191
180.399999999981    -0.00052138652498326    0.732842389356692    0.733606976295514
180.499999999981    -0.000519814396146015    0.733069268848048    0.733831785133629
180.599999999981    -0.000517439419654741    0.733210834943039    0.733970012149087
180.699999999981    -0.000519892973591124    0.733274647572043    0.73403749284391
180.799999999981    -0.000524829400098605    0.733282026102881    0.734052126205782
180.89999999998    -0.000527385200131977    0.733242346809503    0.734016157229301
180.99999999998    -0.000528077805848744    0.733153128405038    0.733927861315092
181.09999999998    -0.000529332359039803    0.733014762367436    0.733791190222575
181.19999999998    -0.000532148377644815    0.732835669943192    0.733616039841448
181.29999999998    -0.000534520241157982    0.732625036879993    0.733408661566032
181.39999999998    -0.000535085339780075    0.732386900560709    0.733171099160958
181.49999999998    -0.000535530894333117    0.732124896520849    0.73290946768414
181.59999999998    -0.00053688236791636    0.731846568127959    0.732632821290314
181.69999999998    -0.000537840075993974    0.731559555474723    0.732346903035616
181.79999999998    -0.000537203615041936    0.731268252180598    0.732054354374812
181.89999999998    -0.000536500392591113    0.730977874797237    0.731762635655354
181.999999999979    -0.000537319683116714    0.730698110307599    0.731483769411868
182.099999999979    -0.000538388984852881    0.730437543146762    0.731224485882769
182.199999999979    -0.000537941843034083    0.730197191390754    0.730983221475056
182.299999999979    -0.000536135882232759    0.729973084605185    0.730756234007122
182.399999999979    -0.000533924365290595    0.729763253178359    0.730542946239013
182.499999999979    -0.000531874080692047    0.729571561092356    0.730348054495781
182.599999999979    -0.000529686834674427    0.729407535711867    0.730180660363374
182.699999999979    -0.000527240058219704    0.729285180298266    0.730054602690411
182.799999999979    -0.000525450311730651    0.729222048718953    0.729988791509832
182.899999999979    -0.000524939600830799    0.729234830197842    0.730000840788488
182.999999999979    -0.00052493612198853    0.729330323019736    0.730096428839183
183.099999999978    -0.000523237740847925    0.729497912954759    0.730261714284296
183.199999999978    -0.000518603927600119    0.729712571780209    0.730469828107804
183.299999999978    -0.000513162470821274    0.729951281318474    0.730700833166553
183.399999999978    -0.000508825240000273    0.730207729536795    0.730951204081872
183.499999999978    -0.000507267256140233    0.73049223664774    0.731233722364197
183.599999999978    -0.000509601208015773    0.730818861008699    0.731564093128709
183.699999999978    -0.000510549749792275    0.731183433468077    0.731930425882887
183.799999999978    -0.000507788815469446    0.731557884020802    0.73230121529886
183.899999999978    -0.000507111536858583    0.731914680309554    0.73265738169876
183.999999999978    -0.00050831661706278    0.732237961199135    0.732982757237982
184.099999999978    -0.000507649146743363    0.73251295242835    0.733257049319059
184.199999999977    -0.000506458976468483    0.732729186206623    0.733471756835534
184.299999999977    -0.000508580483134606    0.732891215029884    0.733637062689897
184.399999999977    -0.000512531376122582    0.733010593608082    0.733762360768848
184.499999999977    -0.000515078085723762    0.733090156463802    0.733845742998777
184.599999999977    -0.000516894173874376    0.733125778503603    0.733884067345939
184.699999999977    -0.000518698526916509    0.733114982813949    0.733875908828444
184.799999999977    -0.000520380549485515    0.733058841472578    0.73382217782343
184.899999999977    -0.000522333030490558    0.732961214659625    0.733727314523859
184.999999999977    -0.000524809943975605    0.732826849760758    0.733596443287027
185.099999999977    -0.000526891223573087    0.732657874186386    0.733430343201112
185.199999999977    -0.000527429029730846    0.732452885483339    0.733225927037324
185.299999999976    -0.000527418455124499    0.732212410756369    0.732985183007724
185.399999999976    -0.000528242094552069    0.731944061155921    0.732717757182651
185.499999999976    -0.000529811969528796    0.731659861660018    0.732435556937323
185.599999999976    -0.000531081161881332    0.731370201662218    0.732147448316202
185.699999999976    -0.000530986657362204    0.731081334376099    0.731858135715246
185.799999999976    -0.000529843622055745    0.730798478772666    0.731573307136504
185.899999999976    -0.000529237194368283    0.730530475754047    0.731304133001014
185.999999999976    -0.000530084586144911    0.730288877545234    0.731063517924999
186.099999999976    -0.000531054084389272    0.730080516041289    0.73085635253238
186.199999999976    -0.000529878648952924    0.729901937805781    0.730675866799576
186.299999999976    -0.000526491078763219    0.729744251612293    0.730513064061694
186.399999999975    -0.000522682987578927    0.729603893498646    0.730366995444657
186.499999999975    -0.000519555219257714    0.7294875795498    0.730245991745492
186.599999999975    -0.000517403755241409    0.729409680975612    0.730164870329512
186.699999999975    -0.000516450805939179    0.729386730036253    0.730140504052588
186.799999999975    -0.00051602595925756    0.729429689469778    0.730182887449927
186.899999999975    -0.000513749258520564    0.729535920265487    0.730285902644579
186.999999999975    -0.000510300934398649    0.729691515813827    0.730436620566163
187.099999999975    -0.00050702001284512    0.729882182152961    0.730622687350657
187.199999999975    -0.000502731107936622    0.73009855921816    0.73083301496707
187.299999999975    -0.000499356460574422    0.730340819901704    0.731070585128363
187.399999999975    -0.000499633871760205    0.730619610085507    0.731350059651994
187.499999999974    -0.000501310000166787    0.73094138590008    0.731674609925191
187.599999999974    -0.000502086378137355    0.731295001490027    0.732029716897922
187.699999999974    -0.000500686750345717    0.731654623236442    0.7323876498045
187.799999999974    -0.000497810442284273    0.731992141298167    0.732721290939689
187.899999999974    -0.000498481506418632    0.732293151563529    0.733023584857681
187.999999999974    -0.0005022183323295    0.732556017355803    0.733292193199556
188.099999999974    -0.000503760270501605    0.732773709240836    0.733512365910687
188.199999999974    -0.000503405322285614    0.732932865666478    0.73367116193966
188.299999999974    -0.000504406356971684    0.733028624183044    0.733768485969792
188.399999999974    -0.000507396851878321    0.733068135390865    0.733812425969781
188.499999999974    -0.000510299123025938    0.733061248713486    0.733809791719011
188.599999999973    -0.000512395722909855    0.733014765830272    0.733766338194419
188.699999999973    -0.000514888404732403    0.732934418737276    0.733689566421336
188.799999999973    -0.000517680234401914    0.732824927652717    0.733584058600449
188.899999999973    -0.000519677436109525    0.73268709377624    0.733449011628484
188.999999999973    -0.000521176607237196    0.73251897507151    0.73328291672836
189.099999999973    -0.000522354960147788    0.732318886138496    0.733084346785831
189.199999999973    -0.000522267655577565    0.732086098792564    0.732851188154987
189.299999999973    -0.00052130425045613    0.731823528109565    0.732586931506575
189.399999999973    -0.000521512360597666    0.731542277874787    0.73230569268547
189.499999999973    -0.00052334096598402    0.731259665760229    0.732025462812927
189.599999999973    -0.000525011747664642    0.730990297343798    0.73175825751898
189.699999999972    -0.000525453592733135    0.730740664035057    0.7315090083789
189.799999999972    -0.000524948260421935    0.730511214831687    0.731278578840978
189.899999999972    -0.000523633241910728    0.730300178388881    0.731065397983253
189.999999999972    -0.000521662633009757    0.730106252851599    0.730868388729887
190.099999999972    -0.00051984789495644    0.729930996410526    0.730690297315398
190.199999999972    -0.00051857867157387    0.729779089522624    0.730536377977839
190.299999999972    -0.000517137976004401    0.729655641088365    0.730410696839193
190.399999999972    -0.00051454722678693    0.729564380615849    0.730315557789597
190.499999999972    -0.000511394264828582    0.729509986589253    0.730256502799915
190.599999999972    -0.000509014313827284    0.729500841513817    0.730243872467767
190.699999999972    -0.000506540254581607    0.729545524985974    0.73028498790562
190.799999999971    -0.000503943244483604    0.729648676342142    0.730384450172972
190.899999999971    -0.000501967855412269    0.729811238624855    0.730544290157777
190.999999999971    -0.000499664667142696    0.730029022593564    0.730758926718022
191.099999999971    -0.000498450251510985    0.730293755540634    0.7310221488207
191.199999999971    -0.000498931844896431    0.730594603381513    0.731324001127949
191.299999999971    -0.000495367920473532    0.730911357453766    0.7316358564257
191.399999999971    -0.000489282850915099    0.731222381968267    0.731938281388981
191.499999999971    -0.000490422962506281    0.731527537683655    0.732245405546911
191.599999999971    -0.000496973624585415    0.731835894681206    0.732563662637048
191.699999999971    -0.000496461145516676    0.73212869084957    0.732855998826771
191.799999999971    -0.000491012533012652    0.732369957901428    0.733089516870163
191.89999999997    -0.000490727098128459    0.732550856608964    0.733270174710039
191.99999999997    -0.000494949334696312    0.732690324586614    0.73341597292316
192.09999999997    -0.000499183772323193    0.732804522934524    0.733536496576156
192.19999999997    -0.000501971676131748    0.732893377757129    0.733629530719583
192.29999999997    -0.000503787462269725    0.732946638887766    0.733685509776025
192.39999999997    -0.000505353439887538    0.732953541523901    0.733694717266586
192.49999999997    -0.000506793127376802    0.732908245216042    0.733651487609526
192.59999999997    -0.00050744388180388    0.732811211069805    0.733555309789297
192.69999999997    -0.000508626725339691    0.732670785226648    0.733416476389586
192.79999999997    -0.000512143555628249    0.732502438314119    0.733253115575169
192.89999999997    -0.000515677074489329    0.732318941876971    0.733074611737675
192.999999999969    -0.000516708811125822    0.732122415951837    0.732879395296024
193.099999999969    -0.000516690903128381    0.731910150049584    0.732666883679843
193.199999999969    -0.000517181268599517    0.731682551822792    0.732439768461781
193.299999999969    -0.000517438017515453    0.731442576066323    0.732199920338014
193.399999999969    -0.000516866628627638    0.731193743281286    0.731949993451689
193.499999999969    -0.000516090283394824    0.730942000689717    0.73169685439094
193.599999999969    -0.000515665436787688    0.730696953870931    0.731450932999662
193.699999999969    -0.000515618511978847    0.730469622976341    0.731223298905692
193.799999999969    -0.000515930931623131    0.730269109804865    0.73102303562283
193.899999999969    -0.000515854795453659    0.730099790131895    0.73085342985636
193.999999999969    -0.000513969124847617    0.729960033800079    0.730710773496596
194.099999999968    -0.000510721127273728    0.729845892563992    0.730591768932785
194.199999999968    -0.0005081407955356    0.729757582934309    0.730499599180515
194.299999999968    -0.000506926868531419    0.729700330181639    0.730440514807804
194.399999999968    -0.000505426431397493    0.729678850908041    0.730416821853424
194.499999999968    -0.000501853586183596    0.729693774777428    0.730426541394358
194.599999999968    -0.000497390613179867    0.729745997618654    0.730472296491338
194.699999999968    -0.000494973609577853    0.729842678488163    0.730565542016523
194.799999999968    -0.000494668959358362    0.72999264800055    0.730715214838988
194.899999999968    -0.000494012419037971    0.730194317336152    0.730916124039778
194.999999999968    -0.000491692654171672    0.730432108272929    0.731150757831655
195.099999999968    -0.000486784305900708    0.730685385820347    0.731397104630631
195.199999999967    -0.000481944734696233    0.730943852009096    0.73164874080821
195.299999999967    -0.000484102604227897    0.731218568056699    0.731926880578748
195.399999999967    -0.000489319551008763    0.731521506830414    0.732237752854147
195.499999999967    -0.000489643232439439    0.731834301017662    0.732551327530362
195.599999999967    -0.000486848832618279    0.732117454337514    0.7328306626181
195.699999999967    -0.000484958647459055    0.732343413191431    0.733054070373051
195.799999999967    -0.00048470318338668    0.73250928508295    0.733219728601865
195.899999999967    -0.000488345501827978    0.732630851891196    0.733346755461528
195.999999999967    -0.000493151229583058    0.732725406515373    0.733448451956461
196.099999999967    -0.000496075843913166    0.732796826652959    0.733524233110128
196.199999999967    -0.000498152397414112    0.732838722230286    0.733569216860731
196.299999999966    -0.000499188233595792    0.732842003094768    0.733574020719412
196.399999999966    -0.000499642367429658    0.732800344448657    0.733532986705676
196.499999999966    -0.000502287909243452    0.732716816173964    0.733453255673947
196.599999999966    -0.000506152714940416    0.73260030134242    0.733342292166071
196.699999999966    -0.000507750221282534    0.732454089718836    0.733198275031361
196.799999999966    -0.000507231629983248    0.732276110819547    0.733019355027095
196.899999999966    -0.000507570511122485    0.732068842062698    0.732812372569543
196.999999999966    -0.000509235131951446    0.731841530829772    0.732587269423102
197.099999999966    -0.000510014831269125    0.731603238385019    0.732349876185733
197.199999999966    -0.000509562920171394    0.7313603649243    0.732106093166257
197.299999999966    -0.000509479673257267    0.731120804095723    0.731866166219339
197.399999999965    -0.000510162552818489    0.730894759644188    0.731640890565087
197.499999999965    -0.000510489031625706    0.730690321529992    0.731436721348224
197.599999999965    -0.000509734901700876    0.730510749288968    0.731255862749265
197.699999999965    -0.000508505411071695    0.730356416471387    0.731099574750967
197.799999999965    -0.000508083939743359    0.730227538522347    0.730969949498804
197.899999999965    -0.000507976057461263    0.730122418021741    0.730864564429088
197.999999999965    -0.000505890513629696    0.730033437060687    0.730772444898625
198.099999999965    -0.000501273785921429    0.729950640334593    0.730682817597894
198.199999999965    -0.000496588175546108    0.729873502696566    0.730598755950923
198.299999999965    -0.000494281965251422    0.729817447744197    0.730539275735447
198.399999999965    -0.000493331182485042    0.729805821409974    0.730526248756971
198.499999999964    -0.000491443096718399    0.729856465305244    0.730574183866015
198.599999999964    -0.00049041214917502    0.729978025413886    0.730694356896136
198.699999999964    -0.000491789355132213    0.730168921673301    0.730887453645931
198.799999999964    -0.00049151972923959    0.730407950931421    0.731126323862442
198.899999999964    -0.000485553364262663    0.730655412058844    0.731365301134757
198.999999999964    -0.000478190891865618    0.730880868365775    0.731580203930255
199.099999999964    -0.000476628686881153    0.731088283712375    0.731785531337915
199.199999999964    -0.00048066345657391    0.731302924354867    0.732006283616808
199.299999999964    -0.000482470180894174    0.7315363328332    0.732242562501622
199.399999999964    -0.000480759389502915    0.73177754590008    0.732481502186112
199.499999999964    -0.000481539499064004    0.732014834151583    0.732720161907847
199.599999999963    -0.000485377379620213    0.732242236658483    0.732953409481838
199.699999999963    -0.000487577150108364    0.732444962962906    0.733159558238539
199.799999999963    -0.000486018795441583    0.732597178224008    0.733309636488324
199.899999999963    -0.000484823760494776    0.732682135350895    0.733392923374034
199.999999999963    -0.000486079103479851    0.732705619386467    0.733418271572975
200.099999999963    -0.000489332128102581    0.732687156002999    0.733404561783257
200.199999999963    -0.000494064461318535    0.73264574099305    0.733370047293774
200.299999999963    -0.000497504675660576    0.732589256565521    0.733318552554645
200.399999999963    -0.000497772609148329    0.732512663744206    0.733242276405136
200.499999999963    -0.000497773178803274    0.732408896793998    0.733138406934062
200.599999999963    -0.000499911977680882    0.732278435587926    0.733010951303201
200.699999999962    -0.000502103258029396    0.732124916949562    0.732860490895807
200.799999999962    -0.00050275358617818    0.731949018332001    0.732685368522432
200.899999999962    -0.00050267861284929    0.731751031029415    0.732487072208032
200.999999999962    -0.000502676423687844    0.73153509621423    0.732270916985918
201.099999999962    -0.000502972144140001    0.731309637725646    0.732045664679736
201.199999999962    -0.000503873151418023    0.731084879383876    0.731821998882859
201.299999999962    -0.000504763221216075    0.730868685622205    0.731606889504456
201.399999999962    -0.000503675146536778    0.730663307325288    0.731399712130859
201.499999999962    -0.000500898422761286    0.730468938950622    0.731201087161299
201.599999999962    -0.000499418577238388    0.73029154459327    0.731021351400687
201.699999999962    -0.000499958706735161    0.730142247428103    0.730872694569024
201.799999999961    -0.000499614597425179    0.730027559478155    0.730757388962095
201.899999999961    -0.000496976870402129    0.729945424801444    0.730671317538909
201.999999999961    -0.000494143319733987    0.729891930409229    0.73061362947508
202.099999999961    -0.000492219487831827    0.729865687295417    0.730584549362909
202.199999999961    -0.000489146071623043    0.729864601541542    0.730578971778259
202.299999999961    -0.000484365880332844    0.729886788031598    0.730594195188745
202.399999999961    -0.000480532689545428    0.729938623138809    0.730640479143123
202.499999999961    -0.00048038644771231    0.730035988014137    0.730737723908519
202.599999999961    -0.000481686852697985    0.730190768287905    0.730894553878262
202.699999999961    -0.000479929852863187    0.730396048694823    0.731097463060881
202.799999999961    -0.000476059583802989    0.730631169393972    0.731327148662403
202.89999999996    -0.000473341196004207    0.730878063349235    0.73157030040683
202.99999999996    -0.000471404462477375    0.731126262788878    0.731815900252882
203.09999999996    -0.000471301222281336    0.731370594540695    0.732060311315349
203.19999999996    -0.000471721487795398    0.731607684465057    0.732298240345902
203.29999999996    -0.000469554927174986    0.731831704968521    0.732519298197172
203.39999999996    -0.000470888173741923    0.732043467031482    0.732733213047304
203.49999999996    -0.000477747216631778    0.732250470793112    0.732950466462693
203.59999999996    -0.000480033467919698    0.732441425941282    0.73314495645496
203.69999999996    -0.000476673935846524    0.732585806844138    0.733284549036116
203.79999999996    -0.000475513741641644    0.732667696641426    0.733364815246522
203.89999999996    -0.000478336787171749    0.732698237944794    0.733399526439089
203.999999999959    -0.000482886698713009    0.732698612898826    0.733406575593263
204.099999999959    -0.000487995454314382    0.732682714979036    0.733398155779623
204.199999999959    -0.000491692706062297    0.732649419412883    0.733370250591568
204.299999999959    -0.000491710474446861    0.732584647559744    0.733305441070711
204.399999999959    -0.000489559149321223    0.732475321601121    0.733192852865801
204.499999999959    -0.000489922265424273    0.732324431079498    0.733042346891039
204.599999999959    -0.000493619678407119    0.732149124790135    0.73287228818887
204.699999999959    -0.00049680160233518    0.7319642021098    0.732691845581162
204.799999999959    -0.00049780511013661    0.731773628755186    0.732502552921075
204.899999999959    -0.000497898593370709    0.731575759029467    0.732304623012549
204.999999999959    -0.000497728624274263    0.731369353017925    0.732097762491998
205.099999999958    -0.000496726692360187    0.731155395862421    0.731882125651281
205.199999999958    -0.000495219416370236    0.730938661801794    0.731662970528539
205.299999999958    -0.000494814531447961    0.730729259395564    0.731452768310495
205.399999999958    -0.000495668433006162    0.730539309737955    0.731263879434095
205.499999999958    -0.000495720429714012    0.730375927919632    0.731100411598675
205.599999999958    -0.000493778464813083    0.730239192149949    0.730960701190067
205.699999999958    -0.000491514266105371    0.730127747281851    0.730845836640753
205.799999999958    -0.000490110719365469    0.730042989676721    0.730758944363463
205.899999999958    -0.000487716570089773    0.729986175227177    0.730698575383728
205.999999999958    -0.000484289155712945    0.72995751939364    0.730664882983703
206.099999999958    -0.000482660527576671    0.729960680817735    0.730665667501607
206.199999999957    -0.000481942926329307    0.729999987714621    0.730703963651443
206.299999999957    -0.000478546465692139    0.73007277683763    0.730771858874976
206.399999999957    -0.000473590148248176    0.730173248562362    0.730865181969273
206.499999999957    -0.000471827918722684    0.730302881458178    0.730992361351232
206.599999999957    -0.000472503010863563    0.730466428043984    0.731157049537891
206.699999999957    -0.000471940688232709    0.730659621150374    0.731349602789723
206.799999999957    -0.000468749690575333    0.730869555507544    0.731555066596645
206.899999999957    -0.000465441441045596    0.731086102604696    0.731766975049197
206.999999999957    -0.000466117178647147    0.731308989662426    0.731991058952601
207.099999999957    -0.000468938928093255    0.731538965357641    0.73222538144141
207.199999999957    -0.00046806263931623    0.731764855337442    0.732450199700629
207.299999999956    -0.000465140633091268    0.731970904590341    0.73265216028998
207.399999999956    -0.000467039897040936    0.732154489541398    0.732838699809718
207.499999999956    -0.000471854501329976    0.732320263701535    0.7330116871785
207.599999999956    -0.000474069162418264    0.732461501906551    0.733156306113224
207.699999999956    -0.000473592861088301    0.732562079801428    0.733256280912714
207.799999999956    -0.000473468417733259    0.732612352576948    0.733306418818165
207.899999999956    -0.0004741782603102    0.732615386289793    0.733310496474625
207.999999999956    -0.000476580393681062    0.732583357006442    0.73328195967615
208.099999999956    -0.000481713807783396    0.732531218150779    0.733237299084545
208.199999999956    -0.000486133670548745    0.732465185846167    0.733177684194294
208.299999999956    -0.00048669116108623    0.732377378863    0.733090609179635
208.399999999955    -0.000485405737524223    0.732257354816075    0.732968583893494
208.499999999955    -0.000485503059536578    0.732105212931069    0.73281643687403
208.599999999955    -0.000487156674681133    0.731930915397376    0.732644393034452
208.699999999955    -0.000488944751779672    0.731745847621934    0.732461764249275
208.799999999955    -0.000490026926780928    0.73155779624381    0.732275113786033
208.899999999955    -0.000490453467419228    0.731371136170814    0.732088895217638
208.999999999955    -0.000490480607321858    0.731188755424701    0.731906375212946
209.099999999955    -0.000490259176826024    0.731013118238967    0.731730241594466
209.199999999955    -0.000489830182998408    0.73084650597342    0.7315628382101
209.299999999955    -0.000488826895637138    0.730690852758339    0.731405564811262
209.399999999955    -0.000487425973213102    0.730548310755903    0.731260834501182
209.499999999954    -0.00048685205287497    0.730422601005987    0.731134162916896
209.599999999954    -0.000487200279644603    0.73031726578019    0.731029234203639
209.699999999954    -0.00048589997318483    0.73023027085463    0.730940253573268
209.799999999954    -0.000481401210668964    0.730154150984341    0.730857483754105
209.899999999954    -0.000476477868809735    0.730086984532436    0.730783056776327
209.999999999954    -0.000475091849277385    0.730041311721596    0.730735314790467
210.099999999954    -0.000476084288902967    0.730035713632664    0.730731161791803
210.199999999954    -0.000474907941993563    0.730077277654373    0.730771046125384
210.299999999954    -0.000470911132250347    0.730158677034905    0.73084668072215
210.399999999954    -0.000467337772441957    0.730270786934225    0.73095367231805
210.499999999954    -0.000466298058495869    0.730410962525664    0.731092458733482
210.599999999953    -0.000464843429876511    0.730577417188191    0.731256941285295
210.699999999953    -0.000461607584096476    0.730764305604828    0.731439269864757
210.799999999953    -0.000459989303937235    0.730968214128878    0.731640998722629
210.899999999953    -0.000461345549716328    0.73118949428471    0.731864467719076
210.999999999953    -0.000463108262571748    0.731422359524462    0.732100128881302
211.099999999953    -0.000461149958497372    0.731649016407273    0.732324127561856
211.199999999953    -0.000457705982968614    0.731852543322685    0.732522796677114
211.299999999953    -0.00045931095235893    0.732034223590109    0.732706995274305
211.399999999953    -0.000464375110351241    0.732203754644603    0.732884104981091
211.499999999953    -0.000466442580110328    0.732355477849709    0.733039000230945
211.599999999953    -0.000466056664200661    0.732470836021983    0.733153900197516
211.699999999952    -0.000465867830261443    0.732537046221701    0.733219895227704
211.799999999952    -0.000467584069377029    0.73255496435381    0.733240346890315
211.899999999952    -0.000469756072916026    0.732534228398686    0.733222776653228
211.999999999952    -0.000471575918220877    0.732486114088265    0.7331772856518
212.099999999952    -0.000474576886374296    0.732421955706127    0.733117466842139
212.199999999952    -0.000478442622338097    0.732349865187065    0.733050975408016
212.299999999952    -0.000480469813994825    0.732268989481749    0.732972994025022
212.399999999952    -0.000480258025752643    0.732171253175715    0.732874853326461
212.499999999952    -0.000480865567402019    0.732050961469037    0.732755336380587
212.599999999952    -0.000482385604529307    0.731907894564795    0.732614359017436
212.699999999952    -0.000482425049527722    0.731742528299826    0.73244889091776
212.799999999951    -0.000481010897029361    0.731556553961209    0.732260665995268
212.899999999951    -0.000480587832713682    0.731358062504378    0.732061364074948
212.999999999951    -0.000482378938741892    0.731161076217774    0.731866810056905
213.099999999951    -0.000484014468796685    0.730977113154023    0.731685062810151
213.199999999951    -0.000483289070269761    0.730809207269725    0.731515933027211
213.299999999951    -0.000482014252436119    0.730656444284588    0.731361157606012
213.399999999951    -0.000481418564446358    0.730519594740238    0.731223304908576
213.499999999951    -0.000479804444591251    0.730399546030696    0.73110078038308
213.599999999951    -0.000477819435479265    0.730297074191162    0.730995308092335
213.699999999951    -0.000476889865312232    0.730214914005485    0.730911710484642
213.799999999951    -0.00047481084410315    0.730154489042426    0.730848188957204
213.89999999995    -0.000470916958141327    0.730115119636753    0.730803090796504
213.99999999995    -0.000469173610518046    0.730100752332961    0.73078616192108
214.09999999995    -0.000469363685375036    0.730118146106026    0.730803849838088
214.19999999995    -0.00046605987299582    0.730165287052239    0.730846205883082
214.29999999995    -0.000461527684846209    0.730235155911254    0.730909514628274
214.39999999995    -0.000460157587039189    0.730328369498652    0.731000811208316
214.49999999995    -0.000458169458246697    0.730447639790882    0.731117284200299
214.59999999995    -0.000455275323390132    0.730592446450654    0.731257990881258
214.69999999995    -0.000454458508428293    0.730765816934451    0.731430324411877
214.79999999995    -0.000454930915235905    0.730971363398893    0.731636749046119
214.89999999995    -0.00045592803563587    0.731204706702689    0.731871764284091
214.999999999949    -0.000456590235779977    0.731450756563696    0.732119008227682
215.099999999949    -0.00045548060926201    0.731685834364858    0.732352675517322
215.199999999949    -0.000451765676699164    0.731885971167285    0.732547551968845
215.299999999949    -0.000449233069798385    0.732042173315886    0.732700184021536
215.399999999949    -0.00045197426814042    0.732167760076156    0.732829901321994
215.499999999949    -0.000456856296174463    0.732281692202522    0.732951093025814
215.599999999949    -0.000461232194091793    0.73238889683223    0.733064811261354
215.699999999949    -0.000463043600534233    0.732478269433405    0.733156922429715
215.799999999949    -0.000461896745501327    0.732532564130327    0.733209585659059
215.899999999949    -0.000461970708971646    0.732544319253816    0.733221460110095
215.999999999949    -0.00046513565537109    0.73252032739383    0.73320208714971
216.099999999948    -0.000468927050146011    0.732470031465073    0.733157303767998
216.199999999948    -0.000470614488611107    0.732395533340606    0.733085209811114
216.299999999948    -0.000471125024804296    0.732294788526479    0.73298511855905
216.399999999948    -0.000472176109137439    0.732169305155147    0.73286105749155
216.499999999948    -0.000473635966391269    0.73202448905836    0.732718243898199
216.599999999948    -0.000475112414842766    0.731866028874364    0.732561796714943
216.699999999948    -0.000475876993832531    0.731697801435023    0.732394529292063
216.799999999948    -0.000475422808019813    0.731522299167805    0.732218194783651
216.899999999948    -0.000474846577789033    0.731343784190305    0.732038666338935
216.999999999948    -0.000475404720266781    0.731170246966976    0.731865781200687
217.099999999948    -0.000476478229262297    0.7310101661733    0.731707119115305
217.199999999947    -0.000476830575168278    0.730867598084333    0.731564930628144
217.299999999947    -0.000476199158099043    0.730741126738981    0.731437414929514
217.399999999947    -0.000475028650381395    0.730626696645106    0.731321163764164
217.499999999947    -0.000472973843585125    0.730520532031566    0.731211893235037
217.599999999947    -0.000470292255096627    0.730421505820422    0.731108852228401
217.699999999947    -0.000468576024533066    0.730333541638953    0.731018296073513
217.799999999947    -0.000467756124755228    0.730263536931683    0.730947027122577
217.899999999947    -0.00046621027405201    0.730215817016814    0.730897002824974
217.999999999947    -0.000463517619523863    0.730191331998234    0.730868559000891
218.099999999947    -0.000459747674171685    0.730191540637275    0.73086325718241
218.199999999947    -0.000457222351718211    0.730222313957628    0.730890367333893
218.299999999946    -0.000457366123880943    0.730292205521126    0.730960533022164
218.399999999946    -0.000455985145063611    0.730401490842156    0.731067899173968
218.499999999946    -0.000451597429363044    0.730539904677936    0.731200022671524
218.599999999946    -0.000448840339261606    0.730700220644115    0.731356450656481
218.699999999946    -0.000450901854486594    0.730883857169717    0.731543268272631
218.799999999946    -0.000451513880850583    0.731085939492257    0.731746428611814
218.899999999946    -0.000446717029643514    0.731287472889631    0.731941122021239
218.999999999946    -0.000444489752259492    0.731476119007656    0.732126675451172
219.099999999946    -0.00044763233642887    0.731656879013336    0.732312198912147
219.199999999946    -0.000450056652318779    0.731833062341098    0.732492091617795
219.299999999946    -0.000448734302517352    0.731994996402248    0.732652233855552
219.399999999945    -0.000447900829351946    0.732132205611444    0.732788344740882
219.499999999945    -0.000450666433491231    0.732244862267029    0.732905156200381
219.599999999945    -0.000453985297525067    0.732336664134089    0.733001906300963
219.699999999945    -0.000456169521057954    0.732405561189745    0.733074068330463
219.799999999945    -0.000457139197876022    0.732445301529085    0.73311526671169
219.899999999945    -0.000457151199709807    0.732451388983452    0.733121377331835
219.999999999945    -0.000459059564553153    0.732426843198188    0.733099607132318
220.099999999945    -0.000462863692146688    0.732379112325017    0.733057409684201
220.199999999945    -0.0004650881674632    0.732309880226748    0.732991374502091
220.299999999945    -0.000464869507515758    0.732214573675629    0.732895658747832
220.399999999945    -0.000465065515636137    0.73209176996826    0.732773028070897
220.499999999944    -0.000467008635427103    0.731946940273508    0.732630910777204
220.599999999944    -0.000468348242235868    0.731786351751912    0.732472134640192
220.699999999944    -0.000467690083580877    0.731613589319245    0.732298246368032
220.799999999944    -0.000466955261174285    0.731434274378003    0.732117687666682
220.899999999944    -0.000468162590866443    0.731259245506524    0.731944262651868
220.999999999944    -0.000470262836179379    0.731099195144207    0.731787136219402
221.099999999944    -0.00047040914264158    0.730957405751323    0.731645427496136
221.199999999944    -0.000468530763882703    0.730830912002536    0.731516066549459
221.299999999944    -0.000467756503522872    0.730718155403618    0.731402071648754
221.399999999944    -0.000467814663871952    0.730619578978873    0.731303488027071
221.499999999944    -0.000466114244823019    0.730532165095227    0.731213505574635
221.599999999943    -0.000463150986930786    0.730451580989699    0.731128513252826
221.699999999943    -0.000460732459467381    0.730378443988584    0.731051772326487
221.799999999943    -0.000458996078090513    0.730318525349172    0.730989259891481
221.899999999943    -0.000457722684545729    0.730279149681306    0.730947986488805
221.999999999943    -0.000456501148488325    0.730266188011272    0.730933227222497
222.099999999943    -0.000454314679732982    0.730281647086446    0.730945504031623
222.199999999943    -0.000451640458071157    0.730324383806478    0.730984369961413
222.299999999943    -0.000449002198306411    0.73039266145428    0.731048851906475
222.399999999943    -0.000446137651916257    0.730485714932752    0.731137800215786
222.499999999943    -0.000444785656134789    0.730606441053126    0.73125665679028
222.599999999943    -0.00044583737059218    0.730759899485165    0.731411790266678
222.699999999942    -0.000445946945484419    0.730942847508557    0.731595061821878
222.799999999942    -0.000443703506347332    0.731140178796457    0.731789285729406
222.899999999942    -0.000440901446088073    0.731336088314646    0.731981267052713
222.999999999942    -0.00043977056398584    0.731524118881841    0.73216780750581
223.099999999942    -0.000442720177254627    0.731706137697705    0.732354306797204
223.199999999942    -0.000444863101104589    0.73187888970364    0.732530351339897
223.299999999942    -0.000441648518046357    0.732026749886515    0.732673632639839
223.399999999942    -0.000440615123930222    0.732140851419221    0.732786320486619
223.499999999942    -0.000445327326832735    0.732229937665208    0.732882392222587
223.599999999942    -0.00044866764087678    0.732300565539484    0.732957979634221
223.699999999942    -0.000448167536671493    0.732346808323891    0.733003530775726
223.799999999941    -0.000448451118203093    0.732364279661774    0.733021433523451
223.899999999941    -0.000451789572842739    0.73235837121104    0.733020414066493
223.999999999941    -0.000455222143966157    0.732335331730348    0.733002385907805
224.099999999941    -0.000456102693733193    0.732293821540535    0.73296212872646
224.199999999941    -0.000455920110415733    0.732229541308626    0.732897522201194
224.299999999941    -0.000457013285824636    0.732143093442333    0.732812597656309
224.399999999941    -0.000459637625869284    0.732039547195358    0.732712802487853
224.499999999941    -0.00046127145609197    0.73192188214945    0.732597423101858
224.599999999941    -0.000460501112823944    0.731788908032381    0.732463197756552
224.699999999941    -0.000459861813308975    0.731642018488756    0.732315236526654
224.799999999941    -0.000461299197175025    0.73148906426625    0.732164246363386
224.89999999994    -0.000462919087215    0.73133772268471    0.732015136654629
224.99999999994    -0.000462625510730007    0.731189546475172    0.731866393476619
225.09999999994    -0.000461012121201239    0.731043489449435    0.731717840152806
225.19999999994    -0.000460114990786508    0.73090214751129    0.731575055195939
225.29999999994    -0.000460362511796689    0.730771731620764    0.731444881333495
225.39999999994    -0.000460207236745109    0.730656510142465    0.731329326604555
225.49999999994    -0.000458755328345366    0.730555948151796    0.731226548661091
225.59999999994    -0.000456564107531961    0.730467552100989    0.731134867305172
225.69999999994    -0.000454656720566168    0.730391011248577    0.731055467711984
225.79999999994    -0.000452541648205175    0.730328768690082    0.73099007632876
225.89999999994    -0.00045030384310365    0.730284902431828    0.730942898926429
225.999999999939    -0.000448759059226825    0.73026492598003    0.730920646242777
226.099999999939    -0.000446632876605948    0.73027317316402    0.730925792661421
226.199999999939    -0.000444438826947172    0.730311571165408    0.730961017440538
226.299999999939    -0.000444007670222593    0.73038128426618    0.731030162157743
226.399999999939    -0.000441893631300545    0.730478339979025    0.731124212838608
226.499999999939    -0.000437483142098325    0.730593385401691    0.731232909762502
226.599999999939    -0.000436230893094163    0.730722884029102    0.731360690052402
226.699999999939    -0.000436943678016242    0.730868977349302    0.731507953704203
226.799999999939    -0.00043453756780822    0.731028864169199    0.731664459368458
226.899999999939    -0.000431668822751195    0.731198677411195    0.731830221373585
226.999999999939    -0.000434049537049996    0.731381307344236    0.732016494482639
227.099999999938    -0.000437286104087208    0.731574955286644    0.732215050315396
227.199999999938    -0.000435441012810218    0.731761618838593    0.73239917449736
227.299999999938    -0.000432607470687462    0.731922844406987    0.732556389064054
227.399999999938    -0.000433434184793047    0.73205658709147    0.73269145896674
227.499999999938    -0.000437342690000674    0.732170356900885    0.732811055812722
227.599999999938    -0.000439851582705746    0.7322655531339    0.732910012925573
227.699999999938    -0.000439299808331608    0.732334812834254    0.732978524702579
227.799999999938    -0.000440484411944255    0.732374882919054    0.733020366683841
227.899999999938    -0.000444136407675    0.732390687312242    0.73304153911698
227.999999999938    -0.000445824948935578    0.732383798621238    0.733037119827375
228.099999999938    -0.000445548950546932    0.73235006357521    0.733002950072622
228.199999999937    -0.000446562860566528    0.732289516062794    0.732943834859379
228.299999999937    -0.000449281137797011    0.732209182712692    0.73286741399302
228.399999999937    -0.000451160313068437    0.732115821704256    0.732776723083374
228.499999999937    -0.000452206220194706    0.732012217613299    0.732674558083906
228.599999999937    -0.000453858257116247    0.73189993448143    0.732564593799845
228.699999999937    -0.000455160518350085    0.731779250460049    0.732445707851055
228.799999999937    -0.000455013788764415    0.731647956718525    0.732314079631292
228.899999999937    -0.000454196235516452    0.731504449873328    0.732169244955543
228.999999999937    -0.000453823299274865    0.731351369318478    0.732015479289763
229.099999999937    -0.000453800342341279    0.731195217617951    0.731859152191834
229.199999999937    -0.000453591529509325    0.731043548861669    0.731707040138624
229.299999999936    -0.000453763791609509    0.73090339203129    0.731567008145191
229.399999999936    -0.000454355184955894    0.730779921121167    0.731444290273182
229.499999999936    -0.000453970821709829    0.730673877601566    0.731337588148021
229.599999999936    -0.000451811257995027    0.730581524029174    0.731241992351076
229.699999999936    -0.000448855283869405    0.730498962709237    0.731155033828771
229.799999999936    -0.000446628372384765    0.730426655839968    0.73107940591356
229.899999999936    -0.000445275025369451    0.73036947626734    0.731020196590997
229.999999999936    -0.000443650217198373    0.730332898805727    0.730981211127994
230.099999999936    -0.000441713730468143    0.730320459752087    0.730965930014594
230.199999999936    -0.000440118137907522    0.730334029007581    0.730977178575166
230.299999999936    -0.000438333902322989    0.730373825249168    0.731014401253299
230.399999999935    -0.000435866310876987    0.730438852523275    0.731075877556967
230.499999999935    -0.000433273737235736    0.73052878558502    0.731162097856772
230.599999999935    -0.000431315697806642    0.730644554502287    0.731275103399672
230.699999999935    -0.000430418905325636    0.730786401863864    0.731415761318306
230.799999999935    -0.000430864331567794    0.730951140268371    0.731581293327769
230.899999999935    -0.000430755867766273    0.731129124919602    0.731759272680755
230.999999999935    -0.000426633660545759    0.731304606975304    0.731928871630515
231.099999999935    -0.000424524889995767    0.731469178394003    0.732090495903736
231.199999999935    -0.00042852355658197    0.731629415853525    0.73225672554927
231.299999999935    -0.00042969863826433    0.731786109614449    0.732415274955544
231.399999999935    -0.000427522399420785    0.731926076487739    0.732552173743177
231.499999999934    -0.000428507039470951    0.73204059605168    0.732668234096173
231.599999999934    -0.000429843026645631    0.732129369892881    0.73275904196153
231.699999999934    -0.000429976071523896    0.732194359630139    0.73282428259063
231.799999999934    -0.000432474651950427    0.732242330877963    0.732875957399752
231.899999999934    -0.000436182396396897    0.732280793516898    0.732919888261478
231.999999999934    -0.000437788853792064    0.732309165826914    0.732950640237918
232.099999999934    -0.000439381688288888    0.732321937373631    0.732965757955034
232.199999999934    -0.000442182298132336    0.732314142304322    0.732962061503521
232.299999999934    -0.000442787195402878    0.732278409313974    0.732927183589145
232.399999999934    -0.000440936000610088    0.732207476568073    0.732853474684568
232.499999999934    -0.000441542080641038    0.732104949470395    0.732751745343264
232.599999999933    -0.000445419575839345    0.731984567356896    0.732636938446776
232.699999999933    -0.000447749111843806    0.731856346463998    0.732512016097748
232.799999999933    -0.000447181683023449    0.73172169175232    0.732376409605397
232.899999999933    -0.000447213606032356    0.731581863365587    0.732236502855721
232.999999999933    -0.000448899929391304    0.731441632450926    0.732098615564922
233.099999999933    -0.000449754558671304    0.731303621101852    0.73196173136467
233.199999999933    -0.000448283747329411    0.731165900339548    0.73182173391853
233.299999999933    -0.000446050617489199    0.731027609806287    0.731680051461802
233.399999999933    -0.000445409041155828    0.730894121072865    0.73154550490442
233.499999999933    -0.000446122482068095    0.730774228210041    0.731426548849984
233.599999999933    -0.000446010828752638    0.730673216446064    0.731325283608708
233.699999999932    -0.000444609283968567    0.730591050436674    0.731240994535472
233.799999999932    -0.000442844858530635    0.730525653571365    0.73117295928679
233.899999999932    -0.000441064548549404    0.7304752209757    0.731119878758526
233.999999999932    -0.000438569969415657    0.730438400506517    0.731079378314075
234.099999999932    -0.000435651419661621    0.730415269851609    0.731051960125138
234.199999999932    -0.000433675757290758    0.730409606260076    0.731043403000612
234.299999999932    -0.000432426623323819    0.730427719571231    0.731059705643547
234.399999999932    -0.000430597465689378    0.730473751238151    0.731103102527293
234.499999999932    -0.000427964650071774    0.730547333775905    0.731172898363555
234.599999999932    -0.000426325987567686    0.730646368228809    0.73126962100666
234.699999999932    -0.000426769914257807    0.7307691894807    0.731393196396752
234.799999999931    -0.000426088662587803    0.730909711881788    0.731532842073714
234.899999999931    -0.000422863942982465    0.731055513200678    0.731674048790778
234.999999999931    -0.00041970759844733    0.731197417379359    0.731811453318987
235.099999999931    -0.000418996899840979    0.731336987888926    0.731950100642598
235.199999999931    -0.000420782313927774    0.731482344343234    0.73209819314842
235.299999999931    -0.00042260339190524    0.731637164597871    0.732255810734632
235.399999999931    -0.000423272415138254    0.731794802790342    0.73241456222454
235.499999999931    -0.000423012711265353    0.731941871022696    0.732561374511247
235.599999999931    -0.00042419857383431    0.732066544272852    0.732687891015319
235.699999999931    -0.000425520170659189    0.732161923006117    0.732785287593178
235.799999999931    -0.000424722481495795    0.732223753347143    0.732846001408947
235.89999999993    -0.000424797255895658    0.73225453678449    0.732876920607116
235.99999999993    -0.000428620074772227    0.732265909037398    0.73289390594685
236.09999999993    -0.000434192035950205    0.732268617463503    0.732904784085741
236.19999999993    -0.000435811348127291    0.732259718580181    0.732898251050145
236.29999999993    -0.000433994568374164    0.73222667778928    0.732862518542672
236.39999999993    -0.00043405859817557    0.732164543745564    0.732800424386008
236.49999999993    -0.000436429110070362    0.732079981887718    0.732719262918561
236.59999999993    -0.000438814805287282    0.731981540713093    0.732624231409809
236.69999999993    -0.000440222561447747    0.73187354239699    0.732518200681091
236.79999999993    -0.000440850774926142    0.731757045608897    0.732402521488667
236.89999999993    -0.000441316334122314    0.731632879501279    0.732278927693509
236.999999999929    -0.000441592070414339    0.731502620879354    0.732148957810353
237.099999999929    -0.000441395536625867    0.731368114720491    0.732014045074203
237.199999999929    -0.000440534100859636    0.73123197466359    0.731876523850443
237.299999999929    -0.000439653356529345    0.731099050326288    0.731742193389157
237.399999999929    -0.000440382684924792    0.730976921668831    0.731621024479322
237.499999999929    -0.000441755886819926    0.730871616420743    0.731517635481593
237.599999999929    -0.000440754209762064    0.730781639860699    0.731426114083797
237.699999999929    -0.000437794190162902    0.730700530032775    0.73134060314666
237.799999999929    -0.000435571860309257    0.730625334211612    0.731262091237077
237.899999999929    -0.000434058847644807    0.730558783953172    0.731193270365411
237.999999999929    -0.00043186928205377    0.730505632049835    0.731136870548051
238.099999999928    -0.000430155284057465    0.730471646661406    0.731100349578619
238.199999999928    -0.000429885697887589    0.730463150457035    0.73109145187726
238.299999999928    -0.000429046870627108    0.730482106063589    0.731109197238407
238.399999999928    -0.000425762913571222    0.730523449795514    0.731145774343061
238.499999999928    -0.000422455195243281    0.730581294591523    0.731198831199967
238.599999999928    -0.000420842064579393    0.730654828901916    0.731270068393954
238.699999999928    -0.000419459919387609    0.730745238225308    0.731358532154968
238.799999999928    -0.000418318495875681    0.730852745596654    0.731464459930564
238.899999999928    -0.000416792427147529    0.730976060614018    0.731585645257262
238.999999999928    -0.000414805286775094    0.73111270409118    0.73171949462087
239.099999999928    -0.000414905372141225    0.731262150330142    0.731869211392269
239.199999999927    -0.000416720006281899    0.731423211082086    0.732033062589644
239.299999999927    -0.000416618764169076    0.731586398793716    0.732196238106913
239.399999999927    -0.000414697647590718    0.731737205407952    0.732344356587593
239.499999999927    -0.000414167020100941    0.731867670644539    0.732474152733937
239.599999999927    -0.000415523834325207    0.73197851859701    0.732587080510372
239.699999999927    -0.000417418229611465    0.732072148361669    0.732683564097977
239.799999999927    -0.000420534944651708    0.73214886332839    0.732764910761296
239.899999999927    -0.000422219997330811    0.732204979385364    0.732823543724481
239.999999999927    -0.000421191344280673    0.732233809102232    0.732850890096173
240.099999999927    -0.000422602001515227    0.73223573399506    0.73285488422272
240.199999999927    -0.000426330076956468    0.732218857695778    0.7328434578255
240.299999999926    -0.0004276681086567    0.732186730289025    0.732813264065792
240.399999999926    -0.000428269521371444    0.732137842808543    0.732765216140455
240.499999999926    -0.000430163309118263    0.732073047573464    0.732703140545663
240.599999999926    -0.000431524318392552    0.731994183778956    0.732626203093105
240.699999999926    -0.000431659023569359    0.731901788247061    0.732533925137181
240.799999999926    -0.0004322301556707    0.731798107874822    0.732430991846532
240.899999999926    -0.000434281775666941    0.731688269348983    0.732324063224372
240.999999999926    -0.000435675588858063    0.731575461556056    0.732213198542509
241.099999999926    -0.000434419820279788    0.731457820995384    0.732093616747938
241.199999999926    -0.000432658635391616    0.731334379615111    0.731967489805101
241.299999999926    -0.000432994387796388    0.731210995165271    0.731844489979374
241.399999999925    -0.000434451683419024    0.731096113998601    0.731731641979738
241.499999999925    -0.000434636818354712    0.730993418911347    0.731629128521817
241.599999999925    -0.000433459726508194    0.730901744158012    0.73153565187173
241.699999999925    -0.000432028863112985    0.730819447916116    0.731451191037827
241.799999999925    -0.000430238505646652    0.730745924742671    0.73137498545815
241.899999999925    -0.000428638213667767    0.730681840807832    0.731308505738375
241.999999999925    -0.000427831686710625    0.730629675769102    0.731255116405514
242.099999999925    -0.000426753029018035    0.730591283819414    0.731215114127576
242.199999999925    -0.000424859863699397    0.730565568649694    0.731186608480432
242.299999999925    -0.000422151717650546    0.730549990827339    0.731167057189878
242.399999999925    -0.000418729087648186    0.730544163180921    0.731156219648639
242.499999999924    -0.000416744659075688    0.730553788288706    0.731162950932858
242.599999999924    -0.000416277278889862    0.730588929494677    0.731197437946034
242.699999999924    -0.000415165870659155    0.730655826975789    0.731262765681143
242.799999999924    -0.000414279141142973    0.730753862090527    0.731359585193722
242.899999999924    -0.000414310297761364    0.730876988693612    0.731482859437725
242.999999999924    -0.000412317595377005    0.731013112360368    0.731616180153186
243.099999999924    -0.000407047894084381    0.731148787034949    0.731744254566804
243.199999999924    -0.000405208961209174    0.731282899243151    0.731875784253375
243.299999999924    -0.000410733646867522    0.731427278677155    0.732028369152417
243.399999999924    -0.000412242533599683    0.731581712742259    0.732185139698108
243.499999999924    -0.00040766630289838    0.731727177395073    0.732324021734676
243.599999999923    -0.000407406102862591    0.73185308440296    0.732449650273506
243.699999999923    -0.000410307581156307    0.731962679408772    0.732563585638123
243.799999999923    -0.000411189164249975    0.732056895661096    0.732659171036425
243.899999999923    -0.000411723372143126    0.73213328354329    0.732736404631055
243.999999999923    -0.000415579204985333    0.732192270077344    0.732801090853588
244.099999999923    -0.000418450282927015    0.732231376535782    0.732844437924852
244.199999999923    -0.000417031569780395    0.73224109783804    0.732852087949183
244.299999999923    -0.000416330906829083    0.732217418660988    0.732827362083101
244.399999999923    -0.000418832595559933    0.732168812416517    0.732782381727529
244.499999999923    -0.000421677818616126    0.732106487491141    0.732724174089158
244.599999999923    -0.000423678215258197    0.732036539449187    0.732657098235501
244.699999999922    -0.000425347876213315    0.731960603598099    0.732583544341045
244.799999999922    -0.000426661320377105    0.731877580897144    0.732502375182739
244.899999999922    -0.000426636573623147    0.731784616326484    0.732409294999932
244.999999999922    -0.000425546802024914    0.731679802265206    0.732302795377853
245.099999999922    -0.000425841791385004    0.731566158208818    0.732189486534726
245.199999999922    -0.000427670646302237    0.731450246246661    0.732076153527933
245.299999999922    -0.000428346442779293    0.731335682122468    0.731962480685232
245.399999999922    -0.000426736686531053    0.731221861395045    0.731846206214386
245.499999999922    -0.000424430785643779    0.731109792043007    0.731730666568127
245.599999999922    -0.000424221292767156    0.73100672661262    0.731627207070812
245.699999999922    -0.000426798598245963    0.73092269283355    0.731546872794137
245.799999999921    -0.000428172612042682    0.730860206489098    0.731486343231003
245.899999999921    -0.000425592870390683    0.730810132412467    0.731432452431359
245.999999999921    -0.000421969385308685    0.73076111875054    0.731378096736535
246.099999999921    -0.00041965286128345    0.730709207820405    0.731322753716352
246.199999999921    -0.000416902061426852    0.730657382883284    0.731266862114673
246.299999999921    -0.000414477576212312    0.73061378378931    0.731219680980614
246.399999999921    -0.000414857188311206    0.730591206038489    0.731197639648915
246.499999999921    -0.000415173258554995    0.73059928119438    0.731206183732627
246.599999999921    -0.000412883283739162    0.730637756185414    0.731241341627749
246.699999999921    -0.000411032934128972    0.730701255212664    0.731302186777132
246.799999999921    -0.000410510015571859    0.730783537815471    0.73138377214065
246.89999999992    -0.000406897342436599    0.730875027819063    0.731470052145826
246.99999999992    -0.000402370433170799    0.730968759490553    0.731557236709168
247.09999999992    -0.000403844154752967    0.731070823161897    0.731661539076355
247.19999999992    -0.000406697275050699    0.731189633655865    0.731784621298824
247.29999999992    -0.000403987066498352    0.731319570896155    0.731910696999694
247.39999999992    -0.000400621986942889    0.7314509473177    0.732037252868326
247.49999999992    -0.000402124786993449    0.731584547318822    0.732173160575319
247.59999999992    -0.000405379629632967    0.73172301582141    0.732316507621191
247.69999999992    -0.000406980430288486    0.731858655989292    0.732454602829443
247.79999999992    -0.000406425497322982    0.731976919500553    0.73257214958431
247.89999999992    -0.00040511016649583    0.732066755387079    0.732660131139951
247.999999999919    -0.000406510025456206    0.732127110047949    0.732722586135234
248.099999999919    -0.000410002591909125    0.732162793305561    0.73276341684868
248.199999999919    -0.000410893092517273    0.732174537066679    0.732776475318544
248.299999999919    -0.000409619596683919    0.732160561188875    0.732760621612948
248.399999999919    -0.000410735614507735    0.73212662406464    0.732728292148816
248.499999999919    -0.000415190240033617    0.73208473566671    0.732692897043631
248.599999999919    -0.000419905994942469    0.732040839034221    0.732655873964781
248.699999999919    -0.000420792926902588    0.731987763243809    0.732604053120934
248.799999999919    -0.000417798018075569    0.731912655587347    0.732524494526261
248.899999999919    -0.000415694720403814    0.731811813723491    0.732420487360496
248.999999999919    -0.000417798115105545    0.731695405904066    0.732307063376241
249.099999999918    -0.000420945339263743    0.731576354369586    0.732192521055456
249.199999999918    -0.000421079014059426    0.731459278501449    0.732075542300834
249.299999999918    -0.000419698447796145    0.731344005447357    0.731958151091113
249.399999999918    -0.000419395495042928    0.731233594744763    0.731847204240741
249.499999999918    -0.000419941863566663    0.731133661805117    0.731747987050915
249.599999999918    -0.000420560971284857    0.731047630153047    0.731662789067663
249.699999999918    -0.000420342794243796    0.730974654217188    0.731589432492156
249.799999999918    -0.000418109342595781    0.730910593690234    0.731522050441662
249.899999999918    -0.000415957382622392    0.730852780445416    0.731461040675022
249.999999999918    -0.000416245954002579    0.730803309478751    0.731411950664667
250.099999999918    -0.000415759386290086    0.730763444629797    0.731371340890899
250.199999999917    -0.000412206521950946    0.730730098816292    0.731332770666595
250.299999999917    -0.000409136743429401    0.730703604197782    0.731301764313131
250.399999999917    -0.000408733047439097    0.730692022242378    0.73128958243896
250.499999999917    -0.000408837632939144    0.730703302161439    0.731301024549718
250.599999999917    -0.000407843211794569    0.730738074851139    0.731334371173402
250.699999999917    -0.000405666619455463    0.730790949455962    0.731384105067382
250.799999999917    -0.00040317214894975    0.730856245505118    0.731445804965219
250.899999999917    -0.000401893918480983    0.730932456545332    0.731520207377029
250.999999999917    -0.000401147245484392    0.731020439269531    0.73160716830548
251.099999999917    -0.000399643565797807    0.73111872073739    0.731703328157137
251.199999999917    -0.000399265721965367    0.731224545485133    0.731808684503964
251.299999999916    -0.000398739649841661    0.73133508327358    0.731918540511157
251.399999999916    -0.000397266775120495    0.731446706065911    0.73202809598099
251.499999999916    -0.00039906041776107    0.73155932727991    0.732143433114951
251.599999999916    -0.000400493390677815    0.731672095728073    0.732258390212103
251.699999999916    -0.00039888058634191    0.73177693702537    0.732360953205511
251.799999999916    -0.000398707116120881    0.731867581704243    0.732451416108942
251.899999999916    -0.00040077219591697    0.731944404862964    0.732531326017496
251.999999999916    -0.000402239870357889    0.732007775890183    0.732596898284448
252.099999999916    -0.000402424815154283    0.732055380547989    0.732644812252334
252.199999999916    -0.000403564669661273    0.732086031172065    0.732677157844572
252.299999999916    -0.000405733632662319    0.732100450037026    0.732694766721427
252.399999999915    -0.000406744425665441    0.732097728029096    0.732693523705502
252.499999999915    -0.000407732510642885    0.732076642904514    0.732673869308324
252.599999999915    -0.00040946473986604    0.732038435616122    0.732638169041036
252.699999999915    -0.000410447768431197    0.73198438431887    0.73258551376525
252.799999999915    -0.000410814532626166    0.731915106201905    0.732516716076537
252.899999999915    -0.000411442494127219    0.731832830778591    0.732435292907471
252.999999999915    -0.000412505827411132    0.731741612275464    0.732345556764531
253.099999999915    -0.000413801361034579    0.73164546751758    0.732251229963412
253.199999999915    -0.000414893171233849    0.731546347431466    0.732153626555408
253.299999999915    -0.000415034473281354    0.731443416135365    0.732050816693438
253.399999999915    -0.000413457270303284    0.731334591103628    0.731939592453267
253.499999999914    -0.000411702692181107    0.731220770950733    0.731823110055323
253.599999999914    -0.000412000379184012    0.731108705841621    0.731711388275075
253.699999999914    -0.000413237458396678    0.73100671926835    0.731611127750057
253.799999999914    -0.000412575080811956    0.730918234458224    0.731521600691394
253.899999999914    -0.000410535358422278    0.730842772194933    0.731443092246408
253.999999999914    -0.000409833317906872    0.73078155235922    0.731380795205441
254.099999999914    -0.000409766150811521    0.730736674500182    0.731335782303013
254.199999999914    -0.000407660576391445    0.730706539245654    0.731302542710694
254.299999999914    -0.000404815663350483    0.730688725555639    0.731280553619186
254.399999999914    -0.000402751339248321    0.730685225450917    0.73127403149958
254.499999999914    -0.000401745946246259    0.730700835307218    0.731288183468968
254.599999999913    -0.000402554675551925    0.730739484574478    0.731328046695163
254.699999999913    -0.000401665772545311    0.730798491617274    0.731385801000772
254.799999999913    -0.000397511958546878    0.730867417498558    0.731448705644683
254.899999999913    -0.000394725178340603    0.730939061145955    0.731516329110689
254.999999999913    -0.000394704211945855    0.731015191202832    0.73159248861448
255.099999999913    -0.000393946624187732    0.731098314683892    0.731674569123421
255.199999999913    -0.000391743140044966    0.731186863504507    0.731759962887997
255.299999999913    -0.000391905846644191    0.731280425800212    0.7318538366721
255.399999999913    -0.000393627521250686    0.731379522409663    0.731955531359637
255.499999999913    -0.000392234637242536    0.731478296980686    0.732052344390898
255.599999999913    -0.000389772010254016    0.731568953060871    0.732139465633651
255.699999999912    -0.00039023249244051    0.731651540400039    0.732222791729286
255.799999999912    -0.000392874560057166    0.731730709073221    0.7323058918087
255.899999999912    -0.000393531808536812    0.731805801965183    0.732382006441463
255.999999999912    -0.000391814100921112    0.731870907465993    0.732444646948411
256.099999999912    -0.00039241371776428    0.731925359266342    0.732500019873759
256.199999999912    -0.000395538381387268    0.731975167509705    0.732554445182203
256.299999999912    -0.00039902952237741    0.732022926880878    0.732607357603755
256.399999999912    -0.000400962736593781    0.732062219056058    0.732649513880817
256.499999999912    -0.000399001406943191    0.732080277943986    0.732664713256288
256.599999999912    -0.000397213958267692    0.732070123316484    0.732651931361585
256.699999999912    -0.000399753627864953    0.732038776872431    0.732624281243513
256.799999999911    -0.000403816506897729    0.731997092591222    0.732588516435912
256.899999999911    -0.000405493278439457    0.731947289302034    0.732541129512216
256.999999999911    -0.000405293520701445    0.731884856864519    0.732478353785749
257.099999999911    -0.000405037397342128    0.731806845508034    0.732399903999025
257.199999999911    -0.000405073180804922    0.731714758769904    0.732307795042547
257.299999999911    -0.000405587196272447    0.73161322385921    0.732206930571493
257.399999999911    -0.000406584155066679    0.731507922748087    0.732103003759988
257.499999999911    -0.000407152353495049    0.731403290305911    0.73199911804058
257.599999999911    -0.000407445042821315    0.731301858101846    0.73189803164358
257.699999999911    -0.000408035494100605    0.731204774332159    0.731801732915216
257.799999999911    -0.000407176542186401    0.731110767272508    0.731706392105315
257.89999999991    -0.000404079655357352    0.731017506500823    0.731608523923113
257.99999999991    -0.000402004236622855    0.730927878202918    0.731515786752052
258.09999999991    -0.000403078423564597    0.730851441392964    0.731440859868547
258.19999999991    -0.000404580040868168    0.730795616398795    0.731387186376899
258.29999999991    -0.000403355232543527    0.730758130256219    0.73134787836533
258.39999999991    -0.000399286711196795    0.730730792196363    0.731314567479649
258.49999999991    -0.000395335892710894    0.730710049140211    0.731288029455754
258.59999999991    -0.000394567251291153    0.730702511207271    0.731279361376174
258.69999999991    -0.000396149320872045    0.730717963542771    0.731297139833078
258.79999999991    -0.000395010132177727    0.730757304773338    0.731334845987065
258.89999999991    -0.000389424262525823    0.730812323351905    0.731381737195603
258.999999999909    -0.000386715010101103    0.730880105922249    0.731445609225954
259.099999999909    -0.000389457923534607    0.730966839323671    0.731536422807303
259.199999999909    -0.000390045510640111    0.731071555309495    0.731642080196376
259.299999999909    -0.000386496127431757    0.731181475786775    0.73174689193561
259.399999999909    -0.000384368083341801    0.731286920757594    0.731849303623828
259.499999999909    -0.000385109487079488    0.73138765516009    0.731951200836346
259.599999999909    -0.000385191276740921    0.731484319126485    0.732048059031779
259.699999999909    -0.000384325158207151    0.731574429363139    0.732136970478452
259.799999999909    -0.000384595275785292    0.731656591968942    0.732219591833567
259.899999999909    -0.0003853549133535    0.731731320984153    0.732295490909397
259.999999999909    -0.000385911792357751    0.731798878166313    0.732363915854457
260.099999999908    -0.000387075716475758    0.731859460452644    0.732426249893101
260.199999999908    -0.000388484182695304    0.731912656922226    0.732481550909199
260.299999999908    -0.000388760767453315    0.731956459302803    0.732525792546954
260.399999999908    -0.000388531426758124    0.731989489858488    0.73255851278351
260.499999999908    -0.000391369306212685    0.732014292412243    0.73258749259672
260.599999999908    -0.000395118978829066    0.732032507160546    0.732611215692668
260.699999999908    -0.000394696843166448    0.732037223895494    0.73261531762997
260.799999999908    -0.000393545616230046    0.732020454713306    0.732596848432414
260.899999999908    -0.000395185980976357    0.731983160763069    0.732561928450834
260.999999999908    -0.00039732034134832    0.731930629956049    0.732512482993571
261.099999999908    -0.000398272942843268    0.731865871907835    0.732449068928571
261.199999999907    -0.000398886603299524    0.731790333128572    0.732374368813201
261.299999999907    -0.000399342889531048    0.731705643406543    0.732290279768765
261.399999999907    -0.000399280834685729    0.731613867391075    0.732198339550886
261.499999999907    -0.000399405085010992    0.731518387479987    0.732102965290814
261.599999999907    -0.000400889858342213    0.731424050172308    0.732010726332554
261.699999999907    -0.000402033368235858    0.73133360448122    0.731921882013045
261.799999999907    -0.000400433107772059    0.731244710714688    0.73183057449805
261.899999999907    -0.000398211090855379    0.731154801778127    0.731737341654367
261.999999999907    -0.000398047325295252    0.731066914036406    0.731649144251074
262.099999999907    -0.000397936365300882    0.730986250706673    0.731568254330462
262.199999999907    -0.000396754339433086    0.730915318487616    0.731495536340303
262.299999999906    -0.000396323079870565    0.730855393739865    0.731434933145882
262.399999999906    -0.000395696007970332    0.730806576139221    0.731385159571929
262.499999999906    -0.000393075936110986    0.7307662881201    0.731341007313947
262.599999999906    -0.000389822459186598    0.730733248275259    0.731303182912285
262.699999999906    -0.000388343579838521    0.730712028508304    0.731279783642329
262.799999999906    -0.000387687629737536    0.73071022834986    0.731277022721934
262.899999999906    -0.00038557071100167    0.730732171155626    0.731295886353264
262.999999999906    -0.000384278385595749    0.730779222532044    0.731341083762894
263.099999999906    -0.000385261785845576    0.730851583530035    0.731414938941865
263.199999999906    -0.000383647687788312    0.730942441463225    0.731503505469281
263.299999999906    -0.000378821112028674    0.73103871533238    0.731592791026107
263.399999999905    -0.000376222758110487    0.731134363143495    0.731684708969422
263.499999999905    -0.000377577279223455    0.731234463265107    0.731786866878388
263.599999999905    -0.000379715718753346    0.731343801837294    0.731899418288335
263.699999999905    -0.000378866443498689    0.731457585425511    0.732012044959543
263.799999999905    -0.000376253454928853    0.731566139488404    0.732116855272103
263.899999999905    -0.000377007137933572    0.731666190798831    0.732218085620149
263.999999999905    -0.000379299301883476    0.731759108487176    0.732314430558442
264.099999999905    -0.000379535020483569    0.731841556322431    0.732397286241536
264.199999999905    -0.000378384585969574    0.731908006446177    0.732462101523187
264.299999999905    -0.00037814327434849    0.731958297804595    0.732512077427471
264.399999999905    -0.000381551791156982    0.731998764183669    0.732557568275569
264.499999999904    -0.000385402671290726    0.732033570061919    0.732598042998049
264.599999999904    -0.000385605860621991    0.732057145275106    0.732621934112048
264.699999999904    -0.000384732870238026    0.732061632257677    0.732625145405647
264.799999999904    -0.000385884485330703    0.732046280741566    0.732611469443682
264.899999999904    -0.000387778162895496    0.732015251280184    0.732583190573345
264.999999999904    -0.000388348001155464    0.731971851311549    0.732540591791496
265.099999999904    -0.000389633829074498    0.731919254514365    0.732489837836349
265.199999999904    -0.000392753055058571    0.731861451091893    0.732436558608719
265.299999999904    -0.000394058332658316    0.731798030355836    0.732374999938877
265.399999999904    -0.000392241784923543    0.731723605621619    0.732297856012897
265.499999999904    -0.000391333960227153    0.731636502138047    0.732209354734379
265.599999999903    -0.000393081492013815    0.731542202672429    0.732117540227969
265.699999999903    -0.000394297713548523    0.731446140463928    0.732023183072046
265.799999999903    -0.000393432968822537    0.73134932935124    0.731925029726534
265.899999999903    -0.00039242387613169    0.731252534228712    0.731826681445614
265.999999999903    -0.000392231384316599    0.731159457479055    0.731733249910781
266.099999999903    -0.000392127347248644    0.731074677439287    0.731648251101016
266.199999999903    -0.000392042114197736    0.731001176280413    0.731574567567205
266.299999999903    -0.00039146688198737    0.730939192011607    0.731511693099661
266.399999999903    -0.000389878827088969    0.730886342026977    0.731456478530658
266.499999999903    -0.000388365822006109    0.730840365094076    0.731408252480417
266.599999999903    -0.000386599884140184    0.730800607853737    0.731365881249018
266.699999999902    -0.000383697037869485    0.730767507831796    0.73132850974282
266.799999999902    -0.000381300225511677    0.73074441852092    0.731301897110779
266.899999999902    -0.000380826053272701    0.730738183829692    0.731294964143189
266.999999999902    -0.000380289061483561    0.730754136873382    0.731310143926556
267.099999999902    -0.000377849242125132    0.730792248857636    0.731344716201767
267.199999999902    -0.000375375856975169    0.730850344016895    0.731399237206558
267.299999999902    -0.000376135809071382    0.730927755468397    0.731477818572179
267.399999999902    -0.000377257865567851    0.731020406553585    0.731572181111402
267.499999999902    -0.000371679624635079    0.731114926086179    0.731658609204702
267.599999999902    -0.000365257591624754    0.731202191105692    0.731736540583523
267.699999999902    -0.000368591367106462    0.731293920997923    0.731833217029979
267.799999999901    -0.000374629470264547    0.731404899030764    0.731953116068768
267.899999999901    -0.000374701595355462    0.731528083889082    0.732076498861208
267.999999999901    -0.000371454736169099    0.731643002130953    0.732186748624816
268.099999999901    -0.000368974364622743    0.731735734386202    0.73227591715513
268.199999999901    -0.000368454614845029    0.731805780628864    0.732345253834342
268.299999999901    -0.000369690491468514    0.731861717317598    0.732403042076138
268.399999999901    -0.000372543864836614    0.731913424998412    0.732458967949241
268.499999999901    -0.000376100076752015    0.731965380314365    0.732516171938569
268.599999999901    -0.00037721635181597    0.732012809878587    0.732565272679839
268.699999999901    -0.00037637755614352    0.732046112892274    0.732597371827674
268.799999999901    -0.000377093946737227    0.732060810662395    0.73261313033949
268.8999999999    -0.000378529158342262    0.7320582919077    0.732612712590281
268.9999999999    -0.000380194435976523    0.73204089870785    0.732597746171349
269.0999999999    -0.000382511178267942    0.732010582416492    0.732570801167196
269.1999999999    -0.000382751176458575    0.731967107332013    0.732527644421164
269.2999999999    -0.000381927702981044    0.731909946074396    0.732469233050572
269.3999999999    -0.000384520638175411    0.731843885389009    0.732406920043162
269.4999999999    -0.000388086137946217    0.731774288956514    0.732342492383687
269.5999999999    -0.000387672684073806    0.731698446615015    0.732265985635854
269.6999999999    -0.000385379207572241    0.731610683388449    0.732174795876503
269.7999999999    -0.000385139583162839    0.731512366942859    0.732076052776752
269.8999999999    -0.000385826231746823    0.731410592764708    0.731975205392803
269.999999999899    -0.000386260245019469    0.731312200276137    0.731877372238927
270.099999999899    -0.000386997317963953    0.73122212757604    0.731788308691029
270.199999999899    -0.000387665970843666    0.731142410706397    0.731709508615901
270.299999999899    -0.000386942431240757    0.731070935224148    0.73163691895744
270.399999999899    -0.00038437118049122    0.731003077392377    0.731565246505583
270.499999999899    -0.00038193800271153    0.730936881177085    0.731495439656805
270.599999999899    -0.000380852124601539    0.730875825402173    0.731432748729455
270.699999999899    -0.000379923371862315    0.730825451946217    0.731380978343571
270.799999999899    -0.000378839755506139    0.730790132133476    0.731344046688298
270.899999999899    -0.000378113250602153    0.730772900731166    0.731325739600763
270.999999999899    -0.00037683759198854    0.730774212046054    0.731325186062485
271.099999999898    -0.000374141178269566    0.730791231333793    0.731338274189773
271.199999999898    -0.000371721729245962    0.730821426172985    0.73136495262219
271.299999999898    -0.000370377677020835    0.730865077402375    0.731406670215431
271.399999999898    -0.000368823360787693    0.73092241798256    0.731461779437015
271.499999999898    -0.00036774268121632    0.730992104828343    0.731529936605197
271.599999999898    -0.00036818356865483    0.731071844479201    0.731610380040433
271.699999999898    -0.000366652570902491    0.731155975355074    0.731692332447971
271.799999999898    -0.000362526039526435    0.731237387127239    0.731767764590698
271.899999999898    -0.000360991376262489    0.731317426830165    0.731845616070718
271.999999999898    -0.00036338999704968    0.731405825528788    0.731937589888199
272.099999999898    -0.000365643675094683    0.731507505776466    0.732042643631781
272.199999999897    -0.000365515753025193    0.731615623451574    0.732150653084395
272.299999999897    -0.000364799158264724    0.73171856466598    0.732252620121915
272.399999999897    -0.000363626828482516    0.731807811732372    0.732340215235848
272.499999999897    -0.000363413658409953    0.731880730234457    0.732412874530351
272.599999999897    -0.000366080074780225    0.731940510603345    0.732476604530363
272.699999999897    -0.000368050362492605    0.731989382565251    0.732528398865584
272.799999999897    -0.000367563720950607    0.73202472777204    0.732563057107909
272.899999999897    -0.000368520347658285    0.732045668340835    0.732585414696747
272.999999999897    -0.000372768193182269    0.732055689527308    0.732601667203807
273.099999999897    -0.00037485479794623    0.73205432927095    0.732603363234334
273.199999999897    -0.000372907175176992    0.732034950456191    0.732581116296362
273.299999999896    -0.000373098835948733    0.731996330912434    0.732542748738254
273.399999999896    -0.000376381863435575    0.731945522861602    0.732496712358988
273.499999999896    -0.000378355293758768    0.731887641648904    0.732441678398951
273.599999999896    -0.000377993424143311    0.731822376091652    0.732375833386477
273.699999999896    -0.000378345249127626    0.731750028985738    0.732303946851963
273.799999999896    -0.000380412218718335    0.731673818849244    0.73223070601754
273.899999999896    -0.000381804262086542    0.731595104270857    0.732153969906003
273.999999999896    -0.000380707195044646    0.731511061047165    0.732068256223769
274.099999999896    -0.000378652940448452    0.731419677238158    0.731973795479635
274.199999999896    -0.000377968044213493    0.731325013140228    0.73187805714299
274.299999999896    -0.000379297543115324    0.731235621081648    0.731790543311315
274.399999999895    -0.000380757881821238    0.731157941704658    0.731714942085264
274.499999999895    -0.000379736868411785    0.731091643320556    0.731647099149926
274.599999999895    -0.000376916022443509    0.731032918715254    0.731584202542956
274.699999999895    -0.000375401730434756    0.730981473554562    0.731530503081372
274.799999999895    -0.000375844831182873    0.730940796047573    0.73149044326983
274.899999999895    -0.000375664470978905    0.73091183964635    0.731461201241128
274.999999999895    -0.000373597697760666    0.73089067151141    0.731436993760527
275.099999999895    -0.000370551242140739    0.730873027040848    0.731414879641036
275.199999999895    -0.000367337896086276    0.730858651584812    0.731395793056049
275.299999999895    -0.000365812496884584    0.730852853025981    0.731387758915281
275.399999999895    -0.000366313082549469    0.730863969901354    0.731399616183072
275.499999999894    -0.000366172459693605    0.730896069353595    0.731431533448791
275.599999999894    -0.000363908608915221    0.730945547793741    0.731477736216671
275.699999999894    -0.000360280543047779    0.731005847944262    0.731532772152539
275.799999999894    -0.000358505775793249    0.731074632761462    0.731599009710389
275.899999999894    -0.000360416736110312    0.731154948095253    0.73168217907809
275.999999999894    -0.000360924957781788    0.731246193531954    0.731774234118037
276.099999999894    -0.000357005875878941    0.731339500730011    0.731861872217747
276.199999999894    -0.000355678955046005    0.731429457905532    0.731949951164586
276.299999999894    -0.000357856662254582    0.731519356965569    0.73204310254233
276.399999999894    -0.000357140735991973    0.731610092076755    0.732132854309931
276.499999999894    -0.000356891791190869    0.731699301667827    0.732221763078786
276.599999999893    -0.000360747054609487    0.731786949853094    0.732315120362572
276.699999999893    -0.000361903679124253    0.731868353254628    0.73239827673524
276.799999999893    -0.000359160051337377    0.731933663380938    0.73245961494596
276.899999999893    -0.000360072977713287    0.731980972851881    0.732508295863696
276.999999999893    -0.000364068371208179    0.732015522347629    0.732548723867278
277.099999999893    -0.000365049084829656    0.73203691681856    0.732571570806601
277.199999999893    -0.000363896001633068    0.732040253747141    0.732573220734443
277.299999999893    -0.000365728573604852    0.73202638749905    0.732562029331655
277.399999999893    -0.000369487195015492    0.732000516527964    0.732541646103617
277.499999999893    -0.000370272042263227    0.731962876827219    0.732505128386339
277.599999999893    -0.000369036751606247    0.731910423788178    0.732450826907312
277.699999999892    -0.00036923759308253    0.731845496799361    0.732386146166926
277.799999999892    -0.000371500765925186    0.731775800168558    0.732319712773003
277.899999999892    -0.000374264867887529    0.731707441527991    0.732255351369267
277.999999999892    -0.000375243043593939    0.731639963989862    0.732189255721569
278.099999999892    -0.000374041619543912    0.731568234739606    0.732115713454089
278.199999999892    -0.000372764559304428    0.731489162947736    0.732034712780303
278.299999999892    -0.000372506430477004    0.731405136179938    0.731950245469676
278.399999999892    -0.000372895568343683    0.731321366484551    0.731866982935702
278.499999999892    -0.000373341076057567    0.731242441933327    0.731788651536068
278.599999999892    -0.000371933939885541    0.731170304464909    0.731714400936987
278.699999999892    -0.000370070875279998    0.731106303166772    0.731647625793582
278.799999999891    -0.000371053729091923    0.73105495281811    0.731597675530224
278.899999999891    -0.000372348129610827    0.731019397958241    0.731563988146457
278.999999999891    -0.000370354121814782    0.730995024987604    0.731536679632695
279.099999999891    -0.000367112376597112    0.730974087446475    0.731510983816724
279.199999999891    -0.000364941355438284    0.730953561721928    0.731487266860159
279.299999999891    -0.000363179674922455    0.730935593899199    0.73146670869206
279.399999999891    -0.000361926395043506    0.730924940282941    0.731454213898401
279.499999999891    -0.000361062393521297    0.73092678134684    0.731454792338076
279.599999999891    -0.00035961185822463    0.73094437227491    0.731470273923325
279.699999999891    -0.000358625352092168    0.730979290905044    0.731503774409271
279.799999999891    -0.000357954211898757    0.731031584769713    0.731555123842328
279.89999999989    -0.0003563283080184    0.73109836864018    0.731619576450663
279.99999999989    -0.000354224816603914    0.73117569548329    0.731693880190448
280.09999999989    -0.000353802884140078    0.731261831333022    0.731779459561357
280.19999999989    -0.000354831891372451    0.731355891917266    0.731875092935136
280.29999999989    -0.000354555473650703    0.731452919558551    0.731971784797756
280.39999999989    -0.000353045437847618    0.731544536542592    0.732061255890418
280.49999999989    -0.000353285180367351    0.73162529622283    0.732142423665767
280.59999999989    -0.000352745191340442    0.731692952994929    0.732209337488489
280.69999999989    -0.000351527787612141    0.731747375105407    0.732262015087385
280.79999999989    -0.000353366803156933    0.731794544302945    0.732311910920508
280.89999999989    -0.000357114404561097    0.731841718841755    0.732364608012324
280.999999999889    -0.000359181183466285    0.731887927612158    0.732413877267387
281.099999999889    -0.000357725577659921    0.731924277891459    0.732448121353888
281.199999999889    -0.00035659049050479    0.731944375723221    0.732466570740922
281.299999999889    -0.000359285970259075    0.731950874341915    0.732477022739792
281.399999999889    -0.000361864408497944    0.731947779337825    0.732477702798708
281.499999999889    -0.000361762126815837    0.731933682533945    0.73246344595365
281.599999999889    -0.000362292739004596    0.731907321606226    0.732437843226842
281.699999999889    -0.000364432066984828    0.731871129925604    0.732404759014447
281.799999999889    -0.000365459077044251    0.7318264922249    0.732361593051164
281.899999999889    -0.000365767272744426    0.731772506902051    0.732308019643324
281.999999999889    -0.000367074363064816    0.73170942599614    0.732246806797847
282.099999999888    -0.000367254113118248    0.731637705177603    0.732175296523313
282.199999999888    -0.000365812994976954    0.731557275375608    0.732092697555804
282.299999999888    -0.000365807063956348    0.731471435029206    0.732006785700295
282.399999999888    -0.000367255634311455    0.731386287641209    0.731923696477621
282.499999999888    -0.000367187227006712    0.731305204025339    0.731842453156281
282.599999999888    -0.000365856487224297    0.731228695584953    0.731763940931784
282.699999999888    -0.000365364173116768    0.731158512822778    0.731692986351166
282.799999999888    -0.000365476726062339    0.731097408821375    0.731632002377695
282.899999999888    -0.000364696850184644    0.731046200472042    0.731579615500126
282.999999999888    -0.000362539867021551    0.73100379148468    0.731534019748278
283.099999999888    -0.000360304340229736    0.730970273581852    0.731497206962537
283.199999999887    -0.000359853098839188    0.730948824874617    0.731475082649556
283.299999999887    -0.000360577323731433    0.730942409154115    0.731469721806489
283.399999999887    -0.000359317691643473    0.730948535598912    0.731474009892165
283.499999999887    -0.000355212848751637    0.730960801264357    0.731480279126654
283.599999999887    -0.000352656232525901    0.730977672930712    0.731493422477397
283.699999999887    -0.000353576698518604    0.731004630373179    0.731521745620699
283.799999999887    -0.000354085329170289    0.731044410891431    0.731562298469562
283.899999999887    -0.000350926705927275    0.731091813224833    0.731605112638796
283.999999999887    -0.000346582524989948    0.731141761752798    0.731648739378212
284.099999999887    -0.000347218110185441    0.731198734656862    0.731706681910983
284.199999999887    -0.000349488165358009    0.73126976903067    0.731781087990516
284.299999999886    -0.000347794134642974    0.731351761914989    0.731860658612585
284.399999999886    -0.000346231462590358    0.731437400056164    0.73194406876244
284.499999999886    -0.00034672817234476    0.731524381994977    0.732031838168319
284.599999999886    -0.000346578508116885    0.73161170818039    0.732119005787522
284.699999999886    -0.000347114922793133    0.731697000366725    0.732205142646073
284.799999999886    -0.000348535755856589    0.731777447393793    0.732287726455784
284.899999999886    -0.000348626907767254    0.731848408355085    0.732358870411012
284.999999999886    -0.00034913137679166    0.73190547064774    0.732416711467248
285.099999999886    -0.000350130341392478    0.731946328929762    0.732459061689116
285.199999999886    -0.000350189414715206    0.731969601903027    0.732482437505586
285.299999999886    -0.000351574234398531    0.731977105095656    0.732491974691183
285.399999999885    -0.000354237913320262    0.731973139844227    0.73249190888722
285.499999999885    -0.000355789399362661    0.731959018574781    0.73248005047156
285.599999999885    -0.000356395997829932    0.731933463220249    0.732455365538085
285.699999999885    -0.000356549642466406    0.731896189539473    0.732418290343734
285.799999999885    -0.000357415472001412    0.731849018273847    0.732372353646606
285.899999999885    -0.000359086374698875    0.731794891375103    0.732320635311722
285.999999999885    -0.000359325217581652    0.731735144512798    0.732261195316146
286.099999999885    -0.000358833317964864    0.731670236449238    0.732195520255772
286.199999999885    -0.000360537865535637    0.731603062034925    0.732130793514918
286.299999999885    -0.000362654444274117    0.731536195190927    0.732066977386116
286.399999999885    -0.000361164542684042    0.731467091695745    0.731995642544892
286.499999999884    -0.000357990325423694    0.731392633590991    0.731916484098228
286.599999999884    -0.000358091774970292    0.731317054679098    0.731840999543797
286.699999999884    -0.000360330722864928    0.731248680699502    0.731775853387439
286.799999999884    -0.000360092067343441    0.731190505420293    0.731717286911566
286.899999999884    -0.00035780710168477    0.731140415126388    0.73166381686897
286.999999999884    -0.000357255100458936    0.731098481551628    0.73162104556323
287.099999999884    -0.000357967648772026    0.731067096750704    0.731590680916334
287.199999999884    -0.000356346359054367    0.731044900713681    0.731566096817364
287.299999999884    -0.000353752437368339    0.731027951853579    0.731545340720657
287.399999999884    -0.000353111577956839    0.731015660882231    0.731532103431125
287.499999999884    -0.00035241937407789    0.731009245196011    0.731524670483142
287.599999999883    -0.000349832635473711    0.731008276793558    0.731519916886008
287.699999999883    -0.000347266852884538    0.731013601033319    0.73152149099196
287.799999999883    -0.000347120732327902    0.731030190483267    0.731537878182341
287.899999999883    -0.000347676039361743    0.73106265557906    0.731571178317466
287.999999999883    -0.000345950489701609    0.731109198616692    0.731615228848672
288.099999999883    -0.000343326845768712    0.731164830777249    0.73166706023628
288.199999999883    -0.000342240185830709    0.731227842826104    0.731728525285388
288.299999999883    -0.000343028670609987    0.731298729193161    0.731800614215901
288.399999999883    -0.000343611043939211    0.731375250803425    0.731878040794499
288.499999999883    -0.000341735973309506    0.731451411764665    0.7319515091862
288.599999999883    -0.000339302891877121    0.731522907365817    0.732019491534149
288.699999999882    -0.000339682213913844    0.731592039846825    0.732089226339787
288.799999999882    -0.000342450311990234    0.731664070703265    0.732165359548355
288.899999999882    -0.00034420229278681    0.731739201184254    0.732243107251416
288.999999999882    -0.000344069288277273    0.731810852180093    0.732314612786773
289.099999999882    -0.000344618359596353    0.731871684523911    0.732376291259368
289.199999999882    -0.000344509774583063    0.731916782068375    0.73242126083745
289.299999999882    -0.000343976192929901    0.731944006603259    0.732447722495192
289.399999999882    -0.000346513230851731    0.731956514000536    0.732463955068598
289.499999999882    -0.00034941351328136    0.731957848250274    0.732469538968587
289.599999999882    -0.000349403992382164    0.731945976654728    0.732457645126637
289.699999999882    -0.000348406058449912    0.731918016982946    0.732428204078032
289.799999999881    -0.000349553776064378    0.731876713225336    0.732388552678193
289.899999999881    -0.00035186168841355    0.731828189375531    0.732343375254389
289.999999999881    -0.000352818373846656    0.7317757467559    0.73229229686225
290.099999999881    -0.000353320730296982    0.731719753828543    0.732237000097963
290.199999999881    -0.000354537633139039    0.731660451701542    0.732179438031343
290.299999999881    -0.000354439869203394    0.731597052321168    0.732115850531006
290.399999999881    -0.000352776233086754    0.731528209943627    0.732044523619422
290.499999999881    -0.000352972145718905    0.731456653450546    0.731973203427237
290.599999999881    -0.000355028859102096    0.731388103974233    0.73190761618429
290.699999999881    -0.00035530230957068    0.731324318763297    0.731844185912299
290.799999999881    -0.000352645631081762    0.731262519681789    0.731778454689494
290.89999999988    -0.00034994896697594    0.731202568268721    0.731714514590639
290.99999999988    -0.000350256667355464    0.731151063903793    0.731663424431436
291.09999999988    -0.000352595915414071    0.731115994744427    0.731631753625784
291.19999999988    -0.000353490481918035    0.731098127837885    0.731615183071066
291.29999999988    -0.00035144716197936    0.731089696374567    0.731603755837192
291.39999999988    -0.00034764666442216    0.731081133146439    0.731589625756919
291.49999999988    -0.000344737834944315    0.731068922227778    0.731573150289156
291.59999999988    -0.00034363593446741    0.731057271988464    0.731559879800187
291.69999999988    -0.000343448563005903    0.731053140843242    0.73155547166945
291.79999999988    -0.000343764636663766    0.731061530758231    0.731564329805763
291.89999999988    -0.000343503862064345    0.731083467695476    0.731585900272296
291.999999999879    -0.00034112878341886    0.731115550285606    0.731614529618234
292.099999999879    -0.000337729170812318    0.731153373336598    0.731647403830134
292.199999999879    -0.000336066219775567    0.731196884683678    0.731688511048587
292.299999999879    -0.000336905196560098    0.731250313188444    0.731743203306685
292.399999999879    -0.000338163530204404    0.731315971234708    0.731810747330995
292.499999999879    -0.000337776511556952    0.731389971343974    0.731884230999493
292.599999999879    -0.000336106324604152    0.731464857125944    0.731956722374377
292.699999999879    -0.000335630521807155    0.731535119629932    0.732026335524822
292.799999999879    -0.000335873557463232    0.731598703068866    0.732090317507227
292.899999999879    -0.000334508795188258    0.73165486066268    0.732144514428039
292.999999999879    -0.000334445030072697    0.731706343648575    0.732195938491349
293.099999999878    -0.000336873483331735    0.731759309115165    0.73225249587155
293.199999999878    -0.000338974344662845    0.731815821227026    0.732312123037436
293.299999999878    -0.000340720063068703    0.731871153955904    0.73237005031137
293.399999999878    -0.000342379379149226    0.731917208039829    0.732418566413152
293.499999999878    -0.000340830109998478    0.731943977863164    0.732443085066903
293.599999999878    -0.000338604293278492    0.731945380271279    0.732441227863813
293.699999999878    -0.000339868640048812    0.731926218251879    0.732423904936803
293.799999999878    -0.000343558226954526    0.731896884199578    0.732399955425535
293.899999999878    -0.000346300082898446    0.731863130206802    0.732370194328471
293.999999999878    -0.000346185922763489    0.731823480465659    0.732330349910496
294.099999999878    -0.000345272338336205    0.731775142261207    0.73228064022468
294.199999999877    -0.00034642551666001    0.731719656239959    0.732226804649035
294.299999999877    -0.000347972715391326    0.731660286495367    0.732169659376503
294.399999999877    -0.000347664018079382    0.731597519143256    0.732106396327787
294.499999999877    -0.000347175465501507    0.731531227901432    0.73203934369592
294.599999999877    -0.000347961812541229    0.731463650751505    0.731972870776075
294.699999999877    -0.000348199307126032    0.731397116534124    0.731906637887528
294.799999999877    -0.000347087141363718    0.731332322222077    0.731840170579926
294.899999999877    -0.00034628119166742    0.731270664437008    0.731777290426285
294.999999999877    -0.000346061157872287    0.731215117309763    0.731721382808888
295.099999999877    -0.000345011016381439    0.731168137463975    0.731672833714245
295.199999999877    -0.000343512367394585    0.731131650073165    0.731634128208606
295.299999999876    -0.000343363790598881    0.731108824911748    0.731611069959435
295.399999999876    -0.000344249828014082    0.731102251543643    0.731605788534875
295.499999999876    -0.000343295532796971    0.731109354945016    0.731611500480413
295.599999999876    -0.000340630432822639    0.731123490233713    0.731621745776564
295.699999999876    -0.000338684215448587    0.731140326498516    0.731635745664894
295.799999999876    -0.000337755975393912    0.731159530486363    0.731653604363543
295.899999999876    -0.000336971175694915    0.73118164827748    0.731674588663515
295.999999999876    -0.000336224179126403    0.731206636251467    0.731698500330154
296.099999999876    -0.000335253865963312    0.731234449811168    0.731724912593161
296.199999999876    -0.000334035972578788    0.731265938149824    0.731754639651433
296.299999999876    -0.000332466309806007    0.731302828388807    0.731789257215414
296.399999999875    -0.000332535437639362    0.731347520423619    0.731834080157514
296.499999999875    -0.000334123250118298    0.731401494612064    0.731890414460596
296.599999999875    -0.00033356211961938    0.731461162771909    0.7319493010681
296.699999999875    -0.000331845199428141    0.731519989233906    0.732005653192585
296.799999999875    -0.000332003791472328    0.731575164501109    0.73206109728936
296.899999999875    -0.000331973879803084    0.73162682817514    0.73211275148242
296.999999999875    -0.000331892472118776    0.731675285892683    0.732161122176935
297.099999999875    -0.000334145799073452    0.731722020118167    0.732211187249533
297.199999999875    -0.000334922428400632    0.731765656297311    0.732255989982314
297.299999999875    -0.000333760706696853    0.731801016777739    0.732289672720935
297.399999999875    -0.000334881791708547    0.73182639925594    0.732316714125067
297.499999999874    -0.000337004271291651    0.731843096689362    0.732336531477993
297.599999999874    -0.000336772059445041    0.731849728242803    0.732342827385186
297.699999999874    -0.000336212642229455    0.731844908546502    0.732337185076905
297.799999999874    -0.000338509401557559    0.731831627177145    0.732327258725397
297.899999999874    -0.000341092098112514    0.731812559961366    0.73231196126621
297.999999999874    -0.000340654354215891    0.731784797890258    0.732283539144138
298.099999999874    -0.00033891853300544    0.73174433982713    0.732240511425259
298.199999999874    -0.000339033353678322    0.731692912070033    0.732189216937621
298.299999999874    -0.000341331044789604    0.73163687630054    0.732136507599002
298.399999999874    -0.000343072413776937    0.731580574429083    0.732082716927405
298.499999999874    -0.000341935651157322    0.731523059191467    0.732023497936478
298.599999999873    -0.000340364819419344    0.73146287713608    0.731960975131291
298.699999999873    -0.000341392750030792    0.731403035031309    0.731902596965152
298.799999999873    -0.000343033200158464    0.731347186433902    0.731849111342388
298.899999999873    -0.000341664251566725    0.731293894407955    0.731793779162922
298.999999999873    -0.000338546048151384    0.731239853221983    0.731735137623678
299.099999999873    -0.000337769610878971    0.731187261303852    0.731681373873523
299.199999999873    -0.000338665403600303    0.731142534655644    0.731637927791337
299.299999999873    -0.000338034883316413    0.73110904055269    0.731603488411744
299.399999999873    -0.000336928673385911    0.731086281599243    0.731579095504359
299.499999999873    -0.000336091762606536    0.73107291403386    0.731564494418521
299.599999999873    -0.000333309069964996    0.731066647067559    0.731554151845756
299.699999999872    -0.000330997470861411    0.731067267916013    0.731551390992946
299.799999999872    -0.000331747636488005    0.731079500889613    0.731564729656119
299.899999999872    -0.000332131987341295    0.731106254543692    0.731592063442925
299.999999999872    -0.000329178087232895    0.731143517435497    0.731625028787607
300.099999999872    -0.000326104331802718    0.73118732717231    0.731664369447363
300.199999999872    -0.000326114625275232    0.731240269588391    0.731717361468036
300.299999999872    -0.000328376466720724    0.731306205317082    0.731786650579585
300.399999999872    -0.000329352865011445    0.731381780333774    0.731863704426394
300.499999999872    -0.000326457606772473    0.73145590592631    0.731933640575437
300.599999999872    -0.000323193488170414    0.731519730194042    0.731992727890351
300.699999999872    -0.000323631132879545    0.731574552697893    0.732048226596064
300.799999999871    -0.000325208607364942    0.731625891858413    0.732101908738006
300.899999999871    -0.000325049873102637    0.731675390066877    0.732151206716405
300.999999999871    -0.000325780011901393    0.731722764369976    0.732199681041665
301.099999999871    -0.00032865285559071    0.731767796292531    0.732248949576694
301.199999999871    -0.000329332491053665    0.731805310405441    0.732287483732468
301.299999999871    -0.000326626264116359    0.73182635514206    0.732304578759177
301.399999999871    -0.000324545306154022    0.731828707467128    0.732303884827545
301.499999999871    -0.00032653540406442    0.731821253086171    0.73229934029573
301.599999999871    -0.000331185269591208    0.731815712102163    0.73230060585964
301.699999999871    -0.000333698154994434    0.731815071795996    0.732303645510655
301.799999999871    -0.000332500820024601    0.731812406918207    0.732299225236506
301.89999999987    -0.000331304409128204    0.731800584828726    0.732285643051366
301.99999999987    -0.000332474500893321    0.731778966440558    0.732265723968287
302.09999999987    -0.000334053553239946    0.731749822521374    0.732238873147066
302.19999999987    -0.000334310707286566    0.731713667536819    0.732203070576947
302.29999999987    -0.000333255554958184    0.731670241921701    0.732158070838433
302.39999999987    -0.000333270691578349    0.731622253317381    0.732110072401859
302.49999999987    -0.000335769629090433    0.73157547412382    0.73206692078788
302.59999999987    -0.000337640948273849    0.731532401223065    0.732026558658134
302.69999999987    -0.000336441373039446    0.7314887513737    0.731981123187699
302.79999999987    -0.000334283214131275    0.731439230526414    0.731928409764666
302.89999999987    -0.000333116026281517    0.731383594448342    0.731871028013615
302.999999999869    -0.000332214777026573    0.731326064881758    0.731812141014589
303.099999999869    -0.000332053143957423    0.73127307137413    0.731758875731877
303.199999999869    -0.000334000027852791    0.731231368305625    0.731719994101416
303.299999999869    -0.000335801482937111    0.731202850035049    0.731694092997904
303.399999999869    -0.000333159392829462    0.731180725340237    0.731668087162411
303.499999999869    -0.000328043850086536    0.731156467611601    0.731636327792085
303.599999999869    -0.000326388618958896    0.731131232651574    0.731608654303173
303.699999999869    -0.000327830243344067    0.731114092820006    0.731593612643029
303.799999999869    -0.000328574693344507    0.731110974254847    0.731591581298493
303.899999999869    -0.000327289416413789    0.73112054471355    0.731599277430517
303.999999999869    -0.000324985482068856    0.731138493646165    0.731613866927214
304.099999999868    -0.000323343278313655    0.731162623551193    0.731635609527388
304.199999999868    -0.000322198730551584    0.73119324837363    0.731664579308687
304.299999999868    -0.000320883902061201    0.731230706701503    0.731700137659287
304.399999999868    -0.000320626659041781    0.731275555971791    0.731744639249095
304.499999999868    -0.000321027459967132    0.731328416500948    0.731798120296667
304.599999999868    -0.000320231432830683    0.731387250017471    0.731855826444426
304.699999999868    -0.000319125155447826    0.731448258466444    0.73191525457502
304.799999999868    -0.000318478588206589    0.731509285436133    0.731975373964321
304.899999999868    -0.000318492746081255    0.731570225933462    0.732036374018663
304.999999999868    -0.000319922378508813    0.731631490451899    0.732099770838508
305.099999999868    -0.000320397063937559    0.731690812216687    0.732159825663107
305.199999999867    -0.000318995556455014    0.731743386446798    0.732210381193531
305.299999999867    -0.000319786528343873    0.731787733818131    0.732255915254012
305.399999999867    -0.000322599509069811    0.73182555016892    0.732297875667313
305.499999999867    -0.000322412135786018    0.731854445146694    0.732326514857186
305.599999999867    -0.000320977204091537    0.731869927025459    0.732339905003547
305.699999999867    -0.000321896009498869    0.731872798573621    0.732344124158089
305.799999999867    -0.000324266566683007    0.731867204013227    0.732341998104103
305.899999999867    -0.000326240047789923    0.73185511342959    0.732332790161231
305.999999999867    -0.000326873938847669    0.731834952029181    0.732313544015141
306.099999999867    -0.000326161372257433    0.731803903228426    0.732281431310241
306.199999999867    -0.000325115263341453    0.731761665748151    0.732237634266106
306.299999999866    -0.000326348561235563    0.731713161305828    0.732190904291423
306.399999999866    -0.0003292118067839    0.731665362407214    0.732147266807671
306.499999999866    -0.000329920745180846    0.731620194561024    0.732103107243494
306.599999999866    -0.000328553499647065    0.731574887275033    0.732055768249096
306.699999999866    -0.000328665202354063    0.731528705342015    0.732009719494567
306.799999999866    -0.000330205083310737    0.73148355224601    0.731966790988519
306.899999999866    -0.000329769042885567    0.731438753752803    0.73192132460524
306.999999999866    -0.000327682676153595    0.731391657782688    0.731871143653379
307.099999999866    -0.000327561060632033    0.731343109340878    0.73182238538221
307.199999999866    -0.000328682466454672    0.731296295383022    0.731777181982166
307.299999999866    -0.000326660300115984    0.731250930736123    0.731728828143222
307.399999999865    -0.000322693525946816    0.731205998280454    0.731678061495755
307.499999999865    -0.000322486417629876    0.731167857734243    0.7316395932688
307.599999999865    -0.000325756495869425    0.731146904121045    0.731623411053178
307.699999999865    -0.000327036340733697    0.731145416408979    0.731623795099248
307.799999999865    -0.00032462918318578    0.731154995595531    0.731629858247811
307.899999999865    -0.000320922195659096    0.731165692441268    0.731635137695487
307.999999999865    -0.000316757509463677    0.731173701308982    0.731637057601791
308.099999999865    -0.000315626575972783    0.731184103165778    0.731645811162868
308.199999999865    -0.000319268586933763    0.731207186607333    0.73167423869284
308.299999999865    -0.000320230818765768    0.731245411860253    0.731713896517396
308.399999999865    -0.000316350370005616    0.731290021081362    0.73175285523662
308.499999999864    -0.000314470609688776    0.731334162103663    0.731794272994702
308.599999999864    -0.000315362195767753    0.731377706067519    0.731839149347927
308.699999999864    -0.000314053452078686    0.731419932901856    0.731879487136144
308.799999999864    -0.000310605339163139    0.731459198451172    0.731913729895903
308.899999999864    -0.000310455699355317    0.73149985212336    0.731954189771411
308.999999999864    -0.000315319964033915    0.731550664784369    0.732012155360178
309.099999999864    -0.000317731251841155    0.73161163582052    0.732076695346286
309.199999999864    -0.000314133180974131    0.73167016353001    0.732129991729092
309.299999999864    -0.000310446870444092    0.731716026123864    0.732170485109962
309.399999999864    -0.000311747597231259    0.731751830614159    0.732208216641333
309.499999999864    -0.000315336685522796    0.731785159870888    0.732246822863822
309.599999999863    -0.000316277081143505    0.731816874346593    0.732279934611842
309.699999999863    -0.000316819098854476    0.731842558784804    0.732306429147749
309.799999999863    -0.000318186510355353    0.731858653942457    0.732324537282594
309.899999999863    -0.000317463678536053    0.73186173761423    0.732326564218599
309.999999999863    -0.000317297295890444    0.731850627944961    0.73231520380411
310.099999999863    -0.000319640457547098    0.731828987077946    0.73229698097228
310.199999999863    -0.000320658062995157    0.731799890159733    0.732269355768223
310.299999999863    -0.000320201720598035    0.73176379829447    0.732232572451332
310.399999999863    -0.000321260846171724    0.731722805749255    0.732193104613342
310.499999999863    -0.000323510050684951    0.731679876138738    0.732153440929337
310.599999999863    -0.000323775041937228    0.731634402882043    0.732108326245551
310.699999999862    -0.000321331381808172    0.731583147284825    0.732053459658199
310.799999999862    -0.000320478803473316    0.731527043266291    0.731996071402935
310.899999999862    -0.000322747855823683    0.731472664809207    0.731944979716152
310.999999999862    -0.000324110157061081    0.731424422131093    0.731898700018044
311.099999999862    -0.000323046721803033    0.731380589843984    0.731853282749757
311.199999999862    -0.000321412290429921    0.731338106311006    0.731808379574269
311.299999999862    -0.000319931842240307    0.73129682576361    0.7317649057987
311.399999999862    -0.000318960596804588    0.731259917064378    0.7317265521017
311.499999999862    -0.000318804198423651    0.731232256777496    0.731698645291079
311.599999999862    -0.000319135724619299    0.731217572267627    0.731684436560261
311.699999999862    -0.000319068876636341    0.731216097880661    0.731682863408872
311.799999999861    -0.000318207334486322    0.731224263164914    0.73168977314099
311.899999999861    -0.000316756818283436    0.731236764767502    0.731700160013145
311.999999999861    -0.000314539306938052    0.731249088474978    0.731709246375701
312.099999999861    -0.000312761652727189    0.731259938541602    0.731717501783741
312.199999999861    -0.000312036446655576    0.731271818461321    0.731728327828426
312.299999999861    -0.000311856868209877    0.731288516219383    0.731744773199107
312.399999999861    -0.000311610423833019    0.731312503579876    0.731768414844969
312.499999999861    -0.000310622334799533    0.731343832095179    0.731798316725589
312.599999999861    -0.000309928028489871    0.731381555729818    0.731835047566932
312.699999999861    -0.000310342218062113    0.731425181367128    0.731879306527602
312.799999999861    -0.000310531637512278    0.731473034875729    0.731927467029922
312.89999999986    -0.000309416525935375    0.731520995230343    0.731973824713254
312.99999999986    -0.000308858912779062    0.731565297219489    0.732017337760891
313.09999999986    -0.000309055405043925    0.731604690120543    0.732057042690224
313.19999999986    -0.000308681791171525    0.731638890546714    0.732090717223832
313.29999999986    -0.00030852988498966    0.731668446712568    0.732120069215037
313.39999999986    -0.000309502408114778    0.731695400755364    0.732148463956596
313.49999999986    -0.000311214081089105    0.731721498355389    0.732177084207569
313.59999999986    -0.000312623901606261    0.731745808863848    0.732203474400535
313.69999999986    -0.000311535584688532    0.731764116319369    0.732220199529182
313.79999999986    -0.000309406038880539    0.731773104208125    0.732226074394901
313.89999999986    -0.000311909803631189    0.731776594262304    0.732233233280127
313.999999999859    -0.000316529139782258    0.731780504205997    0.732243910594634
314.099999999859    -0.000315772235147393    0.731781386540544    0.732243685009699
314.199999999859    -0.000313142648583184    0.731771300114894    0.732229741278524
314.299999999859    -0.000314280985561058    0.731749697968623    0.732209792600141
314.399999999859    -0.000316083394389424    0.731720320971359    0.732183036513651
314.499999999859    -0.000316010991388853    0.731684394112409    0.732146980916458
314.599999999859    -0.000315576249377722    0.731642359208781    0.732104282884132
314.699999999859    -0.000316173609230737    0.731596530431955    0.732059299778465
314.799999999859    -0.000317229157575275    0.731549733151184    0.732014018247098
314.899999999859    -0.00031738208028042    0.731502775271659    0.731967254434115
314.999999999859    -0.000316211510575466    0.731454650035988    0.731917385117758
315.099999999858    -0.000315027658820792    0.731405406941956    0.731866378026593
315.199999999858    -0.000315272622285398    0.731357937402121    0.731819237106797
315.299999999858    -0.000315251012050534    0.731315434845633    0.731776676114337
315.399999999858    -0.0003143023341768    0.73127919786446    0.731739027907764
315.499999999858    -0.000314411485750228    0.731250402886539    0.731710374558169
315.599999999858    -0.00031427062252731    0.73122946360614    0.731689215970278
315.699999999858    -0.000312023514586161    0.731214175629756    0.73167063008827
315.799999999858    -0.000309743752957366    0.73120314152574    0.731656253084676
315.899999999858    -0.000309262376814427    0.731198579398838    0.731650983731654
315.999999999858    -0.000309496598939834    0.731203249064652    0.731655999026664
316.099999999858    -0.000308813018793828    0.731217016424438    0.731668774601715
316.199999999857    -0.00030693554771647    0.731237733819685    0.73168675734965
316.299999999857    -0.000305419350596817    0.731264474797461    0.731711295907289
316.399999999857    -0.000305539559676835    0.731298454168172    0.731745471965151
316.499999999857    -0.000305363481639878    0.731339583828373    0.731786369063426
316.599999999857    -0.000303541659163993    0.731384464773049    0.731828610897749
316.699999999857    -0.000302224529541944    0.731430500596097    0.731872746731598
316.799999999857    -0.000302022046278525    0.731478454213    0.731920432939419
316.899999999857    -0.000303561056633337    0.731530073792167    0.731974336737415
316.999999999857    -0.000305524714739957    0.731584094426521    0.732031265091727
317.099999999857    -0.000303896089187818    0.731633236189559    0.732078052325839
317.199999999857    -0.000300208695011366    0.731669993335585    0.732109432646843
317.299999999856    -0.000300656789103876    0.731696148296149    0.732136259447647
317.399999999856    -0.000304895356099743    0.731719670565797    0.732166002509379
317.499999999856    -0.000305567934024526    0.731742171961352    0.732189502538682
317.599999999856    -0.000302693625407277    0.731758574313901    0.732201705758528
317.699999999856    -0.000303795582793578    0.731768886186926    0.732213637610942
317.799999999856    -0.000307948921559841    0.731778007756866    0.732228847088972
317.899999999856    -0.000307713239206795    0.731784567990304    0.732235066214208
317.999999999856    -0.000305116808360047    0.731782920778858    0.732229615611361
318.099999999856    -0.000306370438555275    0.731773855019654    0.732222380188278
318.199999999856    -0.000308945407199082    0.731761954708835    0.732214243431499
318.299999999856    -0.000309098603744374    0.731747403865362    0.732199907935395
318.399999999855    -0.000309225608443061    0.731728133935607    0.732180812070141
318.499999999855    -0.000310689963403296    0.731703711097453    0.732158518399963
318.599999999855    -0.000310675164946562    0.731672892235773    0.732127658713388
318.699999999855    -0.000309241978750337    0.731633511242375    0.73208615480824
318.799999999855    -0.000309273582067016    0.731586912300115    0.732039573306127
318.899999999855    -0.000310068981611035    0.731537428290591    0.731991223129095
318.999999999855    -0.000309962521288588    0.731488387243716    0.731941995814979
319.099999999855    -0.000310023329981826    0.731441921270803    0.731895590038946
319.199999999855    -0.000311100237884186    0.731399751567798    0.731854970459906
319.299999999855    -0.00031090876892473    0.731361173821019    0.731816088462354
319.399999999855    -0.000308130501178009    0.731323012523022    0.731773837288627
319.499999999854    -0.000306138456656255    0.731285120644667    0.731733006756249
319.599999999854    -0.00030645369249021    0.731252739017166    0.731701066612844
319.699999999854    -0.000306532522370938    0.731231147538612    0.731679577253086
319.799999999854    -0.00030668568135775    0.731222254466    0.731670902850706
319.899999999854    -0.000307295116423933    0.731224967213199    0.731674509078083
319.999999999854    -0.000305251286156121    0.731234041144707    0.731680597719757
320.099999999854    -0.000301599900639209    0.731243504107565    0.731684723115538
320.199999999854    -0.00030020609963453    0.731253465265551    0.731692650612974
320.299999999854    -0.000300502164726189    0.731268597807614    0.731708225509965
320.399999999854    -0.000300326864068686    0.73129169892002    0.731731083964465
320.499999999854    -0.00029979882081827    0.731322327727077    0.731760958371009
320.599999999853    -0.000299197712230275    0.731358493667095    0.731796266223893
320.699999999853    -0.000298187160601577    0.731397162373294    0.73183347896354
320.799999999853    -0.000296637575876769    0.731434994934915    0.731869065904293
320.899999999853    -0.000295093904238463    0.731470586357537    0.731902418810989
320.999999999853    -0.000295002884854608    0.731506258265039    0.731937978536719
321.099999999853    -0.000296823143469477    0.731546042840999    0.731980451375563
321.199999999853    -0.000296987580373097    0.731590118672459    0.732024794124008
321.299999999853    -0.000295218906804398    0.731634577749077    0.732066690037241
321.399999999853    -0.000296376653743918    0.73167854667973    0.732112380136401
321.499999999853    -0.000299061476936638    0.731723196443078    0.732160987809285
321.599999999853    -0.000298862426158424    0.731764387089032    0.732201911608875
321.699999999852    -0.00029758837957102    0.731795071429156    0.732230748500559
321.799999999852    -0.000298378245417241    0.731812701627147    0.732249545951761
321.899999999852    -0.000299221123753942    0.731818230793134    0.732256312823334
321.999999999852    -0.00029887852551425    0.731812629535659    0.732250206477347
322.099999999852    -0.000298871335217052    0.73179839445334    0.732235952353374
322.199999999852    -0.000300849945825002    0.731780720963251    0.732221165851587
322.299999999852    -0.000303383474132207    0.731763739810488    0.732207884607935
322.399999999852    -0.000303980708275146    0.731746227957744    0.732191236705122
322.499999999852    -0.0003030725101852    0.731723976523403    0.732167641830817
322.599999999852    -0.000302542112856873    0.731695105417184    0.732137976570678
322.699999999852    -0.000303440785731653    0.731661434179284    0.732105600798506
322.799999999851    -0.000304227785701327    0.731625427122905    0.73207072416195
322.899999999851    -0.000304022487126268    0.731587869626689    0.732032843236023
322.999999999851    -0.000304235078295486    0.731549369877347    0.731994631301134
323.099999999851    -0.000304881925906155    0.731510963365124    0.731957148341524
323.199999999851    -0.000304419764227739    0.731472497675627    0.731917982660624
323.299999999851    -0.000303154501090133    0.731433206229984    0.731876815249486
323.399999999851    -0.00030315469045698    0.731394192268702    0.731837777903686
323.499999999851    -0.000303414733830277    0.731357473399735    0.731801417365128
323.599999999851    -0.000301496567675672    0.731323368125746    0.731764484091397
323.699999999851    -0.000299562926614763    0.731292897803196    0.731731165573329
323.799999999851    -0.000300535284088837    0.731270664787128    0.731710342199679
323.89999999985    -0.000301797624783521    0.731260230121154    0.731701748571472
323.99999999985    -0.000300118384636522    0.731259156201377    0.731698216604896
324.09999999985    -0.00029737534127943    0.731262745206442    0.731697793595946
324.19999999985    -0.000297451062281067    0.73127022840328    0.731705392055677
324.29999999985    -0.000298445041020404    0.731282500575744    0.731719126156247
324.39999999985    -0.000295311661126034    0.731295856356668    0.731727904333704
324.49999999985    -0.000291059648566632    0.731306551267824    0.731732382865832
324.59999999985    -0.000291137857191924    0.731319395688014    0.73174534922278
324.69999999985    -0.000294197371528593    0.731343014654564    0.731773459675552
324.79999999985    -0.000295294942197371    0.731378695982199    0.731810768430517
324.89999999985    -0.00029271247498364    0.731418888089933    0.731847204329405
324.999999999849    -0.000288703464380842    0.731455773299155    0.731878242899178
325.099999999849    -0.000287326088453677    0.731489127151718    0.731909599783776
325.199999999849    -0.000289723615975539    0.731525397063425    0.731949400273599
325.299999999849    -0.000291424512318354    0.731568584221036    0.731995102554701
325.399999999849    -0.000290740744289601    0.731615677129292    0.732041221825479
325.499999999849    -0.000290155690341892    0.731661995995673    0.732086711012242
325.599999999849    -0.000290872609607185    0.731705190355364    0.732130980202332
325.699999999849    -0.000291871772396625    0.731743739825717    0.73217101521991
325.799999999849    -0.000291503000410832    0.731774761565936    0.732201515043098
325.899999999849    -0.000291326112828464    0.73179577266298    0.732222279351184
325.999999999849    -0.000291896340705138    0.731807093036303    0.732234441402846
326.099999999848    -0.000292730460836775    0.731810762358315    0.732239334417833
326.199999999848    -0.000295463378576891    0.731809570497822    0.732242144163847
326.299999999848    -0.0002971698908282    0.731803663437059    0.732238732756103
326.399999999848    -0.000295099574391009    0.731788497100791    0.732220525540277
326.499999999848    -0.000293746893511735    0.73176212479305    0.732192156815516
326.599999999848    -0.000295782987475849    0.731729863629955    0.732162858192559
326.699999999848    -0.000297698014723934    0.731697638268974    0.732133417868277
326.799999999848    -0.000298459863931277    0.731666944626973    0.732103821450643
326.899999999848    -0.000299661222478016    0.731636914336291    0.732075532197376
326.999999999848    -0.000299081632713225    0.731604941764024    0.732042691888013
327.099999999848    -0.000296477360175126    0.73156788969789    0.7320018049774
327.199999999847    -0.000296803931333632    0.731527572671517    0.731961942112971
327.299999999847    -0.000299952389462576    0.731489433130556    0.731928388803028
327.399999999847    -0.00029970464023165    0.731453713991804    0.73189228557814
327.499999999847    -0.000295800520227956    0.731415737102444    0.731848571446144
327.599999999847    -0.000294425034443898    0.731375936260066    0.731806733868116
327.699999999847    -0.000296314758648273    0.73134111019506    0.731774652989303
327.799999999847    -0.000296878161389146    0.731315540774589    0.731749892950546
327.899999999847    -0.000294536782300422    0.731298010780815    0.731728926027201
327.999999999847    -0.000292597500647512    0.731287464577108    0.731715535598399
328.099999999847    -0.000294102417642087    0.731286220789777    0.731716493425044
328.199999999847    -0.000295509453777384    0.731294375981635    0.73172671254437
328.299999999846    -0.000292114202530605    0.731305043221157    0.731732417242193
328.399999999846    -0.00028708873429604    0.731311768197541    0.731731791521321
328.499999999846    -0.000287271255459617    0.731318141846388    0.731738435946299
328.599999999846    -0.000290380171926156    0.731332301500879    0.731757153668414
328.699999999846    -0.000288988541709545    0.731354420422071    0.731777248709462
328.799999999846    -0.000284888091242634    0.731379275031957    0.73179611627634
328.899999999846    -0.000286220569311332    0.7314077763221    0.731826584093774
328.999999999846    -0.000290160482790201    0.731443322699647    0.731867917795661
329.099999999846    -0.000287313945583997    0.731479471619373    0.731899920926532
329.199999999846    -0.000281325047140567    0.731506909689703    0.731918607942438
329.299999999846    -0.000281542518583294    0.731529337359165    0.731941366587027
329.399999999845    -0.00028555834049593    0.731558582990457    0.731976507642196
329.499999999845    -0.00028719500406765    0.7315991315188    0.732019475470587
329.599999999845    -0.000286990951475326    0.731646484714439    0.732066557113
329.699999999845    -0.000286844908383529    0.731693810693131    0.732113696423401
329.799999999845    -0.000286741855042655    0.731735130683476    0.732154889223362
329.899999999845    -0.000285614704851322    0.731765942971154    0.732184068621632
329.999999999845    -0.000285226482973629    0.731785146823424    0.732202714932349
330.099999999845    -0.000287517366102648    0.731796151074698    0.732217080302923
330.199999999845    -0.00028952390732868    0.731801789160164    0.732225660107713
330.299999999845    -0.000289553221276147    0.731800674337672    0.732224587568287
330.399999999845    -0.000289182878992815    0.73179080167037    0.732214166842024
330.499999999844    -0.000289018321639636    0.731772598050914    0.732195711714736
330.599999999844    -0.000289684536109653    0.73174896517958    0.732173040746768
330.699999999844    -0.000291163704632536    0.731723896656474    0.732150123639339
330.799999999844    -0.000292587941898142    0.731699672563498    0.732127970880987
330.899999999844    -0.000293905838945999    0.731675571884568    0.732105785772524
330.999999999844    -0.000294021767186509    0.731648200366056    0.732078567897139
331.099999999844    -0.000292138384704714    0.73161304154947    0.732040630969126
331.199999999844    -0.000290515091900238    0.731568718227951    0.731993905258015
331.299999999844    -0.000290487975113052    0.731519295718447    0.731944414328229
331.399999999844    -0.000291395859512897    0.731471202891058    0.731897622507719
331.499999999844    -0.000293321155953515    0.731429221977397    0.731858435204494
331.599999999843    -0.000293873540735313    0.731393260909448    0.731823261529759
331.699999999843    -0.000289821904708281    0.731358398156506    0.731782448423519
331.799999999843    -0.000285606583170198    0.731323029926276    0.731740890613581
331.899999999843    -0.000288754876947246    0.731295697830266    0.73171815021393
331.999999999843    -0.000293073929031068    0.731284507346818    0.731713273854719
332.099999999843    -0.000289287264250052    0.731283869634475    0.731707094288051
332.199999999843    -0.000284268608314097    0.731284584540224    0.731700465264316
332.299999999843    -0.00028496196627477    0.731287922175189    0.731704819463492
332.399999999843    -0.000285658868038645    0.731298656051766    0.731716579327828
332.499999999843    -0.000283562461871187    0.731316386166161    0.731731251556149
332.599999999843    -0.000284136030751579    0.731340143938738    0.73175586223054
332.699999999842    -0.000285593784393712    0.731369108583971    0.731786976867574
332.799999999842    -0.00028137217285383    0.731396779536802    0.731808484781355
332.899999999842    -0.000277024749028208    0.731418190718369    0.731823544892945
332.999999999842    -0.000279480306626663    0.731439679330847    0.731848639598904
333.099999999842    -0.00028238704302291    0.731468911301658    0.731882142678696
333.199999999842    -0.000280144405427392    0.731503603751826    0.731913571886387
333.299999999842    -0.000278568799035458    0.731539342184969    0.731947023824353
333.399999999842    -0.00028044895868892    0.73157680907145    0.731987264091743
333.499999999842    -0.00028068970997105    0.731614896785744    0.732025725647557
333.599999999842    -0.000277985700664104    0.731648395256133    0.732055283948962
333.699999999842    -0.000277649870182352    0.731676240096289    0.732082652562814
333.799999999841    -0.000281271621833162    0.731703251774237    0.732114982303005
333.899999999841    -0.00028274450836402    0.731730308147062    0.73214421062818
333.999999999841    -0.000281142646207992    0.731751727113653    0.732163296057091
334.099999999841    -0.000280481683838671    0.731763836917881    0.732174444792171
334.199999999841    -0.000280772792479501    0.73176794133175    0.732178977796275
334.299999999841    -0.000281493959573539    0.731767101050851    0.732179193089792
334.399999999841    -0.000283343098829739    0.731764580187945    0.732179378605743
334.499999999841    -0.00028480936822482    0.731761715391546    0.732178659324788
334.599999999841    -0.000284693825760177    0.731756353523956    0.7321731252079
334.699999999841    -0.000284120950113179    0.731745703254601    0.732161629997002
334.799999999841    -0.000284412487379639    0.731729552061332    0.732145896518876
334.89999999984    -0.000285730888840223    0.731709571932124    0.732127835495666
334.99999999984    -0.000286714190319943    0.731686302541544    0.732105992564232
335.09999999984    -0.000286100568287231    0.731658025673074    0.732076801038818
335.19999999984    -0.000284802691700662    0.731623376302476    0.732040231637761
335.29999999984    -0.000284783889673659    0.731584388726844    0.732001194322055
335.39999999984    -0.000286420533600283    0.731545477727729    0.73196465708147
335.49999999984    -0.000287014886577172    0.731508969707468    0.731928998189837
335.59999999984    -0.000285215411130374    0.73147367127943    0.731891045448745
335.69999999984    -0.000284306993982909    0.731439535195262    0.731855560225151
335.79999999984    -0.000285730195747373    0.731409540790095    0.731827631833854
335.89999999984    -0.000286408393021152    0.731384732666173    0.731803802143115
335.999999999839    -0.000284254406284886    0.731361743944185    0.731777647763287
336.099999999839    -0.000281922854917206    0.731337540910825    0.731750018732634
336.199999999839    -0.000281281091987813    0.731313418385681    0.731724943413708
336.299999999839    -0.000281228956824799    0.731292825011647    0.731704262156309
336.399999999839    -0.00028057705589095    0.73127825411846    0.731688729087474
336.499999999839    -0.000278757066905351    0.731270626908619    0.731678434297953
336.599999999839    -0.000278212441535581    0.7312715550995    0.731678566024543
336.699999999839    -0.000279339747423477    0.731283512360749    0.731692179621034
336.799999999839    -0.000278125937098049    0.731305089744764    0.731711992741821
336.899999999839    -0.000275389074735333    0.731331998792015    0.731734911434698
336.999999999839    -0.000275287290714608    0.731363197171885    0.731765978038494
337.099999999838    -0.000275601596579214    0.73139909627541    0.731802356932031
337.199999999838    -0.000273010392790123    0.731437088955913    0.731836577874454
337.299999999838    -0.000271570684507691    0.731475936740291    0.731873339504915
337.399999999838    -0.000274444304511887    0.731519040800708    0.731920673495293
337.499999999838    -0.000275462584763378    0.731566603842826    0.731969753350674
337.599999999838    -0.000272748007421194    0.731612370327492    0.73201157084106
337.699999999838    -0.000271432014056992    0.73165274712482    0.732050042921103
337.799999999838    -0.000272597724253129    0.731690195820709    0.732089218757932
337.899999999838    -0.000273208621371602    0.731727140413427    0.732127078006331
337.999999999838    -0.000275143459294349    0.731763461183538    0.732166251868951
338.099999999838    -0.000277630060800653    0.731796345458602    0.732202795629154
338.199999999837    -0.000274935934381131    0.73181774719048    0.732220263849014
338.299999999837    -0.000271029696496193    0.731821807138858    0.732218605567572
338.399999999837    -0.000273137333852198    0.731814573056    0.732214454041143
338.499999999837    -0.00027861418324373    0.731806524375949    0.732214421376001
338.599999999837    -0.000281006339602508    0.731799174797681    0.732210570817438
338.699999999837    -0.000278361163609425    0.731785002346271    0.732192516832007
338.799999999837    -0.000274802602429118    0.731758724213678    0.732161013167258
338.899999999837    -0.0002755060715341    0.731725373301709    0.732128673979575
338.999999999837    -0.000280321954832183    0.731695182667213    0.732105518141148
339.099999999837    -0.000283207700377618    0.731671649750205    0.732086197243962
339.199999999837    -0.000280668259417816    0.731648401432683    0.732059217702442
339.299999999836    -0.000277856309146279    0.73161937509176    0.732026058209756
339.399999999836    -0.000279279930155372    0.731586649768418    0.731995398860735
339.499999999836    -0.000281100236877249    0.731554488082056    0.731965884005325
339.599999999836    -0.000279846204724958    0.731522554597062    0.73193209682705
339.699999999836    -0.00027869847990099    0.731489738761526    0.731897582583491
339.799999999836    -0.000279523044440289    0.73145826077877    0.731867293992847
339.899999999836    -0.000279146014208431    0.7314301799626    0.731838645622977
339.999999999836    -0.000277752764704796    0.731405880702183    0.73181229359546
340.099999999836    -0.000278287794940306    0.731386949397595    0.731794134835125
340.199999999836    -0.000279068937780446    0.731374427915473    0.731782749634818
340.299999999836    -0.000277267580737535    0.731365453345656    0.731771133687431
340.399999999835    -0.000274908829336585    0.731356701173039    0.731758924576898
340.499999999835    -0.000273970072946347    0.731348928904351    0.731749774162758
340.599999999835    -0.000274012650441595    0.7313454768807    0.731746382558945
340.699999999835    -0.000274053269836522    0.731348576283745    0.731749543107455
340.799999999835    -0.000272674294125822    0.73135766385316    0.731756617507056
340.899999999835    -0.000270737492089107    0.731371489083519    0.731767615695324
340.999999999835    -0.000271319186154687    0.731391367536922    0.731788356268783
341.099999999835    -0.000273140576676382    0.731418430127584    0.731818099397072
341.199999999835    -0.000271613636287801    0.731447902832469    0.731845353234705
341.299999999835    -0.000267821707427861    0.731472536521689    0.731864449931943
341.399999999835    -0.000266789982295178    0.731491492449783    0.731881905812797
341.499999999834    -0.000268434885118374    0.731509953497141    0.731902784527354
341.599999999834    -0.000268325405578896    0.731531207690069    0.731923889872669
341.699999999834    -0.000266642244337067    0.731554975539049    0.731945206512179
341.799999999834    -0.000266898156524022    0.731582250564158    0.731972870728002
341.899999999834    -0.000267998991185208    0.731615271778602    0.732007521210599
341.999999999834    -0.00026895781695301    0.731653769027098    0.732047442909732
342.099999999834    -0.000270287159165435    0.731694374555382    0.732090016680119
342.199999999834    -0.000268891684793076    0.731730596797012    0.732124215183698
342.299999999834    -0.000266218363606551    0.731756700699747    0.732146418592644
342.399999999834    -0.000267352727355194    0.731774283851767    0.732165672191699
342.499999999834    -0.00027090873221875    0.731789097248974    0.732185700805515
342.599999999833    -0.000272387861710704    0.731802151499896    0.732200928168305
342.699999999833    -0.000271868472601959    0.731808909005392    0.732206928755069
342.799999999833    -0.000271587264045971    0.731805205588273    0.732202811520181
342.899999999833    -0.000270820225109229    0.731790187160373    0.732186661700136
342.999999999833    -0.000270483992543843    0.731766619497717    0.73216258891481
343.099999999833    -0.000273557507788908    0.731740716930401    0.732141172811856
343.199999999833    -0.000277250999230463    0.731716360006094    0.732122210712538
343.299999999833    -0.000276293386333483    0.731689318415315    0.732093751996697
343.399999999833    -0.000272509879232929    0.731652880805125    0.7320517547786
343.499999999833    -0.000271789423979403    0.731607895539289    0.732005690232694
343.599999999833    -0.000274145142893852    0.731561832855398    0.731963051093837
343.699999999832    -0.000275576992915017    0.731519943604938    0.731923234875366
343.799999999832    -0.000275130150039648    0.731482179421285    0.73188479579674
343.899999999832    -0.000273389114354205    0.731446554997277    0.731846603417897
343.999999999832    -0.000271571338264199    0.731412969905915    0.731810339418208
344.099999999832    -0.000271924982255863    0.731385047136279    0.731782919059524
344.199999999832    -0.00027387199503853    0.731366974697928    0.731767686306547
344.299999999832    -0.000273333022451175    0.731357783192552    0.731757700970033
344.399999999832    -0.000269933551407039    0.731352209532044    0.731747149137991
344.499999999832    -0.000268232106046153    0.731348185065738    0.731740632460596
344.599999999832    -0.000268528004337668    0.73134839680337    0.731741277353739
344.699999999832    -0.00026821277713274    0.731354963714969    0.731747386459538
344.799999999831    -0.000267263546161189    0.731367615945585    0.731758656261577
344.899999999831    -0.000266757130206012    0.731385676161345    0.731775984967095
344.999999999831    -0.000265995405117069    0.731408338553525    0.731797544595183
345.099999999831    -0.000264692319812271    0.73143416617714    0.731821478708264
345.199999999831    -0.000263632227157417    0.731462358011867    0.731848133815851
345.299999999831    -0.000264734390843571    0.731494057061396    0.731881462888245
345.399999999831    -0.000266618508896032    0.731529520263536    0.731919702913264
345.499999999831    -0.000263868890698766    0.7315632280357    0.731949403490305
345.599999999831    -0.00025876336794397    0.731589135978025    0.73196785091313
345.699999999831    -0.000261189762125213    0.73161177884943    0.731994057709725
345.799999999831    -0.000267402175734073    0.731639488684948    0.732030877325376
345.89999999983    -0.000265329231775951    0.731667771805962    0.732056140547158
345.99999999983    -0.000259723524167722    0.731686559828202    0.732066730991405
346.09999999983    -0.000261555736139779    0.731698369420805    0.732081229371313
346.19999999983    -0.000266336567065651    0.731712407099802    0.732102274476913
346.29999999983    -0.000266387993447794    0.731728753834705    0.732118705222037
346.39999999983    -0.000264644991101625    0.73174090566216    0.732128311318061
346.49999999983    -0.000264850990614868    0.731745809424394    0.732133519314751
346.59999999983    -0.000265159716340284    0.731744072489461    0.732132233515518
346.69999999983    -0.000265568167789713    0.731737090655539    0.732125846053536
346.79999999983    -0.00026699728065893    0.731726873129923    0.732117715654436
346.89999999983    -0.000267412041678908    0.731714204984666    0.732105648040213
346.999999999829    -0.0002669583705398    0.731698317985579    0.732089088286374
347.099999999829    -0.000267514850581391    0.73167964980071    0.732071224897243
347.199999999829    -0.000268652181491757    0.731659512194657    0.732052741684738
347.299999999829    -0.000269001450296765    0.731637699907324    0.732031429025761
347.399999999829    -0.000267625163507303    0.731612649121353    0.732004349860018
347.499999999829    -0.00026613694682874    0.731584593933323    0.731974100975891
347.599999999829    -0.00026798714188713    0.731557835126873    0.731950036418497
347.699999999829    -0.000270791901929297    0.731536214562003    0.731932510041352
347.799999999829    -0.000269203580750426    0.731516864264769    0.731910824238684
347.899999999829    -0.00026578575522931    0.731494715940604    0.731883661067723
347.999999999829    -0.000265765826649063    0.731470837763523    0.731859741024455
348.099999999828    -0.000267221049298149    0.731449862003995    0.731840884092595
348.199999999828    -0.000266581731446561    0.731433135186732    0.731823212597474
348.299999999828    -0.000264779959522489    0.731419545967022    0.731806979027082
348.399999999828    -0.000264650467963158    0.73140974234588    0.731796980689858
348.499999999828    -0.000265759154504775    0.73140533370907    0.731794192377995
348.599999999828    -0.000264930684519027    0.731404590318297    0.731792236055094
348.699999999828    -0.000262293678637645    0.731403067888447    0.731786853355436
348.799999999828    -0.000260666180322112    0.731399046267517    0.731780447677329
348.899999999828    -0.000260367201675778    0.731395120903999    0.731776082695853
348.999999999828    -0.000259830404038294    0.731394735025982    0.731774910986282
349.099999999828    -0.000259129525759616    0.731400209814594    0.731779362843358
349.199999999827    -0.000259105164484181    0.731413509094042    0.731792633362257
349.299999999827    -0.000260067481015352    0.731435768222167    0.731816312504892
349.399999999827    -0.000259407975780952    0.731464760759554    0.731844354815167
349.499999999827    -0.000255572450038701    0.731495300669795    0.731869296345154
349.599999999827    -0.000254546111359649    0.731526659770202    0.73189916912421
349.699999999827    -0.000258527870054378    0.731564119967135    0.731942477210514
349.799999999827    -0.000259738357673629    0.731607890472684    0.731988042476606
349.899999999827    -0.000256412154022761    0.731649818040471    0.732025122084657
349.999999999827    -0.000255405652622455    0.731684565430556    0.732058413661403
350.099999999827    -0.000256778691406496    0.731713459479321    0.732089332844811
350.199999999827    -0.000257044777300407    0.731738425130442    0.732114700931231
350.299999999826    -0.000258139205133848    0.731760633298026    0.732138523062645
350.399999999826    -0.000260608184185086    0.731780576131677    0.732162091572059
350.499999999826    -0.000260245614025692    0.731794620525461    0.732175612357633
350.599999999826    -0.000257662627095953    0.731797662248541    0.732174873258036
350.699999999826    -0.000257642466425855    0.731790788092561    0.732167966036721
350.799999999826    -0.000260620978656601    0.731780500436135    0.732162034572306
350.899999999826    -0.000263031564713503    0.731770616057649    0.73215567488058
350.999999999826    -0.00026347942937621    0.731758879162766    0.732144587612854
351.099999999826    -0.000262156149750039    0.731740637049837    0.732124398271251
351.199999999826    -0.000260084118180133    0.731713653304018    0.73209436652204
351.299999999826    -0.000261195055861161    0.731681412242372    0.732063735237935
351.399999999825    -0.00026442354805171    0.73164976843867    0.732036801634765
351.499999999825    -0.000264401239943863    0.73161926234446    0.732006246743876
351.599999999825    -0.000261955115198529    0.73158644078077    0.731969826831452
351.699999999825    -0.000261506173425571    0.73155147189367    0.731934182426994
351.799999999825    -0.000263080987042013    0.731518387847447    0.731903386292246
351.899999999825    -0.000264107194330396    0.731489303366244    0.731875788614968
351.999999999825    -0.000262468047396129    0.731462101921177    0.731846173586988
352.099999999825    -0.000259465848455022    0.731434532722138    0.731814195794983
352.199999999825    -0.000259560064959509    0.731409618719401    0.731789406753502
352.299999999825    -0.000262199444737062    0.731392963181127    0.731776605429573
352.399999999825    -0.000261195205694413    0.731384407245311    0.73176657526715
352.499999999824    -0.000257651379202157    0.731379303026785    0.731756281928209
352.599999999824    -0.000257599605680907    0.731377343557181    0.731754245677627
352.699999999824    -0.00025877481834231    0.731380993529657    0.731759617475479
352.799999999824    -0.000257183157375141    0.731388601907346    0.73176490034478
352.899999999824    -0.000255120735767714    0.731396957072312    0.731770241364528
352.999999999824    -0.000254504450014286    0.731406078298055    0.731778465275587
353.099999999824    -0.000254014339968572    0.731417820611387    0.731789496252217
353.199999999824    -0.000252726049428571    0.731433422493078    0.731803220509243
353.299999999824    -0.000252222448999746    0.731454187754145    0.731823259175376
353.399999999824    -0.000253469849998244    0.731481817115609    0.731852728303334
353.499999999824    -0.000253909270690928    0.73151543762478    0.731887009072748
353.599999999823    -0.000251569585364327    0.73155026176118    0.731918425972147
353.699999999823    -0.000249949691233925    0.731582449662893    0.731948258711563
353.799999999823    -0.000250970373169252    0.731612505243291    0.731979823556218
353.899999999823    -0.000251761417272564    0.731641402337831    0.732009893262405
353.999999999823    -0.000251348535270091    0.731668042018904    0.732035941871324
354.099999999823    -0.000251066702483624    0.731691279768913    0.732058778669346
354.199999999823    -0.000250664822320066    0.731711035782106    0.732077956189693
354.299999999823    -0.000251806443221783    0.731728609168647    0.732097209941653
354.399999999823    -0.000254041549841241    0.731745631505382    0.732117513567512
354.499999999823    -0.000253465230796012    0.731760044934411    0.732131090438899
354.599999999823    -0.000252012842762577    0.731768250513738    0.732137173481174
354.699999999822    -0.00025329355958142    0.731770512389382    0.732141311826251
354.799999999822    -0.000255676134195671    0.731768812905693    0.73214310024445
354.899999999822    -0.000254787663661224    0.731761785585705    0.732134768368529
354.999999999822    -0.000252748051772962    0.731747493615279    0.732117482636085
355.099999999822    -0.000254107773269227    0.731729314064625    0.732101284798546
355.199999999822    -0.000256652697669541    0.731712535764621    0.732088224178511
355.299999999822    -0.000256792230295274    0.731697958944687    0.732073844170652
355.399999999822    -0.000256945621730331    0.731683716657289    0.732059819150151
355.499999999822    -0.000258889045966737    0.731668680522323    0.732047620639097
355.599999999822    -0.000258074504525    0.731649579554778    0.732027317244704
355.699999999822    -0.000254409056549801    0.731621826046895    0.731994183214962
355.799999999821    -0.000253856585647257    0.731587272597506    0.731958803407298
355.899999999821    -0.000256993000309203    0.731553735972351    0.731929841007703
355.999999999821    -0.000258504986659791    0.731525533077937    0.731903836867692
356.099999999821    -0.000255958268650768    0.73150026906862    0.731874832025882
356.199999999821    -0.000254033726035011    0.731475987182875    0.731847720756798
356.299999999821    -0.000255465528920762    0.731455595201283    0.731829414080141
356.399999999821    -0.000256246915877422    0.73144128569856    0.731816240926892
356.499999999821    -0.000254442523086096    0.731430887103195    0.731803196075185
356.599999999821    -0.000252923845433477    0.731422176671614    0.73179225849325
356.699999999821    -0.000253023403359543    0.731415723610461    0.731785947877183
356.79999999982    -0.0002524812912014    0.731411993952736    0.731781422915905
356.89999999982    -0.000250629865370007    0.731410050723927    0.731776769039576
356.99999999982    -0.000249493782353757    0.731410383979986    0.731775439745434
357.09999999982    -0.000250335349995617    0.731415680741847    0.731781970838068
357.19999999982    -0.000250749808065653    0.731426976622418    0.731793878971116
357.29999999982    -0.000248914688218904    0.731441419391783    0.731805643078125
357.39999999982    -0.000246991917268113    0.731456105261723    0.731817522020413
357.49999999982    -0.000246567725147671    0.731471303065943    0.731832106458831
357.59999999982    -0.000246614449429679    0.731488623858897    0.731849504185674
357.69999999982    -0.000246178650521558    0.731508782432412    0.731869034808663
357.79999999982    -0.000245180033102592    0.731531734159667    0.731890536080328
357.899999999819    -0.000244258151156885    0.731557866631849    0.731915331889587
357.999999999819    -0.000244525827316176    0.731588748598278    0.731946620795286
358.099999999819    -0.00024655310825028    0.731625842674435    0.731986700896327
358.199999999819    -0.000247567026140177    0.731666893025152    0.732029255927921
358.299999999819    -0.000245298253472329    0.731704909426057    0.732063969375515
358.399999999819    -0.000243222082521139    0.731735082122333    0.732091116978927
358.499999999819    -0.000244836330557463    0.731759831777584    0.732118242313628
358.599999999819    -0.000249194329010158    0.731783352314049    0.732148155743916
358.699999999819    -0.000249680990447728    0.731802684359552    0.732168210062458
358.799999999819    -0.000245315727394637    0.731809653208537    0.732168790145259
358.899999999819    -0.000244644723085205    0.731803511124859    0.732161662479362
358.999999999818    -0.000249132294013297    0.731792372938009    0.732157090026037
359.099999999818    -0.000251699964415605    0.731780821126654    0.732149292284106
359.199999999818    -0.000250452468584841    0.731765608700457    0.732132245531806
359.299999999818    -0.000249173024470273    0.731743245708954    0.732107997950711
359.399999999818    -0.000249104892129391    0.731714870324666    0.732079508665544
359.499999999818    -0.000249649112238409    0.731684352467028    0.732049772391852
359.599999999818    -0.00025221157199738    0.731655706762785    0.732024863940424
359.699999999818    -0.000253842385951073    0.731629583341446    0.732001114850026
359.799999999818    -0.000250495809037095    0.731601402271581    0.731968020278165
359.899999999818    -0.000247248606213638    0.731569091373433    0.731930939716313
359.999999999818    -0.0002496199638864    0.731539419524984    0.73190472439934
360.099999999817    -0.000253934379177166    0.731519867619091    0.731891478070639
360.199999999817    -0.000253706464491293    0.731508277981547    0.731879548933293
360.299999999817    -0.000249340566979113    0.731496151292828    0.731861025601008
360.399999999817    -0.000246633147968338    0.731480135501703    0.731841039009461
360.499999999817    -0.000247915541252886    0.731465055250177    0.731827828297413
360.599999999817    -0.000249721084916114    0.731456174977474    0.731821586287551
360.699999999817    -0.000248485350354379    0.731453075476411    0.731816676573412
360.799999999817    -0.000246255140178337    0.731453097182268    0.731813434087044
360.899999999817    -0.000245990342819063    0.731456690177689    0.731816641286134
360.999999999817    -0.000246611917417013    0.731465733170333    0.731826598497988
361.099999999817    -0.000246754769296552    0.731479666418555    0.73184074770975
361.199999999816    -0.000245921023121418    0.731495245775344    0.731855114393102
361.299999999816    -0.000243846527795865    0.731508688091136    0.731865526812307
361.399999999816    -0.000242498615428694    0.731518938001933    0.73187380871684
361.499999999816    -0.000242876761358518    0.731528420065438    0.731883848897856
361.599999999816    -0.000243046210068962    0.731539327137398    0.731895009306556
361.699999999816    -0.000242973793355708    0.731551755044543    0.731907337251619
361.799999999816    -0.000243163251370626    0.731564951527455    0.731920817485383
361.899999999816    -0.00024214963574289    0.731577490076504    0.731931878336972
361.999999999816    -0.000240911831963848    0.731588475390686    0.731941056971461
362.099999999816    -0.000241671704123841    0.731599517618724    0.731953216902151
362.199999999816    -0.00024196087641941    0.731612139829264    0.731966268543663
362.299999999815    -0.000240668047510182    0.731625752897006    0.731977995553475
362.399999999815    -0.000241028910584635    0.731640887255822    0.731993665497566
362.499999999815    -0.000242882929396405    0.73165926979698    0.732014771235748
362.599999999815    -0.000242822855467726    0.731679583092071    0.732035006448293
362.699999999815    -0.00024140764136828    0.731698234827692    0.732051595221718
362.799999999815    -0.000241435332909449    0.731714011115803    0.732067419672852
362.899999999815    -0.00024343304951186    0.731728297703029    0.732084638149919
362.999999999815    -0.000244894089846946    0.731740900362812    0.73209938619747
363.099999999815    -0.00024352942593204    0.731747928628337    0.732104419750387
363.199999999815    -0.000242244652280697    0.731746168604767    0.732100777699267
363.299999999815    -0.00024339923279109    0.731737352254994    0.732093647597294
363.399999999814    -0.000244669128009441    0.731724948509045    0.732083097147149
363.499999999814    -0.000244868557871474    0.731710235248998    0.732068668678245
363.599999999814    -0.00024548152025253    0.73169311808424    0.732052440569241
363.699999999814    -0.000245268602473813    0.73167303123708    0.732032032132407
363.799999999814    -0.000243592019022566    0.731649374886296    0.732005909632205
363.899999999814    -0.000244449342915658    0.731624545764937    0.731982323502417
363.999999999814    -0.000247283557164132    0.731602341714058    0.7319642576689
364.099999999814    -0.000246233369613938    0.731581511742841    0.731941880039108
364.199999999814    -0.00024262850016896    0.731557991491546    0.731913071280547
364.299999999814    -0.000243016005777404    0.731533428608898    0.731889063697743
364.399999999814    -0.000245877604750518    0.731513071485491    0.731872885319376
364.499999999813    -0.000245091140551204    0.731496856092364    0.731855510792992
364.599999999813    -0.000242379522444406    0.731480862604656    0.731835540535634
364.699999999813    -0.000242750974316718    0.731464734885938    0.731819948668574
364.799999999813    -0.000243129026171943    0.73144979611608    0.731805555964872
364.899999999813    -0.000240284342175833    0.731434697877008    0.731786286968809
364.999999999813    -0.000238234500026501    0.731419875597351    0.73176845753834
365.099999999813    -0.000239383152033754    0.73141053019851    0.731760788760808
365.199999999813    -0.000240430984919258    0.731410976211961    0.731762768516514
365.299999999813    -0.00023882645711546    0.731420227040266    0.731769675500777
365.399999999813    -0.000237433952505956    0.731435549100595    0.731782966856218
365.499999999813    -0.000237960480557439    0.731456069334381    0.731804267467307
365.599999999812    -0.000237540205016977    0.731480179452554    0.731827773923802
365.699999999812    -0.000234956833841345    0.731504632439908    0.731848457248653
365.799999999812    -0.000234310792012448    0.73152908696638    0.731871977628857
365.899999999812    -0.000235485431811998    0.731556209600837    0.731900832414314
365.999999999812    -0.000234086013837149    0.731585873091466    0.731928461328204
366.099999999812    -0.000233459816045366    0.731616927418949    0.7319586134955
366.199999999812    -0.00023613522023129    0.73165079767943    0.731996416336653
366.299999999812    -0.000236892520711375    0.731686019908625    0.732032763940944
366.399999999812    -0.000233434592303339    0.731716286189644    0.732057981739102
366.499999999812    -0.000232963202516499    0.731739266362151    0.732080282452149
366.599999999812    -0.000236399831215497    0.73175923135486    0.732105288680318
366.699999999811    -0.000237090138021144    0.73177759754778    0.732124674339471
366.799999999811    -0.00023596254224026    0.731791312233257    0.732136744419162
366.899999999811    -0.000236791792738988    0.731799044877928    0.732145694977349
366.999999999811    -0.000237438870399405    0.731801004425387    0.732148602966488
367.099999999811    -0.000236669957587053    0.731796752000471    0.732143222612173
367.199999999811    -0.000238110872311518    0.731787589657643    0.732136165820057
367.299999999811    -0.000240212370726389    0.731775348724827    0.732126996177608
367.399999999811    -0.000238911321092511    0.731758322326597    0.732108056577084
367.499999999811    -0.000237808901614079    0.731735105413121    0.732083214439928
367.599999999811    -0.000240252506766615    0.731708716485765    0.73206039068309
367.699999999811    -0.000241142655130265    0.731681208552287    0.732034172765693
367.79999999981    -0.00023816585728029    0.731650809246315    0.731999400753338
367.89999999981    -0.00023800088099999    0.731618917614422    0.731967252412308
367.99999999981    -0.000242051020332699    0.731591294525471    0.7319455451108
368.09999999981    -0.000242912693845019    0.731568469109413    0.731923970000219
368.19999999981    -0.000239107762939895    0.731544291589034    0.731894211095611
368.29999999981    -0.000236635940649064    0.731516079381088    0.731862367316348
368.39999999981    -0.000238349650649312    0.731488705999919    0.731837489287351
368.49999999981    -0.000240477627550787    0.73146713084684    0.731819018428446
368.59999999981    -0.000239073497489322    0.731450054588747    0.73179987886804
368.69999999981    -0.000235637879620751    0.731433806535994    0.731778594803681
368.79999999981    -0.000234140202673445    0.731419413693523    0.731762003287043
368.899999999809    -0.000235359857265217    0.731412287381629    0.731756658615914
368.999999999809    -0.000236933237639738    0.731415925735193    0.731762601360863
369.099999999809    -0.000236496010856342    0.731428020153027    0.731774061608441
369.199999999809    -0.000233701882485024    0.73144271256758    0.731784671561754
369.299999999809    -0.00023124461066563    0.731456450222461    0.731794819192562
369.399999999809    -0.000230718955517687    0.731470786514422    0.731808392758295
369.499999999809    -0.000231326065688229    0.731489292321604    0.731827795706431
369.599999999809    -0.000232331018605979    0.731513831516751    0.731853817213175
369.699999999809    -0.000232529912757357    0.731542874638701    0.731883164968017
369.799999999809    -0.00023112332516715    0.731572204435006    0.731910449412288
369.899999999809    -0.000229039113817636    0.731597959177475    0.731933165049213
369.999999999808    -0.000228086332035039    0.731619712048064    0.731953533101215
370.099999999808    -0.000229400301253519    0.731640403640063    0.731976157720158
370.199999999808    -0.000231108553737952    0.731662338126951    0.73200060315247
370.299999999808    -0.000230569053395394    0.731683606703303    0.732021091710066
370.399999999808    -0.000228917386855746    0.731700841615864    0.732035916409556
370.499999999808    -0.000228593703493283    0.731713839280048    0.732048446121902
370.599999999808    -0.000231013005387937    0.731725427200029    0.732063581498183
370.699999999808    -0.000233032548421477    0.731736548685842    0.732077665042483
370.799999999808    -0.000230529653658525    0.731743022729509    0.732080477454023
370.899999999808    -0.000227313221326667    0.731741683336797    0.732074428092516
370.999999999808    -0.00022974316926683    0.731737578653923    0.732073879337491
371.099999999807    -0.000234442986439243    0.731737776287594    0.732080958323342
371.199999999807    -0.000234495412801334    0.731740779866985    0.732084040072406
371.299999999807    -0.000231230731541845    0.731739579175885    0.732078058799158
371.399999999807    -0.000230520566163212    0.731732215011621    0.732069651446627
371.499999999807    -0.000232536757037552    0.731722845240004    0.732063229306776
371.599999999807    -0.000234108917034527    0.731714635615889    0.732057317682661
371.699999999807    -0.00023415179091868    0.731706681966957    0.732049423080422
371.799999999807    -0.000233039942568828    0.731696414183106    0.732037522655683
371.899999999807    -0.000232899744102635    0.731683168391921    0.73202406543212
371.999999999807    -0.000234867487616534    0.731668467391376    0.732012238401418
372.099999999807    -0.000236109068571747    0.731652025230206    0.731997606181394
372.199999999806    -0.000233216037304686    0.731630065685414    0.731971401019672
372.299999999806    -0.000229814657911854    0.731601183692741    0.731937526340728
372.399999999806    -0.000231961045088734    0.731571942573095    0.731911413701886
372.499999999806    -0.000235754159795027    0.731549996313786    0.731895009561552
372.599999999806    -0.000235018290346609    0.731534569368862    0.731878498206074
372.699999999806    -0.000232097751903745    0.731520258404808    0.731859905651066
372.799999999806    -0.000231221222574167    0.731505515280931    0.731843872715476
372.899999999806    -0.000231864899356031    0.731492357384962    0.731831650858859
372.999999999806    -0.000232280760874489    0.731481668579182    0.731821565767846
373.099999999806    -0.000231295956253259    0.7314717428514    0.731810194046263
373.199999999806    -0.000228493560296885    0.731460268649438    0.731794612966961
373.299999999805    -0.000226659893602048    0.731448187893007    0.731779843002806
373.399999999805    -0.000227769063934512    0.731440572299612    0.731773847278295
373.499999999805    -0.000229407878927925    0.73144138313034    0.731777056969091
373.599999999805    -0.000228784737902875    0.731448952730889    0.731783718033961
373.699999999805    -0.000225987631143163    0.731458268231259    0.731788944002528
373.799999999805    -0.000223802964797482    0.731467069592891    0.731794551882051
373.899999999805    -0.00022390875608768    0.73147834941933    0.73180599159593
373.999999999805    -0.000224817666239295    0.731496145241343    0.731825125714438
374.099999999805    -0.000224783120670763    0.731520961915718    0.731849902985429
374.199999999805    -0.000224110523556316    0.731550134129022    0.731878103797611
374.299999999805    -0.000222906571434229    0.731580574683564    0.731906795635619
374.399999999804    -0.000221426573039305    0.73161059778208    0.731934665594237
374.499999999804    -0.000222011469608813    0.731641184038806    0.731966121647671
374.599999999804    -0.000224072633479252    0.731673731375325    0.732001700984013
374.699999999804    -0.000224143341102672    0.731705562076728    0.732033649474108
374.799999999804    -0.0002224679326293    0.731731541718917    0.732057187771373
374.899999999804    -0.000221811711500748    0.731749917306965    0.732074610730866
374.999999999804    -0.000222398153392086    0.731762911768318    0.732088469612378
375.099999999804    -0.000224166606474831    0.731773410443253    0.732101562328203
375.199999999804    -0.000225069141034067    0.731782263591091    0.73211174095726
375.299999999804    -0.000223723654075232    0.731787911693058    0.732115421495972
375.399999999804    -0.000224569628031434    0.731790659410934    0.732119409150502
375.499999999803    -0.000227273865278749    0.731792699300922    0.73212540962799
375.599999999803    -0.000226996857200662    0.731792465426719    0.732124770038371
375.699999999803    -0.000225563493964872    0.731786435950124    0.732116639042545
375.799999999803    -0.000226617509591409    0.731774767269646    0.732106508398676
375.899999999803    -0.00022818672614689    0.731759349495159    0.73209338125735
375.999999999803    -0.000227660396819607    0.731739913819497    0.732073166086138
376.099999999803    -0.00022638269405781    0.731715908404732    0.732047279058572
376.199999999803    -0.000227049305734436    0.731689713088225    0.732022047827336
376.299999999803    -0.000229033700452035    0.731665007273249    0.732000235940125
376.399999999803    -0.000229464668237023    0.731642487374598    0.731978336641406
376.499999999803    -0.000228544460451077    0.731620094342756    0.731954586228457
376.599999999802    -0.000227992297315034    0.731596573390533    0.731930246232321
376.699999999802    -0.000227660155757553    0.731572343332046    0.731905518930116
376.799999999802    -0.000227255030428545    0.731548378320629    0.731880949997166
376.899999999802    -0.000226832464731502    0.731525896960497    0.731857839900378
376.999999999802    -0.000225790516440164    0.731506312735947    0.731836721715425
377.099999999802    -0.000225541240247602    0.7314917539285    0.731821791480402
377.199999999802    -0.000227445533438278    0.731484625335071    0.731817446855461
377.299999999802    -0.00022756004117557    0.731483634545393    0.731816623212301
377.399999999802    -0.00022432637348477    0.731483197552625    0.731811453134953
377.499999999802    -0.000222596457780954    0.731480290808534    0.731806013156516
377.599999999802    -0.000222314727890233    0.731476829628392    0.731802138093929
377.699999999801    -0.000220857127416714    0.731475670611293    0.731798845217481
377.799999999801    -0.000221554568417729    0.731480260684266    0.731804458098609
377.899999999801    -0.000224449933903343    0.731493171023298    0.731821611929612
377.999999999801    -0.000222621657881218    0.731510344451572    0.73183611706689
378.099999999801    -0.000217555662163294    0.731524580895228    0.731842944786266
378.199999999801    -0.000217424671817477    0.731536257301921    0.731854434542836
378.299999999801    -0.000220235424463938    0.731551219453435    0.731873517421532
378.399999999801    -0.000219537488934403    0.731570481481174    0.731891766308204
378.499999999801    -0.000218096973254784    0.731591102981119    0.731910288204891
378.599999999801    -0.00021880138637081    0.731612080360292    0.731932305901021
378.699999999801    -0.000218900485589509    0.731632851549083    0.731953231253311
378.7999999998    -0.000217407630071406    0.731651587654761    0.731969790109823
378.8999999998    -0.000216095426728505    0.731667802285121    0.731984090765532
378.9999999998    -0.000216407505429296    0.731684141717569    0.732000894144915
379.0999999998    -0.000218606211530706    0.731704506508263    0.732024486758189
379.1999999998    -0.000220369736777102    0.731729652059158    0.732052225286168
379.2999999998    -0.00022014324346647    0.731755276509946    0.732077529411734
379.3999999998    -0.000219366299513268    0.731775689704537    0.732096813998633
379.4999999998    -0.000217986473268878    0.731787504888992    0.732106614005209
379.5999999998    -0.000217239035683901    0.731791235584256    0.732109251914498
379.6999999998    -0.000219842910502814    0.731791557648609    0.73211338677229
379.7999999998    -0.000222932222604712    0.731792015667901    0.73211836846353
379.899999999799    -0.000222131605662139    0.731790004777976    0.732115184388182
379.999999999799    -0.00021953625100276    0.73178128970715    0.732102665302536
380.099999999799    -0.000220550335609133    0.731767105534494    0.732089959701516
380.199999999799    -0.000223926223856403    0.731751623032646    0.732079413188951
380.299999999799    -0.000223984398194248    0.731734364539711    0.732062232139497
380.399999999799    -0.000221475723790114    0.731711605391154    0.732035789904973
380.499999999799    -0.000220883381384526    0.73168368837363    0.732006993320703
380.599999999799    -0.00022251532725716    0.731655133483523    0.731980814915566
380.699999999799    -0.000224291031912174    0.731629058003645    0.731957327304298
380.799999999799    -0.00022430601641452    0.731604363676533    0.731932643832563
380.899999999799    -0.000221602108395479    0.731577673624244    0.731901983801924
380.999999999798    -0.000219210222936952    0.731548502301412    0.731869298443764
381.099999999798    -0.000220844966231848    0.731522028516885    0.731845205804334
381.199999999798    -0.000223986207318904    0.731503421273514    0.731831188042693
381.299999999798    -0.000223273676763695    0.73149060444411    0.731817322585215
381.399999999798    -0.000218824806952163    0.731477055615137    0.731797256333967
381.499999999798    -0.000215643798939268    0.731461320476481    0.731776858716195
381.599999999798    -0.000217485118271667    0.731449901185316    0.731768129331741
381.699999999798    -0.000221443408466245    0.731449291092214    0.731773312092808
381.799999999798    -0.000219563901559684    0.731456583488521    0.73177785695116
381.899999999798    -0.000214348783741931    0.731463825106953    0.731777469098687
381.999999999798    -0.00021351095959661    0.731470147637694    0.73178256812917
382.099999999797    -0.000214337642525858    0.731480367938327    0.731794002717302
382.199999999797    -0.000214645914591063    0.731497342671669    0.73181143592278
382.299999999797    -0.000216105901223862    0.73152097839646    0.731837218738465
382.399999999797    -0.000215133209994297    0.731547153898319    0.731861981803217
382.499999999797    -0.000211030811215397    0.731569459838598    0.731878292404926
382.599999999797    -0.000209361291573314    0.731587183389545    0.73189357961228
382.699999999797    -0.000211300589844727    0.731606273915925    0.731915516933582
382.799999999797    -0.000213698939243414    0.731631565713096    0.731944330329583
382.899999999797    -0.000213865062962026    0.731661615732417    0.731974636391631
382.999999999797    -0.000212284711275859    0.73169090883669    0.73200162838435
383.099999999797    -0.000211295496898129    0.731715427064385    0.732024708763714
383.199999999796    -0.000211361664319196    0.731734971102576    0.732044357937758
383.299999999796    -0.000212024075202384    0.731751391271858    0.732061754900444
383.399999999796    -0.000213418811368173    0.731766377456942    0.732078789552513
383.499999999796    -0.000214181535081851    0.731779578576046    0.732093113076308
383.599999999796    -0.000213786253457369    0.731788774820663    0.73210173448812
383.699999999796    -0.000213148526655499    0.731792515400554    0.732104542901707
383.799999999796    -0.000213682398970289    0.731791779277846    0.732104588165485
383.899999999796    -0.00021490108287621    0.73178863722779    0.732103229175094
383.999999999796    -0.000215774181849888    0.73178371480228    0.732099583023192
384.099999999796    -0.000216073181644678    0.731776100632228    0.732092403357395
384.199999999796    -0.000215060827353747    0.73176447610124    0.732079291553029
384.299999999795    -0.000215526202575288    0.731749449552935    0.732064939909571
384.399999999795    -0.000217928919734431    0.731733390686255    0.732052391940585
384.499999999795    -0.000217801078618189    0.731715698097009    0.732034504469956
384.599999999795    -0.000214705616164649    0.731693449930644    0.732007714791096
384.699999999795    -0.000214327740615507    0.731668297393204    0.731981998254121
384.799999999795    -0.000218210643406206    0.731646679176229    0.731966055052663
384.899999999795    -0.000220063386726034    0.731630733622225    0.731952814774641
384.999999999795    -0.000217467657434378    0.731615363027272    0.731933637599979
385.099999999795    -0.000214451570961536    0.731596304345728    0.731910155605177
385.199999999795    -0.000214558496915059    0.731575878355315    0.73188987736815
385.299999999795    -0.000217011031149973    0.731559311955128    0.731876893755152
385.399999999794    -0.00021811529889703    0.731547774078434    0.731866967222143
385.499999999794    -0.000215513588269077    0.731537043359064    0.731852423674139
385.599999999794    -0.000212657747315594    0.731523727390622    0.731834921944505
385.699999999794    -0.00021361070613247    0.731510137720695    0.731822721286014
385.799999999794    -0.000214818837830576    0.731499486211512    0.731813833478229
385.899999999794    -0.000212668060217708    0.731490611928168    0.731801807488536
385.999999999794    -0.000210680868114823    0.731482115663111    0.731790399186829
386.099999999794    -0.000210635492545386    0.731476103829116    0.731784318408876
386.199999999794    -0.000210809723136179    0.731475191197743    0.731783660391123
386.299999999794    -0.000210877227531763    0.731480194433097    0.731788764534298
386.399999999794    -0.000210602700672296    0.731490094924775    0.731798267405744
386.499999999793    -0.0002086450307695    0.731502120101842    0.731807432368443
386.599999999793    -0.000206110065668029    0.731514093914145    0.731815700914251
386.699999999793    -0.000205979231598676    0.731527829246069    0.731829250412891
386.799999999793    -0.000207655431754667    0.731547119761163    0.731851002330035
386.899999999793    -0.000207976391072509    0.73157247919305    0.73187684210141
386.999999999793    -0.000206195319753893    0.731600606717741    0.731902374182848
387.099999999793    -0.000205116908317097    0.731628937208792    0.731929137716263
387.199999999793    -0.000205656585954056    0.731657485676028    0.73195848794031
387.299999999793    -0.000206126178477274    0.731686308367426    0.731988009961198
387.399999999793    -0.000205690775057078    0.731714129517139    0.732015205138458
387.499999999793    -0.000205640918839262    0.731739700993676    0.732040714143223
387.599999999792    -0.000207017318694245    0.731762624408692    0.732065662215617
387.699999999792    -0.000208075694510355    0.73178159377635    0.73208618908194
387.799999999792    -0.000206327091904222    0.731793290655473    0.732095330537555
387.899999999792    -0.000203642476786211    0.731796360842535    0.732094471197316
387.999999999792    -0.000205552606331324    0.731796029872175    0.732096936886883
388.099999999792    -0.000211226879061823    0.73179949939854    0.732108716162145
388.199999999792    -0.00021151012558529    0.731805421303034    0.732115055306889
388.299999999792    -0.000207077496698072    0.731806053560849    0.73210919746641
388.399999999792    -0.000208582636283532    0.731800266927686    0.732105612275241
388.499999999792    -0.000212760820479113    0.731792009342239    0.732103468945295
388.599999999792    -0.000209910983042911    0.731779090742169    0.732086372180533
388.699999999791    -0.000207237826682353    0.731758700872265    0.732062059905381
388.799999999791    -0.000211260545816701    0.731736073515447    0.73204531277007
388.899999999791    -0.000213575827471334    0.731715541779466    0.732028162052218
388.999999999791    -0.000211039473154304    0.731694202331874    0.732003100239466
389.099999999791    -0.000209902238255968    0.731670078136489    0.731977300997387
389.199999999791    -0.000211010242306387    0.731645895946582    0.731954730669444
389.299999999791    -0.000211907047820508    0.73162427674913    0.731934415150843
389.399999999791    -0.000211930713904107    0.731605220565131    0.731915385531995
389.499999999791    -0.000211412843634664    0.731587177362782    0.731896576624825
389.599999999791    -0.000210502084005449    0.731568647918575    0.731876706215448
389.699999999791    -0.000209061624737886    0.731549127671498    0.731855069330571
389.79999999979    -0.000207924820472706    0.731530074467742    0.731834344251791
389.89999999979    -0.00020863534492033    0.731515112842554    0.731820416355422
389.99999999979    -0.000210448807734013    0.731507213566292    0.731815168016826
390.09999999979    -0.000209943101126204    0.731504649616125    0.731811862822676
390.19999999979    -0.000206632492313537    0.731502404776033    0.731804771584905
390.29999999979    -0.000204341325910626    0.731498588792488    0.731797600676044
390.39999999979    -0.000205442287203521    0.731496522943302    0.731797145341365
390.49999999979    -0.000206402007629938    0.731499213135078    0.731801241286636
390.59999999979    -0.000204340076406438    0.731505313128806    0.731804325932258
390.69999999979    -0.000203089821138354    0.731513152262879    0.731810338368859
390.79999999979    -0.000204040910172816    0.731523551783846    0.731822134169505
390.899999999789    -0.000203167010231516    0.731535967299408    0.731833275653364
390.999999999789    -0.000200541231063007    0.731548301660174    0.731841771707012
391.099999999789    -0.000199247995297608    0.731561534396102    0.731853116831649
391.199999999789    -0.000201109824631282    0.731580071834271    0.731874386903823
391.299999999789    -0.000203963113253726    0.731606315779326    0.731904818066467
391.399999999789    -0.000202324600738481    0.731635504722976    0.731931620357212
391.499999999789    -0.000197611911249085    0.731660295952542    0.731949522686126
391.599999999789    -0.000197324685435133    0.731680910409003    0.731969724810184
391.699999999789    -0.000201502723258511    0.731703773263353    0.731998713300436
391.799999999789    -0.000203092794272611    0.731730404292141    0.732027683012231
391.899999999789    -0.000200851316285389    0.731755233288427    0.73204924034374
391.999999999788    -0.000199649025542378    0.731774126350047    0.732066380680825
392.099999999788    -0.000200931498086775    0.731788176702238    0.732082314393019
392.199999999788    -0.000201866343769045    0.731799121500664    0.732094632380427
392.299999999788    -0.000202225330629888    0.731806769433446    0.732102809031963
392.399999999788    -0.000202497375785322    0.73181057938804    0.732107018860051
392.499999999788    -0.000202366184485134    0.731810369583437    0.73210661687839
392.599999999788    -0.000202618281318176    0.731806765939939    0.732103380897896
392.699999999788    -0.000204039081088376    0.731801391569397    0.732100084681416
392.799999999788    -0.000205417353776309    0.731794941463725    0.73209564999524
392.899999999788    -0.000205614213739316    0.731785660068282    0.732086653022953
392.999999999788    -0.00020483115333098    0.731770961625774    0.732070802022516
393.099999999787    -0.000203815782120798    0.731750163561075    0.732048508832356
393.199999999787    -0.000204055083022101    0.73172565333448    0.732024338960681
393.299999999787    -0.000206272478338089    0.731701472655672    0.732003394686214
393.399999999787    -0.000207348540405009    0.731679137626477    0.731982625756761
393.499999999787    -0.000205782826512811    0.731656352384094    0.731957538987583
393.599999999787    -0.000204595789061515    0.731631568112184    0.731931006852049
393.699999999787    -0.000205137717797887    0.731606501085833    0.731906722848558
393.799999999787    -0.000205037555743305    0.731583180856837    0.731883246436001
393.899999999787    -0.00020443398701481    0.731562504082685    0.731861677722866
393.999999999787    -0.000204505238181577    0.731545446960645    0.731844717914866
394.099999999787    -0.000204106231994885    0.731532423867151    0.731831105483166
394.199999999786    -0.000203112237841506    0.731522975805089    0.731820198711995
394.299999999786    -0.000202986197258639    0.731517063962382    0.731814099990683
394.399999999786    -0.000203033836885968    0.731514403792898    0.731811508467479
394.499999999786    -0.000201460940183882    0.731513051976509    0.731807853982014
394.599999999786    -0.000198762779464761    0.731511404279009    0.731802256569468
394.699999999786    -0.000198427017888741    0.731511536007791    0.731801896928525
394.799999999786    -0.000200999897103078    0.731517568436662    0.731811697468537
394.899999999786    -0.000200808087028997    0.731529197807225    0.731823050772912
394.999999999786    -0.000196547435690176    0.731541472380048    0.731829094112356
395.099999999786    -0.000195478181686037    0.731553421870675    0.731839483254861
395.199999999786    -0.00019795028739309    0.731569169165023    0.731858855163018
395.299999999785    -0.000199100406226891    0.731589547251267    0.731880924816757
395.399999999785    -0.000197546847881489    0.731609807984535    0.731898919520501
395.499999999785    -0.000193695109436721    0.731624618787286    0.731908097917012
395.599999999785    -0.000191596325658069    0.731634461486905    0.731914872161652
395.699999999785    -0.0001949923069043    0.731646940258075    0.731932326955726
395.799999999785    -0.000199323877203599    0.731667623902716    0.731959359707869
395.899999999785    -0.000197807732671029    0.731691614491412    0.731981140280406
395.999999999785    -0.000192270747289683    0.731709922384429    0.731991349321748
396.099999999785    -0.000191328267632463    0.731722440366093    0.732002492321755
396.199999999785    -0.00019658100218743    0.731737447832453    0.732025195759895
396.299999999785    -0.00019964298515269    0.731758048083835    0.732050287149573
396.399999999784    -0.000197251344470757    0.731777622484496    0.732066367679651
396.499999999784    -0.000194928097007962    0.731789854375482    0.732075202805355
396.599999999784    -0.000195452071874921    0.731795185206881    0.732081302899451
396.699999999784    -0.000196402320105981    0.731797134249459    0.732084644027074
396.799999999784    -0.000197674230170747    0.731798557243544    0.732087929877943
396.899999999784    -0.000200090575968716    0.73180078166997    0.732093693158596
396.999999999784    -0.000200211567364344    0.731801583311079    0.732094672274868
397.099999999784    -0.000197563724411431    0.731796663338185    0.732085873424249
397.199999999784    -0.000197468696849519    0.731785863978111    0.732074930661598
397.299999999784    -0.000201420932358929    0.731773291301699    0.732068139607539
397.399999999784    -0.000202095713034253    0.731759237183139    0.73205506777885
397.499999999783    -0.000198164028081597    0.731739093062499    0.73202915927556
397.599999999783    -0.000197916455831081    0.731712989961172    0.732002683379584
397.699999999783    -0.000201399092620377    0.731686596538031    0.731981377939988
397.799999999783    -0.000201277534597236    0.731661649006849    0.731956242407625
397.899999999783    -0.000199087219894551    0.731635746207244    0.73192712286999
397.999999999783    -0.000199862885123468    0.731609214255746    0.731901715772631
398.099999999783    -0.000200289015725092    0.731583636992636    0.731876752033506
398.199999999783    -0.000197614955775713    0.731558386585255    0.731847577490128
398.299999999783    -0.00019712617097098    0.731534752532554    0.73182321868618
398.399999999783    -0.000199619090217029    0.731516841496924    0.731808949259966
398.499999999783    -0.000198553813526955    0.731504828069701    0.731795371904741
398.599999999782    -0.000195074896192666    0.731495530988783    0.731780979502169
398.699999999782    -0.000195990499296201    0.73148983795722    0.731776624281758
398.799999999782    -0.000198066327179747    0.7314901575275    0.731779982069722
398.899999999782    -0.00019445809822295    0.731493201968869    0.731777746854762
398.999999999782    -0.000190366089050651    0.731495470135984    0.731774027027387
399.099999999782    -0.000191811546590998    0.73150100318289    0.731781677697009
399.199999999782    -0.000194607854147836    0.731515186569949    0.731799959190408
399.299999999782    -0.000194250806974331    0.731536440809558    0.73182069911488
399.399999999782    -0.00019199963741439    0.731558516806753    0.731839488693202
399.499999999782    -0.000188730845364106    0.731576813796536    0.731853008143962
399.599999999782    -0.000186697891170275    0.731592146647494    0.731865371079871
399.699999999781    -0.000188507706461007    0.731610499436203    0.731886379876336
399.799999999781    -0.000191758709755853    0.731636687667979    0.731917336899388
399.899999999781    -0.00019226071033551    0.731668254858983    0.731949651077238
399.999999999781    -0.000189355643291149    0.731697314144506    0.731974468656506
400.099999999781    -0.000186511425823138    0.73171846638841    0.731991465014707
400.199999999781    -0.000187006589210073    0.731733674148259    0.732007403374654
400.299999999781    -0.0001901122358332    0.731748281604784    0.73202656311327
400.399999999781    -0.000191477337526757    0.731763564937158    0.732043850883791
400.499999999781    -0.00018933332087712    0.731775827941443    0.732052979510754
400.599999999781    -0.000188089787138676    0.731783079672544    0.732058413307363
400.699999999781    -0.000190345733068945    0.731788313229209    0.732066951832744
400.79999999978    -0.000191791960211168    0.731793987489178    0.732074745743016
400.89999999978    -0.000190964911137004    0.731798758815238    0.732078307969212
400.99999999978    -0.000191445666786542    0.731801467612926    0.732081721706202
401.09999999978    -0.000192400174941317    0.731802313607705    0.732083965583916
401.19999999978    -0.000192518189961967    0.73180072533719    0.732082549495576
401.29999999978    -0.000193067343498657    0.731796149977342    0.732078776420596
401.39999999978    -0.000192966427205789    0.731788119300397    0.732070594886408
401.49999999978    -0.000192295224011704    0.731776257505457    0.732057745793038
401.59999999978    -0.000193445202509937    0.731762100992949    0.732045267505784
401.69999999978    -0.000194981976948703    0.731747716017258    0.73203312689983
401.79999999978    -0.000194384873857165    0.731732699843698    0.732017230689303
401.899999999779    -0.000193666761508481    0.731716017658024    0.731999490700297
401.999999999779    -0.00019469926866886    0.73169849712661    0.731983474936135
402.099999999779    -0.000195684784191394    0.731680707938275    0.73196712154792
402.199999999779    -0.000194427496408675    0.731660922966931    0.731945488297201
402.299999999779    -0.000191612502384968    0.731637650159838    0.731918085736773
402.399999999779    -0.000191738109170853    0.731613862038414    0.731894472359207
402.499999999779    -0.000195342872148289    0.73159521066525    0.731881090329208
402.599999999779    -0.000196316570790346    0.731582113677966    0.731869413463292
402.699999999779    -0.000192606867308828    0.731568681193381    0.731850545786249
402.799999999779    -0.000189889697581724    0.731551331293228    0.731829212182075
402.899999999779    -0.000190964069776342    0.731533102588298    0.731812549029421
402.999999999778    -0.000191599097597247    0.73151774543856    0.731798115437004
403.099999999778    -0.000189626660764723    0.731505461368927    0.731782939862189
403.199999999778    -0.000188131602678107    0.731496391631581    0.731771678598782
403.299999999778    -0.000188961134861433    0.731493089523    0.731769589299391
403.399999999778    -0.000189975825906017    0.731497002490756    0.731774988795826
403.499999999778    -0.000188626867603713    0.731505526861765    0.731781542117991
403.599999999778    -0.000185308415442142    0.731514590053804    0.731785751921492
403.699999999778    -0.000184137937884145    0.731523829067326    0.731793281262493
403.799999999778    -0.000185095375331444    0.731536337218684    0.731807195339082
403.899999999778    -0.000183847773793753    0.73155320117596    0.731822239492952
403.999999999778    -0.00018321089176521    0.731574262690922    0.731842376558423
404.099999999777    -0.000185156974446598    0.731600741858991    0.731871713991102
404.199999999777    -0.000185401945111036    0.731630929170913    0.731902271072973
404.299999999777    -0.000181372974760784    0.731659158720121    0.731924613262657
404.399999999777    -0.000179158888719142    0.731683472528717    0.731945694703815
404.499999999777    -0.000183316652655579    0.731709179866424    0.731977498008749
404.599999999777    -0.000186580931469768    0.731738725194262    0.732011833136875
404.699999999777    -0.00018327938068511    0.731765139170206    0.732033423264177
404.799999999777    -0.000179261015393781    0.731782162458369    0.732044569524705
404.899999999777    -0.000181572428136828    0.731793479339395    0.73205927463837
404.999999999777    -0.000186137275594544    0.731805635742078    0.732078119075987
405.099999999777    -0.000184891489392571    0.731817292257582    0.73208795587924
405.199999999776    -0.000182261638649121    0.731823922416761    0.732090737901593
405.299999999776    -0.000184232436066715    0.731826813834825    0.732096515996095
405.399999999776    -0.000186686735077867    0.731828968008218    0.732102264550403
405.499999999776    -0.000186143243833665    0.731829286730094    0.73210178760902
405.599999999776    -0.00018563836686487    0.731825830436631    0.732097590789763
405.699999999776    -0.000187021747583018    0.731819075058491    0.732092858426599
405.799999999776    -0.000187925778514811    0.731809458973471    0.7320845623971
405.899999999776    -0.000186628045646084    0.731795747026621    0.732068945233228
405.999999999776    -0.000186048678107058    0.731778192672636    0.732050536072594
406.099999999776    -0.00018820122057143    0.731760254415592    0.7320357426089
406.199999999776    -0.000189702413710621    0.731744277572248    0.732021957560161
406.299999999775    -0.000188665161544552    0.731728864583724    0.73200502017355
406.399999999775    -0.000188324437837064    0.731712562704331    0.731988213330139
406.499999999775    -0.000189988185824071    0.731695958390897    0.731974038398232
406.599999999775    -0.000189881290836703    0.731678168772264    0.731956085533784
406.699999999775    -0.000187383294182398    0.731656355714444    0.731930607460926
406.799999999775    -0.000186209377389451    0.731630617807679    0.731903141517791
406.899999999775    -0.000188000819262945    0.731605051291792    0.731880187715705
406.999999999775    -0.000188722422618654    0.731582422466597    0.731858606602962
407.099999999775    -0.000186446416504467    0.731561591001754    0.731834435946905
407.199999999775    -0.000184963031716109    0.731542189890153    0.731812856476006
407.299999999775    -0.00018546111416995    0.731527060953943    0.731798450933771
407.399999999774    -0.000186128947118435    0.731518678246961    0.7317910425446
407.499999999774    -0.000186883591786735    0.731516637149974    0.731790105169865
407.599999999774    -0.000185195829298346    0.731517333950622    0.731788332056955
407.699999999774    -0.000180939904078167    0.731516273526824    0.731781042402807
407.799999999774    -0.000180429927380423    0.731514165122571    0.731778186855375
407.899999999774    -0.000182314900299362    0.731515617743016    0.731782398775006
407.999999999774    -0.000180925710994291    0.731521504560929    0.731786254557651
408.099999999774    -0.000179343170677018    0.731530347368577    0.73179278437875
408.199999999774    -0.000180398482911177    0.731542695708196    0.731806681715853
408.299999999774    -0.000179191360493656    0.731557861741999    0.731820086427448
408.399999999774    -0.000175450620803466    0.731573443433625    0.73183019851109
408.499999999773    -0.000175668166823906    0.731591289689412    0.731848369451591
408.599999999773    -0.000179841810915905    0.731615946172287    0.73187914377953
408.699999999773    -0.000179232294029915    0.731645090711353    0.731907406582876
408.799999999773    -0.000174202457745104    0.731670692033525    0.73192565411417
408.899999999773    -0.000174078769813495    0.731691349004867    0.731946137217921
408.999999999773    -0.000177579713813793    0.731712258140156    0.731972178803582
409.099999999773    -0.000176725433209686    0.731734343271923    0.731993021124497
409.199999999773    -0.000174606603346259    0.731754881394329    0.732010464489469
409.299999999773    -0.000177297688820143    0.731774913908794    0.732034443924812
409.399999999773    -0.000178672115606326    0.731795217179986    0.732056766710882
409.499999999773    -0.000175839408152131    0.731812067357287    0.732069475421374
409.599999999772    -0.000176776168247034    0.731824621605033    0.732083405656758
409.699999999772    -0.000179692974368679    0.731835637909363    0.732098696624216
409.799999999772    -0.000178858784057317    0.731844000359884    0.732105840648368
409.899999999772    -0.000178271752324938    0.73184726973892    0.732108251655044
409.999999999772    -0.000179025938815773    0.73184610228636    0.732108188077576
410.099999999772    -0.000179399237081136    0.731842068381415    0.732104699314667
410.199999999772    -0.000182345892956187    0.731836880781322    0.732103824356436
410.299999999772    -0.000183739111610062    0.731829937923666    0.732098918911281
410.399999999772    -0.000179684871235959    0.731816544634368    0.732079584621856
410.499999999772    -0.000178288171143431    0.731796265435648    0.732057253202308
410.599999999772    -0.000183106888126385    0.731776182946678    0.732044218545171
410.699999999771    -0.000186079838956321    0.731760255878308    0.732032638224308
410.799999999771    -0.000183310727565865    0.731744071422763    0.732012393685361
410.899999999771    -0.000181208976722373    0.731723513701872    0.731988751503666
410.999999999771    -0.000182500831460302    0.731700411418905    0.731967532035567
411.099999999771    -0.000183332922587496    0.731677553200303    0.731945883562532
411.199999999771    -0.000182814871854879    0.731655334093685    0.731922897960628
411.299999999771    -0.000182188758081971    0.731633679364041    0.731900318805579
411.399999999771    -0.00018195837716952    0.731613298544661    0.731879593336267
411.499999999771    -0.00018263867094447    0.731595131844841    0.731862415786324
411.599999999771    -0.00018239119327874    0.731578766693828    0.731845682425377
411.699999999771    -0.000179365800643534    0.731562246629098    0.731824728205491
411.79999999977    -0.00017734644514025    0.731546186726728    0.731805706983066
411.89999999977    -0.000179813567521872    0.731535697517518    0.731798824918475
411.99999999977    -0.000182484705152975    0.731533809000747    0.731800845193658
412.09999999977    -0.000179153690213106    0.731535759454184    0.731797921083065
412.19999999977    -0.000174255060977674    0.731535816120729    0.731790808190879
412.29999999977    -0.000175697930653226    0.73153661131179    0.73179371542206
412.39999999977    -0.000178540984928401    0.731543246806702    0.731804514357273
412.49999999977    -0.000176096880178076    0.731553538920268    0.731811232891147
412.59999999977    -0.000174116276106398    0.731563063623713    0.731817862061019
412.69999999977    -0.000174070870809207    0.731571364820837    0.731826099691825
412.79999999977    -0.000171510244394199    0.731578855120936    0.731829844704691
412.899999999769    -0.000170564005904917    0.731587902251872    0.731837509952521
412.999999999769    -0.000174614347211598    0.731603907535217    0.731859449233928
413.099999999769    -0.000176033547513878    0.731627184766833    0.731884811975449
413.199999999769    -0.000169913419105545    0.731650055916115    0.731898732494781
413.299999999769    -0.000166065276204959    0.731669116159442    0.731912166189344
413.399999999769    -0.000170826340850056    0.731691957029586    0.73194198426012
413.499999999769    -0.000176348475255409    0.731724396158692    0.731982518641338
413.599999999769    -0.000175046061730198    0.731759607914034    0.732015836040756
413.699999999769    -0.00016987519993197    0.731785748597715    0.732034415340729
413.799999999769    -0.000168080644259508    0.731799465964451    0.732045509971102
413.899999999769    -0.000170320999586929    0.731806791284732    0.732056117878679
413.999999999768    -0.000172908571964868    0.731814199115678    0.732067316778117
414.099999999768    -0.000174084960014325    0.73182353768725    0.732078380994229
414.199999999768    -0.000173705807416678    0.731833101400025    0.73208739289148
414.299999999768    -0.000174603929969297    0.731841089890605    0.732096699181807
414.399999999768    -0.00017605739339689    0.731846444029677    0.732104183361197
414.499999999768    -0.00017467026619805    0.731846641813241    0.732102350173371
414.599999999768    -0.000173773885897898    0.731840276491117    0.732094670155497
414.699999999768    -0.000176251950813927    0.731829783246917    0.732087801577074
414.799999999768    -0.000177410993519878    0.731816778228757    0.732076488987701
414.899999999768    -0.000175177499089849    0.731799693955877    0.732056128557893
414.999999999768    -0.000175133100022992    0.73177918117702    0.732035543587628
415.099999999767    -0.000178358800559654    0.731759459245527    0.732020537289993
415.199999999767    -0.000178793919821493    0.731741520974243    0.732003229635823
415.299999999767    -0.000177180587759904    0.731722415213013    0.73198175517823
415.399999999767    -0.000176677847105047    0.731701017021727    0.731959613430808
415.499999999767    -0.000176467957357261    0.731678699053865    0.731936980323161
415.599999999767    -0.000177446768501351    0.731657516111609    0.731917222719475
415.699999999767    -0.000178394234885206    0.731638428484337    0.731899515216029
415.799999999767    -0.000175799876690316    0.731619477682803    0.731876760140949
415.899999999767    -0.000173741372310386    0.731599806808624    0.731854069293371
415.999999999767    -0.000175178124442076    0.731583210224873    0.731839569882758
416.099999999767    -0.000176044089137749    0.731573007845729    0.731830631406442
416.199999999766    -0.000175296582424318    0.731568523775829    0.731825051668346
416.299999999766    -0.000174832022048671    0.731567502358437    0.731823349940192
416.399999999766    -0.000173764013284182    0.731567529506336    0.731821813911646
416.499999999766    -0.000171412455643543    0.731566697246147    0.731817539531723
416.599999999766    -0.000170341967743655    0.731565859806225    0.73181513500444
416.699999999766    -0.000172238348207568    0.731568462667855    0.731820514368045
416.799999999766    -0.000172840009929779    0.731575557138062    0.73182849190843
416.899999999766    -0.000170007826577637    0.731583701964792    0.731832494171676
416.999999999766    -0.000168011846842915    0.731590614054645    0.731836487144638
417.099999999766    -0.000168348154375021    0.731598277777809    0.731844645693008
417.199999999766    -0.000168586443163149    0.731609205437576    0.731855925818748
417.299999999765    -0.000168839886157979    0.731623868253177    0.731870964554141
417.399999999765    -0.000169138669936804    0.731641144663572    0.73188868415223
417.499999999765    -0.00016676781176557    0.731658467692111    0.731902542559176
417.599999999765    -0.000165100020512388    0.731674880090894    0.731916519060916
417.699999999765    -0.000167954682474523    0.731693410258334    0.731939234214396
417.799999999765    -0.000169445699832575    0.731715113811744    0.731963127795723
417.899999999765    -0.000165881581093229    0.731735634246411    0.731978437450893
417.999999999765    -0.000164450886419249    0.73175274181984    0.731993456179594
418.099999999765    -0.000168345153958428    0.731770120811435    0.732016542202582
418.199999999765    -0.000169822481104718    0.731789069621622    0.732037660308806
418.299999999765    -0.000166794660609239    0.731805203273307    0.732049366399437
418.399999999764    -0.00016668854407784    0.731816636073128    0.73206064764626
418.499999999764    -0.000169400935842057    0.731825946334546    0.732073932343974
418.599999999764    -0.000169061181061656    0.731833182562459    0.732080673567949
418.699999999764    -0.000168364587164416    0.731836491180019    0.732082963374627
418.799999999764    -0.000169650431024169    0.731836527169986    0.732084882068049
418.899999999764    -0.000170103312720505    0.731834324972103    0.732083342216842
418.999999999764    -0.000169920107687916    0.731829793087826    0.732078540549523
419.099999999764    -0.000171853858465144    0.731823540738038    0.732075117370836
419.199999999764    -0.000173298513756016    0.7318153445065    0.732069033493518
419.299999999764    -0.000171621307629569    0.731802071030399    0.732053299803322
419.399999999764    -0.000169874454102404    0.731781755189348    0.732030419483429
419.499999999763    -0.000170647013026145    0.731757096723465    0.732006883674495
419.599999999763    -0.000172397987968051    0.731732403484194    0.731984745375612
419.699999999763    -0.000173033817343104    0.731709329304104    0.731962594044339
419.799999999763    -0.000172624444918013    0.731686967347416    0.731939625075501
419.899999999763    -0.000171918295534293    0.731664152239272    0.731915768404607
419.999999999763    -0.00017167112557806    0.731640714265804    0.731891960567413
420.099999999763    -0.000171273301469576    0.731617091303193    0.731867747183131
420.199999999763    -0.000169764534446934    0.7315937149222    0.731842154431254
420.299999999763    -0.000169041230973221    0.731572264247988    0.731819637816509
420.399999999763    -0.000170038613880697    0.731555799844925    0.731804627623619
420.499999999763    -0.000170375261145937    0.731545677288039    0.731794994337112
420.599999999762    -0.00016912216087567    0.731540286731135    0.73178776793381
420.699999999762    -0.000167522675464478    0.731537495873276    0.731782635176691
420.799999999762    -0.000165663869163116    0.731536630054545    0.731779048591677
420.899999999762    -0.000164357170044707    0.731538988399998    0.731779495284851
420.999999999762    -0.000165412578546306    0.73154742941129    0.731789483743376
421.099999999762    -0.000167554212187689    0.731563219134162    0.731808413215158
421.199999999762    -0.000166017464039818    0.73158233922495    0.731825290448484
421.299999999762    -0.00016078198057109    0.731598511237276    0.731833804783477
421.399999999762    -0.00015936344190297    0.731611912755562    0.731845134307659
421.499999999762    -0.000163997611611629    0.731629107718778    0.731869117932382
421.599999999762    -0.000165706907844131    0.731651616211752    0.731894135852815
421.699999999761    -0.000160375976406908    0.731672497320219    0.731907220346489
421.799999999761    -0.000158154970491599    0.73168824233056    0.731919719204528
421.899999999761    -0.000162228642874248    0.731703677966197    0.73194112307592
421.999999999761    -0.000162509389765223    0.731720959574532    0.73195882128253
422.099999999761    -0.00015998004083644    0.73173691838242    0.731971082448166
422.199999999761    -0.000160837234130606    0.731751289689726    0.731986713261613
422.299999999761    -0.000161097330588837    0.73176589764356    0.732001706697222
422.399999999761    -0.000160609291718036    0.731781387292737    0.732016486832518
422.499999999761    -0.000163560230472888    0.731798967063797    0.732038392639725
422.599999999761    -0.000164935972837598    0.731817121966695    0.732058567727688
422.699999999761    -0.000161686327131445    0.73182974969737    0.732066441695858
422.79999999976    -0.000159698140396366    0.731834005763854    0.732067788158066
422.89999999976    -0.000162187991886433    0.731834165482337    0.732071593417684
422.99999999976    -0.000165073380344466    0.731834923903423    0.732076576723357
423.09999999976    -0.000165065745137197    0.731835784896538    0.732077426821646
423.19999999976    -0.000164014137186654    0.731834046868984    0.732074148508569
423.29999999976    -0.000164483071439522    0.73182915457271    0.732069941192259
423.39999999976    -0.000166109962716463    0.731822025388709    0.732065191639751
423.49999999976    -0.000166297501643492    0.731812122474627    0.732055560012961
423.59999999976    -0.000164630240321258    0.73179778401252    0.732038775777149
423.69999999976    -0.000164301397149565    0.731779800458306    0.732020304860757
423.79999999976    -0.000166293187278226    0.731761809210615    0.73200522369595
423.899999999759    -0.000168299105116706    0.731746052583176    0.73199239845461
423.999999999759    -0.000167996049468108    0.731730727987253    0.731976625040139
424.099999999759    -0.000165486900319956    0.731712300756032    0.731954518441042
424.199999999759    -0.000164019406380183    0.731690293408234    0.73193035559825
424.299999999759    -0.000165355168974113    0.731668394481826    0.731910404801488
424.399999999759    -0.000166930744208366    0.731650063564448    0.731894374126614
424.499999999759    -0.000166172685634838    0.731635024292899    0.731878220219202
424.599999999759    -0.000164857678347771    0.731621327730635    0.731862594292319
424.699999999759    -0.000164863760522639    0.731608458776985    0.731849729997354
424.799999999759    -0.000164264511722706    0.731596344005616    0.731836734125634
424.899999999759    -0.000162505821334829    0.731584360155753    0.731822172236246
424.999999999758    -0.000161719501305796    0.731573278359922    0.731809935963562
425.099999999758    -0.00016253267821532    0.731565521240949    0.731803366505491
425.199999999758    -0.000162701202188844    0.731562151413703    0.731800242234387
425.299999999758    -0.000160823658484396    0.731561399032829    0.731796741642685
425.399999999758    -0.000159836984736081    0.73156181392834    0.731795712582969
425.499999999758    -0.000160091187752395    0.731563983809462    0.731798255208419
425.599999999758    -0.000157606695958348    0.731567627122612    0.731798263385593
425.699999999758    -0.000155370130304511    0.731572988068235    0.731800352574855
425.799999999758    -0.00015758852401084    0.731584176985634    0.731814791869175
425.899999999758    -0.000159786894570765    0.731603752018135    0.731837590765685
425.999999999758    -0.000157691820624837    0.731627721092309    0.731858500899114
426.099999999757    -0.000154006683003674    0.731650555320498    0.731875948182791
426.199999999757    -0.000154110162779808    0.731672049117302    0.731897600074179
426.299999999757    -0.000155909584602535    0.731695047446767    0.731923239565912
426.399999999757    -0.00015550186265701    0.731719609808911    0.731947212726125
426.499999999757    -0.000154424777238776    0.731744152025466    0.731970185786024
426.599999999757    -0.000155012719822349    0.731768585797218    0.731995487847451
426.699999999757    -0.000156950480786201    0.731793065877979    0.732022812483871
426.799999999757    -0.000157072281192738    0.731815253933721    0.732045185832343
426.899999999757    -0.000154889482546931    0.73183126196552    0.732058003016279
426.999999999757    -0.000154670945225188    0.731840440586364    0.732066864512966
427.099999999757    -0.000156509699657784    0.731845657633114    0.732074775380407
427.199999999756    -0.00015796411212005    0.731848823426499    0.732080071654618
427.299999999756    -0.00015778610911105    0.731849349808312    0.732080337577697
427.399999999756    -0.000157220410917619    0.731846362127519    0.732076520684706
427.499999999756    -0.000157830164687701    0.731840957344874    0.73207200696912
427.599999999756    -0.000159395742851251    0.731835076579782    0.732068416564534
427.699999999756    -0.000160373654116333    0.731829080928811    0.732063850787505
427.799999999756    -0.000159171529572718    0.731821275956465    0.732054283268331
427.899999999756    -0.00015897456717948    0.731810930636949    0.732043646284729
427.999999999756    -0.000161138634809836    0.731799775145718    0.732035655588613
428.099999999756    -0.000160958882683264    0.731788028067524    0.732023641558326
428.199999999756    -0.000159671448603222    0.731774257022879    0.732007981253304
428.299999999755    -0.000161728915964239    0.731759382686751    0.731996114276511
428.399999999755    -0.000162802556093736    0.731743862969474    0.731982161307647
428.499999999755    -0.000159391151696277    0.731724700074013    0.731957998145001
428.599999999755    -0.000157569867839464    0.731701524555665    0.731932149120191
428.699999999755    -0.0001606803228651    0.731679751561493    0.731914922426253
428.799999999755    -0.000162931692933481    0.731663086399449    0.731901547462962
428.899999999755    -0.000161288289475482    0.7316488329804    0.731884883830174
428.999999999755    -0.000158832041799373    0.73163314211444    0.731865592606647
429.099999999755    -0.000156934349477788    0.731615933477372    0.731845600861249
429.199999999755    -0.000156562447021349    0.731600832482115    0.73182995078659
429.299999999755    -0.000159320698532004    0.731592830314739    0.731825983222357
429.399999999754    -0.000161387680119206    0.731593076246231    0.731829254581238
429.499999999754    -0.000158067630865132    0.731595965061636    0.731827284907712
429.599999999754    -0.000153720347079879    0.731595855097802    0.731820812015793
429.699999999754    -0.000154354941167708    0.731594322087487    0.731820207351082
429.799999999754    -0.000156054954574109    0.731595641479297    0.731824015367369
429.899999999754    -0.000154393794267974    0.731599878464243    0.731825822310814
429.999999999754    -0.000153825652446221    0.731605785555653    0.731830899658569
430.099999999754    -0.000154507350677826    0.731613501510053    0.731839615774046
430.199999999754    -0.000151901087080376    0.731621533269719    0.731843835250101
430.299999999754    -0.000150318043561922    0.731629252027105    0.731849239250709
430.399999999754    -0.000152652292847816    0.731639704923954    0.731863111984544
430.499999999753    -0.000152523019756782    0.731653646892755    0.731876868986543
430.599999999753    -0.000149875532811965    0.731668254962482    0.731887606176971
430.699999999753    -0.000149658236227399    0.731683385754726    0.731902423425496
430.799999999753    -0.000151007636493963    0.731701447683959    0.731922466071892
430.899999999753    -0.00015129247729468    0.73172269418528    0.731944135965948
430.999999999753    -0.000150361295964359    0.731744754301218    0.731964839572668
431.099999999753    -0.0001501314619617    0.731765855082695    0.731985610230131
431.199999999753    -0.000150071114618848    0.731785826891632    0.732005499687581
431.299999999753    -0.000150083241061262    0.731804676624464    0.732024372832566
431.399999999753    -0.000151372003668117    0.731822652762101    0.732044241226947
431.499999999753    -0.000151877782124203    0.731839202344035    0.732061536341476
431.599999999752    -0.00015165953982401    0.731852541465397    0.732074559975937
431.699999999752    -0.000152087026583245    0.731861623843267    0.732084271021495
431.799999999752    -0.000152337989786867    0.731866116478622    0.732089132478386
431.899999999752    -0.000152549016194015    0.731866037907047    0.732089362863187
431.999999999752    -0.000153360399813722    0.73186210208603    0.732086613846412
432.099999999752    -0.000154818588515538    0.731855101738426    0.732081746374927
432.199999999752    -0.000154774099700591    0.731844612027016    0.732071188277046
432.299999999752    -0.000153503153481884    0.731829765828998    0.732054476676555
432.399999999752    -0.0001548079343712    0.731812102344344    0.732038718066079
432.499999999752    -0.000156791876373164    0.731793898272428    0.73202341293532
432.599999999752    -0.000155237648054733    0.731774304586034    0.732001537705071
432.699999999751    -0.00015353845878821    0.731752468394213    0.731977207192685
432.799999999751    -0.00015579561620587    0.731731454544808    0.731959491177632
432.899999999751    -0.000158242654683539    0.731713755200588    0.731945368505875
432.999999999751    -0.000156272733976931    0.731696515499122    0.731925239672311
433.099999999751    -0.000153104348479378    0.731676182803838    0.73190026272198
433.199999999751    -0.0001532865645751    0.731654564952304    0.731878904970049
433.299999999751    -0.000155090557018422    0.73163621102821    0.731863185964886
433.399999999751    -0.000154680558760524    0.731622695940168    0.731849066570123
433.499999999751    -0.000153768760617141    0.731613136266974    0.731838169360464
433.599999999751    -0.000153746711809654    0.731607185976001    0.731832184967216
433.699999999751    -0.000152165973523783    0.731604122638585    0.731826807030682
433.79999999975    -0.000151243839318046    0.73160349754127    0.731824832060405
433.89999999975    -0.000152264255246736    0.731606459868612    0.731829288822988
433.99999999975    -0.000150924739722958    0.731612523443456    0.73183339363759
434.09999999975    -0.000148534699123076    0.731619849350766    0.731837223506763
434.19999999975    -0.000149392963855359    0.731629518690848    0.731848151957603
434.29999999975    -0.000150397972268114    0.731643104651426    0.731863213034007
434.39999999975    -0.000148763945778235    0.731658698015389    0.731876419274222
434.49999999975    -0.000147780062525231    0.731673996696515    0.731890282317178
434.59999999975    -0.000148753051925372    0.731689022302292    0.731906736638219
434.69999999975    -0.000149022649318234    0.731703333689968    0.731921446932385
434.79999999975    -0.000147382202209968    0.7317145616022    0.731930276801737
434.899999999749    -0.000145376454068799    0.73172136850909    0.731934149558285
434.999999999749    -0.000145750783385962    0.731726266382151    0.731939596828329
435.099999999749    -0.0001475532776131    0.731733549160259    0.731949520394558
435.199999999749    -0.000147804261131816    0.731744781714128    0.731961123683989
435.299999999749    -0.000148120403158319    0.73175882474937    0.73197563368747
435.399999999749    -0.000148780434386142    0.731773566979958    0.731991346559634
435.499999999749    -0.000147288745193017    0.731785714775259    0.732001314129976
435.599999999749    -0.000145000573946249    0.731793241613442    0.732005493270142
435.699999999749    -0.000146347419125402    0.731798762104807    0.7320129871764
435.799999999749    -0.000150246105604724    0.731806496738151    0.73202643193494
435.899999999749    -0.000150093698793807    0.73181534329731    0.732035058018524
435.999999999748    -0.000147051061821278    0.731820365467984    0.732035627046036
436.099999999748    -0.000148274121122524    0.731820967695349    0.732038020100211
436.199999999748    -0.000150180164789527    0.73181953042022    0.732039372991563
436.299999999748    -0.000148258409826739    0.731815464483818    0.732032492254112
436.399999999748    -0.000148463314516903    0.731808787318392    0.732026113099614
436.499999999748    -0.000151963265508726    0.731802136846074    0.732024584734825
436.599999999748    -0.000151505610624214    0.731794479370471    0.732016254909606
436.699999999748    -0.000148154527246142    0.73178188542963    0.731998751157836
436.799999999748    -0.000148468579698576    0.731765222559172    0.731982543110978
436.899999999748    -0.000151405523543485    0.731749017859173    0.731970633099247
436.999999999748    -0.00015128712548815    0.731734273520586    0.731955710970946
437.099999999747    -0.00014915641948269    0.731718913276294    0.731937226985529
437.199999999747    -0.000149935726906881    0.731703340430507    0.731922790278334
437.299999999747    -0.000151312309741116    0.731689194931823    0.731910655605744
437.399999999747    -0.000149284705647457    0.731675082948392    0.731893571364146
437.499999999747    -0.000147587949857484    0.731659631142269    0.731875631311199
437.599999999747    -0.000148263536939115    0.731644872856388    0.731861857540571
437.699999999747    -0.000147871528371576    0.731632980723008    0.73184938809763
437.799999999747    -0.000147600873167318    0.731624788522664    0.731840797320984
437.899999999747    -0.000149446091749718    0.731621017958837    0.731839726447518
437.999999999747    -0.000148582623789639    0.7316195236315    0.731836967836804
438.099999999747    -0.000143713088102644    0.731615687999607    0.731826003724382
438.199999999746    -0.000142507767164928    0.731610083183113    0.731818633141882
438.299999999746    -0.000146938847695115    0.731608811382233    0.73182384649066
438.399999999746    -0.000148030606210142    0.731612919074055    0.731829553350401
438.499999999746    -0.000142333888413961    0.731616001770882    0.731824298919341
438.599999999746    -0.000138896404085229    0.73161575241107    0.731819018238327
438.699999999746    -0.000141182042913682    0.731618624931742    0.731825236925849
438.799999999746    -0.000143623458213471    0.73163039348543    0.73184058224796
438.899999999746    -0.00014364649964817    0.731650109495322    0.731860337648253
438.999999999746    -0.000141371900891678    0.731672917601768    0.731879822834739
439.099999999746    -0.000139136196439484    0.731695242151354    0.73189888107079
439.199999999746    -0.000139512269814248    0.731717822090899    0.731922017807154
439.299999999745    -0.000140969675036866    0.731742994264581    0.731949330495956
439.399999999745    -0.000141891575453914    0.73177053342887    0.731978227046563
439.499999999745    -0.000141929792043923    0.731797146167231    0.732004903287704
439.599999999745    -0.00014107740730186    0.731818628176454    0.732025143460451
439.699999999745    -0.000139226304858978    0.731832396148478    0.732036205164637
439.799999999745    -0.000138635607033335    0.731839617994752    0.732042564189704
439.899999999745    -0.000140875289569041    0.731844697674432    0.73205092439409
439.999999999745    -0.000143799009248241    0.731850929636818    0.732061438785024
440.099999999745    -0.00014409231780157    0.73185706258568    0.732068002941459
440.199999999745    -0.000142170312793672    0.731859239590964    0.732067366494458
440.299999999745    -0.000142154397776579    0.731856069838185    0.732064172538633
440.399999999744    -0.000143445200543177    0.731849212243568    0.732059202879752
440.499999999744    -0.00014345134953641    0.731839819921666    0.732049816865636
440.599999999744    -0.000143334173999937    0.731828568646632    0.732038390808112
440.699999999744    -0.000144045598446091    0.731817053170839    0.732027913595109
440.799999999744    -0.000145352289659302    0.731806705213686    0.732019475700745
440.899999999744    -0.000146737649782297    0.731797178202317    0.732011974117058
440.999999999744    -0.000145740179151241    0.731785756057719    0.731999088323178
441.099999999744    -0.000142705193000458    0.731769773845603    0.731978658348123
441.199999999744    -0.000142936289895422    0.731751228450946    0.731960445967164
441.299999999744    -0.000146953257558322    0.731735311594044    0.731950404978136
441.399999999744    -0.000147243185424945    0.731722601379038    0.731938115445365
441.499999999743    -0.00014315574291307    0.731708784079775    0.731918310703877
441.599999999743    -0.000143496119027076    0.731693571677363    0.731903592190198
441.699999999743    -0.000146627629471433    0.731680495614867    0.731895096234452
441.799999999743    -0.000144504618295246    0.731668555031163    0.731880044562903
441.899999999743    -0.000140571802348643    0.731654946938897    0.731860675967774
441.999999999743    -0.000141584777199281    0.731642725516695    0.731849933798797
442.099999999743    -0.000145062760968706    0.73163721769739    0.731849515123494
442.199999999743    -0.00014445142898355    0.731637793059883    0.73184919584673
442.299999999743    -0.000141627306952306    0.731639446744487    0.731846716348528
442.399999999743    -0.000140739626706679    0.731639774694909    0.731845745100655
442.499999999743    -0.000140453838431119    0.731639321972457    0.731844873945256
442.599999999742    -0.000139589674445351    0.731638976437391    0.731843263446813
442.699999999742    -0.000139353815766353    0.731639805309883    0.731843747327254
442.799999999742    -0.000139549178113573    0.731642781177758    0.731847009975291
442.899999999742    -0.000138647853178546    0.731647602001655    0.731850512873413
442.999999999742    -0.000136946786879754    0.731653395314225    0.731853817924653
443.099999999742    -0.000136929332911646    0.731660738557586    0.731861137631794
443.199999999742    -0.000138356525648499    0.731671068855527    0.73187355980548
443.299999999742    -0.000137955168164631    0.731683561688318    0.731885468600012
443.399999999742    -0.000136017731942388    0.731695434517984    0.731894508702555
443.499999999742    -0.000134854621245878    0.731705560373486    0.731902934742747
443.599999999742    -0.000134313613759689    0.731715450304272    0.731912035401075
443.699999999741    -0.00013462622075003    0.731727758257367    0.731924804270352
443.799999999741    -0.000137399057620798    0.7317448645203    0.731945974262197
443.899999999741    -0.000138232146916216    0.731765454683688    0.731967789672568
443.999999999741    -0.000134888421216482    0.731783794141781    0.731981239096146
444.099999999741    -0.000132906066931594    0.731797084499676    0.731991630900658
444.199999999741    -0.000134231993866164    0.731808695203728    0.732005185859632
444.299999999741    -0.000137125354000187    0.731822859940917    0.732023590403622
444.399999999741    -0.000138481342478434    0.731839385294597    0.732042105568681
444.499999999741    -0.000136735550170091    0.731853754829299    0.732053923051032
444.599999999741    -0.000135451598287688    0.731862692941061    0.732060983742839
444.699999999741    -0.000137072934469747    0.73186737139373    0.732068037316077
444.79999999974    -0.000139275720242841    0.731869641745538    0.732073533485663
444.89999999974    -0.000138503639081366    0.731868154775723    0.732070915664372
444.99999999974    -0.000136653466493809    0.731860816812325    0.732060866785064
445.09999999974    -0.000137608945717078    0.731849423049982    0.732050868825782
445.19999999974    -0.00013996651277842    0.731837664471265    0.732042558681225
445.29999999974    -0.000141009798244416    0.731826417697961    0.732032836196011
445.39999999974    -0.000140398652540678    0.731813668478888    0.732019188639572
445.49999999974    -0.000139214611103352    0.73179760888574    0.732001391094256
445.59999999974    -0.000139259620652206    0.731778741230661    0.731982584077548
445.69999999974    -0.000140505362254411    0.731759057392878    0.731964718432241
445.79999999974    -0.000140251175028027    0.731739276799358    0.731944560177363
445.899999999739    -0.000139355697865809    0.731719014129926    0.731922980981581
445.999999999739    -0.000139629501745322    0.731698996020889    0.731903358088347
446.099999999739    -0.000139253816588138    0.731680218495018    0.731884025401802
446.199999999739    -0.000138493604804817    0.731663181541296    0.731865870955513
446.299999999739    -0.000139449311916279    0.731648912486364    0.731852996820605
446.399999999739    -0.00013923623419951    0.731637334070243    0.731841103296694
446.499999999739    -0.000136385568729613    0.731626381321797    0.731825975103737
446.599999999739    -0.000135513464714831    0.731616036790838    0.731814351313099
446.699999999739    -0.000137244102821426    0.731608979796238    0.731809825397209
446.799999999739    -0.000135779248025544    0.731605613730302    0.731804314429901
446.899999999739    -0.000131868203653897    0.731604567029806    0.73179754323731
446.999999999738    -0.00013390435649365    0.731608806196148    0.731804763648502
447.099999999738    -0.000138874204946737    0.731621704990399    0.731824939979702
447.199999999738    -0.00013497455634901    0.731637273580142    0.731834805074688
447.299999999738    -0.000127169127750004    0.731646985585588    0.731833095070925
447.399999999738    -0.000128984026991047    0.731654280894361    0.731843048673419
447.499999999738    -0.000135062582074886    0.731667961756608    0.731865630382516
447.599999999738    -0.000133563055594975    0.731686777467633    0.731882256219847
447.699999999738    -0.000127404384167015    0.731703376047508    0.73188984424041
447.799999999738    -0.000127105446731438    0.731717931140458    0.73190396545547
447.899999999738    -0.000132644742353078    0.731737011620173    0.731931159507623
447.999999999738    -0.000134483163653173    0.731760815436922    0.731957660928321
448.099999999737    -0.000129314725259699    0.73178091167668    0.73197019624905
448.199999999737    -0.000125491226579768    0.731792501034607    0.73197619116322
448.299999999737    -0.000128761824944789    0.731801200553782    0.731989680939021
448.399999999737    -0.000132739786621743    0.73181346093951    0.732007768257126
448.499999999737    -0.000132171930004743    0.731827791777435    0.732021271533368
448.599999999737    -0.00013034742081487    0.731839676749368    0.73203048844981
448.699999999737    -0.00013046922423412    0.731848054941783    0.73203904715636
448.799999999737    -0.000132488860256958    0.731854218802501    0.732048169561463
448.899999999737    -0.000133064862793211    0.731857805260932    0.73205260029819
448.999999999737    -0.000130413854578202    0.731856393170895    0.7320473064951
449.099999999737    -0.000130113227752587    0.731850527790232    0.73204099944192
449.199999999736    -0.000133935782394872    0.73184479891385    0.732040865585661
449.299999999736    -0.000135068579185117    0.731840710234668    0.73203843431082
449.399999999736    -0.000132349981325743    0.731835107517933    0.732028849885359
449.499999999736    -0.000132279516539181    0.731827232866364    0.732020869985696
449.599999999736    -0.000135083438564101    0.731819903287829    0.732017643497148
449.699999999736    -0.000135277392760033    0.7318132747152    0.732011297086731
449.799999999736    -0.00013368206221514    0.731804561337905    0.732000245783202
449.899999999736    -0.000133733562568696    0.731792979928802    0.731988736672586
449.999999999736    -0.000134184579555352    0.731779869675067    0.731976283179009
450.099999999736    -0.00013423869815963    0.73176620763651    0.731962696699086
450.199999999736    -0.000134786326884991    0.731752534705193    0.731949821769475
450.299999999735    -0.000134715195747551    0.731738710801248    0.731935890011607
450.399999999735    -0.000133852191108986    0.731723930038201    0.731919841964087
450.499999999735    -0.000133480842104352    0.73170815618611    0.731903520305202
450.599999999735    -0.000133310205638229    0.73169233667064    0.731887446792542
450.699999999735    -0.000132524056442792    0.731677409681614    0.73187136510205
450.799999999735    -0.000132639484423698    0.731664519475424    0.731858640432796
450.899999999735    -0.000133885031730253    0.731654734829464    0.73185067629787
450.999999999735    -0.000132600980970028    0.731646719713896    0.731840779591941
451.099999999735    -0.000129439507297116    0.731637911315742    0.731827341537018
451.199999999735    -0.000129618299032383    0.731629404869632    0.731819094574852
451.299999999735    -0.000131386577182875    0.731624337885701    0.731816614383329
451.399999999734    -0.000129492532700093    0.731622299271553    0.731811803059903
451.499999999734    -0.000126128863117736    0.731621510324404    0.731806090783987
451.599999999734    -0.000127665317651304    0.731624557096749    0.731811387111428
451.699999999734    -0.00013081033081479    0.731634634475718    0.731826070254638
451.799999999734    -0.000128658651801617    0.731648168389235    0.731836458348243
451.899999999734    -0.000124225289064902    0.731659099139114    0.731840902849908
451.999999999734    -0.000123264787134367    0.73166754232702    0.731847942251695
452.099999999734    -0.000124577184982646    0.731678434713366    0.731860758306144
452.199999999734    -0.000125694293164174    0.731695124067759    0.731879086993711
452.299999999734    -0.000126417585740426    0.731717132731862    0.731902159949286
452.399999999734    -0.000125511805042427    0.731740815734498    0.731924523013142
452.499999999733    -0.000122965725907574    0.731761926737049    0.731941912142111
452.599999999733    -0.00012218022809402    0.7317797495795    0.731958589463635
452.699999999733    -0.000124551840633947    0.731797190072804    0.731979506154596
452.799999999733    -0.000126207618746845    0.731815436871551    0.732000181555038
452.899999999733    -0.000124737816815475    0.731831503835241    0.73201410074011
452.999999999733    -0.000123608190636695    0.731842758942095    0.732023704827015
453.099999999733    -0.000124410905099815    0.731850043522831    0.732032166433532
453.199999999733    -0.000125897924749821    0.731855231829507    0.732039533142469
453.299999999733    -0.000125640500234888    0.731858573705265    0.73204249896833
453.399999999733    -0.000124487976963883    0.731859514289218    0.732041752396383
453.499999999733    -0.000126169628952282    0.731859736109802    0.732044436356063
453.599999999732    -0.000128710740094065    0.731861179184079    0.732049600223929
453.699999999732    -0.000127889893349978    0.731861910408586    0.732049129835396
453.799999999732    -0.000125724598953732    0.731858890485673    0.732042938956088
453.899999999732    -0.000126304737104222    0.731853179603335    0.732038076003524
453.999999999732    -0.000129322595495808    0.731848210311414    0.732037523814061
454.099999999732    -0.00013106989080218    0.731844251300225    0.732036121940893
454.199999999732    -0.000128905400237856    0.731837140987182    0.732025840830747
454.299999999732    -0.00012686450990623    0.73182377343808    0.732009481926606
454.399999999732    -0.000127937115846444    0.731806213737781    0.731993488049805
454.499999999732    -0.000129199657938828    0.731787988030204    0.731977105979653
454.599999999732    -0.000128773613675833    0.731770401503372    0.731958891213838
454.699999999731    -0.000128507359736125    0.731753953955717    0.731942049664599
454.799999999731    -0.00012986786719043    0.731739846280493    0.731929929952604
454.899999999731    -0.000130405581606263    0.73172796788963    0.731918835602306
454.999999999731    -0.000128938352867752    0.731715870623975    0.73190458743506
455.099999999731    -0.000127665925921701    0.731701667568192    0.731888518164423
455.199999999731    -0.000126967690327425    0.731685790372047    0.731871614875453
455.299999999731    -0.000125623142494231    0.731670052636903    0.731853905115592
455.399999999731    -0.000125491944985073    0.731657631027073    0.731841288352949
455.499999999731    -0.000127940570694887    0.731652231263167    0.731839471226791
455.599999999731    -0.000129082215523514    0.731653861855782    0.731842773243852
455.699999999731    -0.000125502399924448    0.731657431671278    0.731841104249822
455.79999999973    -0.000122212942913389    0.73165911950174    0.731837977788945
455.89999999973    -0.000123898110315742    0.731661176283004    0.731842501623136
455.99999999973    -0.000125338319015391    0.731666216277942    0.731849650896586
456.09999999973    -0.000123242598746069    0.731672360478381    0.731852729113753
456.19999999973    -0.000121189380814452    0.731677476063893    0.731854840639156
456.29999999973    -0.000122164852285997    0.731682707549827    0.731861501211904
456.39999999973    -0.000123364809982133    0.73168938130501    0.73186993302172
456.49999999973    -0.000121046401121516    0.731695618835344    0.73187277852264
456.59999999973    -0.00011863360623915    0.731699859279129    0.731873488263343
456.69999999973    -0.000119690765560704    0.731704949455981    0.731880127074254
456.79999999973    -0.000120835735315    0.73171435474252    0.731891210597219
456.899999999729    -0.000120384554484608    0.731728261676281    0.731904460449463
456.999999999729    -0.000119993479275209    0.731745525545671    0.731921156003289
457.099999999729    -0.000119986571150182    0.731765362820712    0.731940987926909
457.199999999729    -0.000119962861587206    0.731786812873568    0.7319624084188
457.299999999729    -0.000119868769487979    0.73180841026493    0.73198387324474
457.399999999729    -0.000119582948888678    0.731828581708565    0.732003631081249
457.499999999729    -0.000118962871319747    0.731846268010929    0.732020413794625
457.599999999729    -0.0001199037073289    0.731861772944599    0.732037299870585
457.699999999729    -0.000123065275675675    0.731875891754023    0.732056050942121
457.799999999729    -0.000122626935430252    0.731886066901137    0.732065586806049
457.899999999729    -0.000118502063769256    0.73188763372824    0.732061114676179
457.999999999728    -0.000119206479371709    0.731881993260144    0.732056504214444
458.099999999728    -0.000123596662345568    0.73187527013921    0.73205620718371
458.199999999728    -0.000124207597622467    0.73186887746922    0.732050707403969
458.299999999728    -0.000121648196669676    0.731859841408322    0.732037921931341
458.399999999728    -0.000121691888395056    0.73184816664917    0.7320263082984
458.499999999728    -0.000124573046044035    0.731837162950866    0.732019520036837
458.599999999728    -0.000125549058075572    0.731827561069185    0.732011344664974
458.699999999728    -0.000124496006792989    0.73181656818948    0.731998807358418
458.799999999728    -0.000123911220720053    0.731801966442754    0.731983345867675
458.899999999728    -0.00012321798162531    0.731783608791363    0.731963968813485
458.999999999728    -0.000122063925078693    0.73176285425763    0.731941519758677
459.099999999727    -0.000123181126146399    0.731742953448734    0.731923249499916
459.199999999727    -0.000125634210954421    0.731727042316516    0.731910925317703
459.299999999727    -0.00012519600015244    0.731714150867857    0.731897389178448
459.399999999727    -0.000122113674443345    0.731700749378716    0.731879472537457
459.499999999727    -0.000120618864718192    0.731686425403952    0.731862957068925
459.599999999727    -0.000122295316458872    0.731674843197337    0.73185382589907
459.699999999727    -0.000123539423108225    0.73166860392976    0.731849406100427
459.799999999727    -0.000121933161600077    0.731666238464543    0.731844688978963
459.899999999727    -0.000119779085700968    0.731665524088767    0.731840821540764
459.999999999727    -0.000118944566127926    0.73166701080169    0.731841087137424
460.099999999727    -0.000119517997551536    0.731673120945016    0.731848038063315
460.199999999726    -0.000120949402207473    0.731685212914155    0.731862228102248
460.299999999726    -0.000120287298123061    0.731701139102633    0.731877188985311
460.399999999726    -0.000117513240645446    0.731716714948544    0.731888707964817
460.499999999726    -0.000117107479483071    0.73173073568044    0.73190213803717
460.599999999726    -0.000119021255219299    0.731744933351845    0.731919140487133
460.699999999726    -0.000118933708100008    0.73175888483301    0.73193296713248
460.799999999726    -0.000117109872574478    0.731769734810855    0.731941149806039
460.899999999726    -0.000116749106467942    0.73177664623347    0.731947534723713
460.999999999726    -0.000116489574642018    0.731781062061215    0.731951571653106
461.099999999726    -0.000116440348364467    0.73178466599073    0.731955104359505
461.199999999726    -0.000118243230872001    0.731789309722633    0.731962388452619
461.299999999725    -0.000118585876928203    0.731794974610785    0.731968556292713
461.399999999725    -0.00011700923889323    0.731799337325883    0.731970611933561
461.499999999725    -0.000116192124204668    0.731801370616023    0.731971449489344
461.599999999725    -0.000116072819249849    0.731802435436893    0.731972339901813
461.699999999725    -0.000116675534739369    0.731804926256756    0.731975713645657
461.799999999725    -0.000119031758111565    0.731810964618728    0.731985202850059
461.899999999725    -0.000120582516736152    0.731819815445669    0.731996326080053
461.999999999725    -0.000118175574417767    0.731826727546442    0.731999716077265
462.099999999725    -0.000115616352597911    0.731827910700342    0.731997152815027
462.199999999725    -0.00011744567603049    0.73182510984116    0.731997029421894
462.299999999725    -0.000119376308556257    0.731821308893611    0.731996054006795
462.399999999724    -0.000118195563137414    0.731815978997453    0.73198899425059
462.499999999724    -0.00011757411517736    0.731808285419895    0.731980389078106
462.599999999724    -0.000118954774251778    0.731799660827824    0.731973783667469
462.699999999724    -0.00011931762363376    0.731790983189865    0.731965635151143
462.799999999724    -0.00011856286789585    0.731781524930256    0.731955069738764
462.899999999724    -0.000118221925381159    0.731771168551964    0.73194421180244
462.999999999724    -0.000118648219186878    0.731760760243615    0.731934425070785
463.099999999724    -0.000119315202628745    0.731750874278625    0.731925513123371
463.199999999724    -0.000117762098253421    0.731740715687503    0.731913078629439
463.299999999724    -0.000115839662034496    0.731729922170762    0.731899468504721
463.399999999724    -0.000117546779813859    0.731721337520874    0.731893380717891
463.499999999723    -0.000119935318417252    0.731717581389607    0.731893120005117
463.599999999723    -0.000118543062728802    0.731716441652501    0.731889942035853
463.699999999723    -0.000115453091498171    0.73171393741408    0.731882914195305
463.799999999723    -0.00011507115653422    0.7317099724266    0.731878389232066
463.899999999723    -0.000115852985189197    0.731707321877512    0.731876882476663
463.999999999723    -0.000115826157921155    0.731707417053178    0.731876938405864
464.099999999723    -0.000115491011605297    0.731709913303394    0.731878944661175
464.199999999723    -0.000114565831369412    0.731713758904042    0.731881436904438
464.299999999723    -0.000114355906086866    0.731718424356566    0.731885796143354
464.399999999723    -0.000114743307552601    0.731723875191506    0.731891815296819
464.499999999723    -0.000114058221379704    0.731729064910654    0.73189600338271
464.599999999722    -0.000112549282860823    0.731732704285762    0.731897434808291
464.699999999722    -0.000111868871834097    0.731735180817329    0.731898915912508
464.799999999722    -0.000112755171299898    0.731738412243062    0.731903445431446
464.899999999722    -0.000112875410874518    0.731743474173947    0.731908684512736
464.999999999722    -0.000112233090029086    0.731749844561411    0.731914116090479
465.099999999722    -0.000112596871759501    0.73175721970387    0.731922025408129
465.199999999722    -0.000112119750015227    0.731765037607326    0.731929146633362
465.299999999722    -0.000110799760540314    0.731772160692533    0.731934339022203
465.399999999722    -0.000111681003176826    0.731779080182282    0.731942550082322
465.499999999722    -0.000113155570815745    0.731786929267647    0.731952559545029
465.599999999722    -0.000111461297626705    0.731794563903294    0.731957715631775
465.699999999721    -0.000109312405261033    0.731800971255571    0.731960978595039
465.799999999721    -0.000111329883521562    0.731808967409941    0.731971929966747
465.899999999721    -0.000114824921301911    0.731821434707318    0.731989516684612
465.999999999721    -0.000114362430020663    0.731835753481235    0.732003161656729
466.099999999721    -0.000111129797128259    0.731846377905031    0.732009055862411
466.199999999721    -0.000110806409004955    0.731851891923202    0.732014097656771
466.299999999721    -0.000112472272464292    0.731855005077244    0.732019650386347
466.399999999721    -0.000113419147256571    0.731857500273573    0.732023532411986
466.499999999721    -0.000114890013962327    0.731859135577997    0.732027321513492
466.599999999721    -0.000114977201339458    0.731857891118517    0.732026204414907
466.699999999721    -0.000111873662634464    0.731850730037344    0.732014498002008
466.79999999972    -0.000110423641418643    0.731838354003196    0.731999996364292
466.89999999972    -0.000114154254462481    0.731826612663035    0.73199371398109
466.99999999972    -0.000117812247999993    0.731819238527651    0.731991693384186
467.09999999972    -0.000115806121273022    0.731812516666708    0.73198203303585
467.19999999972    -0.00011229547259053    0.731801239523142    0.731965613913711
467.29999999972    -0.000112848977608242    0.731785992608857    0.731951173851579
467.39999999972    -0.000114621221230951    0.73177028377565    0.731938055813059
467.49999999972    -0.000113474555849082    0.731754974466715    0.731921064455139
467.59999999972    -0.000112731475928558    0.731740016842564    0.731905015707319
467.69999999972    -0.000114509017514    0.731727072710787    0.731894670598625
467.79999999972    -0.000114370949922544    0.731716257181022    0.73188365049277
467.899999999719    -0.000111444153794604    0.731705307467283    0.731868414202211
467.999999999719    -0.000110653456435949    0.731694332612655    0.73185627954656
468.099999999719    -0.000112576111878756    0.731686272507405    0.731851031846719
468.199999999719    -0.000113229740961761    0.731681749297133    0.731847464330882
468.299999999719    -0.000110499063941989    0.73167783788521    0.731839555187207
468.399999999719    -0.000107503076805804    0.731672764959242    0.731830096019712
468.499999999719    -0.000109069301550129    0.731669673179404    0.731829295989791
468.599999999719    -0.000111707673171707    0.731672079157106    0.731835564190613
468.699999999719    -0.000109395410548101    0.731677893468733    0.731837995390238
468.799999999719    -0.000104809006219121    0.731683440187693    0.731836830292824
468.899999999719    -0.000106112874497656    0.7316910649165    0.731846365080132
468.999999999718    -0.000110521467799682    0.731705537844979    0.731867294062593
469.099999999718    -0.000108640292484655    0.731724484066671    0.731883490865151
469.199999999718    -0.000103437087559272    0.731741899202239    0.731893293363807
469.299999999718    -0.000103831531307245    0.731758451778191    0.731910426759176
469.399999999718    -0.000108796807488461    0.731779169048346    0.731938416848756
469.499999999718    -0.000109173223991581    0.73180291967827    0.731962723692725
469.599999999718    -0.000104389531168016    0.73182257100498    0.731975376186412
469.699999999718    -0.000103277879559326    0.731835744310343    0.73198692481166
469.799999999718    -0.000106246528781963    0.731846479076747    0.732002007897151
469.899999999718    -0.000107395825238915    0.731856890920594    0.732014104554196
469.999999999718    -0.000106063938467827    0.731865278919265    0.732020544415155
470.099999999717    -0.000105676528782023    0.731870907109494    0.73202560661156
470.199999999717    -0.000107452249355025    0.731875371503543    0.732032671715636
470.299999999717    -0.000108492379899268    0.731879157502407    0.732037981356778
470.399999999717    -0.000107979902147374    0.731880423446825    0.732038497268635
470.499999999717    -0.000107500038941306    0.731877827646451    0.732035198353753
470.599999999717    -0.000107346515904349    0.731871839339484    0.732028983992498
470.699999999717    -0.000108166815313386    0.731864176189469    0.732022520151392
470.799999999717    -0.000109856518159146    0.731856486939203    0.732017303016792
470.899999999717    -0.00011076163779215    0.731848432204833    0.732010571625594
470.999999999717    -0.000109016431664043    0.731837431905413    0.731997013913243
471.099999999717    -0.000107484440630375    0.731822089541667    0.731979425428698
471.199999999716    -0.000108439008836559    0.731804841704897    0.73196357130077
471.299999999716    -0.000109170619565951    0.731788883377315    0.731948680514047
471.399999999716    -0.000109810863065976    0.731775628168555    0.731936359645217
471.499999999716    -0.000111108633207938    0.731765117573091    0.731927746486653
471.599999999716    -0.000109977492996602    0.731755233496895    0.731916204412207
471.699999999716    -0.000107036374146323    0.73174329657601    0.731899959643199
471.799999999716    -0.00010673471272135    0.731730385603096    0.731886604342052
471.899999999716    -0.000109311433574053    0.731720380084328    0.731880368380323
471.999999999716    -0.000110075411298216    0.731714282909606    0.731875388144619
472.099999999716    -0.00010703278750102    0.731709034984157    0.731865685466203
472.199999999716    -0.000104745004585657    0.731703139925956    0.731856440480917
472.299999999715    -0.000105871496795545    0.731699518867109    0.731854467518289
472.399999999715    -0.000108274071506349    0.73170115266333    0.731859618346904
472.499999999715    -0.000107303996614688    0.731706536339784    0.731863583262943
472.599999999715    -0.000103340338767103    0.731711787412071    0.731863033729899
472.699999999715    -0.000102456423691478    0.731717134416611    0.731867088021814
472.799999999715    -0.000105322191853083    0.73172667048941    0.731880820838409
472.899999999715    -0.00010625757858469    0.731741455568592    0.731896978244493
472.999999999715    -0.000104418402250047    0.731757859597572    0.731910693529313
473.099999999715    -0.000103946890351141    0.731772693361748    0.731924840168773
473.199999999715    -0.000103296838658284    0.731784635179138    0.731935832876168
473.299999999715    -0.000100944749268816    0.731792940561874    0.731940696786892
473.399999999714    -0.000101590082978579    0.731799740165003    0.731948442464336
473.499999999714    -0.000105462784350341    0.731808915598313    0.731963289090674
473.599999999714    -0.000105744625274262    0.731819531281541    0.731974319613783
473.699999999714    -0.000102210813430038    0.731826394300887    0.731976010735407
473.799999999714    -0.000101375510138826    0.731827928968041    0.731976322870814
473.899999999714    -0.000103694584892791    0.731827197495096    0.731978986269685
473.999999999714    -0.000104023896396045    0.731825748607005    0.731978019178489
474.099999999714    -0.000101959493409312    0.731822469087282    0.731971716800931
474.199999999714    -0.000101907050090936    0.731818266005849    0.731967436088714
474.299999999714    -0.000103998205439495    0.731816429106431    0.731968660128861
474.399999999714    -0.000105048824332133    0.731818120253834    0.731971889673446
474.499999999713    -0.000104589152688658    0.731821294320677    0.731974391471163
474.599999999713    -0.000103774337884868    0.731823530607416    0.731975435375907
474.699999999713    -0.000103283004854896    0.731823738246383    0.731974923770699
474.799999999713    -0.000103564887618062    0.731822111698396    0.731973709548119
474.899999999713    -0.000104057945299743    0.731819304762651    0.73197162383903
474.999999999713    -0.000103694075861009    0.731815401707038    0.731967187289865
475.099999999713    -0.000103398511245475    0.731810351512341    0.731961703363618
475.199999999713    -0.000104137680989329    0.73180497532129    0.731957408141423
475.299999999713    -0.000105248930595883    0.731799861271257    0.73195391979137
475.399999999713    -0.000104978179196098    0.731793821974561    0.731947482871557
475.499999999713    -0.000102495193986772    0.731784745257886    0.731934769473491
475.599999999712    -0.000101517900770199    0.731773192606078    0.731921783847456
475.699999999712    -0.000103461818225508    0.731763033730452    0.731914468466125
475.799999999712    -0.000104264359832193    0.731756678589787    0.731909286784675
475.899999999712    -0.000103695793427607    0.731753353849652    0.731905129077346
475.999999999712    -0.000103693299708669    0.731751706318018    0.73190347755367
476.099999999712    -0.000102837200474525    0.7317503205667    0.731900838354354
476.199999999712    -0.000100710174249421    0.731748024963733    0.731895428750996
476.299999999712    -0.000100186680931474    0.731746156017926    0.731892793146325
476.399999999712    -0.000102266205435732    0.731748023746876    0.731897705241682
476.499999999712    -0.000103599566409606    0.731754498828735    0.731906133435608
476.599999999712    -0.000102475374845392    0.731762281144342    0.731912271742801
476.699999999711    -0.000100829317048533    0.731767463579813    0.731915045687598
476.799999999711    -9.99884215894195e-05    0.731768497435351    0.73191484882285
476.899999999711    -9.92685301428598e-05    0.731765879253529    0.73191117632344
476.999999999711    -9.8226745610607e-05    0.731761233701022    0.731905004872297
477.099999999711    -9.93447471664953e-05    0.731757493218636    0.731902900190357
477.199999999711    -0.000101392814243067    0.73175716713806    0.731905572022287
477.299999999711    -9.98127058689465e-05    0.731759084289285    0.731905176579646
477.399999999711    -9.75424642603749e-05    0.731761015790258    0.731903785261804
477.499999999711    -9.85410333584274e-05    0.731764026601815    0.731908258381275
477.599999999711    -9.86143442488885e-05    0.731769749605453    0.731914089827466
477.699999999711    -9.74941846831689e-05    0.731778160899953    0.731920863042914
477.79999999971    -9.97984787928991e-05    0.731790011566819    0.731936089205046
477.89999999971    -0.000102073199610898    0.731804559560777    0.731953970077355
477.99999999971    -9.83858534162916e-05    0.731816221606097    0.731960236502138
478.09999999971    -9.38507751106748e-05    0.731820820920956    0.731958197716446
478.19999999971    -9.48861519267224e-05    0.731822567324761    0.73196146015838
478.29999999971    -9.96885688534963e-05    0.731829139369827    0.731975063915935
478.39999999971    -0.000102929325336265    0.731842487563592    0.731993159179114
478.49999999971    -0.000100481170593388    0.731856521524868    0.73200361190466
478.59999999971    -9.65330102939949e-05    0.73186441908399    0.732005730876245
478.69999999971    -9.75136643006559e-05    0.731866339398962    0.732009087255895
478.79999999971    -0.000100668652262754    0.731866119095035    0.732013485881943
478.899999999709    -0.000100232146914254    0.731863898995135    0.732010626281617
478.999999999709    -9.84963695168017e-05    0.731857574573981    0.732001759403861
479.099999999709    -9.86219521991027e-05    0.731847785361103    0.731992152113444
479.199999999709    -0.000100023937532767    0.731837060723578    0.731983477817684
479.299999999709    -0.000101318986427494    0.731826686437929    0.73197499734086
479.399999999709    -0.000100346436561311    0.731815478616064    0.731962363506439
479.499999999709    -9.84432630695535e-05    0.731801955335902    0.731946051466003
479.599999999709    -9.8567618896269e-05    0.731787522734829    0.731931798063013
479.699999999709    -0.000100186519704238    0.731775178813705    0.73192182152207
479.799999999709    -0.00010132954191411    0.731765924507869    0.731914238548301
479.899999999709    -0.000100155799650756    0.731757660771249    0.731904255000841
479.999999999708    -9.7452673750256e-05    0.731747833565477    0.731890469031468
480.099999999708    -9.72973411435924e-05    0.731737190344846    0.731879596366646
480.199999999708    -9.97449591242273e-05    0.731728771154068    0.73187475822828
480.299999999708    -9.91648890482432e-05    0.731722541415442    0.73186767817718
480.399999999708    -9.65459717484367e-05    0.731715722333541    0.731857024386598
480.499999999708    -9.59443703634736e-05    0.73170796767328    0.731848387666284
480.599999999708    -9.5090044213161e-05    0.731701151527202    0.731840319750414
480.699999999708    -9.46685136977132e-05    0.731697503357662    0.731836053904275
480.799999999708    -9.75097947807835e-05    0.73169961170824    0.731842321381789
480.899999999708    -9.74687485759697e-05    0.73170647638241    0.731849127315574
480.999999999708    -9.24810687856327e-05    0.731712893957082    0.731848245655506
481.099999999707    -9.05188668050566e-05    0.731717695265898    0.731850175771076
481.199999999707    -9.36256518079204e-05    0.73172572312062    0.731862752545632
481.299999999707    -9.5321320352345e-05    0.731739517675033    0.731879031727654
481.399999999707    -9.25634202020481e-05    0.73175565139098    0.731891131543176
481.499999999707    -9.02311993107357e-05    0.731770947083529    0.731903016140631
481.599999999707    -9.22661040046488e-05    0.73178703121323    0.731922081950498
481.699999999707    -9.38145921818335e-05    0.731805555291645    0.731942876253807
481.799999999707    -9.19371850286833e-05    0.731824012462434    0.731958588514262
481.899999999707    -9.09225383330706e-05    0.731839960062344    0.731973053657197
481.999999999707    -9.22747988720116e-05    0.731853899717666    0.731988975524559
482.099999999707    -9.29322714601799e-05    0.731866228661897    0.73200226928653
482.199999999706    -9.15354762389091e-05    0.731875807443466    0.732009804910152
482.299999999706    -9.1525550649104e-05    0.731882728623448    0.732016712825922
482.399999999706    -9.4692949050202e-05    0.731889042677049    0.732027665267288
482.499999999706    -9.56806616942503e-05    0.731894249548152    0.732034319202284
482.599999999706    -9.16323181147561e-05    0.731894290165943    0.732028432798589
482.699999999706    -9.00264471598774e-05    0.731888780796835    0.732020571354773
482.799999999706    -9.48977489165995e-05    0.731883759694907    0.732022681120765
482.899999999706    -9.87817419695101e-05    0.731882545167205    0.732027152717248
482.999999999706    -9.66934014708796e-05    0.731880292233989    0.73202184191076
483.099999999706    -9.20010607848064e-05    0.731871040490632    0.732005718705336
483.199999999706    -9.098994343061e-05    0.731856014657853    0.731989209852022
483.299999999705    -9.60980565455504e-05    0.731842460754724    0.731983131549266
483.399999999705    -0.000100530582234812    0.731834082585933    0.731981240792676
483.499999999705    -9.67265432527068e-05    0.73182540331044    0.731966990888771
483.599999999705    -9.07472620446251e-05    0.731810350024137    0.731943181649444
483.699999999705    -9.2369036043857e-05    0.731792523818815    0.731927726247351
483.799999999705    -9.82185953495e-05    0.731779718300954    0.731923481173215
483.899999999705    -9.87498508560831e-05    0.731772126115983    0.731916665165822
483.999999999705    -9.396946555282e-05    0.731763429104116    0.731900968865342
484.099999999705    -9.17677780088209e-05    0.731751140595053    0.731885455273268
484.199999999705    -9.37992704775019e-05    0.731739099689698    0.731876385754492
484.299999999705    -9.48680936181541e-05    0.731730601220489    0.731869450167183
484.399999999704    -9.36452160663518e-05    0.731725106432665    0.731862164378873
484.499999999704    -9.33045457841061e-05    0.731721472331855    0.731858030952628
484.599999999704    -9.26088307769895e-05    0.731719295352963    0.731854835241953
484.699999999704    -9.07687937784474e-05    0.731718153280093    0.731850999686719
484.799999999704    -9.12243079268176e-05    0.731719269828273    0.731852783175909
484.899999999704    -9.2850127464308e-05    0.731724384154532    0.731860278176985
484.999999999704    -9.12081372884151e-05    0.73173197954696    0.731865471544214
485.099999999704    -8.79446401139351e-05    0.73173938731221    0.731868103746279
485.199999999704    -8.83388173126263e-05    0.731748059012598    0.731877353950568
485.299999999704    -9.21378757065879e-05    0.731761683918055    0.731896542277777
485.399999999704    -9.28451714645042e-05    0.731778937147509    0.731914834046667
485.499999999703    -8.87175886994877e-05    0.731792973776753    0.731922831113504
485.599999999703    -8.58461742627635e-05    0.731799918365466    0.731925573599122
485.699999999703    -8.6644583452152e-05    0.731802779239569    0.731929603722177
485.799999999703    -8.90787507577532e-05    0.731806383313196    0.731936771724877
485.899999999703    -8.96690627063821e-05    0.731812330307915    0.731943583928776
485.999999999703    -8.79564001022266e-05    0.731819104264003    0.731947851936059
486.099999999703    -8.81831979703331e-05    0.731825933352011    0.731955014237098
486.199999999703    -8.91918056783775e-05    0.731833159433927    0.731963718120582
486.299999999703    -8.78735673531453e-05    0.731839760599831    0.731968390644001
486.399999999703    -8.74364996409034e-05    0.731845090852862    0.731973081990006
486.499999999703    -8.98053218601987e-05    0.731850461696886    0.731981921635221
486.599999999702    -8.96676463620846e-05    0.731855560135349    0.73198681943617
486.699999999702    -8.67592972267598e-05    0.731858039853367    0.731985041850386
486.799999999702    -8.75975840533018e-05    0.731858913428895    0.731987142806847
486.899999999702    -9.0711629804461e-05    0.7318615021839    0.731994290928692
486.999999999702    -9.06485292304512e-05    0.731865221731382    0.731997918772063
487.099999999702    -8.83797736577169e-05    0.731866710137849    0.731996086000437
487.199999999702    -8.82119294473655e-05    0.731865367019737    0.731994496922776
487.299999999702    -8.97267980538479e-05    0.731863415262066    0.731994762569168
487.399999999702    -9.06600228113483e-05    0.731861980453464    0.731994693732938
487.499999999702    -9.13321479824117e-05    0.731860210001171    0.731993906942004
487.599999999702    -9.03211743080406e-05    0.731856100307595    0.731988316454321
487.699999999701    -8.83079071194082e-05    0.731848115655092    0.731977383021268
487.799999999701    -8.92008461506221e-05    0.73183797871309    0.731968551494185
487.899999999701    -9.18069390275624e-05    0.731828800326493    0.731963186588184
487.999999999701    -9.14947952311969e-05    0.731820334816264    0.731954262573317
488.099999999701    -8.94129013877576e-05    0.731810097732048    0.731940975962457
488.199999999701    -8.94795669445909e-05    0.731797965470729    0.731928939120276
488.299999999701    -9.00794760273215e-05    0.731785604992302    0.73191745459697
488.399999999701    -8.93969477753395e-05    0.731773611292991    0.731904459645059
488.499999999701    -8.98404641664775e-05    0.731762396286703    0.731893891847009
488.599999999701    -8.92180630090471e-05    0.731752246897697    0.731882829584172
488.699999999701    -8.69440118882425e-05    0.731742781907948    0.731870034278038
488.7999999997    -8.84132016357848e-05    0.731735787841302    0.731865189489625
488.8999999997    -9.13947404204803e-05    0.731733216189589    0.731866981549741
488.9999999997    -8.88215010830698e-05    0.731731771068996    0.731861769644257
489.0999999997    -8.38738934612168e-05    0.731726862469717    0.73184961832754
489.1999999997    -8.43871581661222e-05    0.731720478117673    0.731843984163438
489.2999999997    -8.79392523314715e-05    0.731718009786376    0.731846714573975
489.3999999997    -8.730594069187e-05    0.731719821765437    0.731847599895951
489.4999999997    -8.3565677196192e-05    0.731722308245921    0.731844612206751
489.5999999997    -8.25484203833699e-05    0.73172495331943    0.731845768770657
489.6999999997    -8.4215878636062e-05    0.731730711414144    0.73185396848392
489.7999999997    -8.44637972875614e-05    0.73174089213565    0.731864513805966
489.899999999699    -8.36172211344448e-05    0.731753899986252    0.731876284675062
489.999999999699    -8.32394713722144e-05    0.731767773849183    0.731889607915912
490.099999999699    -8.16513999926011e-05    0.731780972512724    0.731900484152804
490.199999999699    -8.03502343781946e-05    0.731793422322858    0.731911031318769
490.299999999699    -8.25399673949518e-05    0.731807422767735    0.73192823946157
490.399999999699    -8.43419366452207e-05    0.73182390576505    0.731947363068669
490.499999999699    -8.0942320681219e-05    0.731839410174222    0.731957893324974
490.599999999699    -7.9274167986903e-05    0.731851919957979    0.731967963061288
490.699999999699    -8.29799853970728e-05    0.731864625054446    0.73198609536585
490.799999999699    -8.47439360375734e-05    0.731878739417218    0.732002794500295
490.899999999699    -8.28453453645813e-05    0.731890458703855    0.732011736186771
490.999999999698    -8.12168390055666e-05    0.731896661871133    0.732015556194066
491.099999999698    -8.12059441084059e-05    0.73189808568905    0.732016964292778
491.199999999698    -8.17604842034573e-05    0.73189760409152    0.73201729448246
491.299999999698    -8.37814886516822e-05    0.731898180399078    0.732020829713011
491.399999999698    -8.65441171903829e-05    0.731900867802497    0.732027562196101
491.499999999698    -8.55977175543806e-05    0.731902435351373    0.732027744433422
491.599999999698    -8.23632243260508e-05    0.731898436631662    0.73201900959268
491.699999999698    -8.26872237700052e-05    0.731889460821891    0.732010506646078
491.799999999698    -8.54551752105663e-05    0.73187969021694    0.732004786721405
491.899999999698    -8.59664317178844e-05    0.7318706785917    0.731996522031446
491.999999999698    -8.48650563394809e-05    0.731861188909266    0.731985418334062
492.099999999697    -8.46378635389294e-05    0.731850922243715    0.731974817326906
492.199999999697    -8.59045563023711e-05    0.73184107457051    0.731966822338406
492.299999999697    -8.71023520746824e-05    0.731832020668873    0.731959520355044
492.399999999697    -8.53864046857853e-05    0.731821866410489    0.731946852358676
492.499999999697    -8.3125230501405e-05    0.731809239039611    0.731930912777125
492.599999999697    -8.45755008997763e-05    0.731796625099809    0.731920419702049
492.699999999697    -8.67839975054134e-05    0.731786953163307    0.731913978981351
492.799999999697    -8.60556891492501e-05    0.731779230096389    0.731905188467725
492.899999999697    -8.40216214473323e-05    0.731770813610758    0.731893793084267
492.999999999697    -8.28826052378747e-05    0.731761256775904    0.731882567389191
493.099999999697    -8.27133057872665e-05    0.731752390518945    0.731873451850803
493.199999999696    -8.40470294123124e-05    0.7317466009771    0.731869613572133
493.299999999696    -8.55062446907686e-05    0.731744543465566    0.731869691622485
493.399999999696    -8.28618889828657e-05    0.73174331349628    0.731864590811961
493.499999999696    -7.86954073984502e-05    0.731740221059031    0.731855399312643
493.599999999696    -7.99403351466128e-05    0.731738419453005    0.73185541963502
493.699999999696    -8.38017135526282e-05    0.731742934806265    0.731865587708422
493.799999999696    -8.30406140989641e-05    0.731752629461839    0.731874169930072
493.899999999696    -7.9770092737784e-05    0.731762349114023    0.731879103928467
493.999999999696    -7.87577696776429e-05    0.731770069218008    0.731885343453887
494.099999999696    -7.93972813556979e-05    0.731777172593174    0.731893384056172
494.199999999696    -7.93614232842935e-05    0.731784877746499    0.73190103794401
494.299999999695    -7.90970443972095e-05    0.731793269916485    0.731909044443428
494.399999999695    -8.01202515639851e-05    0.731802152807595    0.731919426548752
494.499999999695    -7.96038688877238e-05    0.731810144936626    0.731926664049654
494.599999999695    -7.64256279671056e-05    0.731814996690268    0.731926864081159
494.699999999695    -7.6979729402375e-05    0.731817930890363    0.731930609856943
494.799999999695    -8.05785216363293e-05    0.731822773756009    0.731940721654495
494.899999999695    -7.85054025311337e-05    0.731828996541184    0.731943910622475
494.999999999695    -7.51370240344804e-05    0.731834308759107    0.731944292727068
495.099999999695    -7.84408874391868e-05    0.731841708522405    0.731956530155279
495.199999999695    -8.21388223512127e-05    0.731854147470765    0.731974384622516
495.299999999695    -7.98436357455999e-05    0.731867634292352    0.731984513570031
495.399999999694    -7.72342981069278e-05    0.731876994176842    0.731990054920901
495.499999999694    -7.73501673637015e-05    0.731882160451067    0.73199539162472
495.599999999694    -7.80730164703742e-05    0.73188561478654    0.731999904744817
495.699999999694    -7.99919115839551e-05    0.731889340657933    0.732006440479826
495.799999999694    -8.15316330485234e-05    0.731893240311745    0.732012594945123
495.899999999694    -7.97605858178923e-05    0.731894260849155    0.732011022792161
495.999999999694    -7.71851654502009e-05    0.731890078441277    0.732003069276085
496.099999999694    -7.9037313910153e-05    0.731883233059941    0.731998934374336
496.199999999694    -8.23786993400224e-05    0.73187756278035    0.731998154957973
496.299999999694    -8.0517437354464e-05    0.731872190278034    0.731990056714802
496.399999999694    -7.87819649030323e-05    0.731865121677054    0.731980446307214
496.499999999693    -8.25263680742569e-05    0.731858275286048    0.731979080466469
496.599999999693    -8.37136450387206e-05    0.731851753721885    0.731974295936204
496.699999999693    -7.90671571503389e-05    0.731840983962006    0.731956722285283
496.799999999693    -7.69849548839277e-05    0.731824915310208    0.731937603001641
496.899999999693    -8.01027025951297e-05    0.731808916334728    0.731926165470664
496.999999999693    -8.26812703349504e-05    0.73179704880267    0.731918070628154
497.099999999693    -8.15120732083808e-05    0.73178767176215    0.731906980547803
497.199999999693    -7.85175020983311e-05    0.731777427687349    0.731892351382298
497.299999999693    -7.79653103705442e-05    0.731766412399257    0.731880526087089
497.399999999693    -7.99471437622042e-05    0.731757558032368    0.731874571240622
497.499999999693    -8.05192676838679e-05    0.731751732305659    0.731869582022055
497.599999999692    -7.85000097587803e-05    0.73174657674582    0.731861469991772
497.699999999692    -7.66610641048146e-05    0.731740369808484    0.731852570400696
497.799999999692    -7.65057400933784e-05    0.731734268459315    0.73184624076936
497.899999999692    -7.69248428214006e-05    0.731730261483445    0.731842846614743
497.999999999692    -7.61878834702832e-05    0.731728940102052    0.731840446355918
498.099999999692    -7.54515931818249e-05    0.731730116325165    0.731840545063301
498.199999999692    -7.59400335033446e-05    0.731734149930716    0.731845294202738
498.299999999692    -7.49048758046516e-05    0.73174063479922    0.73185026489379
498.399999999692    -7.30995467644507e-05    0.731748497713337    0.731855486501225
498.499999999692    -7.38567116383573e-05    0.731758341210455    0.731866439723847
498.599999999692    -7.51002380184531e-05    0.731770921633646    0.731880842229488
498.699999999691    -7.32633206667488e-05    0.731784242800397    0.731891476543975
498.799999999691    -7.09860435308646e-05    0.731796155927605    0.731900057930758
498.899999999691    -7.15607709073287e-05    0.731808062771699    0.731912807765588
498.999999999691    -7.36093350759241e-05    0.73182261994862    0.731930365832619
499.099999999691    -7.41162994038433e-05    0.73183949914799    0.731947989659774
499.199999999691    -7.15264499120596e-05    0.731855475277009    0.731960176813928
499.299999999691    -7.01698613946575e-05    0.731869072701201    0.731971790211655
499.399999999691    -7.31379944589158e-05    0.731882756888822    0.731989821593355
499.499999999691    -7.52841084952752e-05    0.731897582931883    0.732007791742937
499.599999999691    -7.34667169169188e-05    0.731910000142801    0.732017550093721
499.699999999691    -7.16422141700715e-05    0.731916802257812    0.732021682052236
499.79999999969    -7.27744700412627e-05    0.731919148680412    0.732025686489962
499.89999999969    -7.4657815640532e-05    0.731919539377715    0.732028834565524
499.99999999969    -7.52509266118689e-05    0.731918232014464    0.732028395354684
500.09999999969    -7.37317057449002e-05    0.731913815983059    0.732021754449768
500.19999999969    -7.298875716597e-05    0.731906327500099    0.732013177165336
500.29999999969    -7.59272861572192e-05    0.731898600959962    0.73200975154835
500.39999999969    -7.76070982885104e-05    0.731891894303911    0.732005503133118
500.49999999969    -7.46484195687157e-05    0.73188345851422    0.731992734558477
500.59999999969    -7.34067760333262e-05    0.731872246260665    0.731979702912844
500.69999999969    -7.66284559474436e-05    0.731861654617593    0.731973826070239
500.79999999969    -7.75467450897761e-05    0.731853284577126    0.731966799060009
500.899999999689    -7.53026222331644e-05    0.731844847987684    0.731955075960382
500.999999999689    -7.52807801493844e-05    0.73183549892097    0.731945693511104
501.099999999689    -7.67988684946115e-05    0.731826494267787    0.731938909794561
501.199999999689    -7.62651051215253e-05    0.731817519349551    0.731929152143324
501.299999999689    -7.45822736293854e-05    0.731807252943052    0.731916420782603
501.399999999689    -7.4573965065311e-05    0.731796288230329    0.731905442272045
501.499999999689    -7.6117704969422e-05    0.731786497437191    0.731897909735064
501.599999999689    -7.54357419240066e-05    0.731777881240412    0.731888293984269
501.699999999689    -7.26119916898363e-05    0.731769013503599    0.73187529163172
501.799999999689    -7.27968110797318e-05    0.731761252221416    0.731867799749003
501.899999999689    -7.55638432697944e-05    0.731757823784938    0.731868421009106
501.999999999688    -7.54350077273905e-05    0.731758262785249    0.731868671494347
502.099999999688    -7.20426176225604e-05    0.731758667921396    0.731864111137612
502.199999999688    -7.06512564233943e-05    0.731757652530054    0.731861059030951
502.299999999688    -7.20218174113434e-05    0.731757616694605    0.731863029313532
502.399999999688    -7.16328764982544e-05    0.731760044097824    0.731864887761808
502.499999999688    -6.99425587493158e-05    0.73176440421768    0.731866774327373
502.599999999688    -7.08661623820611e-05    0.731771268069746    0.731874991063215
502.699999999688    -7.24451923344725e-05    0.731781174784401    0.731887210522089
502.799999999688    -7.08253494174676e-05    0.731791382787496    0.731895048890457
502.899999999688    -6.84377075127854e-05    0.731798457510336    0.73189862958347
502.999999999688    -6.7474417092476e-05    0.73180230375648    0.73190106628817
503.099999999687    -6.78349557462051e-05    0.731805521826693    0.731904812552451
503.199999999687    -6.94408997629719e-05    0.731811079614761    0.731912721912543
503.299999999687    -7.0048517631712e-05    0.731819637909426    0.731922170853325
503.399999999687    -6.86134393450402e-05    0.731828992903109    0.731929426402628
503.499999999687    -6.70336045222908e-05    0.731837210894896    0.731935332844704
503.599999999687    -6.80112259633697e-05    0.7318450557229    0.731944609852609
503.699999999687    -6.94909599357481e-05    0.731853863870271    0.731955585394064
503.799999999687    -6.78680589730027e-05    0.73186245342862    0.731961800339401
503.899999999687    -6.65679275869835e-05    0.731869645326729    0.731967089904519
503.999999999687    -6.93044700211591e-05    0.731877367484639    0.731978819261848
504.099999999687    -7.05445209804745e-05    0.731886518308422    0.731989786761137
504.199999999686    -6.79985587579241e-05    0.731894207860659    0.731993750131986
504.299999999686    -6.75143965280774e-05    0.731899095915987    0.731997930040273
504.399999999686    -6.95441365224898e-05    0.731903290856144    0.732005097100932
504.499999999686    -7.05916039664934e-05    0.731907890665683    0.732011231064563
504.599999999686    -7.07000140132734e-05    0.731911481310916    0.732014980932311
504.699999999686    -7.02220967358305e-05    0.731912073379566    0.732014873399237
504.799999999686    -6.87146142676991e-05    0.731908638340485    0.732009230892189
504.899999999686    -6.90084796929664e-05    0.731902497495656    0.732003519424297
504.999999999686    -7.23210212023434e-05    0.7318965815329    0.732002452205957
505.099999999686    -7.34574722317738e-05    0.731890932814523    0.731998466429419
505.199999999686    -7.05004664510376e-05    0.731881895815681    0.731985099121647
505.299999999685    -6.85662185588284e-05    0.731867942531567    0.731968312248146
505.399999999685    -7.02635334376663e-05    0.731852346294047    0.731955198584423
505.499999999685    -7.23450172014138e-05    0.731838629504226    0.731944526921856
505.599999999685    -7.18036929036122e-05    0.731826737615742    0.731931840887198
505.699999999685    -7.05010688217953e-05    0.731815012729981    0.731918207486476
505.799999999685    -7.11712676659734e-05    0.731803348000511    0.731907522158637
505.899999999685    -7.08157724212975e-05    0.731791846545122    0.731895498695058
505.999999999685    -6.84876425572041e-05    0.731779777891952    0.73188002050105
506.099999999685    -6.78637747161561e-05    0.731768417347422    0.731867745222225
506.199999999685    -7.00187443054103e-05    0.731761191027251    0.731863672202309
506.299999999685    -7.14424619957146e-05    0.731759319469928    0.73186388431504
506.399999999684    -6.97418471237042e-05    0.731759775345939    0.731861851021652
506.499999999684    -6.6383163994721e-05    0.731758909614656    0.731856069007807
506.599999999684    -6.54293213414342e-05    0.731756902102626    0.731852665083316
506.699999999684    -6.76689129478678e-05    0.731757062447975    0.731856103559895
506.799999999684    -6.80680126250679e-05    0.731760535546197    0.731860161298268
506.899999999684    -6.59787123087884e-05    0.731765091709013    0.731861659917386
506.999999999684    -6.53186254453589e-05    0.731769321745668    0.731864924322776
507.099999999684    -6.49492051192957e-05    0.73177359156589    0.731868653966316
507.199999999684    -6.34015018747099e-05    0.731778325981568    0.731871123554886
507.299999999684    -6.42766873071773e-05    0.731784994551711    0.73187907402937
507.399999999684    -6.5486887611544e-05    0.731794944263841    0.731890796487444
507.499999999683    -6.36012513571434e-05    0.731806730239757    0.731899823808215
507.599999999683    -6.31006809030239e-05    0.731819069015947    0.731911431407182
507.699999999683    -6.43867235574579e-05    0.731832488160413    0.731926734820857
507.799999999683    -6.33639028412655e-05    0.731845995719757    0.731938746833965
507.899999999683    -6.20671215080075e-05    0.731858102032394    0.731948956322949
507.999999999683    -6.33248237585953e-05    0.731869623208339    0.731962320108162
508.099999999683    -6.43694785521562e-05    0.731881414360364    0.731975642075762
508.199999999683    -6.31413367871257e-05    0.731892138477076    0.731984569609316
508.299999999683    -6.31519222619115e-05    0.731900966298841    0.731993414042948
508.399999999683    -6.45902522826293e-05    0.731908575356312    0.732003129782667
508.499999999683    -6.4537951253611e-05    0.731914553555184    0.732009032184199
508.599999999682    -6.33312137776878e-05    0.731917735739498    0.732010448088263
508.699999999682    -6.37426026300969e-05    0.731918673292447    0.732011988042871
508.799999999682    -6.61863923117135e-05    0.731919024757848    0.732015917330244
508.899999999682    -6.71220610235276e-05    0.731918155366393    0.732016417672139
508.999999999682    -6.41539899002172e-05    0.731912890612481    0.73200680690197
509.099999999682    -6.20481202778859e-05    0.731902672559771    0.731993504565843
509.199999999682    -6.56528313984774e-05    0.731892377983166    0.731988485906711
509.299999999682    -6.93880186448564e-05    0.731885936391136    0.731987511669244
509.399999999682    -6.70202013962926e-05    0.731880558252347    0.731978666392398
509.499999999682    -6.41093005360288e-05    0.731872356356001    0.731966202022076
509.599999999682    -6.60061032190776e-05    0.731862711369277    0.731959332558203
509.699999999681    -6.7791213032071e-05    0.731854052385756    0.731953285660847
509.799999999681    -6.67555998634e-05    0.731845325763859    0.731943041834411
509.899999999681    -6.5398051213233e-05    0.731834809562831    0.731930536963928
509.999999999681    -6.49903483294099e-05    0.731822839372986    0.731917968397947
510.099999999681    -6.55642012192285e-05    0.731811194883038    0.731907162407944
510.199999999681    -6.6135249334831e-05    0.731801229355348    0.731898031470914
510.299999999681    -6.50958000262298e-05    0.731792866398587    0.731888145885065
510.399999999681    -6.36052097070472e-05    0.731785943701218    0.731879040419473
510.499999999681    -6.46859229651663e-05    0.731782082587463    0.731876760710648
510.599999999681    -6.61010869669276e-05    0.731782515735924    0.731879265370607
510.699999999681    -6.51923006597129e-05    0.731785295549693    0.731880715304338
510.79999999968    -6.25795917722029e-05    0.731787354451088    0.731878950090917
510.89999999968    -6.14646124681311e-05    0.731788151896305    0.731878115576217
510.99999999968    -6.30068820999749e-05    0.731789946048662    0.731882167464951
511.09999999968    -6.37032767289386e-05    0.731793856706437    0.731887097979336
511.19999999968    -6.26357821778871e-05    0.7317981858112    0.731889865057131
511.29999999968    -6.13190865941221e-05    0.731800957925194    0.731890710161336
511.39999999968    -6.05297643680964e-05    0.731801896484283    0.731890493439752
511.49999999968    -6.04036122106382e-05    0.731802308171515    0.731890720517616
511.59999999968    -6.0100308429176e-05    0.731803657874209    0.731891626412241
511.69999999968    -6.00877812280295e-05    0.731806977022563    0.731894927622392
511.79999999968    -6.09140885301409e-05    0.731813175199719    0.731902336095957
511.899999999679    -6.11998775304702e-05    0.731821998705087    0.731911579020781
511.999999999679    -6.00852255735116e-05    0.731831461269249    0.731919411070597
512.099999999679    -5.90789301304004e-05    0.731839683872499    0.731926161592611
512.199999999679    -5.90126207005205e-05    0.731846540735362    0.731932922197597
512.299999999679    -5.9099379553733e-05    0.731852788515382    0.731939297719475
512.399999999679    -5.95662024653497e-05    0.731859123475693    0.731946316806919
512.499999999679    -5.98959825527045e-05    0.731865691865362    0.731953368746277
512.599999999679    -5.92686557484109e-05    0.731871888037175    0.731958647305249
512.699999999679    -5.80819348303766e-05    0.731877339140006    0.731962361782117
512.799999999679    -5.83358743318431e-05    0.73188322653984    0.731968621617295
512.899999999679    -6.13146378389279e-05    0.731891588441219    0.731981345279992
512.999999999678    -6.29277953422437e-05    0.731901669255688    0.731993788969486
513.099999999678    -6.01986988793311e-05    0.731908798764739    0.731996923984531
513.199999999678    -5.70503484112507e-05    0.731909813282902    0.731993329467236
513.299999999678    -5.82771735135603e-05    0.73190733697733    0.731992648930816
513.399999999678    -6.1305998866013e-05    0.731906185537504    0.731995931519032
513.499999999678    -6.22012414121078e-05    0.731907529643676    0.731998586421406
513.599999999678    -6.31234751951616e-05    0.731909341761489    0.732001748916909
513.699999999678    -6.22677074268015e-05    0.731908357205747    0.731999511392609
513.799999999678    -5.85361791368703e-05    0.731901394109166    0.731987084547389
513.899999999678    -5.87724660173076e-05    0.731889987101775    0.731976022117055
513.999999999678    -6.30089680426193e-05    0.731879469355605    0.731971705107475
514.099999999677    -6.4114101953679e-05    0.731871125262589    0.731964977799744
514.199999999677    -6.1293963647253e-05    0.731861358293522    0.731951081159972
514.299999999677    -5.94018821526371e-05    0.731848288608294    0.731935240104963
514.399999999677    -5.99944767283207e-05    0.731834400669455    0.731922217981849
514.499999999677    -6.20219420333974e-05    0.731823057535167    0.731913841340261
514.599999999677    -6.37007526866842e-05    0.73181495397268    0.731908194238946
514.699999999677    -6.08000061637169e-05    0.731807012500953    0.731896005653479
514.799999999677    -5.72463859946193e-05    0.731796705370979    0.731880495600997
514.899999999677    -5.96773099107679e-05    0.731786977554532    0.731874324923684
514.999999999677    -6.25876976545432e-05    0.731781172305926    0.731872779036904
515.099999999677    -5.90021228798697e-05    0.731776856902155    0.731863214773515
515.199999999676    -5.61881316119997e-05    0.731771502586668    0.731853740954483
515.299999999676    -5.92710323773149e-05    0.731767922527556    0.7318546729498
515.399999999676    -5.99029826143882e-05    0.731767688664739    0.73185536405102
515.499999999676    -5.60629516753472e-05    0.731767924690666    0.731849979430496
515.599999999676    -5.58334326389512e-05    0.731768066213277    0.731849785021983
515.699999999676    -5.74918789005627e-05    0.731770465746099    0.731854612301842
515.799999999676    -5.53702890398035e-05    0.731774904916494    0.731855946579789
515.899999999676    -5.41464379669227e-05    0.731780691079191    0.731859942005936
515.999999999676    -5.64080187611479e-05    0.73178948296392    0.731872045210861
516.099999999676    -5.61276661652244e-05    0.731800961856553    0.731883115027791
516.199999999676    -5.27887295740697e-05    0.731812124264453    0.73188939120793
516.299999999675    -5.21160716348355e-05    0.731822957256507    0.73189924070743
516.399999999675    -5.49704132442741e-05    0.73183674453646    0.731917207696102
516.499999999675    -5.63475761977269e-05    0.731854099595507    0.731936580652399
516.599999999675    -5.42453506175805e-05    0.731871070576057    0.731950476089098
516.699999999675    -5.22586563298666e-05    0.731884208315018    0.731960706883361
516.799999999675    -5.22034131189741e-05    0.731893831626341    0.731970250327761
516.899999999675    -5.39725304315196e-05    0.731902297591992    0.731981307094394
516.999999999675    -5.56212710829109e-05    0.731910797297054    0.731992221443698
517.099999999675    -5.42799928738117e-05    0.731917617428658    0.731997078707932
517.199999999675    -5.21296843018895e-05    0.731921002388889    0.73199731598867
517.299999999675    -5.36663269052827e-05    0.731922972115681    0.732001535566875
517.399999999674    -5.65221517125156e-05    0.731926409861876    0.732009154649951
517.499999999674    -5.65307307966462e-05    0.731930283276716    0.732013041062686
517.599999999674    -5.511597637441e-05    0.731931464451191    0.732012151132921
517.699999999674    -5.51594184076611e-05    0.731928878235637    0.732009628232238
517.799999999674    -5.53979998212738e-05    0.731923307376433    0.732004406043639
517.899999999674    -5.48522041207743e-05    0.731915761113585    0.731996059903606
517.999999999674    -5.58441796605517e-05    0.731908008996007    0.731989759165977
518.099999999674    -5.82492100348616e-05    0.731901776986971    0.731987047354568
518.199999999674    -5.80649806190074e-05    0.731895955176434    0.731980955160861
518.299999999674    -5.56410687568848e-05    0.731887650616406    0.731969101170583
518.399999999674    -5.52458944396695e-05    0.731876645351848    0.731957516179414
518.499999999673    -5.64333136303443e-05    0.731865409249812    0.731948017091997
518.599999999673    -5.67413640345552e-05    0.731855645313284    0.731938703001273
518.699999999673    -5.72579958404149e-05    0.731847643442886    0.731931456500502
518.799999999673    -5.79130591923807e-05    0.731840839419192    0.731925610612257
518.899999999673    -5.64046638962431e-05    0.731833379022156    0.731915941310597
518.999999999673    -5.4494801007901e-05    0.731823958238661    0.731903723787423
519.099999999673    -5.53183789148835e-05    0.731814152727266    0.731895122751589
519.199999999673    -5.67207585491971e-05    0.731806141426471    0.731889163334442
519.299999999673    -5.6044444535241e-05    0.731799556416143    0.731881587612837
519.399999999673    -5.39402381019507e-05    0.731792792595415    0.731871743008967
519.499999999673    -5.31752945250336e-05    0.731786148309945    0.731863978336512
519.599999999672    -5.42490921290788e-05    0.7317819227054    0.731861324022736
519.699999999672    -5.45938093605455e-05    0.731781363222867    0.731861269049705
519.799999999672    -5.34701226426635e-05    0.731783520208661    0.731861781502449
519.899999999672    -5.26106006366839e-05    0.731787195725981    0.731864199304997
519.999999999672    -5.19714859743792e-05    0.731792069252207    0.731868137848132
520.099999999672    -5.19195187284343e-05    0.731798324253465    0.731874317432598
520.199999999672    -5.24337191297982e-05    0.731805996233007    0.731882742877247
520.299999999672    -5.18250393154444e-05    0.731813816778656    0.731889673269574
520.399999999672    -4.95429592359554e-05    0.73182001143515    0.731892528085828
520.499999999672    -4.89767287358264e-05    0.731825102943696    0.731896791253852
520.599999999672    -5.08382382361731e-05    0.73183187731114    0.731906291180865
520.699999999671    -5.11282828943748e-05    0.731841228758661    0.731916068155827
520.799999999671    -5.07216320568662e-05    0.731851484913968    0.731925730083281
520.899999999671    -5.04013653555196e-05    0.731860761569339    0.731934538851082
520.999999999671    -4.82595202129705e-05    0.731867348047727    0.731937990591055
521.099999999671    -4.81809931978442e-05    0.731871701349933    0.731942229358971
521.199999999671    -5.02614614594314e-05    0.731876412208112    0.731949986262222
521.299999999671    -5.04498312769623e-05    0.731881986589952    0.731955836961167
521.399999999671    -4.88209252421573e-05    0.731886864342286    0.731958330619116
521.499999999671    -4.83959207919415e-05    0.731890814034382    0.731961658522695
521.599999999671    -4.94358954341799e-05    0.731895531732316    0.731967899131814
521.699999999671    -4.96537686102473e-05    0.731902181998045    0.73197486901041
521.79999999967    -5.04760874766826e-05    0.731910806785346    0.731984698502927
521.89999999967    -5.23640220116328e-05    0.731920650585274    0.73199730721744
521.99999999967    -5.17901618836301e-05    0.731928742470538    0.73200455981325
522.09999999967    -4.86023443458159e-05    0.73193133081141    0.732002481426652
522.19999999967    -4.78091267790099e-05    0.731928660467046    0.731998649553406
522.29999999967    -5.0613015184306e-05    0.731925172931724    0.731999266561609
522.39999999967    -5.35949113930267e-05    0.731923928602182    0.732002387603385
522.49999999967    -5.39525988465548e-05    0.731923276308693    0.732002258895835
522.59999999967    -5.15365171996885e-05    0.731918998207585    0.731994443207837
522.69999999967    -4.97870570274836e-05    0.731909166494317    0.731982049329761
522.79999999967    -5.04495990001981e-05    0.731896091686445    0.731969943140892
522.899999999669    -5.18250056509054e-05    0.731883252415703    0.731959116054721
522.999999999669    -5.28121333886419e-05    0.731872413134304    0.731949720704093
523.099999999669    -5.27665919592883e-05    0.731863299340753    0.731940539280614
523.199999999669    -5.23214740014302e-05    0.731854757780481    0.731931345227013
523.299999999669    -5.21067586691688e-05    0.731845919528095    0.731922191739816
523.399999999669    -5.15460741115335e-05    0.731836246930302    0.731911697390321
523.499999999669    -5.03837098757755e-05    0.731825646642798    0.731899394540611
523.599999999669    -5.02261547213286e-05    0.731815223727947    0.731888739949693
523.699999999669    -5.15967463185345e-05    0.731806741685721    0.731882263275999
523.799999999669    -5.19728835137691e-05    0.731800253497834    0.731876324990149
523.899999999669    -4.97881646207233e-05    0.731793614727862    0.731866487677989
523.999999999668    -4.7440699749622e-05    0.731785694697194    0.73185513084214
524.099999999668    -4.76744512557783e-05    0.731778715382302    0.731848493006305
524.199999999668    -4.9678074757978e-05    0.731775891411479    0.731848601458454
524.299999999668    -4.96693165235224e-05    0.731777372674418    0.731850070049143
524.399999999668    -4.72355511918317e-05    0.731780490893819    0.731849626269144
524.499999999668    -4.58331306211822e-05    0.731783879070439    0.731850962037293
524.599999999668    -4.67939199081777e-05    0.731788757578743    0.73185724731267
524.699999999668    -4.66191745343662e-05    0.731795781798983    0.731864016410575
524.799999999668    -4.52085399524294e-05    0.731803842008746    0.731870012566678
524.899999999668    -4.50597932698584e-05    0.731812592172775    0.731878545792862
524.999999999668    -4.47292892348205e-05    0.731822379327706    0.731887850045911
525.099999999667    -4.42702562608419e-05    0.731833149988491    0.731897949739373
525.199999999667    -4.50728832489129e-05    0.731844976952698    0.731910952652818
525.299999999667    -4.51596106313699e-05    0.731857248679081    0.731923352441077
525.399999999667    -4.27633115367977e-05    0.731868058956014    0.731930655836482
525.499999999667    -4.23036442036839e-05    0.731877246683077    0.731939171452009
525.599999999667    -4.53729316550217e-05    0.731887299286121    0.731953718044554
525.699999999667    -4.56672900345441e-05    0.731898234203837    0.731965084874601
525.799999999667    -4.27790309223954e-05    0.731906742134678    0.731969365335946
525.899999999667    -4.23955526969015e-05    0.731912161496643    0.731974223769032
525.999999999667    -4.37124249254046e-05    0.731917143606621    0.731981134150186
526.099999999667    -4.5326215589854e-05    0.731923685095317    0.731990038764369
526.199999999666    -4.7235117835662e-05    0.731931487345239    0.732000636351606
526.299999999666    -4.63700322465886e-05    0.731937367556605    0.732005250623017
526.399999999666    -4.26109174788555e-05    0.731937679452895    0.73200005918307
526.499999999666    -4.25866069680628e-05    0.731933749413025    0.731996093217862
526.599999999666    -4.6626974837531e-05    0.731930950572242    0.731999209206966
526.699999999666    -4.79893477343401e-05    0.731931193907837    0.732001447080405
526.799999999666    -4.70807436980125e-05    0.731931815410004    0.732000738443363
526.899999999666    -4.69773390151128e-05    0.731930349954288    0.731999121465361
526.999999999666    -4.61064255279759e-05    0.731925754774644    0.731993250847256
527.099999999666    -4.5461510350825e-05    0.731918215354865    0.731984766595431
527.199999999666    -4.72336438199067e-05    0.731909697263    0.731978842052859
527.299999999665    -4.80840618183906e-05    0.731901470343496    0.731971859319174
527.399999999665    -4.66793623027167e-05    0.731892594373737    0.731960926122579
527.499999999665    -4.71361188899078e-05    0.731882832573204    0.731951832057991
527.599999999665    -4.84931967254854e-05    0.731872996258859    0.731943981423528
527.699999999665    -4.67300170037876e-05    0.731862154375876    0.731930557434189
527.799999999665    -4.46502759644253e-05    0.731849587481673    0.731914944971993
527.899999999665    -4.62704225393574e-05    0.73183787803488    0.731905606064378
527.999999999665    -4.87450917460465e-05    0.731829694383764    0.731901044072902
528.099999999665    -4.69422652755761e-05    0.731823494258441    0.731892204389055
528.199999999665    -4.42955549838792e-05    0.731816505888385    0.73188134119685
528.299999999665    -4.54175362352879e-05    0.731809488246294    0.731875965233415
528.399999999664    -4.6141073770628e-05    0.731803896070079    0.73187143162135
528.499999999664    -4.39071554571065e-05    0.731798786973131    0.731863052201041
528.599999999664    -4.27840028842386e-05    0.731793889264887    0.731856510087795
528.699999999664    -4.43530882811636e-05    0.731791199732146    0.731856117010798
528.799999999664    -4.38306821460002e-05    0.731791377732434    0.731855530374837
528.899999999664    -4.16708529386801e-05    0.731793062045639    0.731854053469344
528.999999999664    -4.30383015276281e-05    0.731796530907666    0.731859524178297
529.099999999664    -4.39875009397491e-05    0.731801980187924    0.731866363300558
529.199999999664    -4.0522906483398e-05    0.731806547239509    0.73186585949957
529.299999999664    -3.8942535336011e-05    0.731809018156894    0.731866017373686
529.399999999664    -4.07181174643319e-05    0.731812173345126    0.731871771799935
529.499999999663    -4.04839826301204e-05    0.731817598022747    0.731876854203527
529.599999999663    -3.92946262440362e-05    0.731824670260294    0.731882186074145
529.699999999663    -3.90626033520957e-05    0.731833435918366    0.731890612790297
529.799999999663    -3.85976872498893e-05    0.731844451187086    0.731900948374232
529.899999999663    -3.94291436719718e-05    0.731858184288887    0.731915899647546
529.999999999663    -4.1091673924327e-05    0.731874374202306    0.731934524560262
530.099999999663    -3.87031844558671e-05    0.73189014746379    0.731946802615282
530.199999999663    -3.59479508484696e-05    0.731903095323909    0.731955718048582
530.299999999663    -3.89075587055869e-05    0.731915543176017    0.731972499485976
530.399999999663    -4.16821304114449e-05    0.731929603135739    0.731990622449493
530.499999999663    -3.98740375464161e-05    0.73194235454627    0.732000727867704
530.599999999662    -3.88020065983564e-05    0.731950747692947    0.732007552212559
530.699999999662    -3.93829510467099e-05    0.731954933009381    0.732012588370609
530.799999999662    -3.94485396771442e-05    0.731955837787715    0.732013589243743
530.899999999662    -4.08349489534574e-05    0.731954503913069    0.732014285003834
530.999999999662    -4.1714324764788e-05    0.731951485706952    0.732012553978348
531.099999999662    -3.95010250877916e-05    0.731945774845824    0.7320036023469
531.199999999662    -3.95985932190813e-05    0.731938137758281    0.731996107494958
531.299999999662    -4.2983566515539e-05    0.731931909704864    0.731994834497447
531.399999999662    -4.36751359286033e-05    0.731927607165041    0.731991544032958
531.499999999662    -4.16223362101825e-05    0.731922423432113    0.731983354610587
531.599999999662    -4.08748027647359e-05    0.731915134290298    0.731974970509601
531.699999999661    -4.19386087400804e-05    0.731907278072338    0.73196867099301
531.799999999661    -4.32125359167107e-05    0.731900332019621    0.731963589291898
531.899999999661    -4.36308852764238e-05    0.731893924502398    0.731957793648774
531.999999999661    -4.23993174018181e-05    0.731886332465449    0.731948398058812
532.099999999661    -4.10822148340488e-05    0.731876557441967    0.731936694132445
532.199999999661    -4.15541057841635e-05    0.731865806257852    0.731926632843713
532.299999999661    -4.26309276516609e-05    0.731855876138212    0.731918278188284
532.399999999661    -4.29186759516759e-05    0.731846974635783    0.731909797138343
532.499999999661    -4.13650412117012e-05    0.731837858898645    0.731898406409582
532.599999999661    -3.96050732228473e-05    0.73182798895729    0.731885959455394
532.699999999661    -4.01643990721637e-05    0.731819263253477    0.731878051776559
532.79999999966    -4.15104912739425e-05    0.731814022362581    0.731874780803873
532.89999999966    -4.14661333323904e-05    0.731812252848517    0.731872946214138
532.99999999966    -4.01410268751109e-05    0.73181205236174    0.731870806094698
533.09999999966    -3.83731754927316e-05    0.731811878083098    0.731868044129618
533.19999999966    -3.81557501019343e-05    0.73181221912967    0.731868066948895
533.29999999966    -3.92049914222744e-05    0.731814676581353    0.731872060407321
533.39999999966    -3.9380670019456e-05    0.731819305504675    0.731876946843797
533.49999999966    -3.84844677711019e-05    0.7318242397648    0.731880569665365
533.59999999966    -3.6507090803224e-05    0.731827546890342    0.731880982630538
533.69999999966    -3.45217746285011e-05    0.731829184821756    0.731879714650505
533.79999999966    -3.62167067720322e-05    0.7318320537036    0.731885064717275
533.899999999659    -3.93547432324667e-05    0.731838745073557    0.731896349992384
533.999999999659    -3.79136589773749e-05    0.731846904895381    0.731902400987393
534.099999999659    -3.37682331780471e-05    0.731852112399492    0.731901540774167
534.199999999659    -3.26541412769658e-05    0.731854627263235    0.731902424992814
534.299999999659    -3.50349034276538e-05    0.731859026984538    0.7319103100019
534.399999999659    -3.77942732159453e-05    0.731868267854877    0.731923590804314
534.499999999659    -3.68749715505959e-05    0.731880207087883    0.731934185201954
534.599999999659    -3.40168524070463e-05    0.731890678854016    0.731940473782284
534.699999999659    -3.48102061387112e-05    0.731899021677434    0.731949978562888
534.799999999659    -3.59730781897789e-05    0.731906645264472    0.731959305028761
534.899999999659    -3.34984551624724e-05    0.731912967751551    0.731962005301699
534.999999999658    -3.33936012344944e-05    0.731918633667294    0.731967518097699
535.099999999658    -3.73076457174716e-05    0.731926931220834    0.731981546199673
535.199999999658    -3.88389901158421e-05    0.731937754479745    0.731994612134462
535.299999999658    -3.557243636453e-05    0.731946160850387    0.731998236919318
535.399999999658    -3.31407646544139e-05    0.731949129758603    0.731997646074167
535.499999999658    -3.55436948653679e-05    0.731949401721118    0.73200143594299
535.599999999658    -3.79808191598701e-05    0.731950219159757    0.732005821409392
535.699999999658    -3.7426086598898e-05    0.731950860324637    0.732005650487788
535.799999999658    -3.73886051454687e-05    0.731949536340591    0.732004271531465
535.899999999658    -3.79497824021003e-05    0.731945611011537    0.732001167473229
535.999999999658    -3.67192460480258e-05    0.73193835526278    0.731992109685719
536.099999999657    -3.62086157293907e-05    0.731928109656271    0.731981115782878
536.199999999657    -3.81277785927922e-05    0.731917236611573    0.731973051496363
536.299999999657    -3.9021113014679e-05    0.73190711152505    0.73196423341424
536.399999999657    -3.76653330916874e-05    0.731896693440579    0.731951829782802
536.499999999657    -3.72145551074341e-05    0.731885395628241    0.731939871234302
536.599999999657    -3.80987976740234e-05    0.731874215208114    0.731929984388149
536.699999999657    -3.76859635622929e-05    0.731863635481368    0.731918799532878
536.799999999657    -3.69012922480802e-05    0.731853515936558    0.731907530610718
536.899999999657    -3.82531190000494e-05    0.731844592135197    0.731900584953642
536.999999999657    -3.87409382734905e-05    0.731836716304501    0.731893422583461
537.099999999657    -3.548701114882e-05    0.731827575669795    0.731879518259756
537.199999999656    -3.35861904335265e-05    0.731816777879328    0.731865937405738
537.299999999656    -3.61410757266696e-05    0.731807940565978    0.731860839130184
537.399999999656    -3.69595942838848e-05    0.731803290325821    0.731857386630611
537.499999999656    -3.4378465756859e-05    0.731801200804302    0.731851518939208
537.599999999656    -3.45649342966281e-05    0.731800853622463    0.731851444667987
537.699999999656    -3.53841100999434e-05    0.73180269896264    0.731854489169734
537.799999999656    -3.2230783595295e-05    0.731805121130903    0.731852295956371
537.899999999656    -3.18024729849195e-05    0.73180768327113    0.731854231339629
537.999999999656    -3.4095651912941e-05    0.731812533423158    0.73186243837551
538.099999999656    -3.10712823608141e-05    0.731819026679675    0.731864505203981
538.199999999656    -2.91871957338237e-05    0.731826190809808    0.731868911965268
538.299999999655    -3.3307992184327e-05    0.731836822338621    0.731885575992825
538.399999999655    -3.40805714980705e-05    0.73185077251151    0.731900657996793
538.499999999655    -2.87702365481275e-05    0.731862612702392    0.731904725634967
538.599999999655    -2.73642337281475e-05    0.73187059257921    0.731910647831199
538.699999999655    -3.05160009986602e-05    0.731878794308314    0.731923463699481
538.799999999655    -3.17238424137825e-05    0.731889310330123    0.73193574848561
538.899999999655    -3.07452375227546e-05    0.731900340331231    0.731945346614573
538.999999999655    -2.93572355769646e-05    0.731909811445767    0.731952786404905
539.099999999655    -2.91859315598849e-05    0.731917554446796    0.731960279085057
539.199999999655    -3.06006996067997e-05    0.731924798974711    0.731969595167322
539.299999999655    -3.14041680604305e-05    0.731931898587757    0.731977871456201
539.399999999654    -3.07806303938174e-05    0.73193746962112    0.731982530001555
539.499999999654    -2.98047605962981e-05    0.731940303715313    0.731983935626798
539.599999999654    -2.98974313995037e-05    0.731940910044936    0.731984677659769
539.699999999654    -3.10390566597939e-05    0.731940927474843    0.731986366397063
539.799999999654    -3.12354459034645e-05    0.731941214899276    0.731986941348007
539.899999999654    -3.10384886406945e-05    0.731941763466983    0.731987201609536
539.999999999654    -3.19620980452886e-05    0.731942878217119    0.731989668572711
540.099999999654    -3.32774984354536e-05    0.731944598860353    0.731993315051993
540.199999999654    -3.28731688044096e-05    0.731945442018974    0.731993566333115
540.299999999654    -3.17290887247488e-05    0.731943507859397    0.731989957134195
540.399999999654    -3.19927878273316e-05    0.731938723709216    0.731985558728179
540.499999999653    -3.22818685529894e-05    0.731932172122977    0.731979429924887
540.599999999653    -3.20950539220471e-05    0.731924736833851    0.73197172066959
540.699999999653    -3.32044434833814e-05    0.731917565752847    0.731966173197723
540.799999999653    -3.41892331742579e-05    0.731911178740703    0.731961227415734
540.899999999653    -3.32610488315419e-05    0.731904272117851    0.731952961544783
540.999999999653    -3.23682656312889e-05    0.731895613078183    0.73194299499509
541.099999999653    -3.28082344015344e-05    0.731885673714795    0.731933699043898
541.199999999653    -3.24604076423079e-05    0.731875160749816    0.73192267622431
541.299999999653    -3.16767956867044e-05    0.731864430473017    0.731910798181866
541.399999999653    -3.22947914878508e-05    0.731854632698303    0.731901904410458
541.499999999653    -3.29409443229915e-05    0.731846706456321    0.731894923487856
541.599999999652    -3.22787939425351e-05    0.731839998745339    0.731887246095464
541.699999999652    -3.11773176416631e-05    0.731833302536152    0.731878937157585
541.799999999652    -3.04373484879187e-05    0.73182631780469    0.731870868866042
541.899999999652    -3.00611964152851e-05    0.731819709076822    0.731863709151548
541.999999999652    -2.98385721495814e-05    0.731814456739037    0.731858130639139
542.099999999652    -2.95730563061134e-05    0.731811288133149    0.73185457320608
542.199999999652    -2.94425339805161e-05    0.731810495060173    0.731853589039705
542.299999999652    -2.90746027734039e-05    0.731811826103715    0.731854381617298
542.399999999652    -2.8745575751558e-05    0.73181463103156    0.731856705106828
542.499999999652    -2.80208018208199e-05    0.731818131851964    0.731859145262876
542.599999999652    -2.59692180322189e-05    0.731821392133193    0.731859402778885
542.699999999651    -2.53852332489484e-05    0.731824829102913    0.731861985134096
542.799999999651    -2.69495941906984e-05    0.731830436329635    0.731869882459243
542.899999999651    -2.64717855582046e-05    0.731838617722173    0.731877364897783
542.999999999651    -2.42400299887169e-05    0.731847981800406    0.731883462694516
543.099999999651    -2.52574705526718e-05    0.731858882940307    0.731895853682463
543.199999999651    -2.64987621547809e-05    0.731872152309035    0.731910940749064
543.299999999651    -2.51048620538263e-05    0.731885916250778    0.731922664963283
543.399999999651    -2.48939061397503e-05    0.731898323753982    0.73193476427748
543.499999999651    -2.46934977102488e-05    0.731908799657211    0.73194494732636
543.599999999651    -2.31840989546954e-05    0.731916928524019    0.731950866979847
543.699999999651    -2.33180580732813e-05    0.731924092561159    0.73195822745411
543.79999999965    -2.57289087609729e-05    0.731933096450607    0.731970761099393
543.89999999965    -2.77037288832124e-05    0.731944443854945    0.731985000159366
543.99999999965    -2.61624841106216e-05    0.731954802364794    0.731993102878604
544.09999999965    -2.32482925922734e-05    0.731960722223215    0.731994756688531
544.19999999965    -2.46849110455116e-05    0.731963285301672    0.731999423090902
544.29999999965    -2.79094532692097e-05    0.731965554286089    0.732006412943296
544.39999999965    -2.68729902743425e-05    0.731966940061199    0.732006281399341
544.49999999965    -2.47944102049397e-05    0.731965510816601    0.732001809022855
544.59999999965    -2.5822406773591e-05    0.731962651780208    0.732000454831048
544.69999999965    -2.8641649913908e-05    0.731960951235674    0.73200288157526
544.79999999965    -3.02541510049635e-05    0.731960138498937    0.732004429504043
544.899999999649    -2.78770315396071e-05    0.731956635997114    0.731997446691249
544.999999999649    -2.47425788588045e-05    0.731947910503125    0.73198413195713
545.099999999649    -2.65204905395401e-05    0.731936698829132    0.731975522499348
545.199999999649    -3.02136998467443e-05    0.731927343280667    0.731971573083132
545.299999999649    -2.99155967844759e-05    0.731919609555454    0.731963402489382
545.399999999649    -2.79043647681339e-05    0.731910469257588    0.731951317390853
545.499999999649    -2.78439700398123e-05    0.731899111660493    0.731939870749262
545.599999999649    -2.74705581264065e-05    0.731886558679775    0.731926770448919
545.699999999649    -2.6641642500177e-05    0.731874078470143    0.731913076164213
545.799999999649    -2.82006968866193e-05    0.731863830430027    0.731905109734221
545.899999999649    -2.98037355501045e-05    0.731857101664671    0.73190072711591
545.999999999648    -2.84485214751971e-05    0.731851978068969    0.731893619467035
546.099999999648    -2.63185037561944e-05    0.731845818125786    0.731884341313485
546.199999999648    -2.49058833886428e-05    0.73183846221108    0.731874917285824
546.299999999648    -2.49707538044097e-05    0.731832145040143    0.731868694753457
546.399999999648    -2.76183634253367e-05    0.731829648595006    0.731870073585879
546.499999999648    -2.77030304172754e-05    0.731830694707327    0.731871243686648
546.599999999648    -2.32132456494296e-05    0.731831677769612    0.731865654935353
546.699999999648    -2.26217114550321e-05    0.731832097185052    0.731865208523159
546.799999999648    -2.60505397922122e-05    0.731835251488735    0.731873381888733
546.899999999648    -2.49730937068929e-05    0.731841010922305    0.73187756450345
546.999999999648    -2.22174692785826e-05    0.731846404692905    0.731878924965449
547.099999999647    -2.35439730819176e-05    0.731851377788162    0.731885839977816
547.199999999647    -2.4109228482192e-05    0.731856488741119    0.731891778582537
547.299999999647    -2.13847195246933e-05    0.731859872646126    0.731891174551724
547.399999999647    -2.01319723535871e-05    0.731861138483906    0.731890606693572
547.499999999647    -2.16561117189196e-05    0.731862969192344    0.731894668491275
547.599999999647    -2.28255237740823e-05    0.731867243128976    0.73190065439792
547.699999999647    -2.1289308675468e-05    0.731873016187705    0.731904178992245
547.799999999647    -1.9639156475475e-05    0.731879130063184    0.731907877605274
547.899999999647    -2.19193349275061e-05    0.731886779914202    0.731918865560414
547.999999999647    -2.27269549727103e-05    0.731896206037676    0.731929474338001
548.099999999647    -1.93567011359209e-05    0.73190448928727    0.731932824348661
548.199999999646    -1.92315382308021e-05    0.731910952549257    0.731939104637596
548.299999999646    -2.20441271588745e-05    0.73191814700836    0.731950416713123
548.399999999646    -2.08901717417362e-05    0.731926249684482    0.731956830453436
548.499999999646    -1.90014187121499e-05    0.731933940151691    0.73196175624677
548.599999999646    -2.13417082360505e-05    0.731942647128226    0.731973889607835
548.699999999646    -2.31523681400698e-05    0.731953415965567    0.731987309660182
548.799999999646    -2.16511750072196e-05    0.73196388020675    0.731995576649154
548.899999999646    -2.15683943413865e-05    0.731971802059136    0.732003377653118
548.999999999646    -2.30299433200096e-05    0.731976824473668    0.732010540019693
549.099999999646    -2.06862382720729e-05    0.73197782561909    0.73200810998098
549.199999999646    -1.99515641192686e-05    0.731975124711835    0.732004333391863
549.299999999645    -2.52586277286346e-05    0.731972485282508    0.732009463457553
549.399999999645    -2.6876770277042e-05    0.731970158294814    0.732009505339924
549.499999999645    -2.05808153053447e-05    0.731962801882719    0.731992931285279
549.599999999645    -1.85447678478293e-05    0.731949678103502    0.731976826280673
549.699999999645    -2.45218864249645e-05    0.731937733840379    0.731973631708621
549.799999999645    -2.77795235148923e-05    0.731930698384531    0.731971364886321
549.899999999645    -2.5342747865145e-05    0.73192446196285    0.731961560857229
549.999999999645    -2.25263748825666e-05    0.731914466292806    0.731947441794924
550.099999999645    -2.11125003362278e-05    0.731900688965699    0.731931594125268
550.199999999645    -2.27073040555907e-05    0.731886627601237    0.731919866700382
550.299999999645    -2.60444460437561e-05    0.731875584034085    0.731913707615311
550.399999999644    -2.55892115449587e-05    0.731866346479835    0.731903803203848
550.499999999644    -2.11447083091556e-05    0.73185482475778    0.731885775125805
550.599999999644    -1.86465570101179e-05    0.731840673160601    0.731867966287193
550.699999999644    -2.17347249127186e-05    0.731828999558659    0.73186081245408
550.799999999644    -2.49481262930576e-05    0.73182380893326    0.73186032510989
550.899999999644    -2.26169773985385e-05    0.731822836122682    0.731855940112483
550.999999999644    -1.95830712705577e-05    0.731822136995236    0.731850800206682
551.099999999644    -2.07674714191556e-05    0.731821554033295    0.731851950830975
551.199999999644    -2.03067583177665e-05    0.731821624812488    0.731851347265788
551.299999999644    -1.71474433045433e-05    0.731821279838289    0.731846377996468
551.399999999644    -1.74518272390869e-05    0.731821807585412    0.731847351286708
551.499999999643    -1.9588932134063e-05    0.731826048249979    0.731854720193218
551.599999999643    -1.91620918761148e-05    0.731833861644579    0.731861909117417
551.699999999643    -1.71024238073485e-05    0.731842849371714    0.731867882372979
551.799999999643    -1.66318329318377e-05    0.731851914615243    0.731876259097685
551.899999999643    -1.68333385572537e-05    0.731861358425651    0.731885998180467
551.999999999643    -1.59418389089048e-05    0.7318710058367    0.731894340948059
552.099999999643    -1.52922329750661e-05    0.731880839386125    0.731903223913046
552.199999999643    -1.60999816535558e-05    0.731891735297539    0.731915302563993
552.299999999643    -1.70858931548072e-05    0.731904026966344    0.731929037861686
552.399999999643    -1.59823861769476e-05    0.731916175866878    0.731939571774744
552.499999999643    -1.42413270282855e-05    0.731926408228595    0.731947255732172
552.599999999642    -1.51944431324271e-05    0.731935351648033    0.731957594686158
552.699999999642    -1.67923586876308e-05    0.731944554010049    0.731969136573829
552.799999999642    -1.67452810517896e-05    0.731953516361548    0.731978030306737
552.899999999642    -1.65990058122099e-05    0.731960564563363    0.731984864602051
552.999999999642    -1.61321925069357e-05    0.731964472469715    0.731988089234261
553.099999999642    -1.50557359628522e-05    0.731964934287069    0.73198697516048
553.199999999642    -1.52541179538149e-05    0.731963445467265    0.731985776721379
553.299999999642    -1.70581508606924e-05    0.731962594692303    0.731987566975013
553.399999999642    -1.84486868665069e-05    0.731963636169645    0.73199064420375
553.499999999642    -1.80618295150606e-05    0.731965470066294    0.731991911814943
553.599999999642    -1.76171607599976e-05    0.731966364953075    0.73199215574568
553.699999999641    -1.79675982002035e-05    0.731965625403176    0.731991929204299
553.799999999641    -1.71436932103345e-05    0.731963078605375    0.731988176136562
553.899999999641    -1.75773594637681e-05    0.731959428938436    0.731985161218732
553.999999999641    -1.98017301502074e-05    0.731956125741159    0.731985114310551
554.099999999641    -1.9490527448386e-05    0.731952491822623    0.731981024659008
554.199999999641    -1.75696206421735e-05    0.731946472750517    0.73197219324613
554.299999999641    -1.8469370135955e-05    0.731938363006003    0.731965400386452
554.399999999641    -1.99411465109785e-05    0.731929671197486    0.731958862813218
554.499999999641    -1.82452960346982e-05    0.731919920200917    0.73194662887946
554.599999999641    -1.66709352580322e-05    0.731908792344026    0.731933195959041
554.699999999641    -1.92191782612329e-05    0.731898797018637    0.731926930546238
554.79999999964    -2.22746637420827e-05    0.731891615226511    0.731924221232049
554.89999999964    -1.95383451016977e-05    0.731883947388428    0.731912547549505
554.99999999964    -1.41330823787964e-05    0.731871863942507    0.731892551445572
555.09999999964    -1.50692469033756e-05    0.731858130732364    0.731880188166493
555.19999999964    -1.98498624976095e-05    0.731848952775358    0.731878007554255
555.29999999964    -2.01389188593995e-05    0.731844942859289    0.731874420584782
555.39999999964    -1.6449303102432e-05    0.73184169403002    0.731865770997765
555.49999999964    -1.46876320632699e-05    0.731837009781983    0.731858508003201
555.59999999964    -1.5382369513276e-05    0.731832542610673    0.731855057594191
555.69999999964    -1.58823636247837e-05    0.731829953192442    0.731853199940511
555.79999999964    -1.49739436811983e-05    0.731829129708453    0.731851046772983
555.899999999639    -1.33631174700139e-05    0.731829443148072    0.731849002455079
555.999999999639    -1.40434386463058e-05    0.731831540465264    0.731852095616605
556.099999999639    -1.48528934474023e-05    0.73183586928701    0.731857609370288
556.199999999639    -1.27557475796609e-05    0.731840535690989    0.73185920627543
556.299999999639    -1.03827759786125e-05    0.731844023763421    0.731859221066311
556.399999999639    -1.09141875558524e-05    0.731847948247628    0.731863923473524
556.499999999639    -1.19668316917966e-05    0.731854652984012    0.731872169156535
556.599999999639    -1.12577994730815e-05    0.731864189262793    0.731880667808874
556.699999999639    -1.13489032122731e-05    0.73187562700966    0.731892239169498
556.799999999639    -1.1940968992856e-05    0.731888020170358    0.731905499283386
556.899999999639    -1.05078803830571e-05    0.731899377020758    0.731914758604599
556.999999999638    -7.45784906044605e-06    0.731908110883192    0.731919027885044
557.099999999638    -7.06129375550353e-06    0.731916106712531    0.731926443334788
557.199999999638    -1.17973987986157e-05    0.731927991956049    0.731945261852615
557.299999999638    -1.45062081449554e-05    0.731944581339835    0.731965817128781
557.399999999638    -1.02696655613961e-05    0.731960016992847    0.7319750511164
557.499999999638    -7.90154313611589e-06    0.73196994846141    0.731981515937055
557.599999999638    -1.00784504247659e-05    0.731976440633855    0.731991195159095
557.699999999638    -1.17787830113471e-05    0.731982111417986    0.731999355338015
557.799999999638    -1.24762347344561e-05    0.7319866582557    0.732004923358321
557.899999999638    -1.08654186923389e-05    0.731988224021092    0.73200413091099
557.999999999638    -9.07873874785459e-06    0.731986330760805    0.731999621906799
558.099999999637    -1.16182664043166e-05    0.731984052568771    0.732001061537839
558.199999999637    -1.57543573135939e-05    0.731984340730315    0.732007404979382
558.299999999637    -1.46608915719434e-05    0.731984898811328    0.732006362228468
558.399999999637    -1.06482661733926e-05    0.731981274370125    0.731996863199006
558.499999999637    -1.07403623780634e-05    0.731973973511721    0.73198969701205
558.599999999637    -1.42017719570946e-05    0.731967313721856    0.731988104482861
558.699999999637    -1.62578099149148e-05    0.731962899939237    0.731986700553567
558.799999999637    -1.54895351888508e-05    0.731958026758402    0.731980702488863
558.899999999637    -1.29009226680347e-05    0.731949302097425    0.731968187983757
558.999999999637    -1.0904043789512e-05    0.731936473098621    0.731952435407382
559.099999999637    -1.23333730581632e-05    0.731923376077857    0.731941430468623
559.199999999636    -1.64032575320389e-05    0.731914431983533    0.731938443939246
559.299999999636    -1.77297832756001e-05    0.731909454704455    0.731935408356626
559.399999999636    -1.4018441744684e-05    0.73190355128543    0.73192407186769
559.499999999636    -1.05997880515739e-05    0.731893602958005    0.731909118956606
559.599999999636    -1.22130107642254e-05    0.731882333334771    0.731900210526736
559.699999999636    -1.52037330780798e-05    0.731873718729411    0.731895973493099
559.799999999636    -1.3981589121989e-05    0.731867362089474    0.731887827713113
559.899999999636    -1.06430019173562e-05    0.731860812764399    0.731876391322269
559.999999999636    -1.11825634062918e-05    0.731854931915909    0.731871300127308
560.099999999636    -1.38170631802336e-05    0.731852263303434    0.731872487680796
560.199999999636    -1.24368409283373e-05    0.731851826907163    0.731870030983073
560.299999999635    -9.73543809791906e-06    0.731850899637493    0.731865149554483
560.399999999635    -9.79844433080716e-06    0.731849686609327    0.731864028726683
560.499999999635    -1.00920384245071e-05    0.73184972847104    0.73186450033128
560.599999999635    -9.54807351290582e-06    0.731851349238471    0.731865324912878
560.699999999635    -1.0019241094057e-05    0.731854465765151    0.731869131164764
560.799999999635    -9.13011463604394e-06    0.73185830970956    0.731871673732105
560.899999999635    -7.09718404784884e-06    0.731861585168847    0.731871973555311
560.999999999635    -6.88014640935955e-06    0.731864924435663    0.731874995180616
561.099999999635    -8.12299432412475e-06    0.731870260785943    0.731882150838475
561.199999999635    -8.93632571516448e-06    0.731878055107593    0.731891135825855
561.299999999635    -7.77039179511009e-06    0.731886484705959    0.731897858883812
561.399999999634    -5.70332902943336e-06    0.731893413282233    0.731901761787748
561.499999999634    -5.59077998245751e-06    0.731899043439633    0.731907227258429
561.599999999634    -5.92858548528006e-06    0.731905156332516    0.731913834708539
561.699999999634    -4.94839289844869e-06    0.731912866927023    0.731920110547733
561.799999999634    -6.48040526138379e-06    0.73192334952893    0.731932835910256
561.899999999634    -9.51838216488453e-06    0.731937184462329    0.731951118310642
561.999999999634    -7.3438913677692e-06    0.731951032407631    0.731961783224321
562.099999999634    -3.31617192699789e-06    0.731960901149185    0.731965755781667
562.199999999634    -5.5990163356802e-06    0.731968285195895    0.73197648184656
562.299999999634    -9.13342920274854e-06    0.731976362937626    0.731989733968327
562.399999999634    -6.51554514518432e-06    0.731983506024542    0.731993044629849
562.499999999633    -4.60525813102873e-06    0.731987767272138    0.73199450928842
562.599999999633    -8.37932073948856e-06    0.731991663098365    0.732003930387005
562.699999999633    -1.08354697346182e-05    0.731996484663164    0.732012347886561
562.799999999633    -8.33854537744412e-06    0.731998743782483    0.73201095149376
562.899999999633    -6.40365666136191e-06    0.73199567677418    0.732005051732198
562.999999999633    -8.03876675942983e-06    0.731989051419486    0.732000820092601
563.099999999633    -9.10408559681119e-06    0.731981468118326    0.731994796283549
563.199999999633    -8.81620493582614e-06    0.731973627315919    0.731986533888718
563.299999999633    -9.85466006259702e-06    0.73196596297313    0.731980389666785
563.399999999633    -1.07559198862023e-05    0.731958619044127    0.731974364990022
563.499999999633    -9.7116103138904e-06    0.731950295743517    0.73196451271367
563.599999999632    -9.07528836609049e-06    0.731940046514675    0.73195333176922
563.699999999632    -9.34057392416046e-06    0.731928555554838    0.731942228948116
563.799999999632    -9.16075418287284e-06    0.731916875298356    0.731930285242355
563.899999999632    -9.24970308678885e-06    0.731905943187945    0.73191948313851
563.999999999632    -1.03933370329571e-05    0.731896637698001    0.731911851552981
564.099999999632    -1.09101165757162e-05    0.731888587484073    0.731904557637929
564.199999999632    -8.67411644499813e-06    0.731879667348686    0.731892364277737
564.299999999632    -5.91234075374132e-06    0.731868734531026    0.731877388696883
564.399999999632    -6.70911839649644e-06    0.731858379770939    0.731868200085864
564.499999999632    -9.45539381654342e-06    0.731852287430618    0.731866127464668
564.599999999632    -9.54867539557964e-06    0.731850402127516    0.73186437866483
564.699999999631    -6.13478763195835e-06    0.731849463102782    0.731858442639939
564.799999999631    -3.72442170902177e-06    0.731848169207792    0.731853620650514
564.899999999631    -6.59945260832445e-06    0.731849415624363    0.731859075299181
564.999999999631    -8.99291873535097e-06    0.731854932428979    0.731868095571221
565.099999999631    -4.83214810772202e-06    0.731860962175814    0.731868035131119
565.199999999631    -9.51399611194574e-07    0.73186437198695    0.731865764579233
565.299999999631    -3.12086038295583e-06    0.731868173651334    0.731872741782368
565.399999999631    -6.52963197042901e-06    0.731876124917855    0.731885682743752
565.499999999631    -5.53469218039917e-06    0.731886638449078    0.731894740028427
565.599999999631    -2.0280423863989e-06    0.731895439057464    0.73189840769343
565.699999999631    -1.12175873736702e-06    0.731901645639892    0.731903287675866
565.79999999963    -2.63866078997042e-06    0.731907745042409    0.731911607565138
565.89999999963    -3.40922265750163e-06    0.731915250053777    0.731920240594899
565.99999999963    -2.5283208815826e-06    0.731923436497692    0.731927137581666
566.09999999963    -1.97749769476439e-06    0.731931588326739    0.731934483118521
566.19999999963    -2.83242359632214e-06    0.731940039485525    0.731944185825747
566.29999999963    -3.61584536577151e-06    0.731948685852726    0.731953979098393
566.39999999963    -2.43783648719664e-06    0.731956182641345    0.731959751429023
566.49999999963    -7.99596499894921e-07    0.731961790691247    0.731962961240355
566.59999999963    -2.31294856533972e-06    0.731967262811617    0.731970648824709
566.69999999963    -5.94700269764289e-06    0.731974604303956    0.731983310465624
566.79999999963    -5.44191520029135e-06    0.7319816618301    0.731989628637719
566.899999999629    -1.193751116165e-06    0.731983882744424    0.731985630359664
566.999999999629    -7.83420216747203e-07    0.731981283366698    0.731982430265468
567.099999999629    -4.13647495602514e-06    0.731978328132605    0.731984383777699
567.199999999629    -5.89405439260451e-06    0.73197720567837    0.731985834356157
567.299999999629    -4.80764954550058e-06    0.731976234033999    0.731983272238254
567.399999999629    -3.57244520436714e-06    0.731973553983204    0.731978783872713
567.499999999629    -4.62975036727092e-06    0.731969547493063    0.731976325197005
567.599999999629    -5.63110542645502e-06    0.731964958016004    0.731973201606119
567.699999999629    -4.42416144764099e-06    0.731958998560785    0.731965475199004
567.799999999629    -3.31165187598606e-06    0.73195129517529    0.731956143127104
567.899999999629    -4.97468797746448e-06    0.731943658404365    0.731950940823228
567.999999999628    -6.50362670822133e-06    0.731937555184741    0.731947075743925
568.099999999628    -5.34517212513953e-06    0.731931751491719    0.731939576135934
568.199999999628    -3.98140419298775e-06    0.731924657251106    0.731930485450109
568.299999999628    -4.43374147692037e-06    0.731916765201049    0.731923255489265
568.399999999628    -4.45458877481983e-06    0.731909191820434    0.731915712558422
568.499999999628    -4.11915864670558e-06    0.731902418517112    0.7319084481863
568.599999999628    -4.88629089687539e-06    0.731896960895942    0.731904113453806
568.699999999628    -4.93556637433265e-06    0.731892556112582    0.731899780756819
568.799999999628    -3.36671337466567e-06    0.731887743376417    0.731892671505517
568.899999999628    -2.32874130948756e-06    0.731881908369251    0.731885317104456
568.999999999628    -2.02352002148674e-06    0.731876159750949    0.731879121689068
569.099999999627    -2.88111247540874e-06    0.731872105161079    0.731876322384935
569.199999999627    -3.9530429047358e-06    0.731870302841841    0.73187608909413
569.299999999627    -1.675158833031e-06    0.73186894740147    0.731871399399042
569.399999999627    6.28100213657166e-07    0.731866494947521    0.731865575577094
569.499999999627    -9.41225156608537e-07    0.731864670382764    0.731866048082939
569.599999999627    -1.73859661006558e-06    0.73186511398126    0.731867658822097
569.699999999627    -4.3360086700029e-07    0.731866754392351    0.731867389068745
569.799999999627    1.09317057295621e-06    0.731868335014876    0.731866734902771
569.899999999627    2.25653335113426e-06    0.731870118120125    0.731866815148918
569.999999999627    1.09140743320646e-06    0.731873938313758    0.731872340770188
570.099999999627    9.22293625566043e-08    0.73188096315843    0.731880828156613
570.199999999626    1.83216251115958e-06    0.7318896723272    0.731886990450474
570.299999999626    2.84957185206413e-06    0.731898588965682    0.731894417782332
570.399999999626    2.16781765847463e-06    0.731908172073643    0.731904998793602
570.499999999626    2.55184208701764e-06    0.731918640442067    0.731914904970018
570.599999999626    3.25385525354346e-06    0.731929663280465    0.731924900109603
570.699999999626    2.98573569476862e-06    0.731941545873503    0.731937175118553
570.799999999626    1.54493915962033e-06    0.73195466334945    0.731952401702099
570.899999999626    1.43851357643524e-06    0.731968023927688    0.731965918038838
570.999999999626    3.32098060959872e-06    0.731979443027986    0.731974581265058
571.099999999626    2.71625774651517e-06    0.731988430356204    0.731984453828517
571.199999999626    7.94825173526191e-07    0.731995916283716    0.731994752667078
571.299999999625    2.43628102244996e-06    0.732001003357441    0.731997436645825
571.399999999625    3.50852153055288e-06    0.732003071906044    0.731997935426989
571.499999999625    -2.79323829827133e-07    0.732004507980829    0.732004916913548
571.599999999625    -1.67511731294382e-06    0.73200589111693    0.732008343512521
571.699999999625    2.48219533186432e-06    0.7320036983435    0.732000064400194
571.799999999625    3.12467517731118e-06    0.731997285746556    0.731992711253353
571.899999999625    -1.18605462395951e-06    0.731990743242367    0.731992479606438
571.999999999625    -1.50801897747477e-06    0.731985448437431    0.731987656136655
572.099999999625    3.21486156301897e-07    0.731979192157762    0.73197872151556
572.199999999625    -9.81068582316898e-07    0.731971612109373    0.731973048339485
572.299999999625    -9.40732648773703e-07    0.731963095200886    0.731964472365345
572.399999999624    7.77556609994515e-07    0.731953131606155    0.731951993337049
572.499999999624    -4.10174748378168e-07    0.731942902214751    0.731943502663989
572.599999999624    -2.34995183511e-06    0.731934080430762    0.731937520458517
572.699999999624    -9.52269769740844e-07    0.731925644471987    0.731927038454644
572.799999999624    1.05457519744935e-06    0.731916040709717    0.731914496990338
572.899999999624    -1.19503958332991e-07    0.73190646832775    0.731906643259212
572.999999999624    -1.04806132707444e-06    0.73189854143645    0.731900075587171
573.099999999624    3.95869720176024e-07    0.731891684190991    0.731891104723708
573.199999999624    1.23059250260176e-06    0.731885393850872    0.731883592547731
573.299999999624    4.41723484121991e-07    0.731880593377323    0.731879946799917
573.399999999624    -8.45105269558878e-10    0.731877745863484    0.731877747100511
573.499999999623    1.46333070957819e-06    0.731875719154222    0.731873577204925
573.599999999623    2.96395655790002e-06    0.731873587805028    0.731869249334847
573.699999999623    2.8273701245545e-06    0.731872278896135    0.731868140360204
573.799999999623    2.50686413621118e-06    0.73187306800127    0.731869398597776
573.899999999623    2.74171766632141e-06    0.731875943969669    0.731871930786262
573.999999999623    3.45716373480208e-06    0.731879991211119    0.731874930770686
574.099999999623    4.18752204770467e-06    0.731884439805376    0.731878310266588
574.199999999623    4.51361060037571e-06    0.731889246175693    0.731882639279394
574.299999999623    4.12954400744156e-06    0.731894682287832    0.731888637530195
574.399999999623    4.53456520601477e-06    0.731900439759131    0.731893802088694
574.499999999623    6.28849683246598e-06    0.731905628249    0.731896423134436
574.599999999622    6.54600491068808e-06    0.731910711306871    0.731901129187375
574.699999999622    5.00129046391153e-06    0.731917341009667    0.731910019983846
574.799999999622    4.66735029545298e-06    0.731925553401278    0.731918721127271
574.899999999622    6.94854886131166e-06    0.731933466467559    0.731923294787328
574.999999999622    7.64863893474596e-06    0.731940563633284    0.731929367020737
575.099999999622    4.6177483534289e-06    0.73194866445063    0.731941904572365
575.199999999622    4.13509681134124e-06    0.731957533754012    0.731951480348515
575.299999999622    7.56165801208061e-06    0.731963893539989    0.731952823902413
575.399999999622    7.69050207741746e-06    0.731967042977363    0.731955784675815
575.499999999622    5.19093717112691e-06    0.731969471105466    0.731961871929841
575.599999999622    5.36437573617544e-06    0.73197179755442    0.731963944453047
575.699999999621    6.65791453476513e-06    0.731972928792625    0.731963182031115
575.799999999621    6.85629305266563e-06    0.73197309883688    0.731963061661553
575.899999999621    6.25845375202778e-06    0.731973922571716    0.731964760579172
575.999999999621    5.40089940538709e-06    0.731976879809443    0.731968973185156
576.099999999621    3.74268318331906e-06    0.731982391239053    0.731976912103187
576.199999999621    2.86204492654897e-06    0.731988949308836    0.731984759350311
576.299999999621    4.8254638425358e-06    0.731993167572452    0.731986103193415
576.399999999621    6.97207019797486e-06    0.731992840429087    0.731982633489315
576.499999999621    5.20983828009462e-06    0.731989686784072    0.731982059728026
576.599999999621    3.05264497790101e-06    0.73198626373949    0.731981794764749
576.699999999621    4.16031933231244e-06    0.73198209254412    0.731976002010958
576.79999999962    4.45968583153704e-06    0.731976131333235    0.731969602595188
576.89999999962    3.21432120649666e-06    0.731968902381047    0.731964196829841
576.99999999962    3.26988066604135e-06    0.731960335422536    0.73195554859229
577.09999999962    4.6971564266183e-06    0.731949569546635    0.731942693415685
577.19999999962    5.98386626356571e-06    0.731936990725606    0.73192823115189
577.29999999962    4.87509176259621e-06    0.731925217631946    0.731918081261538
577.39999999962    2.05114702033749e-06    0.731916906913094    0.731913904380887
577.49999999962    1.59998181124006e-06    0.731911242562651    0.731908900477047
577.59999999962    5.2039560190801e-06    0.731904332485836    0.731896714929565
577.69999999962    7.39132060647325e-06    0.731894470797197    0.731883651543798
577.79999999962    6.58314754623418e-06    0.731884294980297    0.731874658839132
577.899999999619    5.63938449310538e-06    0.731877022635853    0.731868768010539
577.999999999619    4.40774804422771e-06    0.731873902043581    0.731867450240498
578.099999999619    4.38839794226023e-06    0.73187368385922    0.731867260381472
578.199999999619    7.97621168154972e-06    0.731873155021958    0.731861479964664
578.299999999619    1.0304191431339e-05    0.731871284790468    0.731856202262238
578.399999999619    7.04576495250575e-06    0.73187133324445    0.731861020130335
578.499999999619    4.72258031882109e-06    0.731875022561169    0.73186810991666
578.599999999619    9.13532059841374e-06    0.731878518768322    0.731865147000662
578.699999999619    1.38484232330076e-05    0.731878901893397    0.731858631436534
578.799999999619    1.10076004766218e-05    0.731880061724501    0.731863949415227
578.899999999619    5.62180977542449e-06    0.731886715064567    0.73187848605505
578.999999999618    8.66783634155037e-06    0.73189597810654    0.731883290307402
579.099999999618    1.49641977568182e-05    0.731902373910805    0.731880469574863
579.199999999618    1.3811694825207e-05    0.731907892064273    0.73188767456662
579.299999999618    8.89328725593619e-06    0.731918053808029    0.731905035608803
579.399999999618    7.76070979339369e-06    0.731932472193244    0.7319211116504
579.499999999618    1.15517912914809e-05    0.731945326678044    0.731928416314088
579.599999999618    1.58971172800729e-05    0.73195298803082    0.731929716515782
579.699999999618    1.43682172496643e-05    0.731958613440751    0.731937579862214
579.799999999618    9.24367670773211e-06    0.731967648279482    0.731954116259965
579.899999999618    9.26634399045509e-06    0.731979691042606    0.731966125617086
579.999999999618    1.25523997039683e-05    0.731989999320154    0.731971623088719
580.099999999617    1.16887228238729e-05    0.7319970565344    0.731979944513014
580.199999999617    1.07233442029971e-05    0.73200190438544    0.731986205537028
580.299999999617    1.31355096347801e-05    0.732004285869642    0.731985055623542
580.399999999617    1.20150072482309e-05    0.732005485277023    0.731987895385943
580.499999999617    7.31149106760074e-06    0.73200830917579    0.731997605109625
580.599999999617    8.08985739304641e-06    0.732011235845369    0.731999392208167
580.699999999617    1.22541681980726e-05    0.732010110397599    0.731992170267409
580.799999999617    1.1032204097027e-05    0.732005592758156    0.731989441666139
580.899999999617    7.45595359995872e-06    0.732001193430181    0.7319902779777
580.999999999617    8.44317179165679e-06    0.731996689113222    0.73198432846999
581.099999999617    1.07058219689455e-05    0.731990084910356    0.731974411967083
581.199999999616    9.49848523607318e-06    0.73198250855562    0.731968603237599
581.299999999616    7.01373705454302e-06    0.731976234927241    0.731965967221572
581.399999999616    6.85962616780652e-06    0.731970773334605    0.731960731311748
581.499999999616    9.01989264941509e-06    0.73196369279375    0.731950488444987
581.599999999616    1.0003621197404e-05    0.731954300694246    0.731939656453626
581.699999999616    8.2797761351264e-06    0.731944508803257    0.73193238823026
581.799999999616    7.46428506177571e-06    0.73193560691532    0.731924680244846
581.899999999616    9.27610568789125e-06    0.731926691944385    0.731913113211642
581.999999999616    1.04551415060111e-05    0.731917451661472    0.731902147220426
582.099999999616    8.94836829893017e-06    0.731909706546517    0.731896607868497
582.199999999616    7.23812817436797e-06    0.731904712215876    0.731894117052328
582.299999999615    9.13378217374895e-06    0.731900702371495    0.731887332450436
582.399999999615    1.25601982593483e-05    0.731895399913044    0.731877014641311
582.499999999615    1.1028975961032e-05    0.731890351433066    0.731874207608932
582.599999999615    9.37928372860589e-06    0.731888146062992    0.731874417018601
582.699999999615    1.27815959590727e-05    0.731887925106401    0.731869215954042
582.799999999615    1.26808497067973e-05    0.731889677593797    0.731871115863168
582.899999999615    8.54885226882121e-06    0.731895485830219    0.731882972204427
582.999999999615    1.07673444400378e-05    0.731902909571436    0.731887148439694
583.099999999615    1.64676548523966e-05    0.731907216952674    0.731883111758764
583.199999999615    1.4687897738373e-05    0.731909982239893    0.731888482117739
583.299999999615    9.84772844675102e-06    0.731915616107127    0.731901200836618
583.399999999614    1.1439045419732e-05    0.731922379493706    0.731905634698565
583.499999999614    1.64524682635877e-05    0.731925464393107    0.731901380828392
583.599999999614    1.69959238502237e-05    0.731925291601365    0.731900412531168
583.699999999614    1.31044970757419e-05    0.731926550371416    0.731907367564119
583.799999999614    1.16941458788812e-05    0.731930701266765    0.731913582858163
583.899999999614    1.52562982981398e-05    0.7319343613133    0.731912028436115
583.999999999614    1.78610644818319e-05    0.731935779718655    0.731909633881332
584.099999999614    1.57892640733325e-05    0.731938135960871    0.731915022796783
584.199999999614    1.29170504004259e-05    0.731944554795753    0.73192564591059
584.299999999614    1.35313853914596e-05    0.731953672713122    0.731933864286689
584.399999999614    1.63591700767151e-05    0.731962162117355    0.731938213922128
584.499999999613    1.69296518671223e-05    0.731969472895857    0.731944689338727
584.599999999613    1.39827431871412e-05    0.731977767594283    0.731957297766222
584.699999999613    1.22592927182206e-05    0.731987280802908    0.731969333730244
584.799999999613    1.58026303953959e-05    0.731994584218112    0.731971449703966
584.899999999613    1.83268344925412e-05    0.731998013843451    0.731971183922261
584.999999999613    1.40073073728081e-05    0.732001247147865    0.731980740702173
585.099999999613    1.04724081285981e-05    0.732006867412766    0.731991535823987
585.199999999613    1.35785103198029e-05    0.73201128917275    0.731991410196989
585.299999999613    1.54947794718789e-05    0.732011039277471    0.731988354929711
585.399999999613    1.37356560247675e-05    0.732007309950318    0.731987201025293
585.499999999613    1.41191741896399e-05    0.732001758426381    0.731981088197559
585.599999999612    1.46421998748479e-05    0.731995261775802    0.731973826047807
585.699999999612    1.182472120328e-05    0.73198990341116    0.731972592462794
585.799999999612    1.02189914805583e-05    0.731986127922211    0.731971167755078
585.899999999612    1.25484681110275e-05    0.731980989049251    0.731962618799572
585.999999999612    1.50999384930773e-05    0.731972381281266    0.731950276139181
586.099999999612    1.40073529609783e-05    0.731962293980284    0.731941788559099
586.199999999612    1.1305701326435e-05    0.731953887594545    0.731937337277583
586.299999999612    1.12285497922408e-05    0.731947101977283    0.731930664752889
586.399999999612    1.28943552582305e-05    0.731939500439274    0.731920624906769
586.499999999612    1.39233777986028e-05    0.731929837272072    0.73190945568456
586.599999999612    1.46723069566236e-05    0.731918807470791    0.731897329911095
586.699999999611    1.47310867072307e-05    0.731908215710847    0.731886652421723
586.799999999611    1.33347028617658e-05    0.731900099446069    0.731880580365649
586.899999999611    1.28756286857517e-05    0.731894865371057    0.731876018400677
586.999999999611    1.46326971614301e-05    0.731890722043449    0.731869303286281
587.099999999611    1.58540638708031e-05    0.731886328696461    0.731863122319174
587.199999999611    1.6022958472662e-05    0.731882214858555    0.731858761397678
587.299999999611    1.68684541994754e-05    0.731879315135024    0.731854624206108
587.399999999611    1.62259331006749e-05    0.73187853166146    0.731854781222648
587.499999999611    1.52294274758724e-05    0.731880152447825    0.731857860555912
587.599999999611    1.84918401633746e-05    0.731882234384308    0.731855167186237
587.699999999611    2.14543471320658e-05    0.731883869393449    0.731852465886002
587.79999999961    1.81242725587466e-05    0.73188861328329    0.731862083866697
587.89999999961    1.46151916862359e-05    0.731898962761498    0.731877569386895
587.99999999961    1.83067703339692e-05    0.731910993260596    0.731884195898252
588.09999999961    2.32418466711614e-05    0.731920191294854    0.731886169731855
588.19999999961    2.13923623203155e-05    0.731928527532793    0.731897212842182
588.29999999961    1.7477101522935e-05    0.731939984702351    0.731914400770641
588.39999999961    1.80096793777189e-05    0.731953542066141    0.731927178043725
588.49999999961    2.08253716895258e-05    0.731965240259553    0.731934753998056
588.59999999961    2.12691139351796e-05    0.731973797003041    0.731942660797108
588.69999999961    2.06506358157476e-05    0.731980545469265    0.731950314366219
588.79999999961    2.06969665908974e-05    0.731986603029027    0.731956303851592
588.899999999609    1.98144503873646e-05    0.731992737813291    0.731963730320484
588.999999999609    1.87059092401149e-05    0.731999217160083    0.731971832250503
589.099999999609    1.9221193329907e-05    0.732004823021312    0.731976683549743
589.199999999609    2.02246147930891e-05    0.732008176408714    0.731978567840749
589.299999999609    2.0280057498295e-05    0.732009485652196    0.73197979586539
589.399999999609    1.93573718394462e-05    0.732010113878699    0.731981774843339
589.499999999609    1.82319017315321e-05    0.732011030118277    0.731984338698578
589.599999999609    1.78976998866435e-05    0.732011834833443    0.731985632646136
589.699999999609    1.84759018331261e-05    0.732011318126948    0.731984269488187
589.799999999609    1.84713286686601e-05    0.732008875899705    0.731981834046134
589.899999999609    1.84730691038324e-05    0.732004758857895    0.731977714608496
589.999999999608    1.93249018441246e-05    0.731999503582629    0.731971212492239
590.099999999608    1.8127210988114e-05    0.731994694559707    0.731968156996218
590.199999999608    1.54911135407783e-05    0.731991927608544    0.731969249219734
590.299999999608    1.60018169013056e-05    0.731989789180638    0.731966363222336
590.399999999608    1.80763449221941e-05    0.731985342666008    0.731958879905294
590.499999999608    1.84220861599699e-05    0.731978010997734    0.731951042370581
590.599999999608    1.77571634949758e-05    0.731969221764749    0.731943226832057
590.699999999608    1.74780290833381e-05    0.731960176303251    0.731934590307945
590.799999999608    1.75212621992969e-05    0.731951387724087    0.731925738749127
590.899999999608    1.72464270570429e-05    0.731943137147795    0.731917890775356
590.999999999608    1.71391832881561e-05    0.731935397380064    0.731910308260209
591.099999999607    1.87980600484808e-05    0.731927572843219    0.731900055723556
591.199999999607    1.95963000581025e-05    0.731919886904419    0.7318912016231
591.299999999607    1.73484567382922e-05    0.731914258442968    0.73188886371783
591.399999999607    1.70366373316923e-05    0.731911039227543    0.731886101046537
591.499999999607    2.01898985935971e-05    0.731907897419895    0.731878343724123
591.599999999607    2.1528656576865e-05    0.731904259362538    0.73187274621008
591.699999999607    1.95710181830716e-05    0.731902571492274    0.731873923895866
591.799999999607    1.80447162687523e-05    0.73190403172298    0.731877618198427
591.899999999607    1.97714416520075e-05    0.731906336721844    0.731877395607189
591.999999999607    2.28252978851581e-05    0.731906764415134    0.731873353197911
592.099999999607    2.30468330021771e-05    0.731905874583591    0.731872139136156
592.199999999606    2.12314989943323e-05    0.731906205657071    0.73187512738517
592.299999999606    2.18529221832948e-05    0.731908264450464    0.731876276480798
592.399999999606    2.33934107605919e-05    0.731911007900819    0.731876764912183
592.499999999606    2.29439481827825e-05    0.731914744514325    0.731881159256959
592.599999999606    2.3128438373309e-05    0.731919956360615    0.731886100812432
592.699999999606    2.41053421901994e-05    0.73192625494804    0.731890969132949
592.799999999606    2.38108880996508e-05    0.731933591870703    0.73189873672293
592.899999999606    2.31906969890582e-05    0.731941889158228    0.731907941460368
592.999999999606    2.4359063380942e-05    0.731950088556465    0.731914430187872
593.099999999606    2.55513466462794e-05    0.731957404772476    0.731920000733441
593.199999999606    2.47223971332207e-05    0.731964647853961    0.731928456907264
593.299999999605    2.45091836676222e-05    0.731972657688241    0.731936778462998
593.399999999605    2.51775188350648e-05    0.731981239372434    0.731944381357545
593.499999999605    2.36668001534244e-05    0.731990578078587    0.731955931149118
593.599999999605    2.28555686982398e-05    0.732000346549008    0.731966886745336
593.699999999605    2.52721863936323e-05    0.732008421472324    0.731971423500806
593.799999999605    2.55383316578481e-05    0.73201414644699    0.731976758561714
593.899999999605    2.25534156098612e-05    0.732019373855471    0.731986355525801
593.999999999605    2.26875281082997e-05    0.732023995659738    0.731990780783346
594.099999999605    2.46157710664164e-05    0.732025952411915    0.731989914532497
594.199999999605    2.37521272434578e-05    0.732025461358687    0.731990687860824
594.299999999605    2.26713502180824e-05    0.732023980523934    0.731990789332362
594.399999999604    2.24648884313595e-05    0.732021886064919    0.731988997223763
594.499999999604    2.16724904970468e-05    0.732019075828133    0.731987347162843
594.599999999604    2.16044560121694e-05    0.732015034957978    0.731983406068057
594.699999999604    2.28307271915355e-05    0.73200890878978    0.731975484961473
594.799999999604    2.24288018435528e-05    0.732001160694891    0.731968325613378
594.899999999604    2.12315078095236e-05    0.731993186178455    0.731962104200274
594.999999999604    2.15875086723931e-05    0.73198521691607    0.731953614123859
595.099999999604    2.1824946457329e-05    0.731977003130775    0.73194505311028
595.199999999604    2.12327724589802e-05    0.731968934405924    0.731937851606235
595.299999999604    2.13456585953933e-05    0.731961113104525    0.731929865387478
595.399999999604    2.13955480705724e-05    0.73195316294494    0.731921842536891
595.499999999603    2.0885509861781e-05    0.73194473930574    0.73191416586614
595.599999999603    2.2531180736283e-05    0.73193493378509    0.731901951811653
595.699999999603    2.50893951331362e-05    0.73192345668615    0.731886730573962
595.799999999603    2.40404220156791e-05    0.731913099516333    0.731877909362737
595.899999999603    2.07652947952304e-05    0.731907372493635    0.73187697658011
595.999999999603    2.05473443566281e-05    0.73190574037398    0.731875663553411
596.099999999603    2.47548394391708e-05    0.731904144093888    0.731867908651747
596.199999999603    2.6752128258935e-05    0.731900967911811    0.731861809142259
596.299999999603    2.40598487317904e-05    0.731899073050092    0.731863855135461
596.399999999603    2.32301721821768e-05    0.731900133661036    0.731866130118694
596.499999999603    2.67733430103385e-05    0.731902224477376    0.731863034588008
596.599999999602    2.82093501885197e-05    0.731904776483829    0.731863484532359
596.699999999602    2.4561081448714e-05    0.731910482264712    0.731874530121799
596.799999999602    2.42306625673045e-05    0.731919526087345    0.731884057156655
596.899999999602    2.90461073678919e-05    0.731928061038822    0.731885542951714
596.999999999602    2.92024916046814e-05    0.731935380632855    0.73189263320757
597.099999999602    2.58140806908319e-05    0.731944350856594    0.731906562890987
597.199999999602    2.65522836601443e-05    0.731954481157061    0.731915612063104
597.299999999602    2.82452344657677e-05    0.731962767642977    0.73192141989087
597.399999999602    2.9173285403484e-05    0.73196817656787    0.731925469980719
597.499999999602    3.02332622283355e-05    0.731971605990103    0.731927347549165
597.599999999602    2.80365100938584e-05    0.731975422970223    0.731934380048255
597.699999999601    2.53798390342263e-05    0.731981073052054    0.731943918871401
597.799999999601    2.83184151988466e-05    0.731985945544827    0.731944489354949
597.899999999601    3.16579423536189e-05    0.731987558266685    0.731941213294025
597.999999999601    2.93967527886634e-05    0.731988641070197    0.731945606157032
598.099999999601    2.58733570752846e-05    0.731992925211225    0.731955047962576
598.199999999601    2.71933607092152e-05    0.731999304678416    0.731959494718721
598.299999999601    2.94157659752438e-05    0.732004816053698    0.731961752355726
598.399999999601    2.75684414226712e-05    0.73200972068372    0.731969361062161
598.499999999601    2.63367568798445e-05    0.732014834018604    0.731976277240633
598.599999999601    2.83247342909234e-05    0.73201859905034    0.731977131760262
598.699999999601    2.82471305728145e-05    0.732020482394588    0.731979128606417
598.7999999996    2.58413230626759e-05    0.732021913770881    0.73198408191898
598.8999999996    2.56194754265635e-05    0.732022586325339    0.731985079216927
598.9999999996    2.75101930240893e-05    0.732020399432925    0.731980124495925
599.0999999996    2.80810580048176e-05    0.732015051313118    0.731973940953307
599.1999999996    2.64533235805188e-05    0.732008553817891    0.731969826724076
599.2999999996    2.49377440809997e-05    0.732002359635121    0.731965851570528
599.3999999996    2.61110112896133e-05    0.731995678369964    0.731957453073222
599.4999999996    2.72400713230475e-05    0.73198766687214    0.731947789165905
599.5999999996    2.55010223928774e-05    0.731979520341453    0.731942188841166
599.6999999996    2.43814889320717e-05    0.731972023442397    0.731936331177052
599.7999999996    2.67795822949111e-05    0.73196364235663    0.731924440045257
599.899999999599    2.82652134498183e-05    0.731953767751171    0.731912391261725
599.999999999599    2.65427692620683e-05    0.73194477309261    0.73190591844147
600.099999999599    2.52403741126361e-05    0.731938518948443    0.73190157107693
600.199999999599    2.52406125358058e-05    0.731934083480341    0.731897135483725
600.299999999599    2.70111365335667e-05    0.731929069377437    0.731889529973389
600.399999999599    2.96960968270067e-05    0.731921928026905    0.731878458868881
600.499999999599    2.94226937044983e-05    0.73191425501284    0.731871186502145
600.599999999599    2.70861166055584e-05    0.731909065765269    0.731869417690582
600.699999999599    2.7597395115447e-05    0.731906585458658    0.731866189143038
600.799999999599    2.95402505353649e-05    0.731904833805238    0.731861593778242
600.899999999599    2.99310385691669e-05    0.731903189590647    0.731859377656791
600.999999999598    3.06275094172875e-05    0.731902192706134    0.731857361396607
601.099999999598    3.08198866838574e-05    0.731902406972799    0.731857294064681
601.199999999598    2.95231523188853e-05    0.731904267064648    0.731861052098171
601.299999999598    3.15997303817861e-05    0.731906464898233    0.731860210265956
601.399999999598    3.58935367513045e-05    0.731907503844025    0.731854964232082
601.499999999598    3.42898122678682e-05    0.731910327490465    0.7318601350761
601.599999999598    2.86617459809923e-05    0.731919389554489    0.731877434581748
601.699999999598    3.05869264467549e-05    0.731932450074353    0.731887676315816
601.799999999598    3.72225978852096e-05    0.731943347625097    0.731888859987461
601.899999999598    3.61401212962902e-05    0.731952359920188    0.731899456137996
601.999999999598    3.064488606491e-05    0.7319639332378    0.73191907270987
602.099999999597    3.25950304935168e-05    0.731976849793997    0.731929133733825
602.199999999597    3.70151430998288e-05    0.731986804084026    0.731932616897172
602.299999999597    3.4478345759516e-05    0.731994755353768    0.731944281157497
602.399999999597    3.19381077732064e-05    0.732003245625807    0.73195648952201
602.499999999597    3.48669832259331e-05    0.732010751170116    0.73195970693671
602.599999999597    3.58982308579359e-05    0.732016228148941    0.731963673860447
602.699999999597    3.20316023428991e-05    0.732022005245632    0.731975111072171
602.799999999597    3.07907145767871e-05    0.732028422084152    0.731983344115722
602.899999999597    3.48815495911357e-05    0.732032104079397    0.731981037032413
602.999999999597    3.57308490230831e-05    0.732032444970383    0.731980134557936
603.099999999597    3.08898825435423e-05    0.732033358925331    0.731988135473328
603.199999999596    2.94284526990363e-05    0.732035950499944    0.731992866397156
603.299999999596    3.29625763388397e-05    0.732036657771879    0.731988399734159
603.399999999596    3.40319466371369e-05    0.732034068227089    0.731984244833983
603.499999999596    3.06282352804926e-05    0.732030928979771    0.731986088722098
603.599999999596    2.97800495434473e-05    0.732028524566575    0.73198492617348
603.699999999596    3.2237549938312e-05    0.732025007182917    0.731977811318945
603.799999999596    3.16144074933284e-05    0.732020284897607    0.731974001585667
603.899999999596    2.86124420476281e-05    0.732016082571421    0.731974194234468
603.999999999596    2.92653527877876e-05    0.732011528108017    0.731968684210629
604.099999999596    3.2547370867304e-05    0.732004097211035    0.731956449144198
604.199999999596    3.16486823135593e-05    0.731994554953718    0.731948223093811
604.299999999595    2.85604430827179e-05    0.731985770278388    0.731943959796655
604.399999999595    2.95909337307883e-05    0.731977511118321    0.731934192604108
604.499999999595    3.18782208550353e-05    0.731967899761219    0.731921233580119
604.599999999595    3.1936696532464e-05    0.731957575190484    0.731910824069653
604.699999999595    3.09391623138126e-05    0.731948731233753    0.731903440873797
604.799999999595    2.97184321441019e-05    0.731942589177943    0.731899086098446
604.899999999595    2.96605221124506e-05    0.731938370590213    0.731894952529563
604.999999999595    3.17083222282067e-05    0.73193380563118    0.731887390317015
605.099999999595    3.38486124442009e-05    0.731927646365317    0.731878098571963
605.199999999595    3.41880193276724e-05    0.731921412298359    0.731871368122491
605.299999999595    3.21474084732696e-05    0.731917998826764    0.731870941805771
605.399999999594    2.99269691986149e-05    0.731918393659877    0.731874586772439
605.499999999594    3.22351501217523e-05    0.731919612713154    0.731872427157001
605.599999999594    3.74309397756167e-05    0.731918028109205    0.731863237400811
605.699999999594    3.68756013001936e-05    0.731915272822211    0.731861295181097
605.799999999594    3.18749869806518e-05    0.731916060108943    0.731869401966396
605.899999999594    3.27150584421924e-05    0.731919803092754    0.731871915061147
605.999999999594    3.82769924154844e-05    0.731921798345997    0.731865768960385
606.099999999594    3.92403049715876e-05    0.731921855303397    0.731864415883703
606.199999999594    3.52754429902921e-05    0.731924352746551    0.73187271665648
606.299999999594    3.42718955910437e-05    0.731930591675277    0.73188042409698
606.399999999594    3.82302548603475e-05    0.731937212102205    0.731881249949331
606.499999999593    4.02271249911621e-05    0.731942563604406    0.731883678083216
606.599999999593    3.71970398386403e-05    0.731949316252425    0.731894865582075
606.699999999593    3.61167508655192e-05    0.731958932773605    0.731906062726262
606.799999999593    3.92104959327073e-05    0.731969062100081    0.731911662610879
606.899999999593    3.97197976979963e-05    0.731978545657032    0.731920399887064
606.999999999593    3.77025954241679e-05    0.731988896946449    0.731933703264921
607.099999999593    3.82920441197047e-05    0.732000210564533    0.731944153142369
607.199999999593    3.83323189464014e-05    0.732011415197136    0.73195529795816
607.299999999593    3.7191681196733e-05    0.732022240001493    0.731967791750956
607.399999999593    3.81995021294213e-05    0.732031783663485    0.731975859300411
607.499999999593    3.87832003798088e-05    0.732039302871374    0.731982523419524
607.599999999592    3.65913525173525e-05    0.732045666590561    0.731992095468711
607.699999999592    3.57270831209046e-05    0.732050937596262    0.731998631375619
607.799999999592    3.82004082514414e-05    0.732053171458995    0.731997244135419
607.899999999592    3.81739875225773e-05    0.732052148358069    0.731996259792403
607.999999999592    3.49678032357545e-05    0.732050247711628    0.731999053123749
608.099999999592    3.47459414437368e-05    0.732047831386084    0.73199696177143
608.199999999592    3.64731811207988e-05    0.732043011723399    0.731989613796281
608.299999999592    3.69543069776701e-05    0.732035601872711    0.731981500135303
608.399999999592    3.62426179184579e-05    0.732027501225968    0.731974441962909
608.499999999592    3.3717513623998e-05    0.732020805859175    0.731971443680555
608.599999999592    3.20569450085055e-05    0.732015466886539    0.731968536031864
608.699999999591    3.54094094261537e-05    0.732008377953933    0.731956539820774
608.799999999591    3.89875801636322e-05    0.731997884499326    0.731940809072156
608.899999999591    3.54719925588943e-05    0.731987890660607    0.731935962364586
608.999999999591    3.04966593784349e-05    0.731982402182364    0.731937757507897
609.099999999591    3.2644062787174e-05    0.73197867368477    0.731930885729197
609.199999999591    3.71533530418077e-05    0.731971719308543    0.731917330921845
609.299999999591    3.7295724034075e-05    0.731961722686142    0.731907126637515
609.399999999591    3.5127281130144e-05    0.731952233860089    0.73190081268259
609.499999999591    3.43256105212965e-05    0.731944923001254    0.73189467581332
609.599999999591    3.55834979803002e-05    0.731938824600952    0.731886736567053
609.699999999591    3.69829731811695e-05    0.731932912194799    0.731878776086389
609.79999999959    3.72725648002633e-05    0.731927721689144    0.731873162075849
609.89999999959    3.67198406553801e-05    0.731924424749359    0.731870674426565
609.99999999959    3.68026006440014e-05    0.731923319530144    0.73186944814949
610.09999999959    3.90404883561453e-05    0.731923682384135    0.731866535299185
610.19999999959    3.98202741531027e-05    0.731925922264689    0.73186763360399
610.29999999959    3.64552190591779e-05    0.731932228145056    0.731878864591009
610.39999999959    3.51126386040799e-05    0.731942065362964    0.731890666333279
610.49999999959    4.02066148387567e-05    0.731950378960022    0.731891522832492
610.59999999959    4.35096998340825e-05    0.73195443252556    0.731890741061454
610.69999999959    3.98792161051289e-05    0.731957779720909    0.731899402244002
610.79999999959    3.73174390634736e-05    0.731963338665973    0.731908710709974
610.899999999589    4.04605429997093e-05    0.731968765539387    0.731909536228412
610.999999999589    4.29051059559836e-05    0.73197183566833    0.73190902770478
611.099999999589    4.10399968389223e-05    0.731974448849286    0.731914370856753
611.199999999589    3.92216446832215e-05    0.731978672876671    0.731921256313796
611.299999999589    4.05390245670281e-05    0.731983363105561    0.731924017728285
611.399999999589    4.21534525444e-05    0.731986795135747    0.731925086195728
611.499999999589    4.14912039564429e-05    0.731989544981351    0.731928805246507
611.599999999589    4.07376168929189e-05    0.731992769364728    0.731933132512178
611.699999999589    4.0844704477553e-05    0.73199633826396    0.731936544357995
611.799999999589    4.16950523846241e-05    0.731999603523139    0.731938564544533
611.899999999589    4.1860894647909e-05    0.732002601681389    0.731941319679126
611.999999999588    4.11242364275705e-05    0.732006268442366    0.731946064520506
612.099999999588    4.16762466078413e-05    0.732011025639456    0.731950013238175
612.199999999588    4.1313697906545e-05    0.73201705542273    0.731956573258492
612.299999999588    3.88953553499542e-05    0.732024767452961    0.73196782494085
612.399999999588    3.88180039690233e-05    0.732032622593049    0.731975792708573
612.499999999588    4.16825159272286e-05    0.732037386389533    0.731976362613122
612.599999999588    4.17663612993083e-05    0.732038430177429    0.73197728356818
612.699999999588    3.96892789055522e-05    0.732037844471502    0.731979738669322
612.799999999588    3.8984127179285e-05    0.73203651850729    0.731979445122771
612.899999999588    3.96845577500677e-05    0.73203368970626    0.731975591145408
612.999999999588    4.00070787431648e-05    0.732028956734577    0.731970386397577
613.099999999587    3.92552176010997e-05    0.732023002284768    0.731965533096246
613.199999999587    3.92800221904866e-05    0.732016387631776    0.731958882650673
613.299999999587    3.97246437364764e-05    0.732009266296361    0.731951110991929
613.399999999587    3.84236000283886e-05    0.732002334806772    0.731946084638241
613.499999999587    3.78998580303522e-05    0.731995726213732    0.731940243248324
613.599999999587    4.0513833444796e-05    0.731988050252124    0.731928741371051
613.699999999587    4.07718172708758e-05    0.731979477028003    0.731919791194536
613.799999999587    3.74982709236307e-05    0.731972357313239    0.731917463976118
613.899999999587    3.80454370946031e-05    0.731966474995966    0.731910781145904
613.999999999587    4.15924975735039e-05    0.7319591707417    0.731898285254014
614.099999999587    4.0985627330564e-05    0.731950683894223    0.731890687437306
614.199999999586    3.9325517354582e-05    0.73194315862734    0.731885592804371
614.299999999586    4.13293944057367e-05    0.73193642112754    0.731875922649848
614.399999999586    4.23955972252425e-05    0.731930067859643    0.731868009265946
614.499999999586    4.07001440508287e-05    0.73192554814187    0.731865971616156
614.599999999586    4.08754145946128e-05    0.731923098342966    0.731863265468467
614.699999999586    4.31576566160777e-05    0.731921120534298    0.731857947259929
614.799999999586    4.35925618954914e-05    0.731919291086366    0.731855481393996
614.899999999586    4.30739889534604e-05    0.731918597993464    0.731855547402095
614.999999999586    4.45725141285486e-05    0.731919083790124    0.731853839750809
615.099999999586    4.61534622736194e-05    0.731920793235454    0.731853234996065
615.199999999586    4.50757105608979e-05    0.73192534714882    0.731859366012766
615.299999999585    4.31188133706973e-05    0.731933937788868    0.731870820264695
615.399999999585    4.46500912557612e-05    0.731944566467917    0.731879206602867
615.499999999585    4.78266843676053e-05    0.731954249603619    0.731884239062256
615.599999999585    4.76234240330883e-05    0.731963220501307    0.731893506631667
615.699999999585    4.53565849640564e-05    0.731973621275186    0.731907224639221
615.799999999585    4.63159584096427e-05    0.731985314518804    0.731917512456354
615.899999999585    4.76953951883281e-05    0.731996856550868    0.731927034122376
615.999999999585    4.58370954283083e-05    0.732008319207944    0.731941216013396
616.099999999585    4.52059501290793e-05    0.732019089033983    0.731952908788859
616.199999999585    4.84327430840872e-05    0.732026696023618    0.731955791335928
616.299999999585    4.89881074867533e-05    0.73203103673104    0.731959318614153
616.399999999584    4.51383727371943e-05    0.732035340057723    0.73196925727252
616.499999999584    4.46694599813478e-05    0.732040442461355    0.731975045680096
616.599999999584    4.74884932105329e-05    0.732043971729954    0.731974447701182
616.699999999584    4.63473803682797e-05    0.732045813523279    0.731977959856586
616.799999999584    4.422819636085e-05    0.7320475674488    0.731982816025522
616.899999999584    4.5993028825477e-05    0.732048453645957    0.731981118491645
616.999999999584    4.6237868645198e-05    0.732047779870087    0.731980086341916
617.099999999584    4.37804361842614e-05    0.732046902813579    0.731982806954299
617.199999999584    4.3844879056326e-05    0.732045750785558    0.731981560685152
617.299999999584    4.56421455021399e-05    0.732042731742699    0.731975910790799
617.399999999584    4.52338737378505e-05    0.732038167115334    0.731971944266804
617.499999999583    4.36023397091216e-05    0.732033829928572    0.731969995936421
617.599999999583    4.21880379318989e-05    0.732030245238898    0.731968482005061
617.699999999583    4.28675841453852e-05    0.732025928832036    0.731963171156105
617.799999999583    4.60799525015494e-05    0.732019020944739    0.731951561249848
617.899999999583    4.61148126667742e-05    0.732010755470143    0.731943245505635
617.999999999583    4.17698338241188e-05    0.732005000559575    0.731943851659291
618.099999999583    4.03433637728262e-05    0.732002333979936    0.73194327348975
618.199999999583    4.31856696773808e-05    0.731998869584793    0.731935648592261
618.299999999583    4.51399001497784e-05    0.731991803592607    0.731925722501652
618.399999999583    4.54427533807013e-05    0.731981930748909    0.731915407223205
618.499999999583    4.47136257408086e-05    0.731971667579145    0.731906212291494
618.599999999582    4.38505719738122e-05    0.731962968701316    0.731898777526453
618.699999999582    4.44670679594373e-05    0.731956170235679    0.731891077240643
618.799999999582    4.49449747639382e-05    0.731950958585448    0.731885166507747
618.899999999582    4.4262048041572e-05    0.731947396068691    0.731882603954905
618.999999999582    4.51809650866475e-05    0.731944825609004    0.731878688649913
619.099999999582    4.76128791156181e-05    0.73194215375656    0.731872457328435
619.199999999582    4.72741231075261e-05    0.731940268505523    0.731871068108189
619.299999999582    4.46791794151572e-05    0.731941123198878    0.731875721063462
619.399999999582    4.52802714232764e-05    0.731943815705561    0.731877533477555
619.499999999582    4.96074340665122e-05    0.731945262946504    0.731872646696066
619.599999999582    5.08899703556551e-05    0.731945555002216    0.731871061418001
619.699999999581    4.61771008282408e-05    0.731948605842794    0.731881010435008
619.799999999581    4.43181540131021e-05    0.731955073077358    0.731890198157176
619.899999999581    5.00859414988655e-05    0.731959836996371    0.731886518873427
619.999999999581    5.36701324787125e-05    0.731960364419422    0.73188179981654
620.099999999581    4.95601821096829e-05    0.731961006813844    0.731888458167778
620.199999999581    4.66673111076929e-05    0.731965142466777    0.731896827964784
620.299999999581    5.05209209745623e-05    0.731970278319887    0.731896322431033
620.399999999581    5.35188605140463e-05    0.731974305793693    0.731895961125067
620.499999999581    5.00335200850678e-05    0.731980109102332    0.731906865683977
620.599999999581    4.77111983028407e-05    0.731989769045471    0.731919924159801
620.699999999581    5.07634758455064e-05    0.732000363688467    0.731926049695342
620.79999999958    5.31028387216421e-05    0.732009253338438    0.731931513927976
620.89999999958    5.17190385281964e-05    0.732017851139683    0.731942136536676
620.99999999958    4.98633891583403e-05    0.73202821279384    0.731955213618527
621.09999999958    4.8928170797353e-05    0.732039956098959    0.73196832485174
621.19999999958    4.95072412956079e-05    0.732050711648113    0.731978231613955
621.29999999958    5.12949278254064e-05    0.732058036312048    0.731982938435915
621.39999999958    5.17504653800701e-05    0.732061791101085    0.731986025945214
621.49999999958    5.01747597746167e-05    0.732064116911588    0.731990658314944
621.59999999958    4.76177630072583e-05    0.732066699573757    0.731996984136239
621.69999999958    4.60273546951782e-05    0.732068586260943    0.732001199001638
621.79999999958    4.87711318995874e-05    0.732066302266412    0.731994898344488
621.899999999579    5.35856615809705e-05    0.732057754847932    0.731979303453584
621.999999999579    5.11131139083755e-05    0.732047153023234    0.731972322429022
622.099999999579    4.40594638594548e-05    0.7320409899587    0.731976486133622
622.199999999579    4.3930631175808e-05    0.732038603120761    0.7319742881104
622.299999999579    4.90441848593216e-05    0.732034110156588    0.731962309645542
622.399999999579    4.96470447910476e-05    0.732025837844405    0.731953155613744
622.499999999579    4.63923467272106e-05    0.732016697911624    0.731948781117524
622.599999999579    4.67402970617451e-05    0.732007635512031    0.73193921020158
622.699999999579    4.92804527172709e-05    0.731997370901713    0.731925228133289
622.799999999579    4.8274914714895e-05    0.731986826298695    0.731916156507049
622.899999999579    4.62092024092262e-05    0.731977980891447    0.731910335779917
622.999999999578    4.75739199341208e-05    0.731970240608952    0.731900598534857
623.099999999578    4.97897830983813e-05    0.731962163385585    0.731889278539803
623.199999999578    4.90202389641813e-05    0.731954684365202    0.731882926695703
623.299999999578    4.74980907399546e-05    0.731949442489415    0.731879913389842
623.399999999578    4.86421275511842e-05    0.731945820107128    0.731874616766725
623.499999999578    5.07499089451241e-05    0.731942348540584    0.731868060295623
623.599999999578    5.14306424594376e-05    0.731939389073979    0.731864104719858
623.699999999578    5.08727673012718e-05    0.731938699689284    0.731864231983366
623.799999999578    5.01312657574823e-05    0.731941462110806    0.731868079485658
623.899999999578    5.0877401671608e-05    0.73194716952214    0.73187269417096
623.999999999578    5.28188089092388e-05    0.731954535837442    0.731877217987762
624.099999999577    5.23971817953956e-05    0.731963659132375    0.731886957485494
624.199999999577    5.04732149056089e-05    0.731975197657139    0.731901311103517
624.299999999577    5.19153348338589e-05    0.731987348486857    0.731911349695778
624.399999999577    5.38770425357619e-05    0.731997505978342    0.731918634506172
624.499999999577    5.26681121769063e-05    0.732005626836677    0.731928524188591
624.599999999577    5.25665632324333e-05    0.732012154634078    0.731935199952894
624.699999999577    5.42496845297665e-05    0.732016482189006    0.731937063171004
624.799999999577    5.32459417739049e-05    0.732019300226577    0.731941350263022
624.899999999577    5.16288959449067e-05    0.732021875875776    0.731946292815528
624.999999999577    5.33408743511681e-05    0.73202338820106    0.731945298831271
625.099999999577    5.44517247571649e-05    0.732023106798987    0.731943391298179
625.199999999576    5.24751619664869e-05    0.732022609053258    0.731945787074557
625.299999999576    5.18266715003388e-05    0.732022882645489    0.731947009958779
625.399999999576    5.40386076935458e-05    0.732022916288397    0.731943805565039
625.499999999576    5.44142028701486e-05    0.732022901779046    0.731943241228346
625.599999999576    5.07445635458486e-05    0.732025072878163    0.731950784062261
625.699999999576    4.95397842320992e-05    0.732029146707656    0.731956621168597
625.799999999576    5.38906832351112e-05    0.73203103389323    0.731952138839806
625.899999999576    5.6017594931076e-05    0.732029125548457    0.731947117120306
625.999999999576    5.15388843604418e-05    0.732027076855704    0.731951625026682
626.099999999576    4.91834261086451e-05    0.732027006014063    0.731955002363129
626.199999999576    5.34735468388469e-05    0.732025828372885    0.731947544524159
626.299999999575    5.5284925589763e-05    0.732022044827328    0.731941109733262
626.399999999575    5.00653947594367e-05    0.732019071717137    0.731945777739035
626.499999999575    4.82265913709155e-05    0.732017839271746    0.73194723722622
626.599999999575    5.45667128089565e-05    0.732013789535477    0.731933906721968
626.699999999575    5.64870993802931e-05    0.732005827200159    0.731923134099436
626.799999999575    5.02054017140879e-05    0.731999312475931    0.731925815526801
626.899999999575    4.85137686375293e-05    0.731996159667482    0.731925139328279
626.999999999575    5.38441089062544e-05    0.731991988143723    0.731913165475204
627.099999999575    5.613919904656e-05    0.731985063548128    0.731902882051368
627.199999999575    5.27091544505138e-05    0.731979234381522    0.731902074435518
627.299999999575    5.042204191955e-05    0.7319771806817    0.731903368835268
627.399999999574    5.30869276156843e-05    0.731976817712203    0.731899105037054
627.499999999574    5.53974624711402e-05    0.731975939428877    0.73189484470205
627.599999999574    5.37205568186545e-05    0.731975766882867    0.731897126815905
627.699999999574    5.24051665293411e-05    0.731977494694754    0.731900779909995
627.799999999574    5.48104661831015e-05    0.731979565302468    0.731899329417813
627.899999999574    5.71150261595427e-05    0.731980830749813    0.731897221316574
627.999999999574    5.43294572149516e-05    0.731983437843026    0.731903905638231
628.099999999574    5.22659966461765e-05    0.731988863912207    0.731912351656184
628.199999999574    5.55607401408795e-05    0.731994362807184    0.731913027029107
628.299999999574    5.69089009214046e-05    0.731997738232828    0.731914428600368
628.399999999574    5.49796190088913e-05    0.732000126988399    0.731919641237282
628.499999999573    5.55930807651274e-05    0.732001853487425    0.731920469535488
628.599999999573    5.69198169818195e-05    0.732002059993183    0.73191873388952
628.699999999573    5.63832465945374e-05    0.732001309293583    0.731918768726829
628.799999999573    5.6425866983889e-05    0.732000581589367    0.731917978715408
628.899999999573    5.66336392299636e-05    0.732000265177209    0.731917358194665
628.999999999573    5.5539310747818e-05    0.732000831063025    0.731919525935408
629.099999999573    5.66077706625258e-05    0.732001782941492    0.731918913654431
629.199999999573    5.87079915703626e-05    0.732002261471927    0.731916317752318
629.299999999573    5.71322316466098e-05    0.732003733841929    0.731920096606534
629.399999999573    5.48016535039182e-05    0.732007879780928    0.73192765369307
629.499999999573    5.64670562631774e-05    0.732013154705301    0.731930490117143
629.599999999572    5.83902454127703e-05    0.732017546908552    0.731932066531352
629.699999999572    5.72693340824091e-05    0.732021821857852    0.73193798185477
629.799999999572    5.58667482274529e-05    0.732027116663107    0.731945329283058
629.899999999572    5.62264707306289e-05    0.732032598194299    0.731950283603645
629.999999999572    5.68366863543527e-05    0.732036802432812    0.73195359406982
630.099999999572    5.72353692301003e-05    0.732039205553202    0.731955413280642
630.199999999572    5.74420885245775e-05    0.732040204683001    0.731956109677112
630.299999999572    5.66045089078936e-05    0.732040903133716    0.731958034192827
630.399999999572    5.49784039393615e-05    0.732042099865268    0.731961611277868
630.499999999572    5.48616283547212e-05    0.732042847002069    0.731962529283206
630.599999999572    5.70538111646645e-05    0.732041004545372    0.731957477852412
630.699999999571    5.76833804012965e-05    0.732036209568623    0.731951761793568
630.799999999571    5.52797805476207e-05    0.73203051322262    0.731949584724079
630.899999999571    5.50262899522211e-05    0.73202479875919    0.731944241974274
630.999999999571    5.75033751570793e-05    0.732017987422115    0.731933805252969
631.099999999571    5.73573328554753e-05    0.732010651274345    0.731926683733341
631.199999999571    5.42665554958443e-05    0.732005029095492    0.731925586623492
631.299999999571    5.47977835834319e-05    0.732000805115455    0.731920585467911
631.399999999571    5.78744471586394e-05    0.731995536922451    0.73191081415169
631.499999999571    5.78033909907531e-05    0.731989408081925    0.731904790033222
631.599999999571    5.65553755861924e-05    0.731984514153383    0.731901723517396
631.699999999571    5.66661949529819e-05    0.731981530781327    0.73189857826568
631.79999999957    5.74013438784467e-05    0.731979930321502    0.731895901881462
631.89999999957    5.75350471990087e-05    0.731979333994801    0.731895109909578
631.99999999957    5.64441120012352e-05    0.731979567159231    0.731896939949708
632.09999999957    5.68392172438351e-05    0.731979354425617    0.731896148887866
632.19999999957    6.02318227579129e-05    0.731976372217018    0.731888200985503
632.29999999957    6.14971337655259e-05    0.731970714404402    0.731880691738665
632.39999999957    5.92397559254604e-05    0.731965697926334    0.731878980124894
632.49999999957    5.89341501335026e-05    0.731963379274031    0.731877109078919
632.59999999957    5.99254394752946e-05    0.731963270780682    0.73187554959605
632.69999999957    5.96853372303614e-05    0.731964990125483    0.731877620185635
632.79999999957    6.10600095290538e-05    0.731968104597112    0.731878722095925
632.899999999569    6.14858482576532e-05    0.731972418174998    0.73188241181905
632.999999999569    5.97368020010416e-05    0.731978636306925    0.731891189404991
633.099999999569    6.08052456688398e-05    0.731985852140534    0.731896840393784
633.199999999569    6.46498638148772e-05    0.73199216526033    0.731897524991215
633.299999999569    6.45432246489543e-05    0.731998920456222    0.731904435413059
633.399999999569    5.93190093515126e-05    0.732009855790187    0.731923016742431
633.499999999569    5.82781198754953e-05    0.732024427983845    0.73193911094123
633.599999999569    6.35876384602974e-05    0.732037110918547    0.731944019815693
633.699999999569    6.46807723426241e-05    0.732045688001914    0.731950995565714
633.799999999569    6.11582655229608e-05    0.732053086354225    0.731963549636071
633.899999999569    6.07805459356278e-05    0.732060522208237    0.731971537540378
633.999999999568    6.18763554790392e-05    0.732066582143412    0.731975992524625
634.099999999568    6.10391060707966e-05    0.732070865925253    0.731981501477506
634.199999999568    6.09982238185583e-05    0.732073429620268    0.731984124709886
634.299999999568    6.19954010184989e-05    0.732073998477371    0.731983233662151
634.399999999568    6.12298219258009e-05    0.732073461191494    0.731983817225047
634.499999999568    5.82872439807623e-05    0.732073369083468    0.731988032979323
634.599999999568    5.78539274124171e-05    0.732072977696249    0.73198827600275
634.699999999568    6.06615041296083e-05    0.732069322273014    0.731980510808019
634.799999999568    6.10430597780208e-05    0.73206164929315    0.731972280182476
634.899999999568    5.95927930458584e-05    0.732052035341391    0.731964790489673
634.999999999568    6.04694478306563e-05    0.732041956020067    0.731953429027507
635.099999999567    6.05905249024894e-05    0.732032581709279    0.731943878607103
635.199999999567    5.63258126667041e-05    0.732025996012098    0.731943536738446
635.299999999567    5.5358792545783e-05    0.73202132367387    0.731940280527128
635.399999999567    6.17552363041081e-05    0.732013667440578    0.731923261669586
635.499999999567    6.36943913136382e-05    0.732002137642192    0.731908894720049
635.599999999567    5.78513070273955e-05    0.731992028182114    0.731907339690326
635.699999999567    5.67026595339345e-05    0.731985373541658    0.731902367213498
635.799999999567    6.1630784953576e-05    0.731978609325916    0.731888390053676
635.899999999567    6.22038791856197e-05    0.731970765313056    0.73187970813506
635.999999999567    5.94818121207539e-05    0.731964600015857    0.731877528033422
636.099999999567    6.06845075674626e-05    0.731960629376974    0.731871797426992
636.199999999566    6.29526432212845e-05    0.731957639728306    0.731865488193195
636.299999999566    6.22601848488103e-05    0.731956518348119    0.73186538052611
636.399999999566    6.09467908124702e-05    0.731958640201517    0.731869424578668
636.499999999566    6.14615369630557e-05    0.731963119352817    0.731873149725857
636.599999999566    6.29676621330647e-05    0.731967784846091    0.731875610049785
636.699999999566    6.3919548320464e-05    0.73197145255006    0.731877883961661
636.799999999566    6.57600740762216e-05    0.731974197308786    0.731877934284176
636.899999999566    6.59976757113949e-05    0.731977467231769    0.731880855984866
636.999999999566    6.28274766630632e-05    0.731983866366207    0.731891894745988
637.099999999566    6.33405392618111e-05    0.731993269012797    0.731900545189183
637.199999999566    6.60807886358592e-05    0.732002964955815    0.731906228681808
637.299999999565    6.45725175159979e-05    0.732012538750056    0.731918009069114
637.399999999565    6.36255534496093e-05    0.732022218628275    0.731929073917064
637.499999999565    6.67249808910102e-05    0.732029927506354    0.731932244658391
637.599999999565    6.70717904257976e-05    0.732035115374358    0.731936924148534
637.699999999565    6.4231867437689e-05    0.732040016748131    0.731945982193516
637.799999999565    6.43903930549623e-05    0.732044960672551    0.731950693416954
637.899999999565    6.72619682570666e-05    0.732048298559485    0.731949827164024
637.999999999565    6.66063973140571e-05    0.732050738795034    0.731953226765235
638.099999999565    6.21971701704346e-05    0.732054868660607    0.731963810841665
638.199999999565    6.26779232363094e-05    0.732059594860497    0.731967832661779
638.299999999565    6.73815312859651e-05    0.732060984928473    0.731962336795217
638.399999999564    6.69986335567232e-05    0.732059295299471    0.731961207926256
638.499999999564    6.29955544527353e-05    0.732058286984102    0.731966059958634
638.599999999564    6.2326381734924e-05    0.732058622597782    0.731967375154576
638.699999999564    6.43892964069049e-05    0.732057843214595    0.731963575905494
638.799999999564    6.56743601875486e-05    0.732054768349106    0.731958620206506
638.899999999564    6.3758247067931e-05    0.732050850884049    0.731957508277376
638.999999999564    6.2173444341911e-05    0.732047308619309    0.731956286473273
639.099999999564    6.40419992869966e-05    0.732042925203893    0.731949168223289
639.199999999564    6.49636917276748e-05    0.732036901100111    0.73194179563936
639.299999999564    6.34639172893465e-05    0.732030631497602    0.73193772233108
639.399999999564    6.35234579030654e-05    0.73202503316967    0.731932037554316
639.499999999563    6.42891576329122e-05    0.732019923775952    0.73192580793804
639.599999999563    6.26874891432992e-05    0.73201573126954    0.731923960566001
639.699999999563    6.20041938067357e-05    0.732012192133487    0.731921422109949
639.799999999563    6.53737216998718e-05    0.73200715938035    0.731911457572094
639.899999999563    6.72974021870716e-05    0.73200025596524    0.731901739163912
639.999999999563    6.34842489060962e-05    0.731994922515891    0.731901988120044
640.099999999563    6.1211042198371e-05    0.731992929987301    0.731903323371963
640.199999999563    6.51626064321346e-05    0.731991085899881    0.731895695221701
640.299999999563    6.8372724914276e-05    0.731987111492207    0.731887022428739
640.399999999563    6.59607286410533e-05    0.73198373041978    0.731887172428392
640.499999999563    6.36493157355975e-05    0.731983707749399    0.731890533155642
640.599999999562    6.49509859245665e-05    0.731985769389319    0.731890689170064
640.699999999562    6.69610123314037e-05    0.731987565664973    0.731889542971849
640.799999999562    6.77577494805163e-05    0.731988755797618    0.731889566696973
640.899999999562    6.75153304891213e-05    0.731990571505294    0.731891737007438
640.999999999562    6.58994941834875e-05    0.731994195109808    0.731897725372709
641.099999999562    6.53244406732703e-05    0.731998963930074    0.731903335331174
641.199999999562    6.860321067633e-05    0.732002058591535    0.73190163009837
641.299999999562    7.09239040500658e-05    0.732002344807126    0.731898519242705
641.399999999562    6.83591481510784e-05    0.73200269564091    0.731902624320264
641.499999999562    6.62161140306978e-05    0.732005477700166    0.73190854300244
641.599999999562    6.82826367901421e-05    0.732009083083901    0.731909122888752
641.699999999561    6.98524329705049e-05    0.732011493015679    0.731909234591179
641.799999999561    6.89922332627474e-05    0.732013225922382    0.731912226436093
641.899999999561    6.94861316435731e-05    0.73201503657563    0.731913313857555
641.999999999561    7.03393215731616e-05    0.732017130631233    0.731914158697512
642.099999999561    6.91854710676951e-05    0.732020629887011    0.731919346510129
642.199999999561    6.7733783301582e-05    0.732026173264299    0.731927014176337
642.299999999561    6.90654286237682e-05    0.732032139453023    0.731931030209221
642.399999999561    7.15851819272324e-05    0.732036675823972    0.731931877368756
642.499999999561    6.99755620603226e-05    0.732040901114277    0.731938458335755
642.599999999561    6.80590458722679e-05    0.732046602967853    0.731946964962456
642.699999999561    6.95627553813986e-05    0.732052765990065    0.731950925859372
642.79999999956    6.98372326790061e-05    0.732058249448999    0.731956006744743
642.89999999956    6.91302795192715e-05    0.732063450403721    0.731962241898389
642.99999999956    6.88411905493214e-05    0.732068506290405    0.731967720293559
643.09999999956    6.73852386661099e-05    0.732073120033748    0.731974464837822
643.19999999956    6.80036793354399e-05    0.73207605117038    0.731976490210826
643.29999999956    7.03699329350521e-05    0.732075685203076    0.731972660219195
643.39999999956    6.90223564673884e-05    0.732073021031641    0.731971969196441
643.49999999956    6.67313026685064e-05    0.732070227171525    0.731972529691197
643.59999999956    6.75718924544357e-05    0.732067030201015    0.731968102576474
643.69999999956    6.8189256028413e-05    0.732062395877797    0.731962565104901
643.79999999956    6.78515724290243e-05    0.732056694215401    0.731957358559862
643.899999999559    6.77434708302235e-05    0.732050609871968    0.731951433292262
643.999999999559    6.64660587239123e-05    0.732044678629936    0.731947372848272
644.099999999559    6.63793631886351e-05    0.732038584656801    0.731941406597261
644.199999999559    6.83995178581978e-05    0.732030989238314    0.731930854954009
644.299999999559    6.81697062698267e-05    0.732021989199424    0.731922192554558
644.399999999559    6.70190697203215e-05    0.732012967976243    0.731914856895283
644.499999999559    6.88468525843056e-05    0.7320039830767    0.73190319767483
644.599999999559    6.96615498332166e-05    0.731995325765361    0.731893349011493
644.699999999559    6.70528645227677e-05    0.731989005513611    0.731890848176104
644.799999999559    6.57168047933989e-05    0.731985288340427    0.731889087193848
644.899999999559    6.91279042594347e-05    0.731981098407107    0.73187990476383
644.999999999558    7.34202131331315e-05    0.731974436910004    0.73186696136255
645.099999999558    7.17216611516123e-05    0.731968477235274    0.731863488775025
645.199999999558    6.63865650934582e-05    0.731967731772802    0.731870552577251
645.299999999558    6.70655674879948e-05    0.731970792738602    0.731872619249463
645.399999999558    7.30431791126487e-05    0.731972047669382    0.731865124348634
645.499999999558    7.50004948417009e-05    0.731970234304853    0.731860446279444
645.599999999558    7.23743425634464e-05    0.731969398945948    0.73186345500552
645.699999999558    7.10091865985152e-05    0.731972361761775    0.731868415618864
645.799999999558    7.19361677568821e-05    0.731978292798287    0.731872988946912
645.899999999558    7.38280811476997e-05    0.731985393791336    0.731877319616142
645.999999999558    7.44669604384781e-05    0.731993200811274    0.731884190311503
646.099999999557    7.24636907981684e-05    0.732002615807589    0.731896536272073
646.199999999557    7.26825603445943e-05    0.73201297181025    0.731906570389785
646.299999999557    7.50824167678161e-05    0.732021768337102    0.73191185266285
646.399999999557    7.5715604179818e-05    0.732028410961052    0.731917567406813
646.499999999557    7.4991169737516e-05    0.732034410219024    0.731924626218433
646.599999999557    7.42932142749551e-05    0.732040965780675    0.73193220250839
646.699999999557    7.37830527672508e-05    0.732048076190356    0.73194005867655
646.799999999557    7.40672760069583e-05    0.732054835782537    0.731946401198843
646.899999999557    7.5550795446781e-05    0.732060178744228    0.731949571643045
646.999999999557    7.4972222003442e-05    0.732064472589769    0.731954711818459
647.099999999557    7.30983963332602e-05    0.732068954006586    0.731961935696366
647.199999999556    7.29768832267395e-05    0.732073158293015    0.731966317255169
647.299999999556    7.42556826528923e-05    0.732075510259569    0.731966796798626
647.399999999556    7.53216073249374e-05    0.732075699438192    0.731965425507471
647.499999999556    7.40844338753322e-05    0.732075479128903    0.731967016369455
647.599999999556    7.10539442846591e-05    0.732076728168375    0.731972701681756
647.699999999556    7.1048631201894e-05    0.732078437988744    0.731974419037245
647.799999999556    7.43582841495629e-05    0.732077597259589    0.731968733286534
647.899999999556    7.44486036728663e-05    0.732073927383676    0.731964931734892
647.999999999556    7.24231310226807e-05    0.732070000497861    0.731963970573752
648.099999999556    7.25258203626127e-05    0.732067096483826    0.73196091665114
648.199999999556    7.09947498759558e-05    0.732065359745035    0.731961421529886
648.299999999555    6.95079248799107e-05    0.732064283922882    0.731962522457602
648.399999999555    7.22404330014543e-05    0.732061139808271    0.731955378621058
648.499999999555    7.38085847796716e-05    0.732054294051072    0.731946238243667
648.599999999555    7.23461688476084e-05    0.732045596949431    0.731939683223161
648.699999999555    7.20572005309336e-05    0.732037047307808    0.731931557828457
648.799999999555    7.2833534384868e-05    0.732029330386001    0.731922705585051
648.899999999555    7.13579548210668e-05    0.73202344614534    0.731918982207677
648.999999999555    6.96205263623787e-05    0.732019703955335    0.731917783856872
649.099999999555    7.18421233942765e-05    0.732015795597292    0.731910624014814
649.199999999555    7.49629770753122e-05    0.732009560524929    0.731899821519482
649.299999999555    7.42870979434667e-05    0.732002531449651    0.731893782840772
649.399999999554    7.24636483722705e-05    0.731997632302703    0.731891553551483
649.499999999554    7.22439368509862e-05    0.731995532247745    0.731889775410021
649.599999999554    7.2261380416458e-05    0.731995045447237    0.731889263146328
649.699999999554    7.34791323230046e-05    0.731994377258955    0.731886812539304
649.799999999554    7.59765696580233e-05    0.731992097493331    0.73188087744628
649.899999999554    7.61689983345361e-05    0.731989016857486    0.731877515610012
649.999999999554    7.41818671930366e-05    0.731987327465093    0.731878735147247
650.099999999554    7.4248196174946e-05    0.731987326558833    0.731878637151586
650.199999999554    7.67467124790665e-05    0.731987300662451    0.73187495404688
650.299999999554    7.729691580401e-05    0.731986847713073    0.731873695807892
650.399999999554    7.64152512227346e-05    0.731987288446383    0.731875427009225
650.499999999553    7.67154180630987e-05    0.731989152045146    0.731876850952738
650.599999999553    7.79290787392946e-05    0.7319920247685    0.731877946730227
650.699999999553    7.83223371224337e-05    0.731995973182602    0.731881318891826
650.799999999553    7.71157423112528e-05    0.732001755475902    0.731888866463929
650.899999999553    7.71504025747006e-05    0.732009031133714    0.731896090264267
650.999999999553    7.89486683080527e-05    0.732016136603869    0.731900562329974
651.099999999553    8.05094981089332e-05    0.732022463513452    0.73190460348002
651.199999999553    7.98285859661489e-05    0.732029524071715    0.731912659637253
651.299999999553    7.71135759867158e-05    0.732039253040961    0.731926361417308
651.399999999553    7.62977915177465e-05    0.732050929919535    0.731939230703476
651.499999999553    7.88976999604709e-05    0.732061160172269    0.731945653401952
651.599999999552    8.18692884523869e-05    0.732067899060305    0.731948041117
651.699999999552    7.98112800980452e-05    0.732073265587973    0.731956419504704
651.799999999552    7.57201771694767e-05    0.732080333617485    0.731969475506553
651.899999999552    7.7039188081183e-05    0.732087838702058    0.73197504848593
651.999999999552    7.9393986694862e-05    0.732092784953696    0.731976546652662
652.099999999552    7.77342158992604e-05    0.732095317612139    0.731981508748025
652.199999999552    7.67222755168395e-05    0.732096428269628    0.731984100679907
652.299999999552    7.8077495008106e-05    0.732095544547953    0.731981233100654
652.399999999552    7.77893617931757e-05    0.73209285530166    0.731978966089054
652.499999999552    7.59748680000967e-05    0.732089721078437    0.731978488689456
652.599999999552    7.61351709997055e-05    0.732086263562355    0.731974797023153
652.699999999551    7.71249804666549e-05    0.732081793813925    0.731968878934387
652.799999999551    7.61894134455537e-05    0.732076889129445    0.731965344610397
652.899999999551    7.43547505257926e-05    0.732072355577013    0.731963497556392
652.999999999551    7.46599943669387e-05    0.732067209157852    0.731957905051072
653.099999999551    7.66571417698945e-05    0.732059607501234    0.731947380909971
653.199999999551    7.7431103597915e-05    0.732049603107234    0.731936245067358
653.299999999551    7.69816255785255e-05    0.73203926156473    0.731926563095756
653.399999999551    7.49564967425993e-05    0.732030809760759    0.731921077055923
653.499999999551    7.31587374983881e-05    0.732024689286148    0.73191758911729
653.599999999551    7.56779063743646e-05    0.732018410368981    0.73190762351165
653.699999999551    7.92959194809848e-05    0.732009752307938    0.731893670739976
653.79999999955    7.82965157352908e-05    0.732000724631144    0.731886107392766
653.89999999955    7.5230171136059e-05    0.731994904066512    0.731884776147647
653.99999999955    7.53403810715059e-05    0.731992401348093    0.73188211248438
654.09999999955    7.77834910634833e-05    0.731990679155708    0.731876814431603
654.19999999955    7.97948575386775e-05    0.731988527130634    0.731871718610869
654.29999999955    7.92251577933303e-05    0.731987368472601    0.731871394031154
654.39999999955    7.68823314281003e-05    0.731989130434467    0.731876585025365
654.49999999955    7.79587886234592e-05    0.731993011334748    0.731878889654647
654.59999999955    8.19388806739984e-05    0.731996599397711    0.731876651262103
654.69999999955    8.10419265701433e-05    0.732000685298592    0.731882049421498
654.79999999955    7.7221371361108e-05    0.732007898651989    0.731894854073884
654.899999999549    7.91141627810177e-05    0.732016827771442    0.731901011137236
654.999999999549    8.25703230541851e-05    0.732024064932504    0.731903187986302
655.099999999549    8.06194585359515e-05    0.73202982402181    0.731911801840605
655.199999999549    8.01851683722088e-05    0.732035198115394    0.731917810796885
655.299999999549    8.34310820616233e-05    0.732039188731771    0.731917049278743
655.399999999549    8.11906834526674e-05    0.732042842777892    0.731923982310811
655.499999999549    7.76682911931486e-05    0.732047996784848    0.731934291782158
655.599999999549    8.11348222172397e-05    0.732052036285671    0.731933256099245
655.699999999549    8.41314983715008e-05    0.732052252157676    0.731929085214175
655.799999999549    8.25160844311589e-05    0.732050843889598    0.731930041919219
655.899999999549    8.13172341557514e-05    0.732050919833616    0.731931872802068
655.999999999548    7.99289849026105e-05    0.732053521735882    0.731936506499018
656.099999999548    7.94733813945946e-05    0.732057813351326    0.731941464378366
656.199999999548    8.18619652419212e-05    0.732061404756983    0.731941558597283
656.299999999548    8.24778029217153e-05    0.732063344957356    0.731942596963802
656.399999999548    8.09037513607624e-05    0.732064981606671    0.731946537582733
656.499999999548    8.13237308993931e-05    0.73206688481623    0.731947825677881
656.599999999548    8.19474270082224e-05    0.732068911959011    0.731948939462993
656.699999999548    7.98889824140498e-05    0.732071990917388    0.731955031288357
656.799999999548    7.87077655733682e-05    0.732076106861502    0.731960875781882
656.899999999548    8.03893978195794e-05    0.73207894108661    0.731961247777443
656.999999999548    8.19025882859795e-05    0.732078772309741    0.731958863837992
657.099999999547    8.13249993722296e-05    0.732076462494794    0.73195739994185
657.199999999547    7.96999355463014e-05    0.732073760831032    0.731957077667566
657.299999999547    7.90674432092373e-05    0.732071016255368    0.731955259440957
657.399999999547    8.03757487156071e-05    0.732067061152223    0.731949389733851
657.499999999547    8.07901143401148e-05    0.732061343793055    0.731943066709336
657.599999999547    7.99846388890847e-05    0.732054756926003    0.731937660021197
657.699999999547    8.05669145399964e-05    0.732047877887676    0.731929929712763
657.799999999547    8.08375754077574e-05    0.732041079261935    0.731922735976626
657.899999999547    7.93100326124122e-05    0.732035342028208    0.731919235742901
657.999999999547    7.90472020152726e-05    0.732030627671432    0.731914906873024
658.099999999547    8.17718568805275e-05    0.732025394544895    0.731905686182079
658.199999999546    8.24733996192139e-05    0.732019615549443    0.731898881214249
658.299999999546    7.95166158224306e-05    0.732015416758594    0.731899011237426
658.399999999546    7.93045573300142e-05    0.732012942616387    0.73189684789848
658.499999999546    8.28316833983785e-05    0.732009668482006    0.731888411339731
658.599999999546    8.37826187919188e-05    0.732005096721485    0.731882448389339
658.699999999546    8.1898855298831e-05    0.732001541489876    0.731881651132109
658.799999999546    8.1076822120997e-05    0.732000178986276    0.731881492112423
658.899999999546    8.25924323399698e-05    0.731999713436691    0.731878808148943
658.999999999546    8.56722090169587e-05    0.731998718935504    0.731873305785428
659.099999999546    8.51646100458156e-05    0.731998451592857    0.73187378148497
659.199999999546    7.97427927870375e-05    0.732001715126656    0.731884980713206
659.299999999545    8.05054686500816e-05    0.732006517136963    0.731888665569225
659.399999999545    8.94811416712751e-05    0.73200677764482    0.731875787761595
659.499999999545    9.17777508736481e-05    0.732003056595401    0.731868705737487
659.599999999545    8.32840244067649e-05    0.732003781581636    0.731881863293859
659.699999999545    7.87517561805665e-05    0.732012262156552    0.731896976733101
659.799999999545    8.57669065730902e-05    0.732021756082139    0.731896200367537
659.899999999545    9.22503172857648e-05    0.732026803430364    0.731891756478732
659.999999999545    8.75780374991535e-05    0.732031498890425    0.731903290354556
660.099999999545    8.21445035474844e-05    0.732041074558668    0.73192081813578
660.199999999545    8.5362690301103e-05    0.73205294803677    0.731927978686315
660.299999999545    8.93950434633926e-05    0.73206260380854    0.731931729971441
660.399999999544    8.7773395420299e-05    0.732070769826131    0.731942268430824
660.499999999544    8.45277672566065e-05    0.732079983783561    0.731956232071052
660.599999999544    8.48203873923961e-05    0.732089317166727    0.731965135500888
660.699999999544    8.76182023519001e-05    0.732095795082781    0.731967516487292
660.799999999544    8.7532569919929e-05    0.732099087099045    0.731970933287618
660.899999999544    8.53235954174398e-05    0.732101387812307    0.731976467425727
660.999999999544    8.49217939462858e-05    0.732103427347026    0.731979094832757
661.099999999544    8.47243732911495e-05    0.73210437606187    0.731980332402501
661.199999999544    8.47755815882287e-05    0.732103492971875    0.731979374495292
661.299999999544    8.6340216652524e-05    0.732100308898758    0.731973900414331
661.399999999544    8.60140374360998e-05    0.732095837471744    0.731969907265968
661.499999999543    8.2729745104045e-05    0.732092362096112    0.731971240487454
661.599999999543    8.1774583771047e-05    0.732089900578091    0.731970177674576
661.699999999543    8.4348695750229e-05    0.732085704923655    0.731962214391145
661.799999999543    8.60085675441907e-05    0.732078465685508    0.731952546475311
661.899999999543    8.42560078055726e-05    0.732070151639202    0.731946799415546
661.999999999543    8.22247066565862e-05    0.732062895935392    0.731942518519644
662.099999999543    8.31533519074428e-05    0.732056127818115    0.731934392099224
662.199999999543    8.49936043506924e-05    0.732048485051817    0.731924056748819
662.299999999543    8.43412779142737e-05    0.732040624185461    0.731917152115796
662.399999999543    8.27697647851084e-05    0.732034002247363    0.731912831712258
662.499999999543    8.43164828744532e-05    0.732028232198576    0.731904798514262
662.599999999542    8.55528997887165e-05    0.732022609040253    0.731897366441292
662.699999999542    8.35771239281951e-05    0.732018247119802    0.731895897385926
662.799999999542    8.31889532676018e-05    0.732015337465412    0.73189355641685
662.899999999542    8.55659532775546e-05    0.73201195089523    0.731886691012434
662.999999999542    8.7638934374659e-05    0.732007245872253    0.731878952445787
663.099999999542    8.75555578313602e-05    0.732003126305643    0.731874955643581
663.199999999542    8.55068860985085e-05    0.73200235592762    0.731877184146525
663.299999999542    8.38303075205366e-05    0.732005623373126    0.731882905147604
663.399999999542    8.56569496982601e-05    0.732010379445964    0.731884986634228
663.499999999542    8.96707808125322e-05    0.732013610200382    0.731882341507364
663.599999999542    9.00997492338417e-05    0.7320159908984    0.731884093867859
663.699999999541    8.62802196234789e-05    0.732020982545763    0.73189467558127
663.799999999541    8.49086556798022e-05    0.732029155003234    0.731904854334497
663.899999999541    8.78619239667784e-05    0.732036871909214    0.731908246874496
663.999999999541    9.07306209980734e-05    0.732041324608322    0.731908499531668
664.099999999541    9.11193037150858e-05    0.732043623868363    0.731910229412581
664.199999999541    8.89004018665719e-05    0.732047059856958    0.731916912871464
664.299999999541    8.65235020250811e-05    0.732053358663739    0.731926689983036
664.399999999541    8.75275758526691e-05    0.732060616112718    0.73193247634627
664.499999999541    9.04184744638098e-05    0.732065787792582    0.731933415218029
664.599999999541    9.00510623453688e-05    0.732068735556546    0.731936900293758
664.699999999541    8.80990489154135e-05    0.732071195838469    0.731942217649141
664.79999999954    8.91480556010415e-05    0.732073113542111    0.731942599387934
664.89999999954    9.03817266368367e-05    0.732073814396297    0.731941494164886
664.99999999954    8.84962582049782e-05    0.732074513579027    0.731944953334266
665.09999999954    8.70761296837369e-05    0.732076121072167    0.731948639462258
665.19999999954    8.8727850854935e-05    0.732077125299282    0.731947225565031
665.29999999954    8.99649244753687e-05    0.732076270936864    0.731944560413342
665.39999999954    8.95640121529918e-05    0.732074585195679    0.73194346186552
665.49999999954    8.84025263263702e-05    0.732073778018669    0.731944355117113
665.59999999954    8.70386929980324e-05    0.732074525595987    0.731947099067255
665.69999999954    8.72213906012603e-05    0.732075798398553    0.731948104197895
665.79999999954    8.88352075185858e-05    0.732075796264499    0.731945739607549
665.899999999539    8.99684381085386e-05    0.732074072156096    0.73194235688461
665.999999999539    8.8808754588687e-05    0.732072254174211    0.731942236870561
666.099999999539    8.66796540784954e-05    0.732072055037791    0.731945154532501
666.199999999539    8.58173588129522e-05    0.732072875389892    0.731947237050594
666.299999999539    8.7786426321889e-05    0.732072094018341    0.731943573314826
666.399999999539    9.01401332852032e-05    0.73206792149301    0.731935955988364
666.499999999539    8.86954390637445e-05    0.732061760777211    0.731931911215687
666.599999999539    8.75289527285825e-05    0.732055714764052    0.731927573839988
666.699999999539    8.96501248948926e-05    0.732049864850201    0.731918619892702
666.799999999539    8.83750984819014e-05    0.732044920551876    0.731915542901745
666.899999999539    8.51382891349002e-05    0.732042185262786    0.731917546235884
666.999999999538    8.85535882868382e-05    0.732039395069738    0.731909757119243
667.099999999538    9.27350195964119e-05    0.732034090439428    0.731898332637486
667.199999999538    8.96246058110691e-05    0.732029128189723    0.731897924304707
667.299999999538    8.6115405782521e-05    0.732027746138249    0.731901679261743
667.399999999538    8.91822522729933e-05    0.73202796717543    0.731897411013043
667.499999999538    9.24811153281162e-05    0.732027131617768    0.731891746767145
667.599999999538    8.95429828666692e-05    0.732026881951727    0.731895797948283
667.699999999538    8.73671585572273e-05    0.732028680742475    0.731900781385041
667.799999999538    9.10345697997073e-05    0.732029762226597    0.731896494329613
667.899999999538    9.30406758780091e-05    0.732028179471354    0.731891975350718
667.999999999538    9.14583021997276e-05    0.732025898888947    0.731892011442309
668.099999999537    9.16771669746073e-05    0.732024632112398    0.731890424527314
668.199999999537    9.17835847686821e-05    0.732024681510214    0.731890318143749
668.299999999537    9.11682300758676e-05    0.732026303476151    0.731892840558815
668.399999999537    9.23024839453407e-05    0.73202894433113    0.731893820623621
668.499999999537    9.21020944433217e-05    0.732032081468786    0.731897250511194
668.599999999537    9.22506836547915e-05    0.732035532997449    0.731900483899064
668.699999999537    9.5071594196931e-05    0.732038496526889    0.731899317625093
668.799999999537    9.43790956073596e-05    0.732042098741243    0.731903932838765
668.899999999537    9.11925666267091e-05    0.732048743526091    0.731915240892903
668.999999999537    9.16549550338185e-05    0.7320575509265    0.731923369821038
669.099999999537    9.42808184285492e-05    0.732065498159684    0.731927471704311
669.199999999536    9.48042965840919e-05    0.73207174424026    0.731932950304997
669.299999999536    9.37055077548647e-05    0.732077597852209    0.731940411301299
669.399999999536    9.2989439174677e-05    0.732083975980771    0.731947836483596
669.499999999536    9.25588399266789e-05    0.732090680394686    0.731955170009173
669.599999999536    9.21917664189635e-05    0.732096827468524    0.731961853312602
669.699999999536    9.33750354128046e-05    0.732101061147679    0.731964353987694
669.799999999536    9.48025282382887e-05    0.732102822833615    0.731964025594874
669.899999999536    9.29951287411457e-05    0.732103811799931    0.731967660284898
669.999999999536    9.03152694592112e-05    0.732105835198872    0.731973606469588
670.099999999536    9.07925950424185e-05    0.732107707677051    0.731974779828654
670.199999999536    9.2658565580543e-05    0.732106947929938    0.731971288540649
670.299999999535    9.30115694060898e-05    0.732103144128925    0.731966968670013
670.399999999535    9.20733335651574e-05    0.732097775608742    0.731962974654924
670.499999999535    9.10998143707955e-05    0.732092136439016    0.731958761673968
670.599999999535    9.13487822278213e-05    0.732086395546476    0.731952657361859
670.699999999535    9.13564179108762e-05    0.732080402381579    0.731946654113973
670.799999999535    9.0239195170878e-05    0.732074369873633    0.731942258191399
670.899999999535    9.09413720471173e-05    0.732067807082481    0.731934668688654
670.999999999535    9.30683169167269e-05    0.732059899468512    0.731923648983664
671.099999999535    9.25244838080913e-05    0.732051774712019    0.731916321819576
671.199999999535    9.00869009324926e-05    0.732045554810182    0.731913671260413
671.299999999535    8.92619382062069e-05    0.73204108746091    0.7319104123126
671.399999999534    9.17608373246653e-05    0.732035730492267    0.731901398395529
671.499999999534    9.4931324641183e-05    0.732027696763757    0.731888725238652
671.599999999534    9.461986014986e-05    0.732018886923033    0.731880372979788
671.699999999534    9.19631669443562e-05    0.732012885843077    0.73187826177708
671.799999999534    9.10718787565862e-05    0.732010676722017    0.731877357688434
671.899999999534    9.29343791434135e-05    0.732010129419459    0.731874084248924
671.999999999534    9.61563952152347e-05    0.732009193034283    0.731868431838839
672.099999999534    9.65930063336625e-05    0.732008796890463    0.731867396688025
672.199999999534    9.31508955593964e-05    0.732011857194636    0.731875494776801
672.299999999534    9.24275539551312e-05    0.732018625683616    0.731883320807471
672.399999999534    9.57138207990117e-05    0.732025789797922    0.731885673238483
672.499999999533    9.6988383152505e-05    0.732031303065892    0.73188931977162
672.599999999533    9.72058970471293e-05    0.732035882807497    0.731893580230829
672.699999999533    9.7092953698775e-05    0.73204093386415    0.731898795631776
672.799999999533    9.46398710547944e-05    0.732047762366173    0.731909213666732
672.899999999533    9.48826616381788e-05    0.732055532226396    0.731916626651397
672.999999999533    9.8750169339492e-05    0.732061402125229    0.7319168340265
673.099999999533    9.86837426702189e-05    0.732065444060395    0.7319209724016
673.199999999533    9.51329628757423e-05    0.732070540473524    0.731931265644052
673.299999999533    9.53585438795453e-05    0.732076819289485    0.731937213043142
673.399999999533    9.76638516736255e-05    0.732081782466731    0.731938800577661
673.499999999533    9.64162568386204e-05    0.732084883675885    0.731943727517289
673.599999999532    9.59285297132611e-05    0.732086490344578    0.731946047855736
673.699999999532    9.91021388239956e-05    0.732085680989415    0.731940592854383
673.799999999532    9.95417679969083e-05    0.732083557767727    0.731937826490753
673.899999999532    9.4946166338504e-05    0.732083929610567    0.731944925683348
673.999999999532    9.30052554440177e-05    0.732087673677226    0.731951510338937
674.099999999532    9.77457221391569e-05    0.732090939738873    0.731947836211478
674.199999999532    9.89590082094029e-05    0.732091869066131    0.731946989232734
674.299999999532    9.43497081850703e-05    0.732093091823573    0.731954959317179
674.399999999532    9.42526181612359e-05    0.732094890337341    0.731956899623014
674.499999999532    9.81775354924338e-05    0.732094483739989    0.731950747387347
674.599999999532    9.80903662100324e-05    0.732092135380635    0.731948527095906
674.699999999531    9.40804182218568e-05    0.732090962735927    0.731953224846464
674.799999999531    9.34734217698104e-05    0.732091243229309    0.731954393873981
674.899999999531    9.63221149310479e-05    0.732090096256751    0.73194907690725
674.999999999531    9.67111053800371e-05    0.732086426774039    0.731944838692045
675.099999999531    9.53360242291899e-05    0.732081568585465    0.731941994399592
675.199999999531    9.61139060872963e-05    0.732076172473766    0.731935460597154
675.299999999531    9.60992750656518e-05    0.73207053023293    0.731929840858572
675.399999999531    9.40448102956262e-05    0.732065607987308    0.731927926993037
675.499999999531    9.54600801029612e-05    0.732060791709702    0.731921039886788
675.599999999531    9.83554365730727e-05    0.732054776204956    0.731910787232836
675.699999999531    9.64030430068739e-05    0.732049265713236    0.731908135764901
675.79999999953    9.34729858351751e-05    0.732046473325162    0.731909632976774
675.89999999953    9.48934053935651e-05    0.732044866996184    0.731905947718047
675.99999999953    9.83447269967408e-05    0.732041576222395    0.731897605523226
676.09999999953    9.9315379294314e-05    0.732036805613968    0.731891415027476
676.19999999953    9.71217351577764e-05    0.732033505785059    0.731891326865171
676.29999999953    9.46853016272936e-05    0.732033434020526    0.731894821532088
676.39999999953    9.66798926023331e-05    0.732034622686574    0.731893090312504
676.49999999953    0.000100239750072008    0.732034232396543    0.73188748924904
676.59999999953    9.93167724611873e-05    0.732033074541859    0.731887682657115
676.69999999953    9.77887611529505e-05    0.732033437627826    0.731890282340828
676.79999999953    9.84263773790707e-05    0.732035266775837    0.731891177799148
676.899999999529    9.86681373865499e-05    0.732037532468819    0.731893089161119
676.999999999529    0.000100417608870483    0.73203945105066    0.731892446509958
677.099999999529    0.00010157674606706    0.732041135403413    0.731892433794996
677.199999999529    9.84507435444992e-05    0.732044436536583    0.731900310087769
677.299999999529    9.74832804304062e-05    0.732049468149048    0.731906756893824
677.399999999529    0.000101812795602114    0.732053022449223    0.731903972894886
677.499999999529    0.000103412279617132    0.732054096230296    0.731902705120207
677.599999999529    0.000100749816679638    0.732055738727655    0.731908244624707
677.699999999529    9.98522978159509e-05    0.732059878740252    0.731913697614711
677.799999999529    0.00010038543254769    0.732065699318727    0.731918736607884
677.899999999529    0.000100293359674574    0.732072042927288    0.731925213723864
677.999999999528    0.00010188714706071    0.73207779360878    0.731928630170983
678.099999999528    0.000103440965315118    0.732082599542742    0.731931160546163
678.199999999528    0.000100168224036269    0.732088451351152    0.731941802040734
678.299999999528    9.79499049437275e-05    0.732096316712458    0.731952913229552
678.399999999528    0.000101443398014717    0.73210313004785    0.731954611055703
678.499999999528    0.000102855887284612    0.732106797225702    0.731956209726082
678.599999999528    0.000100492969828322    0.732109068680221    0.731961939836536
678.699999999528    0.000100424345082329    0.732111243707901    0.73196421488882
678.799999999528    0.000100432165456597    0.732113152974084    0.73196611232307
678.899999999528    9.86416897457239e-05    0.732114964663799    0.731970544795213
678.999999999528    9.93117114188957e-05    0.732115888456307    0.731970487532643
679.099999999527    0.000101141592476564    0.732114581703625    0.731966502211283
679.199999999527    9.91232559429736e-05    0.732111852674985    0.731966728439069
679.299999999527    9.70103292104208e-05    0.732108794151203    0.731966763699347
679.399999999527    9.95947080274094e-05    0.732103811691228    0.73195799888267
679.499999999527    0.000102073857318383    0.732095790453261    0.731946350024706
679.599999999527    9.91223534599791e-05    0.732087374756057    0.731942256693453
679.699999999527    9.65960268688106e-05    0.732080997153792    0.731939578582922
679.799999999527    9.9115054002677e-05    0.732075215194728    0.731930110227839
679.899999999527    0.000100556380799334    0.732068603294064    0.731921389758836
679.999999999527    9.84572771672156e-05    0.732062501685824    0.731918362116149
680.099999999527    9.79966336473387e-05    0.732057608365329    0.731914144061837
680.199999999526    9.98707998087239e-05    0.732052599587262    0.731906392831802
680.299999999526    0.000100157644907797    0.732046975832258    0.731900350315802
680.399999999526    9.93330103983661e-05    0.732041490943371    0.731896073618048
680.499999999526    0.000100335979881217    0.73203613758824    0.731889253199682
680.599999999526    0.000101311448883258    0.732030679732375    0.731882368580411
680.699999999526    0.000100357203854796    0.732025950582417    0.731879037171137
680.799999999526    0.000101015752026645    0.732022297011572    0.731874420383775
680.899999999526    0.00010280265072506    0.732019304362972    0.731868812784165
680.999999999526    0.00010311635838703    0.732017773746819    0.731866823298073
681.099999999526    0.000101931040172756    0.732019287026693    0.731870071261705
681.199999999526    0.000100593209104528    0.732024167131166    0.731876908624145
681.299999999525    0.000102038542754187    0.732030294698894    0.731880919331893
681.399999999525    0.000105314403509173    0.732035084252818    0.731880912812799
681.499999999525    0.00010563922341753    0.732038873969994    0.731884226270542
681.599999999525    0.000102969273186429    0.732044113966336    0.731893373387273
681.699999999525    0.000102612108445434    0.732051183924472    0.731900964707838
681.799999999525    0.000105182639868179    0.73205791644693    0.731903933074931
681.899999999525    0.000106648962510104    0.732063363241063    0.731907232295904
681.999999999525    0.000105740950612836    0.732069033944116    0.731914230962004
682.099999999525    0.000103719460642224    0.732076541009131    0.731924695590491
682.199999999525    0.000103014048416206    0.732085309293725    0.731934494686755
682.299999999525    0.000104531838023018    0.732092743434414    0.731939705431608
682.399999999524    0.000107096182437829    0.732096894939689    0.731940102166351
682.499999999524    0.00010712406978293    0.732098712609134    0.731941878622674
682.599999999524    0.000103333064520345    0.732101049543725    0.731949764686477
682.699999999524    0.000102831493240556    0.732104200960469    0.731953649705494
682.799999999524    0.000106876172962938    0.732105481826491    0.731949009285472
682.899999999524    0.000106744520318569    0.732104885334088    0.731948605646473
682.999999999524    0.000103047745145165    0.732105497921463    0.731954629826541
683.099999999524    0.000102987402764175    0.7321077823781    0.731957002148463
683.199999999524    0.000103598841898394    0.732109659203357    0.731957983491113
683.299999999524    0.000104013221246295    0.732109731031103    0.73195744868762
683.399999999524    0.000106272661221134    0.732107469632984    0.731951880149697
683.499999999523    0.000105076038850328    0.732104436446271    0.731950599342452
683.599999999523    0.000101627127083939    0.732103179193891    0.731954391229124
683.699999999523    0.000102552275421311    0.732103035361868    0.731952893095061
683.799999999523    0.000104652920038522    0.732101753687601    0.731948536549645
683.899999999523    0.000104355097190751    0.732099349674098    0.731946569019961
683.999999999523    0.000103304317998508    0.732097149068454    0.731945907099016
684.099999999523    0.000101831635826522    0.732095727391098    0.731946641561748
684.199999999523    0.000101616367544632    0.732094092749604    0.731945322382297
684.299999999523    0.000103650132591632    0.732090131555989    0.73193838480615
684.399999999523    0.000104840144213679    0.732083159528719    0.731929672212309
684.499999999523    0.000104692980346765    0.732074772804596    0.7319215026713
684.599999999522    0.000103666627710601    0.732067141468354    0.731915375337809
684.699999999522    0.000102133455353633    0.732061533898851    0.731912013221937
684.799999999522    0.00010310178738329    0.732057243498519    0.731906306239877
684.899999999522    0.000105138489336691    0.732052846940959    0.731898929262748
684.999999999522    0.00010367737790571    0.732048787565531    0.731897009503895
685.099999999522    0.000103276780536395    0.732045638185634    0.73189444716672
685.199999999522    0.000106556374122023    0.732042202115359    0.731886211211661
685.299999999522    0.000106261995297299    0.732038958400468    0.7318833990898
685.399999999522    0.000103961416259398    0.732038083225447    0.731885891615726
685.499999999522    0.000104761780151175    0.732039258200899    0.731885894795863
685.599999999522    0.000105716469460648    0.732040666609545    0.731885905460796
685.699999999521    0.000106720348638724    0.732041286662557    0.731885055932894
685.799999999521    0.000108137703036586    0.732040967307807    0.731882661969116
685.899999999521    0.000107198969722332    0.732040892896708    0.731883961660548
685.999999999521    0.000106191141305303    0.732042130868461    0.731886674597819
686.099999999521    0.000108293991510638    0.732043764652087    0.731885229937975
686.199999999521    0.000109626503034598    0.732045189977902    0.731884704462886
686.299999999521    0.000107686482936727    0.732047905975168    0.731890259622878
686.399999999521    0.000106697949767734    0.732052606061989    0.731896405703869
686.499999999521    0.00010927660181184    0.732057521351967    0.731897545317076
686.599999999521    0.000111211337055609    0.732061560574452    0.73189875159074
686.699999999521    0.000108729237652991    0.732066485777002    0.73190730902235
686.79999999952    0.000107288414541226    0.732073371691307    0.731916302560252
686.89999999952    0.000110143064340612    0.732080194660789    0.731918945309321
686.99999999952    0.000111642670437287    0.732085751268545    0.731922305499546
687.09999999952    0.000109841318400498    0.732091743263899    0.731930933082961
687.19999999952    0.00010768239755681    0.732099493689487    0.731941842208315
687.29999999952    0.000107319767511427    0.732107678918521    0.731950556529069
687.39999999952    0.000110464156551504    0.732113321798446    0.731951595102264
687.49999999952    0.000112160094371393    0.732115493679013    0.731951283811084
687.59999999952    0.000109133468266067    0.732116948749485    0.731957169263188
687.69999999952    0.000107560711351547    0.732119743948501    0.731962266246008
687.79999999952    0.000109074688609783    0.73212289461767    0.731963199882815
687.899999999519    0.000108625047999622    0.73212561066908    0.73196657358529
687.999999999519    0.000106978568719606    0.73212809777575    0.731971470499473
688.099999999519    0.000107748659897458    0.73212941134629    0.731971656418284
688.199999999519    0.000109049306966508    0.732128284528458    0.731968625775058
688.299999999519    0.000108145041753974    0.732125266593375    0.731966932281396
688.399999999519    0.000106593573540933    0.73212157809282    0.731965515817505
688.499999999519    0.000106851127079815    0.732117040234953    0.73196060188876
688.599999999519    0.000108240150247443    0.732110816566403    0.731952346149699
688.699999999519    0.000108432179012882    0.732103444979443    0.73194469504944
688.799999999519    0.000106766689461906    0.732096711585352    0.731940401189571
688.899999999519    0.00010523912559416    0.732091472460213    0.7319373993419
688.999999999518    0.000105777658880662    0.732086433434106    0.731931573036823
689.099999999518    0.000108555818892379    0.73207961968465    0.731920693931746
689.199999999518    0.000109593492736629    0.732071214764373    0.731910771865155
689.299999999518    0.000106945120266381    0.7320639842894    0.731907419691534
689.399999999518    0.000106124583105598    0.732059376250041    0.731904013745596
689.499999999518    0.000107930557594554    0.732056109532961    0.731898104138386
689.599999999518    0.000107475495225834    0.73205331707018    0.731895978394665
689.699999999518    0.000106949690523712    0.732050749276801    0.731894180819583
689.799999999518    0.000109858496934994    0.732047021280116    0.731886195777277
689.899999999518    0.000111138577316178    0.732042025982791    0.731879327846223
689.999999999518    0.000109001744383008    0.732038276446446    0.731878706941625
690.099999999517    0.000108993975318929    0.732037075540159    0.731877517669117
690.199999999517    0.000110576693663789    0.73203759036038    0.731875715667189
690.299999999517    0.000110618068202017    0.732039602957771    0.731877667257332
690.399999999517    0.00011018823744009    0.732043472697858    0.731882165312062
690.499999999517    0.000110415734249421    0.732048717659112    0.731887076113548
690.599999999517    0.00011125847608819    0.732054260337567    0.731891383976105
690.699999999517    0.000112503311759832    0.732059340596803    0.731894640925617
690.799999999517    0.000112392580385955    0.732064258734771    0.731899720045604
690.899999999517    0.00011122524370436    0.73206970958906    0.73190687843628
690.999999999517    0.000112118824476305    0.732075123698176    0.73191098329681
691.099999999517    0.000113320224165102    0.732079602068557    0.731913702019161
691.199999999516    0.000112587125169295    0.732083612577072    0.731918784755915
691.299999999516    0.000112319517889573    0.732087646859336    0.731923209865724
691.399999999516    0.000112756893601737    0.732091350599007    0.731926272519646
691.499999999516    0.000112736950643846    0.732094525893343    0.731929476291667
691.599999999516    0.000113256298178245    0.73209715077011    0.731931340322781
691.699999999516    0.000113051543994603    0.732099524193727    0.731934012941894
691.799999999516    0.000112334340401986    0.732102301557383    0.731937839573807
691.899999999516    0.000112333185804302    0.732105351916043    0.731940890937418
691.999999999516    0.000112702636804615    0.732108058285749    0.731943055864767
692.099999999516    0.000113511749273518    0.732110145789785    0.731943958447382
692.199999999516    0.000112758380444732    0.732112294087371    0.731947209108916
692.299999999515    0.000110891949815839    0.732115427509479    0.731953074098672
692.399999999515    0.000110635696363728    0.732118790570864    0.731956811547094
692.499999999515    0.000112449256988224    0.732120308037133    0.731955673780804
692.599999999515    0.000113933511704334    0.732119162759479    0.731952355949966
692.699999999515    0.000112923909292867    0.732117043480925    0.731951715113231
692.799999999515    0.000110215477051455    0.732116162655285    0.731954799375768
692.899999999515    0.000109430507664946    0.732116360376609    0.731956146178958
692.999999999515    0.000111265655125991    0.73211523446741    0.731952334030252
693.099999999515    0.00011238989376944    0.732111321854639    0.73194677652049
693.199999999515    0.000112339662005198    0.732105380648447    0.731940910182975
693.299999999515    0.000112146588022681    0.732099033262249    0.731934846857844
693.399999999514    0.000110954570564131    0.732093772770274    0.731931332493424
693.499999999514    0.000109433193246434    0.732090163117823    0.731929950721789
693.599999999514    0.00011038692720527    0.73208684479318    0.731925236998079
693.699999999514    0.00011263863495876    0.732081976860586    0.731917074005915
693.799999999514    0.000113193937343685    0.732075822419994    0.731910108088304
693.899999999514    0.000112025286919267    0.732070394082754    0.731906391663288
693.999999999514    0.00011082058069865    0.732067070456707    0.731904832240323
694.099999999514    0.00011162188997671    0.732065308752549    0.731901897966071
694.199999999514    0.000112946029259517    0.732063917392546    0.731898568642764
694.299999999514    0.000111840489375479    0.732062872449329    0.731899142221182
694.399999999514    0.000111797513758204    0.732061976997551    0.731898309877238
694.499999999513    0.000115059681185405    0.732059810003737    0.731891368247897
694.599999999513    0.000115323790742033    0.732056839348029    0.731888011678372
694.699999999513    0.000111619911617688    0.732055662010905    0.731892256273653
694.799999999513    0.000112338006562378    0.732056074952236    0.7318916179867
694.899999999513    0.000117046484629489    0.732055310883924    0.731883961938329
694.999999999513    0.000116111314576303    0.73205403448455    0.731884054708556
695.099999999513    0.000111850478036653    0.732055195657114    0.731891452524695
695.199999999513    0.00011428493774858    0.732057565989555    0.731890258803531
695.299999999513    0.000118470877833235    0.732058202230539    0.731884767621803
695.399999999513    0.000116332486944434    0.732058561354609    0.731888256780501
695.499999999513    0.000114812730329151    0.732061080460372    0.73189299989533
695.599999999512    0.000117652059827628    0.732065066400457    0.731892828738593
695.699999999512    0.000116465547546394    0.732070352050827    0.731899849959658
695.799999999512    0.000113909924022031    0.732077606624625    0.731910843811466
695.899999999512    0.000118664336858523    0.732084470063414    0.731910746041931
695.999999999512    0.000120721141208798    0.732089801801451    0.731913065704553
696.099999999512    0.00011467962872955    0.732097158158488    0.731929264151927
696.199999999512    0.000114272514609461    0.732107128818702    0.731939828491384
696.299999999512    0.000118914412553692    0.732115747872501    0.731941650347047
696.399999999512    0.000117156002631501    0.73212225906928    0.731950734129836
696.499999999512    0.000115243412591828    0.732127990041358    0.731959263629913
696.599999999512    0.000118253220529311    0.732131678231094    0.73195854484707
696.699999999511    0.000117714021714184    0.732133209581211    0.731960865179503
696.799999999511    0.000114756590648278    0.73213455375019    0.731966538500478
696.899999999511    0.000115588916618868    0.732135360167818    0.731966126263181
696.999999999511    0.000117279500517481    0.732134147676615    0.731962439160201
697.099999999511    0.00011716368485859    0.732131533533909    0.731959995175436
697.199999999511    0.00011495703866436    0.732129370866716    0.73196106336606
697.299999999511    0.000112747104026064    0.732128162071515    0.731963090022811
697.399999999511    0.000115637390038845    0.732125609076869    0.731956306465352
697.499999999511    0.000118788273779095    0.732120108884263    0.731946194975329
697.599999999511    0.00011504350999037    0.732114501464435    0.731946070797363
697.699999999511    0.000111373831289969    0.732111365976411    0.731948308041279
697.79999999951    0.000114387531154526    0.732108167697627    0.731940698762303
697.89999999951    0.000117273804903872    0.732102089604958    0.731930396944757
697.99999999951    0.000116673350223864    0.732094485558624    0.7319236736552
698.09999999951    0.00011455976657812    0.732088165219674    0.731920448734591
698.19999999951    0.000112361394421973    0.732084064926319    0.731919567436748
698.29999999951    0.000114142686137694    0.732080062322429    0.731912958226577
698.39999999951    0.000119059471851248    0.732073455599744    0.731899155793827
698.49999999951    0.000118193852747036    0.732065927515785    0.731892896582102
698.59999999951    0.000113072350480916    0.732061779207993    0.731896246033073
698.69999999951    0.000113793873450868    0.732060804020356    0.731894214908194
698.79999999951    0.000118797844133711    0.73205937246749    0.731885458977584
698.899999999509    0.00011883138775035    0.732057431092167    0.731883468963429
698.999999999509    0.000114747849999143    0.732057941538243    0.731889956664413
699.099999999509    0.000114124188466784    0.732060611023199    0.731893538443939
699.199999999509    0.000118966566363634    0.732061540055106    0.731887379078864
699.299999999509    0.000121925631797414    0.732059312965408    0.731880821139643
699.399999999509    0.000119098143431318    0.732057471331758    0.731883118725389
699.499999999509    0.000117126662019425    0.732059162111692    0.731887694902956
699.599999999509    0.000118248716869945    0.732063755037896    0.731890644308617
699.699999999509    0.000118069585546152    0.73206968729823    0.731896837377409
699.799999999509    0.000118267538040782    0.732075628671286    0.731902487583731
699.899999999509    0.000120776594053456    0.732079684684955    0.731902869858264
699.999999999508    0.000121980658632045    0.732081522101892    0.731902944312451
700.099999999508    0.000121456667951499    0.732083118719075    0.7319053075629
700.199999999508    0.0001196064435237    0.732086608080372    0.731911504472804
700.299999999508    0.000118226581603602    0.732092335874548    0.731919250789228
700.399999999508    0.00011993570785871    0.732098247223218    0.731922658839529
700.499999999508    0.000122170456289439    0.732102371576771    0.731923510866693
700.599999999508    0.000121300547444667    0.732105344448645    0.731927756432031
700.699999999508    0.000120034032523596    0.732108647665807    0.731932912853516
700.799999999508    0.000120545732368734    0.732112164551495    0.731935679831871
700.899999999508    0.000120805658407729    0.7321152656911    0.731938399724105
700.999999999508    0.00012053460210024    0.732118027534443    0.731941557694886
701.099999999507    0.000120157945634724    0.73212064102635    0.731944721940061
701.199999999507    0.000119370661461384    0.732122894887325    0.731948127760925
701.299999999507    0.000120428864599786    0.732123861359414    0.731947544902265
701.399999999507    0.000122520522873844    0.73212294137543    0.731943563181769
701.499999999507    0.000120914094113959    0.732121951367588    0.731944925047504
701.599999999507    0.000117179261752886    0.732123228654695    0.731951669438986
701.699999999507    0.000117554859731151    0.73212555492101    0.731953445319501
701.799999999507    0.0001217542591524    0.732125519511286    0.731947262414378
701.899999999507    0.000122530516973314    0.732122970166245    0.731943577335296
701.999999999507    0.00011904114147212    0.732121309813022    0.731947025447199
702.099999999507    0.000116719466186668    0.732122126134909    0.731951240273123
702.199999999506    0.000117233442697477    0.732123150050004    0.73195151153706
702.299999999506    0.000119926930010529    0.732121116606131    0.731945535587203
702.399999999506    0.000122209282800051    0.732115107386602    0.731936186727965
702.499999999506    0.000120782968897295    0.732107668426153    0.731930837508826
702.599999999506    0.000117163831507042    0.73210202232715    0.731930490668477
702.699999999506    0.000117233670548631    0.732098021992723    0.731926389037246
702.799999999506    0.000121377876266403    0.732092949988823    0.731915251782456
702.899999999506    0.000121527501844254    0.732086783094488    0.731908867360377
702.999999999506    0.000117479818984133    0.73208232517928    0.731910335586499
703.099999999506    0.000117970089757565    0.732079463688384    0.731906757102514
703.199999999506    0.000121887615560041    0.732075389522831    0.731896949425191
703.299999999505    0.000122498501246857    0.732070081247789    0.731890748240293
703.399999999505    0.000121017674204198    0.732066243555072    0.731889079086787
703.499999999505    0.000119886330174648    0.732065565063683    0.731890056796639
703.599999999505    0.000119574627633709    0.732067563900006    0.731892511419129
703.699999999505    0.000120713504877397    0.732070303927341    0.73189358371545
703.799999999505    0.00012264785787715    0.732072000710255    0.731892448606538
703.899999999505    0.000123798830824483    0.732072600494693    0.731891363467586
703.999999999505    0.000123056526269654    0.732073768814064    0.731893618072862
704.099999999505    0.000120585730865592    0.732077082306072    0.731900547493611
704.199999999505    0.000120627132821803    0.732081605173585    0.731905008665868
704.299999999505    0.00012455903547621    0.732084345361158    0.731901992634947
704.399999999504    0.000126314764059869    0.732084764532279    0.73189984166216
704.499999999504    0.000123064482896399    0.732085965427318    0.731905800037736
704.599999999504    0.000120337578843439    0.732089797201676    0.731913622574721
704.699999999504    0.000122824142888965    0.732093873266713    0.731914057747403
704.799999999504    0.000126063209407552    0.732095466510862    0.73191090916855
704.899999999504    0.00012575441258505    0.732095499766807    0.731911394439806
704.999999999504    0.000124244742877721    0.732096616059964    0.731914720347902
705.099999999504    0.00012337330351962    0.732100096356107    0.731919475425119
705.199999999504    0.000122995275929721    0.732105577157777    0.731925508250458
705.299999999504    0.000123331600927424    0.732111683031639    0.731931120288879
705.399999999504    0.000124037741994409    0.732116919363094    0.73193532162896
705.499999999503    0.000125453978489699    0.732120445649006    0.731936773846083
705.599999999503    0.000126275110033719    0.732122784057251    0.73193790963206
705.699999999503    0.000123160088181685    0.732126066843506    0.731945751629239
705.799999999503    0.00012130533417803    0.732131080858413    0.731953479591542
705.899999999503    0.00012500772597707    0.73213521569044    0.731952193452791
705.999999999503    0.000125061001521385    0.732137279287153    0.731954178543118
706.099999999503    0.000121518927794108    0.732138938796844    0.731961022939311
706.199999999503    0.000123181524386502    0.732139577485711    0.731959227563053
706.299999999503    0.000125854039052701    0.732137606737171    0.731953344977357
706.399999999503    0.000123688469350677    0.732134747147895    0.73195365629428
706.499999999503    0.00012075508208971    0.732133264674509    0.731956468398606
706.599999999502    0.00012154565541508    0.732132092198949    0.731954138878409
706.699999999502    0.000123580311949037    0.732128852632017    0.731947921567544
706.799999999502    0.000123611273610546    0.732123260731981    0.731942285725134
706.899999999502    0.000122912621707946    0.732116545511845    0.731936594902037
706.999999999502    0.000122976875005524    0.732109550157865    0.731929507209704
707.099999999502    0.000122617130453143    0.732102783605407    0.731923268931936
707.199999999502    0.000122526291850617    0.732096549809618    0.731917169637356
707.299999999502    0.000122835589212392    0.732090678592346    0.731910847102329
707.399999999502    0.000122703293793073    0.732084983119459    0.731905346683911
707.499999999502    0.000123994020408085    0.732079186200381    0.73189766182521
707.599999999502    0.00012503833573571    0.732073489128211    0.731890437515246
707.699999999501    0.00012283971257114    0.732069417350084    0.731889585047014
707.799999999501    0.000122127733593802    0.732067365524529    0.731888575903321
707.899999999501    0.000125048577953425    0.73206530765227    0.731882243092851
707.999999999501    0.000126558483210166    0.732062290581421    0.731877016643186
708.099999999501    0.000125563669283706    0.732059853377505    0.731876036215612
708.199999999501    0.000124886976221469    0.732059369397158    0.731876542867693
708.299999999501    0.00012538694788303    0.732060644963759    0.731877086279747
708.399999999501    0.000126519463969535    0.732062802396606    0.731877585443453
708.499999999501    0.000126982082504703    0.732065492057733    0.731879597261619
708.599999999501    0.000126718632768839    0.732068939032193    0.731883428989679
708.699999999501    0.00012760494085694    0.732072996495937    0.731886188070774
708.7999999995    0.000128409220188839    0.73207745099832    0.731889464148364
708.8999999995    0.000127282803162112    0.732082909578597    0.731896570166643
708.9999999995    0.000127376650119332    0.73208939692323    0.731902918486293
709.0999999995    0.000129124953776423    0.732095754053448    0.731906714802328
709.1999999995    0.000128683832370719    0.7321017589055    0.731913363828858
709.2999999995    0.000128057862441237    0.732107886560972    0.731920406227244
709.3999999995    0.000129157639776075    0.732113734231651    0.731924642490372
709.4999999995    0.000128598279864074    0.732119201969053    0.731930927640751
709.5999999995    0.000127013757093672    0.732124532763649    0.731938576607505
709.6999999995    0.000128461523518677    0.732128450644606    0.731940374132839
709.7999999995    0.000130454072839394    0.732129678599873    0.731938684918936
709.899999999499    0.000129047206366958    0.732129476596788    0.731940542450904
709.999999999499    0.000127879693822311    0.732129641682935    0.731942416596389
710.099999999499    0.000129106475516641    0.732130284860899    0.731941263743354
710.199999999499    0.000128509804037669    0.732131625340872    0.73194347733633
710.299999999499    0.000126915015816632    0.732134438149764    0.731948624024771
710.399999999499    0.000126897782562784    0.732138086383814    0.731952296560747
710.499999999499    0.000127181980422517    0.732141022517664    0.731954815909404
710.599999999499    0.000128141837637784    0.732142089973991    0.731954477949298
710.699999999499    0.000129245199068135    0.732141203096217    0.73195197608182
710.799999999499    0.000127576188443656    0.732139859568982    0.731953076172713
710.899999999499    0.000125545651576032    0.732139411631242    0.731955600868928
710.999999999498    0.000126670325282134    0.732138948319309    0.731953491253746
711.099999999498    0.000127132701291253    0.732137151506172    0.731951018022251
711.199999999498    0.00012596959427619    0.732133969137874    0.731949539132351
711.299999999498    0.000127558727924066    0.73212898753103    0.731942232468617
711.399999999498    0.000129472950847403    0.732122156723413    0.731932601233698
711.499999999498    0.00012656892127506    0.732115887882628    0.731930585099846
711.599999999498    0.000123619632182902    0.732111939158096    0.731930954714055
711.699999999498    0.000126497175184851    0.732108113326023    0.731922917536236
711.799999999498    0.000129675976678289    0.732102114242824    0.731912266748098
711.899999999498    0.000127471905218759    0.732095701172405    0.731909081693484
711.999999999498    0.00012574484538078    0.7320910767605    0.731906986550391
712.099999999497    0.000127735004340468    0.732087482280261    0.731900479771574
712.199999999497    0.000128682615975403    0.73208409805026    0.731895709298916
712.299999999497    0.000127217923271786    0.732081805768221    0.731895561607827
712.399999999497    0.000127377048685489    0.732080797822433    0.73189432099245
712.499999999497    0.000128735516477034    0.732080000231106    0.731891535099398
712.599999999497    0.000128608056878061    0.73207894803462    0.731890669746749
712.699999999497    0.000129286687596393    0.732077540069023    0.731888268778842
712.799999999497    0.000130836745956984    0.732075616006632    0.73188407628428
712.899999999497    0.000129911101750357    0.732074248346822    0.73188406390956
712.999999999497    0.000128595339730951    0.732074531692771    0.731886273155718
713.099999999497    0.000130405166131703    0.732075489964041    0.731884582007645
713.199999999496    0.000132698088217037    0.732076002832819    0.731881738439322
713.299999999496    0.000130715634285472    0.732077371388216    0.731886008486445
713.399999999496    0.000129129553468232    0.732080769708811    0.731891727593945
713.499999999496    0.000132275445658935    0.732084436525415    0.731890788550084
713.599999999496    0.00013334174243187    0.732087368428536    0.731892158847484
713.699999999496    0.000131709660652554    0.732091093539056    0.731898271996523
713.799999999496    0.000131681778796908    0.732096220646829    0.731903438567545
713.899999999496    0.000131979344104479    0.732101990909123    0.731908771728908
713.999999999496    0.000132615331867652    0.732107672208731    0.731913520552392
714.099999999496    0.000133521933039238    0.73211282058679    0.731917340449661
714.199999999496    0.000132556238395653    0.732117886616285    0.731923818754966
714.299999999495    0.00013234392191267    0.732123169439008    0.731929410978629
714.399999999495    0.000133524396585805    0.732128039671182    0.731932551864133
714.499999999495    0.00013350680820088    0.732132583715656    0.731937120442471
714.599999999495    0.000132167110624763    0.732137777268344    0.73194427377394
714.699999999495    0.000131585782216403    0.732143743352962    0.73195108928917
714.799999999495    0.000132008358287155    0.732149444664596    0.731956170485981
714.899999999495    0.000131883338736373    0.732154015951927    0.731960923585407
714.999999999495    0.000131404770666563    0.73215708253248    0.731964689946739
715.099999999495    0.000132068009471011    0.732158072084706    0.731964708303479
715.199999999495    0.000133124854654446    0.73215679053919    0.731961879953984
715.299999999495    0.000131950798017489    0.732154542812772    0.731961351552121
715.399999999494    0.000129624614469665    0.732152896615931    0.731963111142886
715.499999999494    0.000129899648784441    0.73215133488914    0.731961147191937
715.599999999494    0.000131354977795245    0.732148236888769    0.731955919519814
715.699999999494    0.000131136666949056    0.73214333090515    0.731951334410643
715.799999999494    0.000131484561395853    0.73213734664784    0.73194484244336
715.899999999494    0.000131682170821208    0.732131233433779    0.731938441560742
715.999999999494    0.000128752363421062    0.732126505768159    0.731938004002325
716.099999999494    0.000128486245220375    0.732122913221546    0.731934801942938
716.199999999494    0.000131962273342976    0.732118016217481    0.731924817796832
716.299999999494    0.000132206932401833    0.732111619634003    0.731918064760484
716.399999999494    0.000129373923898402    0.732105957036035    0.731916550699534
716.499999999493    0.00012948890155474    0.732101376742167    0.731911803283624
716.599999999493    0.000132219481615394    0.732096213323838    0.731902644153817
716.699999999493    0.000132494151027053    0.732090543922926    0.731896574192596
716.799999999493    0.000130400905539308    0.732086223698536    0.731895319179652
716.899999999493    0.000129837296735789    0.732083599219514    0.731893520387822
716.999999999493    0.000132093935003092    0.732080841131639    0.73188745979805
717.099999999493    0.000134127345978377    0.732076827203832    0.731880470496866
717.199999999493    0.000134470370871413    0.732072866127156    0.731876008379064
717.299999999493    0.000132860184790994    0.732071375847238    0.731876875412051
717.399999999493    0.000131146015967399    0.732073534762222    0.731881542886233
717.499999999493    0.000133239414319043    0.732077751218373    0.731882693986068
717.599999999492    0.000135731823306052    0.732082035547296    0.731883328859129
717.699999999492    0.000133651527555046    0.732087034728163    0.731891371777826
717.799999999492    0.000132336103194923    0.732093331251615    0.73189959213303
717.899999999492    0.000135626698351174    0.732098894760019    0.731900337377775
717.999999999492    0.00013754914509328    0.732102650490775    0.731901278001998
718.099999999492    0.000135064583116111    0.732106702306988    0.731908965641121
718.199999999492    0.000133250266125483    0.732112529976313    0.731917447592187
718.299999999492    0.000134397385211163    0.732118606724062    0.731921843515707
718.399999999492    0.000136116845298627    0.732122814215966    0.731923532845833
718.499999999492    0.000136580903359454    0.732124891913711    0.73192493066638
718.599999999492    0.000136144414730902    0.732126051011995    0.731926728403207
718.699999999491    0.000135685742364855    0.732127375024661    0.73192872348607
718.799999999491    0.000135377372607669    0.732129294279544    0.731931093630889
718.899999999491    0.000134581876895966    0.73213178161706    0.731934744796035
718.999999999491    0.000134372510209243    0.732134095446968    0.73193736448977
719.099999999491    0.000137091871877572    0.732134817610839    0.73193410566159
719.199999999491    0.000137510969902369    0.732134280148231    0.731932954842745
719.299999999491    0.000133659321104988    0.732135080811575    0.731939393611276
719.399999999491    0.000133876149482931    0.732137409033606    0.731941403799605
719.499999999491    0.000137430364657293    0.732138961314062    0.731937752717366
719.599999999491    0.00013638414500929    0.732140104258312    0.731940426886847
719.699999999491    0.000132574616127018    0.732143022803368    0.731948921375893
719.79999999949    0.000133018077735312    0.732146743045695    0.731951991446418
719.89999999949    0.000135978068538647    0.73214814283016    0.731949057720676
719.99999999949    0.000136524497824503    0.732146537189799    0.731946652602294
720.09999999949    0.000134636906027832    0.7321437835722    0.731946662964333
720.19999999949    0.000133720494096435    0.732141048137793    0.73194526979196
720.29999999949    0.000135028466315294    0.73213777172189    0.731940079535068
720.39999999949    0.000135600777983304    0.732133792290528    0.731935263387557
720.49999999949    0.000133311402017697    0.732130247859056    0.731935071258719
720.59999999949    0.000132711050401964    0.732127196651771    0.731932899698532
720.69999999949    0.00013569199843936    0.732122775209256    0.731924115760812
720.79999999949    0.000136192421635229    0.732116706400176    0.7319173160613
720.899999999489    0.000134257197948734    0.732110964404177    0.731914408459891
720.999999999489    0.000134516436448104    0.732106384823113    0.731909450630024
721.099999999489    0.000135387910809611    0.732102523686622    0.73190431485934
721.199999999489    0.00013476857847207    0.732099501300166    0.731902199872018
721.299999999489    0.000134792325092336    0.73209734589907    0.7319000102915
721.399999999489    0.000136290821488483    0.7320953489698    0.731895820410673
721.499999999489    0.000136223120957954    0.732093424256223    0.731893995320886
721.599999999489    0.000134915474195684    0.732092106484464    0.731894592024818
721.699999999489    0.000136617674824159    0.732090667071324    0.731890661346249
721.799999999489    0.000138281599367356    0.732088257528976    0.731885816852539
721.899999999489    0.000136772094268449    0.7320859806336    0.73188575015403
721.999999999488    0.000136940136309447    0.732084632025418    0.731884155940041
722.099999999488    0.000139321961438535    0.732083616307902    0.731879654073599
722.199999999488    0.000138627291927715    0.732083621927934    0.731880676521761
722.299999999488    0.000137046802038753    0.732085998578374    0.731885365984584
722.399999999488    0.000137815443603155    0.732090025720489    0.731888266902665
722.499999999488    0.000139162772697677    0.732094101171359    0.731890369033299
722.599999999488    0.000140146704703257    0.732097620715979    0.731892447332224
722.699999999488    0.0001401651437494    0.732101153607052    0.731895952242262
722.799999999488    0.000139415693800148    0.732105549966047    0.731901444415198
722.899999999488    0.000139250723039886    0.732110831438728    0.731906965901905
722.999999999487    0.000140966669992401    0.732116172261026    0.731909793395865
723.099999999487    0.000141806085058004    0.73212157576753    0.731913966618879
723.199999999487    0.000139116807116674    0.73212860360049    0.731924929147566
723.299999999487    0.000137328734019825    0.73213741954346    0.731936360144783
723.399999999487    0.00014049356001654    0.732145077602189    0.731939383164132
723.499999999487    0.000142811939932012    0.732149589864563    0.731940500318549
723.599999999487    0.000140288488334463    0.732152796750031    0.73194740034661
723.699999999487    0.000138216903807336    0.732156483212374    0.73195411837819
723.799999999487    0.000139640516431079    0.732159597406141    0.731955147667025
723.899999999487    0.000141339541119985    0.73216088668813    0.731953949369054
723.999999999487    0.000139808898776988    0.73216139846034    0.731956701721074
724.099999999486    0.000137439616077434    0.732162551393003    0.731961322769848
724.199999999486    0.000137802118170769    0.732163427933208    0.731961668393667
724.299999999486    0.000139848509030845    0.732162054310982    0.731957299402322
724.399999999486    0.000140821102365711    0.732158359710718    0.731952182050242
724.499999999486    0.000138988533668857    0.732154516916618    0.731951023034484
724.599999999486    0.000136027899285201    0.732152348189201    0.731953188988647
724.699999999486    0.000137004810660687    0.732150644272639    0.731950055433487
724.799999999486    0.00014019757645792    0.732147020646416    0.731941758947798
724.899999999486    0.000139077976274268    0.732142089397289    0.731938468036258
724.999999999486    0.000136228050130615    0.732137969588684    0.731938521303088
725.099999999486    0.000137139110051354    0.732134141751242    0.731933360836882
725.199999999485    0.000139295258462188    0.732128874522868    0.731924938768543
725.299999999485    0.000139727901793591    0.732122483273875    0.731917915980746
725.399999999485    0.000137883922297935    0.73211688117154    0.731915014711366
725.499999999485    0.000136412997791896    0.732113003304639    0.731913291088975
725.599999999485    0.000138003500172927    0.732109384024663    0.731907344591802
725.699999999485    0.000139465632384943    0.732104448217534    0.731900269873711
725.799999999485    0.000140399360387519    0.732098412724392    0.731892869284785
725.899999999485    0.000141252427012943    0.732092625985707    0.731885835474931
725.999999999485    0.000138799513696929    0.732089340273189    0.731886141188298
726.099999999485    0.000137515012026063    0.732089409788526    0.731888090904912
726.199999999485    0.000140683708307469    0.73209070667522    0.731884749179219
726.299999999484    0.00014132607580907    0.732091967207591    0.731885069077978
726.399999999484    0.000138401850626377    0.732094114695232    0.731891496377369
726.499999999484    0.000140989708262649    0.73209607887408    0.73188967195017
726.599999999484    0.000146164082469332    0.732096070158216    0.731882089133808
726.699999999484    0.00014278116445633    0.732097133786847    0.73188810426981
726.799999999484    0.000137255751919046    0.732103219652562    0.731902276477377
726.899999999484    0.000140762326520011    0.732111834165034    0.731905755643027
726.999999999484    0.000144624476841489    0.732118756247255    0.731907022284953
727.099999999484    0.000141645617220002    0.73212451635967    0.731917141275439
727.199999999484    0.00014117817513056    0.732130050949098    0.731923358560449
727.299999999484    0.000144438114904434    0.732133805247269    0.731922339737573
727.399999999483    0.000142595257414695    0.732136110645062    0.73192734214014
727.499999999483    0.00014060934751857    0.732138241201022    0.731932379186368
727.599999999483    0.000144255083023413    0.732138812778469    0.731927613754557
727.699999999483    0.000145062204901291    0.732137597473224    0.7319252172932
727.799999999483    0.000140967666273327    0.732137343643774    0.731930957352118
727.899999999483    0.000140900308328876    0.732138492270668    0.731932204258112
727.999999999483    0.000144392793344665    0.732138781837765    0.731927381234838
728.099999999483    0.000144744678535313    0.732138291400469    0.731926375830856
728.199999999483    0.000142105897561884    0.732139471745538    0.731931418637566
728.299999999483    0.000140299936926571    0.732143109092565    0.731937698647584
728.399999999483    0.000141116418678403    0.732147180926687    0.731940574106066
728.499999999482    0.000143638892848727    0.732149103003162    0.731938803037306
728.599999999482    0.000144554222162601    0.732148502395263    0.731936862674136
728.699999999482    0.000142887911326018    0.732147282940817    0.731938082840897
728.799999999482    0.000141137763777885    0.732146982507832    0.731940344496523
728.899999999482    0.000141467441170899    0.732146995539013    0.731939874915798
728.999999999482    0.000142771747879133    0.732145847370275    0.731936817729139
729.099999999482    0.000142782975867548    0.732143225406875    0.73193418007802
729.199999999482    0.000142472272638571    0.732139840114601    0.731931250579005
729.299999999482    0.000142915082671316    0.732136250594998    0.731927013872521
729.399999999482    0.00014200398922902    0.732133096501998    0.731925194384228
729.499999999482    0.000140897556740154    0.732130689305975    0.731924407519899
729.599999999481    0.000142179635378369    0.73212791161949    0.731919753856236
729.699999999481    0.000144038684007699    0.732123688856653    0.731912810965879
729.799999999481    0.000144091377858795    0.732118939469908    0.731907985813022
729.899999999481    0.000142388050001134    0.732115671605407    0.731907212241819
729.999999999481    0.000140996051293341    0.732114625520907    0.73190820408293
730.099999999481    0.000142812546316111    0.732114272543559    0.731905192195943
730.199999999481    0.000145280856754999    0.732113120025105    0.731900426882709
730.299999999481    0.000144233766954907    0.7321122294113    0.731901069258361
730.399999999481    0.000142054809387628    0.732113301549928    0.731905330662189
730.499999999481    0.00014285817036946    0.732115637124368    0.731906489601963
730.599999999481    0.000144898553170922    0.732117384823276    0.731905250061671
730.69999999948    0.000145634659746611    0.732118271759685    0.731905059220016
730.79999999948    0.000144168343802042    0.732119573247526    0.731908506743954
730.89999999948    0.000142462881116123    0.73212194640151    0.731913375711466
730.99999999948    0.000144922311343982    0.732123828710592    0.731911657304069
731.09999999948    0.000148104078147281    0.732123858818121    0.731907029872972
731.19999999948    0.000144756457772791    0.73212416320034    0.731912234477362
731.29999999948    0.000141722549181204    0.732126551128745    0.731919062852214
731.39999999948    0.000145878366913181    0.732128427987819    0.731914855744498
731.49999999948    0.000148853732291675    0.732127837143053    0.731909909660225
731.59999999948    0.000144859529838147    0.732127408486758    0.731915327944296
731.69999999948    0.000142737288668634    0.732128941477413    0.731919967105724
731.799999999479    0.000146477180874931    0.732130047419048    0.731915598140214
731.899999999479    0.000148319789321726    0.732129316756016    0.731912170431079
731.999999999479    0.000146257512402636    0.732128887548529    0.731914760166565
732.099999999479    0.00014495917805123    0.732130491490601    0.731918264186351
732.199999999479    0.000144705257011931    0.732133481462664    0.731921624992204
732.299999999479    0.000145892254024403    0.732136160464739    0.731922565637164
732.399999999479    0.000148299631965299    0.732137341230994    0.731920222033186
732.499999999479    0.000147407480676084    0.732138122365014    0.731922308905283
732.599999999479    0.000144370382665415    0.732140542331081    0.731929174025882
732.699999999479    0.000145353889679117    0.732143986042362    0.731931177022628
732.799999999479    0.0001478260520679    0.73214641907202    0.731929990436477
732.899999999478    0.000146344923865961    0.732148214359429    0.73193395336606
732.999999999478    0.000145105582201831    0.732150414329711    0.731937966932753
733.099999999478    0.000146551725019926    0.732152238049459    0.731937673147389
733.199999999478    0.00014661377845936    0.732153109579664    0.731938453583578
733.299999999478    0.000145204514903062    0.732153575484404    0.731940982344362
733.399999999478    0.000145943546112002    0.732153355243785    0.731939680314338
733.499999999478    0.00014717008858549    0.732151805623265    0.731936335641818
733.599999999478    0.000145587434876837    0.732149677726548    0.731936525171829
733.699999999478    0.000144611172877064    0.732147570135575    0.731935847315387
733.799999999478    0.000147202901296266    0.732144420587882    0.731928904746682
733.899999999478    0.000147855512994886    0.732140258674616    0.731923788733829
733.999999999477    0.000144222716254959    0.732137287926707    0.731926136722835
734.099999999477    0.000143970956600451    0.73213567053794    0.731924888338758
734.199999999477    0.000147954141895343    0.732132838334901    0.731916226211863
734.299999999477    0.000147762135334247    0.732128668855998    0.731912339030456
734.399999999477    0.000144962772946306    0.732125443059299    0.731913211956167
734.499999999477    0.000145993818350665    0.732123201613711    0.731909461894975
734.599999999477    0.000148050625313929    0.732120600211196    0.731903850475796
734.699999999477    0.000147052282493178    0.732118150601615    0.731902862969952
734.799999999477    0.000146188698717267    0.732116822223485    0.731902799100147
734.899999999477    0.000147127307032354    0.732116096654382    0.731900699805668
734.999999999477    0.000148205999217637    0.732115229415675    0.731898253834522
735.099999999476    0.000147938225202801    0.732114418997579    0.731897835622955
735.199999999476    0.000146725215139747    0.732114081539888    0.731899273865348
735.299999999476    0.000147936230148341    0.732113412138637    0.731896831982223
735.399999999476    0.000151048927144608    0.732111325820221    0.731890189961924
735.499999999476    0.000150524428869975    0.73210927294636    0.731888905456689
735.599999999476    0.000146335904930327    0.732110026143918    0.731895789528058
735.699999999476    0.000146117680353803    0.732112907501304    0.731898989478907
735.799999999476    0.000152001053447377    0.732113967418346    0.731891437054614
735.899999999476    0.000154186129695713    0.732112693936819    0.731886965495455
735.999999999476    0.000149159743434476    0.732113665586119    0.731895294385264
736.099999999476    0.000146774220449966    0.732119155974301    0.731904275076488
736.199999999475    0.000150403634298058    0.732126066058092    0.731905870334131
736.299999999475    0.000152065999058113    0.732131909734699    0.731909278848694
736.399999999475    0.000150614125033678    0.73213753960635    0.731917032307999
736.499999999475    0.000150573913239493    0.732143646594834    0.731923196321052
736.599999999475    0.000151109784151047    0.732149894701832    0.731928658107737
736.699999999475    0.000150446975917503    0.732156341244771    0.731936072968589
736.799999999475    0.000149433528439979    0.732162941936788    0.731944155247242
736.899999999475    0.000150649942394343    0.732168654081568    0.73194808497917
736.999999999475    0.00015182489848608    0.732172610360842    0.731950320045562
737.099999999475    0.000149303613690508    0.732175685974277    0.731957085660549
737.199999999475    0.000148510097013135    0.732178133887093    0.73196069448765
737.299999999474    0.000151313170226984    0.732178294534923    0.731956751619449
737.399999999474    0.000151496149643583    0.732176172463763    0.731954362325167
737.499999999474    0.000149223476387783    0.732173996925999    0.731955514430432
737.599999999474    0.000148444564253692    0.73217275671542    0.731955414846981
737.699999999474    0.000147937402387779    0.732171652784105    0.731955053682383
737.799999999474    0.000148745016432254    0.732169339602567    0.731951558915458
737.899999999474    0.000151431794635459    0.73216475719681    0.731943044724825
737.999999999474    0.000149477236116385    0.732159294053292    0.731940444470979
738.099999999474    0.000145811489281738    0.732155051982378    0.731941569873493
738.199999999474    0.000148555085122661    0.732150468974975    0.731932971934784
738.299999999474    0.000151994659160536    0.732143411023505    0.731920881070439
738.399999999473    0.000149800108894199    0.732135805999907    0.731916490806419
738.499999999473    0.000147054112213224    0.732130276170564    0.73191498229484
738.599999999473    0.000148588978146607    0.732126081433667    0.731908542024996
738.699999999473    0.000150885121384334    0.732121539134339    0.731900639970136
738.799999999473    0.00014941239088757    0.732117239614703    0.73189849752312
738.899999999473    0.000147966304442156    0.732114088344396    0.73189746396534
738.999999999473    0.00015107777218924    0.732110772003934    0.731889594090141
739.099999999473    0.000152375720978567    0.732106764215845    0.731883687615242
739.199999999473    0.000149204955365491    0.73210412042128    0.731885685887574
739.299999999473    0.000148773208372797    0.732103198027743    0.731885395747626
739.399999999473    0.000152809171829755    0.732101590770703    0.731877881280003
739.499999999472    0.00015495769332539    0.732098814719708    0.731871961185178
739.599999999472    0.000152238341918015    0.732097887182081    0.731875014374935
739.699999999472    0.00014970081580096    0.732100985366655    0.731881825945483
739.799999999472    0.00015186563004178    0.732106311584577    0.7318839817763
739.899999999472    0.000153712487396508    0.732111248455555    0.731886213764095
739.999999999472    0.000153342528300331    0.732115492670961    0.731890998214201
740.099999999472    0.000154779429919389    0.732119378344196    0.731892779377029
740.199999999472    0.000155258602040739    0.732123597769907    0.731896296087827
740.299999999472    0.000152113404125459    0.732129760416617    0.731907060791978
740.399999999472    0.000151630107122991    0.732137412505233    0.731915418017707
740.499999999472    0.000155867090978362    0.732143466771395    0.731915268195354
740.599999999471    0.000157251232854892    0.732147230508992    0.731917004603042
740.699999999471    0.000153986422244292    0.732151583539458    0.731926135449623
740.799999999471    0.000151581948647456    0.732157994412575    0.73193606418217
740.899999999471    0.000153801904273719    0.732164187710173    0.73193900585095
740.999999999471    0.000156904867594178    0.732167878567765    0.731938153204706
741.099999999471    0.000155530947956257    0.732170447951579    0.731942733040624
741.199999999471    0.00015136365906575    0.732174434499094    0.731952818840691
741.299999999471    0.000151341664468798    0.732178878955471    0.731957294150024
741.399999999471    0.000155625211813777    0.732180283915609    0.731952427952201
741.499999999471    0.000156176706600011    0.732178194202855    0.731949531556604
741.599999999471    0.000153389173404083    0.73217561494189    0.731951033765486
741.69999999947    0.000152588082390499    0.732174233889324    0.731950825854078
741.79999999947    0.000151920341877479    0.732173643234729    0.731951212886036
741.89999999947    0.000151751176282647    0.732172735087772    0.731950552656634
741.99999999947    0.000153985318492469    0.732169934406338    0.731944482281574
742.09999999947    0.000154646552191142    0.732165161863283    0.731938743242308
742.19999999947    0.000152180472057692    0.732160392369524    0.731937585248151
742.29999999947    0.000151512094575245    0.732156491139457    0.73193466362195
742.39999999947    0.000154172380313308    0.732152318357774    0.731926597826299
742.49999999947    0.00015429225464296    0.732148037105413    0.731922142416459
742.59999999947    0.000150149907846665    0.732145650724594    0.731925820528105
742.69999999947    0.000150222196230739    0.732144515283786    0.731924579608917
742.799999999469    0.000155288801623259    0.732141185321519    0.731913833972063
742.899999999469    0.000155845902553955    0.732135526266783    0.731907361181611
742.999999999469    0.000152218908519714    0.732130917068071    0.731908062652548
743.099999999469    0.000151226105245699    0.732128566498093    0.731907166076315
743.199999999469    0.000153145707190494    0.732126549358749    0.731902339619199
743.299999999469    0.000154624068300172    0.732123334375604    0.731896961601366
743.399999999469    0.000155946866886188    0.732119283749485    0.731890975936398
743.499999999469    0.000155656361734609    0.732116157414441    0.731888275810802
743.599999999469    0.000152372048395492    0.732116022260726    0.731892948215025
743.699999999469    0.00015237338867346    0.732118341000818    0.731895264286716
743.799999999469    0.000156719031536704    0.732120027451228    0.731890589125239
743.899999999468    0.000157183716101463    0.732120502166234    0.731890383494813
743.999999999468    0.000154666417878461    0.732121977313496    0.731895542967923
744.099999999468    0.000154916901887501    0.732124900678525    0.731898098771158
744.199999999468    0.000156671427495669    0.732127955225111    0.731898584097304
744.299999999468    0.00015730300983154    0.73213084391483    0.731900547370493
744.399999999468    0.000156160634452498    0.732134442119817    0.731905816664141
744.499999999468    0.000155182131587882    0.73213896125875    0.731911766746026
744.599999999468    0.000156257800229749    0.73214307607697    0.731914305691085
744.699999999468    0.00015824807524847    0.732145451610905    0.731913767057501
744.799999999468    0.000158371067889345    0.73214662062859    0.731914755664971
744.899999999468    0.000156793082835815    0.732148319949039    0.731918764357412
744.999999999467    0.000154631964445417    0.73215122003536    0.731924827080097
745.099999999467    0.00015592450192726    0.732153590735666    0.731925304963072
745.199999999467    0.000160649285395267    0.732153052801378    0.731917850856937
745.299999999467    0.000160135299976133    0.732151100804363    0.731916651875602
745.399999999467    0.000154978833107728    0.732151946991464    0.731925046047503
745.499999999467    0.000153858534847612    0.732155929664565    0.731930667445844
745.599999999467    0.000157634157070719    0.732159258213177    0.731928467978581
745.699999999467    0.000160625793188369    0.732159868511483    0.731924698766569
745.799999999467    0.000157996684045214    0.73216007793271    0.731928756751682
745.899999999467    0.000154073982303169    0.732162550998935    0.731936971355038
745.999999999467    0.000156557936343194    0.732165669093005    0.731936452286286
746.099999999466    0.000160152651776238    0.732166804366806    0.731932325008773
746.199999999466    0.000157320961531842    0.732167395734648    0.731937061413667
746.299999999466    0.000154127513877997    0.732169457372811    0.731943797236843
746.399999999466    0.000156500701878186    0.732171120860485    0.731941986131611
746.499999999466    0.000160132938282424    0.732170098159427    0.731935646604562
746.599999999466    0.000158431025208848    0.732168036671546    0.73193607715578
746.699999999466    0.000154325489374561    0.73216793766127    0.731941988180466
746.799999999466    0.000154813676406922    0.732169109168907    0.731942444676587
746.899999999466    0.00015750257740249    0.732168644566281    0.731938043989241
746.999999999466    0.000157927442746271    0.732165771957024    0.7319345503372
747.099999999466    0.000156738753780586    0.732161774218471    0.73193229393881
747.199999999465    0.000156675966616537    0.732157544591641    0.731928157549048
747.299999999465    0.000157674051149614    0.732153154984301    0.73192230827482
747.399999999465    0.000156120255399482    0.73214928373808    0.731920712756304
747.499999999465    0.000155362737767992    0.732146273812954    0.73191881265285
747.599999999465    0.00015854036207224    0.732142772007213    0.731910660445939
747.699999999465    0.000158221139857007    0.732138872994961    0.73190722995175
747.799999999465    0.00015534496590062    0.732136395283929    0.731908963207637
747.899999999465    0.000156678185002764    0.732134773943546    0.731905390787764
747.999999999465    0.00015842466335504    0.732132271382079    0.731900332509666
748.099999999465    0.000157837897863942    0.732128973678699    0.731897894755369
748.199999999465    0.000158746772535841    0.732125397096822    0.731892988903112
748.299999999464    0.000160297515178204    0.732121892295089    0.731887215272947
748.399999999464    0.000158047932868315    0.732120024066323    0.731888640523183
748.499999999464    0.000155823089506373    0.732120614802138    0.731892487757419
748.599999999464    0.000159538274190813    0.732121169310887    0.731887603877812
748.699999999464    0.000163219572979642    0.732119811363461    0.731880857799399
748.799999999464    0.000160276067558953    0.732119117159872    0.731884472421641
748.899999999464    0.000156567140027421    0.732121710191038    0.731892493674179
748.999999999464    0.00015911548361496    0.732125523126432    0.731892575178699
749.099999999464    0.00016376750536693    0.732127409258414    0.731887651164149
749.199999999464    0.00016301479325457    0.732128439012715    0.731889782385032
749.299999999464    0.000158942372833715    0.732131797295634    0.731899100750797
749.399999999463    0.000159920001047386    0.732137164340951    0.731903035030734
749.499999999463    0.000163125588478954    0.732141946108883    0.731903122895442
749.599999999463    0.00016239636660877    0.732146168953445    0.731908411809013
749.699999999463    0.000160955682602304    0.732151216883106    0.731915567014528
749.799999999463    0.000162315048466337    0.732156848080293    0.731919206504535
749.899999999463    0.000162714169061298    0.732162699074208    0.731924471346839
749.999999999463    0.000160001745014334    0.732169493642987    0.731935234331627
750.099999999463    0.000159528307200902    0.732176328465876    0.731942760026148
750.199999999463    0.000163809542527776    0.732180240721581    0.731940403788598
750.299999999463    0.000165896831754133    0.73218083017946    0.731937937514588
750.399999999463    0.000161111748997948    0.732182038718409    0.731946150465093
750.499999999462    0.000157433261735534    0.732186221391616    0.73195571675065
750.599999999462    0.000160355154919788    0.732190391042401    0.73195560768395
750.699999999462    0.000163973071275984    0.73219132352467    0.731951243571157
750.799999999462    0.000161960282223758    0.732190245237995    0.731953112166613
750.899999999462    0.000158816912557119    0.732189601261667    0.731957070007805
750.999999999462    0.000160605618142192    0.732188639822347    0.73195349037048
751.099999999462    0.000162468816615481    0.732186035682643    0.73194815953258
751.199999999462    0.000159984497833268    0.73218317547241    0.731948937031629
751.299999999462    0.000158537904051737    0.732181170274265    0.731949050137862
751.399999999462    0.000160406436261065    0.73217869253164    0.731943837854291
751.499999999462    0.000160660397577162    0.732174875616279    0.731939650394432
751.599999999461    0.000159563941948657    0.732170352889818    0.731936734191568
751.699999999461    0.000160318814329488    0.732165235260639    0.731930513166187
751.799999999461    0.000160623955074483    0.732159490062466    0.731924323129831
751.899999999461    0.000159677669249774    0.732153775888212    0.731919996000707
751.999999999461    0.000159923905873739    0.732148305738761    0.731914167149654
752.099999999461    0.000160803164580372    0.732142752790782    0.731907328904542
752.199999999461    0.000160378958337029    0.732137421704377    0.731902620487446
752.299999999461    0.000160267080474155    0.732132717715944    0.731898081773985
752.399999999461    0.000161139602508146    0.732128442164165    0.731892530406582
752.499999999461    0.00016150756526004    0.732124573627523    0.731888124501138
752.599999999461    0.000161189255478172    0.732121582615374    0.731885600387531
752.69999999946    0.000162215937707076    0.732119619282046    0.731882134864692
752.79999999946    0.000163174157390397    0.732118782723322    0.731879895972505
752.89999999946    0.000161535843614772    0.732119987989609    0.731883498951291
752.99999999946    0.000160993115458542    0.73212330177719    0.731887606100066
753.09999999946    0.000163199071232095    0.732126925129425    0.731887999253496
753.19999999946    0.000164581934195466    0.732129765889816    0.731888814880095
753.29999999946    0.00016460835640239    0.732132615023415    0.731891624399631
753.39999999946    0.000164044268664793    0.73213671536993    0.731896549103759
753.49999999946    0.000162694553561283    0.732142666589969    0.731904474094023
753.59999999946    0.000162828400877    0.732149606866641    0.731911216184037
753.69999999946    0.000164935190935447    0.732155591089985    0.731914114473555
753.799999999459    0.000165117588889535    0.732159946909583    0.731918201855713
753.899999999459    0.000163851790778353    0.732163396558524    0.731923503298127
753.999999999459    0.000165183213263716    0.732165875104939    0.731924032029571
754.099999999459    0.000166707535309596    0.732167328390228    0.731923253457858
754.199999999459    0.000163879969723275    0.732169522595732    0.731929586078131
754.299999999459    0.000160888072097397    0.732173365122436    0.731937807098601
754.399999999459    0.000163969708018027    0.732176045174612    0.731935975154133
754.499999999459    0.000168128216708533    0.732174870427882    0.731928713303272
754.599999999459    0.000167038813793078    0.73217184391953    0.731927282538172
754.699999999459    0.000163351564581034    0.732170906958465    0.731931743499805
754.799999999459    0.000161862937340525    0.732172943066382    0.731935958099053
754.899999999458    0.000163214467389088    0.732175550261386    0.731936585978872
754.999999999458    0.00016606765065164    0.73217629942462    0.731933158206695
755.099999999458    0.000166490475755949    0.732175478752303    0.731931718848417
755.199999999458    0.000163048347892956    0.732175596921692    0.731936875801885
755.299999999458    0.000161079602921969    0.732177362082476    0.731941522393934
755.399999999458    0.00016400485057403    0.732178115500247    0.731937993356591
755.499999999458    0.000166478514888024    0.732175815095132    0.731932072588355
755.599999999458    0.000164887635365232    0.732171996316231    0.731930583903846
755.699999999458    0.000163507517965465    0.73216882871168    0.731929437638092
755.799999999458    0.00016392716215811    0.732166610978308    0.73192660633206
755.899999999458    0.000162907617559595    0.732165087548655    0.731926575863879
755.999999999457    0.000162395763331219    0.732163678158236    0.731925916210973
756.099999999457    0.000165258056149425    0.732160702163204    0.731918751238686
756.199999999457    0.000166701714822765    0.732155880632188    0.731911818036203
756.299999999457    0.000164401110811362    0.732151662371295    0.731910968848426
756.399999999457    0.000162514677449464    0.732149789369324    0.731911857862958
756.499999999457    0.000163105313385116    0.732149136629618    0.731910340749746
756.599999999457    0.000165283713464141    0.732147586638844    0.731905602491035
756.699999999457    0.00016702760033143    0.732144555773981    0.731900019921725
756.799999999457    0.000166113970300876    0.732141755684013    0.731898558134804
756.899999999457    0.000164350224259061    0.732141153768471    0.731900538188074
756.999999999457    0.000164110034679859    0.732142706415698    0.731902441915632
757.099999999456    0.00016494676645319    0.73214487476165    0.731903384735315
757.199999999456    0.00016616603309111    0.732146297029786    0.731903021762233
757.299999999456    0.000167361837500988    0.732146618644713    0.731901592845847
757.399999999456    0.00016740065872242    0.732146702825419    0.731901620171748
757.499999999456    0.000166609893450689    0.732147866001379    0.731903940485894
757.599999999456    0.000165120242975741    0.73215076842842    0.731909022520007
757.699999999456    0.000165477095423419    0.732154521288614    0.731912251771502
757.799999999456    0.000168065722713443    0.732157280815648    0.731911221084774
757.899999999456    0.000167932304081206    0.732158904915821    0.73191303994078
757.999999999456    0.00016534589211049    0.732160753542532    0.73191867402346
758.099999999456    0.000167096700424237    0.732162244966421    0.731917602054826
758.199999999455    0.000169684408988126    0.732162014028848    0.731913583226414
758.299999999455    0.000167732852397838    0.732161537043997    0.731915963148758
758.399999999455    0.00016618407498878    0.732162616982841    0.731919309882118
758.499999999455    0.000167042515893243    0.732164597441912    0.731920033061752
758.599999999455    0.000167436645445152    0.732166249717224    0.731921107841436
758.699999999455    0.000167920376325887    0.732167118537437    0.731921268264551
758.799999999455    0.000168864404670048    0.732167249970229    0.731920017745381
758.899999999455    0.000167809616753266    0.732167567320099    0.731921879031214
758.999999999455    0.000166273053547675    0.732168903339505    0.731925463898382
759.099999999455    0.000167509280614568    0.732170327087054    0.731925077519078
759.199999999455    0.000169650794124395    0.732170659335284    0.731922274806335
759.299999999454    0.000169040346186701    0.732170847485723    0.731923356494632
759.399999999454    0.000166275980846903    0.73217277787432    0.731929332859798
759.499999999454    0.000165929064199719    0.7321762082192    0.731933269903609
759.599999999454    0.000168027603720018    0.732178942829423    0.731932931619582
759.699999999454    0.000168978896654882    0.732179999219221    0.731932595088457
759.799999999454    0.000168236996327228    0.732180294705474    0.731933976518203
759.899999999454    0.000166169731741833    0.732180882027826    0.731937589854115
759.999999999454    0.000166130361274768    0.732181204884998    0.731937970237485
760.099999999454    0.000169382488008506    0.732179476068459    0.731931481311778
760.199999999454    0.000169640190166781    0.732176005262655    0.731927634442792
760.299999999454    0.000166280948525268    0.732173383123992    0.731929930636241
760.399999999453    0.000165642676198244    0.732172212389882    0.731929694631776
760.499999999453    0.000167643139003785    0.732170597879456    0.731925152272098
760.599999999453    0.000168703861301214    0.732167509321857    0.731920512019372
760.699999999453    0.000168650153164117    0.732163719242734    0.731916801838609
760.799999999453    0.000167413058901191    0.732160514015391    0.731915408586725
760.899999999453    0.000166851743899266    0.732158284122172    0.731914001108187
760.999999999453    0.000167969707088457    0.732156087549135    0.731910168768904
761.099999999453    0.000168740589491699    0.732153182867408    0.731906136634785
761.199999999453    0.000169298014245582    0.732149852681256    0.731901991611265
761.299999999453    0.000169343572566338    0.732146964596946    0.731899037816496
761.399999999453    0.000167688685823827    0.732145550548249    0.731900046666066
761.499999999452    0.00016822755482093    0.732145413520586    0.731899120888414
761.599999999452    0.000170218583642214    0.732145317683125    0.731896110624805
761.699999999452    0.000169687512023452    0.732145394875462    0.731896965169889
761.799999999452    0.000169490174503074    0.732146254309047    0.731898113173722
761.899999999452    0.000169071300732934    0.732147667343326    0.731900138876393
761.999999999452    0.000169362720981293    0.732148925488702    0.731900970014747
762.099999999452    0.000172262392111752    0.732148914018537    0.731896714016491
762.199999999452    0.000171767190063035    0.732148207543035    0.731896732657531
762.299999999452    0.000168851084540571    0.732148784572569    0.731901578081013
762.399999999452    0.000170762068083177    0.732150162567698    0.731900158307127
762.499999999452    0.000173454812688081    0.732150978742035    0.731897032568467
762.599999999451    0.000171682810398987    0.732152574426326    0.731901221556056
762.699999999451    0.000169691559631298    0.732156572278492    0.731908132855276
762.799999999451    0.000170843752049706    0.732161927984012    0.731911800135023
762.899999999451    0.000172185943954436    0.732166876777327    0.731914782494798
762.999999999451    0.000172505120264384    0.732171060895301    0.731918497949874
763.099999999451    0.000172734950033131    0.732175042118648    0.731922141364816
763.199999999451    0.000171461145770919    0.73217967658845    0.731928638899144
763.299999999451    0.000170555171169597    0.73218513822238    0.731935424889125
763.399999999451    0.000172510351404917    0.73219011093674    0.731937533762252
763.499999999451    0.000172339360448333    0.732194046204267    0.731941717983057
763.599999999451    0.000169782719750566    0.732197790333606    0.731949203474882
763.69999999945    0.000171556399965575    0.732200533781511    0.731949349498525
763.79999999945    0.000173849639242968    0.732201025678136    0.731946484161752
763.89999999945    0.000171077458294702    0.732200848614819    0.731950365346575
763.99999999945    0.000169285828673972    0.732201446430278    0.731953585732351
764.09999999945    0.000170311057802227    0.732201558997756    0.731952197422715
764.19999999945    0.000170782347782156    0.732199827445077    0.731949776538204
764.29999999945    0.000172142857891194    0.732195985967821    0.731943944735797
764.39999999945    0.000172117642188876    0.732190970576966    0.731938967984083
764.49999999945    0.000169287070428384    0.732186747410257    0.731938889870382
764.59999999945    0.000168402522313586    0.732183635024086    0.731937073403815
764.69999999945    0.000170994915841065    0.732179695987981    0.731929340786456
764.799999999449    0.00017224047203109    0.732174075652728    0.731921899070943
764.899999999449    0.000169928966686773    0.732168386218767    0.731919595260935
764.999999999449    0.000169598618540105    0.73216355913659    0.731915253392551
765.099999999449    0.000172022784457719    0.732158716668149    0.731906864030329
765.199999999449    0.000171009055517946    0.732154177518673    0.731903810344945
765.299999999449    0.000169151382948125    0.732150988584056    0.731903341769366
765.399999999449    0.000171398245415043    0.73214806405196    0.731897129274615
765.499999999449    0.000173131867564284    0.732144324749733    0.731890853605125
765.599999999449    0.0001719993145987    0.732140959450565    0.731889147275656
765.699999999449    0.000171383215221899    0.732139117464509    0.73188820775434
765.799999999449    0.000172132842157926    0.732138491415187    0.731886484635069
765.899999999448    0.000172517764232385    0.73213853332933    0.731885963096425
765.999999999448    0.00017182939238556    0.732138986339334    0.731887423570883
766.099999999448    0.00017275610196619    0.732138986849798    0.731886067588212
766.199999999448    0.000176129848247658    0.732137372933532    0.731879515861077
766.299999999448    0.000176453867920104    0.732135272986225    0.731876942368143
766.399999999448    0.000173240130382258    0.732135769414305    0.731882142760318
766.499999999448    0.000171965633583533    0.732139681805714    0.731887919371694
766.599999999448    0.000174739032417724    0.732144610813939    0.731888787034572
766.699999999448    0.000177698861678783    0.732148617277695    0.731888459555686
766.799999999448    0.000176101445843902    0.732152963354575    0.731895142366372
766.899999999448    0.000172875753982628    0.732159515786385    0.731906414284844
766.999999999447    0.000175018918490965    0.732166797543864    0.731910556308806
767.099999999447    0.000178446096577709    0.732172347448673    0.731911087474647
767.199999999447    0.000176027317236332    0.73217717507389    0.731919454072087
767.299999999447    0.000173866392976807    0.732182906530376    0.731928346787844
767.399999999447    0.00017651661936659    0.732188147339585    0.731929706205723
767.499999999447    0.000177318565553082    0.732191895135626    0.731932278737323
767.599999999447    0.000175356186564018    0.732195395692166    0.731938650729167
767.699999999447    0.000174177886397401    0.73219919003672    0.731944168641123
767.799999999447    0.000175327978990377    0.732202032143421    0.731945326146148
767.899999999447    0.000177244062538413    0.732202799580281    0.731943288379501
767.999999999447    0.000176235303093047    0.732202437230531    0.731944402868393
768.099999999446    0.000173872532583108    0.732202622101791    0.731948046516955
768.199999999446    0.00017460574461779    0.732203044237324    0.731947395159621
768.299999999446    0.000176196438864193    0.732202550194732    0.731944572685707
768.399999999446    0.000174889332591148    0.732201660885232    0.731945597148459
768.499999999446    0.000173149076349664    0.732201213153964    0.731947697122511
768.599999999446    0.00017401452084669    0.732200326209064    0.731945543567085
768.699999999446    0.000175174217246781    0.732197738386529    0.731941258983724
768.799999999446    0.000175253763728355    0.732193590579296    0.731936996183376
768.899999999446    0.000175301374083972    0.732188871005342    0.731932208568267
768.999999999446    0.000174082082961009    0.732184769032789    0.731929892902746
769.099999999446    0.00017300005989045    0.732181838218456    0.731928547034121
769.199999999445    0.000174256144701795    0.732179168826466    0.731924039845877
769.299999999445    0.000174653974724339    0.732175936131348    0.731920225917267
769.399999999445    0.000173750528676112    0.732172347589558    0.73191796112439
769.499999999445    0.000175119911998941    0.73216818151759    0.731911791961475
769.599999999445    0.000176859591710654    0.732163397736542    0.731904463292404
769.699999999445    0.000174605640687595    0.732159783224946    0.731904149403982
769.799999999445    0.00017247934618718    0.732158678086009    0.731906157140453
769.899999999445    0.000175205928607736    0.732158419184274    0.731901907135263
769.999999999445    0.000177119332776433    0.732157415460056    0.731898102923492
770.099999999445    0.000174261849362052    0.732156776471826    0.731901646943387
770.199999999445    0.000173852203712691    0.732156809413019    0.731902279514043
770.299999999444    0.000178573267494943    0.732155481307239    0.73189404120023
770.399999999444    0.000178680496452018    0.732153173619588    0.731891577376652
770.499999999444    0.000173986361842239    0.732153035081216    0.731898310114115
770.599999999444    0.000174831916127758    0.732154998178853    0.731899034806952
770.699999999444    0.000179342309340399    0.732156254986981    0.731893688889057
770.799999999444    0.000178289679754747    0.732157091074148    0.731896065505718
770.899999999444    0.000175072377502702    0.732159658913499    0.731903341923129
770.999999999444    0.000175583594586221    0.732163047920626    0.731905981417733
771.099999999444    0.000179372118350136    0.732164471651099    0.73190185897197
771.199999999444    0.00018188239153502    0.732163533955765    0.731897247079558
771.299999999444    0.000178043123383964    0.732163512226339    0.731902845279208
771.399999999443    0.000174357732251311    0.732166702804993    0.731911429462012
771.499999999443    0.000178433551853285    0.732170344894208    0.731909103997946
771.599999999443    0.000181480730961366    0.732171693616657    0.731905991728136
771.699999999443    0.000178545568187988    0.732172502014709    0.731911096376759
771.799999999443    0.000177031470375412    0.732174427987972    0.731915238041633
771.899999999443    0.000179750324326658    0.732176061560296    0.731912891096213
771.999999999443    0.000181437158562941    0.732176600920473    0.731910961033345
772.099999999443    0.000178461965639367    0.732178031334152    0.731916746102289
772.199999999443    0.000176397841206211    0.732181476425219    0.731923211518966
772.299999999443    0.000180325085907049    0.732184670219088    0.731920655300486
772.399999999443    0.000182008994674392    0.732186523447868    0.731920042883634
772.499999999442    0.000178315423206652    0.732189575572865    0.731928500738463
772.599999999442    0.000176847390593297    0.732194889457968    0.731935961737447
772.699999999442    0.000178730623206153    0.73220026732586    0.731938580877061
772.799999999442    0.000180360389029677    0.732203903573666    0.731939830040276
772.899999999442    0.000179348858350756    0.732206239466644    0.731943645856256
772.999999999442    0.000177373860062537    0.732208324691666    0.731948621522379
773.099999999442    0.00017871370474782    0.732209597796811    0.731947932780188
773.199999999442    0.000180738256711198    0.732209224017145    0.731944595408265
773.299999999442    0.000177823993963737    0.732208661895295    0.731948299656602
773.399999999442    0.000175598031879073    0.732209023624971    0.731951919844943
773.499999999442    0.000178669057109413    0.732208314873658    0.731946715674888
773.599999999441    0.000179708563658188    0.732205229039242    0.731942109224099
773.699999999441    0.00017698994429555    0.732201239828129    0.731942101179763
773.799999999441    0.000177380737492222    0.73219685791753    0.731937148747641
773.899999999441    0.000178793719566442    0.73219127556706    0.731929499967708
773.999999999441    0.0001784173964397    0.732184961315197    0.731923738852808
774.099999999441    0.000178558038768959    0.73217895257027    0.731917526374421
774.199999999441    0.000177870512081353    0.732174044342651    0.731913626318938
774.299999999441    0.00017648134828207    0.73217063512655    0.731912251804668
774.399999999441    0.000177662006105917    0.73216768398633    0.731907573439006
774.499999999441    0.000179401868495497    0.732163853254107    0.731901197248448
774.599999999441    0.000179475673774753    0.732159411392269    0.731896648944396
774.69999999944    0.00017893717747096    0.732155474456842    0.731893501665375
774.79999999944    0.000178358588047409    0.732152638401944    0.731891513554162
774.89999999944    0.000178680576847343    0.73215050376539    0.731888908358704
774.99999999944    0.00018036064595622    0.732148155330795    0.731884101527248
775.09999999944    0.000181280730823984    0.732145527070546    0.731880127429953
775.19999999944    0.000179775434231051    0.732143809171381    0.731880613545062
775.29999999944    0.000179740020885951    0.732143437296753    0.731880293640776
775.39999999944    0.000182546042699209    0.732143352964635    0.731876102006695
775.49999999944    0.00018219115839045    0.73214378758661    0.731877055933221
775.59999999944    0.000180439226840314    0.732146046019751    0.731881877953076
775.69999999944    0.00018120688522734    0.732149536083903    0.731884243082913
775.799999999439    0.000182434138512794    0.732152716085665    0.731885625512066
775.899999999439    0.000184229766829629    0.732154992692457    0.731885272895699
775.999999999439    0.000184934956799162    0.732157261741292    0.731886508869822
776.099999999439    0.000181596254903251    0.732161705347385    0.731895837980554
776.199999999439    0.000181071556645612    0.73216857775552    0.731903475949714
776.299999999439    0.000184985284727762    0.732175258536213    0.731904425339027
776.399999999439    0.000184334589838701    0.732181055658873    0.731911172818451
776.499999999439    0.000182232071907305    0.732187160423835    0.731920353078155
776.599999999439    0.000184828619495886    0.732192757925844    0.731922147589075
776.699999999439    0.000185563327406073    0.732197349888436    0.731925662350553
776.799999999439    0.000182562179866816    0.73220260454599    0.731935308336988
776.899999999438    0.000182006521333207    0.732208708663908    0.731942223646011
776.999999999438    0.000183812677182438    0.732213678244785    0.731944547401511
777.099999999438    0.000184208296598194    0.732216580034315    0.731946868979431
777.199999999438    0.00018366755001084    0.732218080115607    0.731949160105789
777.299999999438    0.000183691311548332    0.732218909445563    0.731949954346645
777.399999999438    0.000182371959726376    0.732219694547796    0.731952670564194
777.499999999438    0.000180336759868412    0.732220617027374    0.731956572057221
777.599999999438    0.000182470995606986    0.732219970043058    0.731952800979789
777.699999999438    0.000185943469463033    0.732216321673832    0.73194407061064
777.799999999438    0.000184415968912117    0.732211956654024    0.731941943293928
777.899999999438    0.000179162820256412    0.732210556594202    0.731948233776016
777.999999999437    0.000177838152208736    0.732211784471778    0.731951400396449
778.099999999437    0.000182247829076276    0.732211413916469    0.731944574666121
778.199999999437    0.000185628603102769    0.732207246947832    0.731935460182365
778.299999999437    0.000182576048374992    0.732202039021191    0.731934722716952
778.399999999437    0.000178452324289995    0.7321988593424    0.73193758079158
778.499999999437    0.000179739244384412    0.732196423708481    0.731933262145064
778.599999999437    0.00018327047827074    0.732191763113325    0.731923434020902
778.699999999437    0.00018431441801282    0.732184921744435    0.731915067007096
778.799999999437    0.000182570453700434    0.732178657265199    0.731911357686911
778.899999999437    0.000178944948164254    0.73217520863089    0.731913217403386
778.999999999437    0.000179326241335721    0.73217340572707    0.731910856999237
779.099999999436    0.00018454676634528    0.732169850571965    0.731899661277848
779.199999999436    0.000185507500336948    0.73216441241351    0.731892818816194
779.299999999436    0.000181448952616362    0.732160569319668    0.731894917984924
779.399999999436    0.000180411887797486    0.732159560783515    0.731895427859174
779.499999999436    0.000182786462060407    0.732159187455809    0.731891578795969
779.599999999436    0.000184953172978949    0.73215779385717    0.731887014124551
779.699999999436    0.000185208433124139    0.732156150651875    0.731884997884726
779.799999999436    0.000183378165305694    0.732156122575516    0.731887648914772
779.899999999436    0.000182174513463377    0.732158273002266    0.731891560436174
779.999999999436    0.000184496641682317    0.73216087986983    0.731890767257685
780.099999999436    0.000186424150546707    0.732162543934335    0.73188960925532
780.199999999435    0.00018573735574639    0.732164189213435    0.731892259240035
780.299999999435    0.000184368925160737    0.732167133606044    0.731897205637451
780.399999999435    0.000184047205867505    0.732171114943749    0.731901656440989
780.499999999435    0.000185537172552573    0.732174622271661    0.731902981452668
780.599999999435    0.000186824074584516    0.73217671772563    0.731903192351313
780.699999999435    0.000186543107629077    0.732177999482156    0.731904884911075
780.799999999435    0.000186205794409161    0.732179425174159    0.731906803834803
780.899999999435    0.000186189492156927    0.732181377291276    0.731908779088588
780.999999999435    0.000186027337199622    0.732183836325858    0.731911474573765
781.099999999435    0.000186763637435717    0.732186457324104    0.731913016780753
781.199999999435    0.000187220429035994    0.73218905990448    0.731914949723644
781.299999999434    0.000185914831772549    0.732192211526122    0.73192001134851
781.399999999434    0.000185289880620904    0.732195910634584    0.731924623915522
781.499999999434    0.000186985108295177    0.732198869938826    0.731925100559645
781.599999999434    0.00018860274515858    0.732200410496966    0.731924272562486
781.699999999434    0.000187799203735202    0.732201856143995    0.731926893930565
781.799999999434    0.000185745362843053    0.732204967092176    0.731933010252322
781.899999999434    0.000184667217332314    0.732209818266903    0.731939437898008
781.999999999434    0.000185996705569016    0.73221458261094    0.731942254262845
782.099999999434    0.000187132902896771    0.732217629010713    0.731943636262834
782.199999999434    0.000186908095006885    0.732219018111103    0.731945353937547
782.299999999434    0.000186347023963122    0.73221953388568    0.73194669086711
782.399999999433    0.000186483955938226    0.732219688247401    0.731946644717479
782.499999999433    0.000186025733904358    0.732219901994334    0.731947529173392
782.599999999433    0.000183643304826627    0.732220588461894    0.73195170302345
782.699999999433    0.000183829237395332    0.732220698986371    0.73195154132002
782.799999999433    0.000187830437423019    0.73221800858354    0.731942994581857
782.899999999433    0.000187251666681384    0.732213040051304    0.731938875164905
782.999999999433    0.000183366011420274    0.732208608686739    0.731940133571745
783.099999999433    0.00018442313290896    0.73220485984357    0.731934838613365
783.199999999433    0.000186783829931388    0.732200290029971    0.731926814761831
783.299999999433    0.000184535078017594    0.73219562439567    0.731925442700326
783.399999999433    0.000183086249646693    0.732191644229296    0.731923584862951
783.499999999432    0.000185743981233195    0.732186787595938    0.731914839530786
783.599999999432    0.00018780070227384    0.732180191515438    0.731905235244104
783.699999999432    0.00018608789922613    0.732173743749114    0.731901297100453
783.799999999432    0.000184464574885353    0.732169352116713    0.731899283318275
783.899999999432    0.000184708897162289    0.732166613956059    0.731896188530435
783.999999999432    0.00018558576633285    0.732164054719855    0.731892346690645
784.099999999432    0.000187894569467405    0.732160532659583    0.731885446370673
784.199999999432    0.000188240587267089    0.732156516000522    0.731880924732897
784.299999999432    0.000186142579223846    0.732153800983426    0.731881281717058
784.399999999432    0.000186724200906129    0.732152644962681    0.731879274772367
784.499999999432    0.000188501681945552    0.732151947647228    0.73187597592122
784.599999999431    0.000188406163684655    0.732151666090421    0.731875834285546
784.699999999431    0.000188201437523726    0.732152269231623    0.731876736868099
784.799999999431    0.000189330976308577    0.732153535936536    0.731876349728938
784.899999999431    0.000190087993667878    0.732155317529242    0.73187702255905
784.999999999431    0.000189837933722981    0.732158254585295    0.731880324526546
785.099999999431    0.000189927389636826    0.732162863969562    0.731884801218209
785.199999999431    0.000188683392077949    0.732169093161356    0.731892848987899
785.299999999431    0.000188352678135587    0.732175830083878    0.731900067467581
785.399999999431    0.000192506448001306    0.732180628480078    0.731898783752837
785.499999999431    0.00019465923453803    0.732183144705423    0.73189814776173
785.599999999431    0.00019000963372572    0.732186744196619    0.731908551985651
785.69999999943    0.000187542173865473    0.732193029109453    0.731918446460543
785.79999999943    0.00019177680687263    0.732199094620957    0.731918310860048
785.89999999943    0.000193167997661736    0.732203189645872    0.731920367829945
785.99999999943    0.000189891720145546    0.732207026043249    0.731928998734977
786.09999999943    0.000190387464441671    0.73221091251861    0.731932158031828
786.19999999943    0.0001928876514098    0.732213482033487    0.731931066630171
786.29999999943    0.000191940913341492    0.732215433628451    0.731934403371468
786.39999999943    0.000189010021901038    0.732218484748581    0.731941743791718
786.49999999943    0.000188935491774927    0.732222120403708    0.731945487176729
786.59999999943    0.000192385926341168    0.732224080545789    0.731942395521973
786.69999999943    0.000193046129459757    0.732224238673682    0.731941587128123
786.799999999429    0.00018940621069464    0.732225137540364    0.731947814089794
786.899999999429    0.000187534203642186    0.732227718022297    0.731953134032219
786.999999999429    0.000189379759774678    0.732229823249819    0.731952536746217
787.099999999429    0.000190744794492832    0.732229551155477    0.731950266477062
787.199999999429    0.000191032245363851    0.732227162432655    0.731947457867334
787.299999999429    0.000190326949935699    0.732224126163022    0.731945455232407
787.399999999429    0.000187657088743653    0.732221956436816    0.731947194716483
787.499999999429    0.000187703478202723    0.732220289795319    0.731945460791268
787.599999999429    0.000190564555798653    0.73221725375587    0.731938237615037
787.699999999429    0.000190359538751968    0.732212940415757    0.731934226036486
787.799999999429    0.000187875465524098    0.732209136365452    0.731934059780882
787.899999999428    0.000187883697313076    0.732206029311843    0.73193094184433
787.999999999428    0.000189632642824557    0.732202377944103    0.731924731650879
788.099999999428    0.000189439128933287    0.732198025221652    0.731920663852539
788.199999999428    0.000188267820497173    0.732193704938588    0.731918059807675
788.299999999428    0.000189157016202736    0.732189249475838    0.73191230439449
788.399999999428    0.000190689833712818    0.732184217813298    0.731905030877924
788.499999999428    0.000189170869416222    0.732179520838106    0.731902559158137
788.599999999428    0.00018749934023788    0.732175933083926    0.731901419546251
788.699999999428    0.000190936142545806    0.732172004640113    0.731892461818449
788.799999999428    0.000193609983161795    0.732167037298666    0.731883582482822
788.899999999428    0.000189340354530244    0.73216382649224    0.731886622661147
788.999999999427    0.000186773426972526    0.732163863306101    0.731890416870919
789.099999999427    0.000191922416832743    0.732164043517493    0.731883060059018
789.199999999427    0.000194825633987416    0.732162429779539    0.731877197331004
789.299999999427    0.000190616589297457    0.732161611860951    0.731882540757998
789.399999999427    0.000189220485997474    0.732162884424286    0.731885856410021
789.499999999427    0.000193237670745973    0.732163712991346    0.731880804438929
789.599999999427    0.000195315537620265    0.732162895793499    0.731876946064689
789.699999999427    0.000193200034963253    0.732162570307833    0.731879717286682
789.799999999427    0.000191775980743799    0.732164388257757    0.731883619015306
789.899999999427    0.000193576752473578    0.732167381785313    0.73188397547812
789.999999999427    0.000194568799564027    0.732170500471512    0.731885640825605
790.099999999426    0.000194117071631151    0.732174099726377    0.731889899910087
790.199999999426    0.000194664744643575    0.732178355132942    0.731893351987935
790.299999999426    0.000194348513950071    0.732183124727139    0.731898582623014
790.399999999426    0.000193899821823204    0.732188209692191    0.731904322411083
790.499999999426    0.000195834763981915    0.732192689210771    0.73190596779583
790.599999999426    0.000197140862725348    0.732196395022471    0.731907760266177
790.699999999426    0.00019525334436145    0.732201042329571    0.731915168742826
790.799999999426    0.000192980171243827    0.732207855852688    0.731925307184161
790.899999999426    0.000193681049083436    0.732215410760858    0.731931833186637
790.999999999426    0.000195852627195229    0.73222129217245    0.731934533407387
791.099999999426    0.000196772231309338    0.732224938277061    0.731936831898546
791.199999999425    0.000195251334157507    0.732227847704208    0.731941966594533
791.299999999425    0.000193460447508602    0.732231289502879    0.731948028716743
791.399999999425    0.000194047714020992    0.732234563316539    0.731950441563438
791.499999999425    0.000194929568169095    0.732236470367242    0.731951056924828
791.599999999425    0.000194721638451048    0.732236997855745    0.731951888596773
791.699999999425    0.000194407166374685    0.732236699356886    0.731952050570974
791.799999999425    0.000193640309520312    0.732236060045848    0.731952534113279
791.899999999425    0.00019325413443489    0.732235248931493    0.73195228863627
791.999999999425    0.000193931539568947    0.73223398978829    0.731950038325506
792.099999999425    0.000193158901211187    0.732232353210525    0.731949533446125
792.199999999425    0.000191807460334183    0.732230642177198    0.731949801444836
792.299999999424    0.000193701746917235    0.732228074406018    0.731944461628
792.399999999424    0.000194153509544822    0.732224309729384    0.7319400370829
792.499999999424    0.000191249790488348    0.732220639773311    0.731940619239283
792.599999999424    0.000191549490600907    0.732216965744124    0.731936507892087
792.699999999424    0.000194663126138329    0.732211697290934    0.731926683536623
792.799999999424    0.000194979114138801    0.732205404408445    0.731919930547647
792.899999999424    0.00019178354782248    0.732200739883739    0.731919945624232
792.999999999424    0.000189764242169241    0.732198594482424    0.731920756983248
793.099999999424    0.000192329320744738    0.732196655031153    0.731915063418849
793.199999999424    0.000194931141127069    0.732192837996403    0.731907439258633
793.299999999424    0.000193533824505765    0.732188101544828    0.731904750055826
793.399999999423    0.000192548149309695    0.732183942627892    0.731902035582357
793.499999999423    0.000193535112061049    0.732180180104511    0.731896829796334
793.599999999423    0.000194015662956975    0.732176450036024    0.731892397747906
793.699999999423    0.000194656815432697    0.732172970070275    0.731887980628012
793.799999999423    0.000194641833483661    0.732170276506406    0.731885310042719
793.899999999423    0.00019354045609523    0.732169008748908    0.731885654941549
793.999999999423    0.000194469986469111    0.732168749488973    0.731884035163751
794.099999999423    0.000196925547566217    0.732168516177055    0.731880207580465
794.199999999423    0.000195674704964598    0.732169001069175    0.731882523219107
794.299999999423    0.000192866889792111    0.732171271135498    0.731888902403359
794.399999999423    0.000195542841117139    0.732173482094339    0.731887195509872
794.499999999422    0.000200971148922964    0.732173252815553    0.731879020548092
794.599999999422    0.000198836026372235    0.732172755890247    0.73188164912996
794.699999999422    0.000193088486134538    0.732175892563594    0.731893197679362
794.799999999422    0.000195154389072419    0.732181314859106    0.731895593824437
794.899999999422    0.000199681316951809    0.732185103834213    0.731892754839273
794.999999999422    0.000198966794432211    0.732187215398356    0.73189591147182
795.099999999422    0.000197180553590933    0.732189611846947    0.731900921665042
795.199999999422    0.000197974885388612    0.732192359898938    0.731902505885686
795.299999999422    0.00019892382735457    0.732194755382113    0.731903511351271
795.399999999422    0.000199602354119332    0.732197048379541    0.731904810201898
795.499999999422    0.000198720144026264    0.732200199742394    0.731909251701333
795.599999999421    0.00019627480708138    0.732204868278969    0.731917497943995
795.699999999421    0.000199048269069505    0.732209550175728    0.731918118097662
795.799999999421    0.000202706030796295    0.732212838957298    0.731916051201399
795.899999999421    0.00019712729677646    0.732217352633414    0.731928729474162
795.999999999421    0.000193930703045823    0.732224577474141    0.731940630885908
796.099999999421    0.000201295887826357    0.732230482093623    0.731935751451716
796.199999999421    0.000201397204193984    0.732233730173235    0.731938849909149
796.299999999421    0.000194434675576543    0.73223776997788    0.731953080504885
796.399999999421    0.000197249135324777    0.732241861511709    0.731953050331401
796.499999999421    0.000201368320676325    0.73224299188412    0.731948150172695
796.599999999421    0.000196430091329533    0.732242909472595    0.731955296885196
796.69999999942    0.000195223616148237    0.732243001538894    0.731957155089553
796.79999999942    0.0001997353313476    0.732240996835402    0.731948546451818
796.89999999942    0.000199580325503523    0.732237055714825    0.731944833816716
796.99999999942    0.000195906479428686    0.732234253257407    0.7319474105824
797.09999999942    0.000194329809748279    0.732233488607477    0.731948954311907
797.19999999942    0.000195431401371344    0.732232695236446    0.731946548634957
797.29999999942    0.000197832327475477    0.732229671971276    0.731940011874901
797.39999999942    0.000198344634338988    0.732224468025391    0.731934060037528
797.49999999942    0.00019660902785269    0.732219083979983    0.73193121881232
797.59999999942    0.000195222508496364    0.732214804152525    0.731928970332071
797.69999999942    0.000195574788605415    0.732211093214981    0.731924745157901
797.799999999419    0.000197737115876517    0.732206827657675    0.731917315972229
797.899999999419    0.000197282351823026    0.732202310770037    0.731913466566142
797.999999999419    0.000194936556974778    0.73219884445326    0.731913435446392
798.099999999419    0.000196716815663717    0.732195878375016    0.731907864548907
798.199999999419    0.000197878675393138    0.732192360640823    0.73190264745997
798.299999999419    0.000195721387180176    0.732188945700614    0.731902391713097
798.399999999419    0.000197228837123847    0.732185394913164    0.731896635716809
798.499999999419    0.000200134688592311    0.732180775194363    0.731887764293135
798.599999999419    0.000197835734951282    0.73217661473778    0.731886970642351
798.699999999419    0.000196082852596192    0.732174454472992    0.731887377052689
798.799999999419    0.000199565708237523    0.732172933330869    0.731880758418977
798.899999999418    0.000201089002755016    0.732171419415003    0.731877015375266
798.999999999418    0.000197338362256306    0.732171943970576    0.731883029759807
799.099999999418    0.000196030208042756    0.732174773911553    0.731887773425811
799.199999999418    0.000200768135939618    0.732176612868746    0.731882676414331
799.299999999418    0.000203456210939671    0.73217585230686    0.73187798146123
799.399999999418    0.00020056651349657    0.73217505155663    0.731881410856401
799.499999999418    0.000198947402141461    0.732176251568162    0.731884980389488
799.599999999418    0.000201481869440907    0.732178392632158    0.731883410723041
799.699999999418    0.000202823409716732    0.732180675545732    0.731883729011155
799.799999999418    0.000201087248379086    0.732184298952653    0.731889892302111
799.899999999418    0.000199896798672545    0.732189726549822    0.731897060288155
799.999999999417    0.000201939590890547    0.732195222216251    0.731899563514196
800.099999999417    0.000204590018585753    0.732199332875791    0.731899792808456
800.199999999417    0.0002030093431977    0.732203323313389    0.731906095421922
800.299999999417    0.000200016950048307    0.732209024357175    0.731916174500411
800.399999999417    0.000201838080135917    0.732215240656484    0.731919722466468
800.499999999417    0.000204476183255868    0.73221990387347    0.731920522027431
800.599999999417    0.00020328815091649    0.732223648504548    0.731926004228979
800.699999999417    0.000201334100829586    0.73222798924899    0.731933203671744
800.799999999417    0.000202035248872002    0.732232650013924    0.731936836167393
800.899999999417    0.000202293315083136    0.73223683924606    0.731940645928714
800.999999999417    0.000201166533891076    0.732240497322898    0.731945952009916
801.099999999416    0.000201930179012235    0.732243070620072    0.731947406374944
801.199999999416    0.000203355521217942    0.732243970385038    0.731946219225867
801.299999999416    0.000201618561351583    0.732244224522892    0.731949015988199
801.399999999416    0.000199909942357797    0.732244834559061    0.731952127028869
801.499999999416    0.00020109879609683    0.732244884743406    0.731950436826987
801.599999999416    0.000203040179128518    0.732243524596935    0.731946235245818
801.699999999416    0.000201057853279707    0.73224194967603    0.731947562875842
801.799999999416    0.000197138949912476    0.732241585376028    0.731952935605694
801.899999999416    0.000200165090679944    0.732240502162947    0.731947422854163
801.999999999416    0.000204097788514767    0.732236384111436    0.731937549449595
802.099999999416    0.000200633196525599    0.732231361335476    0.731937600436422
802.199999999415    0.000198089864468701    0.732227903981969    0.73193786758272
802.299999999415    0.000200182080958671    0.732224899334543    0.73193180139934
802.399999999415    0.000200834596248697    0.732221172896639    0.731927121265132
802.499999999415    0.000200607818764958    0.732217211498043    0.731923493424863
802.599999999415    0.000200766196262135    0.732213624248975    0.731919675775509
802.699999999415    0.000198639502046502    0.732211002806196    0.731920168519393
802.799999999415    0.000197830262907418    0.732208820153451    0.731919171327966
802.899999999415    0.000201800353166143    0.732204647074139    0.731909188385068
802.999999999415    0.000204527740645795    0.732197785348334    0.731898337076327
803.099999999415    0.000202073499360417    0.732191373021277    0.731895519859465
803.199999999415    0.000198182302070796    0.732188460709996    0.73189830462441
803.299999999414    0.000198641369664851    0.73218809708314    0.731897269160683
803.399999999414    0.000203145661316073    0.732186999792445    0.731889578987631
803.499999999414    0.000204397224390772    0.732184518542226    0.731885266741799
803.599999999414    0.000200813434824029    0.732183124098996    0.731889118723084
803.699999999414    0.000200300968561512    0.732183558621686    0.731890303209116
803.799999999414    0.000204174105509059    0.732183661648267    0.731884736792611
803.899999999414    0.000204222711456447    0.732182961615658    0.731883965897967
803.999999999414    0.000201430892240558    0.732183070963643    0.731888161788926
804.099999999414    0.00020263381396145    0.73218356964277    0.731886899459708
804.199999999414    0.000205704425169504    0.732182721938004    0.731881557437004
804.299999999414    0.000206106425637529    0.732181026679017    0.731879274443435
804.399999999413    0.000204644498086374    0.732180694197113    0.731881082009754
804.499999999413    0.000203310900886533    0.732182890501413    0.731885229492978
804.599999999413    0.000203881422181357    0.732186757100195    0.73188825940365
804.699999999413    0.000206693785584197    0.732190585056233    0.731887969117478
804.799999999413    0.000206951762143833    0.732194303961975    0.731891308864471
804.899999999413    0.000204829024438188    0.732199328053237    0.731899438131278
804.999999999413    0.000205299047619263    0.732205593147797    0.731905012634821
805.099999999413    0.000206950254541299    0.732211865693138    0.731908865535131
805.199999999413    0.000206412454102689    0.732218131586826    0.731915916084911
805.299999999413    0.000205273087575218    0.732224956088155    0.731924405628004
805.399999999413    0.000205733666311243    0.732231809907297    0.731930582410251
805.499999999412    0.00020566014126212    0.732237708994882    0.731936586702396
805.599999999412    0.000205496834295723    0.732242014168453    0.731941129167669
805.699999999412    0.000207763151764483    0.73224406322329    0.731939859756689
805.799999999412    0.000207492198871566    0.732244719081716    0.731940911985569
805.899999999412    0.000203482066320218    0.732246257087251    0.731948319749261
805.999999999412    0.000203275464269552    0.732248441068527    0.731950805286941
806.099999999412    0.000207931526331427    0.732248688985482    0.731944237115514
806.199999999412    0.000207846908683743    0.732247320756123    0.731942993325616
806.299999999412    0.000201532845490686    0.732247662046783    0.731952577606118
806.399999999412    0.000201626648818424    0.732249437210289    0.731954214734759
806.499999999412    0.000207224125630894    0.732248768810967    0.731945352464432
806.599999999411    0.000206232778218753    0.732245526309817    0.731943562526189
806.699999999411    0.000202660487263373    0.732242513328984    0.731945780215969
806.799999999411    0.000203416353596485    0.732239878236251    0.731942039689505
806.899999999411    0.000205286680244289    0.732236321138163    0.73193574611517
806.999999999411    0.000204506052052776    0.732232246859422    0.731932816242813
807.099999999411    0.00020250308048078    0.732228787552407    0.731932290423797
807.199999999411    0.000203144960990468    0.732225531858378    0.731928096426676
807.299999999411    0.000205885296304068    0.732221292049584    0.731919846917357
807.399999999411    0.000205061594716896    0.732216868410771    0.731916630860532
807.499999999411    0.000201591588829475    0.732214173482707    0.731919016546671
807.599999999411    0.000201990912614334    0.732212466606147    0.731916725814385
807.69999999941    0.000205922350895093    0.732209108929267    0.731907614571578
807.79999999941    0.000206554626141133    0.732203947831402    0.731901530071782
807.89999999941    0.000203698303891379    0.732199402772973    0.731901167969986
807.99999999941    0.00020426180177903    0.732196348930421    0.731897290525652
808.09999999941    0.00020603173285471    0.732193977862667    0.731892329623687
808.19999999941    0.000203203638708496    0.73219266398785    0.731895156015437
808.29999999941    0.000203980084368511    0.732191877889123    0.731893233684541
808.39999999941    0.000209368523231132    0.732189442391199    0.731882911724515
808.49999999941    0.000207784500505915    0.732186648385641    0.73188243752192
808.59999999941    0.000203343338824636    0.732186764620007    0.731889054554644
808.69999999941    0.000205089436986287    0.732188960941551    0.731888694079579
808.799999999409    0.000208199777577199    0.73219047147067    0.731885651147585
808.899999999409    0.000207679045224815    0.732191127825504    0.731887069463357
808.999999999409    0.000207127868578751    0.732191910548132    0.731888658660404
809.099999999409    0.000209091444344467    0.732192745201385    0.731886618732545
809.199999999409    0.000208832676372594    0.732194129422291    0.731888381153177
809.299999999409    0.000206006823798979    0.732197333502058    0.73189572034229
809.399999999409    0.000206706004528986    0.732201421088906    0.731898782785533
809.499999999409    0.000210369523495951    0.732203927984772    0.73189592599614
809.599999999409    0.000210718662327351    0.732204798329943    0.731896284908171
809.699999999409    0.000209387509311724    0.732206096354515    0.73189953092385
809.799999999409    0.000209447778618926    0.732209012671892    0.731902357797696
809.899999999408    0.000208174909370297    0.732213855760698    0.731909062104965
809.999999999408    0.000206971256353495    0.73222002799266    0.731916993713803
810.099999999408    0.000209717112199742    0.732225189355387    0.731918133445883
810.199999999408    0.000212616748895476    0.732227766793058    0.731916465206536
810.299999999408    0.000211582688576855    0.732229525654819    0.731919737017345
810.399999999408    0.000208016156239804    0.732233400043914    0.731928830644574
810.499999999408    0.00020669637035428    0.732239629360322    0.731936989367674
810.599999999408    0.000208940324017059    0.732245484353125    0.731939557056152
810.699999999408    0.000211161138828328    0.732248905719813    0.731939725980883
810.799999999408    0.000210230253043517    0.732250660728942    0.731942842958157
810.899999999408    0.000208072958003084    0.732252470070059    0.731947809586762
810.999999999407    0.000208126669193905    0.732254374555424    0.731949634651967
811.099999999407    0.000209441854689527    0.732255335637464    0.731948670034872
811.199999999407    0.000209102487010091    0.732255382426156    0.731949213603634
811.299999999407    0.000207702503630435    0.732255397121162    0.731951277728963
811.399999999407    0.000206709135164882    0.732255388732555    0.731952723539966
811.499999999407    0.000207986877573882    0.732254192633638    0.731949657446728
811.599999999407    0.000209586790662325    0.732250996970044    0.731944121014362
811.699999999407    0.000207597556348617    0.732246978782493    0.731943016517439
811.799999999407    0.000206421448565811    0.732243295878453    0.731941056823401
811.899999999407    0.00020808128518922    0.732239287769881    0.731934620581291
811.999999999407    0.000207905618793608    0.732234735228866    0.731930327085569
812.099999999406    0.000206310083652565    0.732230395546099    0.731928324838016
812.199999999406    0.000206151902453848    0.73222599934464    0.7319241620034
812.299999999406    0.000208759554979736    0.732220297261374    0.731914645102376
812.399999999406    0.000211126276094986    0.732213352704935    0.731904239010031
812.499999999406    0.000206697099351872    0.732208071498357    0.731905443481688
812.599999999406    0.000202850652695674    0.732206082330781    0.731909085613342
812.699999999406    0.000208484074841038    0.7322038144315    0.731898572399909
812.799999999406    0.000212685416164565    0.732198548042427    0.731887158364659
812.899999999406    0.00020912148829196    0.732193221195099    0.731887050549693
812.999999999406    0.000206508716698779    0.732190748576176    0.731888403469342
813.099999999406    0.000208115832316075    0.732190052210113    0.731885354938181
813.199999999405    0.000210116765583909    0.732189202318319    0.731881576501687
813.299999999405    0.000210603232270892    0.73218799557432    0.731879658194173
813.399999999405    0.000209506232962299    0.73218725728566    0.731880525959591
813.499999999405    0.000210192490198467    0.732187136514625    0.731879400723346
813.599999999405    0.00021264614820411    0.732187114543032    0.731875787206246
813.699999999405    0.000210812064945328    0.732188124505874    0.731879481390656
813.799999999405    0.000208723445660785    0.732191110700592    0.731885523580773
813.899999999405    0.000213064025336112    0.732194145592737    0.73188220359238
813.999999999405    0.000214862144725532    0.732196199895583    0.731881624994082
814.099999999405    0.000210044001805709    0.732199620871613    0.731892097188142
814.199999999405    0.000210011113139069    0.732204572158536    0.731897094537764
814.299999999404    0.000215247287004284    0.732207982535441    0.731892838805746
814.399999999404    0.000216142427085685    0.732209711983821    0.731893257214555
814.499999999404    0.00021208155989395    0.732212986917237    0.731902475026203
814.599999999404    0.000210569437844248    0.732218887268891    0.7319105863487
814.699999999404    0.000213905393689949    0.732224895079742    0.731911708363167
814.799999999404    0.000215129100495088    0.732229438618891    0.731914458659274
814.899999999404    0.000213240153199571    0.732233610070112    0.731921393432857
814.999999999404    0.000213593542047987    0.732237986261124    0.731925250449259
815.099999999404    0.000214488423185942    0.732242211791638    0.731928164196417
815.199999999404    0.000212422260401644    0.732246802240348    0.731935777267168
815.299999999404    0.000211890767296459    0.732251657250005    0.731941408257885
815.399999999403    0.000214872082522835    0.73225511630494    0.731940501543313
815.499999999403    0.000213976923936047    0.732257154469218    0.73194384924242
815.599999999403    0.000210839367461937    0.73225925203036    0.731950538964195
815.699999999403    0.000212621296464368    0.732260579931862    0.731949257737881
815.799999999403    0.000214340484923755    0.732259790270927    0.731945951702165
815.899999999403    0.000212382118458226    0.732258026923902    0.731947055946545
815.999999999403    0.000212314237774834    0.732256375396643    0.731945504490566
816.099999999403    0.000212467270654995    0.732254831959849    0.731943737686059
816.199999999403    0.000210910678533863    0.732253746241604    0.731944931105057
816.299999999403    0.000211323321673511    0.732252799143031    0.7319433803428
816.399999999403    0.000212677714768671    0.732251159724429    0.731939758945861
816.499999999402    0.000211794139401238    0.732249167345253    0.731939060859539
816.599999999402    0.000209763372557915    0.732247563782261    0.731940430770465
816.699999999402    0.000210223737964025    0.732245528793856    0.731937722717659
816.799999999402    0.000214062904392773    0.732241430274731    0.731928005912698
816.899999999402    0.000213407213277401    0.732236236909402    0.731923774601553
816.999999999402    0.000207222753055456    0.732232981488082    0.731929573692477
817.099999999402    0.000208559258246329    0.732230636333533    0.731925273063112
817.199999999402    0.000215724933596643    0.732225233672972    0.731909383329942
817.299999999402    0.000214878491618494    0.732217831338246    0.731903223214497
817.399999999402    0.00020816170625686    0.732213130001768    0.73190835597508
817.499999999402    0.00020841114942653    0.732211201750085    0.731906063387963
817.599999999401    0.000214474251460215    0.732208120942315    0.731894108712549
817.699999999401    0.000215235260450786    0.732203458373746    0.731888334195448
817.799999999401    0.000210678235031934    0.732200516301597    0.731892063860885
817.899999999401    0.000209982150219888    0.73220004923833    0.73189261591238
817.999999999401    0.000213570948214336    0.732199403520426    0.731886717259344
818.099999999401    0.000214963590420023    0.732197316579674    0.731882592705713
818.199999999401    0.000213617745789703    0.73219511471611    0.731882361785918
818.299999999401    0.000214016272411989    0.732193751262927    0.731880415567207
818.399999999401    0.000214959480391633    0.732193185267774    0.731878469185677
818.499999999401    0.000213789696477523    0.732193774170559    0.731880770118115
818.599999999401    0.000213861988378088    0.732195277958005    0.731882167444392
818.6999999994    0.000216057401214443    0.732196408132466    0.73188008357049
818.7999999994    0.000216774669820557    0.732196937261162    0.731879562561321
818.8999999994    0.000216625857755241    0.732197868470968    0.731880711192828
818.9999999994    0.000216280059045998    0.732200037858932    0.731883385809613
819.0999999994    0.000215715292486637    0.732203726809336    0.731887899855863
819.1999999994    0.000217037512035314    0.732208243755352    0.731890479411102
819.2999999994    0.000217432313418211    0.732212944078137    0.731894599787781
819.3999999994    0.000216045846012227    0.732218040785021    0.731901723791819
819.4999999994    0.000217903202306731    0.732222853726317    0.731903815836437
819.5999999994    0.000220113208471622    0.732226687631291    0.7319044130371
819.6999999994    0.000217304524039617    0.732231292904344    0.7319131276979
819.799999999399    0.000214839972351408    0.732237939723744    0.731923379346437
819.899999999399    0.000216789503873775    0.732244576355256    0.7319271592911
819.999999999399    0.000218784610979443    0.732248852550899    0.731928513075556
820.099999999399    0.000219080579714191    0.732250966834002    0.731930193176661
820.199999999399    0.00021917102596783    0.732252506739968    0.731931600007086
820.299999999399    0.000216555925250585    0.732255364234867    0.731938284424535
820.399999999399    0.000214024336845229    0.732260124597974    0.731946748692914
820.499999999399    0.000216592317759656    0.732264423042896    0.731947286035136
820.599999999399    0.000219190488862588    0.732266095477666    0.731945154298029
820.699999999399    0.000217193704707924    0.732266282869722    0.731948264687651
820.799999999399    0.000215161972297819    0.732266672657871    0.731951628560306
820.899999999398    0.000216141839445101    0.732266840016092    0.731950361416827
820.999999999398    0.000216975049135308    0.732266065517839    0.731948367519286
821.099999999398    0.000215898266271772    0.732264959923549    0.731948838702975
821.199999999398    0.000214130321039445    0.732264203895905    0.731950671094653
821.299999999398    0.000214694292750392    0.732263017729312    0.731948659838759
821.399999999398    0.000217598480152832    0.732260107127576    0.731941499083427
821.499999999398    0.000216309197122447    0.73225641016235    0.73193969107926
821.599999999398    0.000211227717048151    0.732254037371419    0.731944758002568
821.699999999398    0.000212950585953364    0.732251480621033    0.731939680255377
821.799999999398    0.000219607944384799    0.732245371888108    0.731923828699735
821.899999999398    0.000218136969741196    0.732237336643725    0.731917950246212
821.999999999397    0.000211771744096429    0.732232073154661    0.731922006691546
822.099999999397    0.000212693453520505    0.732229559508187    0.731918144876477
822.199999999397    0.000216036448657179    0.732226586565557    0.731910279636634
822.299999999397    0.000216160517937851    0.732222457751177    0.731905970991693
822.399999999397    0.00021606847249137    0.732218249817832    0.7319018996136
822.499999999397    0.000215243566244455    0.732214833645836    0.731899692413857
822.599999999397    0.000214231747725741    0.732212394790065    0.731898735703715
822.699999999397    0.000216055606846919    0.732209797224248    0.731893469504468
822.799999999397    0.000217651360718332    0.73220611722195    0.73188745526368
822.899999999397    0.000217818844304997    0.732202122334171    0.731883216957602
822.999999999397    0.000217782297549269    0.732199195794364    0.731880345188134
823.099999999396    0.000215677574318988    0.732198460134589    0.731882690663379
823.199999999396    0.000215744429083633    0.732199440138464    0.731883572384796
823.299999999396    0.00021925729677613    0.732200008288341    0.731878998283093
823.399999999396    0.000219273870397232    0.732199793240376    0.731878759069646
823.499999999396    0.000217920003060454    0.732200106280841    0.731881053709975
823.599999999396    0.00021905088135933    0.732201036991581    0.731880328678049
823.699999999396    0.000219466414820267    0.732202270694828    0.731880953598594
823.799999999396    0.000219685680548709    0.73220401706231    0.731882378246174
823.899999999396    0.000220209539861007    0.732206478007428    0.73188407130125
823.999999999396    0.000219534465061265    0.73221002557849    0.731888605468726
824.099999999396    0.000219071812180526    0.732214564251666    0.731893819374836
824.199999999395    0.000220634728461291    0.732218934604027    0.731895900025052
824.299999999395    0.000222329714165219    0.73222233018354    0.731896812992934
824.399999999395    0.000221013703043632    0.732225588220288    0.73190199596118
824.499999999395    0.000219642372976032    0.732229656919274    0.731908070234518
824.599999999395    0.000222608739710865    0.732233751906079    0.731907821195732
824.699999999395    0.000223150131179696    0.732237813984729    0.731911088964969
824.799999999395    0.000218451523495672    0.732243817574305    0.731923967890917
824.899999999395    0.00021887413303391    0.732251170935887    0.731930699398413
824.999999999395    0.00022361731909666    0.732256660702594    0.731929243376065
825.099999999395    0.000222215161686555    0.732260405117942    0.731935038690656
825.199999999395    0.000218869212245619    0.732264632279608    0.731944162054229
825.299999999394    0.000220170670599252    0.732268719113487    0.731946341901602
825.399999999394    0.000222173666367388    0.732271023821509    0.73194571342064
825.499999999394    0.000220528421893755    0.732272166761848    0.731949264320348
825.599999999394    0.000218756906321668    0.732273254410536    0.731952944817038
825.699999999394    0.000220429032258854    0.732273557996648    0.731950800438309
825.799999999394    0.000221520759278102    0.73227250276255    0.731948147492355
825.899999999394    0.000218769544345438    0.732271438812438    0.731951111512283
825.999999999394    0.000216920383425861    0.732271013277385    0.731953393157719
826.099999999394    0.000219988412343663    0.732269390544885    0.731947279844239
826.199999999394    0.000221894090709432    0.732265620254081    0.731940721519262
826.299999999394    0.00021839138727214    0.732261887049667    0.731942117505863
826.399999999393    0.000216046851283534    0.732259620197117    0.731943283770075
826.499999999393    0.000218813819906473    0.732256994358443    0.731936608563105
826.599999999393    0.000221148558119975    0.73225258448707    0.731928782888849
826.699999999393    0.000218655710931933    0.732248026732971    0.731927876309962
826.799999999393    0.000215512664937386    0.73224488954823    0.731929341457773
826.899999999393    0.000218086382258116    0.732241479371368    0.731922165219085
826.999999999393    0.000222080048798635    0.732235734545483    0.731910576861198
827.099999999393    0.000219380928001954    0.732229410710439    0.731908206841178
827.199999999393    0.000216272743866126    0.732224923605572    0.731908271502081
827.299999999393    0.000219468615350397    0.732221099325197    0.731899770745137
827.399999999393    0.000221532493443631    0.732216644133126    0.73189229642885
827.499999999392    0.000218426535313829    0.732213144465741    0.731893344757969
827.599999999392    0.00021721984365344    0.732211292546655    0.731893259984661
827.699999999392    0.000220520955262466    0.732208946377737    0.73188608274332
827.799999999392    0.000222961120143866    0.732204885654996    0.73187845199405
827.899999999392    0.000222083910496194    0.732200852494869    0.731875704647793
827.999999999392    0.000220099726126428    0.732199099624181    0.731876856907121
828.099999999392    0.000219855822971835    0.732199865233689    0.731877979194307
828.199999999392    0.000222052542046034    0.732201668573058    0.731876566279254
828.299999999392    0.000223874636128049    0.732203627104536    0.731875856842805
828.399999999392    0.000221708454101274    0.732206755657661    0.731882154768664
828.499999999392    0.000220152754684059    0.732211474699387    0.731889148913964
828.599999999391    0.000223364594395405    0.732215563916153    0.731888534897968
828.699999999391    0.000226135122055654    0.732217452491167    0.731886367195201
828.799999999391    0.000224810537753462    0.732218838864013    0.731889691837896
828.899999999391    0.000222745726986562    0.732221972642462    0.731895846654409
828.999999999391    0.000222410390346142    0.732226805385804    0.731901168111701
829.099999999391    0.000224319741839761    0.732231631368316    0.731903197021593
829.199999999391    0.000225908622688339    0.732235456596027    0.731904694711023
829.299999999391    0.000224658380496862    0.732239137392986    0.731910203973149
829.399999999391    0.000222074196915196    0.732243573806929    0.731918421207732
829.499999999391    0.000223652111371184    0.732247472924585    0.731920008775902
829.599999999391    0.000228169760385862    0.732248865471481    0.731914787601594
829.69999999939    0.00022644165676663    0.732249376752051    0.731917828304355
829.79999999939    0.000221876312388618    0.73225228591131    0.731927419117684
829.89999999939    0.000223195103381553    0.73225706627144    0.731930266828259
829.99999999939    0.000225771464810079    0.732261298608664    0.731930725830543
830.09999999939    0.00022395075565174    0.732264963803746    0.731937054655285
830.19999999939    0.000222948942068114    0.732268584548195    0.731942140316121
830.29999999939    0.00022502084812411    0.732271142236402    0.731941663828947
830.39999999939    0.000225526968099613    0.73227241849278    0.731942198609538
830.49999999939    0.000223125517898921    0.732273873453881    0.731947168375604
830.59999999939    0.000221482649284573    0.732276023427991    0.731951722387691
830.69999999939    0.000222907868228055    0.732277292628332    0.731950904642279
830.799999999389    0.000225123126113845    0.732276276554552    0.731946646112873
830.899999999389    0.000224286750581818    0.732273902879304    0.731945497867772
830.999999999389    0.000221150852436649    0.732272094015199    0.731948280431235
831.099999999389    0.000221071647020462    0.73227071692377    0.731947019897095
831.199999999389    0.000223625715111295    0.732267974230417    0.73194053955445
831.299999999389    0.00022338441474904    0.732263694305185    0.731936614776065
831.399999999389    0.000221557590819777    0.732259220728277    0.731934817424691
831.499999999389    0.000221995196033873    0.732254789297282    0.731929747364036
831.599999999389    0.000222614084484909    0.732249966154728    0.731924020403184
831.699999999389    0.000222315140854702    0.732244968912908    0.731919462990995
831.799999999389    0.000222245963477047    0.732240145534033    0.731914743020147
831.899999999388    0.000222560498532432    0.732235536593245    0.731909675704872
831.999999999388    0.000222410388748794    0.732231242009479    0.731905602764651
832.099999999388    0.000222496931428548    0.732227338563557    0.731901574373213
832.199999999388    0.000223167387627073    0.732223632690825    0.731896888738886
832.299999999388    0.000223183579516468    0.732220142469977    0.731893376374023
832.399999999388    0.000222881421932493    0.732217084366012    0.731890761927368
832.499999999388    0.000223997982643901    0.732214255403196    0.731886299832435
832.599999999388    0.000225391343098189    0.732211600602335    0.731881606667928
832.699999999388    0.000223692264418913    0.732210156269225    0.731882650034064
832.799999999388    0.00022277017093186    0.732210420619689    0.731884263996537
832.899999999388    0.000226156128919473    0.732210885960737    0.731879772884945
832.999999999387    0.000226624043172264    0.732211063506424    0.731879265436509
833.099999999387    0.00022347263312464    0.73221235998329    0.731885174252163
833.199999999387    0.000224869405393399    0.732214206899405    0.731884975786757
833.299999999387    0.000229113556798579    0.732214650735855    0.731879206984626
833.399999999387    0.000228278390309734    0.732214637963243    0.731880416700904
833.499999999387    0.000224946121622693    0.732216719892645    0.731887375354767
833.599999999387    0.000226086440169754    0.732220679830175    0.731889664334447
833.699999999387    0.000228006310105404    0.732224687598901    0.731890860015321
833.799999999387    0.000226613265183774    0.732228387008339    0.731896596865106
833.899999999387    0.000227725991084249    0.732231470973669    0.731898050627286
833.999999999387    0.000230944344485449    0.732233170685282    0.731895038555756
834.099999999386    0.000228833816646503    0.73223507606655    0.731900032441584
834.199999999386    0.000225993082022322    0.732239296403766    0.731908409151252
834.299999999386    0.000227821404363626    0.732244820264549    0.731911254171464
834.399999999386    0.000228755902378208    0.732250020598117    0.731915084188341
834.499999999386    0.000228528444017643    0.732254837090161    0.73192023143998
834.599999999386    0.000229836775751193    0.732259412188573    0.731922889249299
834.699999999386    0.000228785240607977    0.732264509121121    0.731929523137154
834.799999999386    0.000224672465133205    0.732271176417518    0.731942207986963
834.899999999386    0.000225907447128602    0.732277558711752    0.731946779529476
834.999999999386    0.000231311800128502    0.732280202167454    0.731941510407331
835.099999999386    0.000231062493010941    0.73227979695036    0.731941470334022
835.199999999385    0.000226264079401133    0.732280248481113    0.73194894601039
835.299999999385    0.000224038822480059    0.732282742645515    0.731954696613793
835.399999999385    0.000226109886535518    0.732284708726768    0.731953629962146
835.499999999385    0.000229706976651746    0.732283707898227    0.731947363805626
835.599999999385    0.000228724630020485    0.732280812141404    0.731945907426705
835.699999999385    0.000224242203570949    0.732278933516589    0.731950591461375
835.799999999385    0.000223767506058445    0.732278049749712    0.73195040300054
835.899999999385    0.000227416271704895    0.732275504027127    0.731942517023816
835.999999999385    0.000228482750006455    0.732270701301887    0.731936155292714
836.099999999385    0.0002253182612542    0.732265901564759    0.731935990140395
836.199999999385    0.000224101795137185    0.732262267332534    0.731934138289601
836.299999999384    0.000226579434554452    0.732258520649564    0.731926766375147
836.399999999384    0.000226379067425791    0.732254233951459    0.731922774925644
836.499999999384    0.000224300517533634    0.732250344031589    0.731921929432893
836.599999999384    0.000225434497369496    0.732246392048565    0.731916319263673
836.699999999384    0.000227423992325518    0.732241311164557    0.731908328408164
836.799999999384    0.00022721810604677    0.732235750097986    0.73190307124801
836.899999999384    0.000225412193223751    0.73223122305463    0.731901189756288
836.999999999384    0.000225683022833521    0.732227937885817    0.731897509629015
837.099999999384    0.000227773892248534    0.732224936076456    0.731891448588816
837.199999999384    0.000227240014458916    0.732222409077498    0.731889704219703
837.299999999384    0.000226079896514347    0.732221186033143    0.73189017988705
837.399999999383    0.000226904932653728    0.732220774652464    0.731888561022255
837.499999999383    0.000228072479082405    0.732220128685301    0.731886206323835
837.599999999383    0.000228519216331395    0.732219017890287    0.731884442114979
837.699999999383    0.000229278953715212    0.732217819234243    0.731882131929305
837.799999999383    0.000229362450176133    0.732217256178898    0.731881446913057
837.899999999383    0.000227942239804232    0.732218198773525    0.731884467932372
837.999999999383    0.000227859271829281    0.732220340799317    0.731886730428187
838.099999999383    0.000230439692966577    0.732222131694054    0.731884743355298
838.199999999383    0.00023204461102974    0.732223144269879    0.731883406234861
838.299999999383    0.00023021882167113    0.732225083524851    0.731888017132025
838.399999999383    0.000227965370135823    0.732229149059336    0.731895379369288
838.499999999382    0.000228590031504395    0.732233826647877    0.731899140446802
838.599999999382    0.000232615489910394    0.732236436082373    0.731895856231903
838.699999999382    0.00023448258043549    0.732236646289951    0.73189333331424
838.799999999382    0.000230596685263791    0.732237312903918    0.731899687764792
838.899999999382    0.000229244683690492    0.732240000882472    0.731904353573057
838.999999999382    0.000233572846834186    0.732243085602669    0.731901101276764
839.099999999382    0.000233450070375727    0.732246477294753    0.731904671106118
839.199999999382    0.000228235973414595    0.732252332406551    0.731918156029878
839.299999999382    0.000229300274608433    0.732259546828871    0.731923809183261
839.399999999382    0.000235030518862251    0.732264510448785    0.731920382313729
839.499999999382    0.000234195211992497    0.732267554409962    0.731924647606813
839.599999999381    0.00022973337129062    0.732271894541518    0.731935517236542
839.699999999381    0.000230007744544933    0.732277704661941    0.731940923037863
839.799999999381    0.000231044156963437    0.732282846202837    0.731944545019629
839.899999999381    0.000230608757899579    0.732286176179555    0.731948510837109
839.999999999381    0.000232678276739442    0.732286987966556    0.731946292690068
840.099999999381    0.000233247696135602    0.732285830851789    0.731944302546562
840.199999999381    0.000229977388124159    0.732285143217881    0.731948402611407
840.299999999381    0.000227610208728433    0.732285963681495    0.731952688016353
840.399999999381    0.000229170506182481    0.732286334805537    0.731950774845947
840.499999999381    0.000231914959913523    0.732284131248794    0.731944554711786
840.599999999381    0.00023159266463311    0.732279945207623    0.731940842413806
840.69999999938    0.000229082217073087    0.732275907704497    0.731940481767722
840.79999999938    0.000228845007630897    0.732272708203464    0.731937630977221
840.89999999938    0.000230055162788513    0.732269584115663    0.731932736812367
840.99999999938    0.000228466815740929    0.732266482407722    0.731931961651595
841.09999999938    0.000228474572442422    0.732263222380695    0.731928691759138
841.19999999938    0.000231396050710055    0.732258687177178    0.731919882038727
841.29999999938    0.000230378696808841    0.732253529962577    0.731916216444492
841.39999999938    0.000227677679158389    0.73224954783784    0.73191618998075
841.49999999938    0.000229232424271546    0.732246284334394    0.731910652090344
841.59999999938    0.000231332439533097    0.732242522336928    0.731903817792233
841.69999999938    0.00023030171856448    0.732239060469762    0.731901866298107
841.799999999379    0.000228789485416528    0.732237113634564    0.731902133969527
841.899999999379    0.000228371520072149    0.732236258553101    0.73190189109827
841.999999999379    0.000230555979052637    0.732234786994197    0.731897222605261
842.099999999379    0.00023356708491223    0.73223169224613    0.731889721675522
842.199999999379    0.000232715067088603    0.732228683677757    0.731887961674409
842.299999999379    0.000228997963698641    0.732228412996503    0.731893132144059
842.399999999379    0.000228016230696975    0.732230603105326    0.731896758303117
842.499999999379    0.000231831781441995    0.732232002478614    0.73189257187029
842.599999999379    0.000235453602621261    0.73223069867777    0.731885967134147
842.699999999379    0.000233505777673336    0.732228735510429    0.731886856060616
842.799999999379    0.00023042740909984    0.732228779926935    0.731891406505764
842.899999999378    0.000232104878519338    0.732230212699491    0.73189038316645
842.999999999378    0.000233952023417623    0.732231309561844    0.731888775705369
843.099999999378    0.000233004121778099    0.73223214101343    0.731890994288114
843.199999999378    0.00023332802286496    0.732232937321676    0.731891316104395
843.299999999378    0.000235417894649745    0.732233233607649    0.731888553139102
843.399999999378    0.000234945594669353    0.732233708128559    0.731889718779354
843.499999999378    0.000233093081477038    0.732235741452809    0.731894462831809
843.599999999378    0.00023428216395182    0.732239038083586    0.73189601735448
843.699999999378    0.000235426776908605    0.732242584473702    0.731897886601655
843.799999999378    0.000234363346613319    0.732246540996816    0.731903397917188
843.899999999378    0.000235145668485085    0.732250876990157    0.73190658670459
843.999999999377    0.00023668094668698    0.732255191990627    0.731908652305854
844.099999999377    0.000234947083591485    0.732260336515471    0.731916332477228
844.199999999377    0.000232864346401616    0.73226697300479    0.731926014661711
844.299999999377    0.000234516643866064    0.732273460276088    0.731930080175844
844.399999999377    0.000236248276173995    0.732278029051843    0.73193211193008
844.499999999377    0.0002354173833765    0.732281085140632    0.731936382895613
844.599999999377    0.000234772154735822    0.732283620650668    0.73193986174869
844.699999999377    0.00023415544290509    0.732285874028245    0.731943016863784
844.799999999377    0.000233816086144085    0.732287610089825    0.731945248893534
844.899999999377    0.000235931697321863    0.732288130927762    0.731942672469046
844.999999999377    0.000235218042156499    0.732287942109072    0.731943528449303
845.099999999376    0.000230989484997861    0.732288692099301    0.731950468249738
845.199999999376    0.000232015680482112    0.732289429917279    0.731949703478356
845.299999999376    0.000237008586247364    0.732287523031156    0.731940488420219
845.399999999376    0.000234751888203838    0.732284032526588    0.731940303099046
845.499999999376    0.000229962441188865    0.732281866115267    0.73194514889644
845.599999999376    0.000232306746228767    0.73227999591558    0.73193984776793
845.699999999376    0.000235431778317152    0.732276180448908    0.731931459440424
845.799999999376    0.000233143738233188    0.732271448919109    0.731930079501246
845.899999999376    0.00023110335876601    0.732267349850276    0.73192896916306
845.999999999376    0.000233136276615766    0.732263006292136    0.731921651732686
846.099999999376    0.000234636752083794    0.732257594327564    0.73191404584942
846.199999999375    0.000233904255365943    0.732252290439386    0.731909816691982
846.299999999375    0.000232563128615422    0.732248560594427    0.731908051751877
846.399999999375    0.000231353311698818    0.73224659529091    0.731907858309231
846.499999999375    0.000232848565076996    0.732245036246313    0.731904111218267
846.599999999375    0.000235148415139591    0.732242488523427    0.731898198161411
846.699999999375    0.000234054345359018    0.732239535577344    0.731896848094547
846.799999999375    0.000233644599596215    0.732237234155249    0.731895147531174
846.899999999375    0.00023552135225012    0.732235448918023    0.731890615967356
846.999999999375    0.000234759456712733    0.732234629496639    0.731890912179915
847.099999999375    0.000232615266111459    0.732235571606002    0.731894992485214
847.199999999375    0.00023398780276603    0.732237109288084    0.731894520345106
847.299999999374    0.000237018425897688    0.732237348763629    0.731890323527429
847.399999999374    0.00023700335406584    0.732236658703723    0.731889655856397
847.499999999374    0.000235120482147831    0.732236817808525    0.731892571000701
847.599999999374    0.000234778952082877    0.732238196110735    0.731894448582704
847.699999999374    0.000236049926422144    0.732239614571547    0.731894005938153
847.799999999374    0.000237907947747899    0.732240163057169    0.731891834418418
847.899999999374    0.00023790740744768    0.732240460713986    0.731892132724521
847.999999999374    0.000235973202856585    0.732242022028283    0.731896524566017
848.099999999374    0.000236094386717687    0.732244904890996    0.731899228679714
848.199999999374    0.000237377442856904    0.732247781502473    0.731900225792538
848.299999999374    0.000236993196037508    0.732250036643149    0.731903042325476
848.399999999373    0.000237796921499934    0.732251469462883    0.731903297966589
848.499999999373    0.000240335384419164    0.732251889862788    0.731900002354924
848.599999999373    0.000239054016063447    0.732252772494298    0.731902760234058
848.699999999373    0.000235771728879736    0.732256158456187    0.731910949245835
848.799999999373    0.000236924365954563    0.732261284249419    0.731914385357251
848.899999999373    0.000238983993676943    0.732266151229769    0.731916235075618
848.999999999373    0.000238672184640149    0.73227055819291    0.731921096371983
849.099999999373    0.000237872060468635    0.732275147669651    0.731926854922352
849.199999999373    0.0002377956660698    0.732279862093957    0.731931678935291
849.299999999373    0.000238018761776778    0.732284228847494    0.731935717029008
849.399999999373    0.000238296570969335    0.732288039805649    0.731939119494468
849.499999999372    0.000236794350430934    0.732291469098756    0.731944746235268
849.599999999372    0.000236098147846177    0.732294157595464    0.731948452627193
849.699999999372    0.000238849223861114    0.732294624354046    0.731944891882047
849.799999999372    0.000239315436180641    0.732292807638543    0.731942393552699
849.899999999372    0.000236383939365062    0.732290797646729    0.731944675897335
849.999999999372    0.000235989715542924    0.732289444536467    0.731943900525877
850.099999999372    0.000237190812826219    0.732287818522907    0.731940517013837
850.199999999372    0.000236345036774729    0.732285687721296    0.731939625335835
850.299999999372    0.000235924473365102    0.732283218502821    0.731937772936525
850.399999999372    0.000236559569298229    0.732279992615581    0.731933618874286
850.499999999372    0.00023684570226517    0.732275856272814    0.731929065629826
850.599999999371    0.000237139750450218    0.732271212894614    0.731923994008639
850.699999999371    0.000236465087202314    0.732266819424979    0.731920590221476
850.799999999371    0.000234754687451164    0.73226327838097    0.731919554597643
850.899999999371    0.000235408910292056    0.732259877349001    0.731915197490157
850.999999999371    0.000238333320611879    0.732255210464572    0.731906252001311
851.099999999371    0.000238557815092441    0.732249792623201    0.731900508126487
851.199999999371    0.000235573686131155    0.732245789820378    0.731900875393417
851.299999999371    0.000234834436924049    0.732243597633766    0.731899766351309
851.399999999371    0.000238622859962537    0.732241257137238    0.731891881500331
851.499999999371    0.000240452555425556    0.732238222611097    0.731886170159395
851.599999999371    0.000236438506589114    0.732236831909326    0.731890655792678
851.69999999937    0.000234328458803891    0.732237917490826    0.731894829520735
851.79999999937    0.000239297808385736    0.732238496156821    0.731888133863059
851.89999999937    0.000242900372715515    0.732236898351777    0.731881263504562
851.99999999937    0.000239676357257489    0.732235999496062    0.731885084288117
852.09999999937    0.000236078314415834    0.732238527619388    0.731892877945079
852.19999999937    0.000237657701349306    0.732243046367253    0.731895082665049
852.29999999937    0.000240604990988571    0.732246662901264    0.731894383258047
852.39999999937    0.000240332452564977    0.732248790771197    0.731896909044248
852.49999999937    0.000239875446002519    0.732250178881776    0.731898965452765
852.59999999937    0.000241368036652522    0.732250892239373    0.73189749361811
852.69999999937    0.000241520302610983    0.732251339125987    0.731897717402787
852.799999999369    0.000240287604257606    0.732252681601776    0.731900863654121
852.899999999369    0.000239995724716583    0.732255268770181    0.731903876834931
852.999999999369    0.000240496009117876    0.732258360987626    0.73190623524554
853.099999999369    0.000241377166700734    0.732261219793375    0.731907802823125
853.199999999369    0.000242022886476653    0.732263729923491    0.731909366524388
853.299999999369    0.000241068412196242    0.732266470127677    0.731913502586485
853.399999999369    0.000240959376686264    0.732269769886842    0.731916960364968
853.499999999369    0.000241918706868018    0.732273231123453    0.731919015628512
853.599999999369    0.00024075112869812    0.732276899042778    0.731924390929576
853.699999999369    0.000240089627193618    0.732280705484259    0.73192916388259
853.799999999369    0.000241778332298689    0.732283537094052    0.731929522102469
853.899999999368    0.000242959884132264    0.732284953992704    0.731929208689393
853.999999999368    0.000241891147225762    0.732286224323088    0.731932042886644
854.099999999368    0.000238863607030734    0.732288787821077    0.731939037081306
854.199999999368    0.00023879136831855    0.732291914747026    0.731942268262927
854.299999999368    0.00024266704726371    0.732293202764915    0.731937882131031
854.399999999368    0.00024261192809252    0.73229257723628    0.731937337593472
854.499999999368    0.000238409886233926    0.732292386925792    0.731943298662571
854.599999999368    0.000238931619855806    0.732292723441652    0.731942871259159
854.699999999368    0.000241424753805497    0.732291690534252    0.731938189196023
854.799999999368    0.00023995734991339    0.732289343843846    0.73193799173273
854.899999999368    0.000238582985437179    0.732286492554027    0.731937153705155
854.999999999367    0.000240193562230158    0.732282472169604    0.731930777573284
855.099999999367    0.000241484347832451    0.732276872755256    0.731923291333535
855.199999999367    0.000240495615905801    0.732270944482832    0.731918813265239
855.299999999367    0.000238540642284551    0.732266124972402    0.731916857823264
855.399999999367    0.000239305050562776    0.732262212427985    0.731911828185163
855.499999999367    0.000241096931866227    0.732258237288544    0.731905231968356
855.599999999367    0.000240055796419656    0.732254575447357    0.731903095911475
855.699999999367    0.000239017627316361    0.732251889232266    0.731901930660209
855.799999999367    0.000240726749561075    0.73224947442214    0.731897015196813
855.899999999367    0.000242200673364059    0.732246791124434    0.731892175680775
855.999999999367    0.000241605827724772    0.73224481887747    0.731891075112901
856.099999999366    0.000240525671626667    0.73224472349751    0.731892560893828
856.199999999366    0.000241197810708568    0.732246443267679    0.731893295968004
856.299999999366    0.000241565967968285    0.732249365570624    0.731895677955939
856.399999999366    0.000240252171864584    0.732253248776585    0.731901482422469
856.499999999366    0.000241838883335415    0.732257003713761    0.731902912914499
856.599999999366    0.000244772783116873    0.732259323081094    0.731900936499427
856.699999999366    0.000242627868734657    0.732261292336497    0.73190604453608
856.799999999366    0.000240574267583473    0.732264360825889    0.731912117641968
856.899999999366    0.000243119436679748    0.732267402615157    0.731911432281619
856.999999999366    0.000243666599123152    0.732269496062419    0.731912723760419
857.099999999366    0.000241337904415116    0.732271462011932    0.731918097571956
857.199999999365    0.000242349533687676    0.73227298324218    0.73191813720691
857.299999999365    0.000244518707197397    0.732272867538422    0.731914846251552
857.399999999365    0.000243046101016713    0.732271780069154    0.731915914958721
857.499999999365    0.000242174747523559    0.732270770122512    0.731916181017293
857.599999999365    0.000244157983386447    0.732269451537328    0.731911959956586
857.699999999365    0.000244438630101367    0.732268014680763    0.731910112985012
857.799999999365    0.000242589416261377    0.732267843350624    0.731912648659766
857.899999999365    0.000241434543309814    0.732269251012318    0.7319157461762
857.999999999365    0.000242710296741049    0.73227075864032    0.731915385586771
858.099999999365    0.000245648835802607    0.732270825198201    0.731911150600443
858.199999999365    0.00024480495183029    0.732270251778775    0.731911812758995
858.299999999364    0.000242060358763625    0.73227104587922    0.73191662408653
858.399999999364    0.000242940849325    0.73227302642814    0.731917314783073
858.499999999364    0.000243555950013137    0.732274895227806    0.731918282267458
858.599999999364    0.000242006109596327    0.732276294573173    0.73192194965241
858.699999999364    0.000243819244705073    0.732276368786424    0.731919369687369
858.799999999364    0.000247146024292    0.732274361863159    0.731912493902936
858.899999999364    0.000244901158871941    0.732272368626311    0.731913787739813
858.999999999364    0.000240413624892769    0.732273044255244    0.731921032049813
859.099999999364    0.000242285872614671    0.73227519410799    0.731920440191056
859.199999999364    0.000246007448064702    0.732276099855284    0.731915897718484
859.299999999364    0.00024308149056936    0.732276246459856    0.731920327374202
859.399999999363    0.000241597169246687    0.732276528847266    0.731922782438447
859.499999999363    0.000246084463648936    0.732275203164712    0.731914888731268
859.599999999363    0.000246579124888403    0.732272248728244    0.731911211651908
859.699999999363    0.000243024216563158    0.732270428650165    0.73191459623159
859.799999999363    0.000242680074076232    0.732270642711656    0.731915313955231
859.899999999363    0.00024342364068755    0.732271573861054    0.731915156196577
859.999999999363    0.000243818809675075    0.732272135387125    0.731915138988745
860.099999999363    0.000245666642180117    0.732271747449862    0.731912046333709
860.199999999363    0.00024555234387567    0.732271012526626    0.73191147908395
860.299999999363    0.000242791077970281    0.732271430318243    0.731915938688571
860.399999999363    0.000242524178811184    0.732272760330318    0.731917658751307
860.499999999362    0.000245103151319918    0.732272979638557    0.731914102770537
860.599999999362    0.000246260396729889    0.732271326274877    0.731910756214358
860.699999999362    0.000245977851172188    0.732268992973753    0.73190883765724
860.799999999362    0.000244865664987055    0.732267508385515    0.731908981835578
860.899999999362    0.000243649607943194    0.732267533015783    0.731910786542264
860.999999999362    0.000244994628715328    0.732268204588952    0.731909488918558
861.099999999362    0.000247180602600504    0.732268528695018    0.73190661300118
861.199999999362    0.000245707055876823    0.732269390946828    0.731909631829865
861.299999999362    0.000242700235144123    0.732271987108021    0.731916628186794
861.399999999362    0.000243540879430304    0.732274898960309    0.731918308059016
861.499999999362    0.000247961672460487    0.732275433169828    0.731912370713181
861.599999999361    0.000248950399360099    0.732273733393817    0.731909224461723
861.699999999361    0.000244519679667101    0.732272907310599    0.731914884580753
861.799999999361    0.000243130623585453    0.73227405451284    0.731918064569878
861.899999999361    0.000246937217729965    0.73227489371773    0.731913331151248
861.999999999361    0.000247386753210779    0.732274505652079    0.731912285235788
862.099999999361    0.000244746581416093    0.732274363804541    0.731916008216447
862.199999999361    0.000245705340563966    0.732274558868702    0.731914799723698
862.299999999361    0.000247505230458601    0.732274167367206    0.731911773688431
862.399999999361    0.000246575322257548    0.732273769510064    0.731912737250314
862.499999999361    0.000245370868415666    0.732274313586514    0.731915044172276
862.599999999361    0.000245421536626745    0.732275460404462    0.731916116257801
862.69999999936    0.000246229189883567    0.73227621521528    0.731915688429011
862.79999999936    0.000247186266949232    0.732276024124392    0.731914096434387
862.89999999936    0.000247196113305125    0.732275211405277    0.731913269703601
862.99999999936    0.000246265835284356    0.732274553949229    0.731913974338297
863.09999999936    0.000246453950089426    0.73227431190106    0.731913457041731
863.19999999936    0.000247427472387533    0.732274275565209    0.731911995657016
863.29999999936    0.000245775296013559    0.732274804652458    0.731914942983813
863.39999999936    0.00024473903596309    0.732275858960788    0.731917513686302
863.49999999936    0.000248163338425075    0.73227576128902    0.731912403465972
863.59999999936    0.000249314518055709    0.732274053547877    0.731909011452681
863.69999999936    0.000245617677608099    0.732272800128046    0.731913170170435
863.799999999359    0.000244803244279317    0.732272571840786    0.73191413418492
863.899999999359    0.00024851510114552    0.73227136799843    0.73190749743959
863.999999999359    0.000249616089302231    0.732268751820196    0.731903270925813
864.099999999359    0.000246583385795354    0.732266873416259    0.731905832752983
864.199999999359    0.000246109309128157    0.732266679046831    0.73190633243853
864.299999999359    0.000248510660031812    0.732266967626183    0.731903105754849
864.399999999359    0.000247763146554123    0.732267445210106    0.731904677317931
864.499999999359    0.000247227138348579    0.732268578254459    0.731906594416478
864.599999999359    0.000249685839938466    0.732269851080745    0.731904267536122
864.699999999359    0.000248449257930541    0.732271687407588    0.731907913072372
864.799999999359    0.000245961176522515    0.732275018399705    0.731914884528529
864.899999999358    0.000248177497090578    0.732278471333892    0.731915091440226
864.999999999358    0.000251187683570558    0.732280479634703    0.731912692343534
865.099999999358    0.000249286652570793    0.732282299336246    0.731917293920947
865.199999999358    0.000245881629925576    0.732285702243054    0.731925679561941
865.299999999358    0.000247185246167656    0.732289497983001    0.731927565127814
865.399999999358    0.000250107085507844    0.73229140838817    0.731925197440334
865.499999999358    0.000249825140995561    0.732291584310001    0.731925785999015
865.599999999358    0.000247898398855023    0.732291596338573    0.731928618491746
865.699999999358    0.000247667439588816    0.732291784503486    0.731929144654969
865.799999999358    0.000248777433630544    0.732291338914382    0.731927074415239
865.899999999358    0.000248833929787425    0.732290023965388    0.731925677418357
865.999999999357    0.000248761758391687    0.732288323782127    0.731924083728976
866.099999999357    0.000248710125602803    0.732286690169744    0.731922526511554
866.199999999357    0.00024728457732341    0.732285538940181    0.731923462636113
866.299999999357    0.000247220447553938    0.732284527117197    0.73192254518947
866.399999999357    0.000248696561212096    0.732282469784501    0.731918328081147
866.499999999357    0.000250347264472466    0.732278946867278    0.731912390571286
866.599999999357    0.000250199708254898    0.732275133665031    0.731908795273179
866.699999999357    0.000246747804261206    0.73227300270764    0.731911718342688
866.799999999357    0.000246206202956713    0.732272447525712    0.731911956243232
866.899999999357    0.000250525767025605    0.732270979231813    0.731904165630587
866.999999999357    0.000251145498817384    0.732268127200721    0.73190040786363
867.099999999356    0.000247351617572617    0.732266103723096    0.731903938894653
867.199999999356    0.000248145103831965    0.732265153390457    0.731901827522951
867.299999999356    0.000251314903738172    0.732263622824295    0.731895657775634
867.399999999356    0.000249782914706088    0.732261957316256    0.731896235615234
867.499999999356    0.00024822458922902    0.732261351595604    0.731897911264014
867.599999999356    0.000251344568493621    0.732261037099416    0.731893029927231
867.699999999356    0.000251491894490747    0.732260851936857    0.73189262920406
867.799999999356    0.000248090125838781    0.732262232272972    0.731898988331504
867.899999999356    0.000249614550899242    0.732264508881993    0.731899032357204
867.999999999356    0.000253162027663688    0.732265767381735    0.731895097448369
868.099999999356    0.0002512897983681    0.732266780748254    0.731898850861909
868.199999999355    0.000248918678391858    0.732268983972445    0.731904523837944
868.299999999355    0.000251186414398296    0.732271205688856    0.731903424913342
868.399999999355    0.000253627319749061    0.732272159695858    0.731900805431064
868.499999999355    0.000252428304645855    0.732273101599149    0.731903501981405
868.599999999355    0.000249610412446829    0.732275787828744    0.731910311732533
868.699999999355    0.000249859970467967    0.732279576405538    0.731913733108464
868.799999999355    0.000254355371811097    0.73228220414485    0.731909779048562
868.899999999355    0.00025465869728232    0.732283837539166    0.731910967597523
868.999999999355    0.000249145522856605    0.732287298828402    0.731922497513121
869.099999999355    0.000249690617787835    0.732292438903363    0.731926837087764
869.199999999355    0.000254477991127397    0.732296295768245    0.731923684009223
869.299999999354    0.000252512796095272    0.732299011270996    0.731929274892335
869.399999999354    0.000249571602212379    0.732302259261558    0.731936826766836
869.499999999354    0.000251851879705285    0.732304927920636    0.731936156051296
869.599999999354    0.0002530722938925    0.732305798390585    0.731935239552301
869.699999999354    0.000251589719297242    0.73230575411862    0.731937365603146
869.799999999354    0.000251428325871008    0.732305553453801    0.731937401299019
869.899999999354    0.000252128000587397    0.732305134374856    0.731935958195809
869.999999999354    0.000250701386284752    0.732304877297831    0.731937789631375
870.099999999354    0.00024952905260668    0.732304944845966    0.731939573298568
870.199999999354    0.000251047525222949    0.732304188051412    0.731936594026741
870.299999999354    0.000252004051537719    0.732301772369108    0.731932779329678
870.399999999353    0.000251372494295653    0.732298325243613    0.73193025845231
870.499999999353    0.000250909997785504    0.732294661606261    0.73192727368372
870.599999999353    0.000250268664204467    0.732291042340857    0.73192459504918
870.699999999353    0.000250467171721181    0.732287217478508    0.731920481517328
870.799999999353    0.000251518245369411    0.732282691198586    0.731914418910576
870.899999999353    0.000251537241596981    0.732277620546687    0.731909323001725
870.999999999353    0.000251594265403994    0.732272669277791    0.731904290751111
871.099999999353    0.000251881936311469    0.732268388668215    0.73189959120236
871.199999999353    0.000250537505121827    0.732265404698811    0.731898576707821
871.299999999353    0.000250379041776526    0.73226358643989    0.731896991317424
871.399999999353    0.000252495966625489    0.732261734823523    0.731892041900381
871.499999999352    0.000253238702317113    0.732259510340988    0.731888731340264
871.599999999352    0.000252462180841829    0.73225790651775    0.731888264982222
871.699999999352    0.000252997133746266    0.732257563803352    0.731887139390055
871.799999999352    0.000252743252773072    0.73225868444495    0.731888631089883
871.899999999352    0.000251369008456217    0.73226133339067    0.731893290294688
871.999999999352    0.000252408837208477    0.732264369792968    0.731894803078655
872.099999999352    0.000256387040205318    0.732266174905221    0.731890784036122
872.199999999352    0.000256945299015864    0.732267601009112    0.731891392238785
872.299999999352    0.000252228031859205    0.732271789790126    0.73190248399475
872.399999999352    0.000250259951725452    0.732279306914073    0.731912878248497
872.499999999352    0.000253689250834785    0.732286758738476    0.731915306413497
872.599999999351    0.000256318403391724    0.732291475011115    0.731916171644891
872.699999999351    0.000256045626558789    0.732294130117898    0.73191922469205
872.799999999351    0.000253751480034259    0.732296692469697    0.731925144011591
872.899999999351    0.000251376368241086    0.732299794706281    0.731931721505471
872.999999999351    0.000253859973670171    0.732301565685206    0.731929855935067
873.099999999351    0.000258142844002995    0.732300196680329    0.731922218141914
873.199999999351    0.000255777067908355    0.732297750302639    0.731923236151953
873.299999999351    0.000250988773702847    0.732297495588896    0.731929990927633
873.399999999351    0.000251082312183021    0.732298757387482    0.731931115165514
873.499999999351    0.000254727110529187    0.732298373463168    0.731925395973212
873.599999999351    0.00025735575131582    0.732295259728941    0.731918435913212
873.69999999935    0.000255210434061516    0.732291749344548    0.731918067721577
873.79999999935    0.000250602612826754    0.73229046330893    0.731923527457106
873.89999999935    0.000252139214776083    0.732290313963916    0.731921128840461
873.99999999935    0.000257778987709242    0.732288372145115    0.731910932330603
874.09999999935    0.000255847172198909    0.732285646876683    0.73191103629575
874.19999999935    0.000250577259946887    0.73228518858257    0.731918292486279
874.29999999935    0.000252424974249428    0.732285930554238    0.731916329336489
874.39999999935    0.000256675768684214    0.732284813710992    0.731908990640758
874.49999999935    0.000256243937596723    0.732282080639239    0.731906891091737
874.59999999935    0.000253914709730082    0.732279910996785    0.731908132114828
874.69999999935    0.000253638540907597    0.732278780294617    0.731907406246646
874.799999999349    0.000255106162947152    0.732277660100074    0.731904138299627
874.899999999349    0.000256434238567707    0.732276022883592    0.731900557876976
874.999999999349    0.000255883516729708    0.732274659414828    0.731900001253549
875.099999999349    0.000254835501466851    0.732274596983232    0.731901472940217
875.199999999349    0.000254031504263093    0.732275824480118    0.731903876708113
875.299999999349    0.000254748124863775    0.732277217358299    0.731904219882701
875.399999999349    0.000258438586395726    0.732277391344953    0.731898991670293
875.499999999349    0.00025852049890632    0.732277151036549    0.73189863158274
875.599999999349    0.000252711542214485    0.732279288312155    0.731909270963248
875.699999999349    0.000252956803727154    0.73228326058959    0.731912882213277
875.799999999349    0.000259380190437246    0.732285227251665    0.731905445196209
875.899999999348    0.000259480023398906    0.732284995597239    0.7319050675254
875.999999999348    0.000255202127677569    0.732285801613237    0.731912135184425
876.099999999348    0.000254509279445541    0.732288458227612    0.731915804655704
876.199999999348    0.00025692732417732    0.732291078090521    0.731914883570747
876.299999999348    0.000258422218933193    0.732292617453665    0.731914233870169
876.399999999348    0.000257044272405198    0.732294119004807    0.731917751729847
876.499999999348    0.000255584841970971    0.732296671696496    0.731922439486354
876.599999999348    0.00025669422550948    0.732299741779029    0.731923884029429
876.699999999348    0.000256645895561025    0.732302597800641    0.73192680933314
876.799999999348    0.000255506222418028    0.73230518371582    0.731931062243887
876.899999999348    0.000257207260138125    0.732306744295348    0.731930131940218
876.999999999347    0.000257672518754889    0.732306878373272    0.731929584875734
877.099999999347    0.000255486953971434    0.732306571431195    0.731932477456709
877.199999999347    0.000256165573163027    0.732305958281912    0.731930871215237
877.299999999347    0.000258132949952223    0.732304371521906    0.731926405312071
877.399999999347    0.000256162556168024    0.732302686561843    0.731927605587387
877.499999999347    0.000253901163839514    0.732301865660061    0.731930095461001
877.599999999347    0.000255790578398466    0.732300564880709    0.731926029513222
877.699999999347    0.000258224098973574    0.732297272501302    0.731919176528049
877.799999999347    0.000257781435799962    0.732292871467918    0.731915425750751
877.899999999347    0.000255773221602898    0.73228932102843    0.731914816819009
877.999999999347    0.000255706525355661    0.732287192154969    0.731912786665959
878.099999999346    0.000256147608496572    0.732285825210893    0.731910774753443
878.199999999346    0.000255190283114841    0.732284719779778    0.731911071241332
878.299999999346    0.00025700738392437    0.732282931360559    0.731906623833409
878.399999999346    0.000259167358564109    0.732279789161617    0.731900321469882
878.499999999346    0.00025705072234048    0.7322767154426    0.731900347670892
878.599999999346    0.000255138307864473    0.73227493709203    0.731901369626719
878.699999999346    0.000257275048574166    0.73227329839265    0.731896604009888
878.799999999346    0.000260065391293583    0.732270551310294    0.731889773882406
878.899999999346    0.000258215133854739    0.732267941296891    0.731889873590736
878.999999999346    0.000256006271925585    0.732266986485324    0.73189215256263
879.099999999346    0.000258267243642384    0.732266633646958    0.731888490338821
879.199999999345    0.000261215256156182    0.732265593135277    0.731883135150167
879.299999999345    0.000259915642638611    0.732265135068745    0.731884579654723
879.399999999345    0.000256802723665937    0.732267127303756    0.731891127476051
879.499999999345    0.000257781061006124    0.732270719144875    0.731893285394298
879.599999999345    0.00026126437776064    0.732273564898084    0.731891030846037
879.699999999345    0.000262250631806188    0.732275446957452    0.731891468258867
879.799999999345    0.000260058089293323    0.732278305941779    0.73189753517015
879.899999999345    0.000258574001189097    0.732283230857763    0.731904629944103
879.999999999345    0.000259769365691416    0.732289073999881    0.731908720267617
880.099999999345    0.000260719793468672    0.732294383181132    0.731912635429645
880.199999999345    0.00026081329927128    0.732298756551972    0.731916869643659
880.299999999344    0.000260798422139786    0.732302305285189    0.731920438304
880.399999999344    0.00026074939982463    0.732305238694575    0.731923441944892
880.499999999344    0.000261658669152156    0.732307758312573    0.731924629214724
880.599999999344    0.000260945929737495    0.732310462814278    0.731928375649217
880.699999999344    0.000257508670079117    0.732314162026934    0.731937104630596
880.799999999344    0.00025843302870063    0.732317548926118    0.731939136636073
880.899999999344    0.000263034091889501    0.732318056645377    0.731932908722403
880.999999999344    0.000262589893895105    0.732316286815253    0.731931790068108
881.099999999344    0.000259005075808355    0.73231518510953    0.73193593663674
881.199999999344    0.000258685026329383    0.732315578954447    0.731936798789557
881.299999999344    0.000258918435204914    0.732316363073005    0.731937240821141
881.399999999343    0.000258199754796542    0.732316580085844    0.73193850978068
881.499999999343    0.000260474038504538    0.732315090912853    0.731933692118961
881.599999999343    0.000261741492570554    0.732311697572072    0.731928445171629
881.699999999343    0.000258672633004036    0.732308340788648    0.731929582509685
881.799999999343    0.000257112736348834    0.732306066836364    0.731929593199152
881.899999999343    0.000259281219315143    0.732303434781424    0.731923788161705
881.999999999343    0.000261064427320944    0.732299379760976    0.731917124917708
882.099999999343    0.000259956111618077    0.732294998296776    0.731914368123286
882.199999999343    0.000258325958551309    0.732291744951547    0.731913502727425
882.299999999343    0.000258431887927935    0.732289530157266    0.731911134015318
882.399999999343    0.000259231571913585    0.732287369672867    0.731907804056393
882.499999999342    0.000260017072353582    0.732284638349136    0.731903924325696
882.599999999342    0.00026075356464184    0.732281409014912    0.731899618592682
882.699999999342    0.000260522215814223    0.732278396351105    0.731896946146537
882.799999999342    0.000259093048799973    0.73227641665485    0.731897059484945
882.899999999342    0.000259889023877283    0.73227519135717    0.731894669681194
882.999999999342    0.000262486471278889    0.732273822707522    0.731889499643662
883.099999999342    0.000261975625367067    0.73227299571327    0.731889420848552
883.199999999342    0.000259559191640643    0.732274288842006    0.731894250439525
883.299999999342    0.000259545471890818    0.73227744764983    0.731897427690879
883.399999999342    0.000261097415782716    0.732280648428706    0.731898355074648
883.499999999342    0.000262797819769934    0.73228263664346    0.731897853202979
883.599999999341    0.000263448211203791    0.732283688934013    0.731897952899594
883.699999999341    0.000262275294760231    0.732285134562559    0.731901114682454
883.799999999341    0.000260763000201014    0.732287823948458    0.731906016369781
883.899999999341    0.000261404632323293    0.73229103610148    0.731908287615616
883.999999999341    0.000263711153260968    0.732293413770821    0.731907287715227
884.099999999341    0.000263780270040208    0.732295036272181    0.731908808186696
884.199999999341    0.000261323987810542    0.732297151369507    0.731914517737137
884.299999999341    0.000261893851169761    0.732299646851936    0.731916177730692
884.399999999341    0.000264622337352618    0.732301297576008    0.731913833545624
884.499999999341    0.000262413154137646    0.732302620113901    0.731918389260476
884.599999999341    0.000260931293307515    0.732304385713083    0.731922323144246
884.69999999934    0.000264865911137341    0.732305272160707    0.731917449475433
884.79999999934    0.000264158695979782    0.732305331400714    0.731918543931183
884.89999999934    0.000260096177796064    0.732306367529158    0.731925526410137
884.99999999934    0.000262309024171486    0.732307487709839    0.731923406732756
885.09999999934    0.000265004748607361    0.732306946900714    0.731918920092927
885.19999999934    0.000262920137047333    0.73230579391311    0.731920819251308
885.29999999934    0.00026199736234259    0.732305305463915    0.731921681855366
885.39999999934    0.000263348908165414    0.732305049431484    0.731919447508906
885.49999999934    0.000262525125456955    0.732304899171317    0.731920503213858
885.59999999934    0.000261931867804375    0.732305032443764    0.731921504851961
885.69999999934    0.000263041429292494    0.732304791122626    0.731919639435607
885.799999999339    0.0002640021892262    0.732303873167892    0.731917315568555
885.899999999339    0.000263355940328397    0.732303038709627    0.731917427551886
885.999999999339    0.000260480891909377    0.732303188085608    0.731921785458543
886.099999999339    0.000262027760800341    0.732303350685483    0.731919683602496
886.199999999339    0.000267104274915966    0.732301700724177    0.731910603358372
886.299999999339    0.000263300079242542    0.732299994628138    0.731914466844405
886.399999999339    0.000257767646803417    0.732300714726676    0.731923285151835
886.499999999339    0.000262689650237152    0.732301143122568    0.731916508299844
886.599999999339    0.000267477110974833    0.732298248819688    0.731906607534835
886.699999999339    0.0002638618846291    0.732294268945328    0.731907921795801
886.799999999339    0.000260734249361262    0.732291922789946    0.731910155160238
886.899999999338    0.000263792985617042    0.732290189308753    0.731903945166497
886.999999999338    0.000266341493623316    0.732287900367453    0.731897926927269
887.099999999338    0.000262780010593383    0.732286749359448    0.731901989827053
887.199999999338    0.000260391935742086    0.732287674919423    0.731906410587196
887.299999999338    0.000265449871077027    0.732288167852526    0.731899499425015
887.399999999338    0.00026786313608433    0.73228702227035    0.731894821929765
887.499999999338    0.000263177350227188    0.732287030196033    0.731901688888711
887.599999999338    0.000261862306661358    0.732289477151639    0.731906059531
887.699999999338    0.00026541904391851    0.732292106010042    0.73190348061733
887.799999999338    0.00026607645915928    0.732293722423482    0.731904133842379
887.899999999338    0.00026478729094993    0.732295291026418    0.731907588712491
887.999999999337    0.000265391002248057    0.732297257497932    0.731908670419225
888.099999999337    0.000265570438495979    0.732299580620021    0.731910729645873
888.199999999337    0.000263942456351212    0.732302570688686    0.731916101215788
888.299999999337    0.000264743994661065    0.732305706149779    0.731918061700401
888.399999999337    0.000266434165093526    0.732307929634896    0.731917809872482
888.499999999337    0.000265262370419767    0.732309525267774    0.731921119975975
888.599999999337    0.000264445543857848    0.732311013858946    0.731923803486338
888.699999999337    0.000265882227694004    0.732311876492516    0.73192256257799
888.799999999337    0.000266096501609158    0.732311972501327    0.731922344871938
888.899999999337    0.000263945384694596    0.732312097008244    0.731925618221214
888.999999999337    0.000264457138851128    0.732312020873704    0.731924792995308
889.099999999336    0.000267400787271573    0.732310609541081    0.731919073371123
889.199999999336    0.000266208265124496    0.732308645326915    0.731918855864075
889.299999999336    0.000262951861065702    0.732307872793029    0.731922850599283
889.399999999336    0.000264412193499869    0.732307574117782    0.731920414383559
889.499999999336    0.000267089255471574    0.732306023920839    0.731914946232075
889.599999999336    0.000265295260773102    0.732303760885442    0.731915310505069
889.699999999336    0.000264681548459487    0.732301735285948    0.73191418434906
889.799999999336    0.000267292082914746    0.732299460339488    0.731908089253738
889.899999999336    0.000266024974968754    0.73229749960939    0.731907984382162
889.999999999336    0.000262995931978263    0.732297092631124    0.731912011593148
890.099999999336    0.000265269990348453    0.732297050056177    0.731908640226847
890.199999999335    0.000268050242854748    0.732295733295038    0.731903254400799
890.299999999335    0.000266327800049147    0.732294155953593    0.731904199226822
890.399999999335    0.000264832979994487    0.732293684157205    0.731905915813838
890.499999999335    0.000266039158632358    0.732293814600188    0.731904280570878
890.599999999335    0.000266908036002679    0.732293850932085    0.731903045014267
890.699999999335    0.00026622151367658    0.732294054402198    0.731904253312395
890.799999999335    0.000265305882754334    0.732294605578379    0.731906144505849
890.899999999335    0.000267099082296808    0.732294683742009    0.731903597724728
890.999999999335    0.000268670746924246    0.732293711612949    0.731900325507354
891.099999999335    0.000266413892208125    0.732292893962401    0.731902811885451
891.199999999335    0.000266523219716217    0.732292975586246    0.731902733431584
891.299999999334    0.000268602117279853    0.732293255058913    0.731899969658647
891.399999999334    0.000266920948972139    0.73229413302225    0.731903308051796
891.499999999334    0.000266873197073968    0.732296022590609    0.731905266511427
891.599999999334    0.000269453258054505    0.73229809264741    0.731903558741994
891.699999999334    0.000267888861406497    0.732300782287176    0.731908536919792
891.799999999334    0.000265164807150404    0.732304985651008    0.731916725583324
891.899999999334    0.000267665641097226    0.732309070560526    0.731917147511154
891.999999999334    0.000270834181347178    0.732311150236721    0.731914587857637
892.099999999334    0.000268806676732243    0.732312476626867    0.731918881461533
892.199999999334    0.000266716377868252    0.732314906635304    0.731924370039097
892.299999999334    0.000267334998113333    0.732318023614724    0.731926579786437
892.399999999333    0.000267708175515891    0.732320726222761    0.731928734671085
892.499999999333    0.000267965622481542    0.732322497513873    0.731930128147567
892.599999999333    0.000268002603023204    0.732323155152445    0.731930731299389
892.699999999333    0.000267645992133527    0.732322805931514    0.731930904294505
892.799999999333    0.000269106310022788    0.732321456200697    0.731927417589316
892.899999999333    0.000268719510371799    0.732319729324045    0.731926257859305
892.999999999333    0.000265928323861359    0.73231895629119    0.731929571134575
893.099999999333    0.000266060876119417    0.732318794677217    0.731929215568755
893.199999999333    0.000268758645078646    0.732317568010947    0.731924040420197
893.299999999333    0.00026937701025398    0.732315158799575    0.731920727314267
893.399999999333    0.000266646812648636    0.732313236192523    0.731922802319888
893.499999999332    0.000264882682335244    0.732312342076155    0.73192449109621
893.599999999332    0.000267237415950599    0.732310645271616    0.731919348231795
893.699999999332    0.000271033676915174    0.732306634726905    0.731909782767472
893.799999999332    0.000269842135351892    0.732302016642867    0.731906911379128
893.899999999332    0.00026424635888173    0.732299825480383    0.731912912595719
893.999999999332    0.000264253703137854    0.732299356026565    0.731912432639232
894.099999999332    0.000270397973185874    0.732296791145997    0.73190087506471
894.199999999332    0.000272006425448083    0.732291544290942    0.731893276611613
894.299999999332    0.000268023387811181    0.732287019345222    0.731894584431407
894.399999999332    0.000265933436130059    0.732285101890017    0.731895727251008
894.499999999332    0.000267628871597298    0.732284257378892    0.731892401431876
894.599999999331    0.000270121338412665    0.732282520184628    0.731887016749648
894.699999999331    0.000270714572681087    0.732279946802197    0.731883576399678
894.799999999331    0.000269943490728042    0.73227790926014    0.731882668642754
894.899999999331    0.000268668114198383    0.732277387184331    0.731884013701873
894.999999999331    0.000270492931161861    0.732277996083752    0.73188195116793
895.099999999331    0.000272374460990577    0.732279292629885    0.731880492897498
895.199999999331    0.000269265251174664    0.732282508696873    0.731888258387512
895.299999999331    0.000267606198784338    0.732287853942294    0.731896029258989
895.399999999331    0.000271394988901613    0.732292660140691    0.731895286869062
895.499999999331    0.000274031005198406    0.732295227692606    0.731893994448262
895.599999999331    0.000273047890596134    0.732297069670738    0.731897274493641
895.69999999933    0.000271541832136866    0.732300294545492    0.731902702181141
895.79999999933    0.000270297022564802    0.732305504851072    0.731909731832202
895.89999999933    0.000269319581476407    0.732311749440343    0.731917403857592
895.99999999933    0.000271155823365765    0.732316852684913    0.731919816385309
896.09999999933    0.000275199302381215    0.732318997023536    0.73191604056267
896.19999999933    0.000274024546739916    0.732319488505032    0.731918251422029
896.29999999933    0.00026983847571184    0.732321344957555    0.731926234622616
896.39999999933    0.000270548067599919    0.732324695693674    0.73192854480898
896.49999999933    0.000272408490237564    0.732327811556765    0.731928935586955
896.59999999933    0.000271453200041074    0.732330416821537    0.731932937848209
896.69999999933    0.000270119179008761    0.732332706796852    0.73193717941734
896.799999999329    0.000270914500127125    0.732333844610691    0.731937152365495
896.899999999329    0.000273537300671472    0.73233291798605    0.73193238680711
896.999999999329    0.000273048407069879    0.732330959685886    0.7319311452506
897.099999999329    0.000268959638570468    0.732330243376489    0.731936414745349
897.199999999329    0.000268687566783179    0.732330638841095    0.731937208276134
897.299999999329    0.000272829966249521    0.732329736511105    0.731930242510448
897.399999999329    0.000272278803578539    0.732327365539265    0.731928679655147
897.499999999329    0.000268849934982517    0.732325434575353    0.731931769121342
897.599999999329    0.000269999281627706    0.732323688605239    0.731928341608959
897.699999999329    0.000272067150527273    0.732320734189131    0.731922361742342
897.799999999329    0.00027114434828174    0.732316961062018    0.731919941501342
897.899999999328    0.000270495821933684    0.732313358160383    0.731917289887739
897.999999999328    0.000271089572449547    0.732310065865039    0.73191313022484
898.099999999328    0.000270801770471745    0.732307191500605    0.731910678708996
898.199999999328    0.000269838681096091    0.732304940139234    0.731909838354564
898.299999999328    0.000270882161679831    0.732302755029814    0.731906126962709
898.399999999328    0.000272866403386836    0.732299959656925    0.731900428563154
898.499999999328    0.000271573662739313    0.732297377147451    0.731899739773437
898.599999999328    0.000269667498191589    0.732296104909377    0.731901258469536
898.699999999328    0.00027257826687469    0.732295293246621    0.731896186470707
898.799999999328    0.000273793041510598    0.732294374706061    0.73189349025717
898.899999999328    0.00026936482133906    0.732294872541006    0.731900469824205
898.999999999327    0.000269768525653578    0.732296370116672    0.731901375649532
899.099999999327    0.000276382220854832    0.732296006420179    0.731891331072096
899.199999999327    0.000276339172581239    0.732294509408393    0.73188989790077
899.299999999327    0.000269748110062308    0.732295973627    0.731901009258108
899.399999999327    0.000269106019865887    0.732300667537755    0.731906640536821
899.499999999327    0.000274726849170471    0.73230471046865    0.731902453447974
899.599999999327    0.000275440591920648    0.732306736726924    0.731903433810855
899.699999999327    0.000271451130029826    0.732308723238916    0.731911259070106
899.799999999327    0.000272650408036339    0.732310812003813    0.731911591168133
899.899999999327    0.000276462823243292    0.732311540852414    0.73190673893294
899.999999999327    0.000273987609183119    0.732312063476718    0.731910884531882
900.099999999326    0.000270818003941103    0.732314197227778    0.731917656879742
900.199999999326    0.000273388726621283    0.732316570201612    0.731916265451195
900.299999999326    0.000274975854506349    0.732317477269992    0.731914848734953
900.399999999326    0.000273749689097765    0.732317461913557    0.731916628286598
900.499999999326    0.000273369262020614    0.732317153715445    0.731916877139005
900.599999999326    0.000274053773999984    0.73231631628942    0.731915038160723
900.699999999326    0.000274930482172091    0.73231489270549    0.73191233200859
900.799999999326    0.000274407106619912    0.732313668282497    0.731911874387894
900.899999999326    0.000273058118474721    0.73231357897041    0.731913759808264
900.999999999326    0.000272781247378946    0.732314410339638    0.731914996015724
901.099999999326    0.000273926471602261    0.732315008536425    0.731913917473105
901.199999999325    0.000275797900420031    0.73231464279369    0.731910812487382
901.299999999325    0.000274657312895887    0.732314131388863    0.731911970982113
901.399999999325    0.000272333046730562    0.732314716455622    0.731915958054916
901.499999999325    0.00027471022320676    0.732315633498274    0.73191339481508
901.599999999325    0.000276729933515279    0.732315987646004    0.731910792266547
901.699999999325    0.00027341062645289    0.732317236602329    0.731916899429923
901.799999999325    0.000271329570772978    0.732320073565231    0.731922781179945
901.899999999325    0.000274424009899882    0.732322256821452    0.731920433470915
901.999999999325    0.000277114492378763    0.732322053268882    0.731916291603221
902.099999999325    0.000275327599004803    0.732320785511723    0.731917640261584
902.199999999325    0.000274142773433469    0.732320195345424    0.731918784810435
902.299999999324    0.000274689862940892    0.732320419291753    0.731918207783969
902.399999999324    0.000273052495034657    0.732321305622932    0.731921490474121
902.499999999324    0.000272560382958304    0.73232211742251    0.731923022206508
902.599999999324    0.000276645216132378    0.732320909499226    0.731915835408462
902.699999999324    0.00027809410076085    0.732317646278357    0.731910453081756
902.799999999324    0.000273266271606795    0.732315248629502    0.73191512385484
902.899999999324    0.000271690675009033    0.732314814039806    0.731916995910991
902.999999999324    0.000276207614536207    0.732313936188514    0.731909506524254
903.099999999324    0.000276926159866907    0.732311774803508    0.731906294516364
903.199999999324    0.000273658768516631    0.732310239731352    0.731909543148731
903.299999999324    0.000273701165823547    0.73230972689127    0.731908968527314
903.399999999323    0.000276234882461417    0.732308807334842    0.731904340588027
903.499999999323    0.000276747499196397    0.732307328807782    0.731902112506599
903.599999999323    0.000274846277990928    0.732306613519727    0.73190418063276
903.699999999323    0.000273773502567167    0.732307100356129    0.731906237542107
903.799999999323    0.000276142031706665    0.732307480806018    0.731903150707385
903.899999999323    0.000277996141169785    0.732306940574748    0.731899896724104
903.999999999323    0.000275495125795561    0.732306783559173    0.731903400790244
904.099999999323    0.000274431809123228    0.732307868654558    0.731906041782173
904.199999999323    0.000277327775727906    0.732309007047179    0.731902940404598
904.299999999323    0.000277208021341707    0.732309858215037    0.731903966397895
904.399999999323    0.000273921599412212    0.73231147868767    0.731910396689672
904.499999999322    0.000275735338845076    0.732312977916576    0.731909240107145
904.599999999322    0.000279952308310936    0.732312534684817    0.731902624271203
904.699999999322    0.000278089074929646    0.732311498817025    0.731904316395475
904.799999999322    0.000273651148660023    0.732312361099649    0.731911674510409
904.899999999322    0.0002742206067943    0.732314096647563    0.731912575521037
904.999999999322    0.000279507483304011    0.732313512499253    0.731904252676699
905.099999999322    0.000281806356666865    0.732310408840243    0.731897785663548
905.199999999322    0.000277290690126425    0.732308535832309    0.73190252373711
905.299999999322    0.00027367640207709    0.732310319794142    0.731909597355366
905.399999999322    0.000276592060205515    0.732313660295362    0.731908668024973
905.499999999322    0.000279728014590249    0.732315918285469    0.731906334301834
905.599999999321    0.000278129230022985    0.732317567191439    0.731910322615869
905.699999999321    0.000276771877907507    0.732319795649077    0.731914536763199
905.799999999321    0.000278284991939573    0.732322123097626    0.731914647979589
905.899999999321    0.000279001305140656    0.732324137141931    0.731915612340787
905.999999999321    0.000278519670450958    0.732326557250872    0.731918736134299
906.099999999321    0.000277772483401826    0.732330156708162    0.731923427353787
906.199999999321    0.000276006008262591    0.732335070720131    0.731930924507753
906.299999999321    0.00027524819277433    0.732340156074215    0.731937116401245
906.399999999321    0.000278891270625404    0.732342970016862    0.731934595785987
906.499999999321    0.00028149669604149    0.732342697150603    0.731930509080947
906.599999999321    0.000277202669512202    0.732342062683299    0.731936160850827
906.69999999932    0.00027329018128835    0.732343063389076    0.731942888415849
906.79999999932    0.000276111238441486    0.732343448235768    0.731939143355975
906.89999999932    0.000279371741861491    0.732340589903169    0.731931513655039
906.99999999932    0.000279273046897561    0.732335251024217    0.731926322233198
907.09999999932    0.000277083835429449    0.732329904174141    0.731924183035614
907.19999999932    0.000275482226585795    0.732325900844736    0.731922526427716
907.29999999932    0.000276739653527792    0.732322628535177    0.731917415252778
907.39999999932    0.000277481056888343    0.732319276804424    0.731912980090251
907.49999999932    0.000276175486306834    0.732316078054195    0.731911694237118
907.59999999932    0.000276974010313755    0.73231282930692    0.731907278391709
907.69999999932    0.000278611100319772    0.732308937691828    0.731900992552064
907.799999999319    0.000278260383554241    0.73230504473777    0.73189761514403
907.899999999319    0.000276976563509771    0.732302305919181    0.731896757094413
907.999999999319    0.000276106336313725    0.732300844800864    0.731896570616853
908.099999999319    0.000277868213614985    0.732299476447962    0.73189262400462
908.199999999319    0.000280540863924315    0.732297194407565    0.73188643106833
908.299999999319    0.000278945127885875    0.732295103379655    0.731886677005677
908.399999999319    0.00027652738766584    0.732294629093132    0.731889742013929
908.499999999319    0.000278550817490048    0.732294736286303    0.7318868872981
908.599999999319    0.000281261063028475    0.73229395308494    0.73188213736128
908.699999999319    0.00028126236784409    0.732293040054657    0.731881222934512
908.799999999319    0.000278767240016519    0.732293820865866    0.731885655594324
908.899999999318    0.000278012378539245    0.732296539408405    0.731889477571201
908.999999999318    0.000281582281897801    0.7322993624836    0.731887073525824
909.099999999318    0.000282664176512547    0.732301628308262    0.731887754422134
909.199999999318    0.0002788672007263    0.732304975746877    0.731896657935993
909.299999999318    0.000278530179939322    0.732309464080482    0.731901637099001
909.399999999318    0.000283323095199435    0.732312696367177    0.731897851702674
909.499999999318    0.000284718867652424    0.732314436454685    0.73189754767656
909.599999999318    0.000279920865248459    0.732317590912895    0.731907723695911
909.699999999318    0.000276949314002878    0.732323139992284    0.731917619518402
909.799999999318    0.000281624152178525    0.732327885717541    0.731915519409989
909.899999999318    0.000285136687502292    0.732329495300204    0.731911986334427
909.999999999317    0.000282134209254398    0.732330025918823    0.731916911766906
910.099999999317    0.000280849824638312    0.732331673521358    0.73192043857245
910.199999999317    0.000281174220497783    0.732334316299735    0.73192260500128
910.299999999317    0.000279212510158391    0.73233749527099    0.731928653843956
910.399999999317    0.000279939668717104    0.732339954449504    0.731930047190333
910.499999999317    0.000284044761928675    0.732339747274795    0.731923830875338
910.599999999317    0.000283302212372132    0.732337531816607    0.73192270365241
910.699999999317    0.000280339332807347    0.732335918667538    0.731925428618384
910.799999999317    0.000281723131614537    0.732335515943154    0.731923000448423
910.899999999317    0.000281066727699799    0.732336104247311    0.731924549296919
910.999999999317    0.000277836317601341    0.732337977901002    0.731931150758318
911.099999999316    0.000281808834142082    0.732339337749087    0.731926694645624
911.199999999316    0.000285701755421969    0.732338692252402    0.731920350873388
911.299999999316    0.000279401932876412    0.732338880473215    0.731929760984541
911.399999999316    0.00027543400490985    0.732341510788985    0.731938198364385
911.499999999316    0.000281610231119294    0.732342775722268    0.731930421408802
911.599999999316    0.000285861727367092    0.732340227637908    0.731921651207903
911.699999999316    0.000281517181341635    0.732337021330685    0.731924806468177
911.799999999316    0.000276657361245124    0.732336262937955    0.731931162575855
911.899999999316    0.000278650388178507    0.732336261525453    0.731928243652689
911.999999999316    0.000283553290985043    0.732333900225714    0.731918706580221
912.099999999316    0.000283721968024707    0.732329702190404    0.731914264010646
912.199999999315    0.00027946787670812    0.732326814137399    0.73191760485864
912.299999999315    0.00027790800475275    0.732326205338155    0.731919279796913
912.399999999315    0.000280460557028647    0.732325745788533    0.731915083989789
912.499999999315    0.000282498129037133    0.732323789104491    0.73191014575742
912.599999999315    0.000281999886486089    0.732321009617989    0.731908097176083
912.699999999315    0.000279922379496509    0.732318809625221    0.731908939509558
912.799999999315    0.000279403100165586    0.732317144404943    0.731908035350378
912.899999999315    0.000282039745640192    0.73231448862202    0.73190152151096
912.999999999315    0.000284115537671793    0.73231030185178    0.731894298574469
913.099999999315    0.000282423579521159    0.732306375602886    0.731892851216115
913.199999999315    0.000279897046818709    0.73230449868564    0.731894673661346
913.299999999314    0.000280440339694638    0.732304042364868    0.731893422330489
913.399999999314    0.000283289743213237    0.732303114572665    0.731888324155973
913.499999999314    0.000284045613217636    0.732301358130883    0.731885462287612
913.599999999314    0.000282242607041876    0.732300081743606    0.73188682581362
913.699999999314    0.000282261710690391    0.732299794979569    0.731886511248004
913.799999999314    0.00028400315905029    0.732299773497034    0.731883940696773
913.899999999314    0.000284040796228565    0.732299968498779    0.731884080495678
913.999999999314    0.000283391740502174    0.732300986680114    0.731886048167888
914.099999999314    0.000283887831708215    0.73230283021829    0.731887164495482
914.199999999314    0.000283743352071398    0.732305166592077    0.731889711029415
914.299999999314    0.000284009248433596    0.732307592798685    0.731891746644733
914.399999999313    0.000286291995656631    0.732309436328215    0.731890247678641
914.499999999313    0.000286184331212267    0.73231113112195    0.73189209909975
914.599999999313    0.000283687554437639    0.732314089663041    0.731898710714526
914.699999999313    0.000283712355379013    0.732318134314885    0.731902716768429
914.799999999313    0.000286532980070302    0.732321656357295    0.731902107958616
914.899999999313    0.000286594958504589    0.732324431728727    0.731904791015393
914.999999999313    0.000284046666882696    0.732327616813617    0.731911704514875
915.099999999313    0.00028526520893053    0.732330884613234    0.7319131867223
915.199999999313    0.000288321641700378    0.732333148210651    0.731910974941213
915.299999999313    0.000285909978374965    0.732335625589396    0.731916981158265
915.399999999313    0.000283274055524184    0.732339813887748    0.731925025648291
915.499999999312    0.000286107538398741    0.732344403681534    0.731925465033844
915.599999999312    0.000286292388080228    0.732348218259652    0.731929006836068
915.699999999312    0.000282846798041701    0.732351881379526    0.731937711756702
915.799999999312    0.000285464005186555    0.732354339828805    0.731936337547284
915.899999999312    0.000289663396468903    0.732354120371269    0.731929970868005
915.999999999312    0.000285538834301481    0.732353557500859    0.731935446125683
916.099999999312    0.000280727116091135    0.732355309165689    0.731944240575996
916.199999999312    0.000284035984434853    0.732357407801869    0.731941494221726
916.299999999312    0.000286910380697066    0.732357259647537    0.731937138384345
916.399999999312    0.000284544508866818    0.7323557659476    0.731939108881606
916.499999999312    0.000283317161074397    0.732354167863223    0.73193930839255
916.599999999311    0.000284346491463882    0.73235194677454    0.731935581753309
916.699999999311    0.000285448235507559    0.732348737725597    0.731930761726188
916.799999999311    0.000284374385829661    0.732345364915308    0.731928962802677
916.899999999311    0.000281586289373237    0.732342784944715    0.731930465673445
916.999999999311    0.000283482861159349    0.732339971312926    0.731924877324139
917.099999999311    0.000287014938557244    0.732335397573048    0.73191513579618
917.199999999311    0.000285093965628105    0.732330473553585    0.731913026567491
917.299999999311    0.000282133995321975    0.732327455274267    0.731914342885635
917.399999999311    0.000283194187345222    0.732325957838086    0.731911294359369
917.499999999311    0.000284516915998219    0.732324493791756    0.731907894908218
917.599999999311    0.000283704959679812    0.732322742583561    0.731907333248935
917.69999999931    0.000284572653371483    0.732320499555354    0.731903821355222
917.79999999931    0.00028628308495948    0.732317434659268    0.731898254474737
917.89999999931    0.000285826860469549    0.732314482519017    0.73189597184178
917.99999999931    0.000283706213395779    0.732313072866167    0.731897667181495
918.09999999931    0.000283108809993385    0.732313112774308    0.731898581543951
918.19999999931    0.000285850889871179    0.732312859375994    0.731894314452399
918.29999999931    0.00028807424362358    0.732311485658985    0.731889687013654
918.39999999931    0.000286403475958107    0.732310557447103    0.731891204972842
918.49999999931    0.000282948031301183    0.732311704306129    0.731897409220044
918.59999999931    0.000283751108240152    0.732313753413736    0.731898281626095
918.69999999931    0.00028890966415417    0.732313903604584    0.7318908806921
918.799999999309    0.000290275568856127    0.732312209462976    0.731887188149915
918.899999999309    0.000286007625644454    0.732311918336017    0.731893144522533
918.999999999309    0.000283227151266118    0.732314580878803    0.731899875589454
919.099999999309    0.000285932524982219    0.732317884511622    0.731899217218602
919.199999999309    0.00028979184654112    0.73231928815117    0.731894970797338
919.299999999309    0.000289238073403853    0.732319481387639    0.731895974530121
919.399999999309    0.0002862440358401    0.732320686692006    0.731901561806229
919.499999999309    0.000287068928371022    0.732323117829852    0.731902784069301
919.599999999309    0.000288808042864955    0.732325720594401    0.731902839609621
919.699999999309    0.000286740185290369    0.73232873998595    0.731908884218276
919.799999999309    0.000286071078887259    0.732332077808311    0.731913199582052
919.899999999308    0.000289526331043278    0.732334002131677    0.731910064919192
919.999999999308    0.000290572956405906    0.732334201056289    0.731908731658434
920.099999999308    0.000287085514805902    0.732334769708319    0.731914404980199
920.199999999308    0.000286448794809985    0.732336470569389    0.731917036916873
920.299999999308    0.000290222683246515    0.732337698581522    0.731912739890324
920.399999999308    0.000289717794255389    0.732338398296781    0.731914178270065
920.499999999308    0.00028557748637731    0.732340280899101    0.731922120523106
920.599999999308    0.000286988332805892    0.732342589330418    0.731922362373143
920.699999999308    0.00029124054717528    0.732343098932026    0.731916647122378
920.799999999308    0.000289843011615179    0.732342605713514    0.73191819995181
920.899999999308    0.000286611764475907    0.732343404769761    0.731923728583006
920.999999999307    0.000287985603192235    0.732345304853275    0.731923616484728
921.099999999307    0.000289792654825274    0.732347158855342    0.73192282416958
921.199999999307    0.000287405192517776    0.73234953499897    0.731928693832713
921.299999999307    0.000285660272659395    0.732352721701915    0.731934433034041
921.399999999307    0.000288158870449623    0.732354830580575    0.731932883086991
921.499999999307    0.000290328567668833    0.732354467189638    0.731929343768142
921.599999999307    0.000288584893118725    0.732352844315783    0.731930274328494
921.699999999307    0.000286588393409601    0.732351511497813    0.731931864877481
921.799999999307    0.000287980827039003    0.732350175817673    0.731928491636005
921.899999999307    0.000288995568966519    0.732348357270209    0.731925188703668
921.999999999307    0.000286555664257354    0.732346950708782    0.731927354612565
922.099999999306    0.00028509224955666    0.732346173474431    0.731928720051066
922.199999999306    0.000287907967232004    0.73234429312106    0.731922718982121
922.299999999306    0.000290069476902795    0.732340299913837    0.731915563981345
922.399999999306    0.000288180830128598    0.732335791802692    0.731913823133144
922.499999999306    0.000286181451390299    0.732332510444187    0.731913470404195
922.599999999306    0.000286964521800087    0.732330104001568    0.731909919063549
922.699999999306    0.000287758546235977    0.732327495741736    0.731906149996489
922.799999999306    0.000288322846066407    0.732324360414388    0.731902190447958
922.899999999306    0.000289003740984689    0.732320933171133    0.731897768488734
922.999999999306    0.000288612270743439    0.732317990049296    0.731895400097912
923.099999999306    0.000287986181531476    0.732316264490895    0.731894591997378
923.199999999305    0.000287253696692423    0.732315722547186    0.731895122569189
923.299999999305    0.00028808496768204    0.732315427403334    0.731893610789887
923.399999999305    0.000290963633987012    0.732314228178869    0.731888198519904
923.499999999305    0.000290655269173236    0.732312674356474    0.731887096977814
923.599999999305    0.000287521770091589    0.732312461631527    0.731891471125005
923.699999999305    0.000288674003002811    0.732313198191881    0.731890520643154
923.799999999305    0.00029248352793622    0.732313166515553    0.731884912695748
923.899999999305    0.000290777452016891    0.732313060242519    0.731887303791423
923.999999999305    0.000288347556070285    0.732314420848392    0.731892220441795
924.099999999305    0.000291163512477912    0.732316208388154    0.731889884999011
924.199999999305    0.000292429831897117    0.732317361595095    0.731889183921127
924.299999999304    0.000290385380634447    0.732318795938693    0.731893610061847
924.399999999304    0.000290751420565819    0.732320743317608    0.731895020504261
924.499999999304    0.000292905866864206    0.732322313362202    0.731893435978865
924.599999999304    0.000291849353539291    0.732323792993732    0.73189646125909
924.699999999304    0.000291110471036532    0.732325953818603    0.731899702398118
924.799999999304    0.000293896289604723    0.732328314919415    0.73189798424295
924.899999999304    0.00029263985765335    0.732331287115398    0.731902793862369
924.999999999304    0.000289233308290404    0.732336040333167    0.731912530874757
925.099999999304    0.000291228852028249    0.732341085397451    0.731914651880008
925.199999999304    0.000294405382734511    0.732344194967081    0.731913109734868
925.299999999304    0.000294241611597771    0.732345918473758    0.731915071960133
925.399999999303    0.000291953340582036    0.732348272584469    0.731920774344707
925.499999999303    0.000291089853478553    0.732351917929651    0.731925681577758
925.599999999303    0.000291618834281326    0.732355914058088    0.731928901027257
925.699999999303    0.000291522712322475    0.732359306992217    0.731932432692633
925.799999999303    0.000292118192417017    0.732361516762885    0.731933769470706
925.899999999303    0.000293383257726899    0.732362252397559    0.731932652788003
925.999999999303    0.000292406650323993    0.732362234219906    0.73193406424419
926.099999999303    0.000290861794707646    0.732362490038165    0.731936581382263
926.199999999303    0.000291351971152338    0.732362912105353    0.731936285647731
926.299999999303    0.000291526970243179    0.732362974037292    0.731936091367225
926.399999999303    0.000290309057872366    0.732362681344109    0.731937581714298
926.499999999302    0.000290537174856388    0.732361658574474    0.731936225604056
926.599999999302    0.00029155902505802    0.732359149051076    0.731932221686623
926.699999999302    0.000292509182292057    0.732355193741812    0.731926877790423
926.799999999302    0.000291789103991734    0.732350892661462    0.731923633309531
926.899999999302    0.000289340576772831    0.732347597601634    0.731923924434896
926.999999999302    0.000290300462716173    0.732345067279903    0.731919990456103
927.099999999302    0.000292202227790594    0.732342255539267    0.731914396483488
927.199999999302    0.000290451973417948    0.732339634859374    0.731914339402964
927.299999999302    0.000289521613924068    0.732337687477957    0.731913755037129
927.399999999302    0.000291774215264941    0.732335385858413    0.731908157347637
927.499999999302    0.000292653985244534    0.732332339331957    0.731903824783189
927.599999999301    0.000291653492507823    0.732329676203357    0.73190262773807
927.699999999301    0.000290749466557498    0.73232826806528    0.731902543737831
927.799999999301    0.000289928105457643    0.732327849937538    0.731903328166119
927.899999999301    0.000291240608672458    0.732327159425406    0.731900716807497
927.999999999301    0.000294361562633119    0.732325002496842    0.731893992705377
928.099999999301    0.000293846505912228    0.73232231901708    0.731892064736508
928.199999999301    0.000291076905454895    0.732321235646689    0.731895036105391
928.299999999301    0.000291877886610914    0.732321909544926    0.731894537142926
928.399999999301    0.000293403915877226    0.732323227784908    0.731893620827832
928.499999999301    0.000291957535546926    0.732325046816301    0.731897555993692
928.599999999301    0.000291453873338281    0.732327022424605    0.731900267709448
928.6999999993    0.000295006527542715    0.732327661031088    0.731895705580157
928.7999999993    0.000296986054805996    0.732326871285153    0.731892018693645
928.8999999993    0.000293068901130195    0.732327280635505    0.731898161694115
928.9999999993    0.000289964123183197    0.73233034874022    0.731905772797105
929.0999999993    0.000291844046365375    0.73233373703514    0.731906407266576
929.1999999993    0.000296115845712394    0.732334418401842    0.731900835141417
929.2999999993    0.000297443190575837    0.732332412738827    0.731896887703969
929.3999999993    0.000293854372749436    0.732330527888007    0.731900257269074
929.4999999993    0.000292470556389236    0.732330262184506    0.731902017355026
929.5999999993    0.000296045510368015    0.732330304034687    0.731896826166632
929.6999999993    0.000295965382289598    0.732330369554362    0.731897008938527
929.799999999299    0.000292538253526957    0.732331943599083    0.73190359869079
929.899999999299    0.000294695070687837    0.732334448948036    0.731902945405604
929.999999999299    0.000297567144177705    0.732336423380462    0.731900714516939
930.099999999299    0.000295210593176306    0.732338906135035    0.731906645337229
930.199999999299    0.000292819492982558    0.732343030704989    0.731914267625295
930.299999999299    0.000294123221986139    0.732347439550971    0.731916765445158
930.399999999299    0.00029647638466187    0.732350274971742    0.731916154554534
930.499999999299    0.000297441660504011    0.732351568649184    0.731916034461893
930.599999999299    0.000295436840728931    0.732353054817638    0.731920454478088
930.699999999299    0.000293134204400343    0.732355990563088    0.731926759204218
930.799999999299    0.000294589597518556    0.732359384864112    0.731928021026559
930.899999999298    0.000296520731749092    0.73236181654622    0.731927624369707
930.999999999298    0.000294294332713317    0.732363718838472    0.731932784676075
931.099999999298    0.000293948238822911    0.732365496540845    0.7319350679688
931.199999999298    0.00029706938710498    0.732366223651112    0.731931225705292
931.299999999298    0.00029422269962272    0.732366614244747    0.731935783240295
931.399999999298    0.000290261226629239    0.732367744267946    0.731942711718826
931.499999999298    0.000295428687005604    0.732367185247249    0.731934588496852
931.599999999298    0.000299838675871335    0.732363176964326    0.731924126998011
931.699999999298    0.00029399006118981    0.732359127751411    0.73192864170047
931.799999999298    0.000289584449178583    0.732357803269789    0.731933767201917
931.899999999298    0.000294080121966158    0.732356697796164    0.731926081337884
931.999999999297    0.000296889811797268    0.732353482865412    0.731918755356187
932.099999999297    0.000294197489612189    0.732349688730733    0.731918904586461
932.199999999297    0.000293050705496882    0.732346780860274    0.731917677127827
932.299999999297    0.000294142015006994    0.732344212096976    0.731913512379408
932.399999999297    0.000294180345051651    0.732341427704484    0.731910673516105
932.499999999297    0.000293494269567682    0.732338415332124    0.731908667204168
932.599999999297    0.000294884742320767    0.73233473821541    0.731902956860002
932.699999999297    0.000297556116074964    0.732330157572578    0.731894468579758
932.799999999297    0.000296277610211896    0.732326329877607    0.731892514617533
932.899999999297    0.000291946304369981    0.732325500233638    0.731898025586503
932.999999999297    0.000291967894642189    0.732326844415744    0.731899337380165
933.099999999296    0.00029662238333408    0.732327106020675    0.731892785626689
933.199999999296    0.000298893044268145    0.732325213828697    0.73188757081204
933.299999999296    0.000295941496711037    0.732323444186814    0.731890122632345
933.399999999296    0.00029423616995801    0.732323493435327    0.731892668079972
933.499999999296    0.000296624457964764    0.732324380901395    0.73189005908679
933.599999999296    0.000297128526382505    0.732325289822045    0.731890229622446
933.699999999296    0.000295318681683391    0.732326742999113    0.731894331161799
933.799999999296    0.000296792913551747    0.732328326994782    0.731893756256607
933.899999999296    0.000298874520209545    0.732329166278831    0.731891548015365
933.999999999296    0.000297314662134739    0.732330052899887    0.731894717407014
934.099999999296    0.00029608631655354    0.73233185476457    0.731898316246649
934.199999999295    0.000297707553893178    0.732333815219065    0.731897902376087
934.299999999295    0.00029840183382083    0.732335222684982    0.731898292718843
934.399999999295    0.000297520959411737    0.732336441233881    0.731900799965073
934.499999999295    0.000298300108628853    0.732337564920901    0.731900782462817
934.599999999295    0.00029889487762654    0.732338475095144    0.731900821469781
934.699999999295    0.000297940906514667    0.732339666329792    0.731903408420743
934.799999999295    0.000298783861461302    0.732341284198724    0.731903791400911
934.899999999295    0.000299487580259175    0.732343265964203    0.731904741871437
934.999999999295    0.000296834170855128    0.732346337319454    0.731911695500364
935.099999999295    0.000296972596563791    0.732350128394185    0.731915281693293
935.199999999295    0.000300926900993148    0.732352747436272    0.731912110750265
935.299999999294    0.000300117657836762    0.732354424196461    0.731914971095104
935.399999999294    0.00029694767674367    0.732357064566331    0.731922250225699
935.499999999294    0.000298065515882926    0.732360393101951    0.731923940436676
935.599999999294    0.000299727181203306    0.732363054958345    0.731924168276452
935.699999999294    0.000298370171053706    0.732365229088525    0.731928327569552
935.799999999294    0.00029740851602354    0.732367354074438    0.731931859018458
935.899999999294    0.000299002681968111    0.732368766657323    0.731930937118688
935.999999999294    0.000299860218849865    0.732369149117259    0.731930064034741
936.099999999294    0.000297566918369688    0.73236953335163    0.731933805119642
936.199999999294    0.000296137831501877    0.732370361396882    0.731936724671761
936.299999999294    0.000297927403709355    0.732370276645936    0.731934020268515
936.399999999293    0.000299613573245341    0.732368222165513    0.731929498693072
936.499999999293    0.000299184748637655    0.73236503758085    0.731926943752483
936.599999999293    0.000297518980625706    0.732362299583775    0.731926645829394
936.699999999293    0.00029615690904163    0.732360569466719    0.73192691061267
936.799999999293    0.000297111344357647    0.732358921820431    0.731923866792587
936.899999999293    0.000299599599042647    0.732356265184787    0.731917569331077
936.999999999293    0.000298943007404863    0.732353293384794    0.73191556044998
937.099999999293    0.000295300701226711    0.732351631424021    0.731919231211499
937.199999999293    0.000295639783458237    0.732350699476874    0.731917803453743
937.299999999293    0.000299455264582369    0.732348189624156    0.731909709887441
937.399999999293    0.000300247614528649    0.732343914748615    0.731904277721748
937.499999999292    0.000298291655527089    0.732339926302411    0.731903154809652
937.599999999292    0.000296570725091425    0.732337581466868    0.731903330477904
937.699999999292    0.000297117111853666    0.732336307107413    0.731901257071277
937.799999999292    0.000299546172285884    0.732334761561757    0.731896156794821
937.899999999292    0.000299437854461538    0.732332954120059    0.731894508990062
937.999999999292    0.000298169667346719    0.732331948166223    0.731895359996828
938.099999999292    0.00029897315471012    0.73233184500285    0.731894080758617
938.199999999292    0.000298717003161547    0.73233232250786    0.731894932930168
938.299999999292    0.000298787677521362    0.732333168692623    0.731895675157009
938.399999999292    0.000300836220664224    0.73233378929341    0.73189329675065
938.499999999292    0.000299967015467809    0.732334522919739    0.731895302269118
938.599999999291    0.000298182488384958    0.732336200368892    0.73189959089707
938.699999999291    0.000300467061936261    0.732338020629559    0.731898065914654
938.799999999291    0.000301298941068185    0.732339225914562    0.731898052773021
938.899999999291    0.000299041700886738    0.732340539678866    0.731902669898962
938.999999999291    0.000300196980307022    0.732341761169689    0.731902199554247
939.099999999291    0.000302571186193234    0.732341978596041    0.73189894148398
939.199999999291    0.000300924345319124    0.732342035865796    0.731901409365652
939.299999999291    0.000300211938949697    0.732342978604701    0.731903394361972
939.399999999291    0.000301334803631921    0.732344411555016    0.731903182793704
939.499999999291    0.000300031262729566    0.732346109256892    0.731906787611289
939.599999999291    0.000300121556789586    0.732347612596685    0.731908157875312
939.69999999929    0.000303063609154998    0.732347647227667    0.731903885873334
939.79999999929    0.000303465591642527    0.732346455369666    0.731902106313583
939.89999999929    0.000302188174061322    0.732345919198855    0.73190344035852
939.99999999929    0.000301503325628331    0.732347277856024    0.731905800683283
940.09999999929    0.000300057051453232    0.732350668910472    0.731911306779491
940.19999999929    0.000299414758743511    0.732355042297432    0.731916617751603
940.29999999929    0.000302044435652591    0.732358152379364    0.731915876556654
940.39999999929    0.00030596864166297    0.732358701503326    0.731910680989336
940.49999999929    0.000305239475084005    0.732358668460276    0.731911715336944
940.59999999929    0.000298945686324484    0.732361695820609    0.731923953942065
940.69999999929    0.000296731212298498    0.732367841257584    0.731933337393673
940.799999999289    0.000302250119159383    0.732372792967063    0.731930207210774
940.899999999289    0.000306082219346828    0.73237399531777    0.731925799186879
940.999999999289    0.000302833956144174    0.732373789129869    0.731930348114989
941.099999999289    0.000299332905642129    0.732374953599296    0.731936636956129
941.199999999289    0.000299700107418645    0.732376912446778    0.731938057093112
941.299999999289    0.000301040777220541    0.7323776989285    0.731936880529404
941.399999999289    0.000301999399186337    0.732376418372943    0.731934197446744
941.499999999289    0.000301725079380932    0.732373505725186    0.731931688124334
941.599999999289    0.000300893356814422    0.732369893100163    0.731929295202014
941.699999999289    0.000301306905329472    0.732366022806983    0.731924821864073
941.799999999289    0.000301612977400516    0.732362176313312    0.731920529646611
941.899999999288    0.000300468554100267    0.732359063749543    0.731919094208621
941.999999999288    0.000298882667951749    0.732356980491446    0.731919333680048
942.099999999288    0.000299968476992934    0.73235483504737    0.731915600075041
942.199999999288    0.000303445293129615    0.732351238732889    0.731906916487761
942.299999999288    0.000302600295584545    0.732347055023794    0.731903972230137
942.399999999288    0.000297805039108974    0.732344451255343    0.731908389380872
942.499999999288    0.000299442070874058    0.732342612590219    0.731904155505709
942.599999999288    0.000305427208704485    0.732338874679719    0.731891658834968
942.699999999288    0.00030393263277144    0.732334354689642    0.731889329330392
942.799999999288    0.000299439689744961    0.732332317783399    0.731893870347908
942.899999999288    0.000301098565886098    0.73233267231641    0.731891796428735
942.999999999287    0.000302743699969387    0.73233362980513    0.731890345221347
943.099999999287    0.000301268685435135    0.732334925284806    0.731893799021858
943.199999999287    0.000303017820541187    0.73233610633261    0.73189241899609
943.299999999287    0.000304961184019482    0.732336583464501    0.731890051176328
943.399999999287    0.000302024675285961    0.732337464358028    0.731895229953986
943.499999999287    0.000300812819857152    0.73233916519389    0.731898703671615
943.599999999287    0.000305787364444677    0.732339732963662    0.731891989404343
943.699999999287    0.000307479880901241    0.732338945749712    0.731888725199836
943.799999999287    0.000301633925442157    0.732339869409322    0.731898205530996
943.899999999287    0.000299433673392285    0.732343238774365    0.731904793607272
943.999999999287    0.000305547260834895    0.732345428846057    0.731898033267013
944.099999999286    0.000309068136886617    0.732344691765489    0.731892142815064
944.199999999286    0.000304595196449382    0.732344088341713    0.731898087208602
944.299999999286    0.000301465272534896    0.732345992066518    0.731904571371352
944.399999999286    0.000304622308099072    0.732348644248175    0.731902600654316
944.499999999286    0.000306912302887807    0.732350180508716    0.731900783873232
944.599999999286    0.000305472405806569    0.732351446164292    0.731904156482636
944.699999999286    0.000304692191854423    0.732353580245648    0.731907431348579
944.799999999286    0.00030485340052867    0.732356449611494    0.731910062985849
944.899999999286    0.000304858455285486    0.732359606000745    0.731913210051926
944.999999999286    0.000305083427449001    0.732362648858168    0.731915921733112
945.099999999286    0.000304824900616683    0.732365235152813    0.731918884891446
945.199999999285    0.000305662690091236    0.732366949566078    0.731919371870004
945.299999999285    0.000306691970500176    0.732367704436313    0.731918619578225
945.399999999285    0.000305903198147737    0.73236846117214    0.731920530486579
945.499999999285    0.000303893259437006    0.732370329955871    0.731925340371835
945.599999999285    0.000303023876552456    0.732373065322528    0.731929346729183
945.699999999285    0.000304591327068544    0.732375035731259    0.731929021415261
945.799999999285    0.000307215702447605    0.732375027015524    0.731925171001596
945.899999999285    0.000306502054165338    0.732374037367495    0.731925226635166
945.999999999285    0.000302990125678875    0.732374140741621    0.731930470903307
946.099999999285    0.000302940494204126    0.732375303208857    0.731931705320026
946.199999999285    0.000304924054791164    0.732375752890098    0.731929251070839
946.299999999284    0.000304774645713241    0.732374846522558    0.731928563969409
946.399999999284    0.000304450014260672    0.732372954154551    0.731927147967578
946.499999999284    0.000305550862747994    0.732370257534285    0.731922841514555
946.599999999284    0.000304966603825858    0.732367407121487    0.731920848105268
946.699999999284    0.000302786567340515    0.732365361000635    0.731921994458675
946.799999999284    0.000303042964340527    0.732363657434063    0.731919916599153
946.899999999284    0.00030593218744416    0.732360831284626    0.731912862830369
946.999999999284    0.000306696134429283    0.732357018848277    0.73190793444732
947.099999999284    0.000304210988963714    0.73235416286189    0.7319087180028
947.199999999284    0.000302147330951911    0.732353249290656    0.731910825808556
947.299999999284    0.000303538871920091    0.732352890730403    0.73190843050076
947.399999999283    0.000306710268972107    0.732351211345454    0.731902109815477
947.499999999283    0.000306195111255839    0.732348518141714    0.731900172351023
947.599999999283    0.000303867529881497    0.732346386674785    0.731901449301733
947.699999999283    0.000306132365439245    0.732344783105632    0.731896531448434
947.799999999283    0.000307901982123076    0.732343447931878    0.731892606748346
947.899999999283    0.000303660470069134    0.732344021717302    0.731899388874946
947.999999999283    0.000301737385524232    0.732346661903302    0.731904842482619
948.099999999283    0.000306870358506068    0.732348152181134    0.731898818188395
948.199999999283    0.000310371908668777    0.732346730142982    0.731892271489298
948.299999999283    0.000307297043924527    0.732344948399259    0.731894991794042
948.399999999282    0.000304108086923789    0.732345441941822    0.731900153015154
948.499999999282    0.00030507089510909    0.732347445295266    0.73190074578895
948.599999999282    0.000307348433590064    0.732348893495945    0.731898859242753
948.699999999282    0.000308316183011029    0.732349207368479    0.731897756333644
948.799999999282    0.00030701065015801    0.732349329537101    0.731899789463084
948.899999999282    0.000305804102258055    0.732349940655577    0.731902166354514
948.999999999282    0.000307794308342804    0.73235027675393    0.731899588979266
949.099999999282    0.000310270748853022    0.73234976882623    0.731895456363705
949.199999999282    0.000307630691680523    0.732349936622844    0.731899488559382
949.299999999282    0.000304557477458169    0.732352138291729    0.731906187469687
949.399999999282    0.000307785120571288    0.732354639457633    0.731903962447299
949.499999999281    0.000310578463799316    0.732355648519759    0.73190088197591
949.599999999281    0.000308313953056619    0.732356351205248    0.73190489903088
949.699999999281    0.000306641347856693    0.732358066915241    0.731909062069187
949.799999999281    0.000308478202029528    0.732360052392196    0.731908357505823
949.899999999281    0.00030996263846884    0.732361583996177    0.731907715220762
949.999999999281    0.000308438442599995    0.732363503351698    0.731911864537688
950.099999999281    0.000306677567909163    0.732366540668287    0.731917477606834
950.199999999281    0.000307931383084329    0.732369754317004    0.731918853900641
950.299999999281    0.000309823413840844    0.732371887736066    0.731918216377156
950.399999999281    0.000308896158010047    0.732373269998348    0.731920955138007
950.499999999281    0.000307396602197128    0.732374773466188    0.731924652797955
950.59999999928    0.000308288253691525    0.732376108749316    0.731924682015652
950.69999999928    0.000310476530737049    0.732376696576363    0.731922066176541
950.79999999928    0.00030903238892592    0.732377543527438    0.731925026606079
950.89999999928    0.000304293146169246    0.732380144422946    0.731934563493492
950.99999999928    0.000305506545447203    0.732382958050638    0.731935599146794
951.09999999928    0.000311374982115757    0.73238268597695    0.731926736656666
951.19999999928    0.000311005972515173    0.732379768995784    0.731924361665569
951.29999999928    0.000306746108524301    0.732377561852207    0.731928391699266
951.39999999928    0.000305803082749106    0.732377107384914    0.731929317965953
951.49999999928    0.000306687906763846    0.73237693226444    0.73192784769661
951.59999999928    0.000307414439540618    0.732375654714118    0.731925507393051
951.699999999279    0.00030891328736776    0.732372730590984    0.731920390989126
951.799999999279    0.000309336083524705    0.732368740257379    0.731915784217412
951.899999999279    0.000307687556788858    0.732365261782842    0.731914721052469
951.999999999279    0.000305851491325204    0.732363251293239    0.731915399484183
952.099999999279    0.00030651711550432    0.732361894986042    0.731913069647577
952.199999999279    0.000309004588266153    0.732359698395181    0.731907233194873
952.299999999279    0.000308848962451402    0.732356695389662    0.731904459851108
952.399999999279    0.000306856548860509    0.732354046458954    0.731904729064458
952.499999999279    0.000307685440688407    0.732351688442442    0.731901159159748
952.599999999279    0.000309258469870326    0.732348819461688    0.731895989352598
952.699999999279    0.000308790703675361    0.732345726280073    0.731893582793475
952.799999999278    0.00030906825124381    0.732343049238365    0.731890501135538
952.899999999278    0.000310262271807572    0.73234110760179    0.731886812920725
952.999999999278    0.000308473103790527    0.732340745282531    0.73188906976682
953.099999999278    0.000306052677675955    0.732342318242599    0.73189418474011
953.199999999278    0.000309830566099668    0.732343773617178    0.731890109204361
953.299999999278    0.000313383741100142    0.732343455612952    0.731884590350084
953.399999999278    0.00030932968691118    0.73234330257832    0.731890371634311
953.499999999278    0.000307644482231741    0.732344773637164    0.731894308562857
953.599999999278    0.000311953163257183    0.732346082185665    0.73188930932353
953.699999999278    0.000312490518863663    0.732346553510711    0.731888993784798
953.799999999278    0.000310135265271782    0.732347783538422    0.731893670626612
953.899999999277    0.000310900946601322    0.732350144739541    0.731894909566101
953.999999999277    0.000310504641873163    0.732353082706931    0.731898425816665
954.099999999277    0.000309491381822224    0.732356170307667    0.731902994715338
954.199999999277    0.00031317904879439    0.73235803903784    0.731899464265765
954.299999999277    0.000316075568593065    0.732358461580692    0.731895646630874
954.399999999277    0.000310558394375354    0.732360486037565    0.731905745867646
954.499999999277    0.000306031754581439    0.732365762344611    0.731917645124219
954.599999999277    0.000311988750178522    0.732370653952288    0.731913813671328
954.699999999277    0.000316568583928196    0.732372119958257    0.731908574692278
954.799999999277    0.000312542186762201    0.732372517618804    0.731914866037868
954.899999999277    0.000310091718149673    0.732374426710403    0.731920361023797
954.999999999276    0.000311834788932397    0.732377120954819    0.731920502014626
955.099999999276    0.000311650291817746    0.732379600815337    0.731923250404445
955.199999999276    0.00031039525778191    0.732381724972466    0.731927210422991
955.299999999276    0.000312274127009266    0.732382664919477    0.73192539939702
955.399999999276    0.000313744038824965    0.732381943727228    0.731922526928535
955.499999999276    0.000312199391289191    0.732380832406273    0.73192367742964
955.599999999276    0.000310851405010797    0.732380596636071    0.731925415054971
955.699999999276    0.000311118261127957    0.732381066578454    0.731925494067548
955.799999999276    0.000311389838670503    0.732381601719495    0.731925631326433
955.899999999276    0.000311088371619177    0.732381939184637    0.731926409884777
955.999999999276    0.00031084595694243    0.732381875839838    0.731926701438875
956.099999999275    0.000311413583256026    0.732380961192305    0.731924956439512
956.199999999275    0.000313042259692381    0.732378970799724    0.731920583158486
956.299999999275    0.000312212858654883    0.732376821206172    0.731919649019284
956.399999999275    0.000309056129612931    0.732375927889622    0.731923377213792
956.499999999275    0.000310060242105213    0.732375661759747    0.731921641383421
956.599999999275    0.000312815560929002    0.732374285267117    0.731916232407468
956.699999999275    0.000312365036260917    0.732371994692144    0.731914602756036
956.799999999275    0.000310813473911692    0.732370118566684    0.731914999022489
956.899999999275    0.000309995767499054    0.732368974340569    0.731915052489835
956.999999999275    0.000310729906647731    0.732367720050451    0.731912724324664
957.099999999275    0.000312468884497997    0.732365402721953    0.731907862888048
957.199999999274    0.000312957532948698    0.732362256200635    0.731904003044562
957.299999999274    0.000312097410834525    0.732359534193196    0.731902541790498
957.399999999274    0.000310363019049613    0.732358175951633    0.731903723207931
957.499999999274    0.000310414478520273    0.732357749333941    0.731903221528253
957.599999999274    0.000312860598511176    0.732356844763612    0.731898736885964
957.699999999274    0.000313572331459385    0.732355181091652    0.731896032424787
957.799999999274    0.000312501838818112    0.732353854038081    0.731896273180835
957.899999999274    0.000312013704863122    0.732353591248379    0.731896725082334
957.999999999274    0.000312729873491112    0.732354182655458    0.731896267797329
958.099999999274    0.000312239280038716    0.732355338652189    0.731898141199846
958.199999999274    0.000312296717319149    0.73235670590603    0.731899423523495
958.299999999273    0.000314685251903585    0.732357518304921    0.731896739085083
958.399999999273    0.000314083931071777    0.732358082530833    0.731898183166806
958.499999999273    0.000311195450982386    0.73235952922155    0.731903857116681
958.599999999273    0.000313314860046182    0.732361065801864    0.731902290333366
958.699999999273    0.000315652735723215    0.732361341075897    0.731899143248209
958.799999999273    0.000314085644733008    0.732361177086999    0.731901273271219
958.899999999273    0.000312779122543451    0.732361589739819    0.731903598159177
958.999999999273    0.000313115771918177    0.732362089869251    0.731903605185851
959.099999999273    0.000315637878946292    0.732361642432223    0.731899466161683
959.199999999273    0.000316483216692433    0.73236042847845    0.731897015572491
959.299999999273    0.000313603968610941    0.732360181662832    0.731900983550338
959.399999999272    0.000313538670022408    0.73236145987685    0.731902356547286
959.499999999272    0.000315515892798768    0.732363183913027    0.731901185233302
959.599999999272    0.000314184589353011    0.732365193989068    0.731905142814597
959.699999999272    0.000313377600704575    0.732367513984848    0.731908642636117
959.799999999272    0.000316338188653612    0.732368937105974    0.731905731109739
959.899999999272    0.000318177249402876    0.732369230803053    0.731903332586458
959.999999999272    0.000314646264005524    0.732370562330304    0.73190983197478
960.099999999272    0.000312112190898621    0.73237418951773    0.731917166334541
960.199999999272    0.000314709994655338    0.732378226514207    0.731917398046028
960.299999999272    0.000317379985177234    0.732380798492505    0.731916059977269
960.399999999272    0.000315888399630546    0.732382654878524    0.731920098625145
960.499999999271    0.000313391713905345    0.732385083002934    0.731926179986535
960.599999999271    0.000314852114123278    0.732387345917601    0.731926303669289
960.699999999271    0.000317613578389782    0.732388226629236    0.731923141455742
960.799999999271    0.000315396161466363    0.73238877959819    0.731926940041041
960.899999999271    0.00031240124986305    0.732390424788554    0.731932968330339
960.999999999271    0.000314276599171885    0.732391951047714    0.731931748375373
961.099999999271    0.000316149184681731    0.732391737521757    0.731928793779673
961.199999999271    0.000315115500624455    0.732390273951764    0.731928844299742
961.299999999271    0.000314348115318761    0.732388531539328    0.731928226326263
961.399999999271    0.00031423133771204    0.732386668628615    0.731926535531643
961.499999999271    0.000314674801893736    0.732384530169717    0.731923749251978
961.59999999927    0.000314745685160337    0.732382178555953    0.731921295355774
961.69999999927    0.000314658492757996    0.732379982016757    0.731919227834439
961.79999999927    0.000314389382983068    0.732378266952914    0.731917907782035
961.89999999927    0.000312586543516512    0.732377207838184    0.731919488395226
961.99999999927    0.000312954947742771    0.732375965238868    0.731917707289102
962.09999999927    0.000316541015739924    0.732372926958444    0.731909421536522
962.19999999927    0.000317340158643946    0.732368452519773    0.731903780137164
962.29999999927    0.000313841884494917    0.732365037279148    0.731905487858129
962.39999999927    0.000312139096639085    0.732363741181224    0.731906685133119
962.49999999927    0.000313869551764148    0.732362928680563    0.731903340083123
962.59999999927    0.000316247619584301    0.732360886990827    0.731897818660709
962.699999999269    0.000316490683962979    0.732357768923546    0.731894346769956
962.799999999269    0.000315557168687683    0.732354903132743    0.731892849257742
962.899999999269    0.000315667402317924    0.732353068534674    0.731890854459143
962.999999999269    0.000314913712116002    0.732352434470992    0.731891324033558
963.099999999269    0.000314039244202629    0.732352678086055    0.731892847527864
963.199999999269    0.000317378347070626    0.732352374665844    0.731887656585011
963.299999999269    0.000319679237909532    0.732351020830765    0.731882935635441
963.399999999269    0.000315884232006733    0.732350757267025    0.731888227259924
963.499999999269    0.000314896863693262    0.732352730289463    0.731891644328216
963.599999999269    0.000319210637805112    0.732355324461974    0.731887922441228
963.699999999269    0.000317542751927237    0.732358374402917    0.731893411861193
963.799999999268    0.000313323231019815    0.732362920655395    0.731904131771453
963.899999999268    0.000317612083513068    0.732366760806612    0.731901691452668
963.999999999268    0.000322498182925871    0.73236762276806    0.731895400603697
964.099999999268    0.000319137369748974    0.732367815122162    0.731900512379516
964.199999999268    0.000315048016401784    0.732370226532489    0.731908908295603
964.299999999268    0.000316696883941423    0.732373867925745    0.731910133745211
964.399999999268    0.00031935297906147    0.732376539000009    0.731908915078053
964.499999999268    0.000319000491530853    0.732378114285237    0.731911005336335
964.599999999268    0.000317913365701308    0.732379501245126    0.731913982775247
964.699999999268    0.000317859705166798    0.732380857021082    0.731915416239387
964.799999999268    0.000318303091207896    0.732381885065525    0.731915794587643
964.899999999267    0.000318949407200166    0.732382457453595    0.731915420513453
964.999999999267    0.000318902267394737    0.732382907953455    0.731915939730785
965.099999999267    0.000318099655060718    0.732383859995239    0.731918066057656
965.199999999267    0.000317274594209198    0.732385565019685    0.731920977755529
965.299999999267    0.000318147523606059    0.732387435682698    0.731921569398937
965.399999999267    0.000318838646604003    0.732388841207446    0.731921962332638
965.499999999267    0.000317689888026705    0.732389961850172    0.731924763868922
965.599999999267    0.000317582602746548    0.732390835607924    0.73192579412141
965.699999999267    0.000318971145309242    0.732390958071367    0.731923883889133
965.799999999267    0.000318243905763848    0.73239059487721    0.731924585494939
965.899999999267    0.000317187281163289    0.73239041593239    0.731925953404437
965.999999999266    0.000317751192945375    0.732390181837406    0.731924893975218
966.099999999266    0.000318074901569593    0.732389523030884    0.731923761726967
966.199999999266    0.000317334738921747    0.73238858668648    0.731923909462815
966.299999999266    0.000317012835046976    0.732387333438577    0.731923128227735
966.399999999266    0.000318887434790772    0.732385198981201    0.731918251010278
966.499999999266    0.000319628751570825    0.73238240074733    0.731914369398759
966.599999999266    0.000316335755648224    0.732380510078338    0.73191730032399
966.699999999266    0.000315504963226278    0.732379836072615    0.731917842887262
966.799999999266    0.000319111386998945    0.73237854319009    0.731911271636313
966.899999999266    0.000318909391166872    0.732376166594636    0.731909192242354
966.999999999266    0.000316217999584617    0.732373943256735    0.731910910029607
967.099999999265    0.00031815396904366    0.732371558116297    0.731905692497234
967.199999999265    0.000320282636619702    0.732368231252359    0.73189925180217
967.299999999265    0.000318866598696454    0.732365157825112    0.731898253131665
967.399999999265    0.000317229075583569    0.732363746790018    0.731899239996309
967.499999999265    0.000317180571325061    0.732363728360704    0.731899292579152
967.599999999265    0.000318439524038105    0.732363848644667    0.731897569935467
967.699999999265    0.000319728118705902    0.732363302824645    0.731895138227988
967.799999999265    0.000320240475697236    0.732362377895613    0.731893463908292
967.899999999265    0.000319360118294981    0.732362045228259    0.731894420110274
967.999999999265    0.000317999309170428    0.732362925741611    0.731897292003923
968.099999999265    0.000319012213147198    0.732364282207389    0.731897164922514
968.199999999264    0.000320235872697939    0.732365006227796    0.731896097295452
968.299999999264    0.000320472988642176    0.7323650383383    0.731895782296959
968.399999999264    0.000321309026195693    0.732364851860308    0.731894372154941
968.499999999264    0.00032045112215654    0.732365261443508    0.731896037267206
968.599999999264    0.000318432981072146    0.732366925313755    0.731900654223315
968.699999999264    0.000319756320613436    0.732368877597824    0.731900668155488
968.799999999264    0.000322164908295674    0.73236968999747    0.73189795434611
968.899999999264    0.000321319125573372    0.732369694999442    0.731899197399332
968.999999999264    0.000320116279111501    0.732369864296441    0.731901127314995
969.099999999264    0.000321809330959299    0.732369956827898    0.731898741497746
969.199999999264    0.00032202075913074    0.732369873302737    0.731898348538369
969.299999999263    0.000320785869578317    0.732370373706959    0.731900656251315
969.399999999263    0.000321372240477144    0.732371489839602    0.731900913336725
969.499999999263    0.000322049194099173    0.732372767429884    0.731901199178997
969.599999999263    0.000321822135908396    0.732374283089902    0.731903046232218
969.699999999263    0.000321558843640424    0.732376166425921    0.731905313766386
969.799999999263    0.000321514715491649    0.732378187990841    0.731907398627061
969.899999999263    0.000322998917980641    0.732379886538505    0.731906923483255
969.999999999263    0.000324106954586903    0.732381375855234    0.731906789877201
970.099999999263    0.000321217660979013    0.73238400730041    0.731913649032266
970.199999999263    0.000319872087166311    0.732388238627642    0.731919847343928
970.299999999263    0.000323143461525993    0.732392310829115    0.731919128161967
970.399999999262    0.000323522491141014    0.732395420085303    0.731921680569079
970.499999999262    0.000320021825885766    0.732398685760714    0.731930068599047
970.599999999262    0.000321085995199386    0.732401723957588    0.731931547051962
970.699999999262    0.000324155113122536    0.732403020561534    0.731928350060441
970.799999999262    0.000322072044746771    0.73240330674519    0.731931685380082
970.899999999262    0.000318901232025578    0.732403867846586    0.731936887775513
970.999999999262    0.000321717401794271    0.732403496442754    0.731932394104693
971.099999999262    0.000325660230518226    0.732400952673627    0.731924080245853
971.199999999262    0.000321248287002497    0.732398482989241    0.731928070592291
971.299999999262    0.000316478708502148    0.732398272090405    0.731934841837692
971.399999999262    0.000321061554630019    0.732397983329664    0.731927844602863
971.499999999261    0.000324320114797506    0.732395306210519    0.73192039917285
971.599999999261    0.000320708593761559    0.73239196922204    0.731922351035565
971.699999999261    0.000320088323653016    0.73238948953208    0.731920780912305
971.799999999261    0.000322126437880337    0.732387257039546    0.731915566387058
971.899999999261    0.000320373461798547    0.732385481865944    0.731916358416254
971.999999999261    0.000318813774821293    0.732384531218821    0.731917691499717
972.099999999261    0.000320702688513952    0.732383073019252    0.731913469181386
972.199999999261    0.000322502507233993    0.732379931889447    0.731907695458315
972.299999999261    0.000322945620500847    0.732375677538337    0.731902795218367
972.399999999261    0.000321817226626806    0.732371870444548    0.731900642325462
972.499999999261    0.000320128581882301    0.732369661714726    0.731900906854118
972.59999999926    0.000320729834780923    0.732368690343285    0.731899055990928
972.69999999926    0.000321756222169377    0.732367858435917    0.731896722196196
972.79999999926    0.000321406728432726    0.732366733175079    0.731896109245331
972.89999999926    0.000322834582551576    0.732365026793875    0.731892313886548
972.99999999926    0.000324573858175629    0.732362746855093    0.731887489506542
973.09999999926    0.000323272111181434    0.732361241526245    0.731887890618001
973.19999999926    0.000321290829002402    0.732361828629094    0.731891377502627
973.29999999926    0.000321774535831001    0.732363975380344    0.731892814831336
973.39999999926    0.000323248259764847    0.732366193510208    0.731892874314689
973.49999999926    0.000324031133090757    0.732367743073838    0.73189327691639
973.59999999926    0.000324986148389785    0.732368788834502    0.731892924060194
973.699999999259    0.000324522455823185    0.732370135419113    0.731894948518098
973.799999999259    0.000322775140269145    0.732372698705927    0.731900067858307
973.899999999259    0.000323718096419035    0.732376135584576    0.731902122214333
973.999999999259    0.000324072208724573    0.732379516378275    0.731904982466534
974.099999999259    0.000322466118373979    0.732382509194994    0.731910324368792
974.199999999259    0.000325781336169861    0.732384011800368    0.731906973126757
974.299999999259    0.000328083626255458    0.732383687964088    0.731903279385961
974.399999999259    0.000322700784377226    0.732384076933225    0.731911547586632
974.499999999259    0.000320639368666901    0.732386168867924    0.731916655734706
974.599999999259    0.000326597401663877    0.732387127067858    0.731908891792832
974.699999999259    0.000328368412171066    0.732386034408149    0.731905207418114
974.799999999258    0.000322454311605808    0.732385818921909    0.731913649244916
974.899999999258    0.000321609413091602    0.732387283601439    0.731916349769323
974.999999999258    0.000328129882713224    0.732387685500773    0.731907206589574
975.099999999258    0.000327928778593139    0.732387056593733    0.731906872474073
975.199999999258    0.000321550493789586    0.732388569554031    0.731917721143198
975.299999999258    0.000321576967892059    0.732392063548135    0.731921174137116
975.399999999258    0.000326684386053624    0.73239421941071    0.731915852173982
975.499999999258    0.000326916702212379    0.732394332438685    0.731915625056364
975.599999999258    0.000323468450421422    0.732394406044311    0.731920746291057
975.699999999258    0.000324629087328585    0.732394818220627    0.731919459213181
975.799999999258    0.000327106586963255    0.73239475552464    0.731915769906412
975.899999999257    0.000323850952714735    0.732395291915508    0.731921071666086
975.999999999257    0.000321781408600953    0.732397194443142    0.731926002462195
976.099999999257    0.000325260946431186    0.73239854296629    0.731922256597146
976.199999999257    0.000326438645199377    0.732398163190974    0.731920153103662
976.299999999257    0.00032403716279481    0.73239728462218    0.731922790499614
976.399999999257    0.000323968004560376    0.732396567755323    0.731922175334084
976.499999999257    0.000325696600853502    0.732395464668601    0.73191854257386
976.599999999257    0.000323915519619174    0.732394302642693    0.731919988518185
976.699999999257    0.000322596033995528    0.732393447534634    0.731921065480214
976.799999999257    0.000325880954524985    0.732391666888815    0.731914477404795
976.899999999257    0.000326538032587704    0.732388689619916    0.731910540230281
976.999999999256    0.000323671647743554    0.732386224050778    0.731912272143726
977.099999999256    0.000323142543409622    0.732384787358966    0.731911610896528
977.199999999256    0.000324238604658894    0.732383189858083    0.731908409992933
977.299999999256    0.000326403397412998    0.732380479685324    0.731902532735296
977.399999999256    0.000327951378591061    0.732377138299345    0.731896927600798
977.499999999256    0.000324070304338821    0.732375381016051    0.731900852571396
977.599999999256    0.000320340393698945    0.732376213666364    0.731907144558903
977.699999999256    0.000325030743926704    0.732376728630784    0.731900793418477
977.799999999256    0.000330452644508937    0.732374324266633    0.731890454098361
977.899999999256    0.000327303347415333    0.732371256773519    0.731891998508568
977.999999999256    0.00032301020505619    0.732370702866836    0.73189772922033
978.099999999255    0.00032481470351611    0.732371935941311    0.731896320081863
978.199999999255    0.000327159966775129    0.732372879043164    0.731893829595416
978.299999999255    0.000327204395992552    0.732373363509506    0.731894248709879
978.399999999255    0.000326578444217046    0.73237414499111    0.731895945942899
978.499999999255    0.000325749498055802    0.732375528659468    0.731898542115897
978.599999999255    0.000326382380978541    0.73237697482482    0.731899060925862
978.699999999255    0.00032737501272243    0.732377681744372    0.731898314371514
978.799999999255    0.000327279612354495    0.732377541528411    0.731898313894068
978.899999999255    0.000329351055388455    0.732376753777296    0.731894494496302
978.999999999255    0.000328999192077844    0.732376314130556    0.73189457019263
979.099999999255    0.000324246094844975    0.732378048725629    0.731903261229122
979.199999999254    0.000324976221821957    0.732381042158756    0.731905183953328
979.299999999254    0.000330691453745143    0.73238220298928    0.731897978047522
979.399999999254    0.00033118364870119    0.732381549774157    0.731896604792214
979.499999999254    0.000327821826095907    0.732382041245109    0.731902016971221
979.599999999254    0.000326490781136679    0.732385005380362    0.731906927563363
979.699999999254    0.000326892582736647    0.732389374685373    0.731910705850145
979.799999999254    0.000328347935258011    0.732393513424407    0.731912711498867
979.899999999254    0.000329233466931945    0.732396582124756    0.731914481916475
979.999999999254    0.000328350544149343    0.732398911413829    0.731918102125626
980.099999999254    0.000329001145637836    0.732400896104417    0.731919133137217
980.199999999254    0.000329610272379774    0.732402808260698    0.731920152370793
980.299999999253    0.000326999149701009    0.732405612976477    0.731926777529902
980.399999999253    0.000326293784597518    0.732409295180718    0.731931489884018
980.499999999253    0.000328523190152717    0.732412192642526    0.731931121905352
980.599999999253    0.000328660081348453    0.732413622182825    0.731932350116446
980.699999999253    0.000327319709959693    0.732414274432812    0.731934964064788
980.799999999253    0.000326475258906226    0.732414359896274    0.731936285640143
980.899999999253    0.00032737607421981    0.732413183381893    0.731933791218052
980.999999999253    0.000329448154439272    0.732410165520119    0.731927742098978
981.099999999253    0.000328658802859305    0.732406318302099    0.731925052906648
981.199999999253    0.000325710548960581    0.732403400633984    0.731926452953512
981.299999999253    0.000325603798802718    0.732401416152644    0.731924626030623
981.399999999252    0.000328275873032574    0.732398912846006    0.731918212863167
981.499999999252    0.000327799589378126    0.732395745192109    0.731915744487071
981.599999999252    0.000325706707541361    0.73239288337494    0.731915948166595
981.699999999252    0.000327069609692421    0.732389977840935    0.731911049475458
981.799999999252    0.000328948303443885    0.732386295271876    0.731904619259793
981.899999999252    0.000328179996375009    0.732382648299272    0.731902099336101
981.999999999252    0.000326547286848956    0.732380257385759    0.731902099954788
982.099999999252    0.000326662098914784    0.732379055094712    0.731900730386589
982.199999999252    0.000327872278191867    0.732378101343042    0.731898005799891
982.299999999252    0.000327617343004504    0.732376991279248    0.731897269636457
982.399999999252    0.000328570039620141    0.732375626088217    0.731894510791328
982.499999999251    0.000330054540350975    0.732373980600398    0.73189069339647
982.599999999251    0.000328034670239805    0.732373099472068    0.731892769500596
982.699999999251    0.000327284019127839    0.732373570009032    0.731894338522847
982.799999999251    0.000329991101304905    0.732374331084583    0.731891136510329
982.899999999251    0.000330362255758047    0.732375083848627    0.731891345488
982.999999999251    0.000327912671394267    0.732376876067008    0.731896722199748
983.099999999251    0.000327909508131576    0.732379511518122    0.731899360553414
983.199999999251    0.000330704451939466    0.732381399377248    0.731897155940125
983.299999999251    0.000331883454606854    0.732382158603455    0.731896188846997
983.399999999251    0.000330069110254651    0.732383199809769    0.731899885194741
983.499999999251    0.000328588751017029    0.732385493826472    0.731904344657317
983.59999999925    0.000329544614112212    0.732388313407679    0.731905763181262
983.69999999925    0.000331043416256691    0.732390547372141    0.73190580170633
983.79999999925    0.000330457396537567    0.732392206275157    0.731908317336376
983.89999999925    0.000329711159685795    0.732393650235231    0.731910852699435
983.99999999925    0.00033112230960166    0.73239448828873    0.731909624528934
984.09999999925    0.000331668851542849    0.732394619266071    0.731908955381158
984.19999999925    0.000330203386913302    0.732394934410691    0.731911415494474
984.29999999925    0.000330884336714198    0.732395809077066    0.731911292792918
984.39999999925    0.000330240681214512    0.732397125986763    0.731913551031275
984.49999999925    0.000328218106870152    0.732398840237005    0.73191822486204
984.59999999925    0.000331831855176965    0.732399493792118    0.731913588065605
984.699999999249    0.00033437754433638    0.732398352651128    0.731908721247604
984.799999999249    0.000330053139426844    0.732397764857273    0.731914464009034
984.899999999249    0.000327401461204368    0.73239915954212    0.731919739394939
984.999999999249    0.000331210195487105    0.732400529572532    0.731915533163139
985.099999999249    0.000333231481936959    0.732400399426368    0.731912444287438
985.199999999249    0.00032987696184194    0.732400180266716    0.731917135719346
985.299999999249    0.000329197765786034    0.732400566046216    0.731918515476181
985.399999999249    0.000332116094773513    0.732400223079402    0.731913900791061
985.499999999249    0.000332768981142358    0.732398942821054    0.73191166567179
985.599999999249    0.000330497555490171    0.73239827201321    0.731914320280983
985.699999999249    0.000329660459890088    0.732398908332823    0.731916181546869
985.799999999248    0.000330424637910851    0.732399992178777    0.731916146049016
985.899999999248    0.000330554956769444    0.732400675556253    0.731916638209904
985.999999999248    0.000331105982547634    0.732400563385731    0.731915719504124
986.099999999248    0.000332095031817421    0.732399546646554    0.731913255639888
986.199999999248    0.000331620975087598    0.732398229465383    0.731912633269251
986.299999999248    0.000329939643805444    0.73239742505476    0.731914290568887
986.399999999248    0.000329690112474533    0.732396919050936    0.731914150169827
986.499999999248    0.000332118412420672    0.732395560066361    0.731909237481699
986.599999999248    0.000332996342279461    0.732393197111843    0.731905590971407
986.699999999248    0.000330616693943156    0.732391246562931    0.731907125076354
986.799999999248    0.000330737284891392    0.732390319196275    0.731906021800177
986.899999999247    0.000331980522694729    0.732389787654458    0.731903670746759
986.999999999247    0.000330369477078927    0.732389696548914    0.73190593796585
987.099999999247    0.000330618054381625    0.732389793247772    0.731905670730431
987.199999999247    0.000333080215072788    0.732388958054129    0.731901231962709
987.299999999247    0.000333300500472193    0.732387327414386    0.731899279955315
987.399999999247    0.000331655357304104    0.732386276056627    0.73190063745713
987.499999999247    0.000331104927917155    0.73238635295523    0.731901520024597
987.599999999247    0.000332812024649304    0.732386881788364    0.731899549656449
987.699999999247    0.000333262535204489    0.732387588726369    0.731899596666697
987.799999999247    0.000331115108555777    0.732389174709184    0.731904325008068
987.899999999247    0.000330995950127891    0.732391325792543    0.731906649093075
987.999999999246    0.000333398094985335    0.732392470824305    0.731904277078061
988.099999999246    0.000335516906363373    0.732392120002883    0.731900824963978
988.199999999246    0.00033331453855018    0.73239189507199    0.73190382402008
988.299999999246    0.000330485874769616    0.732393299418393    0.7319093680704
988.399999999246    0.000332283458683942    0.732395240090259    0.731908676120416
988.499999999246    0.000333784013465953    0.7323961038953    0.731907342813925
988.599999999246    0.000333258240459304    0.732395892177163    0.731907900871594
988.699999999246    0.00033423055475871    0.732394900907046    0.73190548697607
988.799999999246    0.000334047200026159    0.732393579889651    0.731904435237694
988.899999999246    0.000332555836351819    0.732392773897541    0.731905812856354
988.999999999246    0.000333616487202639    0.732392429734966    0.731903916331767
989.099999999245    0.000335478452419826    0.732392119637258    0.731900880887553
989.199999999245    0.000333311118493807    0.732392731768317    0.731904665165138
989.299999999245    0.000331398400774266    0.732394914249776    0.731909646060243
989.399999999245    0.000334524380006093    0.732397143838599    0.731907298302952
989.499999999245    0.000337197248207096    0.732398330365159    0.731904571456123
989.599999999245    0.000334563489495454    0.732400134412221    0.731910229627124
989.699999999245    0.000330989558540261    0.732404191747511    0.73191951588996
989.799999999245    0.00033107947495123    0.732409086276487    0.731924275555898
989.899999999245    0.000335667347011901    0.732411697726401    0.73192016933344
989.999999999245    0.000338159204503769    0.732411152731785    0.73191597703445
990.099999999245    0.000333909837980995    0.732410170536305    0.731921215880316
990.199999999244    0.000331822721397886    0.732410706852899    0.731924807057634
990.299999999244    0.000334399562859356    0.732411624563271    0.731921952055369
990.399999999244    0.000333252945566057    0.732412173030073    0.731924178627584
990.499999999244    0.000331883294927503    0.732412397978028    0.73192640839008
990.599999999244    0.0003355669616219    0.732411056757658    0.731919675742943
990.699999999244    0.000336415513352383    0.732408121373844    0.731915500190981
990.799999999244    0.000332726726555895    0.732405871223285    0.731918651318284
990.899999999244    0.000331821122981377    0.732405144999966    0.731919251234398
990.999999999244    0.000333286129276836    0.732404523442453    0.731916485561344
991.099999999244    0.000334006850198271    0.732402913236917    0.731913821416682
991.199999999244    0.000334942494131494    0.732400243002254    0.731909783349846
991.299999999243    0.000335074213134782    0.73239720203695    0.731906551608907
991.399999999243    0.000333496551839551    0.732394999435216    0.731906659880981
991.499999999243    0.000332623446730636    0.732394108037716    0.731907047140429
991.599999999243    0.000333281874187845    0.73239374674291    0.731905722271505
991.699999999243    0.000334039121898016    0.732392960091995    0.73190382767881
991.799999999243    0.00033491185420332    0.732391333634297    0.73190092479893
991.899999999243    0.000334993004835729    0.732389097712041    0.731898571585759
991.999999999243    0.000335286082115657    0.732386860181162    0.731895906549195
992.099999999243    0.000334898847515797    0.732385210180275    0.731894824484226
992.199999999243    0.000333055713028358    0.732384600482121    0.731896913158521
992.299999999243    0.000334434729395972    0.732384231044939    0.731894525375275
992.399999999242    0.000337172387885669    0.732382846477957    0.731889134397651
992.499999999242    0.00033672531074592    0.73238099286498    0.731887936454739
992.599999999242    0.000334994407802375    0.732380069509681    0.73188954737651
992.699999999242    0.000335086997324523    0.732380233090574    0.731889575317202
992.799999999242    0.000337001979530553    0.732380649512638    0.731887188352714
992.899999999242    0.000336833208226793    0.732381213215628    0.731887998719264
992.999999999242    0.000336062899838038    0.73238241218937    0.731890324447342
993.099999999242    0.000337520093808454    0.73238395693535    0.731889735141439
993.199999999242    0.000338454803009704    0.732385741051963    0.731890149843758
993.299999999242    0.00033725426004082    0.732388628396368    0.731894792574738
993.399999999242    0.000335679965453414    0.732393113535452    0.7319015791436
993.499999999241    0.000335659543255106    0.732398149295063    0.731906641417826
993.599999999241    0.000337715330560803    0.73240183536297    0.731907315713971
993.699999999241    0.000340433738898041    0.73240317447502    0.731904674679035
993.799999999241    0.000339969902550673    0.732403458999387    0.731905637978384
993.899999999241    0.000336621287979118    0.732405041759002    0.73191212142952
993.999999999241    0.000335567451062577    0.732408372761919    0.731916992831461
994.099999999241    0.00033775966453588    0.732411716316671    0.731917125098424
994.199999999241    0.00033842227518523    0.73241390564251    0.731918342991301
994.299999999241    0.000337918141387834    0.732415195392117    0.731920369839546
994.399999999241    0.000338521110257934    0.732415897675607    0.731920188997755
994.499999999241    0.000337981993094016    0.732416459098495    0.731921539223259
994.59999999924    0.000336891178390223    0.732417467708331    0.731924143937218
994.69999999924    0.000336683660989935    0.732418735609232    0.731925714758732
994.79999999924    0.000336616176499341    0.732419542756154    0.731926620149725
994.89999999924    0.000338205173342559    0.732419113333645    0.731923864962837
994.99999999924    0.000340024761430599    0.732417450407205    0.731919539571534
995.09999999924    0.000337027917850261    0.732416309466546    0.73192278631007
995.19999999924    0.000333770873822124    0.73241702286518    0.731928267058185
995.29999999924    0.000336304063954746    0.732417919542309    0.731925454914453
995.39999999924    0.000339068995738102    0.732417044659853    0.731920533187911
995.49999999924    0.000338016547915127    0.732415079497797    0.731920109972062
995.59999999924    0.00033652920623437    0.732413516980209    0.731920725739844
995.699999999239    0.000335680653556091    0.732412666955556    0.731921118433452
995.799999999239    0.000335776170807301    0.732411816272851    0.731920128499645
995.899999999239    0.000337789753441924    0.732409881079644    0.731915247055652
995.999999999239    0.000338430113330467    0.732406775682995    0.731911206382373
996.099999999239    0.000337342446384091    0.732403675581805    0.731909700525236
996.199999999239    0.000337352776172638    0.732401455229698    0.731907466549761
996.299999999239    0.000335856720974399    0.732400429438825    0.731908631399159
996.399999999239    0.000334235298948287    0.732400199565501    0.731910775149114
996.499999999239    0.000338489619392436    0.732398739232611    0.731903088264346
996.599999999239    0.000341549316365879    0.732395156081584    0.731895028769987
996.699999999239    0.000337407359502439    0.73239202977621    0.731897967554664
996.799999999238    0.000335132716038286    0.732391223276437    0.731900491217087
996.899999999238    0.000338052379264235    0.732391299556634    0.731896293651823
996.999999999238    0.000338933268122232    0.732391013256263    0.731894718107867
997.099999999238    0.000338255841921706    0.732390768948151    0.731895465575078
997.199999999238    0.000338770859434178    0.732390820005725    0.731894762720408
997.299999999238    0.00033874726577768    0.73239123847675    0.731895215444169
997.399999999238    0.000338184393601786    0.732392151823774    0.731896952101105
997.499999999238    0.000339288285433013    0.732393242298131    0.731896425967208
997.599999999238    0.000340721516571359    0.732394255174559    0.731895340202923
997.699999999238    0.00033910605477067    0.732396020124844    0.731899468658624
997.799999999238    0.000337467299417168    0.732399149540938    0.73190499477583
997.899999999237    0.00033846475536375    0.732402512721774    0.731906895596111
997.999999999237    0.000339954902448226    0.732404555065546    0.731906755256891
998.099999999237    0.000341566386023352    0.732404875631464    0.731904716695993
998.199999999237    0.000341373678417892    0.732404518498115    0.731904641893691
998.299999999237    0.000338220329181011    0.732405217435988    0.73190995627591
998.399999999237    0.000337931197969454    0.732406995291123    0.731912156166062
998.499999999237    0.000340505401342961    0.732408134607383    0.731909526534482
998.599999999237    0.0003404696770171    0.732408051011404    0.731909495289365
998.699999999237    0.000339679323119524    0.73240738983637    0.731909991499446
998.799999999237    0.000341135585611392    0.732406309385511    0.731906780082217
998.899999999237    0.000341596926315178    0.732405276646044    0.731905072731525
998.999999999236    0.000339461276198778    0.732405605729612    0.731908527785093
999.099999999236    0.000337895855191008    0.732407696431252    0.731912908568152
999.199999999236    0.000339265660234567    0.732410089543578    0.731913294903757
999.299999999236    0.000341449764690654    0.73241123561877    0.731911243052996
999.399999999236    0.000341801813951899    0.73241129785054    0.731910789904736
999.499999999236    0.000340688019911705    0.732411601773225    0.731912724018163
999.599999999236    0.000339175699461613    0.732413016415907    0.731916351478309
999.699999999236    0.000338641662678976    0.732415145272298    0.731919260634364
999.799999999236    0.000340679671211916    0.73241664595699    0.731917776987237
999.899999999236    0.000342312728873042    0.732416888351186    0.7319156286913
