0.75 3.578130081982511e-13 1.07675195967353e-12 0.2799292862831332 18
1.5 3.541361153715929e-12 1.088254162943341e-11 0.485437409165867 62
2.25 6.030066057496184e-12 4.70041573347688e-11 0.4945665750253443 98
3 1.231079096332551e-11 1.694431545582236e-10 0.4501131379285799 210
3.75 2.47704363031121e-11 4.423710919070801e-10 0.5151820278683562 350
4.5 3.425819158240552e-11 6.920751085378885e-10 0.5047092824636876 450
5.25 4.50309461237417e-11 1.381194598628456e-09 0.5134709396841159 602
6 6.25610393998304e-11 2.09369765941345e-09 0.5259602503888139 762
6.75 8.908040856450845e-11 3.859331573611504e-09 0.504115316762066 1142
7.5 8.997084905312986e-11 5.421023276412749e-09 0.4873145683336088 1250
8.25 1.064932224186194e-10 7.631266737696142e-09 0.4922873352464083 1458
9 1.443198281622556e-10 1.182110286141542e-08 0.5261927800248836 1814
9.75 1.731868696872461e-10 1.624009522399204e-08 0.5218378100465004 2178
10.5 1.936289169599354e-10 2.026660308319195e-08 0.5040796989038118 2498
11.25 1.996053948159485e-10 2.532775706400843e-08 0.5021175198355965 2622
12 2.541141042109053e-10 3.616230688306731e-08 0.5233226791004955 3191
12.75 2.385120142804505e-10 3.941835264048705e-08 0.52084407465342 3044
13.5 2.097725988191538e-10 3.557590284517616e-08 0.4930564788554696 2736
14.25 1.791136259155839e-10 3.406994199331085e-08 0.5074653425862231 2276
15 1.619882572109595e-10 3.301439358901592e-08 0.5119349214381015 2016
15.75 1.237793529996008e-10 2.919099628176071e-08 0.4894721654813481 1640
16.5 8.037741149038077e-11 1.993769213373792e-08 0.4865265395439681 1056
17.25 4.948188867465316e-11 1.227064297213273e-08 0.4489961433415409 683
18 2.913141816016301e-11 8.493880046742803e-09 0.5285698744499212 350
18.75 1.442930579064094e-11 3.345294611288471e-09 0.4352522999885494 192
19.5 3.054230368189734e-12 1.033377325930397e-09 0.439568250421466 44
20.25 3.078194278851984e-12 1.280446557244719e-10 0.5465792480311833 25


0.75 4.746080694835893e-15 6.049228703631246e-14 0.3837913445792825 18
1.5 3.995753664302328e-14 5.999864034608514e-13 0.5143793501240387 62
2.25 6.285158584714459e-14 1.63560211576923e-12 0.4769198074981059 98
3 2.074599861958265e-13 3.646854446922398e-12 0.4443835195142323 210
3.75 4.145156589871867e-13 1.014770704558397e-11 0.502955772911742 350
4.5 6.022307333970002e-13 1.496376895538654e-11 0.491843370538386 450
5.25 8.165553592508344e-13 2.922230805719834e-11 0.5063452764365759 602
6 1.118399928313374e-12 4.426225704129483e-11 0.5118224084526706 762
6.75 1.653389587584098e-12 7.925409357854062e-11 0.4962400764261786 1142
7.5 1.867506148741093e-12 1.034516992033624e-10 0.499132659711444 1250
8.25 2.301108165744369e-12 1.394662325185747e-10 0.5100631052735507 1458
9 3.126325742213122e-12 2.164008659355942e-10 0.5475392399489515 1814
9.75 3.904640941555934e-12 2.865166915680636e-10 0.5520896017770023 2178
10.5 4.51289534636036e-12 3.549803454727199e-10 0.5435924848575504 2498
11.25 4.90050916855981e-12 4.228843126307793e-10 0.5542008394704963 2622
12 6.090916911689045e-12 6.199618109167834e-10 0.5712951104310235 3191
12.75 6.223257533660464e-12 6.367536350167369e-10 0.5923491249848066 3044
13.5 5.165495675668789e-12 5.916989956695405e-10 0.5467318443196306 2736
14.25 4.377206525348452e-12 5.760868592312857e-10 0.5610613561563645 2276
15 4.219667681564331e-12 5.256047903104996e-10 0.5865525836454395 2016
15.75 3.544983849841533e-12 4.341390914005837e-10 0.5901120196462488 1640
16.5 2.087666156425672e-12 3.262529783372549e-10 0.5579755474380631 1056
17.25 1.201189518684832e-12 2.081267972047707e-10 0.4986649335111406 683
18 8.718610269637077e-13 1.168076130062925e-10 0.6568036478513486 350
18.75 3.963647414772434e-13 4.709348859733367e-11 0.5252052451513081 192
19.5 1.027412520986421e-13 1.325186412741068e-11 0.5921885503458153 44
20.25 2.996851058691451e-14 7.870936761617146e-12 0.348162539221152 25


0.75 1.161964099259176e-15 9.329700270038926e-15 0.2815104316194852 18
1.5 2.616842660632615e-14 6.029961117376784e-14 0.6241064699695017 62
2.25 2.150989719975927e-14 4.384058808250109e-13 0.4956608271373759 98
3 6.364379953965188e-14 9.927562879860304e-13 0.4539909551163483 210
3.75 1.276225324242846e-13 2.69960222984843e-12 0.5100361056248099 350
4.5 1.755361356676574e-13 4.186953665792601e-12 0.4939954280110126 450
5.25 2.651921520651813e-13 7.308180103464928e-12 0.5219454809671796 602
6 3.47509569452514e-13 1.166136984235364e-11 0.5242465353123947 762
6.75 4.566058587144166e-13 2.334148400488556e-11 0.4898389892650172 1142
7.5 5.268613229276288e-13 2.961468086989521e-11 0.4950612265319966 1250
8.25 6.829951773921678e-13 3.85887212662024e-11 0.5167364009942618 1458
9 9.0664677617959e-13 6.085408054354863e-11 0.5496850239904028 1814
9.75 1.100874502844221e-12 8.296298199656155e-11 0.5482318070001884 2178
10.5 1.315731311408455e-12 9.916351087423047e-11 0.5469831818220778 2498
11.25 1.474748562902608e-12 1.14674248456943e-10 0.5671410705748042 2622
12 1.872075307272147e-12 1.651988537021781e-10 0.5903714711643191 3191
12.75 1.710045699540809e-12 1.886848075791005e-10 0.5803763996489455 3044
13.5 1.417231309946741e-12 1.750395957049542e-10 0.5349807001206022 2736
14.25 1.308692812358375e-12 1.579433626421886e-10 0.573383509333804 2276
15 1.156422707271878e-12 1.569860200287735e-10 0.5735713596467734 2016
15.75 9.573655460660013e-13 1.311100169180902e-10 0.5714264120765958 1640
16.5 6.23699301647047e-13 8.861583440764236e-11 0.5701612049799157 1056
17.25 3.95145548738688e-13 5.103701406735482e-11 0.5375041019150628 683
18 2.100070948087822e-13 4.066129772754193e-11 0.597834034140774 350
18.75 8.544037285225835e-14 1.825057837446241e-11 0.4460809275011205 192
19.5 2.972218932524769e-14 3.656689947501111e-12 0.5961537025690549 44
20.25 4.397992808255085e-15 3.042474374028451e-12 0.2549246069092672 25


0.75 1.310906459877505e-15 2.036794835243325e-15 0.277937954213045 18
1.5 8.764913773467384e-15 4.464682599169957e-14 0.5075624043986509 62
2.25 2.495589916193875e-14 9.723941831165119e-14 0.5947093048814508 98
3 4.463592986293267e-14 3.025368583489094e-13 0.4856015616850079 210
3.75 6.725244367606244e-14 1.101906778346661e-12 0.5103923479457604 350
4.5 8.349486719362263e-14 1.91554180760347e-12 0.4867329638601082 450
5.25 1.270923003332571e-13 3.354696315698382e-12 0.5195694957995313 602
6 1.630431218015968e-13 5.382172588557385e-12 0.5183056697113916 762
6.75 2.357153657211577e-13 9.842062137067451e-12 0.5005082838741277 1142
7.5 2.473030173302416e-13 1.36713229463818e-11 0.4913663598914764 1250
8.25 3.14354161083943e-13 1.831125217560268e-11 0.5110782180982016 1458
9 4.444060623045389e-13 2.7003629451194e-11 0.55653099973444 1814
9.75 5.607811971904484e-13 3.540094561796394e-11 0.5653256493261279 2178
10.5 6.422868685938293e-13 4.402372116919807e-11 0.5551680161827514 2498
11.25 6.366372021747527e-13 5.772637827608791e-11 0.5439954094983865 2622
12 9.160086777792005e-13 7.343085353787616e-11 0.6015553711287694 3191
12.75 8.520379840874229e-13 8.294626601213642e-11 0.5974914948055505 3044
13.5 7.160696659105201e-13 7.574412852417993e-11 0.5545617042797911 2736
14.25 6.413442531994808e-13 6.99631784682779e-11 0.5857338297781959 2276
15 5.670572832485124e-13 6.94864091861559e-11 0.5863156288069801 2016
15.75 4.40826772716004e-13 6.160044479938208e-11 0.5649578599280951 1640
16.5 3.071716307484914e-13 3.897951123063352e-11 0.5859517926058549 1056
17.25 1.767989313806225e-13 2.523045543824361e-11 0.5242891377274289 683
18 1.102362729300381e-13 1.680799891729882e-11 0.6361478620034859 350
18.75 4.736952703059286e-14 7.26148347306874e-12 0.4907006657918422 192
19.5 9.096023109820949e-15 2.543927394465985e-12 0.4664087703772718 44
20.25 6.695687071304472e-15 6.047801572342391e-13 0.47661523470549 25


0.75 9.085603525908415e-16 1.174137559428401e-15 0.3994496919169523 18
1.5 7.032025733709878e-15 1.541001618477436e-14 0.5802022631046052 62
2.25 8.587880829985841e-15 1.158285345440092e-13 0.5836759495582264 98
3 1.715276051478059e-14 2.691784478427394e-13 0.4480410465403509 210
3.75 3.399567395191688e-14 7.442816857543653e-13 0.5048337916801711 350
4.5 5.074953725760859e-14 1.061701373615878e-12 0.4999395523392768 450
5.25 6.528357126407927e-14 2.199766966146158e-12 0.507514279788384 602
6 9.442851640893749e-14 3.153407109411995e-12 0.5233332839012376 762
6.75 1.340905106798278e-13 5.872396076641096e-12 0.5013966355581718 1142
7.5 1.545434514233708e-13 7.478648146584587e-12 0.5087634260924925 1250
8.25 1.914618854569863e-13 1.005933847928083e-11 0.5217782079264948 1458
9 2.495668104159634e-13 1.624260023206277e-11 0.5519305291912076 1814
9.75 3.058615439254943e-13 2.199846369435889e-11 0.5531466537212817 2178
10.5 3.448125882298388e-13 2.77075516539273e-11 0.5376680262408187 2498
11.25 3.907030260841588e-13 3.18993698304138e-11 0.5601980359958075 2622
12 4.807683567153396e-13 4.717905735271894e-11 0.5741771416604655 3191
12.75 4.925604755350445e-13 4.817602294050896e-11 0.596843202009169 3044
13.5 4.040519470423874e-13 4.565852746915956e-11 0.5488653982549518 2736
14.25 3.739201724917209e-13 4.041277599263003e-11 0.5878427165263203 2276
15 3.167491715466058e-13 4.20817545828095e-11 0.5758509643830555 2016
15.75 2.618347863407579e-13 3.534592413440056e-11 0.5737683825742407 1640
16.5 1.647640100296587e-13 2.464519443152496e-11 0.5618686039327064 1056
17.25 1.007757868429795e-13 1.496750426567115e-11 0.5196128754542207 683
18 6.661409523062041e-14 9.39502984906587e-12 0.6518734309247917 350
18.75 2.769659293319108e-14 4.172837297865395e-12 0.493027271090128 192
19.5 7.553964660572449e-15 1.092895318168067e-12 0.5726047890111184 44
20.25 3.96560423664569e-15 3.269423286486962e-13 0.4828821641541982 25


0.75 1.990381899575157e-16 1.923923721454876e-15 0.2922845988440039 18
1.5 2.070087985579011e-15 2.798162359393766e-14 0.5220929802497113 62
2.25 7.596091957439926e-15 5.398418532417671e-14 0.6319576698985193 98
3 1.06241701163443e-14 1.841452339768134e-13 0.4481951223463705 210
3.75 2.114559433363757e-14 5.094996959826585e-13 0.5059234654009001 350
4.5 2.950369327419869e-14 7.761554257731476e-13 0.4883628877262984 450
5.25 4.317368550816306e-14 1.412604425935327e-12 0.5127973793188362 602
6 5.888404811395704e-14 2.14687995887175e-12 0.519178732322312 762
6.75 8.433706978429533e-14 3.971365456396882e-12 0.4984520488365005 1142
7.5 9.525403675251327e-14 5.109381011962482e-12 0.4998233485881847 1250
8.25 1.121346992401094e-13 7.351853876409764e-12 0.5046588839007833 1458
9 1.582734158826926e-13 1.088128448902138e-11 0.5477962829674596 1814
9.75 1.916284771124263e-13 1.49173686313811e-11 0.5459859704097304 2178
10.5 2.220772800490668e-13 1.832947405617837e-11 0.5366329320170575 2498
11.25 2.468613704108922e-13 2.132088759280547e-11 0.5527018350778028 2622
12 3.277604700324445e-13 2.958657444342959e-11 0.5886867842103729 3191
12.75 3.066352080218419e-13 3.293449703507951e-11 0.5852195648326461 3044
13.5 2.526174583923665e-13 3.093268812438974e-11 0.538548666594023 2736
14.25 2.295379087880681e-13 2.818086589400206e-11 0.5718299718435987 2276
15 2.171757209120241e-13 2.589875558963971e-11 0.5913148819481082 2016
15.75 1.711497593368876e-13 2.287802110850345e-11 0.5749333626886575 1640
16.5 1.046260797457806e-13 1.648498004651133e-11 0.5547646632927987 1056
17.25 5.985170066219193e-14 1.067430856472017e-11 0.4947520996761349 683
18 3.623952289220151e-14 7.309520804547519e-12 0.5904897880909601 350
18.75 1.440735925794372e-14 3.357070695591406e-12 0.4351120553377892 192
19.5 5.183976586396613e-15 6.616653784572829e-13 0.5915485671901326 44
20.25 1.157216048858691e-15 4.691455805329432e-13 0.3031985964424035 25


0.75 4.306178921039047e-16 3.589611334107487e-16 0.2915455048846368 18
1.5 2.912163444712915e-15 7.842482558939458e-15 0.4895119977073999 62
2.25 7.246186130803415e-15 3.652123230607413e-14 0.7134193215656905 98
3 1.091247500590353e-14 8.993469881797779e-14 0.4790641792763149 210
3.75 1.759015765874827e-14 2.990343082439119e-13 0.5106207198470786 350
4.5 2.44162376752873e-14 4.632027902982605e-13 0.5022853081591243 450
5.25 3.525404305403977e-14 8.502971565946708e-13 0.5276773999525499 602
6 4.457636562654984e-14 1.394275222930287e-12 0.5243379302759109 762
6.75 6.326752619035496e-14 2.608187121910257e-12 0.5036537324938672 1142
7.5 7.235581379085471e-14 3.308322336188894e-12 0.5088547814083586 1250
8.25 8.614964783650914e-14 4.707784260184338e-12 0.5166112065220446 1458
9 1.144511677713157e-13 7.361420736853711e-12 0.5489772259237321 1814
9.75 1.438838742892186e-13 9.80025051918904e-12 0.5577607627887471 2178
10.5 1.659599509532624e-13 1.213646144912917e-11 0.5491176865921891 2498
11.25 1.771461681809825e-13 1.470586445943256e-11 0.5559733450639297 2622
12 2.317776519661195e-13 2.070492560152063e-11 0.5885531242108372 3191
12.75 2.259439588016619e-13 2.195190844272004e-11 0.595922927853808 3044
13.5 1.848081114406683e-13 2.070816981491596e-11 0.5464711182885312 2736
14.25 1.750858055572185e-13 1.811348435395867e-11 0.5945846937584542 2276
15 1.454799588515272e-13 1.914994636215702e-11 0.5757767874531934 2016
15.75 1.197324453410961e-13 1.613065991773062e-11 0.5724223485280446 1640
16.5 7.908261002074278e-14 1.072208798151454e-11 0.5755894074875962 1056
17.25 4.199250224539072e-14 7.439610088430296e-12 0.492673852980616 683
18 3.031520296639087e-14 4.314970386725615e-12 0.6490951137166107 350
18.75 1.325746924230679e-14 1.810648923647793e-12 0.5058487000675171 192
19.5 2.44765801920346e-15 6.714374605743734e-13 0.4694118207194627 44
20.25 1.062070333451801e-15 2.839260250455369e-13 0.3470638716259088 25


0.75 3.669959170697868e-16 2.0615217980895e-16 0.3693196249296453 18
1.5 1.75858975331302e-15 7.501625711971835e-15 0.4877370531605935 62
2.25 6.67960888737706e-15 2.950753941822372e-14 0.8658696521162137 98
3 7.237692223232244e-15 7.277391947316596e-14 0.4633929612829357 210
3.75 1.265485355146675e-14 2.376503453538883e-13 0.5175743193189718 350
4.5 1.664683164880408e-14 3.846381319808637e-13 0.4974724645078759 450
5.25 2.60115156858875e-14 6.419529357056615e-13 0.5316387018041474 602
6 3.233495866468634e-14 1.069610121394168e-12 0.5246744319695279 762
6.75 4.779831182529352e-14 1.924525659781787e-12 0.5109440731583093 1142
7.5 5.245960946347476e-14 2.525603998660206e-12 0.5070184687722457 1250
8.25 6.44686432820984e-14 3.458809445923225e-12 0.5197563507083418 1458
9 8.485837668294277e-14 5.47278835731816e-12 0.5506820719802182 1814
9.75 1.046246040238937e-13 7.379390384835981e-12 0.5535878431353407 2178
10.5 1.170223238772998e-13 9.427848955624142e-12 0.5374534190359074 2498
11.25 1.327080374730213e-13 1.078354682768483e-11 0.5594490400408296 2622
12 1.655409646339462e-13 1.588146509433956e-11 0.5785606272685022 3191
12.75 1.731979737124207e-13 1.581549718597025e-11 0.6076889968822218 3044
13.5 1.379312183359141e-13 1.529758977713121e-11 0.5492831475538588 2736
14.25 1.180339160173764e-13 1.476336689284193e-11 0.5663339814640785 2276
15 1.112309278045899e-13 1.379051787764002e-11 0.5858830279205598 2016
15.75 9.027475016729013e-14 1.174504728079455e-11 0.5779867023010509 1640
16.5 5.786088951329874e-14 8.05492744538678e-12 0.5718646602229397 1056
17.25 3.454552926520218e-14 5.03059486926956e-12 0.5226780203621459 683
18 2.329353003364951e-14 3.058862239716751e-12 0.6627199385673884 350
18.75 7.989779467551817e-15 1.653465797036561e-12 0.4493530003730917 192
19.5 2.697353993853812e-15 3.46418930359662e-13 0.5908596708375484 44
20.25 1.352079936741582e-15 1.114122396576339e-13 0.4846789669292484 25


0.75 1.209588484978805e-16 8.703130367598514e-16 0.3837473025668011 18
1.5 7.014436890379525e-16 1.46032465444199e-14 0.5585572080931674 62
2.25 4.984275483196214e-15 2.143792575962184e-14 0.9326574519377921 98
3 5.361825399100682e-15 6.557613445507288e-14 0.4964896018264493 210
3.75 8.586663672185103e-15 2.188280352918709e-13 0.5251968925775974 350
4.5 1.161685153387268e-14 3.185213156337472e-13 0.4878885590101626 450
5.25 1.661546559742261e-14 5.926077024210936e-13 0.508846442166942 602
6 2.202547326772994e-14 9.240248679081627e-13 0.5096275084948464 762
6.75 3.381601604451876e-14 1.624464330484906e-12 0.5024902041672514 1142
7.5 3.879073517380017e-14 2.060522125531216e-12 0.5065289905494468 1250
8.25 4.765328075440605e-14 2.804699196498566e-12 0.5168691871908322 1458
9 6.300713998155091e-14 4.407433830104415e-12 0.5475597438188881 1814
9.75 7.832005389202823e-14 5.87859005243411e-12 0.550866548412602 2178
10.5 8.937796584611494e-14 7.412750840571912e-12 0.5398584576378602 2498
11.25 9.755879534997134e-14 8.738080204402325e-12 0.550547874895063 2622
12 1.179081031244843e-13 1.315362613402297e-11 0.5603045584478394 3191
12.75 1.267765793907331e-13 1.290242938218957e-11 0.595309003329301 3044
13.5 9.976738764891149e-14 1.26036341799576e-11 0.5352631925940567 2736
14.25 9.200157827940261e-14 1.125061093260214e-11 0.5711783247011069 2276
15 8.599186393794317e-14 1.054449572698771e-11 0.5878955545468278 2016
15.75 6.648092898775882e-14 9.527554940585086e-12 0.5663050407985865 1640
16.5 4.343288947076243e-14 6.416734625500452e-12 0.5659131914213869 1056
17.25 2.524819531955059e-14 4.078500349430167e-12 0.5083312998319601 683
18 1.292038449759518e-14 3.201357170480169e-12 0.5558653653390498 350
18.75 7.235284632847322e-15 1.091660410040449e-12 0.4934759890501145 192
19.5 1.861999367666533e-15 3.038056605365022e-13 0.5532052748587092 44
20.25 7.586818948712398e-16 1.350268761979159e-13 0.3957541567485685 25


0.75 2.323879048754273e-16 4.113143168568319e-16 0.4808714536275677 18
1.5 1.199451079360297e-15 6.261455098658885e-15 0.5858574461162729 62
2.25 2.317116592693532e-15 3.850096117651076e-14 0.8679198960922951 98
3 4.446384510856881e-15 5.015147230440248e-14 0.4841086871544781 210
3.75 1.011901781758e-14 1.76922891575214e-13 0.6580668927673731 350
4.5 1.285498809784559e-14 2.12765442442681e-13 0.5616241929418104 450
5.25 1.570308793651543e-14 4.215144890675309e-13 0.5389264537782954 602
6 1.957598508860885e-14 6.552580825771632e-13 0.5205880411692065 762
6.75 2.852397663770581e-14 1.238565941618933e-12 0.5104942413143093 1142
7.5 3.089825322880218e-14 1.627770752454169e-12 0.5023811090844269 1250
8.25 3.943380274257262e-14 2.159912531401328e-12 0.5224711239084874 1458
9 5.266433593887856e-14 3.359292452603442e-12 0.5563046714401405 1814
9.75 6.387265997516239e-14 4.580195579111069e-12 0.5547800341991699 2178
10.5 7.498671895943432e-14 5.550020700966773e-12 0.5494372070879603 2498
11.25 8.130716258228381e-14 6.652200833965907e-12 0.560927208198553 2622
12 1.0966062563298e-13 8.904169348732952e-12 0.600077449547943 3191
12.75 1.005698934156176e-13 1.021576263057494e-11 0.5919299378483518 3044
13.5 8.713840625995261e-14 9.121952693132077e-12 0.5588578718423364 2736
14.25 7.584096854092837e-14 8.602725529425507e-12 0.5802748081077738 2276
15 6.869424302745357e-14 8.355182458222747e-12 0.5885030959724484 2016
15.75 5.579798016372316e-14 7.146419315711645e-12 0.5816383646561143 1640
16.5 3.361559801774872e-14 5.235787377697652e-12 0.5572241098271682 1056
17.25 2.086235485417414e-14 3.142337556874107e-12 0.5194118692374881 683
18 1.350480192084298e-14 1.998248525910799e-12 0.6425749675103611 350
18.75 5.041100876635533e-15 9.850330965072958e-13 0.4567985955873937 192
19.5 1.152116497459986e-15 2.979151501769675e-13 0.4790583519874816 44
20.25 4.847323355222497e-16 1.281071720350044e-13 0.3483806550593154 25


0.75 1.263981051316455e-16 1.71839335741e-15 1.187986749434659 18
1.5 7.322850504735233e-16 8.412121965684541e-15 0.6938310433720853 62
2.25 7.400262392025049e-15 1.272575203504822e-14 1.546638028242987 98
3 6.535208102329915e-15 5.201053876931358e-14 0.7660439515794236 210
3.75 1.207478998392741e-14 5.423909715910054e-13 1.555237769734645 350
4.5 1.40666013348183e-14 2.731795960640761e-13 0.7919410903937825 450
5.25 1.420262000937118e-14 3.856820257687499e-13 0.6002142896185121 602
6 1.694477302893761e-14 5.494065441301355e-13 0.546947512361444 762
6.75 2.521401065180189e-14 1.384685586479643e-12 0.6044185965495344 1142
7.5 3.56938942261119e-14 1.484769412141281e-12 0.661831390734093 1250
8.25 3.819971868172432e-14 1.747248921471795e-12 0.5898541633756149 1458
9 4.573648051887058e-14 2.792795573231819e-12 0.5855520230376825 1814
9.75 5.701199167276315e-14 3.709337118888064e-12 0.5915365449114234 2178
10.5 6.664347612530692e-14 4.706514471239485e-12 0.5922139659239283 2498
11.25 7.495637579041816e-14 5.536706863203553e-12 0.6187899563901802 2622
12 9.531225795155929e-14 7.645635757872137e-12 0.6387210038788221 3191
12.75 9.140547665420898e-14 8.298779539672388e-12 0.642788576532292 3044
13.5 7.388798405506617e-14 7.663054308081226e-12 0.5808646285890738 2736
14.25 6.216294433078284e-14 7.324352573377065e-12 0.589790161138759 2276
15 6.01548274689846e-14 6.57361250998617e-12 0.6181802596817622 2016
15.75 4.756773237366851e-14 5.910700069710213e-12 0.6051102096511639 1640
16.5 3.058416533042532e-14 4.166133425283632e-12 0.6039203972971814 1056
17.25 1.822233465177617e-14 2.590892247048006e-12 0.5507151996228206 683
18 1.123379579856157e-14 1.641089594130302e-12 0.6550362569552215 350
18.75 4.782156423378212e-15 6.854083427427756e-13 0.4989080081439834 192
19.5 1.401942958693368e-15 1.62321624782402e-13 0.6069259138928357 44
20.25 5.341435389997113e-16 7.962423876585362e-14 0.4164672685057482 25


0.75 8.323105276803251e-15 4.52521815642776e-15 28.82818728141905 18
1.5 2.567850858933707e-14 1.734593823962879e-14 15.04051920005665 62
2.25 2.839079442231964e-14 5.717809128484082e-14 8.778636709751083 98
3 7.098029831355718e-14 6.259357131805619e-14 8.386143810902848 210
3.75 9.788986184131298e-14 1.533944050118343e-12 9.277222414721418 350
4.5 8.213738290273051e-15 5.684520583420867e-13 1.01449046055541 450
5.25 1.099172589631481e-14 4.411325452447563e-13 0.65799528001319 602
6 1.228524059754078e-14 5.780667361949342e-13 0.5542134749097185 762
6.75 2.511130684493296e-14 1.086969072933239e-12 0.6722537571874657 1142
7.5 2.38033108463967e-14 1.861699122418369e-12 0.669800748087628 1250
8.25 3.035878071133537e-14 1.877919473134052e-12 0.6245755501703236 1458
9 4.050931495354673e-14 2.788131795721994e-12 0.6538923126797311 1814
9.75 4.876281080204623e-14 3.774513218695051e-12 0.6463974083536438 2178
10.5 6.864152371586874e-14 4.329798048960231e-12 0.7207475365199016 2498
11.25 7.441245970070892e-14 5.464189628786481e-12 0.7447339960806525 2622
12 9.545680986358439e-14 6.972088565862663e-12 0.7597917648014881 3191
12.75 8.701209878335652e-14 7.535672858752158e-12 0.7336606779576802 3044
13.5 6.687766478651166e-14 6.899959618837224e-12 0.6361029909892029 2736
14.25 5.334732628075663e-14 6.481614199901067e-12 0.6174182783728399 2276
15 4.693164777673853e-14 6.357914425817647e-12 0.6136052919716608 2016
15.75 3.666521175202959e-14 5.646338323786734e-12 0.5937942156661281 1640
16.5 2.571140956850971e-14 3.44576246012059e-12 0.6120903450368914 1056
17.25 1.364308149374191e-14 2.318559026644233e-12 0.5191481708157849 683
18 8.263852928936996e-15 1.526986405841958e-12 0.6136794257318836 350
18.75 3.623191193433237e-15 6.277641641203947e-13 0.4746321095439548 192
19.5 9.426112701978624e-16 1.722995405696902e-13 0.5351393750459652 44
20.25 4.082879151135943e-16 7.187111809363431e-14 0.3967579605769927 25


0.75 4.597918907551417e-15 6.232879417023599e-14 48.2441225058589 18
1.5 8.319781913517612e-15 1.855606254548425e-13 16.32454981447313 62
2.25 2.391441834780767e-15 2.546351828723206e-13 6.168340948806996 98
3 2.150190472951827e-14 3.797989591048507e-13 5.041198598296221 210
3.75 8.360273828127798e-14 4.014088144343988e-12 15.86309921077204 350
4.5 1.126526221320159e-13 8.356743113080019e-13 7.372833743302345 450
5.25 8.810222831376602e-14 2.574326022681771e-13 3.760833295601588 602
6 8.584436931261525e-14 6.288780636381603e-13 2.992998531541346 762
6.75 6.919869813562785e-14 4.343892643656217e-12 2.510770745157048 1142
7.5 3.217941536311138e-14 2.022858048371142e-12 0.9825376240772077 1250
8.25 2.561471259585495e-14 1.782140010424709e-12 0.6479273566896362 1458
9 4.104572031363307e-14 2.590942414828235e-12 0.7625952348448599 1814
9.75 6.081789111859443e-14 3.639826060088486e-12 0.8869020414994218 2178
10.5 1.054015776242338e-13 4.130510508608021e-12 1.189413586035607 2498
11.25 1.096160671188845e-13 5.503580876890379e-12 1.197409587316035 2622
12 1.075719543426696e-13 8.252331527068415e-12 1.023606253677794 3191
12.75 8.611692170812429e-14 7.554658959856998e-12 0.8616353696092638 3044
13.5 5.680339173064809e-14 6.168794513587718e-12 0.6475504450070634 2736
14.25 4.430331139226722e-14 5.071760747767071e-12 0.5985076699334517 2276
15 3.926530245046614e-14 5.098728998118594e-12 0.6018034303179777 2016
15.75 3.48495226090416e-14 4.713250273073328e-12 0.6477578287664504 1640
16.5 2.834304433088142e-14 3.783808146068529e-12 0.7988546096838565 1056
17.25 2.01181094654287e-14 2.132014589904121e-12 0.8245192693877692 683
18 9.360553353202471e-15 1.19870684516874e-12 0.7627829812066904 350
18.75 3.011224663597752e-15 5.479340992286281e-13 0.4725853155947943 192
19.5 6.451347438721269e-16 1.703092302233182e-13 0.4749565388934309 44
20.25 3.282324181010084e-16 6.284074573700915e-14 0.3845513073999726 25


0.75 4.593378360735849e-16 1.759942026440852e-14 21.32546602459117 18
1.5 7.847443045944705e-16 8.039793156997389e-15 1.180054147825057 62
2.25 1.287795736186555e-14 8.963936644282596e-14 6.43404927651801 98
3 2.342295573762112e-13 1.11853620998211e-12 40.07600137660248 210
3.75 1.42291760179283e-12 1.415888026213168e-11 156.0249700430001 350
4.5 1.434151965614434e-14 7.44744623661729e-12 13.17203402960626 450
5.25 1.384049516956045e-14 1.855704656670715e-12 2.33479209854979 602
6 1.970194118791198e-14 6.716017065968739e-13 1.081059801089442 762
6.75 3.35395592025172e-13 9.647072545587934e-12 10.86953790583146 1142
7.5 1.322777565153523e-13 2.782066906354619e-11 8.9187486775593 1250
8.25 5.204771706758092e-14 1.33131819237914e-11 3.028809673375552 1458
9 5.079901248762625e-14 7.792587685227208e-12 1.578878747664939 1814
9.75 4.457611659927464e-14 6.237331929553977e-12 1.020819497245133 2178
10.5 9.029442085959376e-14 1.35270210759696e-11 1.738638959812893 2498
11.25 1.112680592387451e-13 2.79415324367299e-11 2.447608568364468 2622
12 1.245885623141535e-13 4.023764579994751e-11 2.408536705223186 3191
12.75 1.253979176962814e-13 3.073258584215513e-11 2.076890251044477 3044
13.5 1.041845049445558e-13 2.177951414474121e-11 1.710017628823373 2736
14.25 6.504039081844644e-14 1.163061702222036e-11 1.165945377897254 2276
15 4.654348251067529e-14 1.107732683570945e-11 1.004068729778605 2016
15.75 3.935164595576168e-14 1.444655752298362e-11 1.198958904144814 1640
16.5 2.782907704198386e-14 1.691286697454519e-11 1.621296293106875 1056
17.25 2.97356107796809e-14 1.021090530066998e-11 1.958015705179164 683
18 1.066527728343368e-14 2.498952424510062e-12 1.169352319057066 350
18.75 3.286738594264161e-15 5.12032253048816e-13 0.5837149975595164 192
19.5 8.185936429267855e-16 1.045356138865461e-13 0.6025558662134473 44
20.25 3.383116519158064e-16 4.498373610949532e-14 0.4336828478470246 25


0.75 5.235939258429115e-13 1.549910138038294e-12 3510.999311140252 18
1.5 1.315045333158554e-12 4.798585148888078e-12 1474.635404946543 62
2.25 1.114097859698865e-12 6.299630703004844e-12 645.5421548709854 98
3 3.713990357973292e-12 2.987395803126218e-11 898.7438521293476 210
3.75 1.612346668151893e-11 4.154736214997678e-11 1767.402426011651 350
4.5 2.220988091128985e-12 3.195302631799788e-11 226.6026621756703 450
5.25 1.301256679684234e-12 1.639493281788497e-11 88.92432152418226 602
6 1.253149940664494e-12 2.470801992120336e-11 69.40540560528926 762
6.75 1.03125694072927e-12 1.288913324592484e-10 71.80371542188385 1142
7.5 4.870562815955657e-13 4.400019406626679e-11 23.4750459673375 1250
8.25 1.025924324151185e-13 3.114558628768308e-12 2.825511439068293 1458
9 3.861468041708049e-14 3.854823017185432e-12 1.142621388696625 1814
9.75 4.353390285207612e-14 8.174011081274558e-12 1.330085123625199 2178
10.5 9.748467121256038e-14 5.227770795726298e-11 4.561398724221475 2498
11.25 4.692469039691154e-13 1.05144472587908e-10 11.27771928638836 2622
12 1.092085962814479e-12 1.226115627103382e-10 15.61135627075908 3191
12.75 1.325033755563303e-12 8.598196392362119e-11 16.93728364995957 3044
13.5 1.334949184960651e-12 4.68051206712186e-11 17.20663013592273 2736
14.25 1.044269466561966e-12 1.771112134778627e-11 15.26977309175187 2276
15 9.969555602786231e-13 1.432452742399934e-11 16.25908896449067 2016
15.75 1.095711353646019e-12 1.656962485410759e-11 21.92587347821855 1640
16.5 8.411876681174636e-13 2.103869766051914e-11 26.5491173937811 1056
17.25 4.276686921746814e-13 1.800017392286912e-11 21.39741813778885 683
18 6.816759087758393e-14 4.356195330136242e-12 6.852135784789752 350
18.75 4.089091816665687e-15 8.065749123555491e-13 0.8863684123118702 192
19.5 6.564842041381818e-16 9.267258120404774e-14 0.5701962219210651 44
20.25 2.443789137140159e-16 4.969780713631346e-14 0.3933769336768111 25


0.75 8.25284021727148e-13 3.691826732444512e-12 7162.756924674264 18
1.5 2.01788018733143e-12 1.3813044462102e-11 3132.43022574482 62
2.25 1.253982603329309e-12 1.856355042960903e-11 1180.299756596118 98
3 9.094194920938167e-13 1.131741538715369e-10 1217.334652064495 210
3.75 1.156301057043105e-11 1.637931479295997e-10 1944.140825851565 350
4.5 1.626637807324876e-12 1.016285752424059e-10 351.3103127367699 450
5.25 3.223765557447106e-12 3.930064135203594e-11 252.102154918077 602
6 5.228059151748327e-12 3.040497723584845e-11 281.4393551716723 762
6.75 1.545180092635715e-11 1.570493672053813e-10 567.6411702917671 1142
7.5 4.114896887987259e-12 3.111083162572426e-10 209.9152994816039 1250
8.25 5.944271132853088e-14 6.694163794687702e-11 14.84586962806092 1458
9 4.689076429717888e-14 1.279135671815732e-11 2.686029899576373 1814
9.75 5.246480432700932e-14 2.162599222849414e-11 2.969568458667465 2178
10.5 5.385618303221083e-13 1.672523366192925e-10 20.08205663396701 2498
11.25 2.870325385671522e-12 2.583268669352755e-10 55.76932837794002 2622
12 5.806279042197089e-12 1.929968223136175e-10 74.96069651864501 3191
12.75 5.274143983072057e-12 1.38475930779024e-10 68.91698410776392 3044
13.5 4.254337276339796e-12 7.203396700727268e-11 59.67898958159045 2736
14.25 2.198929682125644e-12 5.457068483929254e-11 37.56715134615504 2276
15 1.311872258484393e-12 9.090349944916585e-11 27.70550882065669 2016
15.75 1.007010817007635e-12 9.987658606305705e-11 27.28326111558082 1640
16.5 5.573568458943408e-13 6.345782978427831e-11 23.6392530605319 1056
17.25 1.562283211615822e-13 5.669510016577446e-11 13.95333131427885 683
18 3.404619674962962e-14 1.167765732247528e-11 5.620287582391241 350
18.75 4.351316573171191e-15 1.34704469602727e-12 1.228163249626384 192
19.5 3.486459583099409e-16 1.248923314035293e-13 0.4386844722199422 44
20.25 2.128898804409112e-16 5.002568610358542e-14 0.4060915118914227 25


0.75 2.179938710561392e-15 2.590554539542818e-14 51.15919192278464 18
1.5 1.066413281171552e-14 4.589183081555801e-13 74.91858149647445 62
2.25 6.625567895051742e-14 4.814071184532043e-12 241.628241828657 98
3 9.586791406117796e-13 1.803361062680726e-10 2355.495546070102 210
3.75 8.688525031306088e-11 4.003528699175101e-10 12269.57146986591 350
4.5 2.636475978862863e-12 1.352829663379139e-10 579.8302908387307 450
5.25 1.072379094996916e-13 1.59817861981292e-11 29.33449536633986 602
6 1.365144798507431e-13 2.430249252283338e-11 27.72882247195712 762
6.75 1.376085015174382e-11 6.55999755465225e-10 788.8357531252357 1142
7.5 2.518936322184225e-11 3.731837958535561e-10 957.4863713596086 1250
8.25 4.390204452513609e-12 1.6301927821424e-10 161.9692757062933 1458
9 7.569935634760245e-13 7.079858122876283e-11 28.25120102803838 1814
9.75 3.374020731399664e-13 7.101835077574846e-11 14.26834902666273 2178
10.5 2.321610655909863e-12 4.06070919662165e-10 72.30946177474624 2498
11.25 7.39134360133256e-12 6.215860035358465e-10 159.2604011126704 2622
12 1.193634790620659e-11 4.138888974325801e-10 174.4853000874512 3191
12.75 7.701091753152183e-12 3.652240575616801e-10 121.0379526480806 3044
13.5 4.198624655599442e-12 1.861920842863115e-10 71.73738803821615 2736
14.25 6.896404754665523e-13 6.858715117676202e-11 15.86637434259308 2276
15 2.873644245368586e-13 1.44935314938759e-10 13.23531019693259 2016
15.75 1.031281907564418e-12 2.556456839684271e-10 40.36158260766172 1640
16.5 2.268236593752094e-12 2.793475350647303e-10 110.7085572464168 1056
17.25 1.845872784791766e-12 1.52928482975571e-10 128.3264319918778 683
18 4.961533749731411e-13 2.478582054359955e-11 63.30526424845787 350
18.75 4.808352398017088e-14 1.158412380331542e-12 10.69769136770867 192
19.5 9.360531536407427e-16 9.216394809412002e-14 1.000110661806573 44
20.25 3.124471287645867e-16 2.325115575000325e-14 0.5618585937216142 25


0.75 4.194027696318593e-13 2.766303909823957e-12 5620.467764016674 18
1.5 5.788534163390637e-13 6.353607189483042e-12 1450.931121772963 62
2.25 3.832101875418931e-13 1.383437122201201e-11 818.0427582746161 98
3 7.042475986669207e-12 2.332597240791485e-10 4599.303615024847 210
3.75 1.078494952991713e-10 1.315553416267303e-09 21957.46091176529 350
4.5 1.374594528021289e-11 8.250573571706554e-11 1730.430907643294 450
5.25 8.755687098034556e-12 2.883559898553865e-12 709.0268166120869 602
6 9.807910961202953e-12 2.717838798932829e-11 640.0505831944938 762
6.75 5.994767244743004e-11 1.144821466366674e-09 3055.649037465721 1142
7.5 2.340849847712954e-11 1.94677160856464e-09 1591.888240971056 1250
8.25 1.350548391171864e-12 3.098422491428644e-10 123.4918297078399 1458
9 1.156124645755387e-12 1.271245894696283e-10 52.09398180917828 1814
9.75 2.495667835757852e-12 2.808477131680163e-10 88.54380998285856 2178
10.5 7.169897411142889e-12 1.085219921253579e-09 235.9388046990588 2498
11.25 1.11214121805996e-11 1.596445520513453e-09 322.4666072932979 2622
12 1.492200017993823e-11 9.731198214420586e-10 272.7945483833803 3191
12.75 7.586872528801672e-12 8.148615090130425e-10 158.7984029016228 3044
13.5 3.085339759567827e-12 2.978630459856245e-10 68.03979814105404 2736
14.25 1.581827253978666e-13 4.977228355268844e-11 6.028350666513566 2276
15 1.702229467087224e-12 1.117455426797974e-10 45.62448430540505 2016
15.75 2.58537855342493e-12 5.095701913223928e-10 105.7639036332902 1640
16.5 2.244454449476091e-12 1.046585435615628e-09 193.2607908685205 1056
17.25 3.086387563148603e-12 4.231656708660475e-10 263.8897410822402 683
18 8.265788482884383e-13 1.114400735426554e-10 135.295568248127 350
18.75 1.437115674413957e-13 6.268304037701912e-12 37.23437867811903 192
19.5 3.014271364861066e-15 1.425620512142529e-13 3.399524206359724 44
20.25 5.313280396513809e-16 4.828275610703253e-14 1.101794860369627 25


0.75 1.055165779520728e-12 9.135305026579104e-13 9895.490650971378 18
1.5 3.019055001207785e-12 4.068504287043125e-12 4882.137765462489 62
2.25 3.610246635475149e-12 8.813156869059524e-12 2997.343682862327 98
3 2.097640119481908e-11 1.519232600994467e-10 8218.200484793624 210
3.75 9.796990026601851e-11 1.507207437172862e-09 24483.72645857597 350
4.5 1.685653637340439e-12 9.309097468975818e-11 483.9381662200774 450
5.25 3.48156233914134e-13 3.524604958836211e-11 89.93516125623235 602
6 6.216354243820984e-13 5.646315506772922e-11 101.6374121793872 762
6.75 4.061478718184426e-11 1.748575836042027e-09 2871.293609976462 1142
7.5 4.606203030768827e-11 1.47921447992152e-09 2582.632195481027 1250
8.25 4.895007775680367e-12 3.075687812967152e-10 267.2228607674637 1458
9 2.271864378145652e-12 1.082728465955427e-10 87.51627021637039 1814
9.75 2.558282004743124e-12 2.076928205410916e-10 90.8599657861602 2178
10.5 1.137582364879457e-11 7.877912498823677e-10 322.8827558768953 2498
11.25 1.650448786135649e-11 1.697965390141205e-09 478.7560703043964 2622
12 1.676270755317818e-11 1.557266548656973e-09 373.5317474687731 3191
12.75 9.897281621247459e-12 1.136074924062475e-09 236.8698444685743 3044
13.5 5.436805308285084e-12 4.793115748825414e-10 132.0277659504017 2736
14.25 1.830766896784713e-12 1.058166745575117e-10 48.75998081701402 2276
15 4.166758336573152e-12 3.213579635526499e-10 128.5744875357745 2016
15.75 6.601874293206286e-12 5.940618031527766e-10 252.6074584635911 1640
16.5 7.941255922348133e-12 8.64641395340068e-10 479.5472576874915 1056
17.25 3.765464431253755e-12 4.456132300513035e-10 351.0799759053315 683
18 5.058958450510183e-13 1.313757340270893e-10 108.9675998897319 350
18.75 1.319768288035949e-14 8.620320652734148e-12 7.286845929420612 192
19.5 5.580960219397729e-16 3.301967644243993e-13 1.233051034219806 44
20.25 2.49408114545219e-16 5.256585994146847e-14 0.6652404655542976 25


0.75 2.121146580139029e-14 3.678641859769379e-13 862.7984361765828 18
1.5 2.2265030390797e-14 1.451874775814327e-12 306.6214833141812 62
2.25 1.614422085234672e-13 1.081029313061472e-12 168.5135839184391 98
3 9.349431060410095e-12 1.078987745347815e-10 4452.883490980475 210
3.75 1.387387966719138e-10 1.312826552139022e-09 32072.74000266197 350
4.5 8.940938785032e-12 9.198711878634978e-11 1497.555124913445 450
5.25 1.621209016558586e-12 4.993728990359445e-11 253.6336339240229 602
6 5.544171546244081e-13 5.031539211760764e-11 101.295215143142 762
6.75 3.589845893775427e-11 1.671698898543394e-09 2865.445146440522 1142
7.5 3.926861799738469e-11 1.7279101449464e-09 2625.300381206998 1250
8.25 1.019638212597806e-11 1.340312272881044e-10 450.5862063233125 1458
9 4.320732185736377e-12 6.309827649731823e-11 151.9459566890202 1814
9.75 3.225375944901231e-12 1.717906951412286e-10 112.6655673525159 2178
10.5 1.357073956247432e-11 7.153120581302884e-10 399.0537571655883 2498
11.25 2.194849714105429e-11 1.610787904006894e-09 641.7894969839299 2622
12 1.904865193258778e-11 1.750483656067789e-09 468.4590844918658 3191
12.75 1.324249612407625e-11 1.095830045387224e-09 323.3348532802536 3044
13.5 7.726516277945598e-12 4.514063554458598e-10 192.7232620448009 2736
14.25 2.989927432951218e-12 5.631088227805593e-11 79.84653876980097 2276
15 3.29162239720213e-12 4.232703143256425e-10 124.5102807540748 2016
15.75 5.092714014756427e-12 6.753953255956757e-10 233.1781290354775 1640
16.5 7.619764702101632e-12 6.757997185318641e-10 492.8356781347245 1056
17.25 1.9909694043947e-12 6.237615790179068e-10 267.8834981541257 683
18 6.33943758863947e-13 1.108916594690739e-10 136.3510412436128 350
18.75 8.56044989520532e-14 8.061811192623864e-12 29.66854298274137 192
19.5 7.488968167207356e-15 2.806306890713612e-13 10.36460569515618 44
20.25 1.166798722322962e-15 3.810274093736264e-14 2.793824686651681 25


0.75 9.907579939378028e-14 1.914755493816501e-12 4305.344260703176 18
1.5 2.765706895214317e-13 7.465066542298955e-12 1849.085247548024 62
2.25 3.066758422356495e-13 1.465439692238317e-11 1159.709380340931 98
3 1.416128136590029e-11 2.241802335560439e-10 8584.969071610241 210
3.75 1.038672080747903e-10 2.536694224911634e-09 37595.06341230762 350
4.5 2.212409713562831e-11 1.075039403989471e-10 3694.277978606535 450
5.25 7.953346263172226e-12 3.55925335271571e-11 944.7992713585122 602
6 6.245684801829142e-12 1.168869641143012e-10 684.4385005238926 762
6.75 6.509394964317212e-11 2.192137929480473e-09 5196.778319342944 1142
7.5 7.790845419840615e-11 1.679945096135196e-09 4898.498386134638 1250
8.25 1.607368316145245e-11 2.947383004250269e-10 818.6460806415267 1458
9 1.02898975898118e-11 6.336040913707683e-11 380.8699504427393 1814
9.75 1.283834715123386e-11 8.938180709508759e-11 395.3032688669659 2178
10.5 3.14528575956952e-11 9.991229620942066e-10 940.3002860916516 2498
11.25 4.160368462224104e-11 2.261089973625835e-09 1262.54180134593 2622
12 2.999646548205739e-11 2.570014938986828e-09 802.7336052485362 3191
12.75 1.956208177389626e-11 1.756234931190849e-09 539.0779143065407 3044
13.5 6.958292182702093e-12 1.005925491508399e-09 235.2921501202451 2736
14.25 1.813908756007189e-12 2.353574666306643e-10 69.26142538648503 2276
15 3.846612607722769e-12 6.101572706789331e-10 170.2950285947221 2016
15.75 5.602083662031777e-12 1.135303115987327e-09 318.703637635372 1640
16.5 7.030677632961678e-12 1.332751015858363e-09 592.3917051307149 1056
17.25 4.115456751178053e-12 4.85277162975481e-10 470.92730019399 683
18 1.060291588144895e-12 7.39817208246898e-11 217.3106471932712 350
18.75 3.618046851758974e-14 2.670263540042468e-12 13.49396122967478 192
19.5 6.754880761576607e-16 9.471304358280786e-14 1.184444246371587 44
20.25 2.687871843371797e-16 3.86611958374892e-14 0.8182860645542973 25


0.75 3.853233625721613e-12 1.593134545528934e-13 46393.18199369185 18
1.5 1.026334770535659e-11 1.770496394831701e-12 21068.9011088884 62
2.25 1.422088941476782e-11 4.850611012079917e-12 14550.71648068079 98
3 5.856545062481265e-11 2.179413788855545e-10 27859.37787811775 210
3.75 1.129945327523464e-10 3.188872259354738e-09 48470.37657194334 350
4.5 5.542628874316415e-12 8.356395746496392e-11 1295.763947696443 450
5.25 1.705399938809687e-14 1.311237634565237e-12 5.043464071839566 602
6 5.179039326887685e-13 2.494601846529893e-11 84.71303234036134 762
6.75 4.64849777526338e-11 2.62285029608044e-09 4910.561958425236 1142
7.5 5.570748953102726e-11 2.865022726683517e-09 4825.988581684755 1250
8.25 2.004796496086703e-11 2.71003090648409e-10 1107.945131041815 1458
9 1.5250113197366e-11 4.121059203106438e-11 619.57879458083 1814
9.75 1.849974225301127e-11 1.410606548086297e-10 639.5568478903876 2178
10.5 3.051529541020437e-11 1.806605744807431e-09 1133.070070918423 2498
11.25 4.14441558267497e-11 2.783437521867695e-09 1458.410170493739 2622
12 3.094943664319531e-11 2.792621580144693e-09 929.5078001176855 3191
12.75 1.868424691199191e-11 1.837085942893698e-09 582.8010974005981 3044
13.5 6.312910796277202e-12 7.868526743178106e-10 226.154333995268 2736
14.25 3.325620887694615e-13 3.544526181838476e-11 13.39500902958277 2276
15 3.13230308413554e-12 3.818771857707992e-10 143.317077719841 2016
15.75 5.754739491273986e-12 1.13336689404306e-09 358.3593675783679 1640
16.5 6.633904173317788e-12 1.787513624865806e-09 689.6764691060832 1056
17.25 6.25109837041886e-12 5.960731618514818e-10 763.525225676188 683
18 2.497311868146899e-12 1.176653775977805e-10 546.4617688245792 350
18.75 6.987675213143247e-13 5.263523886966441e-12 261.1360664436108 192
19.5 1.097357525472181e-13 1.759916059861912e-13 176.7043150420244 44
20.25 2.799440093744413e-14 6.148097636090411e-14 78.77017024136701 25


0.75 2.966855605091572e-12 8.793700538379665e-11 219068.0405922843 18
1.5 7.375655990462087e-13 1.573400738539227e-10 38042.19759931143 62
2.25 1.331492352060284e-12 4.019469256798566e-11 4272.055326312858 98
3 2.533956583045499e-11 2.957700806064646e-10 16348.21772521496 210
3.75 1.674213416203404e-10 2.871878999425855e-09 63075.09582022085 350
4.5 3.083450425768663e-11 1.206020831734603e-10 6091.425024063678 450
5.25 1.056742337599246e-11 4.196597022960119e-11 1501.921295979114 602
6 7.215467697870177e-12 1.608186489425401e-10 993.2889987935015 762
6.75 5.406691455061837e-11 2.699808926219096e-09 5934.519359399998 1142
7.5 4.996660161408108e-11 2.855166784104313e-09 4874.388257154968 1250
8.25 1.151743641203072e-11 6.086410945487153e-10 881.3519489751673 1458
9 1.694915128846016e-11 2.269557735280368e-10 794.810103802679 1814
9.75 2.405167409925792e-11 3.9126241771519e-10 941.6893116908469 2178
10.5 3.185336047879693e-11 2.537974373453752e-09 1389.385456990165 2498
11.25 4.564107826028e-11 3.130833254971766e-09 1758.197590478797 2622
12 3.847388130950218e-11 3.054532078579401e-09 1221.442307861579 3191
12.75 2.459503028284582e-11 1.905995897404702e-09 792.6423970720366 3044
13.5 8.801626454616023e-12 9.259812969972344e-10 329.6695556889922 2736
14.25 1.809743002651504e-12 1.893742501580765e-10 79.31723443084843 2276
15 6.545430099685637e-12 5.981712179495813e-10 308.2076351034292 2016
15.75 1.088510371877608e-11 1.175785577434443e-09 638.473671826694 1640
16.5 1.166024504820394e-11 1.559589222115878e-09 1088.497877544165 1056
17.25 4.404010827351498e-12 8.449428391779893e-10 678.4170369881199 683
18 9.833083723022614e-13 2.095364129605854e-10 297.3454327753855 350
18.75 6.194828895513698e-14 1.500668079899824e-11 34.60075732601927 192
19.5 1.150907120289071e-15 4.774178129329898e-13 3.256828468465947 44
20.25 3.16835101030149e-16 4.671720119397609e-14 1.16999038829696 25


0.75 7.34647913775553e-11 4.609042788213166e-09 14134534.31335118 18
1.5 1.641965229424171e-10 1.524511383268937e-08 4553482.70133268 62
2.25 1.418409610885745e-10 1.174538026244855e-08 1161814.646748627 98
3 5.769578120482192e-10 2.941675861527563e-08 948652.8663345327 210
3.75 5.034535623030712e-10 3.524458901708205e-08 453612.0560553823 350
4.5 3.179501459180405e-10 1.90657216539413e-08 157926.9047682623 450
5.25 2.226104449880953e-10 1.201592622204271e-08 65593.01470977119 602
6 1.294913110865922e-10 6.978220227665645e-09 26457.57182517755 762
6.75 1.750383242522355e-10 9.166717518923501e-09 21349.2263425406 1142
7.5 1.822138737437686e-10 7.00439090529514e-09 17131.67594003138 1250
8.25 1.087661625431063e-10 3.021786516727652e-09 7783.499861221715 1458
9 1.014369136079438e-10 2.872995212608021e-09 5666.107119931088 1814
9.75 1.32077083391636e-10 3.922544316814225e-09 6040.127320784327 2178
10.5 1.816644332995425e-10 6.313349367025187e-09 7252.540250634434 2498
11.25 1.92553167472387e-10 7.223304156610376e-09 7241.798376176353 2622
12 1.983005420935502e-10 7.094995001400825e-09 5979.155353352187 3191
12.75 1.454843875995465e-10 4.820549529655959e-09 4499.444966843987 3044
13.5 6.516314774644693e-11 2.182136289153689e-09 2220.695234283528 2736
14.25 2.600492657771568e-11 5.10803895706923e-10 1016.936402845241 2276
15 1.843760651259018e-11 8.083026463787901e-10 855.692198128306 2016
15.75 1.872250000642584e-11 1.269655978946572e-09 1110.93617296556 1640
16.5 1.834675796602352e-11 1.486935603453761e-09 1710.163952415226 1056
17.25 7.289418753517272e-12 9.207619860498813e-10 1114.211902192003 683
18 2.051528588017701e-12 2.925774074312619e-10 616.7730826347049 350
18.75 5.786651617393012e-13 3.613391863796721e-11 279.8966265710783 192
19.5 9.800467426528871e-14 3.473894904034152e-12 197.4879670202479 44
20.25 5.065437673497537e-14 1.092555189809516e-12 174.4968767452324 25


0.75 2.452285738343927e-08 2.582160340102489e-08 408990335.7440687 18
1.5 7.50904394774247e-08 5.947992648981286e-08 203691239.8815659 62
2.25 7.366614643504697e-08 6.241787527454962e-08 98550711.65784192 98
3 1.145959849034573e-07 5.148117145146183e-08 61543523.74352449 210
3.75 3.634360306428146e-08 2.761902864543406e-07 13411410.03712353 350
4.5 3.150845126954956e-09 1.639963625925437e-07 1547307.352961451 450
5.25 9.204776885733762e-10 5.444944639313147e-08 307795.1291685167 602
6 2.062573956977238e-10 2.404885501273473e-08 69015.8818398666 762
6.75 3.599206394472662e-10 1.167082965922646e-08 41321.90303965943 1142
7.5 2.11512647031017e-10 2.026717851012228e-08 30443.77194356098 1250
8.25 2.321147820676967e-10 2.540900781129319e-08 27894.07223380808 1458
9 4.983971783982513e-10 3.495817663006508e-08 37846.24270967938 1814
9.75 9.027444093682053e-10 3.729605722720558e-08 48013.00730532852 2178
10.5 1.281659893867088e-09 3.427066875618881e-08 54356.08243497023 2498
11.25 1.384954999220158e-09 3.169843015324651e-08 54090.36863987317 2622
12 1.64840989713413e-09 3.200098105731779e-08 51542.36598187981 3191
12.75 1.224965621253688e-09 1.89487121337156e-08 39309.10093900594 3044
13.5 6.54782430242014e-10 1.403554632753057e-08 23638.99709552871 2736
14.25 3.161591887310752e-10 1.057703873972237e-08 14026.23956257219 2276
15 1.574980986124248e-10 8.381070836948122e-09 8163.250546669695 2016
15.75 1.046029199578597e-10 6.036766989177127e-09 6651.206000772205 1640
16.5 5.000710728024361e-11 3.68793348401347e-09 5027.780672091619 1056
17.25 2.612191257204178e-11 1.666489529175833e-09 3946.595909349388 683
18 6.895160995585261e-12 5.213028179206445e-10 2053.432003796496 350
18.75 3.159536340242827e-12 1.801338361070249e-10 1656.262268108536 192
19.5 5.677755912569493e-13 4.335592756256598e-11 1321.130192522829 44
20.25 3.281217246933254e-13 3.039209423619567e-11 1352.409090362115 25


0.75 1.825631967210347e-08 9.718168883370341e-08 462879478.7530441 18
1.5 2.72004818398437e-08 3.245563583877194e-07 152032086.0803331 62
2.25 1.509576523592409e-08 5.24238304442126e-07 66848657.04044659 98
3 2.946507642262796e-08 8.634530057071398e-07 38493357.76214559 210
3.75 2.86134995011398e-08 9.442409070367208e-07 18698948.818094 350
4.5 2.722096520246819e-08 2.853880795348963e-07 8082972.757193039 450
5.25 1.902020351287406e-08 2.288240853903484e-08 3363719.954405819 602
6 1.274879669264736e-08 4.051236222328732e-08 1795638.189393434 762
6.75 6.070140752320467e-09 2.200502511232698e-07 773188.5487440778 1142
7.5 1.494933099174563e-09 1.174869406250684e-07 213182.367494007 1250
8.25 1.092953153319862e-09 7.00334517606222e-08 114811.585954199 1458
9 1.532331065920759e-09 9.002371730935779e-08 119121.6512392983 1814
9.75 2.694020532147451e-09 9.909301282670509e-08 151265.0418655995 2178
10.5 4.144067931801547e-09 8.875386392460712e-08 185025.8725024824 2498
11.25 4.279729364620598e-09 1.028055614217758e-07 181042.2664542158 2622
12 4.118766373158684e-09 1.391447441567179e-07 146079.9687240825 3191
12.75 2.90595209584487e-09 1.08834490094119e-07 107815.2499338103 3044
13.5 1.255847504520494e-09 6.940367887460767e-08 53699.85197530771 2736
14.25 4.853766288591368e-10 4.012471271332184e-08 26151.02178506748 2276
15 3.804313658231205e-10 3.262717742783648e-08 22851.13962917741 2016
15.75 3.819038824599084e-10 2.920908333838139e-08 27256.67267055476 1640
16.5 3.32800411298435e-10 2.324710402475729e-08 35963.46814675411 1056
17.25 2.92424824979106e-10 1.090187233884445e-08 45685.79685044067 683
18 1.361214459281554e-10 4.971042082032451e-09 41264.28615377077 350
18.75 8.647689094820291e-11 2.466655611660755e-09 47031.6730714071 192
19.5 1.180966762416892e-11 6.977328669834636e-10 29064.87176562812 44
20.25 8.458307701828679e-12 2.826748824778384e-10 34994.24409184261 25


0.75 3.221164186306307e-10 4.43864545351881e-08 136979007.4565243 18
1.5 8.761999748389138e-10 3.714962913510295e-08 13999590.73397166 62
2.25 3.253487467092846e-09 9.061727323102391e-09 5102208.715732432 98
3 3.983707274986254e-08 8.538057813157531e-07 47412108.63313048 210
3.75 2.953401059680259e-07 3.033119935334688e-06 131476757.5827996 350
4.5 1.269185270897281e-08 1.223632137707642e-06 10926457.13929467 450
5.25 2.716789323956678e-09 2.712314235456272e-07 1460096.605972194 602
6 1.228730201870378e-09 1.348911992356646e-07 468662.9838017212 762
6.75 1.022127699388079e-08 6.187508067168318e-07 1686182.210481239 1142
7.5 9.76290841051649e-09 1.593891668618535e-06 2200603.754862986 1250
8.25 8.19177955674713e-09 1.051142227308526e-06 1245442.284495972 1458
9 6.295495697063504e-09 5.124251141961343e-07 586325.031019137 1814
9.75 3.90508768466476e-09 4.366928375623179e-07 321275.0320307148 2178
10.5 3.605118926147326e-09 6.376889210709311e-07 295509.5175582604 2498
11.25 4.742089664320358e-09 9.641160522030486e-07 370477.9400952363 2622
12 6.826482402773405e-09 1.283526561034177e-06 399436.2373714875 3191
12.75 6.599600035359257e-09 9.864261686439768e-07 354370.893372354 3044
13.5 5.347211566014545e-09 7.119192357712807e-07 297262.4997095924 2736
14.25 3.143236688933148e-09 3.664508430880179e-07 196877.9474989799 2276
15 1.854602927015923e-09 2.833057733946943e-07 136878.341760045 2016
15.75 1.402398478269575e-09 2.802745935687789e-07 133787.7592509754 1640
16.5 8.806330608904678e-10 2.344739520381501e-07 139123.5167665188 1056
17.25 9.725626061164923e-10 1.59907591812355e-07 200890.0341961916 683
18 5.179286551682919e-10 8.575621100578714e-08 205194.002962903 350
18.75 2.383754444349136e-10 3.344698112326691e-08 163865.6038257501 192
19.5 6.144768162223448e-11 8.884954368704447e-09 182403.4743581348 44
20.25 3.878770385183206e-11 3.257657082673641e-09 185043.4146171033 25


0.75 1.554251280402855e-07 3.786589642215901e-07 3552725707.09756 18
1.5 4.095821379240114e-07 8.842287053290901e-07 1480778914.411452 62
2.25 3.838660436298225e-07 1.112706682568877e-06 700048341.0737742 98
3 2.931644281086078e-07 2.554024926291036e-06 264389209.9507447 210
3.75 1.000228094472833e-06 5.528350147145685e-06 434985941.9201552 350
4.5 3.172266318556089e-08 1.446716397135255e-06 18383679.03123147 450
5.25 1.648635142659163e-08 4.031236732274954e-07 4854470.482876053 602
6 1.325393168799428e-08 3.129866297142007e-07 2812142.074869333 762
6.75 2.13401199540209e-08 1.338630695684458e-06 3863329.533740572 1142
7.5 2.692648779441605e-08 1.288480657732356e-06 3738029.545011084 1250
8.25 1.244238316253211e-08 7.768027506572676e-07 1512514.453451217 1458
9 6.728742438508514e-09 4.576838256880873e-07 637874.7318907939 1814
9.75 6.222339215847804e-09 3.774728023928731e-07 454123.3708240025 2178
10.5 9.111161037587477e-09 7.516340965265232e-07 605070.3771641121 2498
11.25 1.616894027859911e-08 1.063968620459035e-06 930379.2797482533 2622
12 2.32763019641548e-08 1.394253532185245e-06 1049790.642091286 3191
12.75 2.20201483499232e-08 1.099516391308519e-06 989943.4046075852 3044
13.5 1.772198903176011e-08 7.651317555392538e-07 856893.5385053585 2736
14.25 1.037553042211838e-08 3.742271964329049e-07 584565.4659064795 2276
15 6.783089212391562e-09 2.753665357032481e-07 431473.4315689424 2016
15.75 5.321970477366458e-09 3.068739874400264e-07 427061.4561205106 1640
16.5 3.320527537361366e-09 2.713526196034985e-07 427380.7344998483 1056
17.25 1.900752175897957e-09 2.524406847870798e-07 404434.3951730489 683
18 7.577309139420354e-10 1.324029515117571e-07 327877.3842446136 350
18.75 3.799511027371605e-10 4.688367184409472e-08 275672.627001551 192
19.5 9.107247292080247e-11 7.744231662127793e-09 270642.4178955026 44
20.25 6.680246288596505e-11 3.969194103615649e-09 333496.5926987478 25


0.75 3.479379141542842e-07 3.420423769242151e-07 6759838253.218284 18
1.5 4.785464360999701e-07 1.572649834312836e-06 1970179712.480175 62
2.25 3.078353799200566e-07 2.085617637225911e-06 722304960.0410022 98
3 1.658836749654907e-07 3.002937497924498e-06 209418704.3068876 210
3.75 6.926580322243002e-07 8.633762663596442e-06 382668371.6299123 350
4.5 7.963103324546731e-08 1.37115157865066e-06 33564715.95897675 450
5.25 4.993721758406357e-08 2.523211301886723e-07 11889858.60149486 602
6 3.941296665700894e-08 1.307477480308781e-07 6995626.316662009 762
6.75 6.889361394191279e-08 1.756692884935734e-06 10046652.83549863 1142
7.5 4.955812794959354e-08 2.966422232872871e-06 7958703.865328115 1250
8.25 1.92785488279519e-08 9.341910835578989e-07 2330629.71443333 1458
9 9.667893559252511e-09 5.491888419163942e-07 933077.0725695224 1814
9.75 1.111516300107327e-08 5.308166435478977e-07 823067.6421998714 2178
10.5 1.746544017364252e-08 9.198491826272248e-07 1114915.36524859 2498
11.25 2.848760949921043e-08 1.46025922654017e-06 1673383.549610949 2622
12 3.813645998019444e-08 1.811083842020792e-06 1775060.370430039 3191
12.75 3.044771311329403e-08 1.804245385634773e-06 1509635.469294136 3044
13.5 2.004537144066905e-08 1.288813242237116e-06 1099823.119575104 2736
14.25 8.546418792252602e-09 6.781338104310795e-07 572869.9037241396 2276
15 5.160414598474433e-09 4.669963576502982e-07 392184.526557276 2016
15.75 4.619422879653545e-09 4.813203563586683e-07 435091.437737095 1640
16.5 3.383137992903429e-09 4.263083766618455e-07 504261.0854426155 1056
17.25 3.030282824949283e-09 3.767361793890693e-07 684067.1453504361 683
18 1.751738373910448e-09 2.273358280248599e-07 766163.5551875274 350
18.75 7.616238769127526e-10 9.234705187279594e-08 592160.798383713 192
19.5 8.81784602224225e-11 2.034730653414356e-08 335323.7224304529 44
20.25 7.92069431232365e-11 1.632111086586263e-08 504823.8114071989 25


0.75 5.344563709667944e-08 1.087695396006695e-06 4128240482.656394 18
1.5 2.018321808733165e-08 1.443821383153521e-06 559938060.4339303 62
2.25 1.578823607398619e-08 7.007671470191259e-07 110411683.6415782 98
3 2.573047430687903e-08 5.65072031545951e-07 38387626.30486675 210
3.75 1.156321668898695e-06 1.220941527021214e-05 659412035.7509825 350
4.5 5.557108879647995e-08 3.765949268513351e-06 46552577.17429492 450
5.25 2.040985855577227e-08 9.442266932366191e-07 8847903.119957095 602
6 1.009883237096809e-08 4.962956372822018e-07 3153537.477500066 762
6.75 4.232974190421104e-08 1.742090937191474e-06 7564780.292398646 1142
7.5 7.375502759600312e-08 5.688516390689806e-06 14036705.50640498 1250
8.25 4.550277336799368e-08 3.708503636667396e-06 7020569.002066659 1458
9 3.001946661160292e-08 1.643630792737576e-06 3081431.242412127 1814
9.75 2.340021060642522e-08 1.466657126721062e-06 1985875.381564404 2178
10.5 2.487823939780685e-08 1.64558898295481e-06 1795519.267058973 2498
11.25 2.916282148374723e-08 3.127760847492578e-06 2205114.145218921 2622
12 4.135661517740433e-08 4.110058019337856e-06 2415053.759351518 3191
12.75 3.964193277223096e-08 3.723800775477683e-06 2317459.958590258 3044
13.5 3.144694636814298e-08 2.960959151169612e-06 1992780.552535634 2736
14.25 1.865921980180758e-08 1.683127729159866e-06 1375451.200666635 2276
15 1.194226805496897e-08 1.161075526465366e-06 987465.0759335889 2016
15.75 9.678968464241163e-09 1.116703112800481e-06 998321.477177287 1640
16.5 7.091535050455371e-09 9.165358363286671e-07 1140272.199953106 1056
17.25 5.308956175835365e-09 8.223427447119959e-07 1345812.627033852 683
18 3.013825119435462e-09 4.832146090595884e-07 1475197.93562336 350
18.75 1.318707521953636e-09 2.0220772469816e-07 1147067.851804934 192
19.5 2.897465408013992e-10 4.180643910993405e-08 1069806.259834897 44
20.25 1.870870717192889e-10 2.112151317838019e-08 1150767.192576454 25


0.75 1.258668968173843e-06 1.41056024406254e-06 30991711747.33221 18
1.5 2.236407577076361e-06 5.437753505102491e-07 8552160007.048517 62
2.25 1.575575586608143e-06 3.016363453081789e-07 3039307847.64134 98
3 9.336197972507263e-07 7.196336650191451e-07 771773210.0108612 210
3.75 1.548402098428939e-06 1.803409553489424e-05 972536991.3964801 350
4.5 7.965705250713381e-08 4.121555666898937e-06 60968751.72572938 450
5.25 1.98191312522247e-08 7.160609649758497e-07 8269416.448161228 602
6 1.302148843655895e-08 4.296132553548273e-07 3758105.598274293 762
6.75 4.210002683316718e-08 2.038499402583916e-06 8511210.957657496 1142
7.5 9.520627567288065e-08 5.26767257170587e-06 17099316.56712414 1250
8.25 6.617014198478523e-08 3.842320900760705e-06 9700466.430640789 1458
9 4.908359148581185e-08 1.8991144015507e-06 4970191.655773494 1814
9.75 4.847832360709128e-08 1.583289062108031e-06 3848566.10934005 2178
10.5 4.89064809333533e-08 1.814248705524502e-06 3369931.36611885 2498
11.25 5.967334083468458e-08 2.771308774008444e-06 3960384.441820403 2622
12 7.542942313866834e-08 4.026060011545951e-06 4112318.807109822 3191
12.75 6.533461708293904e-08 4.355798093267526e-06 3800336.1194599 3044
13.5 4.702243223493604e-08 3.695022803638487e-06 3071559.169407862 2736
14.25 2.515323166102094e-08 2.371953461168528e-06 2001783.908912529 2276
15 1.678126883530083e-08 1.598467457326822e-06 1478952.721603903 2016
15.75 1.371175695374726e-08 1.546482745748032e-06 1506350.011280227 1640
16.5 8.641950011304748e-09 1.124585853079852e-06 1488964.070228223 1056
17.25 6.625265675582983e-09 9.417816938749361e-07 1763773.431268021 683
18 3.814662324342755e-09 6.125404611807651e-07 1998459.915038767 350
18.75 2.002411570190958e-09 3.201468007078479e-07 1879203.394921928 192
19.5 4.403040723783982e-10 7.706466109455962e-08 1804354.483468898 44
20.25 1.780219434308764e-10 4.416922995052215e-08 1361574.839422659 25


0.75 7.106863106428544e-07 4.3294057567143e-06 30451536537.00113 18
1.5 1.630681084345719e-07 5.717416658069517e-06 2672104999.233703 62
2.25 5.021323102552513e-08 2.173658819547638e-06 377309329.3803762 98
3 5.337208069597965e-08 1.169604805719906e-06 90954735.8333818 210
3.75 7.828409936477416e-07 1.570360798562147e-05 633392536.6041608 350
4.5 4.271130423879945e-07 3.753588140937809e-06 194341868.7194489 450
5.25 6.682275191133884e-08 2.32466792810322e-06 29481666.61225124 602
6 3.031780466888511e-08 9.927558863581358e-07 9379350.377123592 762
6.75 4.57400745345924e-08 2.372719104923106e-06 10159290.98495525 1142
7.5 9.872276258046322e-08 5.488511118274514e-06 19030778.19035069 1250
8.25 8.8458125972973e-08 4.244724058702244e-06 13152640.18237823 1458
9 5.552446781719449e-08 3.254129639151576e-06 6658698.867950059 1814
9.75 5.078117570478469e-08 2.948983648528221e-06 4845505.593037274 2178
10.5 4.824538928050888e-08 3.006364096746083e-06 3934196.059087593 2498
11.25 5.141411962678772e-08 3.840259365650027e-06 4024603.024231207 2622
12 6.121501222796927e-08 5.652561796237773e-06 4013189.571109995 3191
12.75 5.4126553494179e-08 5.5761054060948e-06 3706998.281288032 3044
13.5 4.232400096095219e-08 5.057462040946236e-06 3252814.201575503 2736
14.25 3.117869892661316e-08 3.371556929730363e-06 2733877.584627362 2276
15 2.347934258783744e-08 2.59748558081708e-06 2281228.186728731 2016
15.75 1.896504904379029e-08 2.244087843279449e-06 2250070.193520722 1640
16.5 1.228759131411802e-08 1.504523050782274e-06 2235639.615755389 1056
17.25 8.231071857597583e-09 1.242922565789789e-06 2373225.785786585 683
18 4.464414065839158e-09 7.62808712503604e-07 2534531.007929224 350
18.75 2.914349404860576e-09 4.819938421464587e-07 2943657.064912272 192
19.5 4.715213945944499e-10 1.113417834950231e-07 2212024.031174506 44
20.25 4.063219508504908e-10 4.4646467174402e-08 2847992.01949056 25


0.75 3.000387232190119e-06 8.623940013909049e-07 84875467420.76099 18
1.5 2.763208838702054e-06 1.927573710229541e-06 13548867206.04097 62
2.25 1.412324413513631e-06 9.705185753717242e-07 3385914722.158829 98
3 5.827118598911522e-07 1.683135650118151e-06 619504769.9346334 210
3.75 8.743086838992088e-07 9.004109283991657e-06 615397110.9959416 350
4.5 3.829102901283769e-07 1.049343901029992e-05 248888483.0543834 450
5.25 1.03131746241356e-07 2.753369797256353e-06 44205987.50381225 602
6 4.216875734361537e-08 1.583266793974752e-06 14522484.18780306 762
6.75 6.22076030215637e-08 2.576785912927511e-06 13626107.95933974 1142
7.5 1.127868811753638e-07 4.662061140641489e-06 21150016.4658988 1250
8.25 9.154924474269157e-08 5.159183091959732e-06 15171935.6181133 1458
9 8.323794283550414e-08 4.679763860464007e-06 10508270.77957158 1814
9.75 9.255212191599326e-08 4.426667768533266e-06 8994792.595404554 2178
10.5 8.913645492719537e-08 4.519572272546169e-06 7403977.836782421 2498
11.25 8.724507768185509e-08 5.335778513779032e-06 6952992.803995756 2622
12 1.010540891042156e-07 6.88490278996143e-06 6575339.685021557 3191
12.75 8.272602688651053e-08 6.582714163731369e-06 5680051.777673049 3044
13.5 6.546798811911978e-08 6.371849682757071e-06 5095852.486419552 2736
14.25 4.692707429506985e-08 4.763558026965384e-06 4321302.174423453 2276
15 3.517451490687386e-08 3.922173213450491e-06 3645842.136244005 2016
15.75 2.974906610381803e-08 3.612506398758379e-06 3779746.723324774 1640
16.5 1.746959984545931e-08 2.506346002081158e-06 3501460.347895651 1056
17.25 1.074484838128039e-08 1.592400421425355e-06 3286265.102810904 683
18 6.854685839449687e-09 1.067285530839499e-06 4062057.049515959 350
18.75 2.872381449005654e-09 6.517819375288726e-07 3327842.13021155 192
19.5 7.267450878409928e-10 1.167884585758117e-07 3333598.625497033 44
20.25 5.099443498542908e-10 5.743661203203806e-08 3819957.249848956 25


0.75 1.69951646892612e-06 4.257973750577973e-06 67781249223.48972 18
1.5 2.103226801882956e-06 3.425940932352676e-06 12596057395.36357 62
2.25 1.070387775956987e-06 1.451895473455499e-06 2996097305.491487 98
3 6.215174058497e-07 1.836950450763323e-06 732107763.2928917 210
3.75 6.339489333432688e-07 6.479346954039015e-06 482497575.8971666 350
4.5 3.485187061688727e-07 7.457875322647806e-06 223139235.7924529 450
5.25 3.415338368250051e-07 4.269865700632164e-06 131194144.9668539 602
6 1.731120256122176e-07 3.985037519168656e-06 55450943.72632702 762
6.75 1.175538428453058e-07 4.211621164613315e-06 26358549.86585048 1142
7.5 1.161456409605617e-07 5.063416790068332e-06 23617003.50008327 1250
8.25 1.151260468528536e-07 5.46279179230833e-06 19399962.90250394 1458
9 1.050310446055746e-07 5.256375226675404e-06 13734588.41224847 1814
9.75 1.06753035623425e-07 6.121014697916504e-06 11536036.51405397 2178
10.5 1.011920179696149e-07 7.146264206922363e-06 9660917.570692459 2498
11.25 1.049667167795371e-07 7.878160712787647e-06 9339588.210987547 2622
12 1.18475535020332e-07 9.517823569511401e-06 8519503.908496737 3191
12.75 1.035643843854754e-07 9.167157289470081e-06 7757969.507262785 3044
13.5 7.832924831986849e-08 7.887264425055512e-06 6546802.91448096 2736
14.25 6.036800478877013e-08 6.962682986649898e-06 6095493.729570754 2276
15 5.03402234293096e-08 5.668529307567824e-06 5569596.996478371 2016
15.75 4.104165162351015e-08 5.244516623267602e-06 5615273.157963903 1640
16.5 2.541398614970678e-08 3.258710475817789e-06 5293924.60866384 1056
17.25 1.534438093985919e-08 2.3569320069957e-06 5036047.84958635 683
18 8.120145343661408e-09 1.343201749008176e-06 5189678.385929262 350
18.75 4.757849324817122e-09 6.562312334452924e-07 5262757.406659782 192
19.5 9.097933075018568e-10 1.573205467483065e-07 4506717.467346497 44
20.25 6.836040896315692e-10 9.351731060990163e-08 5609191.955577371 25


0.75 1.084725230263867e-06 2.207144715684836e-06 51398083553.80974 18
1.5 1.427894010662057e-06 4.625688579469674e-06 11103907331.25411 62
2.25 8.628144469460029e-07 3.063850663059893e-06 3096792186.746267 98
3 4.320137854769224e-07 3.720089718906822e-06 678423412.0928738 210
3.75 4.23869120663519e-07 6.416365024864638e-06 391093959.7431822 350
4.5 3.30898085695903e-07 7.073868913659697e-06 229920132.8364448 450
5.25 2.069405821885409e-07 4.469138756939904e-06 97073765.28816724 602
6 2.294170952651235e-07 5.2959912701642e-06 79620450.60033874 762
6.75 1.688614689917966e-07 7.47358726398964e-06 43301881.98721523 1142
7.5 1.253086507459857e-07 7.15021833992884e-06 29630883.57176471 1250
8.25 1.067171474777387e-07 6.752941186806221e-06 20926409.08790465 1458
9 1.077636334581775e-07 7.008772449013271e-06 16173876.06742729 1814
9.75 1.15076703858451e-07 8.390606539997311e-06 14159887.53763552 2178
10.5 1.201963915510567e-07 9.221845271436621e-06 12525970.2473959 2498
11.25 1.313989694061273e-07 1.004630035367697e-05 12542548.88366073 2622
12 1.45861379536808e-07 1.246766554755467e-05 11360258.72135614 3191
12.75 1.313576781746451e-07 1.155662511225036e-05 10483477.85895253 3044
13.5 1.106389254481157e-07 1.103794839669097e-05 9838826.487229878 2736
14.25 8.5873344844404e-08 9.639239620797626e-06 9182476.551191278 2276
15 7.052987764956879e-08 8.317525918939414e-06 8399140.78747041 2016
15.75 6.400716704420099e-08 7.672035669574928e-06 9201282.551456846 1640
16.5 3.66041061588781e-08 5.249591118198965e-06 8317204.352052285 1056
17.25 2.514733654431191e-08 3.356778924098426e-06 8532371.572802825 683
18 1.168424039858303e-08 1.88505711537481e-06 7904941.910626318 350
18.75 7.47636624175873e-09 9.12214322829263e-07 8622933.293820385 192
19.5 2.386951513335002e-09 1.557441631301029e-07 11010899.08865526 44
20.25 1.079015588209582e-09 1.436996698710868e-07 9382598.619767223 25


0.75 1.234867953739953e-07 2.629956922876707e-06 12372359695.09631 18
1.5 3.150747007938982e-07 5.597683313573854e-06 4294314198.5646 62
2.25 3.806121532079384e-07 7.73942947966321e-06 2345920029.112779 98
3 3.36676000778777e-07 6.310267059631818e-06 726038020.4743357 210
3.75 2.82158415324169e-07 7.400836165540295e-06 338217313.5395762 350
4.5 2.118701512043776e-07 6.127876951354021e-06 176039591.0281913 450
5.25 1.668932660053752e-07 6.108142602229083e-06 99072083.87905614 602
6 1.397213600438616e-07 5.83173145744101e-06 61727401.72161265 762
6.75 1.759547281431062e-07 6.756856394411913e-06 46723285.08582906 1142
7.5 1.528382379013933e-07 7.03958627895862e-06 36455425.11436944 1250
8.25 1.399451622164155e-07 8.39783936378196e-06 28956890.85332718 1458
9 1.579563563409289e-07 1.04807708430792e-05 25546577.37998625 1814
9.75 1.852829380191292e-07 1.288517085782589e-05 24091391.35298608 2178
10.5 1.876897462300348e-07 1.530521384721523e-05 21259122.38590804 2498
11.25 1.816526872652265e-07 1.592670599387125e-05 19179002.78570544 2622
12 2.122456459508388e-07 1.917851257690094e-05 17895135.81952238 3191
12.75 1.80786514042597e-07 1.830747058155778e-05 15916216.73347347 3044
13.5 1.59710326014614e-07 1.691242665986736e-05 15358992.92196845 2736
14.25 1.257489775667916e-07 1.380868215087556e-05 14264170.35290233 2276
15 1.094041419620856e-07 1.343928173588515e-05 14009690.23251321 2016
15.75 8.609146009453084e-08 1.071511595179101e-05 13288481.69942158 1640
16.5 5.574856822833945e-08 7.771881505128277e-06 13402751.68983998 1056
17.25 3.238553212075993e-08 4.669610790626299e-06 11880912.70912439 683
18 1.424467607675282e-08 2.890508651946438e-06 10812808.51541554 350
18.75 9.125745988635745e-09 1.49434107629712e-06 11807602.92966148 192
19.5 1.861520539008269e-09 3.677421474842361e-07 10730430.08024593 44
20.25 2.724668598221131e-09 1.631539251928738e-07 23091710.51797551 25


0.75 1.709255462483438e-08 3.543957957940643e-07 1839913801.034426 18
1.5 8.447194503582656e-08 2.0449644693212e-06 1415276738.876326 62
2.25 1.721302978668783e-07 3.162221639474905e-06 1127489188.975028 98
3 2.594432836325771e-07 6.032023086209048e-06 657626072.6410635 210
3.75 2.816920420741167e-07 6.161268976706695e-06 348989483.4632525 350
4.5 2.039748972044949e-07 5.158535895837242e-06 177445855.0268083 450
5.25 1.634067674188062e-07 5.567765437039721e-06 102591237.6173153 602
6 1.329455663763518e-07 5.874607100010201e-06 64403961.89114279 762
6.75 1.554286987580003e-07 7.795578931236806e-06 47942616.41500386 1142
7.5 1.430920716628309e-07 7.972278051129904e-06 38668896.08756603 1250
8.25 1.451933339701046e-07 9.133059514321613e-06 32628288.44712443 1458
9 1.530764605430851e-07 1.113735040787214e-05 27192503.86274928 1814
9.75 1.766776955381766e-07 1.381565052739894e-05 25349742.11177808 2178
10.5 1.827105134411217e-07 1.701427451554573e-05 22918772.12017111 2498
11.25 2.001418537485102e-07 1.827683034755399e-05 22785999.92228238 2622
12 2.378788013787956e-07 2.28650730353309e-05 21718136.95281623 3191
12.75 2.036377131006165e-07 2.178732991011876e-05 19364343.19010697 3044
13.5 1.754730530531195e-07 2.096559734348753e-05 18502061.10072792 2736
14.25 1.386778928089884e-07 1.773451096369061e-05 17351290.42698233 2276
15 1.209208323084217e-07 1.661971274307613e-05 16910904.26859764 2016
15.75 9.943799905739608e-08 1.375596107642782e-05 16707129.79255611 1640
16.5 6.345094887365889e-08 9.177853308234695e-06 16348525.55240198 1056
17.25 3.988581431942298e-08 6.636077464520443e-06 16043106.19507415 683
18 2.056596875916067e-08 3.270525455018196e-06 15681923.67888395 350
18.75 1.240305848140702e-08 2.212609424350298e-06 17350693.25865152 192
19.5 3.172348628567858e-09 5.337904180519628e-07 18785900.26424704 44
20.25 1.357305722247191e-09 4.333447416288177e-07 16152985.00818938 25


0.75 3.264638447844387e-09 1.686490144834665e-07 569810557.1476485 18
1.5 2.80981314591893e-08 8.41576167172919e-07 550798271.1290137 62
2.25 5.26405434787552e-08 1.565913476783537e-06 439102958.4813263 98
3 1.200217067335326e-07 2.670096390900933e-06 325865459.1076906 210
3.75 1.373754937660242e-07 3.805521587942919e-06 197036100.1954291 350
4.5 1.272842049121907e-07 3.722380045899536e-06 124381584.4596084 450
5.25 1.086884413211483e-07 4.619660502731287e-06 78359750.18261212 602
6 1.138826040736467e-07 5.492221567256877e-06 60695701.01227109 762
6.75 1.22525646470637e-07 7.131878925272424e-06 42299387.17267807 1142
7.5 1.218940212445309e-07 7.757010291886745e-06 36587868.75878298 1250
8.25 1.306298272904185e-07 8.933303231520304e-06 32073170.17493573 1458
9 1.518893680394244e-07 1.149416138675311e-05 29066945.89177043 1814
9.75 1.746773614629146e-07 1.578726414906728e-05 27807664.12274461 2178
10.5 1.803099493501567e-07 1.758817187122827e-05 24370099.05384043 2498
11.25 1.880456561183103e-07 1.910284139667504e-05 23417562.24574107 2622
12 2.247323039495363e-07 2.360066648130407e-05 22301839.31099838 3191
12.75 2.032160707544948e-07 2.492957957285662e-05 21263021.96286995 3044
13.5 1.743494970565504e-07 2.222073508674481e-05 19835874.25645159 2736
14.25 1.406695711839508e-07 1.998526974759308e-05 19177523.55029798 2276
15 1.234734376966109e-07 1.850833657371076e-05 18712684.38395357 2016
15.75 9.614652953943532e-08 1.432551369150339e-05 17428848.76568282 1640
16.5 6.186281373208109e-08 1.057082184164061e-05 17565657.01726962 1056
17.25 3.90524151930673e-08 6.99705282518501e-06 16939293.46702643 683
18 1.976564372132353e-08 3.697818879476196e-06 16552128.5855237 350
18.75 1.238191278764229e-08 1.921635499801181e-06 17849647.28854159 192
19.5 3.056600492164387e-09 4.62095227169734e-07 18808035.68114856 44
20.25 7.171798606887986e-10 4.151434276042658e-07 11211105.75755447 25


0.75 4.331270416239691e-09 6.307807077077869e-08 490267801.6067315 18
1.5 1.816662513358324e-08 4.013004813291904e-07 340391152.1555976 62
2.25 3.093540125116057e-08 8.263576815343881e-07 264389402.6131433 98
3 5.977675764352075e-08 1.843175821979621e-06 191313197.7582438 210
3.75 7.266435212202545e-08 2.049900208323527e-06 111549671.051952 350
4.5 6.870297861180101e-08 2.559388728913287e-06 76636614.65722762 450
5.25 7.643879352754802e-08 3.301671648737914e-06 58784849.97209544 602
6 8.184819974567438e-08 4.206129305200012e-06 47196888.51888007 762
6.75 1.103902793452481e-07 6.80669513878579e-06 41132484.74052566 1142
7.5 1.00185492944549e-07 7.593951088969367e-06 33701199.36366787 1250
8.25 1.150179903171608e-07 8.841189485922293e-06 30983645.33105303 1458
9 1.396797726279588e-07 1.189561332555519e-05 29309394.79284681 1814
9.75 1.605225352163983e-07 1.428849347831911e-05 26909779.76444458 2178
10.5 1.84251586025087e-07 1.732687873937259e-05 26064004.62280236 2498
11.25 1.879465445327593e-07 1.86977400698019e-05 24610139.66548835 2622
12 2.17405878320486e-07 2.391413291483783e-05 23092527.47024093 3191
12.75 1.972778502004683e-07 2.524467550139208e-05 22071109.29183771 3044
13.5 1.806790524283077e-07 2.341258805981119e-05 21818383.52265889 2736
14.25 1.417560485704844e-07 1.943044209110712e-05 20233457.6037131 2276
15 1.222454057701825e-07 1.740879893557959e-05 19326810.01541252 2016
15.75 1.057902956343335e-07 1.46914745108254e-05 19936706.17201225 1640
16.5 5.782334597656368e-08 1.018543284679068e-05 17473507.15805803 1056
17.25 3.769514980302111e-08 6.845849200070734e-06 17325886.71920017 683
18 2.107029502586878e-08 3.189054003861108e-06 17809991.02116691 350
18.75 1.094561736535837e-08 2.108712240634676e-06 17422711.45614414 192
19.5 2.873326316697773e-09 4.287415425166449e-07 18631749.23150788 44
20.25 1.874862859492094e-09 2.643826671283856e-07 20808082.59071384 25


0.75 2.321567148627348e-09 5.658971148619357e-08 324181316.8899486 18
1.5 1.043418699470075e-08 2.076342301851059e-07 201161907.4797941 62
2.25 1.724562900101551e-08 6.600360472943584e-07 178174828.2871088 98
3 3.11942089619512e-08 8.97529031975348e-07 103349152.3063429 210
3.75 3.664561879122387e-08 1.662191314101529e-06 69857426.06964213 350
4.5 4.436425891222759e-08 2.262784471689957e-06 58343187.70829802 450
5.25 5.592811769965957e-08 2.793263201096479e-06 47685263.76324581 602
6 7.382796567844045e-08 3.791994229496191e-06 44970959.45361049 762
6.75 9.368353467548291e-08 5.461965239220437e-06 36208632.80363393 1142
7.5 9.475769254563462e-08 6.726805297528126e-06 32917214.55763631 1250
8.25 1.033554133223551e-07 8.223385931602071e-06 29710749.82749917 1458
9 1.310522114154594e-07 1.112559799145456e-05 28990828.66051607 1814
9.75 1.601479131073065e-07 1.447458230509559e-05 28456577.06440184 2178
10.5 1.792023955397705e-07 1.668396506718309e-05 26671926.12439334 2498
11.25 1.818167184658707e-07 1.831782413354829e-05 25201924.81262747 2622
12 2.143209788375115e-07 2.37946024016341e-05 24072294.17771911 3191
12.75 1.967683609096901e-07 2.458173686071481e-05 23063170.92989017 3044
13.5 1.591019971568914e-07 2.260183887593826e-05 20766874.42135195 2736
14.25 1.366102719024865e-07 1.994788885384066e-05 20900465.18186333 2276
15 1.16737529362496e-07 1.719598035643589e-05 19623094.95711817 2016
15.75 9.694824252513173e-08 1.511619670794534e-05 19789871.11291274 1640
16.5 6.185717008779212e-08 1.058427553812382e-05 19565396.44129028 1056
17.25 3.714187476825848e-08 6.885188214973965e-06 18086231.90279337 683
18 1.841915128447811e-08 3.587673950419069e-06 17336240.52245732 350
18.75 1.123634281638804e-08 2.268144048988249e-06 19053494.24651176 192
19.5 2.81197870449107e-09 4.413161866283524e-07 19391196.97638 44
20.25 1.259808720535359e-09 2.63181855922551e-07 15846020.52531623 25


0.75 1.332624924664706e-09 1.99655428826561e-08 171692045.4711759 18
1.5 4.621808179866252e-09 1.499929557428343e-07 110886190.4292608 62
2.25 1.167116140323571e-08 2.672739624547203e-07 106674045.436989 98
3 1.966148800453233e-08 6.102892773737502e-07 70544961.85629025 210
3.75 3.079739549057919e-08 1.163785962984073e-06 57970487.41713952 350
4.5 4.176189802938197e-08 1.752361353111307e-06 54048599.56997745 450
5.25 4.469807878586947e-08 2.814773221118797e-06 43761385.2718382 602
6 5.822668552490713e-08 3.052512160485389e-06 37659975.4752732 762
6.75 8.489930215090731e-08 5.570220039185239e-06 35952579.06002878 1142
7.5 8.543051727674153e-08 5.850436986737989e-06 30925397.70536492 1250
8.25 9.699996175291647e-08 7.318339644427031e-06 28897619.31231716 1458
9 1.198350124935279e-07 9.982217406271046e-06 27772718.84865927 1814
9.75 1.431938635456321e-07 1.307480060132683e-05 26888371.78391873 2178
10.5 1.672269966233294e-07 1.616069726971727e-05 26497265.32138852 2498
11.25 1.727168716357515e-07 1.745337551594862e-05 25240193.28971871 2622
12 1.939736193325443e-07 2.302503154278576e-05 23373431.53757131 3191
12.75 1.872316774319767e-07 2.435431023291921e-05 23369632.10680626 3044
13.5 1.65745212330757e-07 2.213121869191111e-05 22402112.32579271 2736
14.25 1.311363359407719e-07 1.814544446712019e-05 20833390.67725693 2276
15 1.07952757369724e-07 1.722380654999303e-05 19500370.16478014 2016
15.75 9.503882986794633e-08 1.569607044734482e-05 20718350.50651732 1640
16.5 6.24370878882751e-08 9.635109518630467e-06 20293220.02325302 1056
17.25 4.010345271631861e-08 6.689199484665042e-06 20055324.90168166 683
18 1.696538119863234e-08 3.321116542208739e-06 16827997.26434173 350
18.75 1.003010932421122e-08 1.945794006799122e-06 17741838.55413508 192
19.5 3.012766151786545e-09 4.606383819947973e-07 21771904.89201218 44
20.25 1.770381800147681e-09 1.925516369611713e-07 21026812.79948594 25


0.75 5.223466355427697e-10 1.419192947880451e-08 84179235.32215011 18
1.5 2.72115162372141e-09 1.090605825106202e-07 74777014.63819763 62
2.25 6.003035558102859e-09 1.912978660622524e-07 64100666.85931766 98
3 1.387705598864123e-08 5.262070940571012e-07 56098409.75879544 210
3.75 2.502708976641059e-08 9.789872609159785e-07 50076166.79932383 350
4.5 3.414543537710465e-08 1.354072369378428e-06 45575197.81411189 450
5.25 4.499827584553693e-08 1.969443029733065e-06 40723040.0987016 602
6 5.137830602707167e-08 3.130913354257859e-06 36719178.07822028 762
6.75 7.351269437857981e-08 4.998188393251448e-06 33101249.05438975 1142
7.5 7.812287006164364e-08 5.992302974307178e-06 30830106.24616728 1250
8.25 9.188858999832808e-08 7.259278881743512e-06 29174210.31980865 1458
9 1.132311161258788e-07 1.028160896661653e-05 28318727.69952074 1814
9.75 1.291952919068759e-07 1.177135184086163e-05 25468892.55542428 2178
10.5 1.522220830582628e-07 1.503662684901366e-05 25496939.44165093 2498
11.25 1.66144784256905e-07 1.779045963651477e-05 25917118.93396092 2622
12 2.00020279130351e-07 2.248953364466811e-05 24943111.52979052 3191
12.75 1.776722806530506e-07 2.294018622517851e-05 23248658.11610379 3044
13.5 1.583516183405261e-07 2.009144963736188e-05 22188125.3926801 2736
14.25 1.286299288033462e-07 1.776329370589528e-05 21456972.99413187 2276
15 1.114921916501955e-07 1.71014541209889e-05 20942553.76386907 2016
15.75 9.432028923832696e-08 1.390509319860024e-05 21013949.84242781 1640
16.5 5.701027568879362e-08 1.006425507588296e-05 20096950.97056578 1056
17.25 3.411584562469882e-08 6.374469798581528e-06 18407377.54664109 683
18 1.747534303681798e-08 3.636354461054745e-06 18484278.43431304 350
18.75 8.893482317870243e-09 1.881797877107948e-06 16861460.93156736 192
19.5 1.534427834164581e-09 3.619114418124553e-07 12753730.46550185 44
20.25 1.793208245193803e-09 1.928036328351534e-07 22341355.10646776 25


0.75 5.185324869149434e-10 1.909235445259243e-08 98846096.60333917 18
1.5 2.544626647762622e-09 7.868196526009127e-08 66054247.37335511 62
2.25 4.810079158819171e-09 1.4713685713019e-07 53120305.63324041 98
3 1.076107154272043e-08 4.604264049782555e-07 47841763.57382992 210
3.75 1.879725443595601e-08 8.761223252884214e-07 42100692.41648356 350
4.5 2.904736294745526e-08 1.162587021007958e-06 40802952.30453793 450
5.25 3.530054083437193e-08 2.018364465610843e-06 36714432.77185297 602
6 4.760130270846163e-08 2.824519713736751e-06 35365242.21365881 762
6.75 6.438590182593245e-08 4.283030123632734e-06 30193249.44183598 1142
7.5 7.668134927486414e-08 5.260332460338817e-06 30612391.69675358 1250
8.25 8.529906695114395e-08 6.885674681349991e-06 28614911.2137892 1458
9 1.082540295544098e-07 8.986345433938007e-06 27625178.28618768 1814
9.75 1.28433163883162e-07 1.200799648918248e-05 26772229.86110796 2178
10.5 1.424633496928938e-07 1.404090002413596e-05 25022584.26486109 2498
11.25 1.514130688065654e-07 1.689639484371286e-05 25078592.24056096 2622
12 1.814753733456397e-07 2.115792080404957e-05 23984155.71452105 3191
12.75 1.726339174979637e-07 2.138564505268332e-05 23436603.54976173 3044
13.5 1.553437704127462e-07 2.095903073452691e-05 23208576.4173167 2736
14.25 1.237252937567126e-07 1.795163764418684e-05 21934336.04137957 2276
15 1.108513534576867e-07 1.645762204476421e-05 21669409.45544609 2016
15.75 8.970171944352686e-08 1.368639339272116e-05 21140717.63152024 1640
16.5 5.576465148053051e-08 9.480657826644991e-06 20437367.25814928 1056
17.25 3.769141780668705e-08 5.943392433452305e-06 20522970.80756635 683
18 1.671161187017719e-08 3.686663397417975e-06 18827610.44150929 350
18.75 1.019063291109094e-08 1.909676624366806e-06 19720057.182042 192
19.5 2.650715489396302e-09 3.626479032732059e-07 20726451.56949083 44
20.25 6.551680780681573e-10 3.594597650662449e-07 12904177.78204944 25


0.75 3.925115722029677e-10 8.166879449123668e-09 63630319.94802838 18
1.5 2.001475044111683e-09 6.190929863774508e-08 54410435.82872764 62
2.25 5.436300004762422e-09 1.469743571004227e-07 60272840.61128472 98
3 1.050601074514886e-08 4.262696145484176e-07 47895450.33209372 210
3.75 2.267327566356857e-08 7.544328550773309e-07 47233848.12020658 350
4.5 2.762390922082991e-08 1.230295028633629e-06 42107845.09797068 450
5.25 3.685965526140546e-08 1.798654468181939e-06 37967037.78685639 602
6 4.432305712794438e-08 2.59620572013714e-06 34337744.42271569 762
6.75 6.686172563529071e-08 4.271511320729289e-06 32400457.91016049 1142
7.5 7.086520375899418e-08 5.038148279826929e-06 29976040.56959416 1250
8.25 8.182270948381517e-08 6.760218666682399e-06 28974578.41573086 1458
9 9.883777304684561e-08 8.718267235869093e-06 26923824.58874489 1814
9.75 1.191152056209048e-07 1.181398995950576e-05 26490414.23397116 2178
10.5 1.315112167684217e-07 1.479763516599876e-05 25187149.57226844 2498
11.25 1.407637076005313e-07 1.565379175687145e-05 24403508.65991097 2622
12 1.790839827790597e-07 1.965919912027307e-05 24395460.40576305 3191
12.75 1.692886735096096e-07 2.06121267015828e-05 23969963.60039571 3044
13.5 1.442335544623053e-07 1.957053355331842e-05 22613569.28040914 2736
14.25 1.253107546239535e-07 1.724419228359628e-05 22962876.22720205 2276
15 1.088344114118446e-07 1.491881991196243e-05 21866346.75844475 2016
15.75 8.323357135657383e-08 1.358613190340678e-05 20897855.77286819 1640
16.5 5.216105008489008e-08 8.487699261053273e-06 19823576.64674573 1056
17.25 3.729239095759782e-08 5.925474392077082e-06 21312830.13734165 683
18 1.682151471567764e-08 3.546937904767192e-06 19630729.86392928 350
18.75 8.086708038654513e-09 1.835646048979964e-06 17152634.3782558 192
19.5 1.968743592204462e-09 3.570030610657514e-07 16969092.47040957 44
20.25 1.713325967107401e-09 1.721321208367627e-07 23280431.80718156 25


0.75 3.838081598398238e-10 8.501816026175517e-09 66369915.18586586 18
1.5 1.933384909495774e-09 6.827032569826037e-08 57938792.03651148 62
2.25 3.386035366262175e-09 9.665282854853942e-08 40013419.81774814 98
3 8.213124114335021e-09 3.763085754544147e-07 41187031.01176 210
3.75 1.597450237620128e-08 7.14894449983487e-07 38621664.34039295 350
4.5 2.417086116490258e-08 1.034848638681609e-06 38056560.92301378 450
5.25 3.381132675042533e-08 1.875137191348792e-06 38138185.81179928 602
6 4.321325757325897e-08 2.342916030993164e-06 34147922.94172678 762
6.75 6.210788255629816e-08 4.080991896486685e-06 31808758.52029252 1142
7.5 6.597767617003092e-08 4.96028027266287e-06 29762844.88696696 1250
8.25 7.230604246656813e-08 6.10335663706778e-06 26997659.4887635 1458
9 9.523047462536047e-08 8.187135401859775e-06 26943256.87634637 1814
9.75 1.136912256941418e-07 1.071048976679502e-05 26055658.90644613 2178
10.5 1.310428148375111e-07 1.306542209064321e-05 25332078.53261244 2498
11.25 1.401902157548902e-07 1.517094081919805e-05 25247892.79241926 2622
12 1.612037394806091e-07 1.961787428196808e-05 23656226.24486715 3191
12.75 1.677950267753542e-07 1.974335972670345e-05 24652515.79385284 3044
13.5 1.383168153933465e-07 1.847032434066584e-05 22608677.01164301 2736
14.25 1.1446551031544e-07 1.795558700893251e-05 22736769.32876372 2276
15 9.755282380828812e-08 1.497564540110895e-05 21099308.51211234 2016
15.75 8.265755741850134e-08 1.266264859146384e-05 21393578.20425259 1640
16.5 5.349273360889231e-08 9.134466536528201e-06 21532326.87060839 1056
17.25 3.799923712842952e-08 6.161513421545007e-06 22838845.96622703 683
18 1.837724687450897e-08 3.068499435640352e-06 21272131.77273348 350
18.75 9.911900379786615e-09 1.762029372811564e-06 20809576.15132788 192
19.5 1.938724727790381e-09 4.61083380532704e-07 18591300.66813566 44
20.25 1.02046823308323e-09 2.851575825852864e-07 17527785.05838639 25


0.75 2.425638078301866e-10 7.153662968747644e-09 48423656.16582057 18
1.5 2.077695593000373e-09 5.894220281384941e-08 59870935.23974785 62
2.25 3.456850539222064e-09 1.19007348253288e-07 45657658.43444335 98
3 8.718633140388196e-09 3.001982399194301e-07 40917268.19795696 210
3.75 1.611550123105796e-08 8.045170818796212e-07 42533119.77254672 350
4.5 2.257988912308202e-08 9.965287644485277e-07 37551523.29009587 450
5.25 3.199226132407478e-08 1.444306321209233e-06 35161553.595497 602
6 3.937864195787864e-08 2.326076051240076e-06 33491610.53642239 762
6.75 5.552375907494892e-08 3.638548480826084e-06 29706535.44908057 1142
7.5 6.454465944003143e-08 4.897200246310053e-06 30539115.52459593 1250
8.25 7.307402805871929e-08 5.950034386380674e-06 28193373.01947839 1458
9 9.119719714989849e-08 7.863235017743934e-06 27004339.17742854 1814
9.75 1.107779792797115e-07 1.089418867144594e-05 26900464.07048558 2178
10.5 1.338603859860342e-07 1.230881970456376e-05 26448114.07919139 2498
11.25 1.386092060823134e-07 1.443254457491062e-05 25822815.2268146 2622
12 1.651402830018974e-07 1.881538740724649e-05 24878429.40365925 3191
12.75 1.479906215757569e-07 1.864192541683436e-05 23153449.3113058 3044
13.5 1.3069838382271e-07 1.708041050937139e-05 22214754.39043859 2736
14.25 1.161364469925805e-07 1.552837375558106e-05 23134601.30081369 2276
15 9.044347049813847e-08 1.472589781873859e-05 20774809.68588029 2016
15.75 7.417178461137612e-08 1.252856492916739e-05 20569229.92132345 1640
16.5 5.075955576525338e-08 8.110552357284538e-06 21032578.81965157 1056
17.25 3.276510798888425e-08 5.473937759223192e-06 20732197.23429172 683
18 1.69420691075167e-08 2.943221636578204e-06 20684558.50021781 350
18.75 7.48924593912794e-09 1.723988202211245e-06 17456034.6646921 192
19.5 1.864140604353119e-09 4.562546594066076e-07 18829486.90744089 44
20.25 1.284153806201918e-09 2.181615186522964e-07 20643255.77346446 25


0.75 2.040464334252243e-10 5.392815318229962e-09 40910478.56302899 18
1.5 1.166637810409967e-09 4.831038188460645e-08 40906507.4370718 62
2.25 3.376742583050642e-09 1.042498686189483e-07 44810100.2862151 98
3 7.792802576043619e-09 3.355129649895652e-07 41617649.34144413 210
3.75 1.560106971290647e-08 6.764069578928048e-07 40732871.29060022 350
4.5 2.159416816026682e-08 1.014002951220694e-06 38370870.98833391 450
5.25 3.192656317068046e-08 1.44071147578836e-06 36680093.32145163 602
6 3.650763544699676e-08 2.139051763250042e-06 32367417.68795181 762
6.75 5.395805585681382e-08 3.789364253239847e-06 30906918.28444524 1142
7.5 5.918252849476982e-08 4.123742260815231e-06 28460958.36814228 1250
8.25 6.728091523284661e-08 5.798406569068139e-06 27647942.78499956 1458
9 9.050503687173778e-08 7.765636123633325e-06 27968551.07406195 1814
9.75 1.036563008269343e-07 1.003485154767679e-05 26180785.73772516 2178
10.5 1.169753474392116e-07 1.234917401062728e-05 25135586.04417046 2498
11.25 1.319112756754501e-07 1.335146938714477e-05 25486227.15680097 2622
12 1.524891381671234e-07 1.770663126263645e-05 24135686.96320798 3191
12.75 1.522841945481324e-07 1.807575946931102e-05 24508367.39384266 3044
13.5 1.204016660490795e-07 1.756494531359191e-05 22035048.26433905 2736
14.25 1.086266284720924e-07 1.55392978909935e-05 23005008.94434695 2276
15 9.169788093948614e-08 1.321537810874279e-05 21336443.5849193 2016
15.75 7.337902374608501e-08 1.164794613891319e-05 20936355.70859176 1640
16.5 4.905400071809059e-08 8.626710856362479e-06 21737446.20638353 1056
17.25 3.07310231947958e-08 5.120217023066096e-06 20309266.11759609 683
18 1.492454889282399e-08 3.069531823288942e-06 19806329.16213741 350
18.75 7.287489858365386e-09 1.78711485626312e-06 18047290.06775245 192
19.5 1.913470097403822e-09 4.537925556323075e-07 20039595.72177675 44
20.25 1.05648186115837e-09 2.266770940308742e-07 18597807.51994063 25


0.75 3.010165729399668e-10 7.163252779974373e-09 60737230.04345376 18
1.5 1.715553993942374e-09 3.933136840287696e-08 50265193.71469139 62
2.25 3.372612697040882e-09 1.135865840709478e-07 48208759.49274191 98
3 8.964509983621396e-09 3.141504995001193e-07 46193997.39785087 210
3.75 1.424651672947398e-08 6.120819697236616e-07 38688904.90385523 350
4.5 1.968608142630411e-08 9.756137033673528e-07 37235490.63975015 450
5.25 3.111909351080088e-08 1.358931673781228e-06 36931059.99044897 602
6 3.630856015719819e-08 2.206582072527548e-06 34031498.57222666 762
6.75 5.47317528671138e-08 3.343765793722382e-06 31217182.72368206 1142
7.5 5.922585157595413e-08 4.144827980655594e-06 29769611.6322332 1250
8.25 6.662227671364986e-08 5.576928401602542e-06 28299395.95688127 1458
9 8.749726489693185e-08 7.614029984757969e-06 28347421.70746759 1814
9.75 1.011040197483939e-07 9.115981567478319e-06 26089371.1235293 2178
10.5 1.146503664650788e-07 1.216546488536301e-05 25754917.24649337 2498
11.25 1.199578604216669e-07 1.366383594852102e-05 25015103.9470687 2622
12 1.475944240303465e-07 1.694320356908629e-05 24307452.10944986 3191
12.75 1.423789001471807e-07 1.723181589388808e-05 24041354.96059981 3044
13.5 1.182045432502177e-07 1.674124281243156e-05 22395866.03002588 2736
14.25 9.903794760676485e-08 1.413109582163139e-05 21879233.92783841 2276
15 9.117641495411456e-08 1.252896615171246e-05 21893643.8685372 2016
15.75 7.124624132461e-08 1.111279808604948e-05 21128206.84836096 1640
16.5 4.338509787769837e-08 7.813325261068557e-06 20189070.02481651 1056
17.25 2.854646859728796e-08 4.983908814942165e-06 19904939.67527915 683
18 1.523752005775331e-08 2.891091195737516e-06 20702412.82345093 350
18.75 7.339110517010737e-09 1.466396416631444e-06 18033280.08450433 192
19.5 1.544704402355051e-09 2.267845241625778e-07 15294771.80716147 44
20.25 5.55376793267457e-10 1.401603730452914e-07 10600902.93323286 25


0.75 3.381045021997059e-10 4.396629530364022e-09 60344708.50577942 18
1.5 1.428291519197288e-09 4.851901794377282e-08 50107833.74756521 62
2.25 3.127674118588275e-09 8.929206317190002e-08 43920899.19003417 98
3 7.579895202200971e-09 2.612927623884927e-07 40470512.64875951 210
3.75 1.434470230978491e-08 5.958431700735373e-07 40107279.51203212 350
4.5 1.841647014120789e-08 8.901685010888535e-07 35981609.77326559 450
5.25 2.506402058570381e-08 1.397729083390352e-06 33684462.75227925 602
6 3.830091410399896e-08 2.056235770023268e-06 35875456.90581768 762
6.75 5.233990595535718e-08 3.520501193171345e-06 32136549.92520516 1142
7.5 5.584938389328282e-08 3.937638952496422e-06 29336479.41191786 1250
8.25 6.197741406045835e-08 5.176413662052499e-06 27427881.52275132 1458
9 7.80399922315179e-08 6.785224987775227e-06 26353856.67297468 1814
9.75 9.808010283219433e-08 9.268791111330061e-06 26761787.75237985 2178
10.5 1.128878673093699e-07 1.165033972956186e-05 26222178.94558869 2498
11.25 1.110010684682621e-07 1.212295624296992e-05 23842343.99434922 2622
12 1.429836710097643e-07 1.644063048326573e-05 24564881.69011723 3191
12.75 1.40353950893895e-07 1.700225558146793e-05 24717642.30169258 3044
13.5 1.164730623358329e-07 1.576467249227009e-05 22729567.39592419 2736
14.25 9.563340570706226e-08 1.376575408779776e-05 22081225.6268148 2276
15 8.277786425895784e-08 1.308272793781473e-05 21460614.22471043 2016
15.75 6.634789749991602e-08 1.10284078898111e-05 20845346.97251064 1640
16.5 4.48441222521552e-08 7.422759388495132e-06 21314463.52069343 1056
17.25 2.633731017042427e-08 4.796056696368952e-06 19343013.02512313 683
18 1.470460192698023e-08 2.456689443630483e-06 20252289.1365086 350
18.75 8.294849724419352e-09 1.510052570454874e-06 20822833.51565985 192
19.5 1.777037156303716e-09 4.981343061247556e-07 21173753.3029259 44
20.25 1.25735205020578e-09 2.373750177713853e-07 23461237.94812039 25


0.75 1.996241877450502e-10 6.224166440349964e-09 48278708.68760158 18
1.5 1.299772757285794e-09 4.449488036439797e-08 47680260.18746235 62
2.25 2.821056685139413e-09 1.110191761306611e-07 46582244.2129437 98
3 7.889605104108199e-09 2.526443287138149e-07 42803844.9867596 210
3.75 1.35582341855678e-08 5.216181761177739e-07 38446217.11452702 350
4.5 1.93620624759451e-08 1.040619264719413e-06 41047236.44323076 450
5.25 2.675407862052132e-08 1.311545423642638e-06 35816620.39386016 602
6 3.299226569648095e-08 1.96057015304621e-06 33337009.97746781 762
6.75 4.612739843654338e-08 3.124607194907142e-06 29591786.4081745 1142
7.5 5.26606778049254e-08 3.868612982175384e-06 29221873.29451106 1250
8.25 5.798419140718784e-08 5.201676107122735e-06 27401520.52430687 1458
9 7.194632856650974e-08 6.521589377688256e-06 25659621.30580768 1814
9.75 8.772870659058268e-08 8.722979235138808e-06 25344130.37058824 2178
10.5 1.05223238228702e-07 1.073240266242587e-05 25385301.55141214 2498
11.25 1.086258351141093e-07 1.214137708489542e-05 24480166.28087816 2622
12 1.360769556758562e-07 1.554205971983219e-05 24320240.0536352 3191
12.75 1.365413193506451e-07 1.571597766859843e-05 24729617.45412576 3044
13.5 1.14820157982237e-07 1.476048723744219e-05 23038982.32328528 2736
14.25 9.393131424789409e-08 1.334751460871739e-05 22527345.09344833 2276
15 7.781108088309006e-08 1.252457417431687e-05 21125391.37002056 2016
15.75 6.422016656442814e-08 1.050484131567553e-05 20942078.79165432 1640
16.5 4.111675736972143e-08 7.739285933357551e-06 21032037.73512793 1056
17.25 2.597452591888155e-08 4.129084703733116e-06 19272369.75772905 683
18 1.409940640237674e-08 2.510011529535916e-06 20518932.47922698 350
18.75 8.132241645691141e-09 1.581560814456818e-06 21584779.92419486 192
19.5 2.509612670692911e-09 4.046336203591393e-07 27455013.51541009 44
20.25 5.953038288274823e-10 1.68846271027216e-07 12730076.36473171 25


0.75 2.244948618041298e-10 2.471074275336149e-09 41972178.64187506 18
1.5 1.502953695273908e-09 4.391591396648698e-08 53979854.19356366 62
2.25 2.785378139236802e-09 9.528346152613344e-08 45265803.36168022 98
3 7.107588829610049e-09 2.260382063546854e-07 40013920.74945271 210
3.75 1.499944480923573e-08 5.29217504885422e-07 42963363.32515854 350
4.5 1.677847901183472e-08 8.517031916405967e-07 36211161.93893771 450
5.25 2.651778525334827e-08 1.279749190307398e-06 36742321.09970154 602
6 3.146628149996443e-08 1.805150819610904e-06 32685681.27817771 762
6.75 4.919650869220504e-08 2.976565853452502e-06 31628909.16250047 1142
7.5 5.065130867397845e-08 3.877870607196337e-06 29661404.01092967 1250
8.25 5.695188574920046e-08 4.905544643538973e-06 27623924.93310091 1458
9 7.155398852246305e-08 6.1860544756632e-06 26165410.25950552 1814
9.75 9.064215805974792e-08 8.537099257974893e-06 26802105.30001611 2178
10.5 1.039308434570005e-07 1.074124455029688e-05 26199915.23352451 2498
11.25 1.094880178139377e-07 1.164853583993621e-05 25322377.12099001 2622
12 1.319334074325056e-07 1.485339699219986e-05 24447624.89176025 3191
12.75 1.219883341273446e-07 1.506727195476757e-05 23427507.91692548 3044
13.5 1.114662647665539e-07 1.398670663793361e-05 23137921.17628878 2736
14.25 8.495914303992826e-08 1.311477318570046e-05 21684084.4999605 2276
15 7.664845489545665e-08 1.176740593549235e-05 21396772.41586772 2016
15.75 6.363119409263279e-08 1.027150712849993e-05 21529183.23274607 1640
16.5 4.168390573700415e-08 6.499595253347092e-06 21197590.12776819 1056
17.25 2.531898229333768e-08 4.450341788866466e-06 20004919.63864312 683
18 1.285856974683574e-08 2.664793457110761e-06 20191586.55399666 350
18.75 7.6840944692427e-09 1.262800832330566e-06 20493465.94229887 192
19.5 1.827994818890276e-09 4.318304135583139e-07 22590660.92146797 44
20.25 9.844063909953474e-10 1.745916604620281e-07 19686673.82526494 25


0.75 3.391753552750406e-10 4.351343511744667e-09 67949564.13579339 18
1.5 9.420586005234431e-10 3.211934500296958e-08 37329660.95081945 62
2.25 2.615836388411148e-09 6.915725908460745e-08 40373778.96873295 98
3 6.621609395228708e-09 2.281665172820131e-07 39856371.9246723 210
3.75 1.199029325287976e-08 4.931140921938006e-07 37668589.56161411 350
4.5 1.881570819712817e-08 8.306191888635716e-07 40143760.3730269 450
5.25 2.543625563887129e-08 1.12102106582419e-06 35584603.08529563 602
6 2.808565794066763e-08 1.77966619185995e-06 31430599.96963573 762
6.75 4.668071370042281e-08 2.94508017034483e-06 31644377.36251689 1142
7.5 4.835088953684576e-08 3.704284427820437e-06 29456862.17571669 1250
8.25 5.550467633666577e-08 4.388490670852982e-06 27224323.14539751 1458
9 6.813562588813263e-08 6.299235994270927e-06 26477936.77455305 1814
9.75 8.607557279587661e-08 8.274068449292787e-06 26640115.18225214 2178
10.5 9.899581615948786e-08 1.015716292176566e-05 25902719.76118123 2498
11.25 1.06672699902194e-07 1.089122564731034e-05 25371712.33506552 2622
12 1.303337388932464e-07 1.460027028015516e-05 25088426.30321373 3191
12.75 1.146238564827705e-07 1.448373888823502e-05 23041080.92039967 3044
13.5 1.053384373877929e-07 1.384644283872951e-05 23019700.4935658 2736
14.25 8.783579420901585e-08 1.203728897933938e-05 22600612.69385248 2276
15 7.724576844147087e-08 1.141674249103822e-05 22216831.05800394 2016
15.75 6.219328448403923e-08 9.43778672345363e-06 21563187.49386987 1640
16.5 3.641479901723208e-08 6.168414270141264e-06 19642642.41031573 1056
17.25 2.551339910561602e-08 3.942658958635233e-06 20376266.45458522 683
18 1.26865317753427e-08 2.175997405075761e-06 19831426.91984894 350
18.75 7.584951164213504e-09 1.257460700893726e-06 21080009.92157958 192
19.5 1.398967968776022e-09 2.94889485904789e-07 17506381.78562139 44
20.25 9.928946981454978e-10 5.773135134792088e-08 18035261.47293974 25


0.75 2.743416389616997e-10 5.275205910279084e-09 63214147.63412181 18
1.5 1.145615765245959e-09 3.350097531870995e-08 44484544.26062347 62
2.25 2.734047333672763e-09 7.459117983615281e-08 44308706.34113465 98
3 5.460250644572241e-09 2.168018979187472e-07 36021724.95286583 210
3.75 1.072334235477705e-08 4.58442670903236e-07 35522350.99265993 350
4.5 1.454382019904929e-08 7.978513267541116e-07 34971523.18012023 450
5.25 2.197842970933304e-08 1.133854592577758e-06 33683070.69048945 602
6 3.217834019319105e-08 1.732195117978233e-06 35372159.0207028 762
6.75 4.098554653851406e-08 2.597870958334837e-06 28925127.09121356 1142
7.5 4.747288040657654e-08 3.45866735701304e-06 29560972.35841318 1250
8.25 5.436284472415748e-08 4.490035546303883e-06 28113045.86451951 1458
9 6.497543966720171e-08 6.282735480610729e-06 26641501.63459828 1814
9.75 8.276318737742227e-08 7.759958474195072e-06 26424958.53011242 2178
10.5 9.338883558282013e-08 9.814110284177957e-06 25584334.71632644 2498
11.25 1.017884746325629e-07 1.13043964538014e-05 25770932.37676629 2622
12 1.253674302367416e-07 1.415984910094036e-05 25142514.96697074 3191
12.75 1.164872472534738e-07 1.429592524401025e-05 24149334.76661401 3044
13.5 9.519692875882014e-08 1.309021315465959e-05 21886957.76601715 2736
14.25 8.491983090885536e-08 1.157702094783812e-05 22684491.75916618 2276
15 7.357865340629043e-08 1.16659494591721e-05 22398225.87466927 2016
15.75 6.145225326264908e-08 9.244920331994974e-06 22103234.79979544 1640
16.5 3.771683265642937e-08 6.019904350686776e-06 20853043.00546156 1056
17.25 2.191221924361021e-08 4.421025757485711e-06 19372462.53631146 683
18 1.192439839602609e-08 2.605693264615687e-06 20525092.77423258 350
18.75 7.410186443380377e-09 1.266915280812477e-06 21541566.11828908 192
19.5 1.457735409448146e-09 2.672859018871821e-07 18404028.72384372 44
20.25 4.755592506820969e-10 1.330710839055796e-07 11407600.23569991 25


0.75 2.252409568454794e-10 5.640703720537922e-09 58699248.54435802 18
1.5 1.073607719032097e-09 2.89675473553273e-08 42105216.51231568 62
2.25 2.490960090379202e-09 8.431745945197346e-08 45298679.80706212 98
3 5.572830575823762e-09 2.147584012534098e-07 37775259.00632519 210
3.75 1.330065129452337e-08 4.113722924488285e-07 41068996.1738235 350
4.5 1.548802711886146e-08 7.756904311463342e-07 37366943.17133242 450
5.25 2.131273621816578e-08 1.068710925661408e-06 33613826.01606206 602
6 2.800476385237761e-08 1.453737992510368e-06 31621455.13466744 762
6.75 4.670002537707376e-08 2.846336182750256e-06 33816118.81658353 1142
7.5 4.28483313171644e-08 3.337796812463334e-06 28360304.37229864 1250
8.25 5.067695254395344e-08 4.336670243075167e-06 27557159.42867093 1458
9 6.714847892556066e-08 5.472230220153602e-06 27095253.39842737 1814
9.75 7.778272650108742e-08 7.464829066126303e-06 25990916.95142206 2178
10.5 8.798297165262662e-08 9.250927142104743e-06 25049933.18972702 2498
11.25 9.294332402681709e-08 1.00089277540304e-05 24235457.09127742 2622
12 1.149059148854104e-07 1.317075843692433e-05 24041607.96934932 3191
12.75 1.083082985678893e-07 1.398756915867038e-05 23657816.53717606 3044
13.5 9.582984308963694e-08 1.321238565833771e-05 22908945.65349598 2736
14.25 8.261725887615528e-08 1.125686728771305e-05 22927895.5306996 2276
15 7.070771956778324e-08 1.074806484684922e-05 22121443.36065447 2016
15.75 5.791835675158936e-08 9.335195898982738e-06 22009824.70537248 1640
16.5 3.545958188655164e-08 5.834357363376967e-06 20515132.58608256 1056
17.25 2.265753259520555e-08 3.897578667021064e-06 20013799.16782466 683
18 1.190628974687292e-08 1.992088625834907e-06 19995589.39864013 350
18.75 6.070012162049353e-09 1.077921823931721e-06 18477490.94242125 192
19.5 1.478127767936982e-09 3.749557190350492e-07 20895944.20614337 44
20.25 1.121684524098194e-09 2.248827946129183e-07 25825928.57646816 25


0.75 1.099895878556261e-10 4.064671342472185e-09 34649051.31912553 18
1.5 1.298117469437578e-09 3.171132991110093e-08 51095148.65063214 62
2.25 2.006132433275458e-09 7.22821306440025e-08 38791859.88809747 98
3 6.398213757213342e-09 1.979193930107067e-07 41612660.79543738 210
3.75 1.199009184741394e-08 3.932849921341858e-07 39114062.57522779 350
4.5 1.358195845796332e-08 6.895964700354789e-07 34182197.44382195 450
5.25 2.132846812650913e-08 1.096274142619363e-06 35209887.75909548 602
6 2.667445180334372e-08 1.59127276493425e-06 32751830.51111025 762
6.75 4.430782392328913e-08 2.541681478662166e-06 32664950.97347763 1142
7.5 4.679334821702042e-08 3.144515787514573e-06 30620708.51390241 1250
8.25 5.172251754510109e-08 4.1522831858061e-06 28582972.88761546 1458
9 6.795654391634429e-08 5.606119432339503e-06 28565008.27661034 1814
9.75 7.456345790907698e-08 7.164684139320031e-06 25869772.825207 2178
10.5 8.823966559429419e-08 9.009235565203294e-06 25847716.95360888 2498
11.25 8.917257394102819e-08 9.9166252740531e-06 24358948.79005229 2622
12 1.169918340896298e-07 1.369083242115923e-05 25553844.88644362 3191
12.75 1.053711962359871e-07 1.340435353802058e-05 23790799.87355218 3044
13.5 9.436207328300473e-08 1.268136702741603e-05 23254273.78183607 2736
14.25 7.609295503237631e-08 1.083451772589328e-05 22166575.96157081 2276
15 6.784631525557562e-08 9.897436254980261e-06 21806246.8768903 2016
15.75 5.440752998092576e-08 8.451895500562073e-06 21267537.7873151 1640
16.5 3.365533966295082e-08 5.832717867609648e-06 20467007.26611703 1056
17.25 2.225573253772307e-08 4.203673862906525e-06 20867476.37134791 683
18 1.003003361092202e-08 2.093008023571443e-06 18400703.69313115 350
18.75 6.375071754856361e-09 1.102508480958546e-06 20033722.04894738 192
19.5 1.064849995071546e-09 2.191502822685491e-07 14859906.73900381 44
20.25 8.440977650599993e-10 2.156954153560043e-07 21327703.22004556 25


0.75 1.485792317776316e-10 3.687431189553155e-09 41616462.86955176 18
1.5 1.336492282085312e-09 3.487272374577255e-08 55874208.16058522 62
2.25 2.236823847415318e-09 8.749688189422831e-08 46415177.420955 98
3 6.243930978870295e-09 2.018318262830964e-07 42811025.04577485 210
3.75 1.123979213748441e-08 4.392952203819636e-07 40370800.09005184 350
4.5 1.467557250499527e-08 6.831145131634086e-07 37139900.38607226 450
5.25 2.201746093403258e-08 1.174705619068767e-06 38237688.59951863 602
6 2.306989357447028e-08 1.464770672527643e-06 30068351.37155572 762
6.75 3.586485043329907e-08 2.594410225388289e-06 29664762.24549253 1142
7.5 4.1712336326002e-08 3.234702832485584e-06 29696872.34424765 1250
8.25 4.860705282126445e-08 3.985370937318092e-06 28072099.57431819 1458
9 5.768335811379619e-08 5.400622760527973e-06 26191781.21331863 1814
9.75 6.881299545722742e-08 6.959916864110608e-06 25179327.36189141 2178
10.5 8.085236853413962e-08 8.476365653073495e-06 24774944.67871323 2498
11.25 9.114533074223371e-08 9.382247712843081e-06 25280768.57532436 2622
12 1.071194391996044e-07 1.232073606258337e-05 24165173.60608836 3191
12.75 1.028397126411556e-07 1.246699189342317e-05 23783944.41549705 3044
13.5 8.861180705515247e-08 1.190665008969781e-05 22659823.3954711 2736
14.25 7.058919464060632e-08 1.042199689317429e-05 21542557.44615475 2276
15 6.409466337929449e-08 1.017040504769635e-05 21839288.98795274 2016
15.75 5.486448075622185e-08 8.195723380546456e-06 22047177.81792589 1640
16.5 3.287300577971319e-08 5.758876482227609e-06 20798970.03504343 1056
17.25 2.15381371520657e-08 3.506019747867699e-06 20237294.0286383 683
18 1.118465018816543e-08 2.386394159250441e-06 21410292.5976989 350
18.75 6.174350647946312e-09 1.498661908067542e-06 21793941.348252 192
19.5 1.428010888669882e-09 2.162764393247272e-07 19463187.64119815 44
20.25 7.724811721262381e-10 1.832106380348929e-07 19885557.4856665 25


0.75 1.078892567945032e-10 4.527580975157217e-09 38724699.82022339 18
1.5 8.741175883996173e-10 3.410069430485651e-08 44219744.91241478 62
2.25 2.153037437880631e-09 7.445620855829252e-08 44100820.03070608 98
3 4.652359846533588e-09 2.081046793147094e-07 37387818.40965563 210
3.75 1.148795362233203e-08 4.411718927757826e-07 42511303.10855778 350
4.5 1.343073317048009e-08 7.225834564838135e-07 37197200.21796161 450
5.25 1.848793040771814e-08 1.055402295955221e-06 34112446.35107605 602
6 2.387547233806356e-08 1.444258140265676e-06 31700596.95240039 762
6.75 3.943119966456635e-08 2.42770873122373e-06 31993537.62016439 1142
7.5 3.999619654912368e-08 3.110380511958333e-06 29546739.99654361 1250
8.25 4.902300133437066e-08 3.991333797463019e-06 29282503.62094177 1458
9 5.930544807952306e-08 5.208552846400451e-06 27345684.14382607 1814
9.75 6.734012238745643e-08 6.537031126265889e-06 25215651.54538094 2178
10.5 8.368859678100352e-08 8.040768825627117e-06 25915497.02408107 2498
11.25 8.462807836282078e-08 9.344380906561547e-06 24819232.10277261 2622
12 1.038564928486125e-07 1.155362796266864e-05 24067678.31645971 3191
12.75 1.009645246667782e-07 1.239608626558921e-05 24287906.03936842 3044
13.5 8.180769950792145e-08 1.134228591078915e-05 21870209.94237924 2736
14.25 7.028835511742082e-08 9.909596670766185e-06 21970257.30754991 2276
15 6.861871812875643e-08 9.640632455331551e-06 23508621.19248766 2016
15.75 4.957181245194111e-08 8.43633003725396e-06 21326115.31914417 1640
16.5 3.310106857229317e-08 5.485172344474192e-06 21418826.83378391 1056
17.25 2.123871313102233e-08 3.61549354183841e-06 20896443.71945456 683
18 1.157752325497188e-08 2.167648313894783e-06 22256569.09333459 350
18.75 5.820704283292593e-09 9.287608303402386e-07 19363872.72519666 192
19.5 1.571248299812776e-09 3.420468255667431e-07 23886583.50142817 44
20.25 3.207523699956439e-10 1.418670043542761e-07 10316509.38085381 25


0.75 1.164179856546084e-10 3.785465610491528e-09 38673073.0121944 18
1.5 9.023395709447413e-10 2.745826254598242e-08 42708248.74718808 62
2.25 2.398559100002455e-09 6.654183004383772e-08 46956471.82584727 98
3 5.233859703828919e-09 1.98101175663308e-07 40720811.15895291 210
3.75 1.092099503690594e-08 3.916470449445442e-07 40835500.6666792 350
4.5 1.459760412636826e-08 6.214308263153715e-07 38406517.69586017 450
5.25 1.789891928347123e-08 9.610427076781299e-07 33423657.9043499 602
6 2.563306473435825e-08 1.470236429116149e-06 34579127.01012009 762
6.75 3.733832141061637e-08 2.531117043655137e-06 32386532.6910779 1142
7.5 3.73196199548022e-08 2.970634265177053e-06 28772788.44253253 1250
8.25 4.464344530099537e-08 3.474114480901705e-06 27206857.26218245 1458
9 5.533121739004945e-08 5.077234897374202e-06 26787659.04916333 1814
9.75 6.6412109592033e-08 6.623939897443136e-06 25967099.40706929 2178
10.5 7.900215560959803e-08 7.88577433033638e-06 25607886.62860589 2498
11.25 8.501224351591618e-08 8.821586133991012e-06 25364848.22001293 2622
12 1.060555436284741e-07 1.181775622330617e-05 25459707.80123216 3191
12.75 9.363549616603007e-08 1.149357118705162e-05 23322919.58733849 3044
13.5 8.282390190701466e-08 1.149213701645525e-05 22933769.91677909 2736
14.25 6.810191764246683e-08 9.600060160457926e-06 22043227.69894137 2276
15 6.498838460708645e-08 8.997416826821067e-06 22976438.16260967 2016
15.75 4.981659194613946e-08 7.739766508585207e-06 21693847.24681859 1640
16.5 3.27699990341064e-08 4.897670440826713e-06 21446946.54875804 1056
17.25 2.036866345112943e-08 3.782627674734016e-06 21187567.36713332 683
18 1.010108919615066e-08 1.940720605772229e-06 20233295.00814342 350
18.75 5.550341336784813e-09 9.48916385198293e-07 19385350.59031862 192
19.5 1.703165836337144e-09 3.14000165177208e-07 25864293.92168581 44
20.25 5.570323150226453e-10 1.621301624476253e-07 16227576.42431681 25


0.75 1.664291529432192e-10 4.125001803700199e-09 51699567.16357553 18
1.5 6.981175721982383e-10 3.637746175400809e-08 43379064.33344682 62
2.25 2.245002269548418e-09 6.200532096362216e-08 45451506.84960625 98
3 4.314625061099859e-09 1.915741468075066e-07 37050810.38595091 210
3.75 1.025054424598619e-08 3.405482358883522e-07 38720794.84998778 350
4.5 1.307895389041128e-08 5.490467839663015e-07 35468553.36005373 450
5.25 1.866902745868475e-08 8.911414783755518e-07 34660024.61986653 602
6 2.308790515889732e-08 1.250492783057736e-06 31636731.62744045 762
6.75 3.286185131498574e-08 2.242479748250705e-06 29586131.32059931 1142
7.5 3.821061214684811e-08 2.889874098887764e-06 29972946.72021801 1250
8.25 4.387966165039089e-08 3.616808215737605e-06 28210974.87154733 1458
9 5.53412598866519e-08 4.437531088888637e-06 26604899.89015152 1814
9.75 6.556747599425591e-08 6.131529407132432e-06 26022886.89162696 2178
10.5 7.197508505046703e-08 7.80472757941146e-06 24765507.26088165 2498
11.25 8.55107384759371e-08 8.766917159585731e-06 26331280.83919923 2622
12 1.028603118094954e-07 1.124613423405136e-05 25439265.76425609 3191
12.75 9.519223969820021e-08 1.139706752392696e-05 24389813.9479232 3044
13.5 8.032921540728731e-08 1.105556565294523e-05 22981167.00672304 2736
14.25 6.917355317214593e-08 9.330644097869245e-06 22926705.36753153 2276
15 5.713006514230083e-08 8.939585599302516e-06 21560756.37670907 2016
15.75 4.65260090472718e-08 7.509956396871586e-06 21177154.97733653 1640
16.5 3.322223933643014e-08 5.03508931327114e-06 22583282.44857081 1056
17.25 2.024639376321868e-08 3.452012839728797e-06 21369862.61381489 683
18 9.619074268314002e-09 2.047873905601139e-06 20459917.52429838 350
18.75 5.406476269174011e-09 1.009018850408996e-06 19915810.66456917 192
19.5 1.247256170889355e-09 3.424524717313568e-07 21567908.50139931 44
20.25 7.290855642017785e-10 1.614806607686593e-07 20538101.75991045 25


0.75 9.05647758677877e-11 3.150875257065701e-09 33162630.51277649 18
1.5 7.916095338643316e-10 1.86244081934916e-08 36736873.83018313 62
2.25 1.627439112376568e-09 6.275822712965036e-08 38598651.79504506 98
3 4.739928447467255e-09 1.763450779790064e-07 39276190.31300384 210
3.75 8.8448056427856e-09 3.486774937311942e-07 36629223.98042634 350
4.5 1.343428799547627e-08 6.048212265361463e-07 38623619.60260874 450
5.25 1.662189883645883e-08 8.283795301457359e-07 32406991.36149105 602
6 2.22662733721611e-08 1.23653827831639e-06 31842637.97597404 762
6.75 3.385109303119838e-08 2.28263261818765e-06 31410334.3264214 1142
7.5 3.603854402088771e-08 2.726310559175445e-06 29258797.95974097 1250
8.25 4.136979887622546e-08 3.335904230303752e-06 27329161.71039365 1458
9 5.368943490359354e-08 4.719071226350674e-06 27472671.8698446 1814
9.75 6.344202281365488e-08 6.101600738909531e-06 26282543.32219552 2178
10.5 7.47261882021804e-08 7.454010059985111e-06 25951998.11185367 2498
11.25 7.916781910253951e-08 8.406355614876227e-06 25475857.53775147 2622
12 9.897080894222142e-08 1.045763255641014e-05 25104443.71733233 3191
12.75 8.707632420803051e-08 1.080033395567548e-05 23307087.51907602 3044
13.5 7.855153072261494e-08 1.03225287595295e-05 22971272.09652746 2736
14.25 6.234167635852035e-08 9.171707838064583e-06 21865501.28854182 2276
15 5.570228186508755e-08 8.583561916903242e-06 21668465.97784054 2016
15.75 4.736007656685808e-08 7.36493564347607e-06 22104445.19903856 1640
16.5 2.885791552098636e-08 5.273016909650911e-06 21229750.2037989 1056
17.25 2.011362359904058e-08 3.215429654163624e-06 21655193.12757041 683
18 9.162207021909278e-09 1.713181652074388e-06 19540697.05406393 350
18.75 4.601787758974593e-09 1.094885145111866e-06 18589256.67203099 192
19.5 1.287912482579543e-09 2.007721378491256e-07 20295268.94368364 44
20.25 8.337170404876332e-10 9.344322831335561e-08 21600484.17726906 25


0.75 1.105631158662681e-10 1.85598135932645e-09 32591154.90852754 18
1.5 8.139700019958162e-10 1.815590269394606e-08 38348960.96544655 62
2.25 1.747973149696485e-09 6.723732958471618e-08 42792716.23547439 98
3 4.021020773710087e-09 1.826942250608045e-07 37287372.53351533 210
3.75 8.648115194473718e-09 3.492268473710207e-07 37318642.4193926 350
4.5 1.107728915479159e-08 5.331100353772231e-07 33704922.07624497 450
5.25 1.697660913824865e-08 8.685350422646107e-07 34513683.09304404 602
6 2.297189928818455e-08 1.186691743758317e-06 33148851.51817585 762
6.75 3.131437924976972e-08 2.182023766729289e-06 30376944.05789414 1142
7.5 3.741289232975753e-08 2.521480846464735e-06 30228932.60661614 1250
8.25 4.021269753074878e-08 3.181823194879646e-06 27289296.26533205 1458
9 5.171032034102292e-08 4.695986328093721e-06 27636960.97795502 1814
9.75 6.150520183879635e-08 5.848807737232936e-06 26246103.31501205 2178
10.5 7.134462056251505e-08 7.363154668525686e-06 25870651.32152094 2498
11.25 7.414628694069013e-08 8.310674207851364e-06 25050940.57261181 2622
12 9.174299159649313e-08 1.084803051206018e-05 24800298.37399218 3191
12.75 8.451353075938789e-08 1.060613107746427e-05 23460143.28935071 3044
13.5 7.421683848449209e-08 9.702561639289739e-06 22407405.03236057 2736
14.25 6.103328552289124e-08 9.216654362453076e-06 22286753.40237658 2276
15 5.683824921339236e-08 8.422845742721175e-06 22633705.02261931 2016
15.75 4.769190336430058e-08 7.115087731976401e-06 22786842.99945438 1640
16.5 2.895368221211742e-08 5.094477264015391e-06 21813324.43316924 1056
17.25 1.840046697189717e-08 3.450356017217743e-06 21255336.09232338 683
18 8.75783798099638e-09 1.859190784304052e-06 19916697.51044936 350
18.75 4.897518471571943e-09 8.845811032366107e-07 19167706.25411136 192
19.5 1.117102999555015e-09 2.996923179981772e-07 20539097.43058919 44
20.25 8.447124122259953e-10 1.040830284526987e-07 22915852.313007 25


0.75 1.065456618368026e-10 3.132249121316278e-09 38966579.35547664 18
1.5 8.318764877385223e-10 2.049061956186798e-08 41891044.41716886 62
2.25 1.691170526268885e-09 6.072554570406846e-08 41667030.23291485 98
3 4.310681743181812e-09 1.589677004832501e-07 38055597.58813497 210
3.75 7.988229168293756e-09 3.33844062153623e-07 36116218.89700673 350
4.5 1.165562480444558e-08 5.274768144982096e-07 35886144.62421815 450
5.25 1.671509308467963e-08 7.724423037719743e-07 33968824.8166492 602
6 1.911558713256184e-08 1.146599430334639e-06 30005919.7276134 762
6.75 3.170624160502427e-08 2.069416142120761e-06 31099371.96606571 1142
7.5 3.40937263210288e-08 2.584403559445159e-06 29607575.48990616 1250
8.25 3.92696540811264e-08 3.20514378783694e-06 27840205.08297035 1458
9 4.981857647742347e-08 4.616918453322387e-06 27717577.51581086 1814
9.75 6.254440071570013e-08 5.604901161072042e-06 27114007.59454607 2178
10.5 7.003312804757611e-08 7.054888856822872e-06 26073312.53591029 2498
11.25 7.235074407981887e-08 7.601274780476719e-06 24813213.1533097 2622
12 8.996099283410557e-08 1.046584479966039e-05 25031863.51330611 3191
12.75 8.519204510954217e-08 1.028869792317146e-05 24201440.64952369 3044
13.5 6.835413860662726e-08 9.630162319213944e-06 21770755.7207019 2736
14.25 5.810328058932565e-08 8.353441304177664e-06 21652151.58462705 2276
15 5.140469869072627e-08 7.914968883167011e-06 21371079.98106648 2016
15.75 4.301857859797458e-08 6.856243057438513e-06 21591824.98497744 1640
16.5 2.711538513406353e-08 4.546406191940922e-06 20872263.9195959 1056
17.25 1.730540535292577e-08 3.163635884731809e-06 20539454.77907214 683
18 1.027950400213613e-08 1.831879753979112e-06 23180967.33085773 350
18.75 5.833177088440889e-09 1.026482292221161e-06 23473994.37861971 192
19.5 1.142636608074223e-09 2.70091848474489e-07 21017279.60585736 44
20.25 1.125696589627265e-09 7.317465977732624e-08 29496858.96538795 25


0.75 1.845624542090384e-10 4.786098943928864e-09 66643100.3298044 18
1.5 7.581611984250572e-10 1.623822388948414e-08 37804444.10735907 62
2.25 1.632126667581065e-09 4.750596504543588e-08 38481880.39266577 98
3 3.907188109216568e-09 1.818240305008492e-07 39127004.4629308 210
3.75 8.799842546362852e-09 3.114938007309018e-07 38811324.03025064 350
4.5 1.149991596865424e-08 4.665245096290741e-07 35264342.33926662 450
5.25 1.485267276761241e-08 7.853159075524527e-07 32661152.75695623 602
6 2.188582782227203e-08 1.119938459731479e-06 33670118.69962724 762
6.75 2.786579776231043e-08 2.02743592813951e-06 29342806.24491502 1142
7.5 3.299631544195927e-08 2.298618857049669e-06 28800401.10643581 1250
8.25 3.86224573406898e-08 3.330966262408163e-06 28819049.50147568 1458
9 4.725953733589396e-08 4.426751725840957e-06 27266674.88753179 1814
9.75 6.166951998306497e-08 5.192273443258997e-06 27137431.01295011 2178
10.5 6.482689164592814e-08 6.613979889081915e-06 25033500.05709894 2498
11.25 6.928308758485628e-08 7.270558283565936e-06 24545131.97772454 2622
12 8.858103569546966e-08 1.018955334645263e-05 25389300.48185779 3191
12.75 7.726436877830344e-08 9.997087434930755e-06 23108942.57216407 3044
13.5 7.145804292592982e-08 9.635638756200187e-06 23238504.21130993 2736
14.25 5.942137675484672e-08 7.94297207181127e-06 22460406.875574 2276
15 5.052354521439459e-08 7.470221890884322e-06 21481220.42295666 2016
15.75 4.164854487801173e-08 6.668765368879104e-06 21623918.2175896 1640
16.5 2.684234511419144e-08 4.12330521719186e-06 20917944.3331053 1056
17.25 1.698313096509423e-08 3.138913989125145e-06 20881841.79753495 683
18 8.274826588567706e-09 1.795708704219159e-06 20214200.44050056 350
18.75 4.975875799347698e-09 8.476637420713451e-07 20551957.40412091 192
19.5 7.549502766203267e-10 2.122000542188122e-07 15017449.74096267 44
20.25 6.220964299220555e-10 2.013621560532568e-07 22108142.75823965 25


0.75 1.54581993893946e-10 4.491079108057738e-09 60112987.33129382 18
1.5 8.972344767252414e-10 2.750726941561423e-08 52105277.59708998 62
2.25 1.740170406521589e-09 7.011751598464636e-08 47957391.71124692 98
3 4.517053330358826e-09 1.56499407863819e-07 41617781.00753476 210
3.75 7.877305282485072e-09 3.186438476331361e-07 37567643.14936556 350
4.5 1.068197512425217e-08 5.058394544697734e-07 35680805.80316209 450
5.25 1.33442905341714e-08 7.649924941100216e-07 31209573.95340709 602
6 1.854412675645268e-08 1.050684881804838e-06 30462068.16985875 762
6.75 2.87137704232638e-08 1.838051335614191e-06 29862047.46256864 1142
7.5 3.15190782593134e-08 2.312713850409328e-06 28892886.04314874 1250
8.25 3.903309308811888e-08 2.99917734126584e-06 28964284.0227062 1458
9 4.885910368483195e-08 3.939736787964252e-06 27773968.4034793 1814
9.75 5.509630733423066e-08 5.263769588058856e-06 25980916.76044172 2178
10.5 6.38726458519204e-08 6.499600769275415e-06 25449174.23987656 2498
11.25 6.857074650525571e-08 7.044492599844774e-06 24937654.21035333 2622
12 8.527098348265878e-08 9.406290514994483e-06 24950981.77101582 3191
12.75 7.545066192472541e-08 9.754876225537682e-06 23296350.66308914 3044
13.5 6.939656325279919e-08 9.079843916200594e-06 23119014.96839228 2736
14.25 5.403116655062968e-08 7.858019899987748e-06 21546836.66192431 2276
15 4.906952287825012e-08 7.666515098432663e-06 21846868.31256364 2016
15.75 4.260247270338916e-08 6.768992680321183e-06 22795866.73811328 1640
16.5 2.687599927716136e-08 4.141860181267386e-06 21641972.19652516 1056
17.25 1.843753137177804e-08 2.967359344831567e-06 22671634.04532448 683
18 7.604759598656391e-09 1.754719858276978e-06 19496081.39736992 350
18.75 5.007803859755358e-09 8.293095996465067e-07 21237037.55235387 192
19.5 1.435915235545128e-09 2.08915801156126e-07 25499530.90689406 44
20.25 7.710378547501934e-10 3.921910276434374e-08 21186900.90355804 25


0.75 9.532434157512003e-11 4.323585897141117e-09 46347300.4800076 18
1.5 8.100579717701308e-10 2.568182369781457e-08 49079596.66450104 62
2.25 2.239984099834349e-09 4.21925927357474e-08 49304789.12906413 98
3 4.416726626022745e-09 1.509466686295227e-07 41707450.04291008 210
3.75 7.926161733513235e-09 3.274345158609294e-07 39248383.80250841 350
4.5 1.096185450889367e-08 5.171438516339319e-07 37684686.14757363 450
5.25 1.457967393559889e-08 7.623813982377594e-07 33991334.37596349 602
6 1.843440626885627e-08 1.141562535036794e-06 32199917.00441603 762
6.75 2.715864065540914e-08 1.904936566668294e-06 30049524.60110965 1142
7.5 3.205406811877007e-08 2.27261780220936e-06 29954035.19882376 1250
8.25 3.60603238356319e-08 2.840079331178105e-06 27805453.21536996 1458
9 4.256665656523568e-08 3.903253313996859e-06 25969306.87774969 1814
9.75 5.595027301315218e-08 5.505996206422763e-06 27458546.72437188 2178
10.5 6.122068296938949e-08 6.336058571599316e-06 25282120.69948026 2498
11.25 6.940604174356305e-08 7.142718043143732e-06 26043680.54897023 2622
12 8.066462094771197e-08 9.459052986883565e-06 24754127.30488153 3191
12.75 7.707427115182132e-08 9.385934613085428e-06 24148116.5668928 3044
13.5 6.989698273887814e-08 8.450144031315953e-06 23541122.45905485 2736
14.25 5.421662623792856e-08 7.799422610150441e-06 22237871.65093743 2276
15 4.973413854248771e-08 6.881038469359147e-06 22161172.00040463 2016
15.75 4.036280152488487e-08 6.49874162346436e-06 22352059.00921166 1640
16.5 2.425428375202612e-08 3.996958875893872e-06 20462102.21923612 1056
17.25 1.602029682093357e-08 2.81488453432315e-06 20729705.2428141 683
18 8.444437951930338e-09 1.589730302857481e-06 21221398.82328424 350
18.75 4.991563007935344e-09 8.859172793358261e-07 22146517.90325366 192
19.5 1.072236274915596e-09 1.963439770602001e-07 20497392.8337067 44
20.25 9.836575957343555e-10 1.499711424242906e-07 31367234.69137014 25


0.75 1.176274076270385e-10 4.78933100115432e-09 56061464.66152625 18
1.5 6.925980819611941e-10 1.660392540821885e-08 39218857.68931901 62
2.25 1.786004407725673e-09 4.837625060365865e-08 45105134.80875106 98
3 4.661899451800142e-09 1.424595427481446e-07 43719101.4409975 210
3.75 9.405652242752992e-09 2.972050325653646e-07 43914706.86429502 350
4.5 9.852041783932403e-09 5.189497737523514e-07 36421905.41193809 450
5.25 1.275446635028083e-08 6.32551131259016e-07 30120660.53829871 602
6 1.880375387281366e-08 1.075156367681111e-06 32951577.52135234 762
6.75 2.624690874952504e-08 1.90931180030933e-06 30357245.79756787 1142
7.5 3.082851225322694e-08 2.165278123456036e-06 29632682.57569665 1250
8.25 3.297924756148021e-08 2.976298879080131e-06 27458847.50094678 1458
9 4.271876656743306e-08 3.908742486874104e-06 26869210.36892983 1814
9.75 5.329513247657557e-08 5.331006822801425e-06 27122678.68098362 2178
10.5 6.129924842871429e-08 6.23572991291607e-06 25982569.57923403 2498
11.25 6.391660750944093e-08 6.852963629916902e-06 25027621.79163234 2622
12 7.876604184120874e-08 8.871180102146203e-06 24659797.43297141 3191
12.75 7.542870502553583e-08 9.263740753792663e-06 24435626.7188905 3044
13.5 6.480046639147308e-08 8.308698405701819e-06 22850553.48702173 2736
14.25 5.433961771361183e-08 7.348653180317836e-06 22632576.1556724 2276
15 4.87503235500636e-08 7.401690376993773e-06 22927226.23472943 2016
15.75 3.85717807298768e-08 5.92178241925349e-06 21780309.17252687 1640
16.5 2.526798575994479e-08 4.081184651266181e-06 21886717.20887165 1056
17.25 1.486532677066835e-08 2.835723266462952e-06 20242095.86015802 683
18 8.437246380514439e-09 1.454566071914055e-06 21444486.43093902 350
18.75 5.063902790938716e-09 7.822536357759667e-07 22550075.7953576 192
19.5 8.558001438750067e-10 1.988872215108219e-07 17797806.85373056 44
20.25 8.37026742408583e-10 1.031088106344852e-07 26653715.59763473 25


0.75 1.53293082856934e-10 3.295962994559135e-09 58910598.91594502 18
1.5 6.724457670349573e-10 2.243055840121021e-08 44248866.31669849 62
2.25 1.857142079287319e-09 6.165620989369207e-08 51987130.64935489 98
3 4.022044837039688e-09 1.583797158278501e-07 42628221.63453016 210
3.75 6.827989204652234e-09 3.112146051697721e-07 37354843.4282501 350
4.5 9.193607009864703e-09 4.448102665923906e-07 33954386.37342078 450
5.25 1.310001351903937e-08 7.157950102087633e-07 33023807.12113162 602
6 1.502487189114575e-08 1.06252202523637e-06 29357530.57983686 762
6.75 2.696318813487765e-08 1.699064044216987e-06 30605351.6903314 1142
7.5 2.819664427405055e-08 2.069955298879183e-06 28363867.81462079 1250
8.25 3.561905368541832e-08 2.791297836322762e-06 29180690.37209757 1458
9 4.097001128674868e-08 3.715064272740206e-06 26500332.35564676 1814
9.75 5.335710286864703e-08 5.024886337305666e-06 27486987.17860073 2178
10.5 6.152688622546649e-08 5.998252864098428e-06 26566367.36388531 2498
11.25 6.084199298703685e-08 6.716538655478422e-06 24776432.65161201 2622
12 7.511981887807987e-08 8.446585394711094e-06 24244376.71744505 3191
12.75 7.468536097420607e-08 9.17955006802755e-06 24956758.42523322 3044
13.5 6.233474822108393e-08 8.64143623063791e-06 23141271.81591446 2736
14.25 5.231994775108939e-08 6.961366770029824e-06 22382257.41670658 2276
15 4.3642056653598e-08 6.813170079640031e-06 21317804.15857951 2016
15.75 3.730040517387523e-08 5.930565586430404e-06 21905693.87159166 1640
16.5 2.572323247785099e-08 3.899658126746053e-06 22646884.93918585 1056
17.25 1.408419090506502e-08 2.585420412822598e-06 19590339.75670642 683
18 7.469676557755199e-09 1.40989528649411e-06 19980658.03374542 350
18.75 3.850066706805715e-09 1.027273527202719e-06 20081429.35645256 192
19.5 1.411815327034579e-09 2.470389347234757e-07 28450770.11656189 44
20.25 5.598459699294958e-10 1.56569097354516e-07 21633242.54005593 25


0.75 1.742320407400988e-10 4.549951086087502e-09 73453271.66298784 18
1.5 5.399581560257435e-10 2.216654484231851e-08 39945557.59381539 62
2.25 1.210437790921784e-09 5.839740070696723e-08 40822363.40301071 98
3 3.527825879835643e-09 1.349784676896129e-07 38063146.97866626 210
3.75 5.996940154787389e-09 2.695040563048854e-07 33591632.46336711 350
4.5 1.033983156163627e-08 5.022307685083463e-07 39371830.14472713 450
5.25 1.350240942044358e-08 6.509455401019755e-07 33542779.0406214 602
6 1.936131020762315e-08 1.03068079747073e-06 35183095.05356377 762
6.75 2.330275731401693e-08 1.703022273836375e-06 28677168.03204899 1142
7.5 2.862165212986595e-08 2.106191913214809e-06 29672924.19333658 1250
8.25 3.466280457515861e-08 2.591303531906578e-06 28815464.92150162 1458
9 4.200709764693214e-08 3.745248251986886e-06 27833320.76225609 1814
9.75 4.794914006285788e-08 4.624840246673273e-06 25627980.53950039 2178
10.5 5.651946387350266e-08 6.027163158249033e-06 25811881.02447753 2498
11.25 6.134258447239187e-08 6.738939532367673e-06 25694432.37587707 2622
12 7.534598329526998e-08 8.443093021374148e-06 25024557.3314647 3191
12.75 6.989249865389327e-08 8.60676168240897e-06 24070238.05791839 3044
13.5 6.077690065203902e-08 8.086552278088606e-06 22988620.36077057 2736
14.25 5.096599093749383e-08 7.283721455214546e-06 22870821.86428316 2276
15 4.183821298749144e-08 6.525280865867079e-06 21048424.16888884 2016
15.75 3.556661871482946e-08 5.325237643315741e-06 21209006.95409941 1640
16.5 2.145539121753571e-08 3.900675599387872e-06 20323999.83559141 1056
17.25 1.431148179667896e-08 2.50453824567901e-06 20276239.56967171 683
18 7.721460351446587e-09 1.55597348510843e-06 21614264.33254299 350
18.75 3.402816461054936e-09 6.925380050034725e-07 17053622.52111429 192
19.5 6.959457448422541e-10 1.252246475164595e-07 14528772.28968472 44
20.25 5.102250152485592e-10 1.125590568686431e-07 19160407.00291403 25


0.75 1.236154019709487e-10 2.668613812879748e-09 50517003.29005769 18
1.5 8.988591726922223e-10 2.154435162756609e-08 55810279.86796156 62
2.25 1.618145787964556e-09 4.514274094046303e-08 45238934.46982173 98
3 4.146487464217385e-09 1.452541197723927e-07 44670804.57130309 210
3.75 6.120403564942257e-09 2.729308333161683e-07 35255329.49123148 350
4.5 9.71553527554646e-09 4.764762961208537e-07 38289532.60624327 450
5.25 1.284485137458432e-08 6.536157889578827e-07 33522888.80718572 602
6 1.743616189998338e-08 9.583146362690189e-07 33023424.26347682 762
6.75 2.400191673057501e-08 1.673376463983935e-06 29940896.61462629 1142
7.5 2.813840266163296e-08 2.0308252603611e-06 29883444.38719972 1250
8.25 3.120054350209622e-08 2.623155786938651e-06 27766380.86345044 1458
9 4.019563488923535e-08 3.696406304403563e-06 27728651.32905063 1814
9.75 4.746662615232524e-08 4.616293565116289e-06 26218048.56809561 2178
10.5 5.690829932818899e-08 5.45680655885342e-06 25964843.63364574 2498
11.25 5.89882357105804e-08 6.455535942685215e-06 25438890.62231357 2622
12 7.414688545549495e-08 8.071878612706732e-06 25186006.9116628 3191
12.75 6.654300122909961e-08 7.758972376303823e-06 23281588.13679383 3044
13.5 5.888985615578849e-08 7.454434443464235e-06 22661211.36533567 2736
14.25 4.731358209123802e-08 6.663097502012229e-06 21797381.04204326 2276
15 4.041038480694869e-08 6.280059725065932e-06 20930843.63534844 2016
15.75 3.544222752989283e-08 5.362492690322362e-06 21833781.76623861 1640
16.5 2.137773284799682e-08 3.611164172076372e-06 20488999.43450605 1056
17.25 1.487664620459313e-08 2.560668462985926e-06 21635353.89607847 683
18 6.77836582358527e-09 1.316745343261688e-06 19379032.25280546 350
18.75 3.951400476624239e-09 8.000111965489324e-07 20380103.07548676 192
19.5 1.137705507618572e-09 2.267741496643345e-07 25000461.43370881 44
20.25 4.998654410445537e-10 1.479805157424528e-07 20826875.53735272 25


0.75 6.90626952267832e-11 4.581546327556857e-09 47900992.99219268 18
1.5 7.253728136332124e-10 2.185812045435051e-08 50147133.73730416 62
2.25 1.277056272208116e-09 4.001445259613989e-08 38231282.66563851 98
3 4.083488908067445e-09 1.556704563963053e-07 46696097.50475098 210
3.75 5.697938366097922e-09 2.818723375527163e-07 35188994.97634719 350
4.5 9.055915159697504e-09 4.257236196292546e-07 36158410.74881097 450
5.25 1.37276678430977e-08 6.793914869416772e-07 36514271.25577024 602
6 1.514881065578965e-08 1.030989771408874e-06 31868840.27507856 762
6.75 2.395096543835932e-08 1.582796307033891e-06 30183548.1213918 1142
7.5 2.79377644730998e-08 1.862877713480482e-06 29771878.83865743 1250
8.25 3.181789405958082e-08 2.572633566528062e-06 28771571.8196647 1458
9 3.939327575771417e-08 3.483424701347459e-06 27620929.56505014 1814
9.75 4.583738885320217e-08 4.4847460049357e-06 26108460.56439906 2178
10.5 5.357897205219296e-08 5.042887925136472e-06 25030719.3497929 2498
11.25 5.766073097638148e-08 6.052452037575012e-06 25294564.5086587 2622
12 6.912145786826958e-08 7.802191587111272e-06 24404037.74648271 3191
12.75 6.667684509592769e-08 8.000519354554945e-06 24193255.486496 3044
13.5 5.558638518742981e-08 8.055756893503766e-06 22830765.93116157 2736
14.25 4.715984180573411e-08 6.47230468166643e-06 22218595.40377758 2276
15 4.076887647975103e-08 6.167735813512368e-06 21588652.41974476 2016
15.75 3.309093686514311e-08 5.50492426175576e-06 21480617.33483974 1640
16.5 2.262031105355581e-08 3.788187399329839e-06 22271903.0225367 1056
17.25 1.332033778819247e-08 2.617084749062887e-06 20593583.98465871 683
18 6.903089531611676e-09 1.3373776109335e-06 20304103.69272454 350
18.75 3.734402873031928e-09 8.290983511719333e-07 20271476.51394742 192
19.5 6.050740827319268e-10 1.482609367606241e-07 14369083.65044668 44
20.25 5.833384668020402e-10 1.102587613278547e-07 22489624.59106965 25


0.75 1.081037413782043e-10 3.793890182999178e-09 55941641.17616862 18
1.5 7.536216302663939e-10 2.513704346608267e-08 55764248.65807699 62
2.25 1.464510349037869e-09 3.970707284986692e-08 42936649.21309518 98
3 3.460800608082771e-09 1.28332235333514e-07 40314957.19775549 210
3.75 7.175059285412917e-09 2.425927975834451e-07 39709778.85057887 350
4.5 9.023926940389947e-09 3.888919065330057e-07 35969648.16142879 450
5.25 1.242663724313015e-08 6.45765701294198e-07 34602397.71484653 602
6 1.575038084721174e-08 8.898831603415767e-07 31889642.08741276 762
6.75 2.406771656926698e-08 1.501877775943935e-06 30624676.32498828 1142
7.5 2.865271933743968e-08 1.873714425149313e-06 31239406.75360301 1250
8.25 3.0463699510747e-08 2.356987209891426e-06 27955349.27343535 1458
9 3.757331480889935e-08 3.242207755583079e-06 26907548.23888787 1814
9.75 4.519757440044229e-08 4.194717528816135e-06 26072075.35689846 2178
10.5 5.214446111068471e-08 5.127477097710677e-06 25385966.33207758 2498
11.25 5.595141597696101e-08 6.091775918253148e-06 25525220.51181116 2622
12 6.86938673895617e-08 7.741233436059527e-06 24951038.82281718 3191
12.75 6.666948365041793e-08 7.492813557304132e-06 24481628.86940698 3044
13.5 5.731815892211497e-08 6.995149209550824e-06 23154573.79390643 2736
14.25 4.746407183253276e-08 6.259862244532733e-06 22789121.82340866 2276
15 4.068961076439823e-08 5.886339325012672e-06 21930163.17998619 2016
15.75 3.435026974240289e-08 5.29030297751727e-06 22515574.13119324 1640
16.5 2.12520089420045e-08 3.435416269958467e-06 21356152.3782372 1056
17.25 1.385140553784144e-08 2.389929748310556e-06 21355391.31018656 683
18 6.973090435051446e-09 1.281895143204307e-06 20853212.70447998 350
18.75 3.749453348967426e-09 8.351919312415369e-07 20965380.62656249 192
19.5 7.683820948751163e-10 1.961903617029976e-07 18980780.40582186 44
20.25 4.330737233529669e-10 9.287158088446324e-08 17643800.85624051 25


0.75 9.291725673009173e-11 3.446302958137447e-09 50627758.47545604 18
1.5 6.174620765089026e-10 2.13825419335802e-08 47689079.01292409 62
2.25 1.490125033426734e-09 4.457370910206891e-08 46424965.92243457 98
3 3.954322606451213e-09 1.421982709852876e-07 46816030.0194998 210
3.75 6.591830819011943e-09 2.464826496784465e-07 38777236.69022391 350
4.5 8.12391266942405e-09 3.983524118815258e-07 34864957.76066516 450
5.25 1.246949987694499e-08 6.33308378761154e-07 35416347.83829205 602
6 1.677295995944451e-08 7.766123558570212e-07 32777489.94311994 762
6.75 2.344469704687518e-08 1.499149225178989e-06 30925861.53301235 1142
7.5 2.498826088328962e-08 1.762049605333101e-06 28691256.8859511 1250
8.25 3.052435510808656e-08 2.308244204770636e-06 28600561.62447743 1458
9 3.654457378484688e-08 3.322177442484033e-06 27364424.10068428 1814
9.75 4.449870530552986e-08 4.242259846906974e-06 26615367.34073658 2178
10.5 5.022526951504529e-08 5.325198670290548e-06 25715180.12175196 2498
11.25 5.225190980429725e-08 5.840697335633633e-06 24704527.053235 2622
12 6.524677818513143e-08 7.28058683428949e-06 24309713.27597618 3191
12.75 6.307216498983494e-08 7.486087754175704e-06 24157403.54580955 3044
13.5 5.514285827565008e-08 7.486565106895213e-06 23550639.31454518 2736
14.25 4.391622938657726e-08 6.372368398831732e-06 22220428.2211833 2276
15 3.886828031542427e-08 5.795946061816023e-06 21710093.10593945 2016
15.75 3.409572493866389e-08 4.914175088302098e-06 22632705.53619196 1640
16.5 1.986090878695485e-08 3.440169099699648e-06 20873075.79668247 1056
17.25 1.264242642585389e-08 2.258642201549258e-06 20213695.87405723 683
18 7.10097171827371e-09 1.294128819714398e-06 21800552.85910117 350
18.75 3.816558720599973e-09 6.261537069248269e-07 20512006.38815472 192
19.5 8.893985120507042e-10 1.604687135454736e-07 20864233.7494681 44
20.25 5.961404706252928e-10 6.773326646192356e-08 22403366.70365199 25


0.75 9.631202479491018e-11 3.134490565670073e-09 51160684.18680879 18
1.5 5.760396016973467e-10 1.724189207336229e-08 43326764.15758673 62
2.25 1.238411306924276e-09 4.041195331940641e-08 41039358.02916986 98
3 3.578355690655475e-09 1.320622453950183e-07 44083292.83944971 210
3.75 6.657724957360041e-09 2.407871275614906e-07 39913642.46964493 350
4.5 8.905189311537585e-09 3.663287387450369e-07 37020265.80509357 450
5.25 1.161136563532032e-08 5.655394363619158e-07 33488964.28820173 602
6 1.538450717193734e-08 7.98845760062947e-07 32083243.41871709 762
6.75 2.389840361435892e-08 1.49713677432788e-06 32240983.06816326 1142
7.5 2.390580229946476e-08 1.768636402535287e-06 28708642.20321971 1250
8.25 2.799779062507562e-08 2.267047124084859e-06 27599665.01776774 1458
9 3.532174181036361e-08 3.116112924537785e-06 26964817.53942119 1814
9.75 4.527847182463497e-08 4.068519209912648e-06 27385164.64359255 2178
10.5 5.043455099950766e-08 5.060791032722146e-06 26144430.38367987 2498
11.25 5.137887505054785e-08 5.719893915780298e-06 24970435.7543514 2622
12 6.248626071402601e-08 7.373900142180207e-06 24331652.35872955 3191
12.75 5.679844665482201e-08 7.147913155497186e-06 22740056.0868521 3044
13.5 5.425416088357564e-08 6.735314613714432e-06 23296228.75331033 2736
14.25 4.103211384908217e-08 6.249455407199835e-06 21641002.03469365 2276
15 3.846247923631073e-08 5.787979142773463e-06 22155949.62438593 2016
15.75 3.133530955216851e-08 4.965313359947847e-06 21888325.25806319 1640
16.5 1.817592520846237e-08 3.041891128499673e-06 19489935.07320484 1056
17.25 1.299036673821056e-08 2.193455381555014e-06 21090521.29947409 683
18 6.665476924088196e-09 1.276950264159934e-06 21297114.32048253 350
18.75 3.263095604081546e-09 6.270364605338163e-07 18649120.44484009 192
19.5 9.423456912095062e-10 1.171316084066525e-07 21324880.01094243 44
20.25 4.517426314787158e-10 7.760756536743983e-08 18626542.82012908 25


0.75 8.538576226627324e-11 2.662790899588002e-09 45874350.81192109 18
1.5 5.21314538261063e-10 1.732966324591413e-08 42005010.11110901 62
2.25 1.418482797120757e-09 3.198746666419929e-08 42912396.1740732 98
3 3.695016278053521e-09 1.168032310790464e-07 44365389.0227123 210
3.75 5.641744967288514e-09 2.737735191757862e-07 38758080.56777562 350
4.5 8.211323041678134e-09 3.816885524975521e-07 36627214.60910258 450
5.25 1.194696682868426e-08 6.153737911433647e-07 36133988.88895275 602
6 1.490012424412107e-08 9.25201699454694e-07 33962973.81672101 762
6.75 2.218823095266073e-08 1.442320931965879e-06 31171754.73148399 1142
7.5 2.344238685406814e-08 1.64322386558671e-06 28450342.00880518 1250
8.25 2.513467880098486e-08 2.139233718877137e-06 25905927.40592277 1458
9 3.565263714916668e-08 3.240972677839818e-06 28261210.8344896 1814
9.75 4.216222680055666e-08 3.814768330395527e-06 26279748.48077139 2178
10.5 4.655320868200111e-08 4.71404489053476e-06 24884428.07328472 2498
11.25 5.176689652190736e-08 5.410057898789818e-06 25412971.34711133 2622
12 6.272521965783185e-08 7.125232609040843e-06 24853809.56299503 3191
12.75 5.828474305200067e-08 7.024596114900873e-06 23719843.4041847 3044
13.5 5.206492229662047e-08 6.717768344855178e-06 23215860.27723791 2736
14.25 3.927179519506512e-08 6.060821012855379e-06 21375198.54673158 2276
15 3.711124146397427e-08 5.657610138519629e-06 22054450.76650754 2016
15.75 2.990416036364934e-08 4.737561495108202e-06 21477698.58071497 1640
16.5 1.979609694337919e-08 3.132256630528351e-06 21540811.04362524 1056
17.25 1.231920522639748e-08 2.154915098301755e-06 20733436.80586791 683
18 6.026447791511441e-09 1.251846927094856e-06 20190820.45224921 350
18.75 2.83814608597543e-09 6.534166373468914e-07 17410477.94976069 192
19.5 8.360214519378568e-10 1.493112598608421e-07 20703129.83489124 44
20.25 6.077229202240469e-10 9.812547105578301e-08 25478640.83821156 25


0.75 8.966389123711426e-11 4.312206349222099e-09 60036416.42548698 18
1.5 6.426633954862714e-10 2.547198935823955e-08 57161015.26967336 62
2.25 9.398992662417817e-10 3.950897354240451e-08 36395641.61087434 98
3 2.937371452984202e-09 1.234147495054818e-07 40183492.05382332 210
3.75 5.83262353452743e-09 2.191327382275721e-07 37414650.98212213 350
4.5 8.464942093774988e-09 3.630185199591487e-07 37695777.26678571 450
5.25 1.053666976940103e-08 5.107787517163638e-07 32051208.00019325 602
6 1.418828985897155e-08 8.077707760321077e-07 32219471.25491239 762
6.75 2.014350821927066e-08 1.34761865334137e-06 29347272.60972684 1142
7.5 2.21970283969696e-08 1.830805158609895e-06 29235989.03189705 1250
8.25 2.813436979602992e-08 2.040142179845702e-06 28304975.85531765 1458
9 3.51738335901452e-08 2.845779480410591e-06 27622201.54388743 1814
9.75 4.257558581864251e-08 3.825663339003033e-06 27201746.48920196 2178
10.5 4.56362782252473e-08 4.6352381942924e-06 25079360.61455549 2498
11.25 5.00937742413853e-08 5.228758400868119e-06 25251365.5543721 2622
12 5.912959172197535e-08 6.752446736485813e-06 24101477.97115637 3191
12.75 5.616621847839508e-08 6.769170241307876e-06 23480052.669683 3044
13.5 4.92830321614266e-08 6.578850740647071e-06 22776330.29472119 2736
14.25 4.053862312496529e-08 6.19049098573844e-06 22601934.49294272 2276
15 3.573920095228375e-08 5.421564401908357e-06 21791748.16889973 2016
15.75 3.066460898673278e-08 4.780110238307376e-06 22536642.70758657 1640
16.5 1.832644062892862e-08 3.187814671676025e-06 20954882.55939766 1056
17.25 1.276092247994841e-08 2.014539627911841e-06 21562119.56532252 683
18 5.416784490995248e-09 9.701461047721999e-07 18002532.69947001 350
18.75 3.957703403725131e-09 6.064199639037262e-07 22818355.44827408 192
19.5 9.251139955000464e-10 1.511020041877346e-07 23136934.850222 44
20.25 2.958534220801558e-10 6.800274235149197e-08 13687274.07409121 25


0.75 1.076117860744551e-10 2.665081385547524e-09 56040576.86611322 18
1.5 5.447343110851503e-10 1.350702733990337e-08 41666100.06534135 62
2.25 1.057854363036059e-09 4.226709468683657e-08 41198208.04461944 98
3 2.79385267847645e-09 1.186174862765303e-07 39435350.09851855 210
3.75 5.377056838812244e-09 2.195830827389507e-07 36495132.9775498 350
4.5 7.746979911335061e-09 3.412159232252589e-07 35770236.22801065 450
5.25 1.074389190123425e-08 5.209958022546806e-07 33582317.05543667 602
6 1.331064867615624e-08 8.9421473314729e-07 32952597.10273188 762
6.75 2.115956566719391e-08 1.330698920060284e-06 31021026.04134453 1142
7.5 2.261119256867999e-08 1.795681920584744e-06 30189538.66536323 1250
8.25 2.596047172570585e-08 2.142368980282908e-06 27946194.60297996 1458
9 3.073727294440911e-08 2.911955513949862e-06 26059017.0424934 1814
9.75 3.926632037623617e-08 3.784623572284146e-06 26322381.1018596 2178
10.5 4.553448658807075e-08 4.606680603264795e-06 25677654.35039658 2498
11.25 5.064674607008906e-08 5.168996349437027e-06 26066207.51863564 2622
12 5.761223694338019e-08 6.995636689998604e-06 24543336.92792852 3191
12.75 5.467653189665011e-08 6.463759037937756e-06 23363095.91861168 3044
13.5 4.64763157806369e-08 6.679688309408805e-06 22512801.33974376 2736
14.25 4.004326205297866e-08 5.79807320666587e-06 22611296.09350367 2276
15 3.648590422914544e-08 5.493077891356084e-06 22810277.24668251 2016
15.75 2.941635880546781e-08 4.605138673973861e-06 22232170.37357264 1640
16.5 1.824570535375103e-08 2.934764045594458e-06 21032696.44125831 1056
17.25 1.211069559398954e-08 2.234567377448646e-06 21786483.83886041 683
18 5.944355513700651e-09 9.829664582071375e-07 19947393.28035102 350
18.75 3.13320047925972e-09 6.61813254840731e-07 19859839.18820281 192
19.5 8.428704762630201e-10 1.311587553406188e-07 21465604.2726808 44
20.25 5.267064523050084e-10 8.922875574111493e-08 23507562.23428866 25


0.75 6.706913433533694e-11 1.485394074893017e-09 34480878.94365892 18
1.5 4.985514211719601e-10 1.158952200066529e-08 38269395.23535717 62
2.25 1.045486507017947e-09 4.074155158992543e-08 41328563.51460253 98
3 2.927143853970167e-09 1.13161218567558e-07 40847832.79214787 210
3.75 5.283720533335605e-09 2.117276724186311e-07 36526571.90763129 350
4.5 8.252044845504016e-09 3.672891889734114e-07 39221306.1745008 450
5.25 1.039344904291224e-08 5.858163078532584e-07 35141386.6607522 602
6 1.214035850852272e-08 7.947611479652496e-07 30541523.16909613 762
6.75 1.90673245827844e-08 1.316598171454804e-06 29606095.79329927 1142
7.5 2.312207887467133e-08 1.694530446458544e-06 30823839.04239862 1250
8.25 2.605369600575784e-08 2.134732170258334e-06 28713020.94415507 1458
9 3.173212599449456e-08 2.999929340817481e-06 27590380.7269001 1814
9.75 3.648473109439568e-08 3.568901201499107e-06 25215542.75443158 2178
10.5 4.405675344829717e-08 4.50424292131953e-06 25576329.68850197 2498
11.25 4.809306605527102e-08 5.039545220366002e-06 25588598.85534851 2622
12 5.878346792925738e-08 6.597068786010606e-06 25143925.33993994 3191
12.75 5.436208792082758e-08 6.462091524067097e-06 23875792.2556371 3044
13.5 4.917456608553191e-08 6.127152620869199e-06 23541239.26259339 2736
14.25 3.863952816395031e-08 5.160146212235912e-06 21939121.89073263 2276
15 3.340731843458684e-08 5.09270384308504e-06 21506791.98842733 2016
15.75 2.724263590652768e-08 4.29951136186414e-06 21176919.64010016 1640
16.5 1.758084629129414e-08 2.814729439228709e-06 20781059.27487212 1056
17.25 1.104377136777074e-08 2.189814036930485e-06 20765649.24963649 683
18 5.731757955181409e-09 1.091900209992049e-06 20374518.48323957 350
18.75 3.346890190160639e-09 5.740654663151767e-07 20799736.43073151 192
19.5 7.620293639265485e-10 1.652243257364207e-07 21314882.81894746 44
20.25 4.665317608473703e-10 8.747578633195005e-08 21789102.90755694 25


0.75 1.039088265513238e-10 2.223389204369113e-09 54366761.5144574 18
1.5 4.619135389663335e-10 1.235190080921964e-08 38169191.08086141 62
2.25 9.482562348769559e-10 4.156254020537504e-08 40483624.92682788 98
3 2.884368262550423e-09 1.212134942350316e-07 42722590.83886471 210
3.75 4.984729688423575e-09 2.139247161431512e-07 36304618.70760917 350
4.5 6.003562338607721e-09 3.676112300307089e-07 33138834.98512583 450
5.25 9.94735735631919e-09 5.189557517757582e-07 33594433.60140642 602
6 1.295057437067145e-08 7.414221079646525e-07 31898839.06812215 762
6.75 1.992704018925479e-08 1.242683429175111e-06 30699923.57062757 1142
7.5 2.101311461705365e-08 1.472753801472511e-06 28353680.68096772 1250
8.25 2.706381220310094e-08 2.136375172323585e-06 30263803.02981038 1458
9 3.184675028514108e-08 2.770317212196943e-06 27682812.3567629 1814
9.75 3.680000573747858e-08 3.535822842788694e-06 25973381.16149463 2178
10.5 4.319223897385215e-08 4.438586864104258e-06 25787874.12053744 2498
11.25 4.718931560221786e-08 4.704025274720611e-06 25432929.25050679 2622
12 5.367666032639353e-08 6.409550387110672e-06 23985121.15406124 3191
12.75 5.347785313351076e-08 6.497722880238872e-06 24257287.39883951 3044
13.5 4.532750472861559e-08 5.884699743113298e-06 22516050.90119984 2736
14.25 3.750051116539597e-08 5.340237165308451e-06 22220979.44005954 2276
15 3.378174865967146e-08 4.917436565274473e-06 22072695.53375029 2016
15.75 2.733746803256771e-08 4.375349006581833e-06 21894112.42164301 1640
16.5 1.701712014452203e-08 2.991093873786773e-06 21121878.93339218 1056
17.25 1.081348922116478e-08 2.109204409738306e-06 20787962.2517951 683
18 5.735446628223722e-09 9.443123114589817e-07 20266387.84972527 350
18.75 3.513014465171257e-09 5.461247597001786e-07 21988688.62565074 192
19.5 7.649728013647933e-10 2.211226343754326e-07 23660830.292578 44
20.25 5.801330380903423e-10 7.221640914443921e-08 25972296.92261083 25


0.75 5.047770169269715e-11 1.580462815160069e-09 30931617.11501656 18
1.5 6.475771885691748e-10 1.442930651782711e-08 51644938.37802149 62
2.25 1.226153396677652e-09 3.85703693212949e-08 46976741.24246335 98
3 3.337404818985396e-09 9.528178901222686e-08 44109560.9689222 210
3.75 5.134439402863495e-09 2.243849196942561e-07 38591163.38495497 350
4.5 7.213016127470311e-09 3.333774899126842e-07 36581170.88288878 450
5.25 8.954357118447825e-09 5.166760498143022e-07 32161639.88361926 602
6 1.322730429816327e-08 7.341530650223773e-07 33052300.23129614 762
6.75 1.82759381944384e-08 1.332624346222501e-06 30471495.82194524 1142
7.5 1.999090008326545e-08 1.679760595223062e-06 29430771.13114795 1250
8.25 2.497144964941124e-08 2.100884168295127e-06 29236374.23994098 1458
9 3.056888469202402e-08 2.593827048915389e-06 27039328.98497576 1814
9.75 3.599962843465939e-08 3.338552936063212e-06 25778177.00092706 2178
10.5 4.313033350116354e-08 4.374489193668469e-06 26307528.0939344 2498
11.25 4.470587132656836e-08 4.559904997339438e-06 24864850.98039395 2622
12 5.630957163894228e-08 5.870567573210517e-06 24877810.20711978 3191
12.75 5.217399516022425e-08 6.001024236469751e-06 23928594.94146875 3044
13.5 4.737250164684137e-08 5.997961026766693e-06 23981762.22822696 2736
14.25 3.803214838907517e-08 5.3917355232327e-06 23089528.97334205 2276
15 3.222902420974956e-08 4.911098740221037e-06 21850350.92613948 2016
15.75 2.550131197745599e-08 3.901184862255125e-06 20721516.65329387 1640
16.5 1.720677502103126e-08 2.941668404906378e-06 21759475.85921232 1056
17.25 9.540539121966219e-09 1.858876566371288e-06 18810070.21276155 683
18 4.696924207561258e-09 1.016024641885587e-06 18144231.35099956 350
18.75 3.280196100337233e-09 5.899689953113266e-07 21683216.24694397 192
19.5 9.148172593971636e-10 8.827964268804531e-08 23489376.42691494 44
20.25 4.202181543901676e-10 7.206746797160122e-08 20322836.26336394 25


0.75 5.525191298694911e-11 2.08439709788267e-09 37559176.14076763 18
1.5 5.321471869642033e-10 1.863354424743192e-08 51118934.27847995 62
2.25 1.132201784891201e-09 3.707125468839327e-08 45124610.16275305 98
3 2.841135680120543e-09 9.091408199151123e-08 39955267.56024178 210
3.75 5.059935537338997e-09 2.157039567534926e-07 38625625.84524775 350
4.5 6.698273667044765e-09 3.143230383433801e-07 35018529.11986355 450
5.25 1.00267432047591e-08 4.820101319236079e-07 34600714.20727052 602
6 1.195231029470429e-08 7.408782923378945e-07 31824197.05345914 762
6.75 1.790168945224459e-08 1.237442969814352e-06 30027116.39750396 1142
7.5 2.048460329930003e-08 1.517624223301278e-06 29596284.93700107 1250
8.25 2.397981964741946e-08 1.922227317936154e-06 28336291.88392586 1458
9 2.979646094411464e-08 2.549042685526162e-06 27095943.02443947 1814
9.75 3.692512484200235e-08 3.233193012431379e-06 26659234.98393897 2178
10.5 4.042817324252995e-08 4.057566169509925e-06 25210619.10754601 2498
11.25 4.860274147785607e-08 4.523631329948706e-06 27058455.5638416 2622
12 5.456886043787519e-08 6.04336930962316e-06 25120299.2367641 3191
12.75 4.933807087691495e-08 5.850857565415358e-06 23390592.64515752 3044
13.5 4.363865326382009e-08 5.623606396505189e-06 22759724.12165615 2736
14.25 3.432952359451122e-08 5.014839198653463e-06 21543544.82374024 2276
15 2.879483556988492e-08 4.709939478461189e-06 20397624.47632217 2016
15.75 2.622014468710783e-08 4.277172327382224e-06 22198594.56790533 1640
16.5 1.694320697286852e-08 2.948673900544275e-06 22072053.73769163 1056
17.25 1.058504799947306e-08 1.918040492804248e-06 21024924.03119983 683
18 4.839150021755913e-09 1.036961971235629e-06 19127073.92247085 350
18.75 2.943585033394605e-09 5.308362523797471e-07 19968506.71615482 192
19.5 8.641269444271557e-10 1.097889033919059e-07 23608534.68287259 44
20.25 4.474968326011256e-10 9.117423840356125e-08 22965038.4689487 25


0.75 5.22749524464623e-11 2.662637135040099e-09 42127648.59369693 18
1.5 6.022298307295045e-10 1.557569070785641e-08 53037756.77498271 62
2.25 1.028509881574592e-09 3.742257453433955e-08 43824049.37905455 98
3 2.919793868554981e-09 9.067028282454079e-08 41744220.28726429 210
3.75 5.345807367932749e-09 2.046939169572746e-07 40300554.58764645 350
4.5 6.661768011239519e-09 3.093495555203851e-07 35614879.60752414 450
5.25 8.553987574974236e-09 4.749883633613176e-07 31871127.52811078 602
6 1.24501954581753e-08 7.461204056778075e-07 33611886.42314044 762
6.75 1.751592300126205e-08 1.180302580885813e-06 29881580.22472447 1142
7.5 2.024941444873858e-08 1.355899250471207e-06 29055814.5765711 1250
8.25 2.239135158681788e-08 1.823239609800636e-06 27287957.31750108 1458
9 2.823541165848575e-08 2.509095588353478e-06 26661779.80531815 1814
9.75 3.406057351895673e-08 3.416596706286668e-06 26291553.1886039 2178
10.5 3.834816186440821e-08 4.073479658182659e-06 24953193.79706925 2498
11.25 4.330569361022885e-08 4.48869760812349e-06 25454602.07046789 2622
12 5.130235530475634e-08 5.958561129557755e-06 24546041.7710885 3191
12.75 4.780102904740576e-08 6.087549198003744e-06 23697886.17123599 3044
13.5 4.251559806539233e-08 5.560404607260704e-06 22834755.27476059 2736
14.25 3.605372421929872e-08 5.013336319111681e-06 22914725.09196687 2276
15 3.233893985761583e-08 4.610896235323716e-06 22688436.08172254 2016
15.75 2.566904597143495e-08 4.116176613599649e-06 22197015.54552776 1640
16.5 1.640601188391146e-08 2.46073106353046e-06 21173272.53082623 1056
17.25 9.999774631723599e-09 1.669959235600506e-06 19990202.88767708 683
18 5.09945939690662e-09 1.074879919552994e-06 20587811.38226874 350
18.75 2.637138863847532e-09 6.001140609910314e-07 19366050.70879902 192
19.5 6.233258963197858e-10 1.391916378191207e-07 19453199.30691419 44
20.25 3.403303060491448e-10 5.317807474897547e-08 17033111.63670457 25


0.75 5.418137426801921e-11 2.747356841073561e-09 44657297.00339542 18
1.5 5.134261683448327e-10 1.49831972959443e-08 48394414.21108817 62
2.25 1.304133246399734e-09 3.207983102459865e-08 49704526.51596002 98
3 2.181104305447977e-09 8.972856006311536e-08 35437415.91709051 210
3.75 4.438264483534363e-09 1.73176548765196e-07 34544555.01340973 350
4.5 6.698526279835655e-09 2.650501632899461e-07 34783320.40075586 450
5.25 8.141128920163834e-09 4.742823334881089e-07 31666902.87980901 602
6 1.179601679757803e-08 7.079431090451525e-07 32674369.14804685 762
6.75 1.805993762281648e-08 1.218789930991134e-06 31610208.85466027 1142
7.5 1.933057607144111e-08 1.438014744946509e-06 29427669.06986345 1250
8.25 2.301067224742185e-08 1.852754352926494e-06 28650945.04437049 1458
9 2.546625194455069e-08 2.382845268413474e-06 25072880.17449236 1814
9.75 3.254470590977841e-08 3.410027455632655e-06 26122860.6771623 2178
10.5 3.936172105934401e-08 4.004595335136069e-06 25925373.21563975 2498
11.25 4.092730665760116e-08 4.52190228161935e-06 25116076.50854004 2622
12 5.003386653525319e-08 5.659220981743622e-06 24367449.03914082 3191
12.75 4.643960150049599e-08 5.639304490751384e-06 23304243.62534817 3044
13.5 4.262656762867196e-08 6.023768039273417e-06 23966729.96917867 2736
14.25 3.666618505431313e-08 4.951224297623062e-06 23718181.40926737 2276
15 2.857690647213983e-08 4.588409847478639e-06 21185277.98357569 2016
15.75 2.397092897431586e-08 3.725686110780572e-06 21091069.80949892 1640
16.5 1.552618465683869e-08 2.581488592033882e-06 21036841.22616808 1056
17.25 9.524357720950623e-09 1.727838228117303e-06 19901102.90901397 683
18 5.269313486832551e-09 9.505811767866339e-07 21015238.02144945 350
18.75 3.31973529555986e-09 5.05877202055242e-07 22907564.07094299 192
19.5 5.736893051727297e-10 1.474679067997009e-07 19013096.79530887 44
20.25 4.212525446159849e-10 7.580149451212365e-08 22174428.83023176 25


0.75 5.835106871089382e-11 1.287463051187781e-09 34989431.33584276 18
1.5 4.74921169913324e-10 1.232969569373328e-08 44096782.28867332 62
2.25 8.598228958419741e-10 3.251556133360984e-08 39133883.10713573 98
3 2.609979336267106e-09 8.33343068972796e-08 39643556.18876354 210
3.75 4.73596060359841e-09 1.868622114052021e-07 37960248.94434218 350
4.5 5.659392286255379e-09 2.52471958976943e-07 31377563.33641964 450
5.25 7.072589076325905e-09 4.590546551420194e-07 29422901.88896698 602
6 1.145661538340521e-08 6.422631285512891e-07 31789074.43494823 762
6.75 1.682493261742729e-08 1.047339379773412e-06 29390432.86590283 1142
7.5 1.728534648047883e-08 1.45237550445643e-06 28149164.71923484 1250
8.25 2.144873324777338e-08 1.787364652368969e-06 27691883.20718927 1458
9 2.601443818316152e-08 2.412900158776627e-06 26183978.18958346 1814
9.75 3.218674135892852e-08 3.194329588768022e-06 26030463.16500723 2178
10.5 3.99130373903881e-08 3.914558133988006e-06 26666533.2633794 2498
11.25 4.010550355090442e-08 4.248325012595508e-06 24931488.2516049 2622
12 4.800076056521631e-08 5.753713374818846e-06 24356443.50794195 3191
12.75 4.682823814550379e-08 5.389440525689129e-06 23756175.04292751 3044
13.5 4.005992684297253e-08 5.378215930505531e-06 22771577.17358277 2736
14.25 3.280229727671356e-08 4.643498166380352e-06 22013555.09150167 2276
15 3.036319138321213e-08 4.598939821961551e-06 22727989.94507466 2016
15.75 2.350719219543343e-08 3.67158945901769e-06 21227206.45275721 1640
16.5 1.529819093365152e-08 2.521725649087971e-06 21204171.44420069 1056
17.25 9.456466185714434e-09 1.725407307102152e-06 20282412.74013624 683
18 4.88623579528292e-09 9.07186453913823e-07 20106679.91271866 350
18.75 2.828428923710238e-09 4.825493566143292e-07 20447972.45207447 192
19.5 4.701370153844899e-10 8.569748853125512e-08 14749424.3628085 44
20.25 4.905364041769079e-10 8.26147655722835e-08 26143911.93899881 25


0.75 5.477084906943389e-11 2.696014829567886e-09 46680227.1527655 18
1.5 4.49496044678088e-10 1.128250403105887e-08 42301803.79732868 62
2.25 9.279228889261616e-10 2.558571935722827e-08 38577680.82103772 98
3 2.498596587990449e-09 9.109237694434373e-08 40750815.26175353 210
3.75 4.661644053494639e-09 1.690969471370493e-07 37206184.31250466 350
4.5 5.987309819758798e-09 2.829624532802339e-07 34721585.87986235 450
5.25 7.992692905455948e-09 4.645783939004998e-07 32639941.65431715 602
6 1.034507620839743e-08 6.507964125442783e-07 30621021.60805035 762
6.75 1.566797295492376e-08 1.15073695559976e-06 29691535.26960969 1142
7.5 1.783273455716641e-08 1.388444515049939e-06 28967876.16501997 1250
8.25 2.061560544760946e-08 1.680535603040414e-06 27076980.57290461 1458
9 2.475043690466422e-08 2.35903478125006e-06 25756169.512165 1814
9.75 3.065504441942474e-08 2.994635695307922e-06 25278429.5834861 2178
10.5 3.724448926062942e-08 3.739850947962682e-06 25671690.93725079 2498
11.25 3.806989930763922e-08 4.070195631387304e-06 24312859.0884105 2622
12 4.727751113966373e-08 5.582577441500465e-06 24476793.61393556 3191
12.75 4.520128356707703e-08 5.660549899691754e-06 24024636.40022346 3044
13.5 3.955717101509438e-08 5.306608189012683e-06 23035194.7619548 2736
14.25 3.299464381625378e-08 4.775982129695852e-06 22819935.35591571 2276
15 2.685259192208896e-08 4.247879686457103e-06 20827233.04199731 2016
15.75 2.235955782425236e-08 3.813189208203897e-06 21149512.26980908 1640
16.5 1.502573029605832e-08 2.47152130426476e-06 21328447.60599084 1056
17.25 9.896923250654825e-09 1.693424888321204e-06 21423124.52457596 683
18 4.555303995234439e-09 9.200191829411958e-07 19593361.2505847 350
18.75 3.05660121610481e-09 5.410310443471369e-07 22813018.45063079 192
19.5 5.981091680629711e-10 1.139782031798434e-07 19402671.93382089 44
20.25 4.680706869085253e-10 6.178299948264316e-08 24561314.31961194 25


0.75 5.341142466499373e-11 1.754909844002944e-09 38825944.20716623 18
1.5 3.711356130837471e-10 1.024468093590821e-08 36975730.76752047 62
2.25 9.234973607443445e-10 3.045500565738265e-08 41888851.82355878 98
3 2.310145995450539e-09 8.157670990027492e-08 38176959.45850785 210
3.75 4.857825325886662e-09 1.676359676000948e-07 39097370.55509231 350
4.5 5.714572078209463e-09 2.620737278456512e-07 33599887.08016257 450
5.25 8.419853368559257e-09 4.197613897839147e-07 33353708.97748895 602
6 1.101647321412579e-08 6.402579471724668e-07 32494668.78069755 762
6.75 1.62262445695835e-08 1.048033214826942e-06 30126551.25627135 1142
7.5 1.763694407764828e-08 1.306772561722345e-06 28866794.86379235 1250
8.25 2.102460283364207e-08 1.702383776781416e-06 28232329.78882372 1458
9 2.487467163090226e-08 2.191869431953207e-06 25856316.47971839 1814
9.75 3.219577713622027e-08 2.934715520693856e-06 26635705.07548845 2178
10.5 3.681775692680849e-08 3.63412719343938e-06 25871617.48695366 2498
11.25 3.925285681061083e-08 4.168877794843739e-06 25635159.6281829 2622
12 4.530428646734892e-08 5.321590899405114e-06 23994450.38969388 3191
12.75 4.317712375251007e-08 5.305396599558872e-06 23390710.21332996 3044
13.5 3.792431210866512e-08 5.015238565861847e-06 22539390.69441374 2736
14.25 3.243226251599327e-08 4.527923796482791e-06 22765772.82659116 2276
15 2.700287915358241e-08 4.240906838135537e-06 21414956.85643716 2016
15.75 2.270446107202261e-08 3.710419787458015e-06 21762270.99761483 1640
16.5 1.412676068483361e-08 2.364111161572942e-06 20626851.37212678 1056
17.25 9.084761234645504e-09 1.617707231313078e-06 20333240.31055047 683
18 4.548808104747964e-09 8.274959464123657e-07 19555518.17896127 350
18.75 2.823313082202795e-09 4.329615889703099e-07 20985991.59744095 192
19.5 6.876535212273726e-10 1.469123730276801e-07 23429531.84258311 44
20.25 2.857595820745119e-10 5.795299371354978e-08 16574974.11631359 25


0.75 4.347809635852076e-11 1.865386522822942e-09 36326419.56863523 18
1.5 4.692446443970296e-10 1.186746632901657e-08 46369014.81796707 62
2.25 7.308246017955403e-10 3.116980832602946e-08 37570440.06100271 98
3 2.187747674430444e-09 8.332531462183382e-08 38000726.59142435 210
3.75 4.404998659897399e-09 1.643075495430273e-07 37187625.22959265 350
4.5 5.767283139776443e-09 2.679473286836744e-07 34838623.97606013 450
5.25 7.699195514850386e-09 4.298468475901229e-07 32468328.79258535 602
6 1.161696413481742e-08 6.189244335321028e-07 34045530.26690315 762
6.75 1.613964647871866e-08 1.012067403658214e-06 30356316.53940587 1142
7.5 1.895759182119767e-08 1.33901106649138e-06 31251087.79092202 1250
8.25 1.926849153411872e-08 1.63654950473407e-06 26894133.23581795 1458
9 2.607708614422408e-08 2.245139314445942e-06 27535163.86933844 1814
9.75 3.092570608869755e-08 2.883986013845975e-06 26359003.54174398 2178
10.5 3.607029984927846e-08 3.606148157121639e-06 26033281.16094975 2498
11.25 3.830721994970806e-08 4.026490926169494e-06 25527719.64364278 2622
12 4.555540427597211e-08 5.219860301596866e-06 24522726.9508611 3191
12.75 4.290295479313145e-08 5.427180446406496e-06 23975090.54046144 3044
13.5 3.846440793605187e-08 4.943125537914419e-06 23223619.13008874 2736
14.25 3.037861813256399e-08 4.538371973739615e-06 22215852.46392881 2276
15 2.637392214390159e-08 4.239687222383353e-06 21540579.15601682 2016
15.75 2.167441245717465e-08 3.752165164705555e-06 21581751.72565405 1640
16.5 1.430857443556558e-08 2.45750456250247e-06 21520077.53356009 1056
17.25 9.028456818010463e-09 1.577025993488121e-06 20590998.6429282 683
18 4.270397447670115e-09 9.75152353796412e-07 19877650.73257716 350
18.75 3.041182261300656e-09 4.963088149448033e-07 23414822.10687649 192
19.5 8.038913826955466e-10 1.291085519136667e-07 26446030.13936289 44
20.25 4.951895154435561e-10 9.449261393901478e-08 29038315.70113082 25


0.75 1.275660119638332e-10 1.629611488456569e-09 72660792.97343965 18
1.5 2.855085345777566e-10 1.08319807551067e-08 33639226.43573327 62
2.25 1.00519496568746e-09 2.571675048127708e-08 43678738.44125253 98
3 2.403549820150323e-09 9.460337202732969e-08 43246633.94493369 210
3.75 3.805237921283589e-09 1.630910391380307e-07 34526888.26028016 350
4.5 5.756474196609768e-09 2.381088093820716e-07 34171142.97228852 450
5.25 7.209700961081906e-09 4.08897574967483e-07 31286816.73619925 602
6 1.070619572024026e-08 5.683370235464885e-07 32057531.50916346 762
6.75 1.625250942194229e-08 1.006339558059971e-06 31143881.02455681 1142
7.5 1.626801487318387e-08 1.273164235373129e-06 28396813.40016104 1250
8.25 1.883623214331855e-08 1.564749621848118e-06 26703191.80591252 1458
9 2.522469492160035e-08 2.09159445291172e-06 26940394.73392488 1814
9.75 3.054739156687466e-08 2.91620624357042e-06 26832419.00394206 2178
10.5 3.586811993599692e-08 3.438708433732548e-06 26173161.98168699 2498
11.25 3.827733986912732e-08 3.885782782227459e-06 25852916.43786742 2622
12 4.458123113131918e-08 5.088621577728849e-06 24532268.46976363 3191
12.75 4.259775297302234e-08 5.187803456526573e-06 24111817.81307797 3044
13.5 3.795826051924242e-08 4.993724862338349e-06 23597013.65988684 2736
14.25 3.0008135921711e-08 4.149882652059772e-06 22010646.65953481 2276
15 2.743350276899031e-08 3.88277254211539e-06 22203524.09360804 2016
15.75 2.325887122649453e-08 3.43471746019792e-06 22788369.67667524 1640
16.5 1.373982560239958e-08 2.667918791441538e-06 21826231.0150402 1056
17.25 8.729937709603733e-09 1.43348086513862e-06 20092217.94696766 683
18 4.734141107513353e-09 8.151495135742865e-07 21064490.43602926 350
18.75 2.286053564940569e-09 4.60916148484323e-07 18842242.91700047 192
19.5 4.92663793824271e-10 8.793241340639346e-08 16924894.79666793 44
20.25 3.079898836070339e-10 4.343052798121156e-08 17518536.33331602 25


0.75 5.791470653652293e-11 2.023675646325491e-09 46235519.35036206 18
1.5 5.17750949525418e-10 8.172396457540382e-09 46878460.63011741 62
2.25 7.83714473150419e-10 2.945369737268827e-08 40028490.07583918 98
3 2.170027450976121e-09 8.028406087008058e-08 39046552.81418321 210
3.75 4.143986968607074e-09 1.822777270726175e-07 38875257.39212286 350
4.5 6.0858054808809e-09 2.644873447584504e-07 37611864.32346217 450
5.25 7.288461230735985e-09 4.022336681752887e-07 32054154.24022899 602
6 9.863176434008262e-09 6.024982295316777e-07 31716049.62692798 762
6.75 1.537094121126357e-08 9.921892959521379e-07 30571999.69283134 1142
7.5 1.691633602489655e-08 1.260516202240202e-06 29725843.00307022 1250
8.25 1.988558306098485e-08 1.553658468798263e-06 28290339.76670925 1458
9 2.483008606019478e-08 2.180672070568704e-06 27632638.80133777 1814
9.75 2.849809353094407e-08 2.666541904488092e-06 25467638.02971042 2178
10.5 3.425749091278392e-08 3.426274583401627e-06 25900894.87840585 2498
11.25 3.662657102693252e-08 3.801173929351701e-06 25475904.90948173 2622
12 4.481674321790425e-08 4.967886757376864e-06 25043659.48815862 3191
12.75 3.968309901815656e-08 4.978319001571582e-06 23175866.54357677 3044
13.5 3.656229649852647e-08 4.773100240141486e-06 23217692.58001195 2736
14.25 2.900264426800811e-08 4.204343263237603e-06 22040400.62249406 2276
15 2.666708623031118e-08 3.866728863493984e-06 22221634.83639848 2016
15.75 2.17103768002771e-08 3.127533484491841e-06 21647600.05046311 1640
16.5 1.351240151684824e-08 2.291194063098075e-06 21222258.32701625 1056
17.25 8.601052683331646e-09 1.500368462431468e-06 20542456.81675723 683
18 4.920531340345593e-09 8.290007544515716e-07 22304060.15597532 350
18.75 2.280841358726311e-09 4.96451234374684e-07 19593829.88584774 192
19.5 4.851726750373556e-10 1.234077245138966e-07 18499848.12000915 44
20.25 2.960460084198011e-10 6.572851466543222e-08 18781654.33928218 25


0.75 5.371219029808288e-11 1.032053450680441e-09 35496708.80203055 18
1.5 3.867567498863511e-10 1.272261361613636e-08 45013249.73471773 62
2.25 9.652707238377797e-10 2.858489548239337e-08 46120433.57801443 98
3 1.918025125759952e-09 8.477906665972188e-08 37865411.9412988 210
3.75 4.362157934545512e-09 1.801478194979582e-07 40889350.03508671 350
4.5 5.670226329156045e-09 2.381203934964984e-07 35432968.88171901 450
5.25 7.785731556299401e-09 4.207563024321525e-07 34764065.67925103 602
6 1.023207137497688e-08 5.338952566710089e-07 31909206.19941125 762
6.75 1.556540279114135e-08 1.007511330024307e-06 31700734.40997421 1142
7.5 1.607072696128183e-08 1.185415830157889e-06 28793118.19457411 1250
8.25 1.726015599190255e-08 1.509041972460296e-06 26069255.25612994 1458
9 2.40943150393157e-08 2.133935163758042e-06 27504863.52601534 1814
9.75 2.870124638354853e-08 2.793865548168833e-06 26560631.49332648 2178
10.5 3.354031234570084e-08 3.453346260647783e-06 26165967.99237527 2498
11.25 3.650440016719685e-08 3.736930506996151e-06 25878553.18102176 2622
12 4.233838247452593e-08 4.945207828265813e-06 24553764.08531738 3191
12.75 3.996081179909737e-08 4.816973922561584e-06 23622107.61277208 3044
13.5 3.549070455992077e-08 4.659277153877492e-06 23091064.65616589 2736
14.25 3.074377768161804e-08 3.932475638608851e-06 23164173.03824304 2276
15 2.734613069773177e-08 3.885615176892902e-06 23198511.26237497 2016
15.75 2.090835383777778e-08 3.236431596195403e-06 21692124.63914528 1640
16.5 1.316900205621354e-08 2.095195305044643e-06 20843524.67423706 1056
17.25 8.994484193567787e-09 1.372135040415787e-06 21334926.24053351 683
18 4.121870824949166e-09 7.751147066077602e-07 19588327.93870741 350
18.75 2.883877000983345e-09 4.263988404214271e-07 23359351.60745984 192
19.5 6.408647920120873e-10 1.230720064403332e-07 23402754.10549719 44
20.25 2.584330391892422e-10 3.553093635244845e-08 15332608.99060341 25


0.75 7.609603058260504e-11 1.786143062689277e-09 54767780.51769629 18
1.5 4.251538596927358e-10 1.059433598465151e-08 45819318.80425657 62
2.25 6.636472359521572e-10 2.528381070053374e-08 35672269.63181863 98
3 2.152979786573756e-09 8.721562432404413e-08 41981758.77021234 210
3.75 4.001742772633019e-09 1.624326408197206e-07 38141782.01880189 350
4.5 6.181858168187522e-09 2.156931285883785e-07 37288576.25626194 450
5.25 7.74893113882685e-09 3.959879377721941e-07 34706346.90682144 602
6 1.026497803492155e-08 5.918307076207102e-07 33857077.2253375 762
6.75 1.462403394375521e-08 1.034816255290148e-06 31425182.5011292 1142
7.5 1.642691407343346e-08 1.12332773707254e-06 29379778.8073534 1250
8.25 1.956124837118347e-08 1.473186934076684e-06 28793727.13628199 1458
9 2.376527245427763e-08 1.99333031262739e-06 27288464.87760061 1814
9.75 2.690037671434666e-08 2.686791862130731e-06 25673157.08677834 2178
10.5 3.202776645276147e-08 3.344800584582165e-06 25669744.46520538 2498
11.25 3.510466235389555e-08 3.611452173173982e-06 25493735.16804654 2622
12 4.345966613475723e-08 4.894987546747519e-06 25527074.55338442 3191
12.75 3.710173740804266e-08 5.030042786548927e-06 23176392.15772544 3044
13.5 3.351116753918944e-08 4.589401597747329e-06 22556292.82061915 2736
14.25 2.743978846955237e-08 3.952474280579818e-06 21787758.09346244 2276
15 2.398109374875739e-08 3.810044715428877e-06 21406155.70476503 2016
15.75 2.006834300650481e-08 3.425164794076027e-06 21826421.30723086 1640
16.5 1.355350818620814e-08 2.15576686119983e-06 21943297.81873936 1056
17.25 7.869313443731682e-09 1.468839309336338e-06 19991343.45727461 683
18 4.044142678394572e-09 8.365668070080783e-07 20116569.46796221 350
18.75 2.024092091915198e-09 4.407439883345761e-07 18199902.85320317 192
19.5 4.704724377857937e-10 1.047099830342648e-07 18162139.98255496 44
20.25 2.746127576814545e-10 5.037634403505677e-08 17518361.01821276 25


0.75 4.151004840194566e-11 2.350765417927188e-09 44797174.52604657 18
1.5 3.534108968785353e-10 1.335866961627382e-08 45541008.60562516 62
2.25 7.612609082215846e-10 2.587846684488464e-08 39995645.47449204 98
3 1.7819352823752e-09 7.118600955800157e-08 35324636.02190162 210
3.75 4.192709252341995e-09 1.528853142124283e-07 39348834.80766535 350
4.5 4.707385254958936e-09 2.458214270007748e-07 33277069.93283435 450
5.25 7.741792174105667e-09 4.02041975094098e-07 35645141.99479958 602
6 8.378351874515927e-09 5.705022680223036e-07 30006443.97914809 762
6.75 1.419875364710035e-08 9.504803840062746e-07 30592904.93797977 1142
7.5 1.713383672514646e-08 1.055016666040642e-06 30339578.89462378 1250
8.25 1.821308698363173e-08 1.572552125519692e-06 28649268.8603946 1458
9 2.276981087909685e-08 2.133047378638561e-06 27685224.30645881 1814
9.75 2.660195954991373e-08 2.634668115936785e-06 25888272.5281269 2178
10.5 3.176105214093857e-08 3.226161539554208e-06 25812596.13711027 2498
11.25 3.402779959464637e-08 3.473130423184113e-06 25210625.89249318 2622
12 3.970098887486301e-08 4.847493834425599e-06 24387109.99497109 3191
12.75 3.962869489461586e-08 4.870196605033854e-06 24629001.01351539 3044
13.5 3.383214100087314e-08 4.567307512460521e-06 23194067.23224001 2736
14.25 2.875815419352832e-08 4.07869178831869e-06 23253617.64803046 2276
15 2.430308438816332e-08 3.618595026189944e-06 21814704.95942365 2016
15.75 1.910956697207598e-08 3.020993120712683e-06 20843932.68442559 1640
16.5 1.32331717029599e-08 2.057681038713823e-06 21793031.9562375 1056
17.25 8.143870232342469e-09 1.427216312208562e-06 20837117.33191185 683
18 3.52040933536544e-09 7.344999638803158e-07 17944038.97355417 350
18.75 2.157174626875288e-09 4.637276389585288e-07 19771321.12627275 192
19.5 4.6362799283575e-10 9.364370239401653e-08 17901353.51612644 44
20.25 3.886289617293701e-10 4.035005295965059e-08 23216074.75328985 25


0.75 6.257285829941075e-11 2.148154003867832e-09 54288251.96638027 18
1.5 4.448698957246902e-10 1.224068950063408e-08 51863947.56711874 62
2.25 9.137252309234011e-10 1.951058145573063e-08 42225664.92481361 98
3 2.127661294703236e-09 7.053935463993607e-08 40297995.1978035 210
3.75 3.797817184647267e-09 1.560898787011704e-07 38029208.62868531 350
4.5 5.584057222732843e-09 2.615500707645376e-07 38781715.70572153 450
5.25 6.788734766251102e-09 4.126494439508395e-07 33887909.23245718 602
6 8.526623388469706e-09 5.372515640009688e-07 30346324.30296585 762
6.75 1.492826300215975e-08 8.963736693931548e-07 31738470.89033021 1142
7.5 1.540428222028231e-08 1.025981245015458e-06 28572995.0921708 1250
8.25 1.785827862922109e-08 1.404154770568751e-06 27862055.87416837 1458
9 2.138742039402697e-08 1.997178742777532e-06 26568355.38239729 1814
9.75 2.668543252892591e-08 2.473974116578736e-06 26026604.41656018 2178
10.5 3.362040762984217e-08 3.185640556146553e-06 27392563.89093643 2498
11.25 3.320526681213907e-08 3.554643461707054e-06 25495839.05718809 2622
12 4.031788796157528e-08 4.513283266830346e-06 24720850.47256117 3191
12.75 3.777435768395162e-08 4.421289568913969e-06 23701940.46784646 3044
13.5 3.185706662987348e-08 4.208937282523589e-06 22207397.77946485 2736
14.25 2.801726635442589e-08 3.846686911961882e-06 22975766.78477421 2276
15 2.337423669260611e-08 3.520458977202737e-06 21516892.12276276 2016
15.75 1.931135801687683e-08 3.138786849114756e-06 21688243.27272235 1640
16.5 1.24237792003913e-08 2.026399924061092e-06 21154648.10449209 1056
17.25 7.953037434369596e-09 1.460807654545895e-06 21041826.47774256 683
18 4.023909275248954e-09 8.415545360454192e-07 20985004.70084331 350
18.75 2.059974484834636e-09 4.05921362911264e-07 18916490.8656614 192
19.5 5.493098250474767e-10 8.4989340279507e-08 20576149.33548126 44
20.25 3.081873858754537e-10 6.32773204852992e-08 21031066.62016879 25


0.75 5.210027430047545e-11 1.345746775676852e-09 41361687.73870255 18
1.5 3.747628402391617e-10 8.857393802411459e-09 42392365.15117176 62
2.25 8.152284076702988e-10 2.734032964142563e-08 44525088.53867379 98
3 1.758463423159529e-09 7.834749428523085e-08 38068945.69154453 210
3.75 3.365002526709125e-09 1.532254534991657e-07 35764461.65629033 350
4.5 4.796094538751905e-09 2.310848435128925e-07 34372555.35906253 450
5.25 6.642200828269855e-09 3.621863974229253e-07 32518912.13103128 602
6 9.231291993758769e-09 5.379233850629608e-07 32645064.39007975 762
6.75 1.451990942882541e-08 9.155584171313345e-07 32038517.88619534 1142
7.5 1.438706218832346e-08 1.113237358444387e-06 28632393.86377453 1250
8.25 1.79770635913045e-08 1.390253510507359e-06 28503594.28957859 1458
9 2.100159711568922e-08 1.874447607220239e-06 26267711.7122236 1814
9.75 2.704148847719049e-08 2.5257811134196e-06 27007301.9690473 2178
10.5 2.905783473322119e-08 2.957034031042994e-06 24690985.57691601 2498
11.25 3.239986650580728e-08 3.290582041524977e-06 25049929.51658709 2622
12 3.830405238558881e-08 4.486441598870379e-06 24298567.83120017 3191
12.75 3.73831419603693e-08 4.468798180076151e-06 24099940.68019784 3044
13.5 3.191453502846995e-08 4.231375163038191e-06 22754020.76944906 2736
14.25 2.62831921938993e-08 3.867255095746976e-06 22423110.76435578 2276
15 2.374502670418755e-08 3.186077798737022e-06 21720161.41128063 2016
15.75 1.819167303746809e-08 3.01436027691581e-06 20979744.4119279 1640
16.5 1.244994590512982e-08 1.958753191838826e-06 21482576.11885484 1056
17.25 8.251963128673278e-09 1.417598318816538e-06 21960905.21829942 683
18 3.769193136884517e-09 7.420734832610911e-07 19791657.51920662 350
18.75 2.33843215150909e-09 4.67501572264047e-07 22016707.26587039 192
19.5 5.562216920261975e-10 9.257203635061985e-08 21576393.15816221 44
20.25 1.771875296592529e-10 3.952911061596369e-08 12583874.81138839 25


0.75 9.782013777496509e-11 1.779341835388983e-09 71123036.81491068 18
1.5 3.38214911185765e-10 1.444075398329986e-08 49116481.97652274 62
2.25 8.5870288302294e-10 2.39188943853095e-08 44895744.77583047 98
3 2.25272653298175e-09 7.334220243693033e-08 44254966.45196459 210
3.75 3.606871037899582e-09 1.356169920409632e-07 36535443.46241708 350
4.5 4.720809788401514e-09 2.344113044625996e-07 34968418.42626556 450
5.25 6.436375281505462e-09 3.483853864191961e-07 32122380.9755023 602
6 8.648344359666023e-09 5.202015577027759e-07 31606784.22693229 762
6.75 1.347854242391936e-08 8.251078715084715e-07 30105050.79351151 1142
7.5 1.449653265538394e-08 1.084196071496146e-06 29147120.89173825 1250
8.25 1.676292356222331e-08 1.385228161819005e-06 27751324.22293556 1458
9 2.280122650349988e-08 1.782051780560708e-06 27991426.21846225 1814
9.75 2.547481815512479e-08 2.432302049950628e-06 26176974.65881491 2178
10.5 3.046976361283266e-08 2.860266255134143e-06 25855565.9628267 2498
11.25 3.209318137381346e-08 3.35173311387875e-06 25554398.77189378 2622
12 3.798967242431013e-08 4.474137863884636e-06 24666790.85938844 3191
12.75 3.428714014810839e-08 4.389036977614065e-06 23010799.61682233 3044
13.5 3.217891803012561e-08 4.194278043976719e-06 23342407.32267536 2736
14.25 2.613525472289507e-08 3.581373581111726e-06 22370919.95220418 2276
15 2.257484558640092e-08 3.718020002235761e-06 22215066.33985856 2016
15.75 2.016848501609081e-08 2.917866863873019e-06 23003975.20061919 1640
16.5 1.2497350575016e-08 2.047097767762045e-06 22245580.87595984 1056
17.25 8.083407946837818e-09 1.485810184652757e-06 22338842.68905491 683
18 3.592530044749838e-09 7.271137030874614e-07 19407653.19172308 350
18.75 2.377398876293111e-09 4.18557591867762e-07 22249219.3976184 192
19.5 4.35180098904868e-10 8.93092555598642e-08 18007013.7470913 44
20.25 3.634996974773362e-10 7.189382901084201e-08 25704085.57065403 25


0.75 7.040595048514768e-11 1.440604879747983e-09 54219512.30676834 18
1.5 3.529803025752316e-10 8.315137345702868e-09 41738056.02360133 62
2.25 7.652622838748959e-10 2.70275726904271e-08 44566127.74426652 98
3 1.729273617981084e-09 6.071456772337081e-08 35677543.14674352 210
3.75 3.607799294035941e-09 1.492529452393431e-07 38658026.03765001 350
4.5 5.256073594986479e-09 2.209509593419833e-07 37535091.13468715 450
5.25 6.822790586431793e-09 3.258878726847275e-07 33341226.25794279 602
6 8.849088152595032e-09 4.736238869444685e-07 31780910.33205206 762
6.75 1.240844899999667e-08 8.37982609928802e-07 29277445.31053136 1142
7.5 1.292178128533973e-08 9.82456125148665e-07 26705174.85919533 1250
8.25 1.594676576113093e-08 1.367600776268028e-06 27320260.19718147 1458
9 2.092395391629269e-08 1.657693036684773e-06 26360740.07722813 1814
9.75 2.646374675652114e-08 2.355340009514721e-06 27217272.76778645 2178
10.5 2.971908257132888e-08 2.959370884124829e-06 26211106.57180577 2498
11.25 3.100252217682183e-08 3.367326933802833e-06 25510204.30636923 2622
12 3.901564643665193e-08 4.512571033366601e-06 25760391.20087779 3191
12.75 3.375490859205843e-08 4.325191867205707e-06 23157680.7387564 3044
13.5 3.062193725948213e-08 4.262576322184429e-06 23101442.63834612 2736
14.25 2.54842892954427e-08 3.545345012194758e-06 22377965.53873679 2276
15 2.26955079283597e-08 3.434029206053135e-06 22322234.20433584 2016
15.75 1.80111644713066e-08 2.726011018968853e-06 21215549.45642771 1640
16.5 1.177725053544936e-08 1.795055097531512e-06 21070959.12614619 1056
17.25 7.262616798256918e-09 1.307969514339511e-06 20408773.88994822 683
18 3.093372914877937e-09 7.722939235676804e-07 18054181.49343364 350
18.75 2.068667634259124e-09 4.514408188760139e-07 20765116.77949464 192
19.5 4.753866997453709e-10 6.353122016223204e-08 18545533.83272538 44
20.25 2.192515073179231e-10 4.668066630713686e-08 16092174.44042779 25


0.75 7.240821331699661e-11 1.208242729065244e-09 53464032.00911801 18
1.5 3.610165136206414e-10 1.328088440007806e-08 51192417.41368319 62
2.25 7.026283242472726e-10 2.466890954493687e-08 41590974.91556752 98
3 1.771207217569016e-09 6.885748950908647e-08 38667554.84924537 210
3.75 3.567585006537653e-09 1.257736839685266e-07 36834854.3191574 350
4.5 4.578772386978899e-09 2.380733924090916e-07 35974988.01491903 450
5.25 6.412756869355944e-09 2.935734458912511e-07 31492842.63099857 602
6 8.470171910175682e-09 5.395993503117442e-07 32945225.92252005 762
6.75 1.288188141640394e-08 8.49242631897602e-07 30740598.06709912 1142
7.5 1.473133182806061e-08 1.043454497653704e-06 30329961.38155323 1250
8.25 1.526421504186284e-08 1.33970266979815e-06 26888970.79377566 1458
9 2.055684163605018e-08 1.759805324655105e-06 27042517.65340379 1814
9.75 2.387356140902537e-08 2.418877881479456e-06 26061523.97937141 2178
10.5 2.835897647006364e-08 2.803811334678927e-06 25465863.8650165 2498
11.25 3.019736624392544e-08 3.170282167394009e-06 25111174.32519548 2622
12 3.600583276456678e-08 4.158696281219003e-06 24249568.87659677 3191
12.75 3.703531175507766e-08 4.213326429583256e-06 25124310.27362649 3044
13.5 2.884821691107329e-08 3.927272941419007e-06 22078150.78377432 2736
14.25 2.474169232322607e-08 3.696587192389359e-06 22591961.64112069 2276
15 2.135394179451329e-08 3.402801878650616e-06 21726511.09851283 2016
15.75 1.898494252443317e-08 2.7271712550585e-06 22549384.45496733 1640
16.5 1.142254794138806e-08 1.91137157041536e-06 21316729.44850369 1056
17.25 7.05349827757762e-09 1.29697720310562e-06 20335389.29843833 683
18 3.683695449411637e-09 6.060015430026396e-07 19804522.23156029 350
18.75 1.90524527482746e-09 4.256644713038726e-07 19638268.82409339 192
19.5 6.162641100259893e-10 8.669507748742132e-08 24743666.44317587 44
20.25 4.222767537316827e-10 9.804491717362384e-08 32266992.4309243 25


0.75 5.219844832399545e-11 1.774021045748619e-09 50123139.19411376 18
1.5 3.044724341911523e-10 1.113302654608404e-08 44014591.30116017 62
2.25 7.890160001813581e-10 2.804070659700935e-08 47969763.45223094 98
3 1.797210350504699e-09 7.310281118722007e-08 40817269.14195971 210
3.75 4.085929220600278e-09 1.524956905286612e-07 43965009.78475836 350
4.5 4.634013579787735e-09 2.331602020584564e-07 36744050.61044855 450
5.25 6.325364778707008e-09 3.116227933978503e-07 32533824.10675495 602
6 8.16608078818002e-09 4.75281971813808e-07 31427416.38717747 762
6.75 1.29868979439839e-08 8.444099284441957e-07 31519770.0291219 1142
7.5 1.26584630388863e-08 1.01322114994903e-06 27753492.30275278 1250
8.25 1.571731919929779e-08 1.29275469142823e-06 27676537.10323598 1458
9 1.954086162098888e-08 1.732677538305618e-06 26555299.16137623 1814
9.75 2.52619155857564e-08 2.294093774337282e-06 27239488.65361053 2178
10.5 2.725206113868756e-08 2.680767423640292e-06 24964493.78608106 2498
11.25 2.827550447581954e-08 3.029053785832721e-06 24157712.87843359 2622
12 3.4000090370716e-08 4.158694890828324e-06 23774699.68723312 3191
12.75 3.513862630396104e-08 4.144426255614968e-06 24578197.69662972 3044
13.5 2.962507503042248e-08 4.112527162921641e-06 23282793.58820507 2736
14.25 2.356430915086404e-08 3.486130619004504e-06 21921036.38857175 2276
15 2.181672678654588e-08 3.328327821522659e-06 22418436.55995381 2016
15.75 1.674931470750049e-08 2.771047048113163e-06 21024067.78891028 1640
16.5 1.152997817036558e-08 1.762181159425474e-06 21520781.50905298 1056
17.25 6.965042188734893e-09 1.289984731398604e-06 20546357.58487438 683
18 3.53264004470797e-09 6.958057081740693e-07 20199797.80838679 350
18.75 2.415534365697936e-09 3.895996147236167e-07 23666674.51226276 192
19.5 5.754453145875089e-10 8.797671917605645e-08 23933841.04287647 44
20.25 2.355257336506879e-10 5.287970976707116e-08 18239449.98427124 25


0.75 7.052406493378567e-11 2.192775191767014e-09 66810751.88876244 18
1.5 3.331340210731762e-10 6.876925977983021e-09 40310064.24573356 62
2.25 7.725687578585165e-10 1.718414194208744e-08 41066436.96785633 98
3 1.87829611180786e-09 7.176308230628297e-08 42569200.07800542 210
3.75 3.713972664975829e-09 1.325959121094871e-07 40265445.19414048 350
4.5 4.522656467921948e-09 2.006278618029539e-07 35027263.62268275 450
5.25 5.586897801659852e-09 3.338808825621419e-07 31491435.34350635 602
6 8.020466693192745e-09 4.620269742152926e-07 31434855.4393435 762
6.75 1.263914231634639e-08 8.051905496001071e-07 31135780.92078934 1142
7.5 1.289510051266826e-08 9.496142820940121e-07 28076484.7152736 1250
8.25 1.457607717860816e-08 1.250056371790768e-06 26591614.17652389 1458
9 1.97024875269432e-08 1.647780061677777e-06 26863277.73496992 1814
9.75 2.49240941410476e-08 2.235462882443418e-06 27358031.26770691 2178
10.5 2.767292626152819e-08 2.617469443745537e-06 25611994.31569463 2498
11.25 2.9512535771512e-08 3.049519621189428e-06 25500355.61188365 2622
12 3.514135978101087e-08 3.974027723320429e-06 24555235.67948623 3191
12.75 3.347291320985971e-08 4.009120369629238e-06 24012948.10078031 3044
13.5 3.030939818589713e-08 3.831247328896044e-06 23738880.62306779 2736
14.25 2.400159246145007e-08 3.600131860625587e-06 22889816.67964274 2276
15 2.116516210920488e-08 3.221806656517128e-06 22201529.24487832 2016
15.75 1.728060372875968e-08 2.771583782339536e-06 21982218.23700463 1640
16.5 1.035221445701264e-08 1.881658224206327e-06 20571422.31835466 1056
17.25 7.01127511571579e-09 1.23657339397034e-06 20877188.50910333 683
18 3.405939549653497e-09 6.693537335013826e-07 19878925.39802537 350
18.75 1.568424756417024e-09 2.822907025403926e-07 16045922.96516323 192
19.5 4.200777096915104e-10 7.952647414234355e-08 18588768.86882249 44
20.25 3.080119694227894e-10 9.075423546675237e-08 26091259.61983692 25


0.75 3.818227836438704e-11 1.560151473700515e-09 41441326.84813955 18
1.5 2.792777570879113e-10 1.007554379104739e-08 41830485.55675528 62
2.25 6.590026466637137e-10 1.685660310271663e-08 37175108.58698919 98
3 1.713883227048938e-09 5.749087949536569e-08 37745282.62975648 210
3.75 4.005905141142359e-09 1.362710714984148e-07 43549965.24207336 350
4.5 4.222524407529118e-09 1.760035463986016e-07 32629193.50255229 450
5.25 6.018426881830302e-09 3.264048328165179e-07 33360778.83671961 602
6 8.89193221921198e-09 4.764600878255456e-07 34678844.26564644 762
6.75 1.14252952237858e-08 8.439257647164258e-07 30221421.96488323 1142
7.5 1.391727910528645e-08 9.323247084006102e-07 29971933.73111413 1250
8.25 1.441668129427323e-08 1.146810411136654e-06 26168000.84408598 1458
9 1.954079026089744e-08 1.67290844881146e-06 27368256.12272919 1814
9.75 2.265718981253213e-08 2.322636080461529e-06 26429804.02603406 2178
10.5 2.63329971620838e-08 2.612631850100701e-06 25199451.09634767 2498
11.25 2.697008374203489e-08 2.835921271475734e-06 23886075.99491156 2622
12 3.409600398960416e-08 3.884086208880096e-06 24352311.02608347 3191
12.75 3.290910473623044e-08 3.95836250396887e-06 24110887.93086036 3044
13.5 2.880890366777705e-08 3.82650944698013e-06 23316336.77802657 2736
14.25 2.371947928455264e-08 3.343271728902236e-06 22704008.85705195 2276
15 2.02663798271572e-08 3.022429590079726e-06 21577471.14098072 2016
15.75 1.638643267085113e-08 2.694016209933356e-06 21400073.04093757 1640
16.5 1.108713376382481e-08 1.775032539817905e-06 21794894.13412671 1056
17.25 6.796689114354969e-09 1.170173508584936e-06 20534302.1130388 683
18 3.178286902281813e-09 6.469959825161339e-07 19091392.72072496 350
18.75 1.839283576080979e-09 3.533795733623983e-07 19473787.55177988 192
19.5 4.595365982148266e-10 6.274250147038958e-08 19544978.96794733 44
20.25 2.134400256025505e-10 4.689555209295003e-08 17141185.67995631 25


0.75 3.466031719915908e-11 1.349599213280609e-09 37581319.08273574 18
1.5 2.829364721982121e-10 8.850283924170647e-09 40894744.3846796 62
2.25 8.321402199153537e-10 2.092977614752816e-08 47718651.47704074 98
3 1.539018639820995e-09 5.839320662619577e-08 36209759.50578006 210
3.75 3.074314003017845e-09 1.459386389091808e-07 38477141.02882449 350
4.5 4.285470989141179e-09 2.042415773875655e-07 35438546.40237646 450
5.25 6.412830345651314e-09 2.967551068297428e-07 34375852.95890903 602
6 7.566149470402192e-09 4.830676079211435e-07 32019939.84903471 762
6.75 1.188022880860566e-08 7.649303116850178e-07 30577878.76938587 1142
7.5 1.272655767975677e-08 9.472974259621311e-07 28954476.826387 1250
8.25 1.513524741439129e-08 1.143956366726413e-06 27600160.57293145 1458
9 1.856644549621178e-08 1.695441592663927e-06 27096652.03421976 1814
9.75 2.244052896174888e-08 2.191096015122874e-06 26315185.6097382 2178
10.5 2.689199359313206e-08 2.73942209350325e-06 26475446.42841882 2498
11.25 2.684820063900497e-08 2.97185066139922e-06 24631586.79087452 2622
12 3.396931922653316e-08 3.90088857836899e-06 24822347.722656 3191
12.75 3.23320832874466e-08 3.729297365332341e-06 23919359.72283332 3044
13.5 2.881305980180624e-08 3.751217398239576e-06 23680284.46546871 2736
14.25 2.205663668666299e-08 3.210607105500437e-06 21732440.02920321 2276
15 2.020422290375341e-08 2.940977327330197e-06 21825968.38154434 2016
15.75 1.673725583057072e-08 2.605318120221246e-06 22012052.32564618 1640
16.5 1.0632278155925e-08 1.796484014165061e-06 21608498.52981657 1056
17.25 6.774846283194439e-09 1.140351197140515e-06 20784985.47946461 683
18 3.438701997841063e-09 7.53399516825395e-07 21479225.54548512 350
18.75 2.575201442192597e-09 3.713125736759931e-07 26287102.8087671 192
19.5 3.521624762702397e-10 1.04819275513002e-07 18162828.56002558 44
20.25 2.413175885470581e-10 6.411083791098538e-08 20707574.10373903 25


0.75 1.78687222518544e-11 1.556277056760916e-09 30799377.53006669 18
1.5 3.181704775225593e-10 8.806803360169372e-09 44817018.0104166 62
2.25 5.782472023645407e-10 1.939760183340468e-08 37304054.31588665 98
3 1.650575053560708e-09 5.654441560642648e-08 38133911.94636003 210
3.75 2.794122385497966e-09 1.478283906723373e-07 37289544.68428227 350
4.5 4.578470680815078e-09 2.29499770325367e-07 39333327.57378104 450
5.25 6.68886756005087e-09 2.849993017213898e-07 35611240.21515192 602
6 8.15574660386142e-09 4.205563834993296e-07 32711147.36198528 762
6.75 1.147391199802223e-08 7.362125594966982e-07 30081181.94388461 1142
7.5 1.256876690505576e-08 8.705382847266811e-07 28483306.90407125 1250
8.25 1.410038503798295e-08 1.241335169231467e-06 27563600.67414153 1458
9 1.875467196610543e-08 1.719444366479188e-06 27952809.47720304 1814
9.75 2.244802783941362e-08 2.122026878922161e-06 26582643.75952813 2178
10.5 2.586762807531089e-08 2.624122420949755e-06 25943276.20307449 2498
11.25 2.964063643628898e-08 2.93832415287229e-06 26897055.20057448 2622
12 3.166729209329384e-08 3.666980861250663e-06 23657479.21501141 3191
12.75 2.983339712032504e-08 3.956152572495271e-06 23375809.54277714 3044
13.5 2.757994308892862e-08 3.624265419649207e-06 23177391.70327993 2736
14.25 2.218203851561042e-08 3.292963479940106e-06 22411305.91042654 2276
15 2.00417563331735e-08 2.905102831194844e-06 22062299.09921362 2016
15.75 1.522455196835093e-08 2.533389777660125e-06 20766633.35567378 1640
16.5 1.070914232649014e-08 1.502877287919151e-06 21291704.47726319 1056
17.25 7.074570776338529e-09 1.085437808251341e-06 21696407.74953911 683
18 3.305376716950368e-09 6.795313176444611e-07 20724258.51374937 350
18.75 2.398234353633725e-09 3.563409364526255e-07 25107965.58498358 192
19.5 4.023313758224035e-10 8.538443269226287e-08 19392324.80477487 44
20.25 2.019822040449775e-10 3.061803821082993e-08 15717787.58682991 25


0.75 4.815754154240497e-11 1.423311943919522e-09 48405323.12028712 18
1.5 3.418516150508093e-10 8.735264398686459e-09 47784943.44514215 62
2.25 7.996221737407795e-10 2.050490325143963e-08 47957146.10702892 98
3 1.594153522694739e-09 4.9858365537728e-08 36411428.31757413 210
3.75 3.359413973159145e-09 1.268848500027283e-07 40172893.85260647 350
4.5 4.409901954882353e-09 2.126123393800357e-07 38091673.13715701 450
5.25 6.035934462919798e-09 2.901101688395672e-07 34077441.67020255 602
6 7.748485695710645e-09 4.483009264377381e-07 32938212.96342232 762
6.75 1.184117055057213e-08 6.905970634899601e-07 30704365.88351753 1142
7.5 1.273743035234574e-08 8.909325450829718e-07 29539611.92302644 1250
8.25 1.548160733606206e-08 1.133321968332066e-06 29084515.95538453 1458
9 1.850964291815275e-08 1.622116501212533e-06 27739544.53649558 1814
9.75 2.168660535717912e-08 2.100925675504599e-06 26396129.31263257 2178
10.5 2.563104012270207e-08 2.444781374920296e-06 25762391.77998289 2498
11.25 2.676109610769509e-08 2.839578630884353e-06 25239781.81482758 2622
12 3.294844093166915e-08 3.67512902287744e-06 24853975.66814892 3191
12.75 2.962946864202405e-08 3.610106523876073e-06 23137816.12159062 3044
13.5 2.683575042852923e-08 3.667093295134957e-06 23246110.48099799 2736
14.25 2.181636569316083e-08 3.222062799364124e-06 22454742.10696226 2276
15 1.834360939680116e-08 2.915006325409796e-06 21086829.29537325 2016
15.75 1.484669124096589e-08 2.608531637549612e-06 20953137.9153805 1640
16.5 9.390418522306261e-09 1.648912889147211e-06 20049023.4584755 1056
17.25 6.455324986525099e-09 1.151023908990983e-06 20886852.93705986 683
18 3.574689348287248e-09 5.736934345343881e-07 21618029.47167289 350
18.75 2.049470888461589e-09 3.31283609549999e-07 22236339.48084689 192
19.5 3.831999431463229e-10 9.800824397103598e-08 19722494.57734513 44
20.25 2.157862402444035e-10 6.221771126908885e-08 19693518.77291135 25


0.75 6.103488572232199e-11 7.8562602923987e-10 49018667.87771131 18
1.5 2.577170541295851e-10 8.092429747943341e-09 39579428.79852866 62
2.25 7.04516456357612e-10 2.360382564451994e-08 47287050.06274407 98
3 1.589957366997468e-09 6.32701854553302e-08 40429323.59719419 210
3.75 3.27808324071066e-09 1.235160945626614e-07 39963185.26271052 350
4.5 4.171431790552374e-09 1.748254463119331e-07 34997745.28848676 450
5.25 6.112053264638766e-09 3.096409411045261e-07 35839790.21770816 602
6 7.589672211811722e-09 4.426276595328458e-07 33003722.40071869 762
6.75 1.046381886767001e-08 7.421004832123576e-07 29553909.30434715 1142
7.5 1.146947218975067e-08 8.770351194537067e-07 27947727.38316618 1250
8.25 1.420694946147922e-08 1.147767301328332e-06 28082553.36477721 1458
9 1.733421093119433e-08 1.46030104416133e-06 26176302.49218933 1814
9.75 2.099509365075829e-08 2.045482059966379e-06 26113054.46390111 2178
10.5 2.330388511505217e-08 2.568832158528333e-06 24940782.51055962 2498
11.25 2.775229427684436e-08 2.763539690555886e-06 26237787.04919061 2622
12 3.063157118569071e-08 3.664871860511518e-06 24031635.16273748 3191
12.75 2.967726433211421e-08 3.750330165540928e-06 23873825.75056625 3044
13.5 2.639146349049708e-08 3.396891238113728e-06 22954115.39094587 2736
14.25 2.096390698440763e-08 2.999655868190619e-06 21826357.94394358 2276
15 1.944041666246009e-08 2.817524870208035e-06 22267109.96365758 2016
15.75 1.620836362437372e-08 2.476207673867459e-06 22524447.59299383 1640
16.5 1.024911394521151e-08 1.675499589652294e-06 21936188.33362581 1056
17.25 5.876605588537671e-09 1.135423436972994e-06 19779007.89425955 683
18 3.327368396488099e-09 5.695250272542823e-07 20804560.38522258 350
18.75 2.076978675135232e-09 3.132538247397889e-07 22687522.89367163 192
19.5 4.585292884937694e-10 7.438133757431818e-08 21763247.47883924 44
20.25 2.425980977509462e-10 5.21977818582308e-08 21010704.29100428 25


0.75 3.04014350854206e-11 1.133812936798882e-09 35000998.09668839 18
1.5 2.692194273433707e-10 1.000654435704401e-08 45147942.80463476 62
2.25 5.777384939909924e-10 1.80081168476176e-08 38542091.16799449 98
3 1.341765073125029e-09 6.469027996231549e-08 37676495.0841075 210
3.75 3.176091285432049e-09 1.163154852321021e-07 39134344.68491186 350
4.5 3.993100398667852e-09 1.847910775202681e-07 35377213.99455947 450
5.25 5.709468860181605e-09 2.9078648730781e-07 34221449.57039414 602
6 7.137401352810503e-09 4.504939458587327e-07 32564760.72264077 762
6.75 1.067433528130432e-08 7.726296689371551e-07 30981109.2133498 1142
7.5 1.203352500995524e-08 8.769331514839708e-07 29432896.28444669 1250
8.25 1.316068827000939e-08 1.148222419375876e-06 27225062.94725427 1458
9 1.758397548822688e-08 1.4889498563871e-06 27129308.48311833 1814
9.75 2.113901090019972e-08 1.95001141447382e-06 26375862.60481806 2178
10.5 2.400256712680613e-08 2.355417341637232e-06 25306478.70875581 2498
11.25 2.524648201826611e-08 2.804531603107124e-06 25101405.28590715 2622
12 3.021543586373174e-08 3.547777841355374e-06 24051246.60928068 3191
12.75 2.993241806136803e-08 3.7119125025195e-06 24434318.04587185 3044
13.5 2.449856771284705e-08 3.363361667669492e-06 22106006.95548129 2736
14.25 2.187290275319952e-08 3.110193766623694e-06 23189141.82615585 2276
15 1.937580219259006e-08 2.867974156350993e-06 22753778.01659241 2016
15.75 1.484606571485572e-08 2.432597788590128e-06 21406819.81091864 1640
16.5 9.581699466218823e-09 1.640143736365237e-06 21147936.99457967 1056
17.25 5.965723524971416e-09 1.168649399398391e-06 20549859.65238927 683
18 3.183478520780114e-09 5.403510717974435e-07 20264180.53388804 350
18.75 1.986133500729433e-09 3.126374938695646e-07 22303804.81066483 192
19.5 4.671831719860927e-10 9.052732300469628e-08 23422708.78887777 44
20.25 2.097009880319479e-10 2.125659009355865e-08 16366524.07802168 25


0.75 4.462359396540241e-11 1.449805285515847e-09 49405566.7708706 18
1.5 2.606119126245066e-10 1.035544123244051e-08 45843207.04045302 62
2.25 5.691179305779235e-10 2.480952702535598e-08 44222888.78721513 98
3 1.491979254246569e-09 5.576274967025546e-08 38524238.15130079 210
3.75 2.763233196067014e-09 1.239625476036132e-07 37333562.818735 350
4.5 4.279806317615521e-09 1.768458131278119e-07 37172103.93808556 450
5.25 5.294951166156697e-09 2.808161940142709e-07 32813809.96637535 602
6 7.084990554097e-09 4.418095581765609e-07 32808590.54180048 762
6.75 9.902683211847888e-09 6.815230653473298e-07 28778433.97494819 1142
7.5 1.169421085357614e-08 8.516470760332281e-07 29150873.1611489 1250
8.25 1.405154444927119e-08 1.070976215608665e-06 28353397.10179216 1458
9 1.732136498125626e-08 1.505510429870882e-06 27464223.64895178 1814
9.75 2.005752089194438e-08 1.890023083362501e-06 25676498.37529869 2178
10.5 2.370492200135286e-08 2.286074381938695e-06 25351860.16851085 2498
11.25 2.533395803812593e-08 2.607260809406481e-06 25129509.24289044 2622
12 2.990630750972078e-08 3.291215207968038e-06 23841444.28171565 3191
12.75 2.803526122760545e-08 3.704619518127073e-06 23743500.97560832 3044
13.5 2.60662646827135e-08 3.399291055527889e-06 23653366.10738947 2736
14.25 2.072388913511364e-08 2.950633538737045e-06 22405717.44658147 2276
15 1.769341233401169e-08 2.7133081427155e-06 21372754.31174693 2016
15.75 1.429148079975526e-08 2.461218481653167e-06 21278085.94354819 1640
16.5 9.791150870589989e-09 1.626313821374704e-06 21871328.74271913 1056
17.25 5.578304020266256e-09 1.075024742942791e-06 19508466.50083207 683
18 2.972305686762763e-09 5.781567883050448e-07 19892024.07351714 350
18.75 1.556059668063937e-09 2.694964531050214e-07 18152794.35261564 192
19.5 3.541460105462963e-10 8.649582531359286e-08 19100939.57123872 44
20.25 2.072383221904948e-10 4.522756204271743e-08 18720090.08963709 25


0.75 2.625871642086543e-11 1.592729129396008e-09 40091026.17299947 18
1.5 3.77866219995511e-10 6.653962031788271e-09 51075444.7242569 62
2.25 6.26786541920119e-10 1.886996210244753e-08 42840928.24544285 98
3 1.608903737673444e-09 5.350260774625147e-08 40537231.08397518 210
3.75 2.744334605797382e-09 1.098688802139409e-07 36190794.14132007 350
4.5 4.035223164024755e-09 1.808981761569344e-07 36689068.57764268 450
5.25 5.609191170005367e-09 2.640191331211324e-07 33977959.73046073 602
6 6.505578158049361e-09 4.508472131206856e-07 31921807.88581799 762
6.75 1.050050751766596e-08 6.620966930955479e-07 30169686.88366739 1142
7.5 1.12401152610042e-08 8.973663231957365e-07 29449466.8829174 1250
8.25 1.278123979955827e-08 1.084755346646579e-06 27202607.51181466 1458
9 1.734604746339132e-08 1.584304717166417e-06 28465436.66697001 1814
9.75 2.048016774582377e-08 1.839062043592264e-06 26327210.08835859 2178
10.5 2.343794617606758e-08 2.387085109445086e-06 25943809.15397621 2498
11.25 2.492062971781255e-08 2.750245199950506e-06 25686029.73524098 2622
12 3.007403937939886e-08 3.436645392962025e-06 24677892.51577252 3191
12.75 2.698850062242717e-08 3.445955423705058e-06 23067248.38175263 3044
13.5 2.497343646999073e-08 3.237698420499734e-06 23055446.1883039 2736
14.25 2.050800964251511e-08 2.918271203334752e-06 22589558.84781718 2276
15 1.693150054501566e-08 2.711669080906162e-06 21077848.47556923 2016
15.75 1.387769999396198e-08 2.247992168621952e-06 20727940.54586675 1640
16.5 9.581760319922522e-09 1.610054211901505e-06 21871501.85413301 1056
17.25 5.910551639703693e-09 1.108541745552046e-06 20922404.52904602 683
18 3.40585967710673e-09 5.260741818614008e-07 22088120.8856969 350
18.75 1.899810195782224e-09 3.214611589865888e-07 22478877.80780993 192
19.5 3.439604978276246e-10 6.066845399769225e-08 17575488.25618182 44
20.25 2.398436713237582e-10 4.642579982670441e-08 21523184.7794663 25


0.75 6.893346225151606e-11 8.501990623559412e-10 59192013.59439044 18
1.5 2.900904906781101e-10 8.491820054138744e-09 46844381.23499833 62
2.25 6.1608637760008e-10 1.987378163816651e-08 44014551.83128898 98
3 1.683759837971275e-09 5.857292595629826e-08 43952593.40108128 210
3.75 2.711438435771219e-09 1.125682481050037e-07 36938165.45926037 350
4.5 4.135383391846492e-09 1.680138165441408e-07 37074248.72994949 450
5.25 5.71736295264002e-09 2.55002297714414e-07 34698170.86879119 602
6 6.517256963724269e-09 4.078963796856048e-07 31377056.80348632 762
6.75 9.907415308310403e-09 6.770730526459383e-07 29822731.60557116 1142
7.5 1.118420725886458e-08 8.355163317561075e-07 29195852.63857409 1250
8.25 1.342824211853117e-08 1.111245204340879e-06 28888550.7371263 1458
9 1.667405273911691e-08 1.437722822182714e-06 27385561.38827496 1814
9.75 1.906877359034122e-08 1.950953709661405e-06 26010441.82572735 2178
10.5 2.247020335389834e-08 2.168289039659737e-06 24959866.31748128 2498
11.25 2.3680538457799e-08 2.464692611172722e-06 24469786.67656478 2622
12 2.938751209760297e-08 3.240676087438892e-06 24343533.10199491 3191
12.75 2.864240013359312e-08 3.319571086513591e-06 24317300.07286584 3044
13.5 2.41684833241229e-08 3.147524843394426e-06 22769334.32215026 2736
14.25 1.993438241284918e-08 2.949231002917906e-06 22611190.43467217 2276
15 1.757743733456894e-08 2.73855301295446e-06 22143021.03926321 2016
15.75 1.507483573258768e-08 2.233812555954407e-06 22460971.63866782 1640
16.5 8.892580757161234e-09 1.602183987999239e-06 21049396.07584667 1056
17.25 5.852210864086014e-09 1.038291830179294e-06 20833429.97088398 683
18 3.020169066531528e-09 5.354192522713373e-07 20550691.99152852 350
18.75 1.747027132286652e-09 2.265679827986361e-07 20079641.64088047 192
19.5 3.678774373187806e-10 5.373671962828773e-08 18511038.85607784 44
20.25 3.114660545464853e-10 2.934931412684742e-08 25526547.47538596 25


0.75 2.701176105877202e-11 6.650428003248491e-10 28524463.84326746 18
1.5 3.200267186344643e-10 6.057252410509314e-09 45860840.78870322 62
2.25 5.103447834941178e-10 1.85732152569777e-08 38918460.76913252 98
3 1.468379297078462e-09 6.210780043628876e-08 42092050.69672856 210
3.75 2.425415510869639e-09 1.106423012047107e-07 34896610.10809597 350
4.5 3.884116395943538e-09 1.765100798680697e-07 36870339.01941508 450
5.25 5.165955628250109e-09 2.600592196505951e-07 33260370.18335933 602
6 6.382372027127725e-09 3.917029284477367e-07 31094796.88150387 762
6.75 1.050128863777726e-08 6.731568414501977e-07 31517774.23459227 1142
7.5 1.162272360531815e-08 8.141396463393601e-07 30272080.90789162 1250
8.25 1.338302917170365e-08 9.859224162932694e-07 28277721.88872001 1458
9 1.5462674010926e-08 1.361146772111294e-06 26049226.10395109 1814
9.75 1.890277561535548e-08 1.850215666737692e-06 25909563.66375528 2178
10.5 2.203033098683803e-08 2.390407171988747e-06 25819783.90568998 2498
11.25 2.459812017181324e-08 2.381993743077882e-06 25402381.6513888 2622
12 2.91757008122341e-08 3.280936441381102e-06 24759037.50860198 3191
12.75 2.804950258405812e-08 3.214418049289548e-06 24197640.04738865 3044
13.5 2.333183751923857e-08 3.332583445509942e-06 22963268.94663942 2736
14.25 1.931164724519959e-08 2.912302098382731e-06 22436817.16194478 2276
15 1.808607918394524e-08 2.428381313022073e-06 22385161.57393871 2016
15.75 1.378301179343125e-08 2.206089079504949e-06 21318564.29339792 1640
16.5 8.613410728679565e-09 1.370699752971576e-06 20160317.19254375 1056
17.25 5.373737607551942e-09 9.846505502752239e-07 19644858.90592445 683
18 2.936993265516184e-09 6.030960794301517e-07 21079927.77402664 350
18.75 1.322991850029831e-09 2.464969358916506e-07 16588982.57509847 192
19.5 3.645849688316482e-10 6.4410896910131e-08 19355070.51643779 44
20.25 2.356678257125261e-10 2.700307719871959e-08 20149401.38893579 25


0.75 3.666216207147758e-11 7.132060561299293e-10 36612448.15685 18
1.5 3.4786321956936e-10 5.905536014783695e-09 49365077.23840626 62
2.25 5.690353526916463e-10 1.719576302821332e-08 41237364.2000294 98
3 1.623627575386477e-09 5.484833876303602e-08 43553082.6636855 210
3.75 2.83068205228156e-09 1.040373563340211e-07 38358500.48623396 350
4.5 3.88236908561732e-09 1.875508926672928e-07 38384168.41540558 450
5.25 5.235282729980038e-09 2.82329203543174e-07 35184974.84558899 602
6 6.369132309013885e-09 4.120763400845761e-07 32227053.05920092 762
6.75 9.948108399799116e-09 6.832229270538963e-07 31145672.43038557 1142
7.5 1.090169888496955e-08 7.901380645925535e-07 29251529.65418476 1250
8.25 1.321927178813296e-08 1.030356229144322e-06 28960746.24205297 1458
9 1.651654867268089e-08 1.347161045981272e-06 27689819.58771081 1814
9.75 1.81339699570315e-08 1.801324980570353e-06 25440488.97346326 2178
10.5 2.154875858799379e-08 2.170304457981409e-06 25160295.44487082 2498
11.25 2.328812976157249e-08 2.352302407468549e-06 24779453.28894801 2622
12 2.819907427802566e-08 3.029198784018313e-06 24083761.95913467 3191
12.75 2.642429066127074e-08 3.399014679567588e-06 23949175.8282886 3044
13.5 2.474932880458698e-08 3.191994249646258e-06 24146461.10324277 2736
14.25 1.97578751000636e-08 2.76657715850984e-06 22934682.1978944 2276
15 1.683138444360156e-08 2.549237616815166e-06 21853714.27119004 2016
15.75 1.394544346316488e-08 2.143886884811402e-06 21760376.08893598 1640
16.5 8.795928819742801e-09 1.597676758025961e-06 21660359.3858519 1056
17.25 5.753451897006321e-09 9.459444690029699e-07 20895587.98327029 683
18 3.014899551851695e-09 5.540767673374685e-07 21471157.54489336 350
18.75 1.354118853745695e-09 2.951706357503477e-07 17936522.90704384 192
19.5 5.712548011594804e-10 5.565188415112503e-08 28165870.36458622 44
20.25 2.3265976940588e-10 3.585484292809729e-08 21179952.15376911 25


0.75 2.285180439627041e-11 1.290038201739595e-09 36125146.01832909 18
1.5 1.809274674314715e-10 6.543882650275597e-09 33572878.71192937 62
2.25 4.198125541802295e-10 1.723767064342215e-08 34910576.06855515 98
3 1.345731763767036e-09 5.630744698395576e-08 39860547.8904084 210
3.75 2.72232438984135e-09 1.038930906514028e-07 38068044.49367339 350
4.5 3.651712944852989e-09 1.553056258847417e-07 35161201.50364506 450
5.25 5.196072560442267e-09 2.839626419810462e-07 35743363.43890144 602
6 6.706284023760394e-09 3.529704118584916e-07 32180407.83527821 762
6.75 1.01872661596933e-08 6.297705188014541e-07 31354387.74590908 1142
7.5 1.073489100336134e-08 7.872888611504254e-07 29455970.06553682 1250
8.25 1.250769553746954e-08 1.061215871093672e-06 28695631.87897516 1458
9 1.593655169086756e-08 1.261809316467958e-06 26976639.00427676 1814
9.75 1.948671597471617e-08 1.781436325413648e-06 27148461.09038924 2178
10.5 2.161762588458146e-08 2.18257350098339e-06 25729693.17078806 2498
11.25 2.30981058079214e-08 2.464545912053798e-06 25418067.99001992 2622
12 2.732459075055946e-08 3.074441060476858e-06 24067868.20920232 3191
12.75 2.563662488898565e-08 3.166862670327971e-06 23407735.22676939 3044
13.5 2.360121334960149e-08 2.953303864648088e-06 23275042.64774266 2736
14.25 1.881437052650673e-08 2.758033597840082e-06 22513550.26305528 2276
15 1.61714339161741e-08 2.440534720655476e-06 21368615.66366008 2016
15.75 1.344288341235352e-08 2.022967788586108e-06 21258481.16803611 1640
16.5 8.105523964117124e-09 1.433947509991988e-06 20196768.35413459 1056
17.25 5.217803361807559e-09 1.011006888361889e-06 20070958.26004928 683
18 2.669473421196005e-09 5.13181214323235e-07 19568802.21032295 350
18.75 1.579270590148098e-09 2.852032050670403e-07 20413985.69994645 192
19.5 2.974578439195113e-10 9.045361503196527e-08 18716705.32904851 44
20.25 2.73616807078601e-10 3.133560988265375e-08 24276011.50682708 25


0.75 2.898641429707691e-11 1.256688395750348e-09 40770336.26778482 18
1.5 3.119783227125755e-10 7.444254078638623e-09 50565255.3061261 62
2.25 5.410229237406234e-10 1.502832498029809e-08 39491633.41200732 98
3 1.396340213520192e-09 5.660143157862907e-08 41576246.59556927 210
3.75 2.810517739417714e-09 1.049385282982017e-07 39704774.62982895 350
4.5 3.726962380436642e-09 1.60389647585308e-07 36679510.78846736 450
5.25 4.823719436536146e-09 2.751834157815902e-07 34322677.27029039 602
6 5.984317319792295e-09 3.46322563989289e-07 30177250.01925746 762
6.75 9.726246306569824e-09 6.221293506915458e-07 30822710.61606374 1142
7.5 1.013849471801962e-08 7.990154385121369e-07 29027255.42335526 1250
8.25 1.289344599908298e-08 1.018043647197526e-06 29417544.32011803 1458
9 1.593113202209832e-08 1.410000961073311e-06 28409131.48612904 1814
9.75 1.82389961610547e-08 1.787726024567436e-06 26429324.59621575 2178
10.5 2.046895799924949e-08 2.091828454984088e-06 24895889.52635045 2498
11.25 2.13288903832134e-08 2.406013870732318e-06 24286051.0776426 2622
12 2.801491040047202e-08 3.177325194274537e-06 25181288.33660964 3191
12.75 2.563891871321375e-08 3.107471512634215e-06 23716808.42920433 3044
13.5 2.396136167815677e-08 3.019413334785075e-06 24105035.55170947 2736
14.25 1.945678167590489e-08 2.44901526656956e-06 22820290.32212294 2276
15 1.685864238016878e-08 2.511453039229892e-06 22610565.82992918 2016
15.75 1.276611544290196e-08 2.047590165994947e-06 20878074.28356973 1640
16.5 8.719717201276057e-09 1.340655062104555e-06 21399437.10122793 1056
17.25 5.417542069991535e-09 8.553445002078683e-07 20228764.16091488 683
18 2.885949238148989e-09 5.513572849633037e-07 21512311.30124805 350
18.75 1.564154543474876e-09 2.294634251938936e-07 19770887.57894954 192
19.5 3.08467785920221e-10 5.752610496822248e-08 17495827.20523425 44
20.25 2.117907392031833e-10 2.664266709859061e-08 19381304.90406156 25


0.75 4.783063698904234e-11 1.188930406532406e-09 54657781.65845901 18
1.5 2.406746622316107e-10 6.962861412324967e-09 42533283.41014776 62
2.25 5.505591680534009e-10 1.900067952697069e-08 44323255.80579498 98
3 1.292173980639965e-09 4.830478106184569e-08 38045290.37697246 210
3.75 2.944887776854588e-09 9.053045667971066e-08 39896860.53782229 350
4.5 3.673000228817909e-09 1.655774284047729e-07 37466823.20150169 450
5.25 4.999559263473232e-09 2.563418874240612e-07 34904385.98115222 602
6 6.192059147731266e-09 3.448350456770012e-07 31424529.3537803 762
6.75 9.561857034419553e-09 6.138509231368654e-07 30930185.61539092 1142
7.5 1.098027699199398e-08 8.217489777723575e-07 31481768.71708179 1250
8.25 1.142213466374224e-08 9.10186891909727e-07 26641061.57704834 1458
9 1.508996256002272e-08 1.252857915756058e-06 26887615.19627453 1814
9.75 1.783349520437179e-08 1.642366938670144e-06 25839490.9795272 2178
10.5 2.138026667082255e-08 2.070173409135264e-06 26088937.16637894 2498
11.25 2.171745792308079e-08 2.1860085242145e-06 24402348.32085325 2622
12 2.714374671910997e-08 3.043855157507501e-06 24785201.4745214 3191
12.75 2.53144948575798e-08 3.129710790004176e-06 23986994.68678254 3044
13.5 2.198581560915918e-08 2.884144433438387e-06 22769954.42936468 2736
14.25 1.809109226840364e-08 2.584616834253034e-06 22308363.38115272 2276
15 1.577202284393778e-08 2.358546481890938e-06 21571564.59992062 2016
15.75 1.34105437265717e-08 2.117776096187503e-06 22258174.51530745 1640
16.5 8.374929274842314e-09 1.470578452093527e-06 21608161.25131398 1056
17.25 5.318571884321005e-09 9.27316836145853e-07 20686720.69432639 683
18 2.728292007112632e-09 4.894310478821921e-07 20419954.21287461 350
18.75 1.641361152293547e-09 2.786749140787345e-07 21730285.55340986 192
19.5 2.417871675231046e-10 6.967191819418864e-08 15535060.60676097 44
20.25 2.435433527980235e-10 5.566768980360525e-08 25331115.17003231 25


0.75 2.544205082327538e-11 8.13691567258845e-10 32473691.23695769 18
1.5 2.183853597102305e-10 6.319358126952093e-09 39258555.7275949 62
2.25 5.162951012390062e-10 1.409997122632036e-08 38919632.1824493 98
3 1.360944207569584e-09 4.496417406968492e-08 38993948.36072095 210
3.75 2.40087490653535e-09 9.915128867713886e-08 36482080.5132719 350
4.5 3.613245117272594e-09 1.488203442197856e-07 36366090.35224341 450
5.25 4.913781144974706e-09 2.4844880786054e-07 34737990.41617937 602
6 6.354163360125425e-09 3.482347347334269e-07 32639335.4319373 762
6.75 9.469220536597843e-09 6.196517996540861e-07 31372572.88013592 1142
7.5 1.00842982677294e-08 7.866615642556416e-07 29843787.75350662 1250
8.25 1.172280829693239e-08 1.006112281662998e-06 28516051.9962549 1458
9 1.478657732060928e-08 1.290006153817657e-06 27227335.98970838 1814
9.75 1.77357722611316e-08 1.701579569855315e-06 26480784.4167162 2178
10.5 2.046834326225582e-08 2.039115841179628e-06 25629529.04454506 2498
11.25 2.132272188025793e-08 2.39100698833364e-06 25137449.77853858 2622
12 2.708110367907759e-08 2.965412914840041e-06 25008742.50713629 3191
12.75 2.47153174307606e-08 3.029567484359999e-06 23782949.56072953 3044
13.5 2.050582531385988e-08 2.879520049944627e-06 22014917.0721629 2736
14.25 1.792911812271812e-08 2.62179048404647e-06 22642014.95868424 2276
15 1.553811105710118e-08 2.431918873949106e-06 21885917.71530879 2016
15.75 1.245715554801401e-08 2.045477644980432e-06 21251429.26772368 1640
16.5 8.294070289611285e-09 1.441894603297807e-06 21729438.54108683 1056
17.25 5.047937736952324e-09 9.710395177014614e-07 20467547.92706917 683
18 3.039958799251982e-09 4.945959411296092e-07 22679106.53401292 350
18.75 1.550184395960898e-09 2.666550960608214e-07 20947392.44734298 192
19.5 3.353821958850688e-10 6.875311679987648e-08 20127819.68471174 44
20.25 2.679575758147886e-10 2.473445115468778e-08 24470198.72004966 25


0.75 4.6744818770906e-11 9.15205335547774e-10 51278518.95926973 18
1.5 1.888769126491513e-10 6.095016729768532e-09 36006384.37556008 62
2.25 6.230456022375323e-10 1.744733946325686e-08 48206126.05176062 98
3 1.1864004348021e-09 4.946642422685649e-08 37737030.94571657 210
3.75 2.369007903915706e-09 1.055512756014773e-07 37697454.34058527 350
4.5 3.316919538259764e-09 1.436805477007508e-07 34563169.2265546 450
5.25 4.621312188677869e-09 2.46761304074076e-07 33900115.69043269 602
6 6.423921418573172e-09 3.55749226484634e-07 33707064.54044788 762
6.75 9.093419889636112e-09 6.092477054192167e-07 30915497.15768592 1142
7.5 9.376975351258749e-09 7.579783608358116e-07 28602053.17769954 1250
8.25 1.145840600871077e-08 9.931173919474273e-07 28467743.98533951 1458
9 1.465911368548309e-08 1.299765971125251e-06 27618233.14084075 1814
9.75 1.736028223105369e-08 1.630070146223858e-06 26212903.10305844 2178
10.5 1.880683416980036e-08 2.148958473099511e-06 24994655.75094454 2498
11.25 2.166874214253359e-08 2.295683238734587e-06 25584651.54649878 2622
12 2.526543828290212e-08 2.871193528164326e-06 23990019.26391161 3191
12.75 2.363882675866304e-08 2.944665665034678e-06 23256167.03603032 3044
13.5 2.1300168171519e-08 2.836571204645093e-06 22948127.49627115 2736
14.25 1.743614079410665e-08 2.478912821356956e-06 22250281.68678103 2276
15 1.602930317232549e-08 2.318284287043539e-06 22529248.22124709 2016
15.75 1.286222593023805e-08 2.137331912842297e-06 22403991.3876666 1640
16.5 7.656077829240612e-09 1.393370507102684e-06 20654809.90978894 1056
17.25 4.921334103057542e-09 9.613464521752394e-07 20391557.20571884 683
18 2.704539980929155e-09 5.262049206450197e-07 21372557.73403241 350
18.75 1.328595720550167e-09 2.43716709588301e-07 18522319.69699709 192
19.5 4.166053200332823e-10 5.404349782066963e-08 23380714.65511836 44
20.25 1.984513556241845e-10 4.113474414979807e-08 20929721.31758662 25


0.75 3.860589083699578e-11 1.210829381620747e-09 50631777.80986665 18
1.5 2.855959969729715e-10 6.572669601382769e-09 49209036.1079386 62
2.25 6.186859212530383e-10 1.38864450127757e-08 45453112.6752816 98
3 1.411020571382509e-09 4.864504820076007e-08 42494201.23155992 210
3.75 2.549766266291604e-09 1.036346690433568e-07 39892296.9043146 350
4.5 3.081681234215534e-09 1.729294988147911e-07 35972067.98737824 450
5.25 4.268402265497437e-09 2.400178871766621e-07 32462470.84781332 602
6 5.922901740111733e-09 3.359178448161334e-07 31875372.30627394 762
6.75 8.706032432065353e-09 5.585746765967592e-07 29677889.46393603 1142
7.5 9.655727883615562e-09 6.841202601785436e-07 28660473.67437611 1250
8.25 1.088014379528244e-08 9.283559982280518e-07 27360747.88202721 1458
9 1.419273931986517e-08 1.265320177487948e-06 27256565.46635699 1814
9.75 1.606958064472838e-08 1.62099105494905e-06 25246320.4601885 2178
10.5 1.974295143843982e-08 1.973163110920413e-06 25631495.34242507 2498
11.25 2.033443844888094e-08 2.189704996648227e-06 24544485.8717359 2622
12 2.571002936943212e-08 2.947285004990026e-06 24901629.77373333 3191
12.75 2.397971238652169e-08 2.978693121869106e-06 23989052.79429105 3044
13.5 2.106936054586957e-08 2.786406428019255e-06 23057674.48027852 2736
14.25 1.788548450124974e-08 2.501265297741301e-06 23128190.45778118 2276
15 1.572188923495653e-08 2.281599404083533e-06 22506161.92514832 2016
15.75 1.284816954205812e-08 2.020028486054074e-06 22462971.20167756 1640
16.5 8.919635385479135e-09 1.260173690325325e-06 23087235.13543837 1056
17.25 4.992147740872558e-09 9.341837947003674e-07 20826095.05958834 683
18 2.35656508593428e-09 4.86536604961072e-07 19228257.0241171 350
18.75 1.363196961158678e-09 2.672669782866799e-07 19626142.57401956 192
19.5 2.888714218049283e-10 5.895371288522267e-08 17942108.51604658 44
20.25 1.735876167448767e-10 3.459040023209849e-08 18477505.32956693 25


0.75 1.947901280481682e-11 5.205437388674436e-10 24503916.66847065 18
1.5 2.213484306501592e-10 5.664585502707841e-09 40235516.59811018 62
2.25 5.756692221485794e-10 1.671382820893774e-08 46734388.40475768 98
3 1.081862104266316e-09 4.205057518062846e-08 34693335.88392132 210
3.75 2.316753951051393e-09 1.003207501885327e-07 37791574.11543038 350
4.5 3.299181704430408e-09 1.417168932476756e-07 35524184.3447046 450
5.25 4.866967545041946e-09 2.318607715484868e-07 35570560.58145151 602
6 5.917450714834655e-09 3.519701566303884e-07 32966363.37927564 762
6.75 8.568368898607256e-09 5.24931616649282e-07 29295722.084903 1142
7.5 9.336042279222836e-09 6.590484099193795e-07 28183495.89468618 1250
8.25 1.163676289982171e-08 8.725624135072019e-07 28580917.44329964 1458
9 1.379027811543218e-08 1.218097207732375e-06 26884324.70300303 1814
9.75 1.615358379038497e-08 1.604798389245675e-06 25712769.26965232 2178
10.5 1.82072650723467e-08 1.926204672803293e-06 24474830.08000782 2498
11.25 2.036230859747764e-08 2.260983805094498e-06 25242697.10257855 2622
12 2.460676006514488e-08 2.932092373277673e-06 24525748.72072091 3191
12.75 2.284929247677124e-08 2.813323228123296e-06 23214108.20772189 3044
13.5 2.104498141738239e-08 2.84576405227837e-06 23583058.10212364 2736
14.25 1.791720776768626e-08 2.372325639326506e-06 23264392.44183379 2276
15 1.480203263887298e-08 2.227769082616059e-06 21765964.12366844 2016
15.75 1.208781545824989e-08 1.949320176192004e-06 21646886.97455904 1640
16.5 7.478658853814269e-09 1.279423337276833e-06 20579301.53455987 1056
17.25 5.264166289676635e-09 9.721461619100353e-07 22280779.10619104 683
18 2.738159659917924e-09 4.371668841660233e-07 21456702.98077428 350
18.75 1.103473329761307e-09 2.78334481313984e-07 17215535.90745322 192
19.5 4.14300292551884e-10 4.841648261394841e-08 23721791.80862491 44
20.25 1.945575954802094e-10 2.771770371166306e-08 19834867.7389795 25


0.75 2.883963598115303e-11 1.359691851451374e-09 47006582.51524643 18
1.5 1.552013825910018e-10 5.291395210703434e-09 31838620.51797432 62
2.25 4.042672937774667e-10 1.507333327809905e-08 36584873.77221034 98
3 1.151719357750261e-09 4.172606188921248e-08 36552062.16001298 210
3.75 2.308298192499583e-09 1.042599207769063e-07 38888154.48605986 350
4.5 3.076906247809457e-09 1.38068088887876e-07 34179220.33832882 450
5.25 4.942759615339578e-09 2.341255264898736e-07 36643864.31106246 602
6 5.846193174963413e-09 3.426462080869471e-07 32939483.94382663 762
6.75 8.397657536381794e-09 5.694786528943831e-07 30199746.92031692 1142
7.5 8.793875515604851e-09 7.001360748628268e-07 28106093.52134786 1250
8.25 1.105220740805476e-08 9.408652157923074e-07 28751106.49882673 1458
9 1.439470612482415e-08 1.22068912084024e-06 28174000.35384208 1814
9.75 1.645270089413988e-08 1.478332910742799e-06 25829289.99747603 2178
10.5 1.875530441883396e-08 1.963253390920121e-06 25556335.77153377 2498
11.25 1.980699487933163e-08 2.157077243961051e-06 24831409.67627237 2622
12 2.46790283612557e-08 2.778362198432289e-06 24624644.56160764 3191
12.75 2.359535184336774e-08 2.844412932007807e-06 24242880.35948359 3044
13.5 2.054575211013879e-08 2.69953893349446e-06 23239127.09692623 2736
14.25 1.671254058648096e-08 2.347165797171903e-06 22399418.83701747 2276
15 1.456528295522869e-08 2.095183754242737e-06 21540686.38259566 2016
15.75 1.166308270466276e-08 1.844977799013717e-06 21143330.46031837 1640
16.5 7.125023892325142e-09 1.314015730268539e-06 20322727.64185962 1056
17.25 5.237905311047272e-09 8.773998683666609e-07 22040042.52462875 683
18 2.539752028207284e-09 4.391502883742445e-07 20586784.17527441 350
18.75 1.266442887659437e-09 2.961770995165809e-07 19699696.44791757 192
19.5 2.340157106321387e-10 5.215440206143507e-08 15355247.30669851 44
20.25 1.395783406844164e-10 1.849065908993177e-08 14314101.41583437 25


0.75 2.563147018131981e-11 5.12393387248621e-10 30381946.94403131 18
1.5 2.498803840724874e-10 6.165203548254509e-09 46470853.46527236 62
2.25 6.215414902120177e-10 1.469491109802398e-08 48947203.64319511 98
3 1.181217290346623e-09 5.059045815986315e-08 40742614.15480743 210
3.75 2.463856228448073e-09 9.835316780132201e-08 40393916.37859241 350
4.5 3.383954983598257e-09 1.475449820771873e-07 37917938.04129492 450
5.25 4.276698974510838e-09 2.254705723831859e-07 33501996.27607817 602
6 5.513121130488495e-09 3.188929616057376e-07 31491915.62765217 762
6.75 8.493691498324052e-09 5.498217432367781e-07 30614730.48895241 1142
7.5 9.358596895946752e-09 6.636335710070754e-07 29290615.46863087 1250
8.25 1.029163033157057e-08 8.708601836373605e-07 27202564.66047451 1458
9 1.348202609201597e-08 1.15331334240623e-06 26938361.10993426 1814
9.75 1.53237231807954e-08 1.532713425451054e-06 25304791.3537982 2178
10.5 1.895187010722685e-08 1.875764315378135e-06 25858897.17501439 2498
11.25 1.909895654503363e-08 2.06736039208912e-06 24331604.57712159 2622
12 2.440376773602741e-08 2.712119943158187e-06 24700393.17541452 3191
12.75 2.253162125062963e-08 2.691708151897809e-06 23508084.59160478 3044
13.5 2.139507916919113e-08 2.496856844451348e-06 23911789.6086316 2736
14.25 1.702185379586134e-08 2.394808932620165e-06 23230749.96851023 2276
15 1.409591538929343e-08 2.270885695850661e-06 21838358.18802973 2016
15.75 1.17669333865509e-08 1.814075829310611e-06 21574768.68963272 1640
16.5 7.636320068806997e-09 1.227464113973883e-06 21431442.28276139 1056
17.25 4.728721882121346e-09 8.899424141277421e-07 20814738.17521413 683
18 2.309090604876671e-09 4.268995564987819e-07 19334767.30075683 350
18.75 1.396167222368573e-09 2.501264683645358e-07 20767085.52831268 192
19.5 2.792690374833772e-10 2.816218196630608e-08 16236377.55131929 44
20.25 1.923129401932903e-10 3.094270210505683e-08 20708508.05332807 25


0.75 1.812718872352889e-11 9.172597038140321e-10 31686775.35489216 18
1.5 1.782207837937017e-10 8.469260568211062e-09 43832874.96236479 62
2.25 4.678217940948101e-10 1.445576716499334e-08 40853704.7352578 98
3 1.115705316465442e-09 4.821595666719077e-08 39277013.80572701 210
3.75 1.986883265069023e-09 8.449458057473858e-08 33889249.70173811 350
4.5 3.313085916171262e-09 1.327746595314298e-07 36700171.21807201 450
5.25 4.359241958749246e-09 2.334145141869881e-07 34915556.34359708 602
6 5.538411065098691e-09 3.224256024067124e-07 32241320.37969929 762
6.75 8.007095695640116e-09 5.321684934310471e-07 29611247.99147428 1142
7.5 9.160661854974207e-09 6.363269102287302e-07 28962980.75254115 1250
8.25 9.902974441935727e-09 8.369046227771857e-07 26607429.9546996 1458
9 1.258204342157472e-08 1.145360435476382e-06 26073667.98307662 1814
9.75 1.583863526439081e-08 1.523374755473034e-06 26276402.79813292 2178
10.5 1.80947092370122e-08 1.832385792415513e-06 25276106.7161281 2498
11.25 1.90755881898045e-08 2.139909585919283e-06 24970779.26126809 2622
12 2.449044857897242e-08 2.611494128716188e-06 24934793.67756388 3191
12.75 2.140992735154115e-08 2.835303647058203e-06 23365175.18421855 3044
13.5 1.922961757755805e-08 2.618950947469638e-06 22730683.53513052 2736
14.25 1.669796088340695e-08 2.305508869280662e-06 23066311.53032829 2276
15 1.479756997607995e-08 2.070392955180712e-06 22501918.88650054 2016
15.75 1.198846861744051e-08 1.827147685803566e-06 22294627.71164612 1640
16.5 7.619629258903669e-09 1.160434725843449e-06 21483294.91900793 1056
17.25 4.549413786895472e-09 8.447306159805682e-07 20300175.93450227 683
18 2.56179133043165e-09 4.306147670414347e-07 21363362.23551431 350
18.75 1.272006089446548e-09 2.739040272500233e-07 20060682.32145157 192
19.5 3.046057321365423e-10 7.322160779176216e-08 21070818.20080232 44
20.25 2.056345758187702e-10 2.878663963283709e-08 22011252.74283914 25


0.75 3.388966355660351e-11 9.511393332055383e-10 46473117.42119443 18
1.5 1.451473233572391e-10 6.266979489025718e-09 34717047.46931216 62
2.25 5.638395214832169e-10 1.293082628010581e-08 45509015.19921601 98
3 1.094045525998762e-09 3.871120406685779e-08 36283311.18483749 210
3.75 2.040425202749422e-09 8.033329018185373e-08 34430313.06162879 350
4.5 2.944217639540365e-09 1.518192939495071e-07 36254180.94290227 450
5.25 4.116171862833546e-09 2.249149072731357e-07 33781280.55510992 602
6 5.856571601434492e-09 2.982976412796456e-07 33184046.36592224 762
6.75 7.98691790831918e-09 5.581647235731169e-07 30571538.68039868 1142
7.5 8.510234452501908e-09 6.406484971258469e-07 28100056.2212308 1250
8.25 1.034402939230357e-08 8.655697333114729e-07 28176143.64688836 1458
9 1.295223812599775e-08 1.137880629876017e-06 26993195.36239865 1814
9.75 1.532394899618186e-08 1.554677908566463e-06 26294315.01150896 2178
10.5 1.814357364426461e-08 1.751462048513032e-06 25425017.52414221 2498
11.25 1.857993523048709e-08 1.946698545352261e-06 24261361.10314582 2622
12 2.280419329015268e-08 2.680442509572896e-06 24245870.34614712 3191
12.75 2.195250727980381e-08 2.67556118050175e-06 23818055.31415185 3044
13.5 1.886612323772922e-08 2.55149562672565e-06 22639957.13829673 2736
14.25 1.712524470901494e-08 2.210189978979642e-06 23663594.86988126 2276
15 1.468010385522642e-08 2.109921720661009e-06 22852950.68613775 2016
15.75 1.17212142063666e-08 1.765787362567021e-06 22109251.14101683 1640
16.5 7.328537271753795e-09 1.249687817636416e-06 21577548.62916683 1056
17.25 4.835691885079849e-09 8.036445404055868e-07 21383298.303517 683
18 2.410677538498123e-09 4.378579384118138e-07 20796772.41669099 350
18.75 9.773251712690851e-10 2.379206664529004e-07 16172139.8432306 192
19.5 3.657151195517376e-10 4.127058026005858e-08 22315727.00278445 44
20.25 1.190989808852433e-10 3.215696569682816e-08 14833788.57982376 25


0.75 2.075888282886187e-11 7.090997734226573e-10 31266902.39669009 18
1.5 2.230005155001544e-10 5.262838453104896e-09 42982536.05018293 62
2.25 4.145249569673012e-10 1.318346328975668e-08 37829115.21483352 98
3 1.35168714261462e-09 3.933956461090397e-08 42658335.73582144 210
3.75 2.250752130454951e-09 8.989444208577405e-08 38810375.34152498 350
4.5 3.015182043657018e-09 1.459466372912409e-07 36867478.03840333 450
5.25 4.588625453894602e-09 2.307327552055416e-07 37183893.53217019 602
6 5.649684122710488e-09 2.940461834472033e-07 32772472.9087299 762
6.75 8.508630587530585e-09 5.174424073367401e-07 31599177.14026957 1142
7.5 8.948665300548881e-09 6.186682709741117e-07 29217307.8047275 1250
8.25 1.017820526837157e-08 8.348520172977293e-07 28005552.77420311 1458
9 1.250835132307803e-08 1.093596821138466e-06 26465897.09420775 1814
9.75 1.397119322997576e-08 1.414162824945892e-06 24358260.26107559 2178
10.5 1.843568156205068e-08 1.877608582846379e-06 26678860.17466334 2498
11.25 1.824711921004668e-08 2.017324213302829e-06 24599483.21257072 2622
12 2.374857430084678e-08 2.590626844855905e-06 25157250.08489351 3191
12.75 2.143043736222192e-08 2.595458999272901e-06 23603184.68724022 3044
13.5 1.912742851793226e-08 2.551369107443814e-06 23254585.07143323 2736
14.25 1.530215542540212e-08 2.197707475539265e-06 22084030.11158955 2276
15 1.387584986412031e-08 2.027917389042097e-06 22054881.23920846 2016
15.75 1.123055991692439e-08 1.750287993874615e-06 21716226.43157136 1640
16.5 7.287549174591056e-09 1.16576496071815e-06 21489547.11630293 1056
17.25 4.664935684132146e-09 7.493954476525386e-07 20818589.83470211 683
18 2.139805682548852e-09 3.872550389889136e-07 18756053.48803809 350
18.75 1.036069116724259e-09 2.532592883996551e-07 17452619.94449442 192
19.5 2.548663422904626e-10 7.274009535559175e-08 19088627.54328049 44
20.25 1.594604874914193e-10 3.369029422611363e-08 19046503.43180506 25


0.75 2.321173811901049e-11 9.875581100343393e-10 39201189.92543443 18
1.5 2.623125320793113e-10 5.698775697695089e-09 50318632.24887128 62
2.25 3.722305911009341e-10 1.671872986052864e-08 39733075.10017546 98
3 1.115583100856863e-09 3.679194635602671e-08 37397940.54613239 210
3.75 1.927232770926984e-09 9.247114492847879e-08 36260544.50750175 350
4.5 3.182044418238768e-09 1.500182626099896e-07 39247580.30231154 450
5.25 4.354700720531777e-09 2.147944295686992e-07 35703839.99599609 602
6 5.405704499790982e-09 3.096162907437249e-07 32953888.9674233 762
6.75 7.254084912577405e-09 5.325463266167017e-07 29247285.43193597 1142
7.5 8.325374472879117e-09 6.15406854533116e-07 28277849.57479981 1250
8.25 9.622053922874291e-09 8.282541334610986e-07 27379804.075825 1458
9 1.222731693059552e-08 1.133239951056743e-06 26824886.83652341 1814
9.75 1.52156557610664e-08 1.377253449750324e-06 26087428.85658638 2178
10.5 1.735711123134948e-08 1.798923658264653e-06 25692343.92881449 2498
11.25 1.828187920162035e-08 2.002947586338658e-06 25012985.2251517 2622
12 2.256358425852379e-08 2.540875760713175e-06 24528989.51429737 3191
12.75 2.071217539525016e-08 2.649346665188499e-06 23555080.96651004 3044
13.5 1.731725706476521e-08 2.49557204422122e-06 21874059.97154837 2736
14.25 1.583482813155816e-08 2.17207394799218e-06 22977299.93323104 2276
15 1.28936772811772e-08 1.9480304050638e-06 21022268.67022038 2016
15.75 1.096297881666583e-08 1.770579737416433e-06 21754535.78711648 1640
16.5 6.927356164137595e-09 1.23857355548608e-06 21346317.39707695 1056
17.25 4.355565258093572e-09 7.620932225178692e-07 20158046.48549494 683
18 2.200405251788169e-09 4.171839225978806e-07 19828829.58853277 350
18.75 1.265299622086582e-09 2.356819961962163e-07 20305247.09260014 192
19.5 2.652626642626917e-10 5.864301284666975e-08 18914175.13451325 44
20.25 7.5437912152095e-11 4.170981064268403e-08 12376718.56829537 25


0.75 2.893430820681843e-11 1.165157293191695e-09 48380423.86290456 18
1.5 1.501272195619719e-10 5.742230973472632e-09 35762752.58789148 62
2.25 4.733046518694419e-10 1.495670843325572e-08 44536710.09233617 98
3 1.109404179481209e-09 4.27892158221123e-08 39913397.03547664 210
3.75 2.06715892350947e-09 9.774587986309701e-08 39249679.58935188 350
4.5 2.849655081220118e-09 1.246332129084523e-07 34739000.04222425 450
5.25 3.655397811019771e-09 2.223604266363109e-07 32818629.44146669 602
6 5.114391702797638e-09 2.945078209370582e-07 31706203.00518977 762
6.75 7.298025482595167e-09 5.222616621127747e-07 29605064.49212109 1142
7.5 8.589368871935388e-09 6.255646010568835e-07 29478106.62848116 1250
8.25 9.726912403192168e-09 8.459641670436348e-07 28208115.39772588 1458
9 1.212360175011509e-08 1.093531379357924e-06 26776449.56698332 1814
9.75 1.513441070313121e-08 1.361438378042741e-06 26305004.60671028 2178
10.5 1.750327892511043e-08 1.784006930174163e-06 26185754.17886779 2498
11.25 1.806443948195664e-08 1.946493147800514e-06 24986219.58415599 2622
12 2.189106150879928e-08 2.450415398766086e-06 24134374.42739803 3191
12.75 2.033064934825358e-08 2.556258248395297e-06 23378305.31665802 3044
13.5 1.781692558876198e-08 2.447169596139138e-06 22564614.60015165 2736
14.25 1.471279653210974e-08 2.145981240494436e-06 22035951.32887121 2276
15 1.33745647301329e-08 1.97994661170265e-06 22042484.80892738 2016
15.75 1.112848992288338e-08 1.673428797930957e-06 22052212.30722544 1640
16.5 6.791941709241737e-09 1.184127705161559e-06 21132565.99436552 1056
17.25 4.526376478185424e-09 8.082839096184037e-07 21388309.16562192 683
18 2.166787968870661e-09 3.8917455529569e-07 19597439.06262729 350
18.75 1.158516743236435e-09 2.573446513724071e-07 19680486.75348315 192
19.5 2.971291484916406e-10 4.946535909744731e-08 20281670.43781301 44
20.25 2.122030644886848e-10 2.89158935396013e-08 24180581.42402457 25


0.75 3.93353190724875e-11 8.7506458070855e-10 53105297.46325032 18
1.5 1.851469762593508e-10 7.168285337735766e-09 45043243.72538321 62
2.25 3.687752628931074e-10 1.510953871845717e-08 39024311.87341809 98
3 1.036767087772169e-09 4.442276800200393e-08 39494503.41700126 210
3.75 2.063838327118902e-09 7.986533625458181e-08 36936836.05634581 350
4.5 2.990958624101989e-09 1.346372888195045e-07 37405821.06797869 450
5.25 3.988982506328099e-09 2.066302495416135e-07 34288142.6539575 602
6 5.278114298986063e-09 2.940147343789029e-07 32868161.50945998 762
6.75 7.82286903607868e-09 4.815993626807488e-07 30625611.77103266 1142
7.5 8.528134931239068e-09 6.341771539052072e-07 29942746.03890184 1250
8.25 9.781054023730176e-09 8.112774949212651e-07 28366500.47857507 1458
9 1.213279637599272e-08 1.053901128178917e-06 26904511.01397514 1814
9.75 1.48643043598224e-08 1.276488192566313e-06 25900780.07535021 2178
10.5 1.674206433684167e-08 1.656454360754926e-06 25231023.03690174 2498
11.25 1.769134009798322e-08 1.92053393414132e-06 24918087.9993783 2622
12 2.137364004323505e-08 2.509230172314666e-06 24261260.24952801 3191
12.75 2.003011691344668e-08 2.480456515789549e-06 23309386.98613729 3044
13.5 1.783531346451558e-08 2.476421515218587e-06 23022007.92033293 2736
14.25 1.514019831412962e-08 2.145906640145681e-06 22872427.11021392 2276
15 1.303063486663357e-08 2.018194623253033e-06 22076327.82623883 2016
15.75 1.101282193546994e-08 1.658994234562638e-06 22187134.98479723 1640
16.5 6.524903585676523e-09 1.134823771627692e-06 20619958.9351816 1056
17.25 4.502244096253933e-09 7.496440201092456e-07 21274212.60202522 683
18 1.896229542750004e-09 4.260888724011407e-07 18409984.9512563 350
18.75 1.398919430952748e-09 1.979853681195776e-07 21976246.29556181 192
19.5 2.511722547827533e-10 4.814003910060299e-08 17919351.88912752 44
20.25 2.247478403851023e-10 1.676021993360951e-08 24240082.50787285 25


0.75 1.046482539346745e-11 8.644631411720971e-10 26785264.98528797 18
1.5 1.804066579426764e-10 7.590768757204298e-09 46290743.92742198 62
2.25 4.667797675502443e-10 1.121043368912749e-08 41419263.45113316 98
3 1.335025260531662e-09 4.067713850546445e-08 45627829.62926799 210
3.75 2.059267641326016e-09 7.249745909287941e-08 36294077.82210959 350
4.5 2.674575753748966e-09 1.447509823596444e-07 36420639.35718811 450
5.25 3.6323838702635e-09 1.847175734559649e-07 31541489.81064115 602
6 4.641471283627033e-09 3.134366599078107e-07 31478176.74679029 762
6.75 7.371049105983379e-09 5.071424147758631e-07 30457332.9103884 1142
7.5 8.239182461687365e-09 6.047177321876528e-07 29280460.86399743 1250
8.25 1.013982603245794e-08 7.623622474368794e-07 28971343.39343987 1458
9 1.13938107755147e-08 1.081543209296457e-06 26430328.38127179 1814
9.75 1.454260173260366e-08 1.336809756076013e-06 26275867.92681715 2178
10.5 1.656746714656653e-08 1.688242267216786e-06 25600282.66423391 2498
11.25 1.734685540396436e-08 1.887368950092568e-06 24852683.75800725 2622
12 2.188732313740607e-08 2.409500853880175e-06 24813951.33649955 3191
12.75 2.063238815780903e-08 2.367774560685109e-06 23923933.15097963 3044
13.5 1.828938776059456e-08 2.386298896269316e-06 23603073.72716096 2736
14.25 1.436837215940192e-08 2.063782682809515e-06 22140455.46429203 2276
15 1.306278480350459e-08 2.025104669276464e-06 22500827.70161898 2016
15.75 1.091099394803822e-08 1.534059752587083e-06 21991800.16760782 1640
16.5 6.361786738160891e-09 1.162072996110697e-06 20689098.69156931 1056
17.25 4.161895456763533e-09 6.326276050026743e-07 19597939.803059 683
18 2.390508489254477e-09 4.399430983100021e-07 22457621.48326626 350
18.75 1.248444621773118e-09 2.746944979564306e-07 21856929.52105541 192
19.5 2.380813931411926e-10 5.994943552832458e-08 18403209.56257854 44
20.25 1.819957138373742e-10 3.238274026796415e-08 22416463.24848606 25


0.75 3.032456791678799e-11 1.760196509835563e-09 64024022.02705204 18
1.5 1.93427940613117e-10 7.576551194181448e-09 48847616.79684444 62
2.25 4.545157178342512e-10 1.311117476631091e-08 43438894.94573575 98
3 1.031402280288045e-09 3.923860240135891e-08 38726238.14689411 210
3.75 2.227183931175395e-09 8.763932913590287e-08 41414896.08735127 350
4.5 2.773092512358836e-09 1.172633639360813e-07 35059921.60908401 450
5.25 3.617797264726495e-09 1.896593218639533e-07 32255522.11957898 602
6 4.97017963689934e-09 2.798589119672224e-07 32082900.44525499 762
6.75 7.375647837488973e-09 4.863038105947259e-07 30511523.74886187 1142
7.5 8.470742329925652e-09 6.037687795860465e-07 30291399.45702289 1250
8.25 9.427075624516871e-09 7.592530601981191e-07 27967233.86384573 1458
9 1.174866979253113e-08 1.000279505130311e-06 26741039.6608766 1814
9.75 1.468499619199817e-08 1.384089072117912e-06 27161795.04240326 2178
10.5 1.584810190653395e-08 1.589075553668262e-06 24763714.15632166 2498
11.25 1.704881757115231e-08 1.819400310109956e-06 24681472.81435521 2622
12 2.116254879559086e-08 2.373449616898865e-06 24499728.30385645 3191
12.75 1.975635145365367e-08 2.470157627701197e-06 23807282.90806874 3044
13.5 1.748551982202218e-08 2.40943679771853e-06 23263271.70558589 2736
14.25 1.439505265581126e-08 2.04808552356857e-06 22482736.48899544 2276
15 1.208870016318476e-08 1.893278007982981e-06 21213984.99530058 2016
15.75 1.053088726385409e-08 1.689888449074603e-06 22250600.00005976 1640
16.5 6.895901531106055e-09 9.740313290065357e-07 21461575.66796346 1056
17.25 4.23189842632662e-09 8.151895173506865e-07 21382160.09991614 683
18 1.982065111206495e-09 3.733192412332147e-07 19021841.03523153 350
18.75 1.048590205784907e-09 2.152635556665104e-07 18346089.15813331 192
19.5 2.809322237986026e-10 2.765608165716951e-08 18584055.96188553 44
20.25 1.585473693618585e-10 3.843592226430558e-08 21204093.34891151 25


0.75 2.497684167079859e-11 8.651547563872499e-10 41708024.03447546 18
1.5 1.293273093786594e-10 5.95679618663332e-09 35736598.59510757 62
2.25 3.93969237156414e-10 1.282068939550759e-08 39970020.69578198 98
3 1.095104751722662e-09 3.873157178919634e-08 40699444.49633119 210
3.75 2.184108166432848e-09 7.951964005639068e-08 40211682.5317964 350
4.5 2.909832373345695e-09 1.092286547972364e-07 35999515.11896121 450
5.25 4.47169898183275e-09 1.830848978021246e-07 37403156.3748368 602
6 4.837489303867788e-09 2.933003543042863e-07 32569623.6716876 762
6.75 7.360761125450139e-09 4.965218994140768e-07 31197584.77191839 1142
7.5 7.506092482614291e-09 5.678240901833554e-07 27830276.17274205 1250
8.25 9.447295787855366e-09 6.917964344665846e-07 27653317.40524038 1458
9 1.123355025184043e-08 1.033589498779715e-06 26636892.22948071 1814
9.75 1.361511497083999e-08 1.373275366253797e-06 26142281.75525132 2178
10.5 1.657712945595442e-08 1.681951830533761e-06 26419892.99150265 2498
11.25 1.744735908487964e-08 1.799619779894938e-06 25430538.23202344 2622
12 2.136083682322848e-08 2.307283110311046e-06 24883403.54710986 3191
12.75 1.970861922135349e-08 2.411358211432008e-06 23997892.95666814 3044
13.5 1.722910753032847e-08 2.232468329856653e-06 22920247.18734369 2736
14.25 1.432424483613331e-08 1.929655370487132e-06 22424346.65124153 2276
15 1.227238737297571e-08 1.819671875001368e-06 21584190.73459714 2016
15.75 1.040119780323446e-08 1.551099309209228e-06 21943441.12534894 1640
16.5 6.246471843774551e-09 1.069730385297514e-06 20641136.791924 1056
17.25 4.353581890342127e-09 7.727189443256419e-07 21913134.54332105 683
18 2.119871392206322e-09 3.970236017487434e-07 20648176.34000359 350
18.75 1.142256721141041e-09 1.911506646038332e-07 19432045.37756958 192
19.5 2.753193306488259e-10 3.431454705089564e-08 19101468.5756968 44
20.25 1.623830241462996e-10 3.865420881152778e-08 21973206.58463416 25


0.75 4.461791741343537e-11 8.051249003515775e-10 60328996.95560838 18
1.5 1.893547038430816e-10 6.331484360066743e-09 46213369.30304518 62
2.25 3.640390950091732e-10 1.452379035083674e-08 40612312.2535346 98
3 1.149944578780421e-09 4.151911327973601e-08 43703775.15350464 210
3.75 1.92314957744754e-09 7.413224750574066e-08 36646501.9477582 350
4.5 2.785194592985466e-09 1.266294980746153e-07 37265485.11041192 450
5.25 3.800184682888757e-09 1.790318526181991e-07 33718940.30621353 602
6 4.726319949276633e-09 2.962563447246701e-07 32698328.85616076 762
6.75 7.284924938137815e-09 4.745976910641061e-07 30980975.73375753 1142
7.5 8.164360733786652e-09 5.741414562615003e-07 30005132.8344328 1250
8.25 9.175792802715097e-09 7.191468755551284e-07 27854813.17291398 1458
9 1.201133061507465e-08 9.922103964039289e-07 27960663.22343427 1814
9.75 1.323358252480719e-08 1.294648100859598e-06 25558262.25359159 2178
10.5 1.620521561999454e-08 1.607106928697316e-06 26054597.82869817 2498
11.25 1.637897879752434e-08 1.706526485796962e-06 24312814.77827997 2622
12 2.106519916185676e-08 2.257420518819586e-06 24869836.66903169 3191
12.75 1.901528919467128e-08 2.250149377096436e-06 23309085.45035878 3044
13.5 1.743823901580737e-08 2.297162113360549e-06 23663156.21344614 2736
14.25 1.393643848721586e-08 2.014309700146139e-06 22560989.41242845 2276
15 1.241272300983385e-08 1.808011269222374e-06 22075769.45473659 2016
15.75 9.942635812588575e-09 1.495467400681806e-06 21348276.31035756 1640
16.5 6.4915393385378e-09 1.055891815182285e-06 21520868.52990521 1056
17.25 3.962311194708902e-09 7.621716556274486e-07 20658502.51278323 683
18 2.288257736162171e-09 3.930837912338184e-07 22205504.37125915 350
18.75 1.116573024568673e-09 2.271594895583896e-07 20123516.08395414 192
19.5 1.920924899201676e-10 4.743515848584602e-08 15496956.00996336 44
20.25 2.373771257253903e-10 2.916983922287693e-08 28871253.23386599 25


0.75 1.994575185411984e-11 1.003814411204509e-09 40914394.66868471 18
1.5 1.607512280461299e-10 6.110031636196409e-09 42031194.62782558 62
2.25 4.346569803075526e-10 1.400938601053146e-08 45319660.31375577 98
3 1.070648294827721e-09 3.921186240141308e-08 41566976.38558065 210
3.75 1.794374425436831e-09 7.895211851895804e-08 36460578.91258567 350
4.5 2.725687814126445e-09 1.361141999845791e-07 38344735.86151182 450
5.25 3.74793522750144e-09 1.989077305298416e-07 35199644.96470194 602
6 4.884618981754616e-09 2.719949321049098e-07 32946029.77697919 762
6.75 7.120374041447041e-09 4.800238019234714e-07 31128947.13498611 1142
7.5 7.555277663044692e-09 5.493801456444487e-07 28521480.52209457 1250
8.25 9.12973069515869e-09 7.655727673725332e-07 28784184.87986745 1458
9 1.132880105972483e-08 1.020206759924394e-06 27524625.57584947 1814
9.75 1.313960096714223e-08 1.337039309542328e-06 26104341.83137152 2178
10.5 1.462478846526532e-08 1.552645554657785e-06 24377077.2069549 2498
11.25 1.65712077620375e-08 1.735780660788273e-06 25027941.98650487 2622
12 2.071559882994141e-08 2.231654575269335e-06 24881801.46806075 3191
12.75 1.893327516334964e-08 2.331156692889358e-06 23827687.18651283 3044
13.5 1.626633448656189e-08 2.140124343324489e-06 22417313.53495993 2736
14.25 1.309262708847197e-08 1.90991483264101e-06 21585006.84294889 2276
15 1.156794825741118e-08 1.864779592725538e-06 21450893.47246864 2016
15.75 9.880931182689349e-09 1.553640759526956e-06 21784454.4961697 1640
16.5 6.055581461570306e-09 1.002547077807476e-06 20480637.08513969 1056
17.25 3.810324459604959e-09 6.936948477457076e-07 19910582.36543851 683
18 2.005270295191472e-09 3.788697057699161e-07 20195976.26383084 350
18.75 1.216698476571241e-09 2.704064144397782e-07 22754730.31855252 192
19.5 2.001778374483318e-10 4.412673822802168e-08 15955946.72451441 44
20.25 1.904516033217769e-10 2.580320169716739e-08 23867355.45569248 25


0.75 2.298191737479479e-11 1.21476517306451e-09 49122749.55908272 18
1.5 2.332454195319555e-10 5.071682317675131e-09 50689065.81892978 62
2.25 4.979822861290459e-10 1.407584251427093e-08 50418898.29244886 98
3 9.354608540927992e-10 3.252918425610913e-08 36231929.21610431 210
3.75 2.058421991577432e-09 8.179305986266854e-08 40952591.98428366 350
4.5 2.569544790328355e-09 1.377793695581756e-07 37749614.3144657 450
5.25 3.525094436764977e-09 1.860622142504272e-07 33581993.03841843 602
6 4.671504689337294e-09 2.617850518667123e-07 32091454.1168744 762
6.75 7.038670231238332e-09 5.258094906014923e-07 32433290.93717124 1142
7.5 7.939972239613888e-09 5.552126962571559e-07 30073656.67548711 1250
8.25 8.840024304592233e-09 6.87916654736961e-07 27642433.66850395 1458
9 1.092812558901142e-08 9.240374164660792e-07 26450103.508554 1814
9.75 1.285119382921577e-08 1.264730632757596e-06 25668452.12411282 2178
10.5 1.480464899514058e-08 1.548758700672714e-06 24961176.55480615 2498
11.25 1.730858234674388e-08 1.669129253855355e-06 25974235.91767821 2622
12 1.958394002441296e-08 2.257200700185851e-06 24338504.88332457 3191
12.75 1.868924055508107e-08 2.225727963690837e-06 23686439.73021998 3044
13.5 1.64429493835997e-08 2.198489381878704e-06 23120287.77003044 2736
14.25 1.313419796224097e-08 1.869908457653144e-06 21859222.25475353 2276
15 1.086184580222844e-08 1.776397280655992e-06 20541019.65232782 2016
15.75 9.382692886197838e-09 1.515404364250005e-06 21154640.28109481 1640
16.5 6.020135816752473e-09 1.05281367084482e-06 20961909.44200607 1056
17.25 4.250484010003733e-09 6.860804872619547e-07 21947549.51549048 683
18 1.853395568657886e-09 3.830294340348964e-07 19377084.08119152 350
18.75 9.9509140149759e-10 2.163218433782461e-07 18802453.25313459 192
19.5 2.713036220063964e-10 4.755686169779299e-08 20914163.37800071 44
20.25 1.425462815718695e-10 2.292815474307771e-08 18660548.05791679 25


0.75 4.083453510416759e-11 8.463073386498532e-10 60378450.33395398 18
1.5 1.515182370360137e-10 4.66298299150162e-09 37575734.37417662 62
2.25 4.63283561755153e-10 1.526877986703069e-08 50288862.11949024 98
3 1.127663195629235e-09 3.132528781444374e-08 41178378.43110896 210
3.75 1.914507118738643e-09 7.492829675979354e-08 38476579.41776234 350
4.5 2.314052838083575e-09 1.197179254184164e-07 34051883.29820678 450
5.25 3.981133533865838e-09 1.863597967434121e-07 36975001.31414773 602
6 4.598644318153766e-09 2.876523145530888e-07 33336145.66371669 762
6.75 6.512798422731855e-09 4.774925962956531e-07 30269796.57609913 1142
7.5 7.040112733371601e-09 5.300863792044761e-07 27747943.42707407 1250
8.25 9.148443469278119e-09 6.918058016736515e-07 28793730.82519306 1458
9 1.09741300654512e-08 9.037164363380272e-07 26759443.83840263 1814
9.75 1.334403503126781e-08 1.227319478895801e-06 26514604.26658238 2178
10.5 1.509282446681424e-08 1.469519731164884e-06 25306075.4629564 2498
11.25 1.645976104781825e-08 1.728740612176562e-06 25670756.9216541 2622
12 1.935053491586319e-08 2.199837349764184e-06 24330942.97779658 3191
12.75 1.858728299309493e-08 2.315691276551531e-06 24213302.33660473 3044
13.5 1.605702157018335e-08 2.185144636784641e-06 23037661.17915516 2736
14.25 1.361670720030475e-08 1.812335674355078e-06 22627034.17682679 2276
15 1.134999767145309e-08 1.739261614093875e-06 21429782.41701033 2016
15.75 1.020725589731054e-08 1.465863667424702e-06 22727204.42992321 1640
16.5 6.227846795444685e-09 1.041368683984884e-06 21783269.12662235 1056
17.25 3.802968780454555e-09 6.562879889789727e-07 20245334.56294385 683
18 1.991147120324745e-09 3.567002503570714e-07 20439809.79495867 350
18.75 9.693015885192656e-10 2.01019234812335e-07 18391700.88304651 192
19.5 1.975036402000107e-10 5.012511381415641e-08 16817274.63771449 44
20.25 2.674820310029163e-10 2.505345440732945e-08 32973307.92443457 25


0.75 2.947500514198939e-11 9.709647598186841e-10 52079135.90638562 18
1.5 1.604912720599417e-10 3.753874580615133e-09 36721534.72070216 62
2.25 4.096168956041473e-10 1.347017667020076e-08 45068399.59515668 98
3 8.789778531408655e-10 3.829879766076255e-08 38252950.21914902 210
3.75 2.03700123498614e-09 7.143879891949855e-08 40013071.94212344 350
4.5 2.326050875461825e-09 1.222852951787997e-07 34952683.76348915 450
5.25 3.299684491524876e-09 1.986421713192741e-07 34012488.65117246 602
6 4.703744511407407e-09 2.697619365485894e-07 33564301.14003744 762
6.75 6.327008639520183e-09 4.60261893384741e-07 29762600.51130114 1142
7.5 6.988362602669247e-09 5.232242346882551e-07 27902795.9896116 1250
8.25 8.816560113026385e-09 6.620280385290392e-07 28103216.23533937 1458
9 1.011609607433508e-08 9.811075125989454e-07 26379796.5505865 1814
9.75 1.353218122717155e-08 1.243510171996892e-06 27286024.4364007 2178
10.5 1.487659622815607e-08 1.522722327518235e-06 25690327.21759927 2498
11.25 1.582053687685823e-08 1.69005968774714e-06 25166115.59049301 2622
12 1.887329574265688e-08 2.156825523516372e-06 24124469.56022362 3191
12.75 1.854237555018896e-08 2.218077016220237e-06 24256239.90277905 3044
13.5 1.571352946775088e-08 2.046846892317333e-06 22624013.89849211 2736
14.25 1.23289913178303e-08 1.90357053921278e-06 21618778.21566221 2276
15 1.120179505045257e-08 1.724809764576889e-06 21498421.19232628 2016
15.75 9.371917760891436e-09 1.620528550558538e-06 22169849.73882072 1640
16.5 6.093945760356485e-09 9.764055397835755e-07 21422801.27853693 1056
17.25 3.523599633482061e-09 6.626197923152355e-07 19439194.99165196 683
18 2.026290799332511e-09 3.939212220871484e-07 21520151.49313496 350
18.75 9.892946382270748e-10 2.07392917673113e-07 19106785.64267936 192
19.5 2.459402524915435e-10 4.394419723547451e-08 19622279.25439156 44
20.25 1.756970325372562e-10 2.559287623745132e-08 23325463.74197052 25


0.75 2.946650400899562e-11 7.143081734889984e-10 47191213.48136982 18
1.5 2.062871660444907e-10 5.097069570929303e-09 48811125.11487821 62
2.25 3.868907416183599e-10 1.510608786424762e-08 46238059.88844651 98
3 9.245299683996036e-10 3.267615388297829e-08 37697140.85441321 210
3.75 1.884027627718449e-09 6.999726725566336e-08 38326435.96410964 350
4.5 2.63493100563902e-09 1.166390151962691e-07 37760422.39968317 450
5.25 3.512361248165708e-09 1.870843866661698e-07 35138850.09926291 602
6 4.537741411447463e-09 2.499365975566791e-07 32442521.48805899 762
6.75 6.33377124791262e-09 4.199989643575179e-07 29289348.97594858 1142
7.5 7.132384312072392e-09 5.473623980826269e-07 29164930.82533858 1250
8.25 8.201125514674788e-09 7.408410611406444e-07 28210957.86375149 1458
9 1.043558953779152e-08 9.533141543177414e-07 27094871.4862354 1814
9.75 1.261896898178876e-08 1.201445823692359e-06 26118198.28765001 2178
10.5 1.478930797132794e-08 1.522346621499798e-06 25979459.67111644 2498
11.25 1.534243477739811e-08 1.698236002330903e-06 25037299.89683675 2622
12 1.807719249160728e-08 2.149035132800082e-06 23724672.845775 3191
12.75 1.796616969330969e-08 2.145062489950907e-06 23854792.64307687 3044
13.5 1.539952526660923e-08 2.171760892460874e-06 22998964.0900062 2736
14.25 1.259008268770669e-08 1.901560279959006e-06 22283873.25743317 2276
15 1.149545693558723e-08 1.58978605717354e-06 21817010.07334776 2016
15.75 9.333555614282332e-09 1.466647027019575e-06 21883954.09376937 1640
16.5 5.632609590925579e-09 9.568931496489341e-07 20388465.34814795 1056
17.25 3.676981685083688e-09 6.912853923657115e-07 20597343.90476523 683
18 1.929756667593983e-09 3.657970235681063e-07 20687849.65122248 350
18.75 1.075412470538762e-09 2.209903277874011e-07 20991355.97619417 192
19.5 2.857840728959896e-10 7.338214726315296e-08 25164102.52994045 44
20.25 1.291412556250552e-10 2.458151474584413e-08 18265768.01727429 25


0.75 2.999042509858983e-11 9.324109276969398e-10 53357297.39872506 18
1.5 1.666543823982471e-10 3.968554297379564e-09 39515528.3497338 62
2.25 3.626454523728714e-10 1.599970359431115e-08 46336923.40406433 98
3 9.290474498005312e-10 3.661181772847066e-08 40031399.82368464 210
3.75 2.052329365165354e-09 7.60926136060147e-08 42325310.72771138 350
4.5 2.457834526354385e-09 1.007133899630269e-07 34815584.45924921 450
5.25 3.538971724019485e-09 1.709091162018818e-07 34728827.00165051 602
6 3.985520686745427e-09 2.731563495830648e-07 31268790.46209794 762
6.75 6.477710013131956e-09 4.189854835427964e-07 30143920.93240018 1142
7.5 7.20986392770217e-09 4.997485423444026e-07 28929792.06619041 1250
8.25 8.536725731554271e-09 6.837602914379716e-07 28623330.70011957 1458
9 1.083318078192092e-08 9.395689162183226e-07 28078820.26854087 1814
9.75 1.24596026947652e-08 1.130481554620458e-06 25796798.66925187 2178
10.5 1.391654466524266e-08 1.418047386593913e-06 24737562.34455462 2498
11.25 1.631034271924586e-08 1.673597642823656e-06 26444149.62695954 2622
12 1.844303281707896e-08 2.134973207250351e-06 24385448.25345379 3191
12.75 1.729824875597403e-08 2.178531318693668e-06 23648232.25754348 3044
13.5 1.505899024540654e-08 2.034759686985816e-06 22564737.78190174 2736
14.25 1.275248643560729e-08 1.762208453761432e-06 22382983.82537182 2276
15 1.058089486796903e-08 1.741182202773871e-06 21300809.81091096 2016
15.75 9.196910107646083e-09 1.384486229972741e-06 21663666.14363511 1640
16.5 5.465540006124228e-09 1.080787276962573e-06 20882309.36815258 1056
17.25 3.622294482119989e-09 6.563258017246841e-07 20412746.85740034 683
18 2.146408375069636e-09 3.530727227511896e-07 22636207.21209068 350
18.75 7.637509259417251e-10 1.859296179023871e-07 15787049.53313105 192
19.5 2.893107472088303e-10 2.9311134294093e-08 21744617.2661979 44
20.25 1.310919986846643e-10 4.048749495198925e-08 21164051.68443439 25


0.75 2.875369785521161e-11 5.944234348514599e-10 45002445.77565169 18
1.5 1.282826847722557e-10 3.416112028315415e-09 32024186.63172301 62
2.25 3.88276846179812e-10 8.82421537282163e-09 39531978.95691714 98
3 1.084021341763293e-09 3.958905806375379e-08 46047993.57387814 210
3.75 1.897241683675994e-09 7.300269315561337e-08 40213968.87564256 350
4.5 2.319684513559585e-09 1.066969772373837e-07 34691327.63471659 450
5.25 3.586190122930622e-09 1.776494798741472e-07 36020970.98985451 602
6 4.719019049842421e-09 2.366193931219399e-07 33703304.28385085 762
6.75 7.172716792781679e-09 4.050422862464808e-07 32427615.35436735 1142
7.5 7.112615323306086e-09 5.115679160399654e-07 29313081.63889214 1250
8.25 8.34313798753304e-09 6.990253806583621e-07 28813585.19227732 1458
9 9.866033493722496e-09 9.211240030966845e-07 26574912.41786807 1814
9.75 1.277022463049804e-08 1.130877102409481e-06 26644275.66451703 2178
10.5 1.367920191373743e-08 1.363582536494973e-06 24520636.14722846 2498
11.25 1.503233120586336e-08 1.619088388665629e-06 25073757.99358343 2622
12 1.895492680183397e-08 2.053328679093842e-06 24983928.5514382 3191
12.75 1.741584128329804e-08 2.08111016717365e-06 23827519.6211416 3044
13.5 1.469325028955906e-08 2.110069682973354e-06 22721906.90993692 2736
14.25 1.260119436761561e-08 1.852330910548928e-06 22812035.60540143 2276
15 1.103363612949962e-08 1.576850980854233e-06 21744820.83222013 2016
15.75 8.965319689774084e-09 1.469411513947048e-06 21884954.48179566 1640
16.5 5.252456409341919e-09 9.365154045344917e-07 19824587.51397287 1056
17.25 3.463959513456443e-09 6.018035644003721e-07 19617878.39508328 683
18 1.517965500859941e-09 3.349001701882646e-07 17408884.87945736 350
18.75 1.066725795992281e-09 1.703877191817973e-07 20335483.67596612 192
19.5 1.686758655623459e-10 5.075570394615691e-08 15995489.08360439 44
20.25 1.411045024915036e-10 2.098418121048895e-08 19664550.24729484 25


0.75 4.353671820454744e-11 4.110140573065662e-10 57761979.10208606 18
1.5 1.545593161776552e-10 3.644356399828145e-09 37628568.04120819 62
2.25 3.133155307176848e-10 1.158256574110452e-08 38284818.68672417 98
3 1.111845757847041e-09 3.01913579222661e-08 43400823.97334216 210
3.75 1.797893684096019e-09 7.328684867908981e-08 39491016.86395141 350
4.5 2.339750648568928e-09 1.066366487372425e-07 35406962.16505661 450
5.25 3.140814156911187e-09 1.840798863792542e-07 34027136.41309243 602
6 4.558079127815223e-09 2.141222542375935e-07 32395202.06634896 762
6.75 6.005135271103869e-09 4.221196867102877e-07 29628782.08638684 1142
7.5 7.059385110674452e-09 5.265524207573709e-07 29892003.45438644 1250
8.25 7.734688316511873e-09 6.716629438577462e-07 27444464.83946956 1458
9 9.378076312365294e-09 8.415807008958701e-07 25314411.89317335 1814
9.75 1.166988860589872e-08 1.137551257981212e-06 25440405.03975908 2178
10.5 1.383118264334462e-08 1.405321389158809e-06 25308357.79702441 2498
11.25 1.542848779144716e-08 1.521937930583883e-06 25497883.11651758 2622
12 1.808702963003405e-08 2.102472822694844e-06 24666907.67231729 3191
12.75 1.749001407071864e-08 2.059705125498092e-06 24197255.96622467 3044
13.5 1.517780336113278e-08 2.029789295309871e-06 23367283.65589786 2736
14.25 1.243279453599439e-08 1.74368398687582e-06 22567616.5674241 2276
15 1.108180374094275e-08 1.62562931668297e-06 22311137.6696913 2016
15.75 9.269426900951846e-09 1.411581137136707e-06 22557545.16834285 1640
16.5 5.064716357755912e-09 9.297810001371628e-07 19548551.44970139 1056
17.25 3.322309220972655e-09 6.204590322335986e-07 19431638.06532976 683
18 2.122298199434178e-09 3.332617316354465e-07 22841140.59611454 350
18.75 9.76768601374096e-10 2.13797367589544e-07 20244077.26781043 192
19.5 3.238369276365219e-10 5.450500894424794e-08 27122119.91960329 44
20.25 2.246940454556993e-10 2.377441169577556e-08 30287958.25286294 25


0.75 3.627599774824875e-11 9.175859995645457e-10 62520545.22502666 18
1.5 1.569722351541655e-10 4.766014406962033e-09 42341941.41817483 62
2.25 3.879793315148897e-10 1.379629500528549e-08 47390800.20361201 98
3 9.614334361294617e-10 3.352067222410523e-08 41387915.49746878 210
3.75 1.686937906172767e-09 7.328411943802197e-08 38508451.45302419 350
4.5 2.259627770694104e-09 1.089331479018817e-07 35420109.57045794 450
5.25 3.267571173253693e-09 1.637568276088041e-07 33956158.69037298 602
6 4.138296203005379e-09 2.42907836598388e-07 32082166.95850402 762
6.75 6.575883124878588e-09 4.156291582635922e-07 31754091.43935853 1142
7.5 6.565562480023387e-09 4.825985982626498e-07 28080859.11641312 1250
8.25 8.211985630153327e-09 6.113379432883927e-07 28137403.08402307 1458
9 9.458648281026723e-09 8.402194812511431e-07 25830758.41840038 1814
9.75 1.173954203737267e-08 1.183347548275576e-06 26251211.85073512 2178
10.5 1.41936541821635e-08 1.397630995236915e-06 26121027.356759 2498
11.25 1.45405561456102e-08 1.580419555658052e-06 25052714.13303585 2622
12 1.788240445882967e-08 2.053155796188628e-06 24668387.42300259 3191
12.75 1.731196457861046e-08 2.050992577067869e-06 24347460.31150074 3044
13.5 1.481709714980093e-08 1.997495227351311e-06 23202468.10136214 2736
14.25 1.252666929246461e-08 1.610802798374453e-06 22586336.3940163 2276
15 1.039814219026543e-08 1.596688943717122e-06 21494138.34071819 2016
15.75 8.897391080198212e-09 1.368631851605618e-06 22028737.48416492 1640
16.5 5.883235453251845e-09 9.230002206362353e-07 22183924.00107621 1056
17.25 3.622194897831395e-09 6.181911960662623e-07 21047060.32786816 683
18 1.754482438934541e-09 3.469158554921846e-07 20165753.08429108 350
18.75 1.035294354705353e-09 1.538312375476227e-07 20060425.05241992 192
19.5 2.988941737898148e-10 4.859540273679845e-08 25243668.64899889 44
20.25 9.729967594145294e-11 2.865738725539153e-08 16206294.32423598 25


0.75 1.428997341666066e-11 7.398525284584604e-10 34068479.1864167 18
1.5 2.122150354297182e-10 5.133022091405566e-09 53812253.95285711 62
2.25 3.480405691071367e-10 1.314830388424932e-08 44249162.49273588 98
3 8.034763861336824e-10 3.33015943657312e-08 37523074.79707964 210
3.75 1.728078662320734e-09 5.952089943491325e-08 36974219.78343672 350
4.5 1.907480307218849e-09 1.149226773046917e-07 33144467.84486725 450
5.25 3.342392259093136e-09 1.665721400151341e-07 35224233.38974413 602
6 4.005244533164897e-09 2.54169795085702e-07 32428322.82480113 762
6.75 6.325723278165091e-09 3.985155382627644e-07 30996224.4367938 1142
7.5 6.661759492243492e-09 4.784254451406272e-07 28718502.71711868 1250
8.25 7.950678566302435e-09 6.057082903863002e-07 27866843.25216682 1458
9 9.539815115587766e-09 8.510970514046308e-07 26493028.18972615 1814
9.75 1.189106983109729e-08 1.143395543767272e-06 26605597.57893919 2178
10.5 1.34885092573247e-08 1.377385847730169e-06 25475286.61123568 2498
11.25 1.434437214133832e-08 1.561835745870752e-06 25107824.75039734 2622
12 1.882966297169252e-08 2.076637401485164e-06 26087718.3944363 3191
12.75 1.58416306774127e-08 2.115929684510046e-06 23372786.01776639 3044
13.5 1.434294109195452e-08 1.874232715657119e-06 22616519.4763278 2736
14.25 1.177044712549636e-08 1.6433461202409e-06 21990090.65750998 2276
15 1.092397505858511e-08 1.589557144738846e-06 22616761.01461176 2016
15.75 8.949634503382962e-09 1.44946929935587e-06 22780343.48381399 1640
16.5 5.620991604992908e-09 9.255774687386108e-07 21760383.94390922 1056
17.25 3.480631370560762e-09 6.053456996569827e-07 20620235.61800686 683
18 1.837109290788952e-09 3.113901731965363e-07 20697084.76831227 350
18.75 7.720978386915754e-10 1.684876459582406e-07 16473574.8197483 192
19.5 1.899848836921955e-10 3.983154333258071e-08 17155835.17059499 44
20.25 9.188384667712938e-11 1.685512993137246e-08 13901522.79664784 25


0.75 2.922606885356111e-11 6.558818816834241e-10 49717782.00778286 18
1.5 1.377103369638459e-10 5.621283031040695e-09 43149541.67238156 62
2.25 3.865605113878078e-10 9.54614645792656e-09 42742531.69058681 98
3 9.929536410731523e-10 3.119978656737974e-08 42386196.42215268 210
3.75 1.448832296721119e-09 5.862497959853765e-08 33136656.33405497 350
4.5 2.155694924458768e-09 1.093267151355112e-07 35425550.36179169 450
5.25 3.542228778683918e-09 1.596126818363701e-07 36548498.67670955 602
6 3.96437913585013e-09 2.35026117274068e-07 31730460.121907 762
6.75 5.993496349056709e-09 4.125468707766781e-07 30656945.66495555 1142
7.5 6.365428339045867e-09 5.134290750246925e-07 28922139.70751012 1250
8.25 7.808017177271257e-09 6.62813375993379e-07 28716682.54158365 1458
9 1.0118902537545e-08 8.462488095102221e-07 27906982.48392394 1814
9.75 1.142046883868166e-08 1.131467711930569e-06 26138803.42482727 2178
10.5 1.306394618748999e-08 1.396472373054054e-06 25353628.70186838 2498
11.25 1.417112019987608e-08 1.540861780636596e-06 25131729.30238844 2622
12 1.750716096306984e-08 2.041729642408014e-06 24964397.842994 3191
12.75 1.691543894053743e-08 1.94898874351688e-06 24309322.12407503 3044
13.5 1.474083774360836e-08 1.93821383198997e-06 23602573.3573631 2736
14.25 1.153553525663838e-08 1.69480392576157e-06 22141820.57094011 2276
15 1.030764970363143e-08 1.524691400516426e-06 21725321.25683543 2016
15.75 7.992031186726967e-09 1.397500780833887e-06 21037602.38763412 1640
16.5 4.968133374374436e-09 9.322408238617256e-07 20148410.52972575 1056
17.25 3.357843443560862e-09 5.870060410027525e-07 20196192.47728209 683
18 1.695199736915871e-09 3.492899089091347e-07 20260963.92217407 350
18.75 7.752314882967406e-10 2.132354028840816e-07 17845437.27758051 192
19.5 2.171470406567769e-10 3.316398138371564e-08 18667239.6472317 44
20.25 1.798767540515587e-10 2.067967977813783e-08 25599464.08159192 25


0.75 2.368105212191756e-11 8.33366637724633e-10 48464739.99665784 18
1.5 1.235646827976449e-10 5.644443413058102e-09 41398760.77516891 62
2.25 3.651375017603686e-10 1.318045998990149e-08 46900541.7619781 98
3 7.604512555397651e-10 3.694544387020476e-08 39037624.57781707 210
3.75 1.576787292598626e-09 6.446658120263019e-08 36791475.04218274 350
4.5 2.236397790276077e-09 1.081129425754689e-07 36678849.81653379 450
5.25 2.988931556470795e-09 1.753114153167335e-07 34360967.99713489 602
6 3.881633374239563e-09 2.451100479645664e-07 32278098.90766641 762
6.75 6.01821836255513e-09 4.045284227768322e-07 31010143.45665204 1142
7.5 6.639399974704585e-09 4.702560763233497e-07 29317813.59884602 1250
8.25 7.552701842447118e-09 6.2048120265339e-07 27902807.91273113 1458
9 9.17162261187737e-09 8.833624474791795e-07 26874386.28533508 1814
9.75 1.136335251516369e-08 1.062037036691451e-06 25938141.14228292 2178
10.5 1.298684490252002e-08 1.294468147143313e-06 25063081.7533298 2498
11.25 1.466563208747212e-08 1.593400775511627e-06 26400892.08157403 2622
12 1.763629337130586e-08 1.941918707966308e-06 25134839.2204778 3191
12.75 1.569578041157709e-08 1.989591374322528e-06 23486880.77139925 3044
13.5 1.40337857397985e-08 1.859625546089154e-06 22857942.42707191 2736
14.25 1.185301880435527e-08 1.641122305078696e-06 22742124.89523429 2276
15 9.686384767976871e-09 1.551902574827311e-06 21153600.28912178 2016
15.75 8.42492978999557e-09 1.285134691771856e-06 21750888.07394762 1640
16.5 5.443698033871658e-09 8.78649050634188e-07 21588113.28912425 1056
17.25 3.2869747101979e-09 5.802393139624129e-07 20112456.58277272 683
18 1.643522810785498e-09 3.446198844993533e-07 20024255.86579953 350
18.75 9.885163557438382e-10 1.942830071347876e-07 21180695.41076115 192
19.5 2.792504385496204e-10 5.772966856669459e-08 25873090.25978225 44
20.25 1.610989757257929e-10 2.124113143031774e-08 23718401.65400149 25


0.75 2.74416976230787e-11 1.165126443803493e-09 61928938.90123385 18
1.5 2.2509582198749e-10 5.646289917036914e-09 60123253.73381417 62
2.25 4.112609378672793e-10 1.100103112286916e-08 48063824.3981367 98
3 9.96645517816483e-10 2.918638453953878e-08 42832006.66408466 210
3.75 1.573259014476382e-09 6.100968377942339e-08 36506126.97875111 350
4.5 1.864900735699402e-09 1.003442508958644e-07 32290089.45538159 450
5.25 3.015009497179375e-09 1.530930955010472e-07 33343592.79794344 602
6 3.819298353518708e-09 2.421542648363124e-07 32245419.62653174 762
6.75 6.088643079849198e-09 4.00970875339061e-07 31583030.70474771 1142
7.5 6.136052119919787e-09 4.811458019300706e-07 28423488.40795027 1250
8.25 7.531353705478753e-09 6.148527061118351e-07 28152958.55190821 1458
9 9.306737787148094e-09 7.921103950070428e-07 26570640.60238983 1814
9.75 1.118249187317734e-08 1.07165266228345e-06 26079765.95090447 2178
10.5 1.313011781504684e-08 1.338536149450206e-06 25863786.37646892 2498
11.25 1.371328615231608e-08 1.482327056914086e-06 24996245.70492427 2622
12 1.652326947207947e-08 1.946492014485194e-06 24325382.6897117 3191
12.75 1.564212723804019e-08 1.923010396607737e-06 23539837.83139342 3044
13.5 1.409031580002644e-08 1.756511230362304e-06 22910403.53982791 2736
14.25 1.154674337423844e-08 1.599889420342515e-06 22471627.07223868 2276
15 1.016282028836414e-08 1.536564499016014e-06 22172785.24729835 2016
15.75 8.617641283385733e-09 1.395173884644167e-06 22893885.07056532 1640
16.5 5.330988883965382e-09 8.661553738161049e-07 21474041.95259018 1056
17.25 2.843410586322649e-09 5.57205389736176e-07 18102683.34526071 683
18 1.533890193727178e-09 3.249421836695434e-07 19003888.47638128 350
18.75 8.833090490923028e-10 2.017421360389927e-07 19899129.10049524 192
19.5 1.724315291535197e-10 5.679900511097496e-08 18348920.91849025 44
20.25 1.260888681103182e-10 1.893593618433959e-08 19213496.16527771 25


0.75 3.3247398884641e-11 8.696690585151502e-10 62466796.24330723 18
1.5 2.149320070366515e-10 5.193173693929899e-09 57722864.58402145 62
2.25 3.374155402489378e-10 1.137813445358145e-08 43490171.89709817 98
3 8.819598465560498e-10 2.563186681939959e-08 38464555.83482836 210
3.75 1.606767898470001e-09 6.057936354623569e-08 37530214.16160348 350
4.5 1.945630750044278e-09 1.045349568790451e-07 34195464.55749051 450
5.25 2.754073149439102e-09 1.595105197844136e-07 32443559.74977722 602
6 3.7379616734525e-09 2.329625776457024e-07 31851918.17557716 762
6.75 5.819945167016247e-09 3.782244110828753e-07 30523548.83988915 1142
7.5 5.994390321953454e-09 4.807795342981334e-07 28417267.26003575 1250
8.25 7.316073131825112e-09 6.297555142807785e-07 28260726.2868408 1458
9 8.90424852312528e-09 8.203896095837589e-07 26467963.17687439 1814
9.75 1.11948516381706e-08 1.013864605145279e-06 26059991.81519443 2178
10.5 1.312027509849446e-08 1.280350421555665e-06 25906844.63850342 2498
11.25 1.313993062735421e-08 1.482714110175416e-06 24617472.12995294 2622
12 1.629096741968587e-08 1.916021829211675e-06 24334123.91231894 3191
12.75 1.497877529188629e-08 1.721077057879099e-06 22480002.78112971 3044
13.5 1.379680461897909e-08 1.813314376228393e-06 23080898.87999922 2736
14.25 1.055365377195748e-08 1.53384899915245e-06 21104981.22543067 2276
15 1.023649902406376e-08 1.492989781546344e-06 22463498.16892479 2016
15.75 7.754552689935609e-09 1.274553620598013e-06 20986723.60671522 1640
16.5 4.910703032804773e-09 9.164849231742307e-07 20775215.68373673 1056
17.25 3.045900881611497e-09 5.910949985771772e-07 19629934.5250413 683
18 1.643780912714546e-09 3.795855169017451e-07 21138080.09885419 350
18.75 8.67092385476882e-10 1.662989774947827e-07 19017207.86462496 192
19.5 2.305266894657886e-10 3.761760993244632e-08 20950406.55237746 44
20.25 1.157461896945578e-10 2.045194241031654e-08 18418381.36442304 25


0.75 2.138233433077987e-11 8.715865189603721e-10 48741042.97580941 18
1.5 1.218322432252782e-10 5.630458562944237e-09 42840299.62146132 62
2.25 3.227347117954358e-10 1.183694243906324e-08 43558083.62107512 98
3 8.191817718717594e-10 3.135573447204091e-08 39844959.04835118 210
3.75 1.466636169472902e-09 6.245912778676924e-08 36272365.83158609 350
4.5 2.12709966721978e-09 1.030423136809381e-07 36454089.83916497 450
5.25 2.781348201341402e-09 1.648549378301709e-07 33515478.93655285 602
6 3.782236030928368e-09 2.17312225241704e-07 31762897.08358209 762
6.75 6.077188886991344e-09 3.595854339755265e-07 31348289.43292095 1142
7.5 6.326005071257882e-09 4.468003181399114e-07 29137546.00786011 1250
8.25 7.614167806927805e-09 5.92446040854933e-07 28858765.42076195 1458
9 8.577539109745769e-09 7.707918316486368e-07 25648813.04267019 1814
9.75 1.093569905693676e-08 1.026943481987577e-06 26096234.83864052 2178
10.5 1.209791698698163e-08 1.235348348202842e-06 24546005.97930155 2498
11.25 1.344946720132185e-08 1.433693327096629e-06 25138624.99713911 2622
12 1.618649335371193e-08 1.901512756386732e-06 24511529.80872713 3191
12.75 1.610099066033928e-08 1.83536890393334e-06 24455983.93939077 3044
13.5 1.325363644391133e-08 1.887557716422083e-06 22977156.21559977 2736
14.25 1.135660102418383e-08 1.597340573920685e-06 22836897.06403347 2276
15 9.261506976329486e-09 1.424489260572069e-06 20888900.81047092 2016
15.75 7.815841968919973e-09 1.233683826081238e-06 21237502.8702021 1640
16.5 5.027733400507321e-09 8.139338892452151e-07 20826859.78138966 1056
17.25 3.393237582393315e-09 5.220661226710754e-07 21017708.16169133 683
18 1.528669313848254e-09 2.955069376877142e-07 19058273.23458374 350
18.75 9.175252816939253e-10 1.423668266419226e-07 19544435.27539247 192
19.5 2.141509907969346e-10 4.35437306090776e-08 20634754.41390565 44
20.25 1.339907446444467e-10 2.472907779891148e-08 21805360.84535618 25


0.75 1.550559058487257e-11 6.279524285313083e-10 35711111.3898311 18
1.5 1.442061342307394e-10 4.31189261399976e-09 42718250.19549559 62
2.25 3.406217636545008e-10 1.140901013129828e-08 44920356.87393855 98
3 8.555604383372525e-10 2.708909370224798e-08 39336969.96390241 210
3.75 1.714059138846838e-09 6.014382776983498e-08 40087996.7817781 350
4.5 2.264233185986852e-09 1.044480661259655e-07 38594717.97292008 450
5.25 3.117389490210918e-09 1.545429422830756e-07 35661447.94929045 602
6 3.759814780396514e-09 2.11534054433519e-07 31744863.91411811 762
6.75 5.35019825927463e-09 3.708564555960092e-07 29465537.97702827 1142
7.5 7.058393494524096e-09 4.626417576404918e-07 32160268.69135199 1250
8.25 7.37903853691546e-09 5.772179358879459e-07 28378406.62357263 1458
9 8.842408198671254e-09 7.894968686989399e-07 26732757.71920085 1814
9.75 1.117611807288454e-08 1.000345704157581e-06 26637146.31276408 2178
10.5 1.259302233404568e-08 1.253861584238678e-06 25698075.74364425 2498
11.25 1.302597741813695e-08 1.472033616199315e-06 25089358.66155569 2622
12 1.669705881869702e-08 1.820740784136024e-06 25106764.69594124 3191
12.75 1.492592666592582e-08 1.907349856877852e-06 23680511.26291484 3044
13.5 1.284295465045137e-08 1.845348984594629e-06 22621600.79137792 2736
14.25 1.073639796794872e-08 1.612529927947087e-06 22262798.57486368 2276
15 9.348963374327727e-09 1.488999771362819e-06 21567061.25480155 2016
15.75 7.56979283447359e-09 1.223757406657575e-06 20971939.68333474 1640
16.5 5.227623195916316e-09 8.644520303045286e-07 22059858.45774309 1056
17.25 2.664079727088867e-09 5.913285688742626e-07 18292773.44716816 683
18 1.629226074182549e-09 2.435856478351162e-07 19483579.28962877 350
18.75 1.088438543705285e-09 1.966736614109523e-07 24226442.35536147 192
19.5 1.47990950528009e-10 6.165512514781885e-08 17795781.02841373 44
20.25 8.12831899016509e-11 3.817611439354738e-08 17449461.15538585 25


0.75 1.893525710516281e-11 5.541246447695795e-10 38604174.00430343 18
1.5 1.701115404181636e-10 4.20681782592493e-09 47917128.53393981 62
2.25 2.688879416252418e-10 1.082263193455748e-08 38736122.59583881 98
3 8.871410773467247e-10 3.088473717875734e-08 42819304.70505017 210
3.75 1.496106213532355e-09 5.821034236899052e-08 36804505.24815449 350
4.5 2.202207454729235e-09 9.85628442052299e-08 37705702.68101404 450
5.25 2.503933720459678e-09 1.488795165344379e-07 31051494.73429596 602
6 4.058329298947333e-09 2.246328028586174e-07 34590781.41278178 762
6.75 5.6498724758481e-09 3.741846462506554e-07 31083761.58949735 1142
7.5 6.029113174533579e-09 4.316279497897964e-07 28670884.83663279 1250
8.25 7.275736335425607e-09 5.712854491188186e-07 28428930.32797116 1458
9 9.035741801287891e-09 8.079134713188848e-07 27731505.31236468 1814
9.75 1.041695134017536e-08 1.034134611820875e-06 25997435.00893432 2178
10.5 1.229595650511667e-08 1.251435804822858e-06 25622758.22898823 2498
11.25 1.272529470386559e-08 1.337435827976996e-06 24355962.32470364 2622
12 1.650522989451244e-08 1.804666909726925e-06 25198041.16531326 3191
12.75 1.51774960264698e-08 1.895172954655725e-06 24274936.29432494 3044
13.5 1.32935637571184e-08 1.758016802057045e-06 23225713.82113772 2736
14.25 1.035689333721399e-08 1.543655019583948e-06 21740962.47155759 2276
15 9.026142208285698e-09 1.334721527465019e-06 20724289.76245596 2016
15.75 7.570589376672933e-09 1.209866859351301e-06 21215386.00492154 1640
16.5 4.931676533855746e-09 8.4710454536577e-07 21304986.38313242 1056
17.25 3.291063240217434e-09 5.826405166087316e-07 21627403.85213661 683
18 1.452909587565978e-09 3.263253090414068e-07 19339514.94688821 350
18.75 1.065998663858012e-09 1.863671515438212e-07 23902106.4824875 192
19.5 1.63272132954962e-10 5.493331520151769e-08 18507980.95682236 44
20.25 1.140052291291215e-10 2.572517592850607e-08 19904171.79394921 25


0.75 1.582280639997523e-11 9.045409579470037e-10 44607202.32775607 18
1.5 1.314857239260231e-10 4.093605473249556e-09 40645061.79242864 62
2.25 3.222234621831736e-10 9.61312162389096e-09 41868895.59529879 98
3 7.473917571657092e-10 2.863396865380373e-08 37829545.40685982 210
3.75 1.669502839350718e-09 6.258148624722786e-08 41032723.56869815 350
4.5 1.914896919055996e-09 8.932965480017531e-08 33685635.58610986 450
5.25 2.877035762996579e-09 1.558108096316617e-07 34899737.53270157 602
6 3.791503166593211e-09 2.088843579320889e-07 32673481.45826275 762
6.75 5.67633213212841e-09 3.287919679854688e-07 30273102.95587474 1142
7.5 6.013565686486948e-09 4.290489709954567e-07 28933949.77744858 1250
8.25 7.125287191808543e-09 5.27481594617293e-07 27688474.78502382 1458
9 8.848800034171898e-09 7.811940929750716e-07 27402535.89026695 1814
9.75 9.593874557948721e-09 9.448483594161901e-07 24198328.08911565 2178
10.5 1.230082287318267e-08 1.225413102176241e-06 25809165.31189011 2498
11.25 1.291021580732642e-08 1.350188451679598e-06 25002435.12129175 2622
12 1.589870936628257e-08 1.817471400764958e-06 24892401.1958157 3191
12.75 1.541097064779294e-08 1.733930941385524e-06 24305513.61508546 3044
13.5 1.367411948046248e-08 1.744917894313018e-06 23986879.16103495 2736
14.25 1.094184161380649e-08 1.503685165375857e-06 22790740.96914529 2276
15 9.554191604764541e-09 1.415817421020854e-06 22243792.04737109 2016
15.75 8.100457215250171e-09 1.246002076734081e-06 22793075.61015729 1640
16.5 5.281967627435507e-09 7.803559428456036e-07 22333647.98051728 1056
17.25 3.356702314519987e-09 5.598590718201745e-07 22051942.83736871 683
18 1.472665952310798e-09 3.17766503313726e-07 19662272.82977605 350
18.75 8.913139303989425e-10 1.658612845636833e-07 20525684.96152644 192
19.5 1.887797169652491e-10 4.071219146207358e-08 19211775.10239945 44
20.25 1.226476178630297e-10 8.837275031608753e-09 18328052.34865972 25


0.75 2.155019116186689e-11 8.055462347226042e-10 49909663.5176167 18
1.5 1.428583947449739e-10 4.689212212848646e-09 45763493.98319954 62
2.25 3.122129762569837e-10 1.069755461994838e-08 43334755.82322022 98
3 8.056647178539252e-10 2.95314133238832e-08 40710852.0273666 210
3.75 1.338633705037938e-09 6.466864802034471e-08 36708993.38906094 350
4.5 2.105409149935333e-09 9.021635980594814e-08 36489252.95631097 450
5.25 2.92862607661256e-09 1.393112697243495e-07 34466374.9238897 602
6 3.213023204197333e-09 2.054174582019618e-07 29600501.41258011 762
6.75 5.137865845271595e-09 3.788693087108653e-07 30173931.80151246 1142
7.5 5.981088867002127e-09 4.192966009915628e-07 29032039.86086397 1250
8.25 7.059234918798369e-09 5.501929860571074e-07 28280946.49799747 1458
9 8.310683486779653e-09 7.555314282778238e-07 26354284.69878551 1814
9.75 1.03102413613422e-08 9.259860476446394e-07 25652285.27503441 2178
10.5 1.182741809204599e-08 1.168833346432342e-06 25114657.75009311 2498
11.25 1.32489222070139e-08 1.387894159281133e-06 26038958.47938915 2622
12 1.600779613050586e-08 1.735489117745262e-06 25061687.65223995 3191
12.75 1.42990884556662e-08 1.809660516242317e-06 23592728.70950676 3044
13.5 1.255115224400668e-08 1.654259850796777e-06 22519146.72767247 2736
14.25 1.074951550293324e-08 1.515029934167337e-06 22855502.06219173 2276
15 8.990778248234111e-09 1.438776128817098e-06 21653121.60382738 2016
15.75 7.687368700060162e-09 1.199523913408703e-06 22013828.844389 1640
16.5 5.18250934228985e-09 7.708438518020454e-07 22256818.45971476 1056
17.25 3.106266109437846e-09 5.410366355761573e-07 20902113.85569738 683
18 1.395032677237758e-09 2.957295295385249e-07 18803031.51859348 350
18.75 1.053102150672387e-09 1.587902129450664e-07 23582673.1502069 192
19.5 2.627327697764413e-10 5.180952897335315e-08 26578556.91893357 44
20.25 1.57083815685937e-10 2.422841194189488e-08 26152545.80711186 25


0.75 2.747665286024319e-11 6.045336160301079e-10 52837563.15067555 18
1.5 1.129182268402868e-10 5.171944556014254e-09 42360075.07690267 62
2.25 3.322816937408142e-10 1.30863396571327e-08 49421592.37017317 98
3 7.35485151370303e-10 2.870679821106709e-08 38584701.59979926 210
3.75 1.217303556223469e-09 6.559446172373486e-08 35414135.24478236 350
4.5 1.79266889172179e-09 1.011612165002668e-07 34890231.91372238 450
5.25 2.619004477204883e-09 1.476074270053308e-07 33165163.09680652 602
6 3.444653522838378e-09 2.12528442880483e-07 31760841.18151274 762
6.75 5.243440946672461e-09 3.444991026328345e-07 29975134.40645095 1142
7.5 5.710886677717805e-09 4.448361192015385e-07 29108596.6018943 1250
8.25 6.740836657957283e-09 5.357906689815805e-07 27550520.26690347 1458
9 8.54162404393128e-09 7.017816126258177e-07 26607314.05857366 1814
9.75 1.038739886303201e-08 9.49663657370267e-07 26339426.59058695 2178
10.5 1.109653495439667e-08 1.186488624134397e-06 24453675.33865812 2498
11.25 1.261615490901631e-08 1.356036879552512e-06 25320170.61649026 2622
12 1.614634323620354e-08 1.745404344607198e-06 25607872.05161173 3191
12.75 1.435993806727033e-08 1.763573193529387e-06 23825259.57346971 3044
13.5 1.313018545022816e-08 1.710671521751991e-06 23811068.91000421 2736
14.25 1.025915105942413e-08 1.4430239448609e-06 22102418.39531561 2276
15 9.147980948677714e-09 1.361850408654175e-06 21923795.09877689 2016
15.75 7.759278868836799e-09 1.149728664198399e-06 22250403.95058145 1640
16.5 4.821480011473825e-09 7.330650542141536e-07 21094105.0452099 1056
17.25 3.029852182591e-09 5.585284082147017e-07 20949919.6277176 683
18 1.668728759960589e-09 2.991676568880395e-07 21908007.62205445 350
18.75 8.488595619541711e-10 1.779299996044921e-07 20647692.18198495 192
19.5 1.918444426979863e-10 3.354307364475804e-08 19195834.46383001 44
20.25 7.138999350369512e-11 2.729876073017432e-08 15049516.60297606 25


0.75 2.059877869188293e-11 7.362069940967846e-10 48086704.90502459 18
1.5 1.49288833755741e-10 4.848388413363825e-09 48945205.05695132 62
2.25 3.362449398343523e-10 1.293361249025371e-08 50201633.69128447 98
3 7.957000060027729e-10 2.564804757456e-08 39474980.19260594 210
3.75 1.376242458349312e-09 5.62928962115201e-08 36394170.69630478 350
4.5 1.864093170698232e-09 8.97187871520787e-08 34590786.75375288 450
5.25 2.747206395613219e-09 1.239902245867119e-07 32661044.20817146 602
6 3.518854763386072e-09 1.919442622065705e-07 31519744.28849836 762
6.75 5.412227093109523e-09 3.456094500911506e-07 31062892.49504811 1142
7.5 5.276792893022718e-09 4.265184221921217e-07 27617630.46414484 1250
8.25 6.725803654933646e-09 5.057026006334912e-07 27380763.99187197 1458
9 8.630113620920837e-09 7.255128369953163e-07 27440325.44693469 1814
9.75 1.000832801959508e-08 9.33526012990587e-07 25879048.15430715 2178
10.5 1.17568294656801e-08 1.231912264206495e-06 26101692.63419447 2498
11.25 1.286924978928185e-08 1.293439521964563e-06 25698267.80929549 2622
12 1.494018838429197e-08 1.699424599918417e-06 24349396.41648127 3191
12.75 1.447840174026847e-08 1.74201008679387e-06 24216998.27515352 3044
13.5 1.280271763699932e-08 1.676639272273335e-06 23565809.80956621 2736
14.25 1.055462537382078e-08 1.470022817543844e-06 22991322.57915353 2276
15 9.173162074185673e-09 1.399637986962209e-06 22423384.46135608 2016
15.75 7.366768446772797e-09 1.205924678604661e-06 21937017.00613473 1640
16.5 5.077200882353982e-09 8.262142748124962e-07 22869439.94077395 1056
17.25 3.045102659259596e-09 5.047744738652151e-07 20819939.27197863 683
18 1.44207014205313e-09 2.688019833178325e-07 19361363.82520581 350
18.75 8.984018793202792e-10 1.505109419791673e-07 21094738.27961726 192
19.5 1.250452201886591e-10 5.760403881960984e-08 16733448.54330266 44
20.25 1.271861896028076e-10 2.516569337711425e-08 22795986.03243489 25


0.75 3.008138555626374e-11 4.929012552927945e-10 54595668.90169227 18
1.5 1.394535985346208e-10 3.791593250921925e-09 43385803.21397239 62
2.25 2.555566256045727e-10 1.107625688119252e-08 40671725.59451156 98
3 7.596110707661944e-10 2.71694577808607e-08 39615347.12694898 210
3.75 1.457080809776701e-09 6.283186440781602e-08 39816093.05933711 350
4.5 1.845443695833662e-09 8.282504002046281e-08 33846243.64654458 450
5.25 2.611234361412998e-09 1.502857279744305e-07 34234539.34262104 602
6 3.400387886887543e-09 1.883023703547073e-07 31022658.83809388 762
6.75 5.113683892249382e-09 3.432690280401034e-07 30251636.00784122 1142
7.5 5.932696329364972e-09 4.037162705147204e-07 29708578.39044923 1250
8.25 6.320913981117398e-09 5.221895719276537e-07 26874818.80875773 1458
9 8.36962615155687e-09 7.460778308956021e-07 27468917.79074894 1814
9.75 1.025204956692613e-08 9.046970929575209e-07 26429706.83559787 2178
10.5 1.081161487289247e-08 1.192904393780952e-06 24715110.65520636 2498
11.25 1.186476084339838e-08 1.295695510520493e-06 24573905.80883288 2622
12 1.519300728414292e-08 1.716378453964277e-06 25048816.87420553 3191
12.75 1.418257872811328e-08 1.691836089153287e-06 23988137.2103945 3044
13.5 1.223901554816361e-08 1.645393200029544e-06 22990792.56921662 2736
14.25 1.012266175397509e-08 1.440783962836308e-06 22473375.84810869 2276
15 8.634045734714785e-09 1.403242082768003e-06 21746863.21947563 2016
15.75 7.226615148590965e-09 1.114512778781426e-06 21492828.07527199 1640
16.5 4.677199813361576e-09 7.554557911736367e-07 21315224.11694103 1056
17.25 2.919462398475312e-09 5.273186432735476e-07 20637321.60329816 683
18 1.372244933395463e-09 3.104320992725253e-07 19592837.09449467 350
18.75 7.46204919427595e-10 1.532790147092779e-07 18558897.59730506 192
19.5 2.01515486124787e-10 4.695429599287999e-08 22062100.44093394 44
20.25 7.438474451963114e-11 1.507088964414514e-08 13579525.48075477 25


0.75 2.618075447310906e-11 2.910242621762024e-10 44291756.93490446 18
1.5 1.500267552922473e-10 3.456853829018775e-09 44852653.46830952 62
2.25 2.267171809895674e-10 9.373271814477862e-09 35849390.4451323 98
3 8.746730850375334e-10 2.208669283753383e-08 41325942.32700631 210
3.75 1.33029051433418e-09 5.634909545979953e-08 36623361.70976444 350
4.5 1.918659747770984e-09 9.188737775694656e-08 36524944.34342676 450
5.25 2.626036991050212e-09 1.367395718115624e-07 33665561.01467811 602
6 3.189074042485135e-09 2.055698332399952e-07 31120868.75446025 762
6.75 5.084079481002953e-09 3.120098859558536e-07 29598117.43830038 1142
7.5 5.68552362192519e-09 4.110276494647878e-07 29436397.43472546 1250
8.25 6.534564056466618e-09 5.201602589940553e-07 27831396.53185014 1458
9 8.183344936863266e-09 7.472068092477958e-07 27440930.07032981 1814
9.75 9.884552707025404e-09 8.918403974890574e-07 26004177.51106489 2178
10.5 1.13531473850364e-08 1.17886861064198e-06 25828110.7850877 2498
11.25 1.191111347153871e-08 1.241977007278901e-06 24686435.84039164 2622
12 1.42855493168682e-08 1.721428961879087e-06 24310728.81661273 3191
12.75 1.378406355731573e-08 1.632790050185584e-06 23591819.78073221 3044
13.5 1.179967740423616e-08 1.73884665771749e-06 23044798.33006107 2736
14.25 1.00675569885444e-08 1.456667901151564e-06 22754935.62948509 2276
15 8.725081981125618e-09 1.307946183374144e-06 21814795.14026652 2016
15.75 7.490102708059865e-09 1.140052862790062e-06 22510675.75527708 1640
16.5 4.728720774904905e-09 7.560235356667691e-07 21793182.89993347 1056
17.25 2.83261503570815e-09 5.666370522598097e-07 20819351.20259925 683
18 1.479328346879426e-09 2.390647345410031e-07 19779676.22039111 350
18.75 8.202142905239535e-10 1.715288440157692e-07 20765587.84588067 192
19.5 1.450273758097097e-10 3.882482790570765e-08 16679635.09959258 44
20.25 1.199436670167442e-10 2.079203709872582e-08 21522015.43974437 25


0.75 1.446253981908274e-11 7.666347106137759e-10 42437205.38478376 18
1.5 1.640936017044676e-10 3.717241843892069e-09 49402634.29009315 62
2.25 2.966647400685926e-10 9.444830614883908e-09 42863462.8097987 98
3 8.402042551196888e-10 2.202484709993671e-08 40632147.8155198 210
3.75 1.354389849206758e-09 5.414605097719058e-08 36980257.64635609 350
4.5 1.902985614250391e-09 9.283085537892042e-08 36943983.67536924 450
5.25 2.509351854932495e-09 1.287715508599292e-07 32420413.15511455 602
6 3.215921356008077e-09 2.074017718221458e-07 31797620.99067128 762
6.75 5.179743897486452e-09 3.162478457095796e-07 30496097.03771895 1142
7.5 5.562365208776549e-09 4.129479189953861e-07 29432741.40612514 1250
8.25 6.922134515621759e-09 5.446152192060801e-07 29756662.24115197 1458
9 8.116206224889204e-09 7.362840154371168e-07 27515231.02859455 1814
9.75 9.489391770182169e-09 9.046626337450289e-07 25713869.64871712 2178
10.5 1.083238415414525e-08 1.125661242455239e-06 24973394.73900934 2498
11.25 1.265318282030133e-08 1.275105047489992e-06 26322073.71971385 2622
12 1.416986921908275e-08 1.706461816720462e-06 24427740.9779157 3191
12.75 1.349256522002907e-08 1.620697006508933e-06 23483259.48869418 3044
13.5 1.178450260013612e-08 1.604801554462425e-06 22816079.25288901 2736
14.25 1.028459037060067e-08 1.386539673726144e-06 23131439.15146039 2276
15 9.029850252785178e-09 1.344869381702919e-06 22838115.04672372 2016
15.75 7.14588733712594e-09 1.07926338988453e-06 21720477.50908721 1640
16.5 4.261455198473446e-09 7.236267461532499e-07 20186530.47780435 1056
17.25 3.02518472548284e-09 5.265509959600617e-07 21773264.76425649 683
18 1.508256083253982e-09 2.767866722172604e-07 21005016.78850049 350
18.75 8.466923443136964e-10 1.295700110405694e-07 20338842.19730679 192
19.5 1.707874115680813e-10 3.112685017033232e-08 18181576.35637902 44
20.25 1.49982635342428e-10 3.324216285054365e-08 28677536.29581601 25


0.75 1.502588377934579e-11 4.438845480249932e-10 34199850.59244178 18
1.5 1.249886889218629e-10 4.057640607691461e-09 43167996.98467968 62
2.25 3.394827240545977e-10 1.045710601237153e-08 49049287.78591248 98
3 7.442439552131408e-10 2.774293662360337e-08 40980641.49222709 210
3.75 1.432662426448056e-09 5.697461259551606e-08 39520020.22432598 350
4.5 2.081108882450963e-09 9.830541171024865e-08 40424306.20880175 450
5.25 2.557042778159302e-09 1.305726464708023e-07 33389945.38569574 602
6 3.36631337523752e-09 1.986958164523983e-07 32647620.08578321 762
6.75 5.172348365232405e-09 3.053724060717972e-07 30504608.34775746 1142
7.5 5.825643720518281e-09 4.174592833952326e-07 30852949.41716129 1250
8.25 6.542255062731704e-09 4.852775877905768e-07 27960516.56488261 1458
9 8.111162291832317e-09 6.909594772882888e-07 27301141.59989944 1814
9.75 9.306043556668003e-09 9.013870832011781e-07 25665410.63134627 2178
10.5 1.110916733022126e-08 1.132561417736738e-06 25793291.10785018 2498
11.25 1.197873930736689e-08 1.230934796943299e-06 25373947.29015231 2622
12 1.400406699340801e-08 1.624052709213429e-06 24194920.78502229 3191
12.75 1.358606892326648e-08 1.684705820767182e-06 24155966.12782089 3044
13.5 1.178457212591889e-08 1.625302966094666e-06 23191244.45418511 2736
14.25 1.026046606340598e-08 1.39791555065789e-06 23437846.86218943 2276
15 8.744821785948652e-09 1.265670278326787e-06 22246110.4662949 2016
15.75 7.112743787033098e-09 1.114658725400107e-06 22096131.13949811 1640
16.5 4.37301128523485e-09 7.216255166824657e-07 20841135.87150352 1056
17.25 2.900596773545818e-09 5.139384647968194e-07 21237452.5835955 683
18 1.549487065227652e-09 2.534621560637619e-07 21319692.32892636 350
18.75 7.511332054971524e-10 1.545605523430263e-07 19446803.64873037 192
19.5 1.974004440945118e-10 3.666080121171946e-08 21371895.45670995 44
20.25 9.608520503598829e-11 1.767912086759183e-08 17900006.29910615 25


0.75 2.629549138856277e-11 4.275795326014009e-10 50182212.06973696 18
1.5 1.172338190506202e-10 3.911563870306729e-09 41493988.59790834 62
2.25 2.912273872364145e-10 9.991120780274929e-09 44393386.56851996 98
3 7.953712081259089e-10 2.841666286364753e-08 43706496.5925822 210
3.75 1.491390215555965e-09 5.609127840726994e-08 40897127.34312116 350
4.5 1.922416502107107e-09 9.164420391275179e-08 37977581.98422181 450
5.25 2.62571903994599e-09 1.308695066348055e-07 34464846.70938917 602
6 3.244166798157433e-09 1.922273953264551e-07 31933862.30560299 762
6.75 4.886343191595493e-09 3.423331562078094e-07 30934235.90660597 1142
7.5 5.441840212031029e-09 4.013196568392429e-07 29488828.27677865 1250
8.25 6.289266354201516e-09 4.867790230396879e-07 27605831.74004146 1458
9 7.935829108364024e-09 6.782764059037167e-07 27099179.06672478 1814
9.75 9.264328609361474e-09 9.159730459438754e-07 26060614.61870816 2178
10.5 1.111097332355137e-08 1.11575860345956e-06 26028487.46393561 2498
11.25 1.221507061997973e-08 1.285716135081713e-06 26397494.07652558 2622
12 1.487645324785409e-08 1.637070272138361e-06 25677075.42536476 3191
12.75 1.361108965099011e-08 1.513797558262246e-06 23841492.0389619 3044
13.5 1.161621606031223e-08 1.519249185805821e-06 22840893.27907994 2736
14.25 9.760611805183771e-09 1.366299816401727e-06 22750083.62153227 2276
15 8.435418984308483e-09 1.244946869880359e-06 21851132.84715209 2016
15.75 6.592916240475318e-09 1.095862866553302e-06 21061719.0123512 1640
16.5 4.489591940565844e-09 7.460862623193069e-07 21718706.44793197 1056
17.25 2.679473177590376e-09 5.260580799855616e-07 20387213.98558144 683
18 1.313164766430493e-09 2.647569126119839e-07 19195938.02892018 350
18.75 7.22751292575191e-10 1.291677654013802e-07 18377229.71868509 192
19.5 1.846888484036799e-10 2.117651409220248e-08 18671974.83437634 44
20.25 1.353921724130939e-10 1.602073669846502e-08 23784274.4079947 25


0.75 1.754937225505714e-11 2.398289200754896e-10 32638975.69849251 18
1.5 1.691276992694016e-10 3.452003333084237e-09 51395732.31129687 62
2.25 2.746521876699951e-10 1.216570974314647e-08 47164323.38703397 98
3 7.697547335539039e-10 3.081734004584389e-08 44780605.15407151 210
3.75 1.327869097683959e-09 5.54042753486538e-08 38317265.67147774 350
4.5 1.740150165099027e-09 7.687746961572955e-08 33929884.23021078 450
5.25 2.464343327890356e-09 1.390117593441059e-07 34274523.03407642 602
6 3.077087170346138e-09 1.918411149656835e-07 31267268.24081624 762
6.75 4.950985625440622e-09 3.364925310427047e-07 31437615.30872987 1142
7.5 5.806157369126588e-09 3.99895569783156e-07 31193661.67423613 1250
8.25 6.284854861171636e-09 5.234827363899709e-07 28634648.15484004 1458
9 7.802741233275217e-09 6.586969113378619e-07 26905525.95476112 1814
9.75 9.508387411838145e-09 8.864216860214957e-07 26624610.77356127 2178
10.5 1.084712707862606e-08 1.128975966485492e-06 26029159.7265438 2498
11.25 1.097034319466077e-08 1.234826756734372e-06 24494292.14229506 2622
12 1.445117649558032e-08 1.53178924790573e-06 25032121.09948287 3191
12.75 1.309973036276395e-08 1.583747971496689e-06 23760034.74917093 3044
13.5 1.11681456018948e-08 1.451508647882662e-06 22219144.97349002 2736
14.25 9.870827918253357e-09 1.342438561740428e-06 23146405.74924461 2276
15 8.466059808934357e-09 1.252117172892863e-06 22236493.44209979 2016
15.75 6.387514074403044e-09 1.097972821876136e-06 20858512.67023328 1640
16.5 4.211745118569079e-09 7.520176530237466e-07 21014448.62249804 1056
17.25 2.773344712862695e-09 4.588816707715039e-07 20526188.97170598 683
18 1.531630265502017e-09 2.653681278316235e-07 21907299.88715085 350
18.75 8.264007093769463e-10 1.466753416717097e-07 21262533.20877312 192
19.5 2.072296933259804e-10 3.527529088317196e-08 22644214.14369438 44
20.25 8.959899051572969e-11 1.453422065139331e-08 16745433.65867089 25


0.75 2.601953052558576e-11 3.138284596402492e-10 47748498.63090771 18
1.5 9.833903096327415e-11 4.818152161352368e-09 42379193.89875413 62
2.25 2.71200855408997e-10 1.011958180702921e-08 43895279.68580054 98
3 6.433347510441292e-10 3.124033216971589e-08 41066016.69214737 210
3.75 1.398012702026414e-09 5.475582794908156e-08 39950562.42737053 350
4.5 1.84591367870338e-09 7.784370051122987e-08 35890269.35060336 450
5.25 2.475443832069848e-09 1.303313059683563e-07 34019092.27434448 602
6 3.238540641103858e-09 1.927215366436732e-07 32791788.08241051 762
6.75 4.737133470497369e-09 3.049270268207737e-07 29914068.1541962 1142
7.5 5.254209677116661e-09 3.722769765037463e-07 28857815.77344304 1250
8.25 6.12247107994417e-09 5.094123676010419e-07 28248874.91676847 1458
9 7.663355852792997e-09 6.502214349320814e-07 26811471.9812476 1814
9.75 8.929467368320988e-09 8.301076355821354e-07 25308599.67786297 2178
10.5 1.042874190118883e-08 1.118758796986202e-06 25584956.21375145 2498
11.25 1.137892371190679e-08 1.214291722424803e-06 25346687.26208363 2622
12 1.375640305200417e-08 1.597577943581633e-06 24739557.3079195 3191
12.75 1.343436680492736e-08 1.530486676622256e-06 24307716.38628284 3044
13.5 1.183882725703935e-08 1.520231705173771e-06 23786770.20127717 2736
14.25 9.432199388075899e-09 1.350816592013125e-06 22704079.3719762 2276
15 7.907133083882995e-09 1.227736991544514e-06 21300918.07911874 2016
15.75 6.711921054492893e-09 1.067350707915018e-06 21770027.73636601 1640
16.5 4.321775589331268e-09 6.887178517649386e-07 21252718.78140222 1056
17.25 2.940685424239862e-09 4.750754694062299e-07 21932200.03861742 683
18 1.326062146648972e-09 2.619140210771414e-07 19800264.33803372 350
18.75 8.295911576781669e-10 1.3251490456675e-07 21171861.73670474 192
19.5 1.609908682307678e-10 5.390033470048657e-08 21114394.06848298 44
20.25 1.664334416569744e-10 1.705585253375441e-08 29474878.46205087 25


0.75 1.951671807956386e-11 3.133919165751222e-10 38648326.04392096 18
1.5 1.261002691960854e-10 4.345175744274233e-09 47027923.65247823 62
2.25 2.773362533925648e-10 8.27237942550998e-09 41789936.59806186 98
3 7.498813869228196e-10 2.937269434658447e-08 44369715.34980451 210
3.75 1.422376773098427e-09 5.194244504466402e-08 40169555.14843555 350
4.5 2.047993251522331e-09 7.905213867606139e-08 39166937.46990848 450
5.25 2.389787477926711e-09 1.134700930091273e-07 32096960.472126 602
6 3.083978963428382e-09 1.780364042445471e-07 31288022.85166474 762
6.75 4.706938838706237e-09 2.946463124410141e-07 29820992.78850752 1142
7.5 5.407555879740054e-09 3.707544020950357e-07 29760447.36856525 1250
8.25 5.922740965753269e-09 5.044866921042882e-07 27891574.53635444 1458
9 7.336661916864957e-09 6.514115281712291e-07 26366319.43531767 1814
9.75 9.111842637902662e-09 9.082862058649864e-07 26722379.42449823 2178
10.5 1.041144477868016e-08 1.073747938695359e-06 25562413.77844258 2498
11.25 1.127956891863725e-08 1.181024049282441e-06 25310413.84263358 2622
12 1.357635513834704e-08 1.562231319109544e-06 24664413.8059876 3191
12.75 1.263660071801388e-08 1.590074255122559e-06 23770139.56886467 3044
13.5 1.05597143209744e-08 1.532662244545258e-06 22208277.12815562 2736
14.25 8.963407914795654e-09 1.278585930504412e-06 21829385.49127495 2276
15 7.964223560386734e-09 1.187634884396413e-06 21507147.73551664 2016
15.75 6.755812066689782e-09 1.020953763640502e-06 21921675.34904525 1640
16.5 4.241785864980928e-09 7.209622998917878e-07 21452264.13982133 1056
17.25 2.712673717194303e-09 4.853502647643181e-07 20975281.40395915 683
18 1.305781649518681e-09 2.606487486319001e-07 19798557.81022894 350
18.75 7.530465708557473e-10 1.567712943399099e-07 20597779.70542972 192
19.5 2.052611229054105e-10 3.027014794343365e-08 22425869.4170603 44
20.25 7.610868443137654e-11 2.178809615437972e-08 16553252.4835999 25


0.75 1.028661518213366e-11 3.494011683310306e-10 26458000.2495918 18
1.5 1.376096696633962e-10 3.787078351403725e-09 47776838.21609087 62
2.25 2.613285754198563e-10 8.737460800918513e-09 41586348.45395833 98
3 6.408462328727039e-10 2.547981536884373e-08 38643624.59664851 210
3.75 1.217477131528604e-09 5.379407218190456e-08 37302951.63760458 350
4.5 1.655416068885451e-09 8.627003304754096e-08 35630348.23773319 450
5.25 2.234493396467749e-09 1.214834858790941e-07 31866919.25372799 602
6 3.148430509776927e-09 2.001157418313824e-07 33484498.26219838 762
6.75 4.624772019686521e-09 2.862299383906219e-07 29575500.35707464 1142
7.5 5.131914660139187e-09 3.818251897366307e-07 29386170.73987728 1250
8.25 6.143023551244287e-09 4.963703556576219e-07 28801519.37179475 1458
9 7.171798312169642e-09 6.713115506315237e-07 26560435.5701205 1814
9.75 8.640639943315095e-09 8.803400194948329e-07 25850173.74897692 2178
10.5 1.016383026104515e-08 1.029033463276512e-06 25142383.50299148 2498
11.25 1.134853619359629e-08 1.19398342666431e-06 25831951.37336742 2622
12 1.319094311237143e-08 1.428861328575716e-06 23883561.37447044 3191
12.75 1.25516190292438e-08 1.544810409237754e-06 23774757.23024869 3044
13.5 1.093434273417522e-08 1.501635740267531e-06 22942508.75817219 2736
14.25 8.961935287680829e-09 1.255643170961712e-06 22007423.05367811 2276
15 8.173425943911521e-09 1.222008335528795e-06 22373455.83402003 2016
15.75 6.225932238495894e-09 1.017825982815769e-06 20861194.13238871 1640
16.5 3.904909703991464e-09 6.614159767523265e-07 19988026.58942808 1056
17.25 2.429990589964879e-09 5.054009986855688e-07 19768062.32780402 683
18 1.550064040504365e-09 2.279859023677695e-07 22285680.51991517 350
18.75 6.203951849688448e-10 1.594283393235376e-07 18141201.2509248 192
19.5 1.852169748638497e-10 3.247936500223276e-08 21156910.99618782 44
20.25 9.32358395180299e-11 2.091509025962311e-08 19327242.51556117 25


0.75 2.051708876652352e-11 2.874904957390425e-10 40547745.7736613 18
1.5 1.257712645581022e-10 2.7262394319188e-09 41053902.84926805 62
2.25 2.317024576082392e-10 7.836920866628006e-09 37562109.20943356 98
3 7.114760637876014e-10 2.453504996669236e-08 41276434.63196823 210
3.75 1.315762440016526e-09 5.335241080312886e-08 39605490.32662369 350
4.5 1.637472846282791e-09 7.628512610305306e-08 34281712.78409832 450
5.25 2.49190017917369e-09 1.235980498066711e-07 34892422.86217472 602
6 3.020304086869007e-09 1.721618588382837e-07 31337933.09333057 762
6.75 4.443567814643821e-09 3.038163877054675e-07 29786677.58822162 1142
7.5 5.34859198712337e-09 3.804861638801962e-07 30588318.25704905 1250
8.25 5.9724196330587e-09 4.921605971107882e-07 28562304.64433706 1458
9 7.137031352911817e-09 6.496198837878797e-07 26543870.87975975 1814
9.75 9.116680866310329e-09 8.4604703271887e-07 26851877.21723768 2178
10.5 9.779137275732799e-09 1.061932997313296e-06 25035845.43174528 2498
11.25 1.056000471266406e-08 1.210820322071345e-06 24968031.86559426 2622
12 1.306353053334823e-08 1.441831961427658e-06 24087925.27440279 3191
12.75 1.229002952451491e-08 1.503979484600532e-06 23552221.20738045 3044
13.5 1.117061210999361e-08 1.519591721400182e-06 23687792.29986696 2736
14.25 9.196471221258063e-09 1.209366911238477e-06 22522355.33981731 2276
15 7.773231145055445e-09 1.181090483335558e-06 21646501.02729933 2016
15.75 6.421093850189153e-09 9.910987081250901e-07 21492188.6957003 1640
16.5 4.07267866762859e-09 7.309527431367604e-07 21425406.04314311 1056
17.25 2.435608874038254e-09 4.510015892944395e-07 19487709.37353448 683
18 1.197548348579974e-09 2.43885081185541e-07 18724891.21691303 350
18.75 6.505539391611447e-10 1.332905381533078e-07 18192306.83085894 192
19.5 1.67190028213639e-10 4.488185163236372e-08 21356912.44978369 44
20.25 7.475631372336471e-11 1.910887384433884e-08 16196277.22678428 25


0.75 1.782658294100552e-11 4.660008029402396e-10 42532636.53849978 18
1.5 1.245670053399662e-10 3.301543967777919e-09 43796630.88753574 62
2.25 3.895156066532784e-10 8.079123531985369e-09 54551101.5649719 98
3 7.886868287400016e-10 2.009820501134387e-08 41978237.56916656 210
3.75 1.157092173977654e-09 5.251840035695233e-08 36741031.90423033 350
4.5 1.954415398086652e-09 8.043505972378471e-08 39664924.82794084 450
5.25 2.522537396946349e-09 1.11148897610988e-07 34374134.30520474 602
6 3.023461375412771e-09 1.734336579124867e-07 31808473.82570916 762
6.75 4.5546626845492e-09 3.034813857771875e-07 30622396.86930828 1142
7.5 5.020924787459995e-09 3.607189333876124e-07 29151055.47703112 1250
8.25 6.014642553120276e-09 4.482832774096273e-07 28197314.58949157 1458
9 7.158622227911236e-09 6.293597643800943e-07 26649632.9902749 1814
9.75 9.081459693444583e-09 7.718003311341913e-07 26387536.18774373 2178
10.5 1.046538160758244e-08 9.615729513196233e-07 25833115.67530713 2498
11.25 1.1261835557189e-08 1.11669218466999e-06 25871300.66164289 2622
12 1.269909738084868e-08 1.464662467755252e-06 23987336.37042473 3191
12.75 1.205883833993141e-08 1.594493770556685e-06 23896017.13992579 3044
13.5 1.024793912367643e-08 1.44676126789782e-06 22221691.51522797 2736
14.25 8.634910479328037e-09 1.259439444203632e-06 21977628.0701139 2276
15 8.017051544557339e-09 1.175083893396013e-06 22398060.0620722 2016
15.75 6.261600878598469e-09 1.024454195901311e-06 21524015.59261317 1640
16.5 4.190123465400803e-09 6.518848927619969e-07 21564344.32449117 1056
17.25 2.418283039479527e-09 4.667946096130911e-07 19792216.80924548 683
18 1.233797551635272e-09 2.499988485934878e-07 19507598.87018361 350
18.75 7.414749312549915e-10 1.583226603860371e-07 21199478.22097647 192
19.5 1.076257254486874e-10 2.265855823787054e-08 13104688.93376515 44
20.25 6.235540620796444e-11 1.536002962519572e-08 13554298.93457209 25


0.75 1.67270784002931e-11 3.850726348906436e-10 38698885.09905151 18
1.5 1.191153761965954e-10 3.242422242753957e-09 42796761.76135293 62
2.25 2.544423756389155e-10 8.409011203152325e-09 41873067.68508296 98
3 6.64954464080416e-10 2.559905649496021e-08 41133438.17446169 210
3.75 1.309309729723602e-09 4.817898455058838e-08 39019427.31766453 350
4.5 1.636689736187353e-09 7.880911915961749e-08 35521314.17385657 450
5.25 2.175414275532441e-09 1.127677257902595e-07 31682357.63548608 602
6 3.104822415251468e-09 1.686133202145346e-07 32473615.04167148 762
6.75 4.176753132264651e-09 2.800638706693583e-07 28496914.60707612 1142
7.5 4.961929332160143e-09 3.49679689124835e-07 28989424.16982775 1250
8.25 5.598965696952433e-09 4.579009999048785e-07 27372532.33344238 1458
9 6.672676623432821e-09 6.237576408742779e-07 25655851.58236402 1814
9.75 8.240718461623834e-09 8.188198575584314e-07 25403484.37935343 2178
10.5 1.01679212467359e-08 1.02325292486719e-06 26078373.02667231 2498
11.25 1.020998493421538e-08 1.17264887692665e-06 24756061.26564598 2622
12 1.343801257148187e-08 1.45866546911703e-06 25285000.60418845 3191
12.75 1.226048533793916e-08 1.451059561070749e-06 23872036.39974491 3044
13.5 1.022061615702546e-08 1.429950389753586e-06 22386517.13122085 2736
14.25 8.807952806558239e-09 1.345215165583542e-06 22983055.99949304 2276
15 7.724603882729906e-09 1.171995380751694e-06 22043518.25695129 2016
15.75 6.060243993000416e-09 9.784041715513124e-07 21024548.48030477 1640
16.5 3.864682177343089e-09 6.72928044613584e-07 20685823.0918052 1056
17.25 2.120156618459394e-09 4.789553343325777e-07 18324415.92968867 683
18 1.255271207909094e-09 3.077088364112875e-07 21133130.78175986 350
18.75 7.299967847789496e-10 1.390677171383583e-07 20585896.39370739 192
19.5 1.805977248718048e-10 3.752728785877789e-08 22201896.45091194 44
20.25 1.074502909665058e-10 1.387581228314907e-08 20902554.12210098 25


0.75 1.728687294847276e-11 8.94593075479461e-10 56965450.69288933 18
1.5 1.379726239101737e-10 3.999032700601725e-09 51255573.49927665 62
2.25 2.748748145920648e-10 9.659580307804947e-09 46833606.4381111 98
3 5.991533628508455e-10 2.59613041431733e-08 39295122.47784977 210
3.75 1.148393437597153e-09 5.089696162354712e-08 37017405.97874259 350
4.5 1.598381875856188e-09 7.251538985293051e-08 34352110.09516674 450
5.25 2.206230488623726e-09 1.201192466991573e-07 33084213.73730624 602
6 2.90431138152977e-09 1.82663446500997e-07 32340842.60904308 762
6.75 4.633718073131761e-09 3.087310358521766e-07 31922253.7631924 1142
7.5 5.051950292329428e-09 3.499411683634975e-07 29703137.36362886 1250
8.25 5.892644558449011e-09 4.413351706137695e-07 28350805.37712269 1458
9 7.362587024553666e-09 6.178010649276154e-07 27684941.53988358 1814
9.75 8.937865918121648e-09 7.739907482191487e-07 26756809.06861542 2178
10.5 9.727457037933868e-09 1.008641429177426e-06 25475617.7188497 2498
11.25 1.057565176286674e-08 1.106106859353232e-06 25264855.4503165 2622
12 1.29874194526497e-08 1.450602009477263e-06 24924164.17083145 3191
12.75 1.205361109088318e-08 1.494546881053074e-06 24051057.17164534 3044
13.5 1.033955101894572e-08 1.393888817970285e-06 22695344.43111955 2736
14.25 8.557720962488397e-09 1.22556735114243e-06 22219594.19630273 2276
15 7.405300892875919e-09 1.101113311259217e-06 21283051.51822944 2016
15.75 5.968121682430226e-09 1.005457164115101e-06 21186887.56998676 1640
16.5 3.718628712553355e-09 6.500430454398108e-07 20168757.8905202 1056
17.25 2.507985709615739e-09 4.448249642412554e-07 20611722.29850475 683
18 1.264758870009766e-09 2.523990534137483e-07 20423348.52494453 350
18.75 6.29511433184638e-10 1.22442115294372e-07 18054795.28201908 192
19.5 1.289249619946682e-10 2.576405038720171e-08 15907682.16217902 44
20.25 8.660156322972299e-11 2.463927931066999e-08 20028323.0205831 25


0.75 1.851960097346292e-11 4.022536746025824e-10 43096780.27630223 18
1.5 1.187974018471927e-10 4.333306989112962e-09 48922116.00316003 62
2.25 2.581667717051246e-10 7.712440655249515e-09 41986704.00849283 98
3 6.228911967314999e-10 1.925747091327066e-08 36526851.47668578 210
3.75 1.210903731646532e-09 4.927372767786783e-08 38309493.56709735 350
4.5 1.688369783527992e-09 7.812870173456314e-08 37021736.47967252 450
5.25 2.069132032807288e-09 1.191355431867666e-07 32086193.22542027 602
6 3.065111870424717e-09 1.669183385857062e-07 32888819.33855494 762
6.75 4.390853063521039e-09 2.958020830955929e-07 30756317.64440164 1142
7.5 4.639407666701694e-09 3.587986750109386e-07 28656994.86109939 1250
8.25 5.520329920021908e-09 4.471786119483882e-07 27577726.39166264 1458
9 7.327962718283986e-09 6.045616525343742e-07 27765447.99097018 1814
9.75 8.323243014036195e-09 7.829857970487251e-07 25859959.46548643 2178
10.5 9.338516515326838e-09 1.023118350845343e-06 25188102.16437365 2498
11.25 1.047355622952097e-08 1.15753526018369e-06 25740018.86995823 2622
12 1.238846939029387e-08 1.380741720765934e-06 24063885.8922139 3191
12.75 1.157844139972637e-08 1.516139705799465e-06 23751215.99300754 3044
13.5 1.050492370624583e-08 1.421861503607611e-06 23376276.83293652 2736
14.25 8.634627416944114e-09 1.173559493351021e-06 22402539.24898902 2276
15 8.227753809182337e-09 1.141163454094488e-06 23543480.69659219 2016
15.75 5.841711841309657e-09 9.300689541016806e-07 20703658.04223709 1640
16.5 3.760503286780914e-09 6.706081708755288e-07 20757292.66973267 1056
17.25 2.629049138365121e-09 4.436383915403965e-07 21628726.13733529 683
18 1.272109966088169e-09 2.730003785289042e-07 21182061.40542678 350
18.75 6.354588919733358e-10 1.303477478561508e-07 18681425.10678369 192
19.5 1.165583800041427e-10 3.320186816815196e-08 15909112.86741772 44
20.25 7.639743319299694e-11 1.502704190076849e-08 16389915.17963501 25


0.75 2.135200647477344e-11 6.366127931979758e-10 56128557.02727845 18
1.5 1.559481169447735e-10 4.053856848955785e-09 57152679.16988814 62
2.25 2.840057127605202e-10 8.776896947343927e-09 47276870.07958011 98
3 6.673310854481101e-10 2.366350739566568e-08 41511427.46298189 210
3.75 1.202604183191443e-09 5.010407784753901e-08 38823956.3071899 350
4.5 1.668723496455185e-09 8.264075227743926e-08 37950780.49429368 450
5.25 2.041928774770017e-09 1.126542432190605e-07 31538422.96201708 602
6 3.105725697423511e-09 1.778859411650203e-07 34297095.2320856 762
6.75 4.447759118437726e-09 2.92186401164097e-07 31256824.59074704 1142
7.5 4.753169663013689e-09 3.255450758581623e-07 28542729.28414619 1250
8.25 5.408278861328397e-09 4.698013999370026e-07 27986401.59133283 1458
9 7.131705438095912e-09 6.599103199034277e-07 28352088.53481343 1814
9.75 8.132649767796813e-09 7.750033988338913e-07 25673606.59960078 2178
10.5 9.061427308360384e-09 9.627142632148608e-07 24504239.99196257 2498
11.25 1.009600171480802e-08 1.076705921099886e-06 24857904.69776652 2622
12 1.272679864796262e-08 1.407083466192327e-06 24966602.65490688 3191
12.75 1.149065111271161e-08 1.416060414618186e-06 23462815.6376375 3044
13.5 1.066064749923117e-08 1.397168684773469e-06 23807627.26967717 2736
14.25 8.824558311042426e-09 1.183968525100997e-06 23099470.0664915 2276
15 8.020946831476592e-09 1.141220281608104e-06 23374044.15368539 2016
15.75 6.33922620888465e-09 8.952741786084834e-07 22107514.38726672 1640
16.5 3.954280578432224e-09 6.345391087149033e-07 21535640.48157278 1056
17.25 2.473105826867478e-09 4.036476698751582e-07 20440979.82563417 683
18 1.213177663157977e-09 2.133354837534698e-07 19500789.52035921 350
18.75 7.179773223782337e-10 1.305676532364398e-07 20799486.60050777 192
19.5 1.248752068627442e-10 2.742329109892901e-08 16133232.42496789 44
20.25 1.551949362438744e-10 1.98337133105111e-08 31279829.75404822 25


0.75 1.894515079497874e-11 4.062338193089909e-10 44956169.81906289 18
1.5 8.820444964282529e-11 2.640497279940604e-09 34418568.54098323 62
2.25 2.252896890791425e-10 1.134341971997875e-08 46523398.78530391 98
3 6.693857203634811e-10 2.365744437957442e-08 42111650.16642207 210
3.75 1.113279157165821e-09 5.338842893008915e-08 38411372.03059752 350
4.5 1.686573530488148e-09 8.312309073596443e-08 38766625.32512419 450
5.25 2.309693172770317e-09 1.093740827943928e-07 34247468.13351593 602
6 2.98102560358171e-09 1.79674720151234e-07 33927678.78883667 762
6.75 4.747341166777069e-09 2.83834986051045e-07 32746708.86544692 1142
7.5 4.473904691718925e-09 3.520459865346209e-07 28484714.86506117 1250
8.25 5.34095436048059e-09 4.506829727662422e-07 27708816.940207 1458
9 7.053372477632609e-09 5.794270000755201e-07 27347162.10200405 1814
9.75 7.926484431627244e-09 7.55940449369967e-07 25339612.31929105 2178
10.5 9.374442053796037e-09 9.997098440047536e-07 25694563.31263299 2498
11.25 1.014968842134657e-08 1.024810667765077e-06 24920003.90703183 2622
12 1.231790850693832e-08 1.386946067024044e-06 24585088.30789526 3191
12.75 1.171540927721026e-08 1.433875862699498e-06 24173669.16496251 3044
13.5 1.011108922776811e-08 1.335718173536997e-06 22907820.53077128 2736
14.25 8.443230726428135e-09 1.177083127941903e-06 22592089.15436132 2276
15 7.191078914995683e-09 1.091646658035038e-06 21559409.77460054 2016
15.75 6.193723699675038e-09 9.49786777470931e-07 22289819.63820555 1640
16.5 3.710483784321194e-09 5.991669970621589e-07 20488132.70390872 1056
17.25 2.346793361800405e-09 4.307256755298405e-07 20178746.08021507 683
18 1.496564446229194e-09 2.315239854932937e-07 23708484.62157375 350
18.75 7.5201937271292e-10 1.330589518055899e-07 21928121.11596659 192
19.5 2.085504689258701e-10 3.03720061565867e-08 25129344.37990393 44
20.25 5.95935298585955e-11 1.989174069195418e-08 14974704.64028574 25


0.75 1.376087017347563e-11 8.653389442659559e-10 52978516.32432713 18
1.5 1.014352485923778e-10 4.340640958752234e-09 46453935.78366609 62
2.25 2.129071166736399e-10 8.042081064220797e-09 39216178.31672412 98
3 6.914103756967576e-10 2.245206568283757e-08 42732785.60339197 210
3.75 1.164805778083086e-09 4.620715182075205e-08 37861323.68102404 350
4.5 1.7352190715533e-09 7.068646795331393e-08 37765157.87025036 450
5.25 2.114866744027155e-09 1.170566308869758e-07 33515851.42676554 602
6 2.6879614235131e-09 1.571272234180706e-07 30635436.06595134 762
6.75 4.196685831206425e-09 2.791947638718353e-07 30354927.02214303 1142
7.5 4.906922458366739e-09 3.592037227086949e-07 30856724.33351872 1250
8.25 5.899121851121454e-09 4.231421635413564e-07 29425746.16773653 1458
9 6.406335798397253e-09 5.884354129061808e-07 26037234.44399233 1814
9.75 8.487213506071351e-09 7.703956296856601e-07 27058029.73758879 2178
10.5 9.505410833419485e-09 9.578413388960893e-07 25929351.75216381 2498
11.25 9.767143405470076e-09 1.02192317603752e-06 24512563.52316819 2622
12 1.228124723494532e-08 1.353049679245438e-06 24666357.38660878 3191
12.75 1.171877838749645e-08 1.361699039891885e-06 24144898.40970416 3044
13.5 9.883076802784859e-09 1.312065140577871e-06 22694653.16665081 2736
14.25 8.448608042146205e-09 1.132598559453916e-06 22658602.90055715 2276
15 7.063640003412658e-09 1.079818655336298e-06 21474578.30126487 2016
15.75 6.182094953172228e-09 9.498407791740445e-07 22530645.18945999 1640
16.5 3.845718065626183e-09 6.018118899679024e-07 21339266.17659606 1056
17.25 2.457990810733663e-09 4.342153285330115e-07 21199010.13592044 683
18 1.25086293518047e-09 2.456286675019412e-07 21134462.52160828 350
18.75 6.930936151516314e-10 1.216035285478605e-07 20421177.13834945 192
19.5 1.470067028349864e-10 2.760784245291482e-08 18803924.56371638 44
20.25 1.476343678732621e-10 2.113063326960174e-08 31019273.86617847 25


0.75 1.578591468592735e-11 4.619556195839377e-10 42810740.17815302 18
1.5 9.922126444943555e-11 3.570217157074707e-09 42685889.31382764 62
2.25 2.195803510261629e-10 7.592117227817158e-09 39587011.72304461 98
3 7.381662288779608e-10 2.582729501993987e-08 47471862.64614393 210
3.75 1.260351962261661e-09 4.873916793997505e-08 41148094.45381507 350
4.5 1.559622214110663e-09 6.700702611936215e-08 35017480.20297746 450
5.25 2.045834393567732e-09 1.12696466065822e-07 32788485.18289486 602
6 2.806003303140314e-09 1.507241538929917e-07 31490628.19241761 762
6.75 4.312005813145035e-09 2.782022360334496e-07 31267570.36412495 1142
7.5 4.481329266302938e-09 3.292296449130068e-07 28578062.92391121 1250
8.25 5.139413410118601e-09 4.398735759419505e-07 27465104.56167647 1458
9 6.510807509936085e-09 5.840050463505935e-07 26595581.11049268 1814
9.75 7.815487571295995e-09 7.322685024130154e-07 25474948.10850277 2178
10.5 9.069637450188647e-09 8.998649120444511e-07 24942398.62433032 2498
11.25 9.796684391339236e-09 1.093427643094489e-06 25360960.17121297 2622
12 1.194582843451893e-08 1.383298569649135e-06 24628065.1520852 3191
12.75 1.130498555035895e-08 1.334091198887264e-06 23681146.85680385 3044
13.5 1.00891501129438e-08 1.2784366980308e-06 23177877.07629422 2736
14.25 8.181352505192038e-09 1.178240028211587e-06 22626267.46488662 2276
15 7.136452707761229e-09 1.104841761804884e-06 22039203.67118422 2016
15.75 5.963147049876181e-09 9.840934042541023e-07 22395798.62043811 1640
16.5 3.794784327629741e-09 6.075067857159117e-07 21431801.24323637 1056
17.25 2.363056922486547e-09 4.169543860126239e-07 20628611.9795212 683
18 1.40450350474731e-09 2.05260649926302e-07 22552270.07026554 350
18.75 6.587422035359912e-10 1.437402434004521e-07 20640741.834423 192
19.5 1.620729358104503e-10 3.475363232408031e-08 21603955.96387105 44
20.25 7.957010675208165e-11 2.046111002598442e-08 19056864.82307546 25


0.75 1.954330129803261e-11 5.416490038314182e-10 52459165.92951056 18
1.5 1.211640809576565e-10 3.200763241513852e-09 46873522.01487881 62
2.25 2.355215579972706e-10 7.793709859797428e-09 42202080.45332602 98
3 7.847144072022843e-10 2.524178146518698e-08 49513375.74408418 210
3.75 1.061254252390289e-09 5.082347407003379e-08 37943353.54223318 350
4.5 1.504726253344402e-09 6.760741728581456e-08 34678983.3810684 450
5.25 2.352405923406867e-09 1.073015658948278e-07 35723866.22766145 602
6 2.601130486406094e-09 1.670110605073564e-07 31403325.00544008 762
6.75 4.089025070627279e-09 2.805763081261696e-07 30621245.71900039 1142
7.5 4.560504155583268e-09 3.270789335212338e-07 29178193.44045191 1250
8.25 5.745260357727064e-09 4.024458347958771e-07 29149524.77360015 1458
9 6.577863457102409e-09 5.857039629289242e-07 27112760.10026793 1814
9.75 8.198856436307559e-09 7.280271994985143e-07 26602568.97325661 2178
10.5 9.354127296915314e-09 9.117912318960683e-07 25887703.61545345 2498
11.25 9.307908510860296e-09 1.000023641960504e-06 24107993.66088559 2622
12 1.150867642040398e-08 1.412930516627479e-06 24402692.41463185 3191
12.75 1.151450048308046e-08 1.33047926760117e-06 24266920.3119155 3044
13.5 1.056371730859443e-08 1.307366273117031e-06 24404270.98368713 2736
14.25 8.055527731006428e-09 1.123592452191133e-06 22352851.12816447 2276
15 7.097378760094249e-09 1.045443404822658e-06 21897176.74746384 2016
15.75 5.959273913754125e-09 9.299683549114294e-07 22331684.42621043 1640
16.5 3.828025827716611e-09 5.963462398517161e-07 21736555.97879179 1056
17.25 2.411621265192676e-09 3.803816046954749e-07 20768605.69783981 683
18 1.282865799411878e-09 2.16520848257558e-07 21455150.63273235 350
18.75 6.327025888773041e-10 1.26391183824368e-07 19644163.10481333 192
19.5 2.488760863925688e-10 3.977455244790802e-08 31604977.76124983 44
20.25 1.937034775891548e-10 2.169795256070932e-08 40257471.41628774 25


0.75 3.753533048129619e-11 3.426480623127588e-10 76661250.6416726 18
1.5 1.100004946467446e-10 2.292513750056448e-09 39939592.93269138 62
2.25 2.390323328997312e-10 6.94425065992428e-09 41365519.34167018 98
3 6.84554506431358e-10 2.443070979006931e-08 45342714.02446114 210
3.75 1.102809273820775e-09 4.524276339947834e-08 37608890.31284547 350
4.5 1.604685852774904e-09 7.022769407585752e-08 37084984.60622297 450
5.25 2.15312023456521e-09 1.106525363062601e-07 34443471.76892381 602
6 2.60235019172941e-09 1.654639165087865e-07 31680587.92550113 762
6.75 4.03722582776398e-09 2.918197519435924e-07 31168107.39026257 1142
7.5 4.572032152022673e-09 3.546596359945292e-07 30393640.29782517 1250
8.25 5.384179075644617e-09 4.026799868952341e-07 28196084.72284472 1458
9 6.464701838293811e-09 5.534941483446564e-07 26635424.75610679 1814
9.75 8.066219599695956e-09 7.832618064437748e-07 27208861.14134265 2178
10.5 8.602598222949633e-09 8.834777627667342e-07 24463249.09378377 2498
11.25 9.953247517700912e-09 1.046108449718598e-06 25928015.92735693 2622
12 1.212513614623175e-08 1.381397884289704e-06 25475943.80816391 3191
12.75 1.138090923139444e-08 1.364868672156128e-06 24509263.34185014 3044
13.5 9.78720446549209e-09 1.265813838856214e-06 23140026.22679056 2736
14.25 7.653063347681655e-09 1.08961673950301e-06 21605107.8423727 2276
15 7.013787455509279e-09 1.017472664667566e-06 21816610.3784626 2016
15.75 6.05010252874979e-09 9.796482760925353e-07 23154096.9356496 1640
16.5 3.824751863350433e-09 5.899158812013501e-07 21929258.52128129 1056
17.25 2.333138563073999e-09 3.949208022106551e-07 20654970.77156987 683
18 1.13216907543614e-09 2.143713554459592e-07 19660772.29320403 350
18.75 7.956599854653169e-10 9.739305766641382e-08 22782915.93792455 192
19.5 1.457863588678657e-10 2.999461227271425e-08 19714416.5025437 44
20.25 1.22592272061525e-10 1.766435910540606e-08 26730418.28950635 25


0.75 1.428580581203021e-11 3.061078594584771e-10 35990134.553795 18
1.5 9.933106164658857e-11 2.580636071046634e-09 39138816.34727445 62
2.25 2.881878247963804e-10 6.852668513561846e-09 47335222.29038229 98
3 6.857131644362238e-10 2.368692247454931e-08 45436180.97912415 210
3.75 1.238674081768234e-09 4.948391925753027e-08 42347948.0967107 350
4.5 1.64118542841575e-09 6.629860775919017e-08 37371872.37540381 450
5.25 1.846737021220524e-09 1.153634251538653e-07 32152452.2582952 602
6 2.830017888168561e-09 1.61960800953118e-07 33593964.65399477 762
6.75 4.114748925658034e-09 2.587905129439827e-07 30641015.91786807 1142
7.5 4.452716448918529e-09 3.435769681647892e-07 29903459.07251589 1250
8.25 5.036696824509639e-09 4.357292906798779e-07 27983502.16967048 1458
9 6.099556605275552e-09 5.644214559002546e-07 26071729.17317158 1814
9.75 7.513898727455183e-09 7.088761772237511e-07 25425031.91170442 2178
10.5 8.808797683427954e-09 9.127107378361512e-07 25418587.9164169 2498
11.25 8.949933063965285e-09 1.083778910282968e-06 24598042.70397375 2622
12 1.221572500210705e-08 1.334323315079871e-06 25681593.59913397 3191
12.75 1.077106204249436e-08 1.35512559619645e-06 23778899.86903678 3044
13.5 9.262495691227122e-09 1.268917187022019e-06 22502613.51063696 2736
14.25 7.624987004355549e-09 1.130848745093957e-06 22020063.85903402 2276
15 6.825407577101193e-09 1.047703109529601e-06 21792959.27109914 2016
15.75 5.579443010540293e-09 8.662387896869646e-07 21387255.72446258 1640
16.5 3.974244879247562e-09 6.048498828327328e-07 22991063.38318396 1056
17.25 1.958067547763597e-09 3.952511986208784e-07 18312573.91505788 683
18 1.108139880080386e-09 2.146260613471168e-07 19578607.76607559 350
18.75 5.495444709742048e-10 1.32667174703287e-07 18308786.82253786 192
19.5 1.460181964184328e-10 2.826302965254421e-08 19719254.63562801 44
20.25 8.607295202541875e-11 2.161161769437535e-08 21235665.22305325 25


0.75 1.326711371449783e-11 6.104752107697558e-10 45916331.36954325 18
1.5 1.49259643404073e-10 2.233740276793083e-09 50875935.77776872 62
2.25 1.839967752975151e-10 9.939900918804876e-09 42245822.97933116 98
3 7.120389197255489e-10 2.105645428107589e-08 45247511.009904 210
3.75 1.137920662913733e-09 4.137356911425422e-08 38072168.91072997 350
4.5 1.424795461945284e-09 6.263961685311503e-08 33758592.28452316 450
5.25 1.984090343684631e-09 1.175167211951722e-07 34225291.07152042 602
6 2.737590842960069e-09 1.677919541474433e-07 33667333.84722555 762
6.75 4.09329940067856e-09 2.713789033947991e-07 31382063.87696462 1142
7.5 4.317775809689073e-09 3.200593084919243e-07 28935069.2129756 1250
8.25 5.203070961960375e-09 4.156886022813468e-07 28481481.5345531 1458
9 6.363650404726549e-09 5.363270536024048e-07 26712182.60384744 1814
9.75 7.662099812849991e-09 7.274751292309078e-07 26278164.50722842 2178
10.5 9.031488700988946e-09 8.78858716638459e-07 25884290.31930978 2498
11.25 9.667106760300149e-09 1.009483533922949e-06 25735701.14932945 2622
12 1.172984493487842e-08 1.389545930495339e-06 25508230.73402438 3191
12.75 1.053836861084457e-08 1.289948540651566e-06 23362479.69578035 3044
13.5 9.577866036696834e-09 1.286547853219497e-06 23416757.97746737 2736
14.25 7.724200076511101e-09 1.114380148046014e-06 22403275.38084843 2276
15 7.132332295516286e-09 1.023896700191213e-06 22656517.84721173 2016
15.75 5.422615977722882e-09 8.752478692263361e-07 21231282.1349654 1640
16.5 3.524786993374922e-09 5.817130979828814e-07 21018994.45313627 1056
17.25 2.445490537357236e-09 3.767361551583464e-07 21712467.19347906 683
18 1.067307882984096e-09 2.191111780336192e-07 19350378.91811572 350
18.75 6.715439176908157e-10 1.349215449765737e-07 21633255.2141523 192
19.5 9.428326716884452e-11 2.926009502302471e-08 14529599.35823776 44
20.25 1.254559883295939e-10 1.201708567002956e-08 26514898.87819569 25


0.75 2.697257446975955e-11 4.084153568239904e-10 63077274.34239559 18
1.5 1.043752337944508e-10 3.057651125014925e-09 43886123.02806216 62
2.25 2.506885191373152e-10 6.768563462854331e-09 43816850.08266992 98
3 6.942683738771586e-10 1.860638273161719e-08 43274162.45740052 210
3.75 1.213306812179975e-09 4.200715438652747e-08 40404728.53707549 350
4.5 1.508902743686047e-09 7.22157358169545e-08 37279952.07590646 450
5.25 2.002684087484345e-09 1.100074758815499e-07 33978727.01631702 602
6 2.623947333641115e-09 1.538903517539229e-07 32143208.77548064 762
6.75 4.192831476723755e-09 2.632999171993289e-07 31934118.96267081 1142
7.5 4.265850273532905e-09 3.296636723932503e-07 29334573.09569842 1250
8.25 5.044089532684078e-09 3.901630508628823e-07 27648487.53896128 1458
9 6.226692005508559e-09 5.143738962664642e-07 26282826.29105288 1814
9.75 7.950410534766032e-09 6.813147151921801e-07 26765178.65107334 2178
10.5 8.841868517748758e-09 8.822200158714057e-07 25824609.23296615 2498
11.25 9.463372261001139e-09 9.650271306032971e-07 25322990.5320246 2622
12 1.132973079142106e-08 1.325702104251106e-06 24841598.83588713 3191
12.75 1.049176475714919e-08 1.29777746315006e-06 23599195.73332958 3044
13.5 9.427483763620732e-09 1.304813102909662e-06 23508777.39460397 2736
14.25 7.670054202082491e-09 1.099900886278847e-06 22472509.47470665 2276
15 6.543698278921846e-09 1.016814013967587e-06 21454556.33430461 2016
15.75 5.871749279128965e-09 8.434269547372184e-07 22621989.45951666 1640
16.5 3.43571493900077e-09 6.318377693735382e-07 21292844.2356746 1056
17.25 2.155292277401557e-09 3.961560577114216e-07 20153482.13825383 683
18 1.085284793152214e-09 1.947744600934293e-07 19286458.58751789 350
18.75 6.211108103605622e-10 1.223783868535703e-07 20154416.63748829 192
19.5 1.078258526639446e-10 2.480374656815152e-08 15501785.77991552 44
20.25 1.307475141055986e-10 1.135015630951059e-08 27665991.52880646 25


0.75 9.42831366264371e-12 7.081860037549326e-10 43794505.34421739 18
1.5 9.607511160631537e-11 2.907414239594199e-09 41433439.65422244 62
2.25 2.372007025599249e-10 7.739839939197719e-09 44887893.63433474 98
3 6.998820754639195e-10 1.923332082525759e-08 44564771.08990399 210
3.75 1.0457803572321e-09 4.183476016842212e-08 37070533.62429534 350
4.5 1.503621588316218e-09 6.574291538614902e-08 36438563.49927194 450
5.25 1.887294729367524e-09 1.073750043349668e-07 32847559.14821246 602
6 2.930680493900561e-09 1.513898509040311e-07 34849527.45434728 762
6.75 4.128910387952413e-09 2.708562217576364e-07 32310913.56588699 1142
7.5 4.241955833778809e-09 3.129472178503576e-07 29072362.95958843 1250
8.25 4.730625211490722e-09 4.141284927504593e-07 27341924.39262822 1458
9 6.094661593167385e-09 5.817061565023555e-07 27268185.19673922 1814
9.75 7.258940481586645e-09 7.511549829486284e-07 26197758.47692846 2178
10.5 8.724034058592505e-09 8.469493671565752e-07 25590897.4942582 2498
11.25 8.823301153680623e-09 9.97022309415929e-07 24605760.66151607 2622
12 1.124150844617553e-08 1.247492523227583e-06 24589286.05655327 3191
12.75 1.051894850678399e-08 1.278418933880206e-06 23835788.44696081 3044
13.5 9.136717210973501e-09 1.248870798093068e-06 22982426.98739532 2736
14.25 7.842648483592692e-09 1.076098209792889e-06 22995083.14097078 2276
15 6.745588043137269e-09 1.069727033298782e-06 22502783.1331898 2016
15.75 5.129434611923087e-09 8.059353869632044e-07 20429073.36508916 1640
16.5 3.212742322075168e-09 5.604094242224009e-07 19883051.98774824 1056
17.25 2.068510906630029e-09 3.934282645250828e-07 19739816.6877836 683
18 1.067568888504639e-09 1.791337400525669e-07 18920172.5021519 350
18.75 6.36883698756729e-10 1.011361993210891e-07 19995018.20620158 192
19.5 1.312728280749055e-10 2.551197726399964e-08 18381324.82130368 44
20.25 8.240008080640098e-11 1.786859083378335e-08 20349019.64051838 25


0.75 9.538976480386928e-12 4.140278445546256e-10 33246646.08716778 18
1.5 1.063361461383611e-10 3.253929690008141e-09 46636070.42539211 62
2.25 2.008532642327717e-10 8.062417823424938e-09 41748356.65419304 98
3 5.614779770865741e-10 2.157063937075444e-08 40603098.30028111 210
3.75 1.091835168116191e-09 4.460939838357655e-08 39488465.36356135 350
4.5 1.495503357408753e-09 6.881294724136646e-08 37354138.32415261 450
5.25 1.946215295061465e-09 1.118531236402909e-07 34418327.86675973 602
6 2.519801794099763e-09 1.424411777736367e-07 31245435.32899546 762
6.75 3.981118240844396e-09 2.532419378117036e-07 31212672.52480394 1142
7.5 4.22022038834848e-09 3.241548241187873e-07 29676103.42535315 1250
8.25 5.042077544027029e-09 3.750280534063237e-07 27979829.12246178 1458
9 6.08201053813182e-09 5.13753992079178e-07 26485255.81508891 1814
9.75 7.417447049382879e-09 6.896608667113562e-07 26203141.24664274 2178
10.5 8.453611920815555e-09 8.454127771797866e-07 25312202.90712448 2498
11.25 9.269952829250678e-09 9.020177315718018e-07 25095071.70824562 2622
12 1.07949476994356e-08 1.27142642867817e-06 24290060.82326334 3191
12.75 1.071250480259091e-08 1.283070609473776e-06 24470716.40625088 3044
13.5 9.074802956440568e-09 1.112483595461405e-06 22458504.39758941 2736
14.25 7.149834660255043e-09 1.048163248976267e-06 21579943.44330056 2276
15 6.65009719022808e-09 9.836264855747915e-07 22052080.98257754 2016
15.75 5.366522027336251e-09 8.22353314636732e-07 21497494.06434569 1640
16.5 3.266244998324912e-09 5.324988994571691e-07 20123270.86988947 1056
17.25 2.118461077452164e-09 3.915846058952742e-07 20313280.55419003 683
18 1.050776720360735e-09 2.209766201932105e-07 19857071.10213513 350
18.75 5.433034412668639e-10 1.290041953604653e-07 18891143.35319941 192
19.5 1.376284655317477e-10 2.999405432606817e-08 20001973.0032345 44
20.25 1.177149705301859e-10 1.880098320251772e-08 27699096.44269092 25


0.75 2.343406691592943e-11 4.715999266465655e-10 61431885.9023682 18
1.5 6.496315488125739e-11 2.082791139620713e-09 29296702.31132279 62
2.25 2.262853477058529e-10 7.628274177118208e-09 44349707.01722767 98
3 5.719876940514695e-10 1.770658835524828e-08 38700476.39040507 210
3.75 1.05703043250506e-09 4.100004724507963e-08 37919756.66194571 350
4.5 1.422212043192148e-09 7.468100490019088e-08 37703339.61600377 450
5.25 2.125657435150051e-09 1.029175082768318e-07 35754130.85900477 602
6 2.603363063476618e-09 1.388006801515289e-07 31999614.33453501 762
6.75 3.778402217279787e-09 2.49834127495108e-07 30336608.37423802 1142
7.5 4.176266706170155e-09 3.078677077577026e-07 29280419.94354116 1250
8.25 4.932840869601962e-09 3.730252319252247e-07 27814457.25599256 1458
9 6.06000482306426e-09 5.067556695391828e-07 26597593.02450319 1814
9.75 7.236442206061023e-09 6.690467229785577e-07 25802717.81041219 2178
10.5 8.580136914055117e-09 8.254095647165507e-07 25688289.44921939 2498
11.25 9.317354725080921e-09 1.01246810622431e-06 26289103.79186103 2622
12 1.024582986170721e-08 1.214771819983609e-06 23355675.71512949 3191
12.75 1.04085610581925e-08 1.248982201386453e-06 24054260.83101891 3044
13.5 9.440319190403517e-09 1.171393039945487e-06 23696420.73234509 2736
14.25 7.739485407632773e-09 1.093433998885144e-06 23395658.57362232 2276
15 6.359699553988287e-09 1.037587511388155e-06 21874978.38526585 2016
15.75 5.251646719046783e-09 8.10305386899347e-07 21310086.36582863 1640
16.5 3.264653728414237e-09 5.455472622218811e-07 20460828.87778481 1056
17.25 2.115327908069078e-09 3.564973590789952e-07 20071947.71169391 683
18 1.069412336154009e-09 2.005620271182571e-07 19880205.74803426 350
18.75 4.625999329219274e-10 1.015751298634867e-07 15948879.26205518 192
19.5 1.237264001933474e-10 3.625603547024748e-08 19642655.28914215 44
20.25 7.904294525835377e-11 2.158612398565621e-08 21123895.83068943 25


0.75 2.104736432622636e-11 5.585941998720631e-10 61119021.97136099 18
1.5 9.315755465841822e-11 2.504482397372015e-09 39842812.82751204 62
2.25 2.133041996711192e-10 7.597516337809353e-09 43192251.2898048 98
3 4.639549457299351e-10 2.074311993259337e-08 36436939.77498359 210
3.75 9.955208888797074e-10 4.801224589194774e-08 39211968.78903387 350
4.5 1.301191961753373e-09 6.905413580564394e-08 35038704.85996307 450
5.25 1.844497688576135e-09 1.093345555157647e-07 33746661.69802093 602
6 2.526057226209251e-09 1.444399921669452e-07 32151520.95989002 762
6.75 3.736741957939477e-09 2.428982339914533e-07 30174654.92111649 1142
7.5 4.217814994620793e-09 2.994561460348049e-07 29546537.20379587 1250
8.25 4.685800669710772e-09 3.842028062210152e-07 27425898.14080962 1458
9 5.925814446120622e-09 5.350451042637469e-07 26949628.78939061 1814
9.75 7.337323578722757e-09 7.121160570402838e-07 26859521.51116172 2178
10.5 8.05041715887295e-09 8.827084280000352e-07 25346954.55528065 2498
11.25 9.222886886052839e-09 9.776141248679764e-07 26138984.02162697 2622
12 1.017908719897271e-08 1.1687624133373e-06 23262796.3593969 3191
12.75 1.044077112738907e-08 1.210471361274601e-06 24190036.05657893 3044
13.5 9.275534576310214e-09 1.201240100876266e-06 23810076.31857606 2736
14.25 7.226651941624671e-09 1.035733413000325e-06 22180324.87568519 2276
15 6.074012103542817e-09 9.983740631236394e-07 21176099.58695416 2016
15.75 4.976933992929112e-09 8.181383742057746e-07 20750429.07631067 1640
16.5 3.026306994221611e-09 5.343054264292751e-07 19446465.55773068 1056
17.25 2.215034937143227e-09 3.998390498781301e-07 21604125.60647972 683
18 1.16248795045557e-09 2.014486618988399e-07 21475412.39597084 350
18.75 5.697798623351129e-10 1.22092784929539e-07 19753115.10412947 192
19.5 1.403546574988843e-10 2.987757401772256e-08 20756292.98631737 44
20.25 7.362720580723494e-11 2.294819757803626e-08 20645515.64711988 25


0.75 8.410702681406072e-12 9.714644491749534e-10 54417971.54334097 18
1.5 1.082396887839975e-10 1.964571104328519e-09 41547052.13966578 62
2.25 2.009587652372636e-10 4.753940391391873e-09 35755237.37114128 98
3 5.917248970218437e-10 2.315053346476652e-08 44548233.10635479 210
3.75 9.929774538465144e-10 4.249846506337531e-08 37766346.26632456 350
4.5 1.4826946370623e-09 5.77631647892377e-08 36199882.60212231 450
5.25 1.883320105102786e-09 1.050075476834009e-07 34058743.07868883 602
6 2.425362554670982e-09 1.445744863859277e-07 31674049.52846108 762
6.75 3.731954310988548e-09 2.45291208611722e-07 30593608.58271798 1142
7.5 4.256501612882908e-09 3.094684622209351e-07 30392886.87080662 1250
8.25 5.005434677599561e-09 3.867836806927252e-07 29071469.90567204 1458
9 5.765086059110063e-09 5.627512296723041e-07 27209324.4807764 1814
9.75 7.09998277792077e-09 6.814985991293464e-07 26197833.44554714 2178
10.5 8.144159673272714e-09 8.287885725514752e-07 25355576.37911708 2498
11.25 8.763934626277775e-09 8.794912807077665e-07 24745847.44382149 2622
12 1.067237993483824e-08 1.262752722153637e-06 24876058.50622285 3191
12.75 1.00125040421746e-08 1.21599052823649e-06 23749521.84405087 3044
13.5 8.352940250252774e-09 1.168107219708219e-06 22135190.7916353 2736
14.25 6.812596028277245e-09 1.043843067296641e-06 21529127.36266096 2276
15 6.093679532418339e-09 9.810037776288041e-07 21368525.36461229 2016
15.75 5.291031842762349e-09 8.431263117191315e-07 22139776.5255528 1640
16.5 3.199864111731581e-09 5.779889021115219e-07 20917103.42690206 1056
17.25 2.014363436293926e-09 3.766444101398237e-07 20042285.95349221 683
18 1.014892583114621e-09 1.87871748624461e-07 19245178.58366975 350
18.75 6.207817486624878e-10 1.174526650257421e-07 21152041.82726571 192
19.5 1.561790246345652e-10 2.799298088555768e-08 22518660.82516486 44
20.25 9.403028195566588e-11 1.628300401920298e-08 23228151.19986732 25


0.75 2.176544502061131e-11 4.213754163624954e-10 58367905.48625779 18
1.5 1.148591600733503e-10 3.7127210201026e-09 53774705.67518583 62
2.25 2.203784255205426e-10 6.101190941311477e-09 41677262.66971994 98
3 4.502887854831748e-10 1.759945452850436e-08 34273331.8560742 210
3.75 1.004337121472115e-09 4.716410188276298e-08 40039093.18044324 350
4.5 1.342370106687667e-09 6.578103284907147e-08 35873651.60691477 450
5.25 1.815110402884374e-09 1.042332100922636e-07 33565898.73984231 602
6 2.246816029880152e-09 1.536447933192954e-07 31211640.10462953 762
6.75 3.733373924894969e-09 2.487224719174801e-07 31097798.08962826 1142
7.5 3.854287607765687e-09 2.782033920319626e-07 27769108.91524385 1250
8.25 4.67253654165555e-09 3.659762417272057e-07 27565726.73541886 1458
9 6.300473053903963e-09 5.399787593546358e-07 28832323.9143188 1814
9.75 7.586370462684023e-09 6.630516477396858e-07 27532710.37087939 2178
10.5 8.158373144152017e-09 8.323012670932077e-07 25708612.33847763 2498
11.25 8.885037066670413e-09 9.354726982927847e-07 25711140.51231639 2622
12 1.049666039349393e-08 1.162626031870819e-06 24300455.44830479 3191
12.75 9.708479587573385e-09 1.215947247893429e-06 23485133.31874832 3044
13.5 8.755266273825507e-09 1.122623589875773e-06 22931963.37321875 2736
14.25 7.511187481676319e-09 1.077976515907682e-06 23591644.45527051 2276
15 6.045581615341326e-09 9.202234698013455e-07 21131429.88557049 2016
15.75 5.167105942642084e-09 8.119209427664538e-07 21792857.22271676 1640
16.5 3.507967149717386e-09 5.6751696905755e-07 22576888.10753973 1056
17.25 2.04506272485025e-09 3.785103345014727e-07 20528676.71905002 683
18 9.85294638147467e-10 2.075917495171331e-07 19496187.51153793 350
18.75 5.429576994423269e-10 1.201740829721266e-07 19408981.38485862 192
19.5 1.832549759419861e-10 2.909173817657151e-08 26115510.24141866 44
20.25 1.050225659825765e-10 2.34315424192698e-08 27641460.89166171 25


0.75 1.009894530393066e-11 5.995313699830194e-10 43804364.33671192 18
1.5 8.967796480302932e-11 2.929706624812933e-09 42632519.33092488 62
2.25 1.998068481773031e-10 6.435403165665124e-09 40286330.03480972 98
3 6.501860119711409e-10 1.984478803448419e-08 45817233.26532411 210
3.75 1.036760865509219e-09 4.174304756493066e-08 39439883.89997464 350
4.5 1.305898956247015e-09 6.967019432602433e-08 36453685.24977948 450
5.25 1.878354747592425e-09 1.03040016946119e-07 34539214.60656185 602
6 2.225291076501008e-09 1.511664475664896e-07 31182940.79139145 762
6.75 3.443503044432877e-09 2.440685373900213e-07 29642578.02567022 1142
7.5 3.86497798536225e-09 2.884949705354743e-07 28476216.68671615 1250
8.25 4.559654246541769e-09 3.539797615543771e-07 27127665.97355385 1458
9 6.000774284812164e-09 5.382675155244669e-07 28173228.39986547 1814
9.75 6.648157352138489e-09 6.259047707156674e-07 24943518.20349754 2178
10.5 7.738452879845094e-09 8.106219725716248e-07 24856670.32189141 2498
11.25 8.648159345133967e-09 9.369748453392985e-07 25514441.41310521 2622
12 1.122464557980437e-08 1.171567079273762e-06 25872751.32259857 3191
12.75 9.910733643049083e-09 1.203886372875341e-06 24047111.57469667 3044
13.5 8.665921060779169e-09 1.162006969692644e-06 23225011.8413554 2736
14.25 6.948223706657527e-09 1.013058116304128e-06 22162265.30912089 2276
15 6.071571657889267e-09 9.410430545941922e-07 21562473.33483835 2016
15.75 5.105473472637878e-09 7.710726768721423e-07 21570296.05177343 1640
16.5 3.158318637787967e-09 5.931743971644522e-07 21331510.93224261 1056
17.25 2.04883700058789e-09 3.648765639096905e-07 20607853.04857322 683
18 1.028645629735487e-09 1.9676641197878e-07 20104855.62427054 350
18.75 6.689191097496318e-10 1.19426917856052e-07 23024949.90080918 192
19.5 1.477399232195911e-10 2.317200503083394e-08 21246620.49588884 44
20.25 8.480805178104153e-11 2.049432622173809e-08 22998691.35435978 25


0.75 1.368234712411279e-11 5.439381902754581e-10 48995162.02034464 18
1.5 8.808985430204319e-11 2.666793006787791e-09 41145964.86817415 62
2.25 1.632814506021521e-10 4.496326369304253e-09 31537847.36370752 98
3 5.598280885606512e-10 1.777537614853066e-08 40440467.76156638 210
3.75 1.112101446389832e-09 3.719631292712827e-08 40195259.90565468 350
4.5 1.408231352757407e-09 5.989139701433409e-08 36614717.15110512 450
5.25 1.752084847391474e-09 9.836649414804753e-08 32865986.51735068 602
6 2.516210411521011e-09 1.290554712458887e-07 32333682.26332617 762
6.75 3.776438775882276e-09 2.366918653343598e-07 31524854.11809635 1142
7.5 3.77444598424599e-09 2.584528386821842e-07 27347701.36391471 1250
8.25 4.811973469567269e-09 3.671533381158742e-07 28799740.71604659 1458
9 5.79978740323515e-09 5.133356583447871e-07 27424151.20897745 1814
9.75 6.759291560891313e-09 6.458038594788279e-07 25765775.45153297 2178
10.5 7.853739817779247e-09 8.154026348262722e-07 25446890.76363213 2498
11.25 8.37244310090359e-09 8.964299296683282e-07 24898931.18490335 2622
12 1.00604000395152e-08 1.167452743518684e-06 24127853.49665396 3191
12.75 9.487480592854589e-09 1.221035122911354e-06 23650761.78254994 3044
13.5 8.434704366352553e-09 1.1010253686661e-06 22701683.32146868 2736
14.25 7.276791913360818e-09 1.056865586981119e-06 23450426.88651433 2276
15 6.214077443132281e-09 9.497398696245087e-07 22239269.2085636 2016
15.75 4.702328776796957e-09 7.540565648550167e-07 20386922.29400798 1640
16.5 3.14372317816592e-09 5.311575155050085e-07 20909307.89440597 1056
17.25 1.978892146338527e-09 3.995725971526362e-07 20768439.56154712 683
18 9.231186344520233e-10 1.892275258400691e-07 18554328.43754333 350
18.75 5.171851520955465e-10 1.172919362069532e-07 19024921.94244603 192
19.5 1.618388122656201e-10 3.345502745520413e-08 24877080.52206386 44
20.25 8.373799896208529e-11 1.018407440654869e-08 20219495.33024265 25


0.75 2.035291271183459e-11 4.603368524732778e-10 59283372.4795088 18
1.5 9.004119127365492e-11 3.415720408806863e-09 46562812.3604946 62
2.25 1.818530217761342e-10 7.380069218171652e-09 41098109.67499837 98
3 5.181121028716935e-10 1.575748256990603e-08 37335336.41592588 210
3.75 8.919975535377149e-10 3.567604330707246e-08 34645123.40108348 350
4.5 1.375058813551199e-09 6.349628120532905e-08 37216885.12543866 450
5.25 1.87389411262183e-09 8.967037011616845e-08 33621842.88377006 602
6 2.17804894941112e-09 1.257199774646819e-07 29439076.18952802 762
6.75 3.338792741395311e-09 2.268592124756365e-07 28972108.43082832 1142
7.5 3.824179675589205e-09 2.853741152360456e-07 28823885.30834468 1250
8.25 4.403154880972521e-09 3.560116705030046e-07 27151960.47483549 1458
9 5.75037015263035e-09 4.993641555969116e-07 27337816.07456744 1814
9.75 6.962660821567499e-09 6.380109086240488e-07 26508008.19566169 2178
10.5 7.713108697366838e-09 7.808001562517677e-07 25088129.61147909 2498
11.25 8.510000555766814e-09 9.088180351659332e-07 25578461.11758279 2622
12 1.027101253507536e-08 1.167598148759646e-06 24772866.20065123 3191
12.75 9.987051835888508e-09 1.200098298812513e-06 24716574.63634549 3044
13.5 8.282384758313123e-09 1.075664663008442e-06 22515662.96701613 2736
14.25 7.074844084266483e-09 9.720313302545496e-07 22731240.86989934 2276
15 6.099113956258371e-09 8.934521227847709e-07 21841471.03068371 2016
15.75 4.841252417206961e-09 7.723468389897212e-07 21200376.9294701 1640
16.5 3.147062125994179e-09 5.403720096882946e-07 21252118.35345375 1056
17.25 2.017670901182577e-09 3.580086475939939e-07 20739281.47436616 683
18 1.014149675382043e-09 2.086038641724358e-07 20632456.81752599 350
18.75 5.123311144711913e-10 1.124162706115944e-07 18903217.99376116 192
19.5 1.768147265040657e-10 4.007679672060935e-08 28078464.34529707 44
20.25 7.922217430701029e-11 1.195186022827428e-08 19986297.60674663 25


0.75 1.678420982075764e-11 5.280225718639597e-10 55638265.4837089 18
1.5 6.319826847047803e-11 2.186510399034153e-09 31808074.52075377 62
2.25 1.674608655112927e-10 4.702802952146064e-09 33310320.83288514 98
3 5.489300369073771e-10 2.025870395156712e-08 42784566.7804231 210
3.75 9.097456925148192e-10 3.995460788849287e-08 36976693.03218634 350
4.5 1.216781935056021e-09 6.04019601598629e-08 34187590.91184734 450
5.25 1.789463659938311e-09 9.393385568345532e-08 33510017.27711699 602
6 2.431381558876515e-09 1.325561339729769e-07 32595788.23202418 762
6.75 3.491431769843402e-09 2.434395560142368e-07 30911118.80851633 1142
7.5 4.153559118899495e-09 2.722361457274564e-07 30363236.38268971 1250
8.25 4.643769012430689e-09 3.68462791764388e-07 28779111.60783836 1458
9 5.351998351989049e-09 4.656759706346254e-07 25742804.69017202 1814
9.75 6.911078169133009e-09 5.879785220197087e-07 26038209.1175739 2178
10.5 7.712850497451309e-09 7.823518063626887e-07 25381616.53404215 2498
11.25 8.210962904464829e-09 8.911333333089403e-07 25068833.4888247 2622
12 9.975089576645697e-09 1.145147386315296e-06 24392628.13015795 3191
12.75 1.004329274239473e-08 1.1664212272316e-06 24910494.06355438 3044
13.5 8.33803512522651e-09 1.10299870097728e-06 23029697.77071699 2736
14.25 6.574404282065697e-09 9.39797818709245e-07 21576476.21221104 2276
15 5.995081022770581e-09 8.901205193883384e-07 21780990.41001991 2016
15.75 5.09066102714981e-09 7.564290001537975e-07 22159240.58943022 1640
16.5 2.812935990058365e-09 5.33258925018944e-07 19696973.54776553 1056
17.25 1.995175265690532e-09 3.332414676627734e-07 20449208.68241506 683
18 1.008279959803305e-09 1.868747882316847e-07 20231815.07921203 350
18.75 4.937024439213985e-10 1.085017474009722e-07 18426331.56156668 192
19.5 1.692086180065479e-10 2.655711250832634e-08 25169328.32276426 44
20.25 6.862687508350963e-11 1.68976684430209e-08 19334166.76243462 25


0.75 1.03081571113645e-11 1.856600858445162e-10 28727302.04323842 18
1.5 6.629165829335969e-11 1.805259437239617e-09 30862051.83103263 62
2.25 2.418319709257856e-10 7.856936169628636e-09 51227376.43829129 98
3 4.762891874842619e-10 1.831343930112266e-08 38139345.626284 210
3.75 9.310269861934611e-10 3.840562407408684e-08 37403020.19936945 350
4.5 1.270650196909254e-09 6.001192139566803e-08 35461212.13963279 450
5.25 1.781161840475208e-09 9.613012857457575e-08 34074391.17291161 602
6 2.203689287955727e-09 1.337397257138417e-07 30999871.04508367 762
6.75 3.571086327564099e-09 2.278821854028658e-07 31024281.08749467 1142
7.5 3.784345088836213e-09 2.63228662928747e-07 28507489.0587869 1250
8.25 4.486056938983156e-09 3.473928875702483e-07 27902890.16121871 1458
9 5.715964296705964e-09 4.687511831487135e-07 27306292.8480404 1814
9.75 6.940536926173537e-09 6.198803703951837e-07 26818533.08132119 2178
10.5 7.665828018473122e-09 7.646104793249944e-07 25388187.33005721 2498
11.25 8.218366955992913e-09 8.673274380454117e-07 25176050.47756632 2622
12 1.014829709583672e-08 1.171588975078581e-06 25136005.66778678 3191
12.75 9.424286228208086e-09 1.124407677513612e-06 23805371.4912642 3044
13.5 8.100523589470722e-09 1.120587843565733e-06 22898120.28510468 2736
14.25 7.026083005143745e-09 9.530030737184499e-07 23009045.99288103 2276
15 5.870816816611218e-09 8.832006930408477e-07 21640941.55894857 2016
15.75 4.809188409103625e-09 7.181167799409775e-07 21194080.93891731 1640
16.5 3.270155061365434e-09 4.858575409657153e-07 21835789.48192516 1056
17.25 2.049445690105494e-09 3.792982751541495e-07 21758727.16699375 683
18 9.231727674036047e-10 1.703834722910637e-07 18713910.93918553 350
18.75 5.691640880004454e-10 9.924459764211914e-08 20388571.72726682 192
19.5 9.958165373442617e-11 2.676996915354045e-08 16888291.08841751 44
20.25 1.149867365567279e-10 1.771776880906153e-08 29766230.79930141 25


0.75 1.139652675045239e-11 4.552957995597723e-10 42749518.80034932 18
1.5 1.16053602605672e-10 3.200452904745937e-09 54747553.49561261 62
2.25 1.970868759152781e-10 5.343171883263754e-09 39559843.41739771 98
3 4.680166057684342e-10 1.835524946299578e-08 38127195.5480855 210
3.75 8.678714426124133e-10 3.85045092008428e-08 36173539.12854476 350
4.5 1.224851273478006e-09 6.005672329476275e-08 34996647.45915185 450
5.25 1.787305038894432e-09 1.116321628884746e-07 36490335.08097064 602
6 2.315650867932937e-09 1.240173224454517e-07 31528403.36098339 762
6.75 3.546657428493241e-09 2.33566996623279e-07 31454458.36969502 1142
7.5 3.882265647396759e-09 2.933848533460362e-07 30359906.21308222 1250
8.25 4.239131274656447e-09 3.580327578942927e-07 27398398.41187594 1458
9 5.359253060541737e-09 4.836578731948507e-07 26647423.30601513 1814
9.75 6.647665119139221e-09 6.022113711878029e-07 26060586.29060671 2178
10.5 7.540979538084101e-09 8.075616255566099e-07 25774970.30963288 2498
11.25 8.182183002639105e-09 8.431947386446128e-07 25159791.44936711 2622
12 9.72947878740233e-09 1.090171496199513e-06 24152763.38838844 3191
12.75 9.625543911581887e-09 1.157795689532874e-06 24622081.07355426 3044
13.5 8.649457433798575e-09 1.053604344808145e-06 23906166.52977877 2736
14.25 6.851051631153057e-09 9.67359648459264e-07 22905696.9207807 2276
15 5.859602835747429e-09 8.339278628766385e-07 21531271.97567357 2016
15.75 4.979349377258031e-09 7.391108334231117e-07 22146276.89749541 1640
16.5 2.720873583715804e-09 4.909512364272731e-07 19224912.77585624 1056
17.25 1.822053051312312e-09 3.662276709767836e-07 19962028.00657086 683
18 1.076707186227246e-09 1.748370229807234e-07 21453447.1357431 350
18.75 5.648306666706924e-10 1.181824869013935e-07 21292041.76346432 192
19.5 1.108593844359131e-10 2.501308699840781e-08 18173649.48604148 44
20.25 1.112334527735315e-10 1.170850633240551e-08 27552284.2930609 25


0.75 1.248950676094626e-11 2.513603146288597e-10 36607094.66783796 18
1.5 9.797384658991131e-11 3.103153660765822e-09 49175703.91109897 62
2.25 1.87158934435553e-10 4.148437699377312e-09 35710905.93679724 98
3 5.332885357528768e-10 2.136576818720441e-08 44289554.5967695 210
3.75 9.066523195491778e-10 3.693059227650525e-08 37010863.32667361 350
4.5 1.403115342544968e-09 6.291545868048855e-08 39245941.81052957 450
5.25 1.805287355356821e-09 9.861664552844593e-08 35419016.87133633 602
6 2.10685010177267e-09 1.501162349053731e-07 32137100.1014474 762
6.75 3.415344095684447e-09 2.052983044096694e-07 29714591.19834934 1142
7.5 3.948543356533634e-09 2.735797134975753e-07 30339122.62802812 1250
8.25 4.471148713306947e-09 3.553796306999981e-07 28640402.07998327 1458
9 5.388119419858826e-09 5.053314999696616e-07 27427321.6737669 1814
9.75 6.204734104006886e-09 6.120900280903327e-07 25238547.10041783 2178
10.5 7.591182041481182e-09 7.753010105921555e-07 25860748.45189712 2498
11.25 7.889179384659181e-09 8.498894008511164e-07 24832163.65403909 2622
12 9.812110449868013e-09 1.07109653798586e-06 24453854.27489911 3191
12.75 8.89781119285145e-09 1.178825294345908e-06 23627486.11346251 3044
13.5 7.948420195626793e-09 1.083540588088683e-06 22864637.78816994 2736
14.25 6.84706768539949e-09 9.552755444663183e-07 23072965.89859887 2276
15 6.050920233414892e-09 8.735781618478427e-07 22557325.76271209 2016
15.75 4.58553789643338e-09 7.837339626626814e-07 21349112.4808602 1640
16.5 3.00687470776794e-09 4.778743742107238e-07 20827981.52909765 1056
17.25 2.035746095181255e-09 3.203389267319387e-07 21277787.98808486 683
18 9.53204376177998e-10 1.87763397441513e-07 20048382.98215542 350
18.75 4.67037991085957e-10 9.392579209025271e-08 17634989.47301057 192
19.5 1.366612332454082e-10 3.51721194955783e-08 23409988.6388502 44
20.25 4.841575422916761e-11 1.465442255601322e-08 14883703.56922477 25


0.75 1.612538388330373e-11 3.826222939934713e-10 50383264.55699081 18
1.5 1.113013464718403e-10 2.6276765460672e-09 50999295.28987969 62
2.25 2.069086661695028e-10 4.612765838651847e-09 40017310.91607531 98
3 4.614965353676625e-10 1.718110813815041e-08 37693535.31566167 210
3.75 8.990353352738467e-10 3.633411466403871e-08 37015776.11826717 350
4.5 1.25093651395535e-09 6.019880850892269e-08 36294670.85905844 450
5.25 1.821541697723721e-09 9.632764976622346e-08 35724012.07888439 602
6 2.264974571832404e-09 1.265102584868204e-07 31974959.62273069 762
6.75 3.290696188659945e-09 2.304206281442345e-07 30479668.36799521 1142
7.5 3.523549219868091e-09 2.659904545560429e-07 28160251.05083065 1250
8.25 4.38575785808228e-09 3.325295012079801e-07 27988772.53213154 1458
9 5.572165618595684e-09 4.772441024317042e-07 27860462.20321614 1814
9.75 6.515033634746204e-09 5.799682589143301e-07 25976988.10920556 2178
10.5 7.651876449500086e-09 7.624752783701537e-07 26168618.09519964 2498
11.25 8.10765940040995e-09 8.334094455901165e-07 25468324.53988868 2622
12 1.021053314931576e-08 1.115732633815971e-06 25737237.17101091 3191
12.75 9.281223542120291e-09 1.132400227159656e-06 24361067.92144696 3044
13.5 8.085561379234613e-09 1.058739660395608e-06 23267645.51078392 2736
14.25 6.568311745768748e-09 8.79091648358102e-07 22146489.07075122 2276
15 5.730928778753217e-09 8.682624453310697e-07 21862313.60659892 2016
15.75 4.568586024611262e-09 7.251370549684501e-07 21106511.15637006 1640
16.5 3.028585721006715e-09 4.893053370875597e-07 21291451.51717274 1056
17.25 1.773039253404015e-09 3.459269042152539e-07 19704206.32861105 683
18 8.753439821953332e-10 1.672207203744771e-07 18478742.22068812 350
18.75 5.348342596561384e-10 1.223526773493912e-07 21063805.06408587 192
19.5 1.178837992192616e-10 1.913264079139049e-08 18430336.66841201 44
20.25 6.383863831913646e-11 1.726773437472907e-08 19241153.06123662 25


0.75 1.627456596201798e-11 4.662179347422338e-10 54797248.07432527 18
1.5 4.805233930569494e-11 2.366662932662975e-09 29904394.15756851 62
2.25 1.968261024351353e-10 6.306585805401903e-09 43174802.68597025 98
3 4.962457914849045e-10 1.477450231209206e-08 37794564.30471599 210
3.75 1.06590798035317e-09 3.67799456159523e-08 41921607.20346246 350
4.5 1.143214451008916e-09 5.805574539071014e-08 34154598.46220439 450
5.25 1.89755221599414e-09 9.009058455195399e-08 36185847.9570899 602
6 2.274303873219015e-09 1.339050454293748e-07 32997467.43919451 762
6.75 3.425632050528603e-09 2.20983449357942e-07 31138867.05128947 1142
7.5 3.78053912537581e-09 2.591443894096543e-07 29554096.56088164 1250
8.25 4.071166025627522e-09 3.151461132944719e-07 26403348.62165315 1458
9 5.417922200781661e-09 4.758808369996488e-07 27571723.62207189 1814
9.75 6.300245235166535e-09 5.709671801335864e-07 25501280.19617554 2178
10.5 7.490351282625189e-09 7.963225240546267e-07 26374951.72985034 2498
11.25 7.995631806463782e-09 8.28358076867066e-07 25421697.23869801 2622
12 9.093926194378823e-09 1.147514746253451e-06 24107474.93572937 3191
12.75 8.95376705071298e-09 1.096656802029488e-06 23763735.56095572 3044
13.5 8.324909103419476e-09 1.056223773121104e-06 24003502.01631665 2736
14.25 6.443850791332831e-09 9.292370195397646e-07 22369741.42976823 2276
15 5.819873967546192e-09 8.426171127864571e-07 22176450.36701775 2016
15.75 4.804956709938084e-09 7.625552733983386e-07 22426413.36423768 1640
16.5 2.978221293062103e-09 4.902896367115629e-07 21247280.85011921 1056
17.25 1.959656923388113e-09 3.005625449873602e-07 20808556.90530797 683
18 9.307842119547284e-10 1.688805919124815e-07 19618825.45692663 350
18.75 5.419883720681773e-10 1.040748481542396e-07 20688735.19601246 192
19.5 1.386168640898101e-10 2.433955639127632e-08 22227184.92206537 44
20.25 4.338734430400349e-11 7.52318412718918e-09 11971055.17293091 25


0.75 2.057642320107042e-11 3.207465171478091e-10 58046991.93054207 18
1.5 8.946883949852956e-11 2.570109760825849e-09 44700680.44512629 62
2.25 1.578154511157639e-10 6.741290050679658e-09 39321411.98023513 98
3 5.259870575371453e-10 1.45640847463745e-08 39639442.65391441 210
3.75 1.070915533210433e-09 3.501071935137678e-08 41905546.30728821 350
4.5 1.283927793651407e-09 6.133941378322129e-08 37933953.56158206 450
5.25 1.61801165052138e-09 7.853631181203949e-08 31452381.18069001 602
6 2.10195214922524e-09 1.213439258425912e-07 30641057.59948518 762
6.75 3.291608001005613e-09 2.191941907301508e-07 30594498.09361728 1142
7.5 3.58549957101047e-09 2.755701438096717e-07 29443728.99201711 1250
8.25 4.554882902809832e-09 3.560952610057165e-07 29972608.15973103 1458
9 4.980548826511319e-09 4.528359717954441e-07 25918713.0801931 1814
9.75 6.120771263765348e-09 5.862185059344291e-07 25477520.43021753 2178
10.5 7.072739503028559e-09 7.066146501158247e-07 24723421.88974915 2498
11.25 8.170800021013848e-09 8.589960315767476e-07 26378983.72403133 2622
12 9.382348099896426e-09 1.059347458710854e-06 24369622.13723995 3191
12.75 8.729321148701688e-09 1.083932252465427e-06 23514241.56114259 3044
13.5 8.407430420680262e-09 1.059354178235157e-06 24469497.57374492 2736
14.25 6.402995985062949e-09 9.430521282804335e-07 22601189.31243834 2276
15 5.58311162663769e-09 8.690540022252464e-07 21907981.24786382 2016
15.75 4.447377161091276e-09 7.213607653008745e-07 21101819.48533871 1640
16.5 2.882939223815139e-09 4.867995197709323e-07 20922487.73364189 1056
17.25 1.807334769834805e-09 3.394003834206498e-07 20323042.04229138 683
18 7.832521040982904e-10 1.78674205456471e-07 17661784.65204133 350
18.75 5.380836871723629e-10 9.912736799458529e-08 20579058.89944094 192
19.5 1.584472746897049e-10 2.682451528862848e-08 25507386.27733736 44
20.25 8.774683578955145e-11 1.025185357551418e-08 22997318.18182897 25


0.75 2.23439785085524e-11 3.04299539749762e-10 62011013.65305418 18
1.5 1.151283940853991e-10 3.094993695690437e-09 56936704.62900771 62
2.25 1.684337365481229e-10 5.916435753035008e-09 39200760.14212639 98
3 4.576234676627094e-10 1.5276664744745e-08 37145409.26096722 210
3.75 8.871759023868084e-10 3.569021406471854e-08 37688680.91815671 350
4.5 1.38120889313396e-09 4.760841871883917e-08 37126627.46281742 450
5.25 1.550973957618353e-09 8.432719146966985e-08 31744829.94948028 602
6 2.152165242366243e-09 1.229123343590509e-07 31631378.00572738 762
6.75 3.15781964224284e-09 2.350953895778043e-07 30893159.58383083 1142
7.5 3.508843794094564e-09 2.532307594392237e-07 28542997.03154436 1250
8.25 4.095245134829185e-09 3.311685843599416e-07 27558833.32079162 1458
9 5.265749234508354e-09 4.768703622014403e-07 27683356.51062797 1814
9.75 6.387260813690058e-09 5.967655885292464e-07 26690455.5794813 2178
10.5 7.277201057087523e-09 7.394458540765645e-07 25857310.33752656 2498
11.25 7.260588389219988e-09 8.209962336081473e-07 24207991.8038253 2622
12 9.676707197958985e-09 1.065406614771926e-06 25248128.31098876 3191
12.75 8.770799650097175e-09 1.087318417538819e-06 23882958.57180548 3044
13.5 7.578979271365237e-09 1.043777538311916e-06 22833269.40527571 2736
14.25 6.290423590864043e-09 8.455231527984178e-07 21932137.70294162 2276
15 5.431269439044091e-09 8.583246253843313e-07 21635894.96227254 2016
15.75 4.518396497105063e-09 6.955417639311335e-07 21402347.53206941 1640
16.5 3.016298237640989e-09 4.582242745270577e-07 21597769.31861872 1056
17.25 1.706584334945949e-09 3.148883645561519e-07 19319938.66602769 683
18 8.067226007541788e-10 1.599037065867959e-07 17745495.00516235 350
18.75 4.34966306922894e-10 8.618277437920892e-08 17092896.76534931 192
19.5 1.243996979971542e-10 1.962052269017823e-08 19984908.97695984 44
20.25 7.362168188090862e-11 2.079246796337403e-08 23183674.60368481 25


0.75 1.02242425505703e-11 4.193843158946395e-10 41439783.54643062 18
1.5 9.622383587881142e-11 2.8140820012295e-09 49570435.64887851 62
2.25 1.822880605560313e-10 6.452889888626762e-09 43025198.95708826 98
3 4.393199440914553e-10 1.857183430943397e-08 39382144.00838289 210
3.75 8.351924995237359e-10 3.445849526777863e-08 36199361.44480531 350
4.5 1.163654244012901e-09 5.624656379970302e-08 35329106.13715161 450
5.25 1.633348740973321e-09 8.349456655418647e-08 33068324.6738023 602
6 2.313919311135522e-09 1.219558804675172e-07 33479653.68048567 762
6.75 2.89929309314071e-09 1.91822251102939e-07 27502101.099511 1142
7.5 3.601600803525939e-09 2.656045418712301e-07 29828279.69608792 1250
8.25 4.086632553389935e-09 3.36273644555695e-07 27957941.55381387 1458
9 4.794935488980332e-09 4.602980375416328e-07 25973247.64597826 1814
9.75 6.086970283366241e-09 5.95125789004206e-07 26071362.29037448 2178
10.5 7.156614240014245e-09 7.296312408893162e-07 25729861.82029537 2498
11.25 7.538979970244342e-09 8.410259655500389e-07 25308022.0496282 2622
12 9.08884835835907e-09 1.086253819429795e-06 24518119.73543913 3191
12.75 8.713203991809759e-09 1.035803165855136e-06 23716936.55888621 3044
13.5 7.408386382855045e-09 1.031875038697491e-06 22629557.40985923 2736
14.25 6.229232536046961e-09 8.722026910264078e-07 22180288.99722032 2276
15 5.555465533010219e-09 8.373582931604486e-07 22098479.5100381 2016
15.75 4.742819692093643e-09 7.368211616374875e-07 22757818.13565531 1640
16.5 2.932818456934747e-09 4.741153248556218e-07 21529516.4912106 1056
17.25 2.097949057120377e-09 3.433667148201425e-07 23346707.70451421 683
18 1.021861001449313e-09 1.635812585477144e-07 21664645.26903742 350
18.75 5.300969565511973e-10 1.014002120980801e-07 20889798.11454015 192
19.5 1.846021121220398e-10 2.858562816429904e-08 29877714.09162413 44
20.25 5.483373571934308e-11 1.987709257614559e-08 18789902.58441973 25


0.75 1.253009552618148e-11 2.649405079225313e-10 39846055.75936814 18
1.5 1.112463635949687e-10 2.432066699891627e-09 52575361.23838262 62
2.25 1.843024533349558e-10 7.170876397297487e-09 45623216.0554691 98
3 5.890569063348663e-10 1.946632837404487e-08 48661380.38920055 210
3.75 8.34590279654723e-10 3.643347174934087e-08 37312162.00081598 350
4.5 1.204000335443658e-09 5.705103268506011e-08 36661635.25313997 450
5.25 1.589043921108283e-09 8.561069280002682e-08 33108229.20801847 602
6 2.091814506352354e-09 1.169803129070813e-07 31178033.18469735 762
6.75 3.255036452147825e-09 2.11198815100884e-07 30990441.34913386 1142
7.5 3.492307793346112e-09 2.495232041119917e-07 28919916.82319532 1250
8.25 3.893813587567038e-09 3.528863487332228e-07 27809803.32276538 1458
9 5.192495506536984e-09 4.606789553898553e-07 27699029.37131073 1814
9.75 6.004914118541189e-09 5.606282850970723e-07 25623000.824618 2178
10.5 7.262996981248551e-09 6.86106520016097e-07 25813137.09633029 2498
11.25 7.339925676594847e-09 8.083095423481441e-07 24803902.86001144 2622
12 9.129434873037791e-09 1.071208597650448e-06 24756280.72097897 3191
12.75 8.549690460919426e-09 1.003893838836812e-06 23439520.33308842 3044
13.5 7.378665191614085e-09 1.062024648038626e-06 22982265.81722622 2736
14.25 6.096936172426223e-09 8.521882092039322e-07 21926816.29201951 2276
15 5.395655904129323e-09 8.181283867039122e-07 21720673.40350506 2016
15.75 4.492116816758234e-09 7.089151141245954e-07 21864408.36974362 1640
16.5 2.764452480274916e-09 4.484656411707338e-07 20523568.31459394 1056
17.25 1.902167990286674e-09 2.990966253890064e-07 21203831.65096414 683
18 9.837950339771986e-10 1.550877168602356e-07 21011119.23273625 350
18.75 4.576884580726333e-10 1.168190916414911e-07 19574669.39698196 192
19.5 9.708896501554606e-11 1.475524635311453e-08 15827152.9826575 44
20.25 3.202055975094673e-11 1.783070533359149e-08 13003498.96068187 25


0.75 8.834168990938798e-12 3.847166158804385e-10 37594723.14973763 18
1.5 8.768798277451948e-11 2.252063741138435e-09 44051179.99927326 62
2.25 1.545186911403198e-10 5.684414643714626e-09 37784957.65326347 98
3 5.104759142760826e-10 1.579540734217141e-08 41667405.48674628 210
3.75 8.874337412581864e-10 3.519210550977295e-08 38703229.40088439 350
4.5 1.211217092534042e-09 5.37682482371352e-08 36413689.95660836 450
5.25 1.599794345807275e-09 8.540220626826681e-08 33568945.10024329 602
6 2.129161158878649e-09 1.330321243791843e-07 33327784.19803827 762
6.75 2.981022603396139e-09 2.114019505006367e-07 29573307.99339429 1142
7.5 3.532383841260656e-09 2.297960908979681e-07 28696248.13019403 1250
8.25 4.136708080902542e-09 3.055973934599495e-07 27924342.40324406 1458
9 5.05560967156824e-09 4.424690598721037e-07 27134173.76700021 1814
9.75 5.947140273927778e-09 5.901990964791716e-07 26129035.37565533 2178
10.5 6.86288999788536e-09 7.134815605135484e-07 25338565.07044354 2498
11.25 7.510064665297588e-09 8.495168020814883e-07 25845950.57903083 2622
12 8.732976662752195e-09 1.040928143496335e-06 24035691.26629976 3191
12.75 8.971549278811907e-09 1.048227498236756e-06 24822322.81370831 3044
13.5 7.293579280369281e-09 9.583989847266019e-07 22397371.57673741 2736
14.25 5.88789350705153e-09 9.17809655024751e-07 22027480.98494535 2276
15 5.416337316704117e-09 7.771100427065278e-07 21732191.09977797 2016
15.75 4.160037880905193e-09 6.940245705706741e-07 20747088.07269086 1640
16.5 2.684481043088688e-09 4.697555515306858e-07 20510875.44240443 1056
17.25 1.872743241741983e-09 3.0000097811266e-07 21180544.21296208 683
18 8.082881578532233e-10 1.673496541792178e-07 18548909.64102803 350
18.75 5.000779441441645e-10 1.111592376786986e-07 20845402.31035194 192
19.5 8.520852655491348e-11 2.438765617200297e-08 16195714.17381074 44
20.25 5.280333444264223e-11 1.622966977089371e-08 17572366.64109357 25


0.75 1.333340271165426e-11 3.596500150829086e-10 46923338.13979458 18
1.5 9.127569033420338e-11 1.844367987899657e-09 43006725.44306473 62
2.25 1.299144871260631e-10 4.199898970017502e-09 30548151.66728798 98
3 4.962906868366644e-10 1.76135383097479e-08 42908700.89070931 210
3.75 7.307381215051536e-10 3.449442564009075e-08 34370147.43562542 350
4.5 1.096509656357557e-09 5.632812089717993e-08 35119252.56734159 450
5.25 1.598067874615191e-09 8.100494123524023e-08 33266729.8309543 602
6 1.988542800241145e-09 1.118063496364615e-07 30309759.12756332 762
6.75 2.991929351929386e-09 2.13129495094815e-07 30036191.76167748 1142
7.5 3.368907662646888e-09 2.446060087788279e-07 28630632.82062582 1250
8.25 3.974637165066979e-09 3.055747267538822e-07 27443912.12691842 1458
9 5.262578703802703e-09 4.601188876105194e-07 28528488.33385912 1814
9.75 6.001461953485818e-09 5.603181917561338e-07 26144795.69635508 2178
10.5 6.918535822433916e-09 7.403780561575821e-07 26035805.91236487 2498
11.25 7.280244922999323e-09 7.616672038386307e-07 24756254.64660497 2622
12 8.866545981942558e-09 1.027076244452999e-06 24460485.97753176 3191
12.75 8.280155403998835e-09 1.004466457038916e-06 23376478.95772342 3044
13.5 7.334837227209551e-09 1.029471766388617e-06 23164135.26576326 2736
14.25 5.906673558388584e-09 8.324017112472375e-07 21735003.83068167 2276
15 5.280791403376961e-09 7.773271855325096e-07 21544600.03793515 2016
15.75 4.541950226561802e-09 6.911246545354237e-07 22374511.8337631 1640
16.5 2.736863552474856e-09 4.287987804253189e-07 20580011.65162035 1056
17.25 1.94029062374174e-09 3.099899193854551e-07 22160648.71076314 683
18 9.567386859243706e-10 1.632751423229148e-07 21211659.94366921 350
18.75 5.060188614206736e-10 9.490197580407255e-08 20486446.72621002 192
19.5 1.432451564004883e-10 2.611581263895573e-08 24672157.09515522 44
20.25 7.088333375994825e-11 1.310038062510265e-08 21105086.90362573 25


0.75 9.594629737215452e-12 5.841704966101741e-10 49625916.24488758 18
1.5 6.864106439728093e-11 2.077225642577336e-09 37277986.67073154 62
2.25 1.721884951028421e-10 4.697264511692024e-09 38552211.60972451 98
3 4.894103500218349e-10 1.957386175009595e-08 44708783.04928017 210
3.75 8.719633242864389e-10 3.611343734182105e-08 39416585.50659591 350
4.5 1.111802642201181e-09 4.63039303626024e-08 33377827.43364473 450
5.25 1.570102366811754e-09 8.793807945025495e-08 34215279.23247954 602
6 1.957892575467762e-09 1.28982826484207e-07 31895125.25636692 762
6.75 3.227302241697032e-09 2.042439715383693e-07 31425827.72043575 1142
7.5 3.523010949727435e-09 2.373455958688742e-07 29528995.37487184 1250
8.25 3.934953195841046e-09 3.240365311511141e-07 28061137.76616257 1458
9 4.917802749222107e-09 4.226911385394189e-07 26790688.83683978 1814
9.75 5.809881837924924e-09 5.547819753113393e-07 25746822.03652862 2178
10.5 6.801665898752848e-09 6.609603248176556e-07 25134324.35631499 2498
11.25 7.566387363261637e-09 7.925053635794235e-07 26003102.83911065 2622
12 8.942745703174907e-09 1.044301740891134e-06 24981841.9035879 3191
12.75 8.360447585196546e-09 9.997318088089782e-07 23756846.38211438 3044
13.5 7.535963235421537e-09 9.692642510296978e-07 23493691.06635617 2736
14.25 6.268028785086772e-09 8.777943523963007e-07 23266113.22334134 2276
15 5.230385073299718e-09 7.647673522376548e-07 21524360.61279037 2016
15.75 4.335562444357331e-09 6.421713613150091e-07 21442462.24452373 1640
16.5 2.708093054043198e-09 4.348937992841547e-07 20692335.77610466 1056
17.25 1.641412132892702e-09 3.123075727177827e-07 19729220.10359955 683
18 8.20830645314232e-10 1.724846034447822e-07 19303025.41499657 350
18.75 5.894925681384237e-10 7.729685287533641e-08 22532320.95511369 192
19.5 8.89784717645445e-11 2.379277714789528e-08 16944628.14713863 44
20.25 9.431245150125687e-11 1.167454557566485e-08 26544643.00485972 25


0.75 2.052214811837105e-11 2.478439490679899e-10 58800308.25741647 18
1.5 7.276619324850814e-11 2.582196324986702e-09 42468123.05949657 62
2.25 1.947889651337471e-10 6.09136157930123e-09 46135190.10013252 98
3 4.984952950738295e-10 1.856231818271702e-08 44732514.64341079 210
3.75 8.49846513788201e-10 3.480249407661207e-08 38626019.05526689 350
4.5 1.150352360744352e-09 5.640046267235598e-08 36929023.8857915 450
5.25 1.587164791171898e-09 7.323920346112128e-08 32652135.86922135 602
6 2.172747529995532e-09 1.218546871923992e-07 33753292.13714793 762
6.75 3.006540122282248e-09 2.072184663511192e-07 30437011.11887597 1142
7.5 3.317765042212704e-09 2.536094247338933e-07 29269108.46599184 1250
8.25 3.87516161755986e-09 3.208817598905899e-07 27960701.03094876 1458
9 4.672943676462909e-09 4.292841433261793e-07 26261197.0346441 1814
9.75 5.792394698458216e-09 5.158836905779489e-07 25390667.46375831 2178
10.5 6.690237076493325e-09 6.979788760606508e-07 25495150.0803071 2498
11.25 7.220469679380432e-09 7.855978427318581e-07 25334376.81428601 2622
12 8.850916085409368e-09 9.801153933004773e-07 24613622.53300656 3191
12.75 8.242668406399665e-09 9.740445830528427e-07 23585256.06178417 3044
13.5 7.227849719080054e-09 9.556838282201797e-07 22925475.71705785 2736
14.25 6.180258378959818e-09 8.792616624355148e-07 23267266.62773022 2276
15 5.155360046226035e-09 7.91348653414998e-07 21695191.11950117 2016
15.75 4.659014205868021e-09 6.553651638668834e-07 23002895.70871371 1640
16.5 2.827175172847259e-09 4.470095536777811e-07 21743762.83425722 1056
17.25 1.628102545324072e-09 3.101791387872595e-07 19775466.83803858 683
18 8.732369786547142e-10 1.618737676448058e-07 20127968.91888984 350
18.75 5.124312737884125e-10 1.153336851276724e-07 22099852.31607458 192
19.5 1.153670168212536e-10 2.005674286071717e-08 20092072.1917434 44
20.25 6.728918812977844e-11 1.377638170458901e-08 20880784.86189826 25


0.75 1.359424095769443e-11 4.799346403176386e-10 54848808.05149318 18
1.5 7.500059704235943e-11 1.965883073936364e-09 39522354.70243898 62
2.25 1.83157821899403e-10 4.815876887880535e-09 41383650.1517358 98
3 4.055730791936446e-10 1.546867885795825e-08 37147223.15830507 210
3.75 9.487370342506855e-10 3.066376229282552e-08 40282940.67119257 350
4.5 1.059888208381171e-09 5.384929079051473e-08 34869514.93793245 450
5.25 1.609207452997302e-09 7.703235970028018e-08 33890357.85078166 602
6 1.912797198880138e-09 1.144672918840907e-07 30726633.08927225 762
6.75 2.883680947365242e-09 1.930633382080196e-07 29219897.50330437 1142
7.5 3.403073109438886e-09 2.390009069412563e-07 29511015.52440074 1250
8.25 3.96585910772459e-09 3.257891012594846e-07 28852710.50100855 1458
9 4.524599542118117e-09 4.318580698857244e-07 26029931.72301275 1814
9.75 5.858085119412898e-09 5.622202719632701e-07 26546468.2296204 2178
10.5 6.389962296318314e-09 6.87387825948524e-07 24844201.98256952 2498
11.25 7.169455775680299e-09 7.466388438432201e-07 25115782.94498693 2622
12 8.569497434497083e-09 9.810318293917554e-07 24306786.28663738 3191
12.75 8.342700893160187e-09 1.014189596157144e-06 24309099.48307911 3044
13.5 7.374262901682498e-09 9.632119344276276e-07 23565265.70685157 2736
14.25 5.843491400617773e-09 8.349167783607042e-07 22259354.42234949 2276
15 5.039601043319595e-09 7.808348065891803e-07 21485886.53882277 2016
15.75 4.1476618194563e-09 6.757688271693489e-07 21431212.68174846 1640
16.5 2.60878269726633e-09 4.613899075282583e-07 20830654.39677699 1056
17.25 1.604171151006513e-09 3.274202075245294e-07 20041554.75750699 683
18 8.335520300143806e-10 1.554563473136169e-07 19443947.4723286 350
18.75 4.999325064208095e-10 8.523829286413002e-08 20464447.14313831 192
19.5 1.162306117913185e-10 2.283063626549296e-08 20973488.87789159 44
20.25 8.299625527576364e-11 1.276672268006851e-08 24656258.17420281 25


0.75 1.105244370830521e-11 2.685560028992442e-10 39068228.03466853 18
1.5 1.02217688865174e-10 2.708065581022018e-09 54611640.73546346 62
2.25 2.075166469217447e-10 5.197971693827974e-09 46647242.54377682 98
3 5.317835645278366e-10 1.310232545870745e-08 42602702.18068507 210
3.75 8.232655037281142e-10 3.099116712129741e-08 37114102.40983488 350
4.5 1.175113401417064e-09 5.203558000295594e-08 37158153.92031588 450
5.25 1.683750926695759e-09 8.357326700074201e-08 36261330.01062726 602
6 2.09541716812319e-09 1.240872514492169e-07 33880063.91166596 762
6.75 2.685539349057844e-09 1.909106504041829e-07 28074310.91663699 1142
7.5 3.316120201051431e-09 2.243833981562527e-07 28709482.91897197 1250
8.25 3.914905184054018e-09 2.9632716529213e-07 28032222.01631758 1458
9 4.534036729063727e-09 4.323544859825362e-07 26343563.21206107 1814
9.75 5.906404794148048e-09 5.266246020969553e-07 26449824.71626034 2178
10.5 6.291439983523889e-09 6.723860040608385e-07 24662749.75124938 2498
11.25 6.84269024525228e-09 7.057795034760183e-07 24152624.86405627 2622
12 8.759189314290108e-09 9.660572713244446e-07 24847247.92277128 3191
12.75 7.946909054744787e-09 1.040975336836079e-06 23876077.73094423 3044
13.5 7.281945804662411e-09 9.096510317985043e-07 23241929.93326596 2736
14.25 5.956064670630403e-09 8.215927242002963e-07 22715371.97070823 2276
15 5.06260817493059e-09 7.296284942735165e-07 21412496.79483927 2016
15.75 4.474666220583256e-09 6.683664542233735e-07 22870761.36657547 1640
16.5 2.697628849389565e-09 4.487321074976032e-07 21437347.92184709 1056
17.25 1.735922678882718e-09 3.321921510677911e-07 21551589.91140149 683
18 8.094987000186322e-10 1.605548730637443e-07 19356235.80645321 350
18.75 5.232281406800401e-10 8.216857302815793e-08 21292690.96426737 192
19.5 8.449254683027535e-11 1.764845519104323e-08 15612059.7651051 44
20.25 3.19903201213067e-11 1.305055556205988e-08 12265006.7667231 25


0.75 8.466261069829008e-12 2.624150930607476e-10 33048784.17758033 18
1.5 7.417230738317191e-11 1.808538366969357e-09 38930296.16909468 62
2.25 2.229413361143916e-10 4.993057956390352e-09 48952505.09858401 98
3 4.472107634195035e-10 1.474248465863295e-08 39644326.46680047 210
3.75 8.327092718686633e-10 3.883164037769203e-08 41027582.13881565 350
4.5 1.245832816628562e-09 5.068234398028053e-08 38668529.41296789 450
5.25 1.543381022996306e-09 8.983909683813328e-08 35551910.41419075 602
6 2.090136517691429e-09 1.177674338334828e-07 33558019.25211888 762
6.75 2.840805311470057e-09 1.87779275614542e-07 29247015.63538895 1142
7.5 3.193898960491142e-09 2.384587606133417e-07 28838754.15399537 1250
8.25 3.952463742526764e-09 3.137133237400876e-07 29019236.40828361 1458
9 4.723528193722379e-09 4.099758710484764e-07 26893351.99099636 1814
9.75 5.155844115840856e-09 5.260253538627888e-07 24306195.67166006 2178
10.5 6.600778404212685e-09 6.444707598257831e-07 25449455.7783109 2498
11.25 6.989641131928022e-09 7.343971727881032e-07 25050373.55637094 2622
12 8.163487715356848e-09 9.792293064569964e-07 23941563.6859335 3191
12.75 8.111668023963062e-09 9.689076406056884e-07 24009599.20139018 3044
13.5 7.20706359769625e-09 9.417369049767393e-07 23506738.59908832 2736
14.25 5.41703768777353e-09 7.9334971973482e-07 21196219.14999166 2276
15 5.237153858929667e-09 7.754208765191102e-07 22526140.23913363 2016
15.75 4.176201800764455e-09 6.580124789809252e-07 21840789.80096038 1640
16.5 2.725190642697927e-09 4.445326682614383e-07 21775811.32075927 1056
17.25 1.790027870802718e-09 2.68483115763645e-07 21235901.05637628 683
18 8.347279118208965e-10 1.635355457400494e-07 20103456.43608254 350
18.75 5.104036162971199e-10 8.462665264614703e-08 21204225.58655215 192
19.5 1.044954276337547e-10 2.406020674101199e-08 19954102.03415121 44
20.25 6.296666777448128e-11 6.300460214836994e-09 17971109.33286623 25


0.75 6.654758387812622e-12 1.61615848084037e-10 23987349.7947885 18
1.5 7.463151322769909e-11 1.609624187412414e-09 38072396.87872165 62
2.25 2.037355703725644e-10 5.968064918979261e-09 49163274.25515206 98
3 4.377909497638331e-10 1.548560451459785e-08 40184526.0624444 210
3.75 7.161406199211057e-10 3.583262943083263e-08 36662220.99784875 350
4.5 1.150595726468863e-09 4.243779792474757e-08 34962230.23150675 450
5.25 1.653582162591843e-09 7.526582050365991e-08 35301894.30893166 602
6 1.969919026427265e-09 1.219904001887598e-07 33014873.27560849 762
6.75 2.804371901519111e-09 1.727183812856743e-07 28483216.37389625 1142
7.5 3.059918144595509e-09 2.361686925219546e-07 28222952.97366174 1250
8.25 3.979127238601577e-09 2.995985091630774e-07 29022816.82116351 1458
9 4.585476174201541e-09 4.132517477209211e-07 26686765.49683575 1814
9.75 5.670857662597125e-09 5.20955740457905e-07 26140870.70980063 2178
10.5 6.606511845766777e-09 6.805801646280341e-07 26134220.92764889 2498
11.25 7.087034439937609e-09 7.645793197216381e-07 25847515.17383109 2622
12 8.512154249152298e-09 9.609199505018422e-07 24793809.96569207 3191
12.75 7.788074409485881e-09 1.010445098106506e-06 23812200.26398152 3044
13.5 7.023635694768303e-09 9.571430677508066e-07 23398852.16321436 2736
14.25 5.721110755375561e-09 8.099071312537424e-07 22412651.0705602 2276
15 4.930433272250745e-09 7.031722911628283e-07 21224901.89589232 2016
15.75 4.04754540759266e-09 6.350057612711837e-07 21359871.34200617 1640
16.5 2.668558197791054e-09 4.15855290782924e-07 21312673.63715368 1056
17.25 1.677416577339632e-09 2.791411609535284e-07 20557702.8174197 683
18 7.823250039262116e-10 1.558774925069572e-07 19110227.1625315 350
18.75 5.350180877290287e-10 1.000320004529894e-07 23019069.88187981 192
19.5 8.993176068912876e-11 2.746071581916338e-08 18718188.37873176 44
20.25 7.542015237555076e-11 8.114405336626743e-09 21933056.4390614 25


0.75 1.494371159003651e-11 1.990166133105877e-10 46053176.4705848 18
1.5 8.99517378376351e-11 2.4106693136517e-09 49684037.41761063 62
2.25 1.660327129511346e-10 5.012487785546345e-09 40880450.46206908 98
3 4.563074197435447e-10 1.555343300299148e-08 41736591.63071483 210
3.75 8.650921891563622e-10 3.287917652830449e-08 40306373.94642735 350
4.5 1.11380660574351e-09 4.9250160589595e-08 36265936.53314652 450
5.25 1.528962529951832e-09 6.711080482054239e-08 32585392.4421927 602
6 2.010012694392254e-09 1.153083445981047e-07 33120850.79310882 762
6.75 2.781247114751336e-09 1.853461097118206e-07 29291135.84296498 1142
7.5 3.267347379929258e-09 2.447017922809568e-07 30127705.62333271 1250
8.25 3.750001448656315e-09 2.931516792130232e-07 27951904.88960137 1458
9 4.571878471603282e-09 4.020408154996276e-07 26664557.82324906 1814
9.75 5.438092788708484e-09 5.256799406523207e-07 25714019.21470962 2178
10.5 6.563371703289889e-09 6.747549919744053e-07 26208048.53998283 2498
11.25 6.905217120088052e-09 7.133761303123903e-07 25130129.97079847 2622
12 8.313957442450254e-09 9.322768201820917e-07 24415108.95823138 3191
12.75 7.791988429012421e-09 9.502623434565303e-07 23660242.16296627 3044
13.5 6.625324860223697e-09 8.963255542074711e-07 22250414.13123731 2736
14.25 5.720261074663459e-09 8.144378976905414e-07 22668309.09023079 2276
15 4.812747647394051e-09 7.43356036263531e-07 21348371.63886041 2016
15.75 4.129732071558857e-09 6.501437887636301e-07 22031604.13688825 1640
16.5 2.302933132148761e-09 4.457567253103311e-07 19601111.2154974 1056
17.25 1.592183359757319e-09 3.048731199944928e-07 20377603.37951453 683
18 9.050928596073858e-10 1.679711297972023e-07 21960418.09088296 350
18.75 4.979105193749686e-10 9.543692030065143e-08 21756957.02154523 192
19.5 1.357360311405821e-10 1.772542460641719e-08 23673013.21883398 44
20.25 6.353278561099314e-11 1.380503901853933e-08 21016795.89514321 25


0.75 1.452310224856314e-11 4.297164883984967e-10 57410250.46991971 18
1.5 6.277008275377157e-11 2.670024437195841e-09 42154770.02651686 62
2.25 1.991113666048543e-10 5.436197831783027e-09 47915420.01220804 98
3 3.936566480505402e-10 1.266856200192929e-08 35688836.81395114 210
3.75 8.708868090147692e-10 3.153551279283909e-08 40354927.41234916 350
4.5 1.022438759938492e-09 5.074961951560876e-08 35079566.23491636 450
5.25 1.479308417714168e-09 6.872837671729931e-08 32455568.03185899 602
6 1.898708562805137e-09 1.143310191474306e-07 32158591.18814574 762
6.75 2.97438166574552e-09 1.854372048003283e-07 30959174.01659636 1142
7.5 2.928479843048803e-09 2.472326138332408e-07 28455273.72749076 1250
8.25 3.658993195635848e-09 2.992557063662875e-07 27965304.43196189 1458
9 4.397422846919077e-09 3.780483490363781e-07 25733640.55072379 1814
9.75 5.654574909228392e-09 5.007876426803125e-07 26318027.76741632 2178
10.5 6.50975360461185e-09 6.331139863001432e-07 25844722.34654884 2498
11.25 6.925982947696858e-09 7.624318643133267e-07 25929101.30464165 2622
12 8.694404145987564e-09 9.555800777730807e-07 25659473.29544908 3191
12.75 7.548979861199651e-09 9.616721790598156e-07 23435821.27738505 3044
13.5 6.566214178525502e-09 9.394981496589288e-07 22623323.43887973 2736
14.25 5.704353478500157e-09 7.709191290713306e-07 22538522.04250441 2276
15 4.962048720724753e-09 7.82198103315202e-07 22355812.28996312 2016
15.75 3.965265202470612e-09 6.54473953951635e-07 21625270.98765747 1640
16.5 2.490387104017141e-09 4.190446833119845e-07 20665193.65163542 1056
17.25 1.739410579783328e-09 3.194298469277525e-07 22260299.38466257 683
18 8.557770594268433e-10 1.549978575189812e-07 20861184.59398424 350
18.75 4.074162373531586e-10 8.108022394278608e-08 18138020.09638634 192
19.5 1.685200191330165e-10 1.59796278260262e-08 28445175.34955226 44
20.25 2.576464680850539e-11 9.632142534290645e-09 9986333.013870429 25


0.75 8.992267856820434e-12 3.589310489364855e-10 40716324.54490291 18
1.5 6.210416281045281e-11 2.619787412373056e-09 41990216.2741262 62
2.25 1.431810712559437e-10 4.985545924430629e-09 37990727.2073855 98
3 4.851311849450444e-10 1.570545561017679e-08 44576623.74697366 210
3.75 7.284302706861446e-10 3.679004324420914e-08 38619450.61227935 350
4.5 9.360714982419561e-10 5.223464971030035e-08 33964348.9441326 450
5.25 1.491698793225332e-09 7.997780616555144e-08 34744171.64744168 602
6 1.872596921142957e-09 1.097555572983474e-07 31758367.15074276 762
6.75 2.620441488280208e-09 1.937173537092293e-07 29241343.52095383 1142
7.5 3.16198418173165e-09 2.358765061082752e-07 29738967.7213649 1250
8.25 3.404175534652785e-09 2.740271222192344e-07 26158755.97387455 1458
9 4.244767243008422e-09 3.98609560605784e-07 25821844.9203976 1814
9.75 5.563763057937985e-09 5.427366022682655e-07 26939429.07541014 2178
10.5 6.541397057950559e-09 6.203584799468863e-07 26057827.13214222 2498
11.25 6.682261617865974e-09 7.081351549195229e-07 25006924.77765835 2622
12 8.015819857757947e-09 9.289539504035425e-07 24251448.05958907 3191
12.75 8.134315840621697e-09 9.835546353771521e-07 25159371.74080234 3044
13.5 6.609366669773791e-09 8.768420592962222e-07 22542606.00015302 2736
14.25 5.609724715362839e-09 7.932460366513351e-07 22653117.16022452 2276
15 4.884400544614074e-09 7.712580208169794e-07 22243240.01919688 2016
15.75 4.094881661527882e-09 6.09797665742036e-07 22004611.54380158 1640
16.5 2.470469262229666e-09 4.324291534384845e-07 20912338.28541938 1056
17.25 1.705248947460022e-09 2.747907038471066e-07 21393437.320197 683
18 7.742020519263127e-10 1.651024295127502e-07 19828755.10532504 350
18.75 4.552086979706015e-10 7.697486633064446e-08 19771848.39388774 192
19.5 1.495777482881195e-10 1.406194930353392e-08 25483632.96427334 44
20.25 8.764878775529793e-11 1.780119073307204e-08 29162749.17546845 25


0.75 9.011439707940778e-12 5.145407707165905e-10 49258908.35864002 18
1.5 8.828267707455798e-11 2.143494597491904e-09 48723258.70001759 62
2.25 1.449665825706931e-10 5.395655017050146e-09 39848074.78874868 98
3 4.55496396872351e-10 1.945501365940562e-08 46823801.67598952 210
3.75 8.794737295484083e-10 2.873208481328005e-08 40237402.05560684 350
4.5 1.107680725541267e-09 4.438943393720368e-08 36004144.88608954 450
5.25 1.461980337412576e-09 7.92357790465301e-08 34509036.51803568 602
6 1.783682202084226e-09 1.152205046436262e-07 31617777.8946063 762
6.75 2.746874790703342e-09 1.932456119607751e-07 30401011.51618492 1142
7.5 3.073845914306446e-09 2.277332195550534e-07 29121313.51648986 1250
8.25 4.004406879250509e-09 2.818144439867364e-07 29805841.71773123 1458
9 4.288784126387189e-09 3.994624929956451e-07 26271936.88742585 1814
9.75 5.048820321753614e-09 5.111326619826395e-07 24973223.94276796 2178
10.5 6.007824607538761e-09 6.207599681353887e-07 24770038.17248287 2498
11.25 6.73025580425329e-09 7.259525084498229e-07 25558847.74236793 2622
12 8.105942289066358e-09 9.414903839371727e-07 24778362.81979118 3191
12.75 7.423310041768041e-09 9.733795681510218e-07 23702898.90844634 3044
13.5 6.705856493031513e-09 9.006665715910077e-07 23170791.28331298 2736
14.25 5.576391274159634e-09 7.867100936043745e-07 22725386.39173484 2276
15 4.502253809755107e-09 7.76970283470667e-07 21207565.30753218 2016
15.75 4.126336230969985e-09 6.2780801585567e-07 22504976.41204374 1640
16.5 2.546944587428069e-09 4.12495111795422e-07 21367496.05991584 1056
17.25 1.564248597502971e-09 2.598551618159806e-07 19951432.15969539 683
18 7.669670813834723e-10 1.646636633785232e-07 19871470.63136701 350
18.75 4.536285791945002e-10 9.311439309087478e-08 20751742.12032751 192
19.5 1.388956454609592e-10 1.372519545602147e-08 24036796.20119608 44
20.25 5.205269333375611e-11 2.063908112195702e-08 20992766.54853475 25


0.75 1.406076941083599e-11 1.332913855820409e-10 42358313.55468526 18
1.5 6.64704637960579e-11 1.973997385939433e-09 39679264.71696138 62
2.25 1.907386808061534e-10 5.637138547605906e-09 48567766.02980858 98
3 4.219783573879753e-10 1.270107498458359e-08 38546961.09425587 210
3.75 7.556046524601011e-10 3.25200990680787e-08 38345678.34509958 350
4.5 1.171035235431906e-09 4.362948075079162e-08 37545743.3242273 450
5.25 1.544175199370693e-09 7.735376411870858e-08 35793110.79793776 602
6 1.775741964814911e-09 1.088117428123808e-07 31177578.61348154 762
6.75 2.648697367411943e-09 1.910026355471412e-07 29859702.27500625 1142
7.5 3.00204357642048e-09 2.292577100380923e-07 29010510.91830289 1250
8.25 3.602061150767298e-09 2.694338887335347e-07 27570702.55225634 1458
9 4.718679056094616e-09 3.893393270408429e-07 28093089.41560913 1814
9.75 5.11193354967615e-09 5.009185606351959e-07 25270060.33553265 2178
10.5 6.251326677202474e-09 6.274450601104869e-07 25803002.5174742 2498
11.25 6.705959504415658e-09 7.12391044367955e-07 25603879.72637463 2622
12 7.924804436157074e-09 9.207869814338163e-07 24463335.16740692 3191
12.75 7.239353742675902e-09 9.51926898505999e-07 23359852.49697734 3044
13.5 6.601406317485164e-09 8.873045322843739e-07 23037463.43722136 2736
14.25 5.54246451713609e-09 7.555624544702792e-07 22610286.79044912 2276
15 4.724417710468037e-09 7.691114131312252e-07 22116685.54387852 2016
15.75 3.737394953174057e-09 6.412627967546499e-07 21209583.41347349 1640
16.5 2.40886234596627e-09 4.008584638213786e-07 20538782.07373632 1056
17.25 1.557263673625528e-09 2.941503378490503e-07 20674397.37696213 683
18 7.472303662807748e-10 1.559188450596521e-07 19409673.74542202 350
18.75 4.333431134433487e-10 7.851890165598772e-08 19469882.70770942 192
19.5 1.228121297602642e-10 1.61329296517935e-08 22314517.15597817 44
20.25 4.394090993970155e-11 1.175949958411304e-08 15905951.58573706 25


0.75 1.837609668025906e-11 3.018772890739977e-10 62677308.73765237 18
1.5 8.810633371231779e-11 2.247157475997576e-09 50348003.80668739 62
2.25 1.489597298471112e-10 4.339339853661212e-09 38107353.4757874 98
3 3.612551278350764e-10 1.388248001834092e-08 36318325.77325241 210
3.75 6.776050390877751e-10 3.227530820130935e-08 36109998.22062285 350
4.5 9.2351689603166e-10 5.36148207915132e-08 35048939.35543427 450
5.25 1.521068291090361e-09 7.959714617328802e-08 36146850.94341683 602
6 1.691504181603899e-09 1.00689658552828e-07 29684252.55007825 762
6.75 2.600169331185743e-09 1.687652993508165e-07 28534745.00818123 1142
7.5 2.909010209408424e-09 2.146967063930347e-07 28063139.84381949 1250
8.25 3.581814435141997e-09 2.804638027265182e-07 28083702.18658035 1458
9 4.253412214771987e-09 3.887288526157112e-07 26403162.2444518 1814
9.75 5.202526718900819e-09 4.953701675976071e-07 25741691.62847956 2178
10.5 6.269001568599969e-09 6.32372407762148e-07 26168751.35358807 2498
11.25 6.596976435318306e-09 7.313512386887255e-07 25747320.34170413 2622
12 7.629469227291207e-09 9.201424878719255e-07 24034572.9939477 3191
12.75 7.530492070161056e-09 9.347879938724913e-07 24151657.2103246 3044
13.5 6.710622826457785e-09 8.890789835764916e-07 23559266.4221088 2736
14.25 5.231186435017281e-09 7.434198457085191e-07 21780304.21662477 2276
15 4.587605208282174e-09 7.257638844349149e-07 21524138.58856364 2016
15.75 3.643391917480402e-09 6.454959995855712e-07 21057231.59792689 1640
16.5 2.553507771543577e-09 4.361100189944827e-07 22125046.70130628 1056
17.25 1.575802251389876e-09 2.88587971035859e-07 20967569.89490537 683
18 6.87323258798723e-10 1.330827016826718e-07 17703359.1541011 350
18.75 3.619796891686403e-10 9.30140355816333e-08 17880959.07193157 192
19.5 1.356369747114991e-10 2.17467981100625e-08 25734002.46755268 44
20.25 6.821530796849647e-11 1.268252981603044e-08 22958763.83054245 25


0.75 1.468042040007713e-11 3.104049561492329e-10 54353257.40244378 18
1.5 7.592106218183083e-11 1.788039323855899e-09 42739516.15446377 62
2.25 1.581703651459517e-10 4.437988689798098e-09 40383387.0718882 98
3 3.518212713124106e-10 1.661035393339355e-08 38839889.79916988 210
3.75 7.27312864286235e-10 2.926664744047781e-08 36743636.62725182 350
4.5 1.063417366773543e-09 4.555901401644267e-08 36395983.20514422 450
5.25 1.416562657077678e-09 6.522899407192813e-08 32573156.44130449 602
6 1.897548855984865e-09 1.018177189614826e-07 32481822.25616254 762
6.75 2.782805530068131e-09 1.911057355169779e-07 31452899.21997691 1142
7.5 3.01118225084728e-09 2.190324228563935e-07 29203860.48821836 1250
8.25 3.43658278765379e-09 3.035275833086582e-07 28323360.79048017 1458
9 4.278110754264773e-09 3.952890356686927e-07 26920769.17647469 1814
9.75 5.397031653048149e-09 5.127038616321414e-07 26955034.92088498 2178
10.5 6.162415414749902e-09 6.079142384966635e-07 25815939.56616104 2498
11.25 6.204984819959229e-09 7.162956576180107e-07 24753971.37565055 2622
12 7.800029363324342e-09 9.2394699538295e-07 24692801.47431973 3191
12.75 7.603649183744517e-09 8.841881297580755e-07 24210735.17075235 3044
13.5 6.688788083879772e-09 8.836348076433454e-07 23700252.98037226 2736
14.25 5.304307006111679e-09 7.102932841447891e-07 21972986.66520541 2276
15 4.619548865822366e-09 7.228741072469147e-07 21828418.12149186 2016
15.75 3.801327708097185e-09 6.027379029110625e-07 21567608.16256396 1640
16.5 2.550750614277327e-09 3.70479926202251e-07 21507737.40548211 1056
17.25 1.568751024616278e-09 2.697955578009623e-07 20771397.99563236 683
18 7.766616466099608e-10 1.522320908414316e-07 20262765.2906822 350
18.75 4.580195765434927e-10 9.181164518013306e-08 21461848.31500393 192
19.5 9.313040264783164e-11 1.444035633288148e-08 17738801.99217539 44
20.25 6.072699424114097e-11 1.790226144147956e-08 23011672.19241579 25


0.75 1.563309896686608e-11 2.615678422795568e-10 54846064.16293236 18
1.5 7.868815524256127e-11 2.702070342014015e-09 51225427.92515264 62
2.25 1.974096176241699e-10 4.743786352731707e-09 48543631.06511977 98
3 4.099315873638137e-10 1.440029127203769e-08 40722004.1571205 210
3.75 7.231272960964256e-10 3.143121112834649e-08 37978831.33205323 350
4.5 1.041926297390011e-09 4.523168343809784e-08 36203637.57712191 450
5.25 1.384443744810951e-09 7.637556057884285e-08 34228521.67422233 602
6 1.843897193870913e-09 1.001595609976566e-07 32024465.83463461 762
6.75 2.710740855774238e-09 2.003740325876046e-07 31778187.67693133 1142
7.5 2.969096993258188e-09 2.083663067378139e-07 28757125.15340488 1250
8.25 3.428156559879111e-09 2.97221174280291e-07 28363427.69304095 1458
9 4.235101976582197e-09 3.717111555025567e-07 26483915.04191413 1814
9.75 5.116504757357808e-09 4.916932337968657e-07 25906538.09492063 2178
10.5 5.993937709160922e-09 6.084103237578813e-07 25577774.57326262 2498
11.25 6.295740788592053e-09 6.65882604704242e-07 24738149.35042012 2622
12 7.896895812344363e-09 8.942319316163355e-07 24940139.61203002 3191
12.75 7.428486834116889e-09 9.237391977876615e-07 24319001.23937753 3044
13.5 6.664398270833233e-09 8.394607404208724e-07 23561427.03640341 2736
14.25 5.465785851236247e-09 7.116219401583675e-07 22713705.96149641 2276
15 4.459479295549925e-09 6.785811677494869e-07 21131428.04018636 2016
15.75 3.642758184730553e-09 5.36746418186778e-07 20513139.34940423 1640
16.5 2.286079944382717e-09 4.017987976093185e-07 20349578.89807006 1056
17.25 1.600547509340577e-09 2.431365052709242e-07 20829171.90571789 683
18 9.107075293850901e-10 1.442184124513303e-07 22894588.83629972 350
18.75 4.014373325459511e-10 7.315438983656407e-08 18602304.17900045 192
19.5 1.043863720557327e-10 2.106007367033821e-08 21152369.7007511 44
20.25 5.253801599871585e-11 9.969509062425455e-09 18109302.62963943 25


0.75 1.367577393490047e-11 2.32394777203465e-10 48327293.0531031 18
1.5 5.496566656881992e-11 2.012430406467432e-09 37007212.4632033 62
2.25 1.827464080645802e-10 6.11069655352872e-09 50518506.15788539 98
3 4.112076893423993e-10 1.281518970410369e-08 39445133.95020191 210
3.75 6.734995762591685e-10 3.444229112278063e-08 38015937.17008707 350
4.5 9.637485776120375e-10 4.227362282620601e-08 33850722.10693868 450
5.25 1.381327720833765e-09 7.519710062357083e-08 34254327.36124507 602
6 1.892850761523583e-09 1.044854823907232e-07 33305193.11349016 762
6.75 2.742216946209478e-09 1.79929026393748e-07 31079144.79198058 1142
7.5 3.114296843093718e-09 2.172454357208023e-07 30349976.4610412 1250
8.25 3.377723088433983e-09 2.730898527705122e-07 27535331.46437257 1458
9 4.459929170989345e-09 3.694556738954812e-07 27626857.07812575 1814
9.75 5.300587685089773e-09 4.94541935385021e-07 26825245.24173786 2178
10.5 5.970825308323463e-09 5.917585078278066e-07 25519940.76241138 2498
11.25 6.250449755280883e-09 7.113787921519546e-07 25302094.77127524 2622
12 7.688437184213916e-09 8.895185644321626e-07 24639305.06866415 3191
12.75 7.45769243381974e-09 8.796432135672522e-07 24286858.68129804 3044
13.5 6.263792589446256e-09 8.410124593469882e-07 22715124.16969058 2736
14.25 5.351812794587181e-09 7.444847570722838e-07 22810626.38593915 2276
15 4.468977731169664e-09 6.720333004655141e-07 21303279.14459826 2016
15.75 3.670719610380892e-09 5.787712318925357e-07 21196982.53175748 1640
16.5 2.303444887907572e-09 3.80943281217364e-07 20386193.05124659 1056
17.25 1.582534046324597e-09 2.699484542953375e-07 21316638.39958171 683
18 7.632902861187911e-10 1.554952095022387e-07 20489077.7614123 350
18.75 4.587367516532658e-10 9.88444147209614e-08 22287092.35754843 192
19.5 1.286845734730856e-10 2.600877136656581e-08 26326794.97720399 44
20.25 8.397350868743909e-11 8.488743551890205e-09 26490044.60611598 25


0.75 1.149259560843368e-11 1.762982822021693e-10 40078717.12146274 18
1.5 7.844453914939206e-11 1.992757647603391e-09 46551620.51449583 62
2.25 1.416755651358193e-10 6.308263323907012e-09 44513015.75342612 98
3 3.853231286627322e-10 1.203861772632445e-08 37411283.98676813 210
3.75 6.330112783042663e-10 2.993991674105746e-08 34977710.83943178 350
4.5 1.086010983933661e-09 4.131166437940903e-08 36795869.56163052 450
5.25 1.393511805802782e-09 7.086303353932421e-08 34089481.07348214 602
6 1.874913907194119e-09 1.103120198662332e-07 34071766.30961123 762
6.75 2.758098196009047e-09 1.790611879334564e-07 31473412.33835295 1142
7.5 2.882362080933454e-09 2.137372925984596e-07 28956191.52219935 1250
8.25 3.601975902541144e-09 2.663984673089941e-07 28846740.45611495 1458
9 4.056080842038827e-09 3.709113959120369e-07 26183208.55517608 1814
9.75 4.88182622932429e-09 4.572340394763814e-07 24988567.36830093 2178
10.5 6.058333167849406e-09 6.008681017552832e-07 26164431.85846146 2498
11.25 6.336637103965381e-09 6.639581672551434e-07 25304379.18868628 2622
12 7.650119167786469e-09 8.484589566612788e-07 24481362.28087034 3191
12.75 7.191476985561698e-09 8.950367178245466e-07 23996879.5158836 3044
13.5 6.294352845398392e-09 8.728241789398695e-07 23256995.00663409 2736
14.25 5.194798504900128e-09 7.465069579208555e-07 22552418.93945209 2276
15 4.602354687130276e-09 6.802597843441099e-07 22063646.65350125 2016
15.75 3.759389712927626e-09 5.934702178701714e-07 21932937.94901812 1640
16.5 2.368003582503834e-09 3.88596288796939e-07 21128268.16512532 1056
17.25 1.481732188959517e-09 2.513371410080385e-07 20132392.0655599 683
18 7.445979325942212e-10 1.391776227108414e-07 19775554.27301187 350
18.75 4.795142173036447e-10 6.664820627974441e-08 21502387.27007366 192
19.5 8.340771868852119e-11 1.860189586599255e-08 17623780.41997831 44
20.25 4.957104810848251e-11 5.2017854475869e-09 15864486.81827991 25


0.75 9.927332535886418e-12 2.338489187006915e-10 39516027.15912869 18
1.5 4.127542390782885e-11 2.497920990126116e-09 36089066.88056463 62
2.25 1.577587733395642e-10 4.628384906162212e-09 42482847.21397509 98
3 4.121791783314484e-10 1.282863004303423e-08 40362401.0236459 210
3.75 6.684683567309815e-10 2.671768934650991e-08 35006776.66750886 350
4.5 9.378325925621272e-10 4.77674590819814e-08 35487590.76424274 450
5.25 1.372144158697246e-09 6.883954230162354e-08 33736694.75756191 602
6 1.933282100712154e-09 1.037848762582137e-07 34395243.18203592 762
6.75 2.696840170037677e-09 1.697765243491708e-07 30756930.06732713 1142
7.5 3.061149255713472e-09 2.002678608942632e-07 29830879.5414939 1250
8.25 3.462331401627706e-09 2.669044233146721e-07 28359221.81780154 1458
9 4.071813258444759e-09 4.013743519882601e-07 27210163.31055864 1814
9.75 4.706865907677e-09 4.527125275966375e-07 24524631.94780047 2178
10.5 5.819372169922438e-09 5.93382458541717e-07 25582458.20092174 2498
11.25 6.113015154025986e-09 6.734771617089803e-07 25001093.74825828 2622
12 7.71574350965118e-09 8.42822457837619e-07 24829672.78426201 3191
12.75 7.075005410793556e-09 8.637577764870161e-07 23714077.30710501 3044
13.5 6.160965264034845e-09 8.368795713053859e-07 22856962.08352381 2736
14.25 4.89336339571126e-09 7.857690636526914e-07 22106702.94626474 2276
15 4.606113795341803e-09 6.85794320613818e-07 22336171.06113849 2016
15.75 3.806488105346915e-09 5.856999142104951e-07 22283731.105562 1640
16.5 2.475556239746264e-09 3.888903147526266e-07 22076262.41197685 1056
17.25 1.416720938906443e-09 2.274001791367706e-07 19197139.58069297 683
18 7.401925599810254e-10 1.505591904913028e-07 20253197.98034599 350
18.75 4.334109987262749e-10 7.63518209843997e-08 20521599.2739833 192
19.5 8.876254785984664e-11 2.219999900918949e-08 19480607.81634092 44
20.25 6.430190449231449e-11 9.373876858577446e-09 21756373.65442054 25


0.75 1.216564503460716e-11 1.257707269305805e-10 39589835.46328185 18
1.5 7.054641119187883e-11 2.057523392306525e-09 44677411.48792956 62
2.25 1.154572465869495e-10 5.367450001801172e-09 37675165.55530408 98
3 4.045587849952075e-10 1.483907915580818e-08 42287425.52093287 210
3.75 6.818615273316672e-10 2.738318498403708e-08 36049487.26986764 350
4.5 1.034446394141696e-09 4.405055447700724e-08 37002072.54143908 450
5.25 1.344878915781316e-09 7.585636092452074e-08 34764327.17374907 602
6 1.709301794711984e-09 1.090013251424447e-07 32552623.90080713 762
6.75 2.534053591253159e-09 1.635588125033533e-07 29386878.42434372 1142
7.5 2.772977135149949e-09 2.086724108523891e-07 28510706.70559652 1250
8.25 3.363867232396344e-09 2.635360125627906e-07 27932507.7821582 1458
9 4.460938968330507e-09 3.72023980298131e-07 28492091.37071653 1814
9.75 5.044828747063797e-09 5.070484277132447e-07 26885324.39100628 2178
10.5 5.410963012941348e-09 5.759110888972162e-07 24308414.11758522 2498
11.25 6.284719119015476e-09 6.644029095663245e-07 25628865.5859227 2622
12 7.605078025472861e-09 8.537807289011139e-07 24873881.5370325 3191
12.75 6.799694257667522e-09 9.359647108703644e-07 23779663.90770049 3044
13.5 6.1810720846465e-09 8.16472689044493e-07 22967663.71017627 2736
14.25 5.105759902034543e-09 7.0651126183534e-07 22364856.13593262 2276
15 4.579656982126374e-09 7.214812958862396e-07 22736662.48365162 2016
15.75 3.724331888108259e-09 5.982558053875915e-07 22234407.71927512 1640
16.5 2.287652678743793e-09 3.754472783556071e-07 20798069.38715471 1056
17.25 1.421770624330482e-09 2.593519776923701e-07 20022593.84601957 683
18 7.273257156377347e-10 1.298423243730507e-07 19479015.39385762 350
18.75 4.557746963177081e-10 8.762074856728375e-08 22192181.58287279 192
19.5 1.019191655396215e-10 2.055696825869296e-08 21448908.07832681 44
20.25 4.63358214011444e-11 6.547356031900152e-09 15743942.06110018 25


0.75 1.201402202317392e-11 2.42967187468762e-10 46407564.01783024 18
1.5 6.996588756392145e-11 1.705124429844899e-09 42117947.09380659 62
2.25 1.260631176773228e-10 4.61315334541019e-09 37525380.52882695 98
3 4.135295120903148e-10 1.360865180258815e-08 42030082.07022823 210
3.75 8.541252687841551e-10 3.069167315893915e-08 43918877.24454992 350
4.5 1.044324974416169e-09 4.634050034531045e-08 38293461.72479078 450
5.25 1.30614513270361e-09 7.117147086202176e-08 33685229.38862882 602
6 1.718475829677435e-09 9.424758126209337e-08 31368656.85967924 762
6.75 2.507575748634387e-09 1.750171984413513e-07 30182637.14379915 1142
7.5 2.60511001763489e-09 1.998313793480288e-07 27235383.44775737 1250
8.25 3.33587632933526e-09 2.603419650141155e-07 27949122.58214003 1458
9 3.911549850223003e-09 3.700813499537754e-07 26271018.90131945 1814
9.75 4.724271161651853e-09 4.834071106363528e-07 25576414.94149088 2178
10.5 5.619594937331754e-09 5.741379590236679e-07 25188379.75258604 2498
11.25 6.130476610031699e-09 6.399339806448976e-07 25162018.94000277 2622
12 7.590707330814214e-09 8.51623852832166e-07 25071302.19869483 3191
12.75 7.337212441075535e-09 8.322602405033549e-07 24586951.38816616 3044
13.5 6.045957035929207e-09 8.254302940578784e-07 22889106.45452563 2736
14.25 4.852339729749421e-09 7.372225457316131e-07 21999534.59541719 2276
15 4.591720614468585e-09 6.66074802314156e-07 22545175.82351952 2016
15.75 3.595229310042025e-09 5.681015044551769e-07 21587888.4133089 1640
16.5 2.416830107214987e-09 3.733704078904883e-07 21880983.06891977 1056
17.25 1.390620464740546e-09 2.639480246267059e-07 19969793.33691479 683
18 8.606224421731619e-10 1.425171470249864e-07 22899957.70982999 350
18.75 3.820677310799715e-10 9.708413712046342e-08 20129375.22842553 192
19.5 9.611427084193003e-11 1.523371610720114e-08 19467986.46948254 44
20.25 5.262631687809064e-11 3.883204853977919e-09 16707672.8617169 25


0.75 9.636620550927521e-12 2.582441620814883e-10 41230571.21642808 18
1.5 7.186693075353774e-11 2.037488918299193e-09 45986688.9470489 62
2.25 1.188294359574114e-10 6.635078688341442e-09 43157342.57471219 98
3 3.82785835360121e-10 1.364876518746301e-08 40408526.29754526 210
3.75 7.881989530602663e-10 2.871138401815502e-08 41103778.3539896 350
4.5 9.959498264491141e-10 4.062419356373454e-08 35833234.66547696 450
5.25 1.313162486995319e-09 6.329443360197478e-08 32758533.4824732 602
6 1.76806336055166e-09 9.746052621982599e-08 32636801.77507534 762
6.75 2.726191987162692e-09 1.699118599460618e-07 31875122.85958841 1142
7.5 2.711335659746686e-09 2.070145670014422e-07 28570825.50957923 1250
8.25 3.333718152719136e-09 2.603738280656165e-07 28204087.37101306 1458
9 3.908986496800328e-09 3.574232428337345e-07 26208585.07763369 1814
9.75 4.735120548770505e-09 4.585381878184745e-07 25433472.10816807 2178
10.5 5.573777423859932e-09 5.926781891296086e-07 25525178.90752041 2498
11.25 5.930109557442296e-09 6.520048513831849e-07 24935251.23396759 2622
12 7.196115389812161e-09 8.23749007283862e-07 24126499.94527268 3191
12.75 6.938349027670215e-09 8.50973978427929e-07 23954141.15898678 3044
13.5 5.84161938298884e-09 7.839392379474204e-07 22223745.93313043 2736
14.25 5.156126224412335e-09 6.928961255582684e-07 22858369.4686671 2276
15 4.506159063216669e-09 6.411561981912501e-07 22230718.37595907 2016
15.75 3.646501703355585e-09 5.696324081919486e-07 22042439.6066928 1640
16.5 2.201030972651475e-09 3.852699006376048e-07 20721697.69718461 1056
17.25 1.483843150808528e-09 2.531690521105089e-07 20970775.09317683 683
18 7.483821475601055e-10 1.44750112826733e-07 20812809.4941766 350
18.75 3.889344382442497e-10 8.351447103810653e-08 19807369.64546231 192
19.5 1.19574888788144e-10 2.280912555306775e-08 25348432.49497479 44
20.25 6.982072133415706e-11 1.05383358121572e-08 24442942.54966585 25


0.75 1.001667869211634e-11 3.408704622642656e-10 47514788.64167264 18
1.5 8.178233131900962e-11 1.808895609604279e-09 48751845.04316569 62
2.25 1.264016190080027e-10 3.65315079575049e-09 35192882.93030837 98
3 4.205221292624097e-10 1.171716994456245e-08 41305882.07468667 210
3.75 8.306039319538122e-10 2.912483947098958e-08 43221200.02465253 350
4.5 9.241311832821967e-10 4.296706650989016e-08 35133393.82089748 450
5.25 1.324988258663418e-09 6.58343370554556e-08 33735557.81141014 602
6 1.729710940749749e-09 9.651421741233782e-08 32384227.25457472 762
6.75 2.496543176848073e-09 1.732522667515653e-07 30577569.97504027 1142
7.5 2.857336605929536e-09 2.029371863388047e-07 29687123.54743271 1250
8.25 3.206923779476942e-09 2.625133767618569e-07 27818486.42307623 1458
9 3.863558479309126e-09 3.443465835887617e-07 25946181.76365343 1814
9.75 4.902603512426147e-09 4.630053897038771e-07 26389270.10251074 2178
10.5 5.540711132424511e-09 5.60839314580386e-07 25248969.13009752 2498
11.25 5.997345173137297e-09 6.571611944894495e-07 25440660.91400741 2622
12 7.120188168568485e-09 8.15374571268387e-07 24108559.02136959 3191
12.75 6.869262521182303e-09 8.634218483581349e-07 24106738.18646488 3044
13.5 5.884840774587095e-09 7.993407501520396e-07 22679549.60245678 2736
14.25 4.814133008526188e-09 6.77269062032414e-07 21800844.50140249 2276
15 4.322238445930441e-09 6.723577230638563e-07 22016883.06967205 2016
15.75 3.39875375625032e-09 5.484314680396027e-07 20910296.97241085 1640
16.5 2.391113293213616e-09 3.896243289124969e-07 22339088.86272181 1056
17.25 1.438484411074391e-09 2.486072664877477e-07 20587292.09799192 683
18 7.394024683197732e-10 1.396204222447353e-07 20644911.22291975 350
18.75 3.53845827328899e-10 8.023203925660149e-08 18440467.1025729 192
19.5 8.870517589524364e-11 1.280501444680436e-08 18019227.35125563 44
20.25 8.219861940522371e-11 1.159209328798468e-08 28738729.14671493 25


0.75 1.446736687249156e-11 2.180824069711451e-10 53211883.01569851 18
1.5 6.44506560251262e-11 2.636134033132911e-09 48703618.84404349 62
2.25 1.299828385952923e-10 3.608151231387667e-09 36025926.18934939 98
3 4.039801413776311e-10 1.377257242109834e-08 42795334.18373407 210
3.75 6.981858134659137e-10 2.88732495199668e-08 38812878.43743959 350
4.5 9.255336163234932e-10 4.806743038031019e-08 36995190.44351428 450
5.25 1.220886583934734e-09 6.086442672413706e-08 31407391.81528586 602
6 1.528138673778117e-09 9.870094715507636e-08 30400077.60335481 762
6.75 2.324491528122197e-09 1.692465668000665e-07 29230594.72013065 1142
7.5 2.913945516485755e-09 2.132916280317933e-07 30859416.90132399 1250
8.25 3.19856535039327e-09 2.64714973529974e-07 28104796.16736829 1458
9 3.957684956221958e-09 3.544281385096231e-07 26866464.23357686 1814
9.75 4.612708124295387e-09 4.654943836813714e-07 25582098.94962191 2178
10.5 5.408783899514494e-09 5.723338366452175e-07 25208665.69149383 2498
11.25 5.924614141519738e-09 6.371242652725253e-07 25231005.00684055 2622
12 7.211685041257771e-09 8.397025227318482e-07 24759880.81494763 3191
12.75 6.574036194918681e-09 8.33497742756127e-07 23341316.69817259 3044
13.5 5.953799329593605e-09 8.204045711046175e-07 23249450.36952399 2736
14.25 4.910472012754351e-09 7.115046097520579e-07 22617559.65734395 2276
15 4.476125093587057e-09 6.31151881470587e-07 22456762.71186877 2016
15.75 3.549609478355231e-09 5.324868930595608e-07 21656773.23038792 1640
16.5 2.130784718483566e-09 3.585342313388785e-07 20247672.23764444 1056
17.25 1.374646156681354e-09 2.659957166820524e-07 20407743.9226979 683
18 7.57282683508184e-10 1.22526586774275e-07 20631304.19151501 350
18.75 3.744614326961076e-10 8.049259345020408e-08 19439689.92262467 192
19.5 7.757382323882917e-11 1.038730661488327e-08 15713341.36509574 44
20.25 7.39086014291106e-11 1.176503945625292e-08 26606427.24596229 25


0.75 1.284833754691562e-11 2.945559468997877e-10 53679773.65130542 18
1.5 7.947720618915144e-11 1.76208866757125e-09 48306046.16822214 62
2.25 1.311087927375348e-10 4.599510847561813e-09 39894681.33273644 98
3 4.468570302730466e-10 1.200143465003003e-08 44222422.96572074 210
3.75 6.697218040060154e-10 2.787642412163567e-08 37675764.95382963 350
4.5 9.245948130277356e-10 4.159182775355822e-08 35399265.47085816 450
5.25 1.26007195686361e-09 6.795518031630387e-08 33637844.38348117 602
6 1.590019381537378e-09 9.489556056981523e-08 31037491.10085784 762
6.75 2.623392446222431e-09 1.691602673444665e-07 31923543.61879418 1142
7.5 2.725499348594928e-09 1.885445132751729e-07 28608754.19364065 1250
8.25 3.11591441890166e-09 2.49772399589113e-07 27352529.91196599 1458
9 4.284720603535119e-09 3.645235117178092e-07 28893436.27386549 1814
9.75 4.60378716764512e-09 4.544609630641922e-07 25595679.39961243 2178
10.5 5.608376588027101e-09 5.491205054001503e-07 25789910.01292066 2498
11.25 5.912804422305793e-09 6.20952257318058e-07 25250243.57263068 2622
12 7.43957676922728e-09 8.216476291067719e-07 25414511.04927366 3191
12.75 6.80501343985083e-09 8.076613668286541e-07 23962490.37934723 3044
13.5 6.160607570703204e-09 7.643569621536074e-07 23629514.3726806 2736
14.25 4.837169831097717e-09 6.921772548375201e-07 22416945.22332078 2276
15 4.1181095345708e-09 6.742955343793968e-07 21664134.53053998 2016
15.75 3.402963004767641e-09 5.258622399765055e-07 21106739.29725067 1640
16.5 2.162844647519568e-09 3.789416694382525e-07 20952425.19859108 1056
17.25 1.391567900112723e-09 2.378309600988855e-07 20239841.69871657 683
18 6.920457247686889e-10 1.56420529252039e-07 20590149.99954475 350
18.75 3.896941143123181e-10 6.87941057785896e-08 19537501.96647481 192
19.5 5.74308240196674e-11 1.896520683162173e-08 14440859.07436414 44
20.25 4.998383295821025e-11 1.409990036834556e-08 20585506.6018942 25


0.75 8.865472921075284e-12 4.42233838152075e-10 51613553.08667935 18
1.5 5.203726537537752e-11 2.146637223984941e-09 40198348.41778118 62
2.25 1.431317343055853e-10 5.305981876249523e-09 44878804.15355538 98
3 3.740620078773276e-10 1.377138130279667e-08 41473805.25344423 210
3.75 6.501672197301314e-10 2.802629406345208e-08 37366375.48151251 350
4.5 9.323725031938135e-10 4.353885396384341e-08 36479273.35280825 450
5.25 1.420061099812524e-09 6.329046955910877e-08 35844988.15410458 602
6 1.608589320365071e-09 9.117498094666871e-08 31112815.70595408 762
6.75 2.521907051454405e-09 1.689216872822178e-07 31357971.24173307 1142
7.5 2.684949210733687e-09 1.8164758070501e-07 28229261.77123661 1250
8.25 3.348396268750405e-09 2.569881866680168e-07 29244925.33514284 1458
9 3.945489999909873e-09 3.606431554159338e-07 27457777.4044472 1814
9.75 4.70172313746133e-09 4.776443859912682e-07 26613844.9719398 2178
10.5 5.485379197625308e-09 5.668408575676585e-07 25853484.22860757 2498
11.25 6.000690955044666e-09 6.219661400938091e-07 25760251.66257436 2622
12 7.004293346954013e-09 8.150500178118799e-07 24488812.69943577 3191
12.75 6.588801990329088e-09 7.878194035146515e-07 23454995.67571708 3044
13.5 6.162231332674454e-09 7.62584644924972e-07 23833052.04987067 2736
14.25 4.881262245574437e-09 6.713828878537105e-07 22595405.08750898 2276
15 4.187052197368286e-09 6.256125210374832e-07 21703764.94166468 2016
15.75 3.57386729060413e-09 5.294415037604265e-07 22144888.68044655 1640
16.5 2.428269855195535e-09 3.490739300442944e-07 22677839.97304616 1056
17.25 1.458837022240071e-09 2.553939568933325e-07 21530950.35311065 683
18 7.316776732817953e-10 1.322123091434334e-07 20794387.55571876 350
18.75 3.454842489342082e-10 8.481138137151316e-08 18898366.94970661 192
19.5 1.011336853549684e-10 2.009923775190868e-08 22451147.02573552 44
20.25 7.278063813310046e-11 1.595338543351127e-08 28427117.3605096 25


0.75 1.33549877393493e-11 2.10834914167162e-10 50947366.56662993 18
1.5 5.508984672284723e-11 1.412005608576177e-09 35649047.76581401 62
2.25 1.511586854326064e-10 5.804931797078528e-09 48515659.76489214 98
3 4.201271050516026e-10 1.440275476472243e-08 45799728.84488424 210
3.75 7.160108696522463e-10 2.752246501768475e-08 39835778.05862092 350
4.5 1.084191011639469e-09 3.807916351894965e-08 38989198.25721883 450
5.25 1.105841920053036e-09 7.140533330510542e-08 32183911.79852158 602
6 1.641401887209439e-09 1.00267803685174e-07 32883666.32823481 762
6.75 2.490763463157883e-09 1.586262063432335e-07 30724917.93320712 1142
7.5 2.662932603663274e-09 2.010752037294824e-07 29285230.57464344 1250
8.25 3.176311009969848e-09 2.545491398087155e-07 28384045.58094566 1458
9 3.612639707859579e-09 3.391529153759888e-07 25595138.7028411 1814
9.75 4.715650012737239e-09 4.569959321875376e-07 26541211.96455543 2178
10.5 5.578065498756607e-09 5.315787022830262e-07 25916614.68193481 2498
11.25 5.592062675026745e-09 6.237156572522906e-07 24736634.27558112 2622
12 7.138399061006371e-09 7.805218915510869e-07 24764111.76773433 3191
12.75 6.759919447071057e-09 8.051580041420374e-07 24261208.21404895 3044
13.5 5.741060938338924e-09 7.600781863157304e-07 22800474.43256707 2736
14.25 4.787814243577076e-09 6.738951227376364e-07 22499156.61870956 2276
15 4.151692580064587e-09 6.21114538554682e-07 21726082.90609899 2016
15.75 3.261129585127813e-09 5.342564337370403e-07 20897687.92101086 1640
16.5 2.109555318909708e-09 3.574526229751198e-07 20642403.10396707 1056
17.25 1.349249716024791e-09 2.39716971483966e-07 20167356.12557123 683
18 7.021102727469613e-10 1.267392692602587e-07 20133895.64180176 350
18.75 5.140524335899003e-10 8.138465542623005e-08 25684430.19961292 192
19.5 8.156309807984806e-11 1.607319901485584e-08 18240825.30894652 44
20.25 3.524268667518537e-11 8.298118665755233e-09 14122914.5749107 25


0.75 6.637979561460159e-12 2.719317070394086e-10 35775320.73836149 18
1.5 6.938356431354412e-11 2.253499382917993e-09 49442000.98930274 62
2.25 1.413326383990926e-10 4.432675709462317e-09 42408642.18583311 98
3 3.917864590736724e-10 1.371108418908546e-08 43482006.12007514 210
3.75 5.693014958584211e-10 2.436042943466478e-08 33264600.33793686 350
4.5 9.276368034797314e-10 4.20108085302318e-08 36599509.9454729 450
5.25 1.232282389486855e-09 6.473625931647314e-08 33506841.65135339 602
6 1.52057794537415e-09 9.454368373211203e-08 30963298.79124445 762
6.75 2.33895378513683e-09 1.683468769185811e-07 30399836.4957584 1142
7.5 2.626554167837773e-09 2.007378240620037e-07 29290628.4344929 1250
8.25 3.028857984504183e-09 2.61981715962574e-07 28032143.69396017 1458
9 3.96005871519198e-09 3.323430131365442e-07 27340576.35553474 1814
9.75 4.389550312490261e-09 4.367473923808375e-07 25153144.52895506 2178
10.5 5.571177534276047e-09 5.459933935647109e-07 26346295.70055713 2498
11.25 5.706198345871931e-09 5.778135195643744e-07 24803235.72748999 2622
12 6.909079281563324e-09 7.697661017771218e-07 24323203.27992735 3191
12.75 6.630454153571271e-09 7.954188395690166e-07 24071903.09921628 3044
13.5 5.578363413855197e-09 7.731153245623915e-07 22642952.85813306 2736
14.25 4.546370264604548e-09 6.687597679171098e-07 21819421.53260714 2276
15 3.945976067822509e-09 6.322057904297274e-07 21218945.10625619 2016
15.75 3.644033975190905e-09 4.985142787368536e-07 22595380.47405912 1640
16.5 1.971087313888952e-09 3.600863379197881e-07 19840215.66621017 1056
17.25 1.366525917870447e-09 2.435806103160575e-07 20636044.70181546 683
18 7.209728461110533e-10 1.20611211298166e-07 20527751.9190913 350
18.75 3.107875318786714e-10 8.20541375912428e-08 17669253.38674593 192
19.5 8.243692395095588e-11 1.233178727749682e-08 17648097.17751036 44
20.25 6.1351382215779e-11 1.181728765815997e-08 23752520.37511556 25


0.75 1.072224273022728e-11 1.700248875420522e-10 41828517.38636417 18
1.5 4.717678637176729e-11 1.828491107619857e-09 36471381.02570863 62
2.25 1.57127594602333e-10 4.149951795583375e-09 44880104.89109443 98
3 3.544067928220619e-10 1.398112335068053e-08 41500534.36865394 210
3.75 7.099800186452156e-10 2.734991699829702e-08 40308864.67919965 350
4.5 8.108192959321837e-10 4.13890193867118e-08 33723556.1514101 450
5.25 1.273185429324942e-09 6.727525673307598e-08 35006981.09877151 602
6 1.725245385793649e-09 8.821532207402653e-08 33186536.88692604 762
6.75 2.379446152067365e-09 1.572245659463933e-07 30289694.54628316 1142
7.5 2.441120101886212e-09 1.909284155818623e-07 27690712.16261601 1250
8.25 3.091222252359882e-09 2.493275160816079e-07 28210172.0679854 1458
9 3.788499601875106e-09 3.394822028029382e-07 26941651.8598349 1814
9.75 4.324102871283753e-09 4.485866260131015e-07 25341220.48266261 2178
10.5 5.363522406494315e-09 5.304727668648924e-07 25664252.7167208 2498
11.25 5.614341990500241e-09 5.780925196420131e-07 24740378.04328282 2622
12 6.922914292317052e-09 8.029062987397829e-07 24866954.6444758 3191
12.75 6.378046472308714e-09 8.085377589946954e-07 23717174.71940591 3044
13.5 5.610470608207259e-09 7.36140973930891e-07 22649407.35978796 2736
14.25 4.579796419753571e-09 6.680949466303043e-07 22132832.1810494 2276
15 4.100771842965161e-09 5.886425261187332e-07 21641268.07705318 2016
15.75 3.174018780425867e-09 4.981141608206694e-07 20502859.40381029 1640
16.5 2.209183654242632e-09 3.561962026867164e-07 21765184.48956325 1056
17.25 1.366831562966057e-09 2.551585091267738e-07 21063715.03015808 683
18 8.002025026649328e-10 1.268222994192918e-07 22736624.71637008 350
18.75 3.855268144558802e-10 7.027949395260793e-08 20190676.30248076 192
19.5 8.096065896091624e-11 1.716385053527072e-08 18746177.43688916 44
20.25 4.760709048379453e-11 9.966487697518446e-09 18926696.45900624 25


0.75 8.022435961330186e-12 3.133764269487001e-10 43101017.65071917 18
1.5 5.091066784350809e-11 2.058343398869794e-09 40464585.3966085 62
2.25 9.901916914848794e-11 3.298641091331732e-09 30947502.83704865 98
3 3.708327129201223e-10 1.138518499672346e-08 40093843.94709847 210
3.75 6.864737298212034e-10 2.625620436946365e-08 39252434.7895219 350
4.5 8.958343839030555e-10 4.193403897535767e-08 36432400.31656805 450
5.25 1.251777751080583e-09 6.102337809186285e-08 33793343.34483945 602
6 1.782064893593137e-09 9.035518101944563e-08 34514528.80321708 762
6.75 2.232805349873156e-09 1.658308360241912e-07 29899910.96398498 1142
7.5 2.538591337957551e-09 2.009942600351808e-07 29190421.01055728 1250
8.25 2.916081350977202e-09 2.251085710280225e-07 26489458.03282506 1458
9 3.780062318877955e-09 3.333426303333621e-07 26995952.34088258 1814
9.75 4.420674258101199e-09 4.084393383776992e-07 25222986.97827895 2178
10.5 5.300335624939796e-09 5.459321567272499e-07 25905060.11645557 2498
11.25 5.604202768089008e-09 5.940562241335542e-07 25128425.1904913 2622
12 6.758362524161059e-09 7.706229623639686e-07 24387930.43603095 3191
12.75 6.518586088829414e-09 8.26864008443765e-07 24469667.22802122 3044
13.5 5.758019009394376e-09 7.181568535836335e-07 23158610.38098904 2736
14.25 4.619949864638212e-09 6.28157595815417e-07 22130709.21292081 2276
15 4.196192164672045e-09 6.188310540834399e-07 22499806.97158562 2016
15.75 3.477002446584409e-09 5.382927618290589e-07 22593820.14239004 1640
16.5 2.09308976157518e-09 3.487989379571646e-07 20975664.14217857 1056
17.25 1.416636910882046e-09 2.225921242810957e-07 21177754.70995461 683
18 6.918870389303827e-10 1.136701229166346e-07 19988661.5120496 350
18.75 3.271136525968879e-10 7.545755742050946e-08 18267909.49273862 192
19.5 8.492720698200191e-11 1.763363448908001e-08 19753428.71009773 44
20.25 5.086444634802108e-11 7.712688354494541e-09 19197165.66540463 25


0.75 1.146308366264077e-11 3.259993008709455e-10 54472388.99742919 18
1.5 7.785209798598597e-11 1.574129286139771e-09 48569010.2447657 62
2.25 1.421933981611163e-10 3.451568892990441e-09 40230747.58271497 98
3 3.286519746937013e-10 1.066382877128641e-08 36465927.88397985 210
3.75 5.932878949122078e-10 3.0200878495476e-08 38119462.53619278 350
4.5 9.434859518937212e-10 3.647534859924787e-08 36255575.30151291 450
5.25 1.356110686652782e-09 6.135375647241998e-08 36008615.98803087 602
6 1.610568313899106e-09 9.774305767672607e-08 33395304.98406431 762
6.75 2.305832155707818e-09 1.536254154393755e-07 29960887.71641821 1142
7.5 2.717822587965355e-09 1.888364045778215e-07 30168929.65110591 1250
8.25 2.971209087761355e-09 2.549669854058945e-07 28173160.30700958 1458
9 3.571334162182241e-09 3.320848467975933e-07 26165279.69897605 1814
9.75 4.46594698968428e-09 4.347737168756783e-07 26111807.12197937 2178
10.5 5.537645786601953e-09 5.591417726501351e-07 27137498.44594026 2498
11.25 5.692341311280105e-09 5.979693054710891e-07 25678070.15729404 2622
12 6.923364220138748e-09 7.378217365384138e-07 24747219.51432778 3191
12.75 6.422224264527962e-09 7.467886180040425e-07 23761185.48032013 3044
13.5 5.817143895852791e-09 7.578393757500358e-07 23864369.84238305 2736
14.25 4.679865936703014e-09 6.465063668998013e-07 22704238.78170007 2276
15 3.971866572482853e-09 5.882726720738616e-07 21506530.89983917 2016
15.75 3.141542463534001e-09 5.524735089789953e-07 21269117.9735603 1640
16.5 2.111857466119103e-09 3.356549039511445e-07 21113687.33217826 1056
17.25 1.406870800083802e-09 2.252247542410444e-07 21302838.9613313 683
18 7.338818777273968e-10 1.21851715676586e-07 21436405.78088652 350
18.75 3.238020870979603e-10 7.436000467462078e-08 18222884.68036794 192
19.5 5.057738958009323e-11 2.137583268714077e-08 14618837.14359787 44
20.25 7.099554096179027e-11 1.01927037460789e-08 26793127.74762046 25


0.75 1.215684151069828e-11 1.444488396163497e-10 45681703.30790007 18
1.5 7.897570046985823e-11 1.461878179294453e-09 48604281.43987385 62
2.25 1.832840442413332e-10 3.746122030680936e-09 49893597.9201155 98
3 2.905499520155784e-10 1.236805326305061e-08 36027209.70786001 210
3.75 6.151146081205862e-10 2.656241845180394e-08 37395489.41574217 350
4.5 8.358814679124645e-10 4.275924541268546e-08 35752766.93247528 450
5.25 1.210632069057994e-09 7.126704418322741e-08 35587427.39856644 602
6 1.492938052563787e-09 8.860434154016441e-08 31008347.10181167 762
6.75 2.259972660949641e-09 1.601101177800752e-07 30287519.69649566 1142
7.5 2.59512364227836e-09 1.958806767586158e-07 29883940.31385371 1250
8.25 3.078974668367076e-09 2.269196298491798e-07 28067085.01193386 1458
9 3.856203028251343e-09 3.455527747686785e-07 28179521.93335798 1814
9.75 4.652774215263524e-09 4.169253225177446e-07 26782218.47586901 2178
10.5 5.251869931791801e-09 5.48495573103576e-07 26240265.4055142 2498
11.25 5.552687357556315e-09 5.796174463248243e-07 25238753.38026299 2622
12 6.472536151892495e-09 7.493865871023591e-07 23879177.27848237 3191
12.75 6.125806874897622e-09 7.972776134186451e-07 23578825.97263975 3044
13.5 5.504487482831841e-09 7.414421524794138e-07 22993266.64578053 2736
14.25 4.406611745200048e-09 6.37870725514115e-07 21838967.99220806 2276
15 3.981315556040605e-09 6.396080961589086e-07 22217828.29960667 2016
15.75 3.413626492314687e-09 5.110309984992904e-07 22404471.26934343 1640
16.5 2.026728048130315e-09 3.354834189392517e-07 20646269.59968805 1056
17.25 1.238814076237398e-09 2.227151120950377e-07 19439851.2146721 683
18 7.369274730490979e-10 1.108404568469498e-07 21294008.17890441 350
18.75 3.724129814671721e-10 6.491159037584557e-08 19854837.88155643 192
19.5 8.91303897134335e-11 1.219721693741438e-08 19498196.30863171 44
20.25 4.16818424346294e-11 1.00609727891483e-08 17589646.03692824 25


0.75 6.783773152107033e-12 2.596530428176734e-10 37094415.69018742 18
1.5 7.33299169833321e-11 1.744454278659827e-09 48975464.37963911 62
2.25 1.425687296424387e-10 4.05311483583057e-09 43243884.95080845 98
3 3.718746681816355e-10 1.093380900396999e-08 40696318.84562134 210
3.75 5.846535621439915e-10 2.476069016214176e-08 35599861.00528607 350
4.5 9.479663877228618e-10 3.664618033148468e-08 37113758.07458457 450
5.25 1.162879000297962e-09 5.956033154490414e-08 32786537.45526403 602
6 1.646317675790904e-09 8.733245848314707e-08 33219044.76358655 762
6.75 2.32571633344471e-09 1.563556936317589e-07 30875745.04291918 1142
7.5 2.539884439586045e-09 1.70742280992644e-07 28418968.48502766 1250
8.25 2.964214631465652e-09 2.363277930251374e-07 27941294.73687478 1458
9 3.630000078650305e-09 3.320794126746664e-07 26942820.40154066 1814
9.75 4.291793326079589e-09 4.341734404867566e-07 25867402.29199397 2178
10.5 5.082296152629186e-09 5.189994692467839e-07 25450011.06549891 2498
11.25 5.665361632917131e-09 5.718356603768495e-07 25743437.378534 2622
12 6.867330565571236e-09 7.805621686668361e-07 25433613.25628623 3191
12.75 6.011260072993926e-09 7.262274541291925e-07 22877459.22079565 3044
13.5 5.39634294147168e-09 7.063259305180014e-07 22572803.41571917 2736
14.25 4.408620292944018e-09 6.290603026748047e-07 21962870.97570224 2276
15 3.917450338057292e-09 5.973291765146545e-07 21760602.53942601 2016
15.75 3.214617803871847e-09 5.285046377893182e-07 21779930.57488145 1640
16.5 2.072621036690096e-09 3.636546105921758e-07 21608044.44577224 1056
17.25 1.335371210895019e-09 2.151529917514482e-07 20620168.19631524 683
18 5.777837715110518e-10 1.195641801220649e-07 18077911.87052833 350
18.75 3.844197984815368e-10 8.759158663196805e-08 21986768.77607946 192
19.5 8.689495286145515e-11 1.291358831997361e-08 19443494.79313925 44
20.25 5.534417318800133e-11 7.510547230926366e-09 21084868.23907993 25


0.75 4.399151464890001e-12 1.924652583644032e-10 25808361.42478394 18
1.5 7.657488749754203e-11 2.092437702332804e-09 53947270.10753639 62
2.25 1.051362084511289e-10 3.22786297695199e-09 32994013.83529676 98
3 3.522481435093414e-10 1.118365726576916e-08 39827927.42675245 210
3.75 6.941050469096665e-10 2.331718362327721e-08 39323099.89086027 350
4.5 9.984302643430983e-10 4.134434190093882e-08 40280968.86612722 450
5.25 1.093600488951924e-09 6.177312930316724e-08 32197877.39586181 602
6 1.671538725366235e-09 9.273491380691981e-08 34507011.47784889 762
6.75 2.174575260879387e-09 1.518902706013166e-07 29499589.55231783 1142
7.5 2.525072564597492e-09 1.906387232132206e-07 29584648.22901126 1250
8.25 2.984623165358766e-09 2.356009206796199e-07 28278679.03391313 1458
9 4.013865710404647e-09 3.422232669736013e-07 29380082.86974461 1814
9.75 4.446625398143251e-09 4.21973970539814e-07 26493893.20063296 2178
10.5 5.207571803348047e-09 5.004007948302079e-07 25839701.87310544 2498
11.25 5.449123012358891e-09 5.676940943212434e-07 25189230.12930984 2622
12 6.78888759551196e-09 7.596867239597295e-07 25250551.57104991 3191
12.75 6.157571036594037e-09 7.381855860580462e-07 23587268.31216042 3044
13.5 5.46914719671243e-09 7.325751855191288e-07 23215246.25068023 2736
14.25 4.586051703844413e-09 6.340623529886547e-07 22858550.72022975 2276
15 3.863491851407539e-09 6.005693492852034e-07 21754566.3223298 2016
15.75 3.296378445212552e-09 4.903624220829287e-07 21986270.61647218 1640
16.5 2.048481140397146e-09 3.049452453217426e-07 20729148.9351967 1056
17.25 1.17649474782707e-09 2.166890476084697e-07 18900507.03607367 683
18 6.01551566817755e-10 1.333944875327574e-07 19325843.35752347 350
18.75 3.301258202155745e-10 6.571193280820507e-08 18437854.41740925 192
19.5 6.441818519746969e-11 1.474982620077754e-08 15885398.93331886 44
20.25 5.14523323906827e-11 1.107098406199142e-08 21523695.69008096 25


0.75 7.881987856024045e-12 3.188981622476339e-10 44961540.99459875 18
1.5 5.517933622187484e-11 1.701787065838687e-09 40979399.33073495 62
2.25 1.392384265700417e-10 3.858307764432054e-09 42533742.39950444 98
3 3.542236690378744e-10 1.306783651776741e-08 42614017.0075207 210
3.75 5.717368743049656e-10 2.403786793874464e-08 35299207.00461645 350
4.5 1.017248373192409e-09 3.663594228864248e-08 39598050.66949029 450
5.25 1.156288482975792e-09 6.843811479785712e-08 34952525.9986308 602
6 1.3520315112703e-09 1.009005985921379e-07 31418421.72536913 762
6.75 2.240858727123193e-09 1.391419327668977e-07 29460281.31285505 1142
7.5 2.692111880287546e-09 1.936902061168846e-07 31311531.44760107 1250
8.25 2.887965106479053e-09 2.425906770075131e-07 28170259.99432674 1458
9 3.379655238095776e-09 3.099744163242409e-07 25541247.85520773 1814
9.75 4.49510081587884e-09 4.176933317254999e-07 26846935.52483092 2178
10.5 5.022553160958112e-09 5.018135083706907e-07 25424996.97534194 2498
11.25 5.337208454163967e-09 5.652612528205697e-07 25004660.89519033 2622
12 6.438874786681573e-09 7.534780213955714e-07 24459927.13120494 3191
12.75 6.32077241179859e-09 7.652121923001651e-07 24490243.25739241 3044
13.5 5.339103185736748e-09 7.122602900243705e-07 22839412.26285047 2736
14.25 4.426052709022348e-09 6.317567805290824e-07 22439676.1536382 2276
15 3.757360938976219e-09 5.799048857631395e-07 21305302.98568317 2016
15.75 3.211249546257741e-09 5.02352298334817e-07 21870026.03755242 1640
16.5 2.056752522453953e-09 3.467612257815143e-07 21609234.3617327 1056
17.25 1.465509319913878e-09 2.315203222785636e-07 22931084.04896987 683
18 6.511609235075027e-10 1.180260198123195e-07 20092475.01474793 350
18.75 3.552352306551979e-10 7.561968875410183e-08 20334140.83965939 192
19.5 8.124157270652388e-11 2.365894996431035e-08 21538675.14024082 44
20.25 3.752616368435318e-11 1.031829123505602e-08 16807540.79968841 25


0.75 7.963518333707852e-12 2.0854941758293e-10 38427088.81830505 18
1.5 5.703253022582576e-11 1.909828323658912e-09 44186838.69034633 62
2.25 1.424632856918319e-10 4.692961511686744e-09 46752009.82792632 98
3 3.368883770919854e-10 1.22701988974476e-08 40751356.93852565 210
3.75 6.156286551488496e-10 2.532232952064758e-08 38088223.54084209 350
4.5 8.791853722331016e-10 4.105676070830752e-08 37676382.99583066 450
5.25 1.298896692510342e-09 6.260559685226968e-08 36839677.53529207 602
6 1.446953577116265e-09 8.607416907939001e-08 31166351.75236316 762
6.75 2.23661824656785e-09 1.510050831904734e-07 30540479.01760895 1142
7.5 2.392568773032808e-09 1.870385754746464e-07 28894035.77268445 1250
8.25 2.904547389081595e-09 2.425131177449537e-07 28546452.8198767 1458
9 3.586113068409338e-09 3.259873879233863e-07 27281238.16284883 1814
9.75 4.408551889697566e-09 3.938047895104521e-07 26272432.46436807 2178
10.5 4.990552451199253e-09 5.175475274187107e-07 25784895.47618524 2498
11.25 4.996809509191604e-09 5.835702138166167e-07 24312723.65505594 2622
12 6.232558272889472e-09 7.361496118903734e-07 23961593.22677987 3191
12.75 6.075000425384126e-09 7.606288417732835e-07 23974863.0281382 3044
13.5 5.404878271255439e-09 7.272271387685373e-07 23390091.36209465 2736
14.25 4.609690392841653e-09 6.411029969978762e-07 23431597.47909889 2276
15 3.766468696021137e-09 5.533985884099012e-07 21289037.83217919 2016
15.75 3.126693895806541e-09 4.89337171279092e-07 21493989.44713055 1640
16.5 2.202725692035248e-09 3.509755052230919e-07 23047137.0234167 1056
17.25 1.313890229016926e-09 2.218274061798698e-07 21056673.78936205 683
18 5.817696239148546e-10 1.215959161005861e-07 18742582.57214442 350
18.75 3.182000866569118e-10 6.395601337372035e-08 18135097.76302101 192
19.5 7.194457376201606e-11 1.524513727654787e-08 17738744.75981053 44
20.25 6.666335823093663e-11 1.588490652615815e-08 29065154.72567891 25


0.75 8.106877412585179e-12 2.240936669409971e-10 40206813.95553159 18
1.5 5.516676792226847e-11 1.370457602999467e-09 38660555.25176655 62
2.25 1.424438155512278e-10 3.946147395063231e-09 44327882.73899719 98
3 3.304982042703793e-10 9.815261460435549e-09 37555166.02253307 210
3.75 5.833964245011464e-10 2.615759077439858e-08 37585647.80473541 350
4.5 8.13446435602756e-10 3.485573445673734e-08 34105290.1059456 450
5.25 1.130975736471453e-09 6.194459755888607e-08 33819534.60284898 602
6 1.366219660070687e-09 9.143716241854135e-08 30976563.42046757 762
6.75 2.132549712661256e-09 1.484317310551182e-07 29679557.91187415 1142
7.5 2.524401734315226e-09 1.699151953852895e-07 29265434.34673853 1250
8.25 2.907820129972249e-09 2.308433269153592e-07 28351597.57279863 1458
9 3.506355686282015e-09 3.23227816104504e-07 27024872.17146714 1814
9.75 4.017060859364607e-09 3.777366681104218e-07 24515938.1045182 2178
10.5 5.245462170491979e-09 4.93614215183214e-07 26577773.4669122 2498
11.25 5.049679534285273e-09 5.369845867043789e-07 24114266.75471201 2622
12 6.780104407786268e-09 7.253850485995387e-07 25594094.06395873 3191
12.75 6.075408937721981e-09 7.691975492465061e-07 24257177.4669349 3044
13.5 5.407297230544142e-09 7.073854376537748e-07 23428775.80550227 2736
14.25 4.386920986268707e-09 6.177395799241957e-07 22564016.84951803 2276
15 3.844109010812537e-09 5.751386777705638e-07 22015918.86299028 2016
15.75 3.150692565707606e-09 4.767761909616349e-07 21671182.77672356 1640
16.5 2.046215609243648e-09 3.179764655688698e-07 21472225.00656885 1056
17.25 1.340529611261684e-09 2.331106218955731e-07 21818503.04618466 683
18 7.167698192838188e-10 1.198479980182878e-07 22121729.334226 350
18.75 3.94862107458391e-10 6.244464160483275e-08 21587254.64305147 192
19.5 1.029691578884571e-10 1.586597436451418e-08 24020847.62047341 44
20.25 5.559248882162514e-11 8.541036393526658e-09 22380976.61693715 25


0.75 5.433258904135626e-12 1.900130591787865e-10 29865477.22523081 18
1.5 6.134000902703874e-11 1.106462702945979e-09 39535613.97264362 62
2.25 1.333162838382126e-10 4.232501210440691e-09 43935788.33650301 98
3 4.209933671405094e-10 1.158185172362615e-08 47172802.17436054 210
3.75 6.259149206187434e-10 2.646502606338373e-08 39818076.5086145 350
4.5 8.473002798870431e-10 3.940055962036257e-08 36903267.68726461 450
5.25 1.123330097030328e-09 5.782879930331041e-08 33167955.62576567 602
6 1.493064247688961e-09 8.771757340055723e-08 32592699.97755627 762
6.75 2.384140468380218e-09 1.452336384928968e-07 32018913.2434129 1142
7.5 2.482183799983067e-09 1.858675758439444e-07 30067249.23148989 1250
8.25 2.643008432873662e-09 2.224558351815723e-07 26510362.64020807 1458
9 3.423516535874106e-09 3.18436609161964e-07 26707823.15442135 1814
9.75 3.961113979585024e-09 4.016461972957293e-07 24976450.68220804 2178
10.5 4.72910585550883e-09 4.898269177554177e-07 24860798.03755141 2498
11.25 5.349415533317449e-09 5.702181248066087e-07 25797354.52027962 2622
12 6.281261235225038e-09 6.930186677550208e-07 24124170.06373502 3191
12.75 5.992779529617795e-09 7.398236836145144e-07 23980608.29168165 3044
13.5 5.181760259486462e-09 7.18968592077726e-07 23014172.21699385 2736
14.25 4.433511112703007e-09 6.024760372516288e-07 22804169.09037752 2276
15 3.778007564866661e-09 5.705800273069672e-07 21885451.24612569 2016
15.75 3.022515165935961e-09 4.995252048179763e-07 21436428.16667062 1640
16.5 1.889362164991177e-09 3.246390960825575e-07 20485671.54840987 1056
17.25 1.114957204086792e-09 2.331931792267087e-07 19174480.57864909 683
18 7.512111973162834e-10 1.166362904670073e-07 23040335.68401555 350
18.75 3.523485730224149e-10 7.544938306397921e-08 20746593.94057012 192
19.5 9.405319449293771e-11 1.714076604746847e-08 22852247.68669149 44
20.25 3.941085283441042e-11 1.304910398703902e-08 19111196.82315598 25


0.75 5.180979042245553e-12 3.144214813639352e-10 37667242.3656572 18
1.5 6.309568294375509e-11 1.75191660548721e-09 46797964.05207859 62
2.25 1.354693032333757e-10 3.43313844471851e-09 41744191.82761293 98
3 3.259569859002095e-10 1.040735211210936e-08 38650852.28100917 210
3.75 6.609183294482884e-10 2.24203645240368e-08 39313100.62066273 350
4.5 8.86546745273897e-10 3.563041543413271e-08 37061051.74377888 450
5.25 1.075660724004875e-09 6.23144583697103e-08 33440110.05121253 602
6 1.41884422604504e-09 9.210185006739167e-08 32382407.13212707 762
6.75 2.095443854257279e-09 1.437526522683581e-07 29543262.76842767 1142
7.5 2.330944872992068e-09 1.766951316071214e-07 28601276.04031917 1250
8.25 2.729804748854516e-09 2.30949373757922e-07 27669282.18059675 1458
9 3.368335304823537e-09 3.140510309766988e-07 26529125.04993722 1814
9.75 4.285810825538799e-09 3.981139636309938e-07 26531325.13680428 2178
10.5 4.931367704379368e-09 4.599267181718486e-07 25375174.8415084 2498
11.25 5.013961192199011e-09 5.604642284119208e-07 24726666.2951085 2622
12 6.229884365649962e-09 7.428591574851382e-07 24658833.75415165 3191
12.75 6.035702754804451e-09 7.287519691611402e-07 24220592.23802299 3044
13.5 4.972128224822525e-09 7.14643809187808e-07 22494944.71052748 2736
14.25 4.065189395553306e-09 5.856560422016243e-07 21411116.86744495 2276
15 3.682568380415325e-09 5.648796093791116e-07 21605610.04013534 2016
15.75 3.053482443216715e-09 4.961798931465297e-07 21753657.42249185 1640
16.5 1.989068115704661e-09 3.252399887581807e-07 21498575.17540882 1056
17.25 1.269943025704802e-09 2.283716053899438e-07 21206816.62995667 683
18 6.904671348994675e-10 1.208876509727258e-07 21907836.9361553 350
18.75 3.281478778761669e-10 6.70352062368312e-08 19275150.35586653 192
19.5 1.472400415236636e-10 1.229102434726863e-08 32140448.96895711 44
20.25 5.35850497368142e-11 1.072681580059545e-08 23074882.95711897 25


0.75 1.772198131301301e-11 2.307721785475264e-10 72719681.1148833 18
1.5 5.820640996272734e-11 1.838714672870184e-09 45645441.64817262 62
2.25 1.303920006454771e-10 3.923408996646004e-09 42879551.47461424 98
3 3.526020867513704e-10 1.142735708747071e-08 42371360.26134814 210
3.75 5.98439205754125e-10 2.406782115581249e-08 38027611.66484732 350
4.5 7.461843777045641e-10 3.664583307821795e-08 33725823.89269929 450
5.25 1.14281209387871e-09 5.671586800882939e-08 33896545.21421459 602
6 1.515233229331618e-09 8.641785870136878e-08 33308778.59246988 762
6.75 2.238056400927321e-09 1.464829726822292e-07 31313357.58356333 1142
7.5 2.470406867747951e-09 1.66764294601883e-07 29437274.02951686 1250
8.25 2.914450492599761e-09 2.216914923467609e-07 28788398.03822148 1458
9 3.384028903184681e-09 3.000880065421674e-07 26450141.53907176 1814
9.75 4.046913060017741e-09 3.977523925107326e-07 25708942.90449671 2178
10.5 4.729066761113682e-09 4.773056765837416e-07 25102203.77922263 2498
11.25 5.054415385934167e-09 5.507713988499591e-07 24956732.58235786 2622
12 6.095210220883033e-09 7.345247943786783e-07 24407377.63568493 3191
12.75 5.742971892878612e-09 7.464675743797173e-07 23715986.44180381 3044
13.5 5.210460207054091e-09 6.78405587783778e-07 23151958.20201138 2736
14.25 4.362373405462687e-09 6.074553859348164e-07 22972603.33381614 2276
15 3.714269569968531e-09 5.649646875724412e-07 21933139.07594518 2016
15.75 3.236240800228409e-09 4.6982187039609e-07 22634937.91738987 1640
16.5 1.807291916368469e-09 3.272227431255165e-07 20202273.15707821 1056
17.25 1.154520186146472e-09 2.217425070079951e-07 19762603.48040812 683
18 6.47141140385033e-10 1.228360350654204e-07 21094194.8552146 350
18.75 2.917181086081196e-10 6.473475374801781e-08 17631598.96706663 192
19.5 8.295525799465514e-11 1.513965103067757e-08 20515534.2735314 44
20.25 5.391277087519848e-11 8.588865278344288e-09 22423221.22503198 25


0.75 6.950026306938737e-12 2.022384958299151e-10 36451411.61960793 18
1.5 5.446650080146041e-11 1.776650140049695e-09 43665765.70078537 62
2.25 1.064246832338335e-10 4.142082158227782e-09 38967049.03321628 98
3 3.401983759189881e-10 9.466452050032705e-09 39299247.81738825 210
3.75 6.406267511506208e-10 2.290622625057435e-08 39472656.6959845 350
4.5 7.06072379782689e-10 3.917891734433855e-08 33760600.87155961 450
5.25 1.004300032292564e-09 6.284619767858753e-08 32738711.36601909 602
6 1.435717190514142e-09 7.863639635531666e-08 31428405.93803649 762
6.75 2.189371057361794e-09 1.476857830225172e-07 31237125.91652671 1142
7.5 2.227973167539512e-09 1.674775879618322e-07 27747876.00104911 1250
8.25 2.691149075178797e-09 2.080081963273873e-07 26963113.72417454 1458
9 3.650142166378651e-09 2.959925502212395e-07 28011053.65823629 1814
9.75 4.087704120538642e-09 4.015991716996018e-07 26201960.16440524 2178
10.5 4.785478995993751e-09 4.75664682605302e-07 25519522.52596415 2498
11.25 5.194194876126831e-09 5.426352001993489e-07 25574361.0244257 2622
12 6.241639693824787e-09 7.155272540555661e-07 24869885.32760504 3191
12.75 5.675345697014776e-09 7.171539319149488e-07 23464809.67534819 3044
13.5 5.004687719020493e-09 6.920502841869922e-07 22800068.34233745 2736
14.25 4.322566904356052e-09 6.033152192198658e-07 22981705.66264136 2276
15 3.524034005233477e-09 5.967442440196826e-07 21601992.08170892 2016
15.75 3.021124590535609e-09 4.783589904013463e-07 21764215.39901707 1640
16.5 1.786155627874913e-09 3.094837749136985e-07 19923752.42985427 1056
17.25 1.085282699132116e-09 2.332195753648934e-07 19301774.86366866 683
18 5.92930427746987e-10 1.295784941594729e-07 20189170.56155806 350
18.75 3.450451493809945e-10 5.813962534185781e-08 19784804.39842523 192
19.5 7.931730076904802e-11 1.291533060873102e-08 19359616.43802048 44
20.25 2.465257301263788e-11 9.476728740456562e-09 12870951.63798418 25


0.75 1.032791462045933e-11 2.968770048547159e-10 54327866.47148038 18
1.5 6.5349709257305e-11 2.156062535492029e-09 53032896.99070454 62
2.25 1.23047704880588e-10 3.694009600464287e-09 41143521.86481868 98
3 2.974202766585999e-10 1.314375580865102e-08 40886999.15581872 210
3.75 5.381442002391184e-10 2.197324445167434e-08 34987398.03629483 350
4.5 7.97837374357266e-10 4.033035727350043e-08 37091563.96186194 450
5.25 1.176189240052019e-09 5.86759381032788e-08 35560925.07047569 602
6 1.452652637960941e-09 8.505986729609564e-08 32788527.17605875 762
6.75 2.145471064325371e-09 1.450222056101624e-07 30882363.46604353 1142
7.5 2.405023915239074e-09 1.708101577581335e-07 29636838.45780553 1250
8.25 2.646598067532591e-09 2.118005020877165e-07 27031812.16223579 1458
9 3.414594687952495e-09 3.012895469604796e-07 27113490.29204834 1814
9.75 3.866329777343449e-09 3.812991374616837e-07 25018574.83130096 2178
10.5 4.724147523244667e-09 4.921798093689226e-07 25756379.96249627 2498
11.25 5.110608655231421e-09 5.376107837396455e-07 25421264.53554776 2622
12 6.276046456092802e-09 6.942216890431363e-07 24972321.69522041 3191
12.75 5.578174047625538e-09 6.890783808401771e-07 23113862.74686169 3044
13.5 5.127426075112727e-09 6.643087686814945e-07 23152207.96889225 2736
14.25 4.146860721625962e-09 5.918467247087604e-07 22361251.19286352 2276
15 3.648789275708608e-09 5.452059203409656e-07 21825037.99578161 2016
15.75 3.123429096214285e-09 4.527850335001994e-07 22220885.93688989 1640
16.5 2.087490447372827e-09 3.120471546063342e-07 22687471.63725153 1056
17.25 1.248382519670215e-09 2.283110116389537e-07 21482587.52510364 683
18 6.084578737657288e-10 1.171835850476643e-07 20249415.07099096 350
18.75 3.197026046043205e-10 5.602812275862867e-08 18635632.43564003 192
19.5 7.14456450952505e-11 1.514957885040567e-08 18566491.86588653 44
20.25 4.001498624776949e-11 1.108841860809338e-08 19098933.37114766 25


0.75 8.388380936183596e-12 2.337712698062486e-10 44048107.17929902 18
1.5 6.658175666152433e-11 1.654818263719649e-09 49284871.0021111 62
2.25 1.241876323282815e-10 5.565838721950175e-09 49132549.76609785 98
3 2.88666055359198e-10 1.111714770942385e-08 37925582.44008725 210
3.75 5.908006010532577e-10 2.602827223428393e-08 39879920.97519963 350
4.5 8.553165800208507e-10 3.487632407877845e-08 37213594.16591591 450
5.25 1.081918446072392e-09 5.294158356644947e-08 32802118.8885676 602
6 1.413110929277751e-09 8.703745261676414e-08 32768994.25864702 762
6.75 2.067350166742275e-09 1.414470618789305e-07 30157392.95481616 1142
7.5 2.375170109984779e-09 1.703157415744874e-07 29629445.18256384 1250
8.25 2.720777280167951e-09 2.197773639844617e-07 28127288.14827727 1458
9 3.32459565201042e-09 2.91807710367573e-07 26594306.28700955 1814
9.75 4.028714324064903e-09 3.961909383482769e-07 26281387.91042207 2178
10.5 4.55572108558432e-09 4.701004003491741e-07 24990301.25936331 2498
11.25 4.958361316699579e-09 5.187991826752154e-07 24848832.93816661 2622
12 6.026009121363633e-09 6.569214369708396e-07 24099103.57418403 3191
12.75 5.48080156930463e-09 6.97378185211903e-07 23098794.92879516 3044
13.5 5.185792927610016e-09 6.515424650351978e-07 23440073.15649066 2736
14.25 4.256687030106287e-09 5.889262199118533e-07 22974074.27705992 2276
15 3.49744208434824e-09 5.400332812070977e-07 21282766.36218132 2016
15.75 2.998031873800548e-09 4.519079554641584e-07 21714900.76679883 1640
16.5 1.90148331657832e-09 3.230495314553249e-07 21475875.41148575 1056
17.25 1.23916092962481e-09 1.968965372613316e-07 20830784.44387361 683
18 6.452242678379006e-10 1.299757880484952e-07 21898043.45905573 350
18.75 3.270364637421623e-10 6.883191281816108e-08 20030183.23605848 192
19.5 6.762604737703401e-11 1.272412614766882e-08 17274587.24164785 44
20.25 4.144917940455097e-11 1.276870014710867e-08 20551015.46623321 25


0.75 4.956340383552923e-12 1.027107030936861e-10 23718936.67333747 18
1.5 4.579906143074292e-11 1.545861423988161e-09 38144702.32583848 62
2.25 1.105627730382485e-10 4.525421884400863e-09 42387225.8897875 98
3 3.250880507401464e-10 1.237078907157736e-08 42835584.4446931 210
3.75 6.139735576887153e-10 2.155062085407301e-08 38532503.19906014 350
4.5 8.167917568971429e-10 3.345134283983923e-08 35853512.00670683 450
5.25 1.151915196645734e-09 5.894239999891019e-08 35735069.18034549 602
6 1.259260775692392e-09 8.29182866010614e-08 30160293.28070922 762
6.75 1.950415125999851e-09 1.49481788138146e-07 29879009.26879013 1142
7.5 2.253596133361991e-09 1.584388501269945e-07 28154972.01833649 1250
8.25 2.645846984391113e-09 2.401857331717317e-07 28679843.728819 1458
9 3.337381424419803e-09 3.006238100467802e-07 27134499.74297617 1814
9.75 4.020633406415926e-09 4.027296293127787e-07 26594949.80515035 2178
10.5 4.579293978056134e-09 4.818034306608965e-07 25471884.95382877 2498
11.25 5.144346312271883e-09 5.247080907075579e-07 25808807.75400171 2622
12 6.269775766675615e-09 6.741774897597771e-07 25187222.887621 3191
12.75 5.473131772810924e-09 6.806916372566623e-07 23111873.63738922 3044
13.5 4.630423539214259e-09 6.700354271688235e-07 21912572.2817324 2736
14.25 4.011379752568592e-09 5.57365039708769e-07 21852777.35842652 2276
15 3.479433523239438e-09 5.255922176021815e-07 21229563.04356657 2016
15.75 2.914975603775039e-09 4.682160635252069e-07 21619103.1188843 1640
16.5 1.907290644134304e-09 3.165536632869782e-07 21599214.19898036 1056
17.25 1.153081851058212e-09 2.119613816174647e-07 20210398.60966371 683
18 6.222638631584163e-10 1.227521058541438e-07 21187688.16040895 350
18.75 3.593643346220699e-10 5.492960460900303e-08 20746427.51815731 192
19.5 5.989259333081152e-11 2.043935765731563e-08 18028445.62066292 44
20.25 5.14903761365093e-11 7.526050559438949e-09 21850768.36831339 25


0.75 8.809844038010274e-12 2.171439896334133e-10 44910698.12664038 18
1.5 4.104743338126447e-11 1.478132283453436e-09 35375561.29297716 62
2.25 1.169787476061927e-10 4.575551592125243e-09 44351180.75785235 98
3 2.740386151752502e-10 1.037027482935086e-08 36311682.27418366 210
3.75 5.673425614588832e-10 2.298304284546815e-08 37697485.87226564 350
4.5 8.826897081966815e-10 3.526078213139701e-08 38726504.4978357 450
5.25 1.219411388687768e-09 5.727543103334438e-08 37034831.61198915 602
6 1.439528230161906e-09 8.282052183079811e-08 33110961.42236248 762
6.75 2.189511776360353e-09 1.441473262320518e-07 32024178.28740282 1142
7.5 2.382995874136727e-09 1.761741676932256e-07 30511617.64342209 1250
8.25 2.602296129127376e-09 2.186518653826794e-07 27695426.6587775 1458
9 3.387975476193563e-09 2.911720430482124e-07 27361006.69131042 1814
9.75 4.000678762572722e-09 3.704032683719372e-07 26039538.78169162 2178
10.5 4.630124966576239e-09 4.70251672097136e-07 25694139.5445674 2498
11.25 4.95622734686448e-09 5.166256379233849e-07 25219848.80179437 2622
12 5.994148992688633e-09 6.598344560860672e-07 24429826.27847432 3191
12.75 5.542709084189151e-09 7.002502624918254e-07 23700603.8890544 3044
13.5 4.931885002272702e-09 6.697401589817751e-07 23126443.7544877 2736
14.25 3.887102434764132e-09 5.476277167777948e-07 21427738.89873176 2276
15 3.586091618759805e-09 5.592082492379236e-07 22243599.1649594 2016
15.75 2.79168811254592e-09 4.710752829512738e-07 21139840.34553611 1640
16.5 1.81776487540534e-09 3.345723782173255e-07 21297922.21771717 1056
17.25 1.158430361202719e-09 2.099751259462588e-07 20405038.92970838 683
18 6.146686815406878e-10 1.200462689601078e-07 21054160.84975138 350
18.75 3.084531033858656e-10 7.972746146539549e-08 20255479.64539828 192
19.5 8.571571965345958e-11 1.865820022069407e-08 22988793.68601043 44
20.25 6.129506564786658e-11 7.642915762588579e-09 25609321.97963222 25


0.75 6.475285436907918e-12 1.824581842218543e-10 34992239.89734781 18
1.5 4.782531986901687e-11 1.836818537590845e-09 42760099.4465377 62
2.25 9.29337012743013e-11 3.723902274679957e-09 35930327.54841409 98
3 3.074936800478349e-10 1.041112285663791e-08 39510998.15792538 210
3.75 5.019758592153896e-10 2.453686552989905e-08 36187825.06363581 350
4.5 8.326130263857997e-10 3.545233819819334e-08 37678539.23636842 450
5.25 1.098565031248733e-09 5.491402260205008e-08 34399118.82718705 602
6 1.38576780117593e-09 7.919767696732306e-08 32102940.5418288 762
6.75 2.019347526704764e-09 1.530086116766775e-07 31339724.20593291 1142
7.5 2.197461481717966e-09 1.646047391262397e-07 28522299.58381529 1250
8.25 2.747887650123567e-09 2.082100441965988e-07 28548695.8356475 1458
9 3.305144579343003e-09 2.876155489876697e-07 27042410.97118777 1814
9.75 4.125100009183772e-09 3.884961941993721e-07 27234938.27061931 2178
10.5 4.568272058308273e-09 4.576123626660848e-07 25478354.00222664 2498
11.25 4.91923601753086e-09 4.885275035214955e-07 24927577.01814455 2622
12 6.09301226749558e-09 6.484414334449487e-07 24835060.52861848 3191
12.75 5.605592646286294e-09 7.014798276376464e-07 24122091.69224204 3044
13.5 4.807853482708217e-09 6.721602417453414e-07 22926447.35775175 2736
14.25 3.922346455088947e-09 5.577018256076061e-07 21866944.7275107 2276
15 3.536413420416606e-09 5.381437378433859e-07 21991886.20122536 2016
15.75 2.802274193240335e-09 4.374050873061193e-07 20994768.32505832 1640
16.5 1.849614646724048e-09 2.964721173354514e-07 21134252.7178123 1056
17.25 1.138189890048454e-09 2.047231229131571e-07 20188410.3772687 683
18 6.22596171552518e-10 1.09498686897813e-07 21002451.04085898 350
18.75 3.390993462158897e-10 6.276185366382963e-08 20692508.52889182 192
19.5 5.745372676555208e-11 1.072548756811637e-08 15030454.98862066 44
20.25 5.458613302386022e-11 1.114960686815535e-08 25072028.72762825 25


0.75 7.057961310691165e-12 2.482195610292173e-10 42021882.83051894 18
1.5 5.557610492112766e-11 2.016888427939033e-09 48932130.07846221 62
2.25 1.175591055811368e-10 5.243715828244723e-09 48008242.8203842 98
3 3.049925835105477e-10 9.963201638701446e-09 39042957.04933573 210
3.75 4.838704808714898e-10 2.24876105479046e-08 34483269.61430906 350
4.5 8.336274588573025e-10 3.594864105757926e-08 38216435.43704184 450
5.25 1.002867660084977e-09 5.697800878120156e-08 33155563.56404966 602
6 1.43779673853371e-09 7.902700240793351e-08 33157723.09433822 762
6.75 1.905145505846673e-09 1.440331624129137e-07 29796912.41976572 1142
7.5 2.184870123891421e-09 1.642371481739718e-07 28636749.37100498 1250
8.25 2.838522316977388e-09 2.093718090026687e-07 29499293.05692165 1458
9 3.147716302414086e-09 2.754426646561318e-07 26021056.65752704 1814
9.75 3.862085210353493e-09 3.762608737453642e-07 25986130.82183173 2178
10.5 4.663533984412756e-09 4.655144215714702e-07 26205999.27814071 2498
11.25 4.745108832874732e-09 5.104806211427156e-07 24792421.76774907 2622
12 5.852220686448681e-09 6.708559745360836e-07 24541875.06150498 3191
12.75 5.531534530366574e-09 6.697949900493336e-07 23795987.97410528 3044
13.5 4.733910930971975e-09 6.560011917135608e-07 22712275.93979524 2736
14.25 4.087804072816306e-09 5.462850218790106e-07 22626749.57675124 2276
15 3.509483323789737e-09 5.494281232215101e-07 22172579.28373106 2016
15.75 2.830976654768529e-09 4.396484028923168e-07 21364931.52400498 1640
16.5 1.844581699267751e-09 3.029363569620912e-07 21378489.68756638 1056
17.25 1.157741258422977e-09 2.083187790454591e-07 20712526.63801758 683
18 5.523435158325927e-10 1.085032482699806e-07 19276048.95742526 350
18.75 3.904698999075658e-10 5.955731568504498e-08 23119186.79867055 192
19.5 6.103443066072485e-11 1.577528033208251e-08 17378230.14573464 44
20.25 4.995352860234266e-11 1.105732595293944e-08 23549327.01514834 25


0.75 1.308757396361837e-11 1.607105414812119e-10 56796075.29856744 18
1.5 6.057383840696678e-11 1.247651027210735e-09 44077429.77201308 62
2.25 1.238304906822696e-10 4.947883394218262e-09 48621610.37721124 98
3 3.178528102323421e-10 1.021345089810715e-08 40779343.46255475 210
3.75 6.043885401611396e-10 2.049622211795646e-08 38811211.79681265 350
4.5 6.69679230594834e-10 3.696694466231831e-08 33902491.44781186 450
5.25 1.110557135139035e-09 5.088564606196199e-08 34349268.47497669 602
6 1.341853984967364e-09 7.885664283216655e-08 31914005.94864035 762
6.75 1.997995793408209e-09 1.309587472137146e-07 29948991.77872663 1142
7.5 2.036779149829146e-09 1.580899068925028e-07 27210169.19858431 1250
8.25 2.671349034593634e-09 2.158129707736865e-07 28802172.05155387 1458
9 3.373073850191704e-09 2.828677539976542e-07 27745072.29736393 1814
9.75 3.941442450001136e-09 3.638434182160943e-07 26302954.45951506 2178
10.5 4.868431786657541e-09 4.591605339999113e-07 27140770.76140631 2498
11.25 4.806492695657405e-09 5.072934240051253e-07 25184882.4262395 2622
12 5.621507927457389e-09 6.618815461616815e-07 23947252.88318547 3191
12.75 5.562980387496284e-09 6.372206944493639e-07 23783939.33560596 3044
13.5 4.898995153797612e-09 6.153246314243267e-07 23096205.26365482 2736
14.25 4.077002389908133e-09 5.400746067190123e-07 22705466.82041223 2276
15 3.389382882514417e-09 5.023090301508262e-07 21292487.16963545 2016
15.75 2.737821934775402e-09 4.50170686567371e-07 21130561.1659314 1640
16.5 1.824488166250689e-09 3.095980918120548e-07 21489969.54668761 1056
17.25 1.201696832523583e-09 2.272082414388714e-07 21941548.36181847 683
18 5.822510833668793e-10 9.544630565088644e-08 19675808.19882878 350
18.75 3.251255371047681e-10 6.866559335753596e-08 20791242.82185884 192
19.5 9.114288184075166e-11 1.180728363829189e-08 22721453.2883425 44
20.25 5.226145297630711e-11 1.200454513764215e-08 25054611.15529114 25


0.75 1.111300477321522e-11 1.207318227585706e-10 47464295.98662586 18
1.5 5.35903290921097e-11 1.816867546253499e-09 46647773.72813225 62
2.25 1.039651425937401e-10 3.601791036707778e-09 38875939.30683845 98
3 3.285646605708869e-10 1.230744451927883e-08 44902099.05005854 210
3.75 6.292128632210081e-10 2.106557045219329e-08 40574003.28938277 350
4.5 7.779235030538907e-10 3.668774354727542e-08 37406240.1296679 450
5.25 1.027918706011565e-09 4.866331163915609e-08 32402237.04102086 602
6 1.320287641971245e-09 7.564310243478443e-08 31387588.81215565 762
6.75 2.06118020155276e-09 1.40104463721323e-07 31545821.29401477 1142
7.5 2.265578359132762e-09 1.635798804672413e-07 29786852.16907208 1250
8.25 2.448551421237297e-09 2.218405526143253e-07 27670807.63694792 1458
9 3.261674326018067e-09 2.906538667357677e-07 27571385.48706842 1814
9.75 3.879493740591753e-09 3.602504729140575e-07 26153292.02094767 2178
10.5 4.377342141257136e-09 4.63622466082492e-07 25453318.66381356 2498
11.25 4.672461468532036e-09 5.004134371890255e-07 24789945.2515256 2622
12 5.764888998609437e-09 6.62541297567725e-07 24598082.08989095 3191
12.75 5.102586780818539e-09 7.005508326600172e-07 23111803.88545844 3044
13.5 4.715701265606938e-09 6.230123208939101e-07 22713032.00625112 2736
14.25 3.766348781827904e-09 5.458990786511204e-07 21640819.5122635 2276
15 3.73634692836933e-09 5.120581528476611e-07 23224453.83861971 2016
15.75 2.944603875047048e-09 4.190153179295946e-07 22138411.44355262 1640
16.5 1.842857087571686e-09 3.017614399891615e-07 21702681.01465438 1056
17.25 1.096044400328777e-09 2.425708739033281e-07 21034023.14691128 683
18 6.033466664301731e-10 1.117214078921336e-07 21115846.21587607 350
18.75 2.456023787559636e-10 5.49139401048281e-08 16060004.57103266 192
19.5 6.612256278464033e-11 1.679412896844165e-08 19056970.84581078 44
20.25 6.143421349883906e-11 6.079146913987856e-09 25784494.00201767 25


0.75 7.37879823800878e-12 3.115634348261861e-10 48869073.07295886 18
1.5 5.735376275792501e-11 1.726026935528612e-09 48056985.96983825 62
2.25 1.052805859280751e-10 3.935177592549685e-09 40888825.95973513 98
3 2.870113439680545e-10 9.900642863621949e-09 38361643.96309467 210
3.75 5.489038525466334e-10 2.101093997264504e-08 37306269.99807598 350
4.5 8.255036348254007e-10 3.36460167153219e-08 38048301.16519459 450
5.25 1.053414859725168e-09 5.473262260778223e-08 34555374.62195592 602
6 1.352565733329329e-09 7.874453372668293e-08 32596141.9176631 762
6.75 2.206996254489359e-09 1.301998774471241e-07 32490991.97632098 1142
7.5 2.166894062027171e-09 1.630723547609179e-07 29122047.17013583 1250
8.25 2.545628142591705e-09 2.052336277639394e-07 27885499.25294793 1458
9 3.177897961121013e-09 2.660220555721678e-07 26560744.03097381 1814
9.75 4.084563206628245e-09 3.560704718906402e-07 27250882.18965808 2178
10.5 4.487485117241526e-09 4.231753380352324e-07 25433769.38147758 2498
11.25 4.559862363337732e-09 5.213977021467864e-07 24859712.8490317 2622
12 5.695008839386769e-09 6.416282795795901e-07 24367665.77582841 3191
12.75 5.638240751879593e-09 6.699986570100277e-07 24742791.57368063 3044
13.5 4.518953289156384e-09 6.209722634206687e-07 22177081.32282817 2736
14.25 3.955468634797608e-09 5.622352627635518e-07 22799662.88029833 2276
15 3.353115322761607e-09 5.363925761199928e-07 21842950.90367211 2016
15.75 2.749536710350451e-09 4.380320612804575e-07 21407515.04452778 1640
16.5 1.916007069690688e-09 2.905516142693017e-07 22354141.47378132 1056
17.25 1.169027591772382e-09 1.914201399418779e-07 20982585.96063231 683
18 6.44658437784949e-10 1.198455952348938e-07 22770169.74849807 350
18.75 2.646954485452236e-10 6.358222619909388e-08 17776369.29325289 192
19.5 8.48584580766107e-11 1.301099288404507e-08 22111863.69718319 44
20.25 5.372907339778159e-11 9.431519673213614e-09 24761018.72232128 25


0.75 1.193860596161783e-11 4.123859251468007e-10 72863252.68995957 18
1.5 4.578252824940152e-11 1.917640496281405e-09 44324922.62604043 62
2.25 1.130259670705997e-10 3.110341343800057e-09 39530919.35150677 98
3 3.053383598915411e-10 1.146514554303983e-08 42431762.00016762 210
3.75 5.757922774314267e-10 2.432814687987014e-08 40869857.12303255 350
4.5 8.306178935861398e-10 3.234652462742177e-08 38017743.035933 450
5.25 1.008419499779876e-09 5.702649448859895e-08 34382883.72387844 602
6 1.313747605650515e-09 7.862181866507237e-08 32223438.2824863 762
6.75 2.031983270582965e-09 1.284958279404196e-07 30839974.45343424 1142
7.5 2.204336384041122e-09 1.674926087929301e-07 29962222.84302863 1250
8.25 2.539328820991845e-09 2.037512163256423e-07 27998591.67779307 1458
9 2.907142319094071e-09 2.923339438495759e-07 26001994.08317339 1814
9.75 4.060254505377997e-09 3.461154318780686e-07 27134473.61142241 2178
10.5 4.407974053902757e-09 4.416447131586642e-07 25626325.76200992 2498
11.25 4.692699796705022e-09 4.950184653595627e-07 25199781.8483782 2622
12 6.145726581440268e-09 6.541864069875568e-07 26112611.45379338 3191
12.75 5.64863053365019e-09 6.363656159496731e-07 24651056.34371976 3044
13.5 4.557351537191763e-09 6.342744013516714e-07 22627290.75073291 2736
14.25 3.790390326200698e-09 5.363742046181511e-07 22002194.01004184 2276
15 3.410141786297558e-09 5.272114921069711e-07 22198382.72825874 2016
15.75 2.742284623094812e-09 4.275960286245735e-07 21413865.90677051 1640
16.5 1.625704137815336e-09 3.015611748436535e-07 20074759.82143183 1056
17.25 1.169310110148254e-09 2.002521962098492e-07 21376335.64480341 683
18 5.702407646987115e-10 1.127015172408342e-07 20602869.44840147 350
18.75 3.270400787443243e-10 6.823892133755347e-08 21379142.07075309 192
19.5 4.53381536938358e-11 1.281667406319097e-08 13676437.94032156 44
20.25 5.02521720331575e-11 9.091369606057115e-09 23484092.63367164 25


0.75 4.38640147200032e-12 2.946488770590099e-10 37752523.46329923 18
1.5 6.129019419851665e-11 1.382218616557415e-09 47402311.07798956 62
2.25 1.183609588586804e-10 4.17605223000077e-09 45716240.53636055 98
3 3.153516039704269e-10 8.983690565880982e-09 40235222.58357967 210
3.75 6.23183479325874e-10 2.185582417808328e-08 41844248.35811259 350
4.5 7.706274666728748e-10 3.277571069660847e-08 36657354.79594785 450
5.25 1.049803269540534e-09 4.636169075777513e-08 33188529.84490498 602
6 1.363671385360439e-09 8.22538299272283e-08 33848087.62990319 762
6.75 2.092127884838953e-09 1.38923741505927e-07 32574044.53896532 1142
7.5 2.209880635658454e-09 1.516763436799093e-07 29313436.56424226 1250
8.25 2.389515958268819e-09 2.007619910109972e-07 26987638.08586106 1458
9 3.078303056557473e-09 2.536257799677387e-07 26043718.02809701 1814
9.75 3.681148523636593e-09 3.653395901022021e-07 25974405.81616021 2178
10.5 4.634068660131818e-09 4.501139646612124e-07 26937549.96268304 2498
11.25 4.504362967386006e-09 5.031544144617948e-07 24804583.28015635 2622
12 5.525215752114263e-09 6.585071442662337e-07 24422126.22605558 3191
12.75 5.446507804173227e-09 6.824421204124129e-07 24654601.73042638 3044
13.5 4.233051388642692e-09 6.142896244888073e-07 21447233.99813873 2736
14.25 3.956235772952032e-09 5.15829412926583e-07 22694817.29968189 2276
15 3.35491958931504e-09 4.973667496211072e-07 21794928.36237733 2016
15.75 2.630366971165162e-09 4.332996576420899e-07 21001656.76729628 1640
16.5 1.742603864790657e-09 3.129978884780998e-07 21525023.85821993 1056
17.25 1.106135534568805e-09 2.11004418077073e-07 20929716.09453214 683
18 6.417301936894473e-10 1.113589767345276e-07 22697305.62237826 350
18.75 2.895471755304165e-10 6.036446393423829e-08 19086680.92158981 192
19.5 7.65843973581244e-11 1.271397982942454e-08 20588391.1964763 44
20.25 4.154921891827066e-11 6.660606351035675e-09 19155557.6315122 25


0.75 9.785284885662056e-12 7.719974591035055e-11 41084575.91928989 18
1.5 4.09052505013651e-11 1.424167843908182e-09 37224923.30499211 62
2.25 1.107346961534374e-10 3.406359256340998e-09 40992978.09133082 98
3 2.904412450185846e-10 1.137614466968947e-08 41757569.36038269 210
3.75 6.983257337519967e-10 1.871356140578403e-08 43634970.67109071 350
4.5 7.988460788526104e-10 3.5916015537976e-08 39058939.7552986 450
5.25 9.709570761281424e-10 5.473991936001751e-08 33651481.94911786 602
6 1.307394422938041e-09 7.865591233888739e-08 32693704.23564821 762
6.75 1.939825074876301e-09 1.336677675453668e-07 30847966.57199449 1142
7.5 2.211044871020845e-09 1.582396264195193e-07 29975064.04530937 1250
8.25 2.447461503386035e-09 1.887421022098967e-07 27111414.06980696 1458
9 2.964554676548705e-09 2.669092284177672e-07 25998825.42843605 1814
9.75 3.79471615905237e-09 3.521507328045072e-07 26447702.21858002 2178
10.5 4.247597816195722e-09 4.26543658724997e-07 25137701.41174858 2498
11.25 4.339273788651879e-09 5.193785157972406e-07 24597147.42291378 2622
12 5.55816239438691e-09 6.483826679608149e-07 24624075.97329732 3191
12.75 5.34852517659686e-09 6.287743924675997e-07 24002897.08450249 3044
13.5 4.635741668848368e-09 5.922060303456144e-07 22886107.64197525 2736
14.25 3.941307450077127e-09 5.423247741500338e-07 23103775.93933881 2276
15 3.430408487038889e-09 5.061437559689757e-07 22444473.07311262 2016
15.75 2.653013996448368e-09 4.401164533635194e-07 21397056.47650244 1640
16.5 1.817513740831629e-09 2.905429884474565e-07 22006458.16529416 1056
17.25 9.864943150458265e-10 1.909870357186137e-07 18891335.55457323 683
18 5.300050721938849e-10 1.039200498789596e-07 19437286.60933708 350
18.75 3.118400531325481e-10 6.062968796544389e-08 20396760.35113829 192
19.5 7.200300748792805e-11 2.18951781498336e-08 22558476.54885645 44
20.25 7.07079981553326e-11 1.464689181822428e-08 34538535.60264841 25


0.75 8.847641478990179e-12 3.440051061248044e-10 58295930.16368413 18
1.5 4.605860729009398e-11 1.52507124632228e-09 41371881.60671019 62
2.25 1.195604532478669e-10 3.372961122726361e-09 43234739.87094255 98
3 3.009828367139192e-10 1.195836576664752e-08 43823995.29265323 210
3.75 5.777860338743315e-10 2.058072409038428e-08 39593131.0779805 350
4.5 7.715780199254708e-10 3.153910741211846e-08 36782217.14454149 450
5.25 1.117365476431488e-09 4.982422043457777e-08 35984462.49447457 602
6 1.325205633611416e-09 7.789711805081167e-08 33114365.53827001 762
6.75 1.894238710457025e-09 1.277317593443044e-07 30122339.47295263 1142
7.5 2.162965729124516e-09 1.563706065276958e-07 29642323.25890547 1250
8.25 2.488561581171567e-09 2.107755911980855e-07 28635329.71418115 1458
9 3.22765357607805e-09 2.777522648492662e-07 28118367.53795066 1814
9.75 3.691684079919601e-09 3.436591934289642e-07 25951825.40789038 2178
10.5 4.378442954461171e-09 4.294226376687424e-07 25934135.14531915 2498
11.25 4.608312272816824e-09 4.754794910021442e-07 25213547.09310142 2622
12 5.77271924407746e-09 6.212939026413672e-07 25217464.63200992 3191
12.75 5.030144767207661e-09 6.209343985423069e-07 23046426.02491947 3044
13.5 4.579953315333439e-09 6.310730732453824e-07 23247759.96352392 2736
14.25 3.786943356847549e-09 5.295805458754397e-07 22466211.59651035 2276
15 3.205510238890319e-09 5.154893086198342e-07 21612473.36780343 2016
15.75 2.743016187902726e-09 4.073821880177866e-07 21704453.12541885 1640
16.5 1.694078872148147e-09 2.736925430259834e-07 20725986.76184876 1056
17.25 1.089807603738162e-09 1.905555249787749e-07 20522188.06184047 683
18 5.913226020597917e-10 9.900012043195882e-08 21093539.9514986 350
18.75 3.841201946018794e-10 5.96657392815863e-08 24183227.09403668 192
19.5 5.446792170042708e-11 1.447818850087421e-08 16559486.4286555 44
20.25 3.706494288883393e-11 6.69310332159322e-09 17749853.03961988 25


0.75 4.205339882068881e-12 1.514816992534359e-10 27021761.68816905 18
1.5 3.540881552343354e-11 1.391780847116083e-09 34459017.62802163 62
2.25 1.059352069579237e-10 3.900385244435079e-09 42629209.03188838 98
3 2.861800473783464e-10 1.145256681648788e-08 42154845.28734625 210
3.75 5.560988195167199e-10 2.224930851799744e-08 40022792.79943725 350
4.5 7.751515755649557e-10 3.027947760699397e-08 36737896.7181609 450
5.25 1.002652398441245e-09 5.281707857205487e-08 34453238.86392034 602
6 1.290374313551747e-09 7.897076130804821e-08 32989829.0128103 762
6.75 1.928476792716076e-09 1.182855516144658e-07 29965960.33849714 1142
7.5 2.111993091490933e-09 1.570157176495877e-07 29465457.36529148 1250
8.25 2.443217560478054e-09 2.018995988398047e-07 28122955.973049 1458
9 3.015251222671447e-09 2.777959732342719e-07 27075077.31318253 1814
9.75 3.670932194277712e-09 3.424710080281566e-07 26043330.91367399 2178
10.5 4.239198276953776e-09 4.189223313612729e-07 25378611.12507175 2498
11.25 4.571786354791371e-09 4.719720987787027e-07 25230370.39888059 2622
12 5.650677511243418e-09 6.224879492657978e-07 25048219.17925398 3191
12.75 5.039693897284008e-09 6.349476295821744e-07 23414902.18546151 3044
13.5 4.551120321822207e-09 5.990030317343949e-07 23013415.50021113 2736
14.25 4.018936441944415e-09 5.594796791312641e-07 24015702.84547966 2276
15 3.35932718506245e-09 4.607567445931364e-07 21948098.83621544 2016
15.75 2.649492832885072e-09 4.113809984256411e-07 21365553.39943226 1640
16.5 1.78578811332754e-09 2.767590520955445e-07 21821576.51088396 1056
17.25 1.059748130274055e-09 1.850694138423408e-07 20117680.89483499 683
18 4.854478830044613e-10 1.007471201025586e-07 18349146.93739802 350
18.75 2.694374688131917e-10 5.836260818180816e-08 18371257.57264439 192
19.5 1.023200577899145e-10 1.881316971587866e-08 28759569.14882699 44
20.25 4.735388111153316e-11 5.379960624361127e-09 21242445.03736527 25


0.75 6.228890730401826e-12 1.932803798450309e-10 37948671.50463463 18
1.5 4.956024470963005e-11 1.617930811396727e-09 45040433.02100308 62
2.25 8.949696017129771e-11 3.205387682810843e-09 35925869.91634774 98
3 2.658716755833907e-10 1.056603840879149e-08 39386125.70943327 210
3.75 5.27005951811493e-10 2.263790300603878e-08 39255754.6772736 350
4.5 6.12133517016178e-10 3.296675189276201e-08 32791839.19550886 450
5.25 9.786525212575521e-10 5.404122839116487e-08 34490765.22571878 602
6 1.248148529671805e-09 7.081020931775894e-08 31339162.02018163 762
6.75 1.801458513545297e-09 1.290437021336899e-07 29761758.36155844 1142
7.5 2.174001470664838e-09 1.515748396239843e-07 29946796.05011255 1250
8.25 2.518853777993774e-09 1.891952616717357e-07 28357957.64318758 1458
9 2.918816184913417e-09 2.599056414628598e-07 26138451.1849761 1814
9.75 3.805107432950405e-09 3.518282167016489e-07 27146484.62817683 2178
10.5 4.210256781097126e-09 3.886173427865896e-07 24930552.4499881 2498
11.25 4.556216567665694e-09 4.831070887092137e-07 25542368.34226106 2622
12 5.543404510175581e-09 6.110011544198694e-07 24780022.78926615 3191
12.75 5.206732857908778e-09 6.373103314069497e-07 24201418.19325459 3044
13.5 4.335226439985338e-09 6.041113222373406e-07 22443233.26960742 2736
14.25 3.404245657045457e-09 5.460116725682183e-07 21306135.79114497 2276
15 3.297542469934545e-09 4.633579048585153e-07 21847779.2092374 2016
15.75 2.729612759344937e-09 4.269656999749031e-07 22233233.80923308 1640
16.5 1.742998135570352e-09 2.780965374092452e-07 21618033.24729859 1056
17.25 1.050488320898485e-09 1.948839133186352e-07 20398691.57905234 683
18 5.539719420389948e-10 1.042319743419348e-07 20618723.19269075 350
18.75 2.848805781339487e-10 5.900176104126876e-08 19375020.98511854 192
19.5 7.885111208567982e-11 1.214126979563695e-08 21607146.78405404 44
20.25 5.585841292472215e-11 7.726955697026667e-09 25977604.75970455 25


0.75 1.228787828838332e-11 2.359093543790681e-10 63991966.48774496 18
1.5 5.10772135764482e-11 1.374642868797897e-09 43532250.99708451 62
2.25 7.670402224559971e-11 3.919758282569783e-09 36218741.86164892 98
3 2.992567802123228e-10 9.228722548183728e-09 40752247.80586361 210
3.75 5.19212063841566e-10 2.029547751459827e-08 37646640.98159976 350
4.5 6.768159729475795e-10 3.573926166998557e-08 36252743.67671195 450
5.25 9.970479759739404e-10 4.352478223041519e-08 32688242.89818763 602
6 1.207325119980295e-09 7.524142451109802e-08 31567434.90056036 762
6.75 1.86273268578395e-09 1.228169019464807e-07 30123740.77539169 1142
7.5 2.20489721456475e-09 1.50544787845881e-07 30401084.94522697 1250
8.25 2.353225106087091e-09 1.942875136693324e-07 27515611.96449776 1458
9 3.089940622111848e-09 2.656903969686305e-07 27580234.3793614 1814
9.75 3.592362574998662e-09 3.619438086768088e-07 26522958.74533926 2178
10.5 4.407235551339579e-09 4.400287568038861e-07 26891125.95675202 2498
11.25 4.561205275654493e-09 4.771260204662681e-07 25672693.27174817 2622
12 5.346450971292741e-09 6.135492343190315e-07 24352371.39440706 3191
12.75 4.966350304184892e-09 6.450906984172604e-07 23646965.84925498 3044
13.5 4.516649308597692e-09 5.828883680766491e-07 23091208.10074113 2736
14.25 3.566498294931422e-09 5.262229763413109e-07 21988949.49644253 2276
15 3.224169352714249e-09 4.910882183987083e-07 21964789.97872349 2016
15.75 2.474071323772572e-09 4.251375916365322e-07 20799093.79967971 1640
16.5 1.62141104265903e-09 3.043870801702289e-07 21099518.02395749 1056
17.25 1.006374836575691e-09 1.707327279583034e-07 19285991.28707732 683
18 6.309309873539066e-10 1.105057767822949e-07 23290337.22792294 350
18.75 2.936877239819791e-10 4.850746982722187e-08 19173506.15144651 192
19.5 6.666645316047349e-11 1.111721792845327e-08 18683254.81248283 44
20.25 4.841389437900936e-11 6.731112507288566e-09 22711822.64858023 25


0.75 9.948045157501655e-12 1.61006499210604e-10 49756920.8218047 18
1.5 6.314239591789378e-11 1.406130294636495e-09 50921323.09894225 62
2.25 1.52066569924386e-10 4.865990946445262e-09 59339837.18400729 98
3 2.647053249866357e-10 1.006158297237775e-08 39118468.18167454 210
3.75 4.979628929041404e-10 2.196707777943531e-08 38028529.39533392 350
4.5 7.281142387492307e-10 3.576057112931607e-08 38225900.77019441 450
5.25 9.329819465489223e-10 5.152022086265753e-08 33381714.65339792 602
6 1.189281222945681e-09 7.069291615828754e-08 30807884.79649746 762
6.75 1.951251300740553e-09 1.168265271396093e-07 30798229.53780927 1142
7.5 2.036613208865222e-09 1.478070183848442e-07 28860389.04846784 1250
8.25 2.239993064653673e-09 1.904530334888402e-07 26653929.2080234 1458
9 3.017934229205646e-09 2.422110671759799e-07 26582083.49357203 1814
9.75 3.642743764936222e-09 3.462479429911708e-07 26615525.84144463 2178
10.5 4.257066816662444e-09 4.102752718474376e-07 25912203.80736659 2498
11.25 4.498169439199414e-09 4.584581872787529e-07 25333096.29691803 2622
12 5.383198388274385e-09 6.026483837254177e-07 24544932.17039233 3191
12.75 5.135191083896371e-09 6.05294800853118e-07 24005249.08478273 3044
13.5 4.613693151225278e-09 5.842259636069046e-07 23657508.63993398 2736
14.25 3.840098213461463e-09 5.348378696472243e-07 23506533.25891148 2276
15 2.987218590157626e-09 4.75600820520603e-07 20748683.35122968 2016
15.75 2.639996559646468e-09 4.424314906352207e-07 22225588.30000031 1640
16.5 1.713489910890738e-09 2.610930279154804e-07 21365523.445071 1056
17.25 1.075573698199202e-09 1.99009146807114e-07 21205968.52250449 683
18 5.310547109730389e-10 9.099933351087325e-08 19665392.20254505 350
18.75 3.07478582295865e-10 5.493778384370685e-08 20559814.36070705 192
19.5 7.668462298183133e-11 1.094824155381688e-08 21075442.96422001 44
20.25 3.692232245543245e-11 1.019358129035979e-08 20116344.27502757 25


0.75 7.118854201973309e-12 1.697581342543136e-10 40277071.46331573 18
1.5 4.172353937089927e-11 1.650478611582477e-09 42028882.554033 62
2.25 1.156650378322427e-10 3.610625095635188e-09 45102462.50396089 98
3 2.643309529562048e-10 1.036330512529204e-08 39859772.65786164 210
3.75 4.6117258913496e-10 2.259014762887618e-08 37009941.06945761 350
4.5 7.33615802362249e-10 3.083720525355592e-08 36746830.39246381 450
5.25 9.501979603740942e-10 4.998625708896535e-08 33681686.64221023 602
6 1.242655855878752e-09 7.489028669212263e-08 32613702.85417228 762
6.75 1.958403916186081e-09 1.242179384298166e-07 31757944.80270615 1142
7.5 1.903474423730594e-09 1.559141791918497e-07 28350911.73686721 1250
8.25 2.32820587852246e-09 1.989485979002579e-07 27977847.43342874 1458
9 2.950818234747145e-09 2.623549852436367e-07 27043216.73177551 1814
9.75 3.674631153850835e-09 3.346073269270012e-07 26720085.10910043 2178
10.5 4.169029928822957e-09 4.173419175334723e-07 25865509.00074988 2498
11.25 4.265693134407848e-09 4.707674674812535e-07 24768788.05371599 2622
12 5.344652036387314e-09 5.826583774719966e-07 24393805.28291984 3191
12.75 4.99858013273307e-09 6.227340601309539e-07 23906915.36095369 3044
13.5 4.314168292418775e-09 5.877842138544024e-07 22733919.10011726 2736
14.25 3.71129851145334e-09 5.02640547387542e-07 22742032.0205582 2276
15 3.095869732190107e-09 4.788684485162211e-07 21515747.79577444 2016
15.75 2.532676149182873e-09 4.41883005902774e-07 21722151.46444973 1640
16.5 1.639572839952277e-09 2.883044941141356e-07 21320629.15897416 1056
17.25 1.010516756870151e-09 1.952766973466276e-07 20303192.19020407 683
18 5.155562768810511e-10 9.748683888134609e-08 19677265.74102553 350
18.75 3.194845510448891e-10 4.795420329735766e-08 20813136.2124894 192
19.5 7.237441016237353e-11 1.036743248487434e-08 20063734.93675444 44
20.25 3.119632973005887e-11 9.696259401311068e-09 17708200.78700087 25


0.75 8.353135229884804e-12 9.257769505587704e-11 39128533.65603111 18
1.5 5.058318411188698e-11 1.59265284606061e-09 46784592.3212891 62
2.25 1.089874093441586e-10 3.022365734781979e-09 41151882.178316 98
3 2.725305434449884e-10 1.091868920821992e-08 41804212.10233992 210
3.75 5.502286174241045e-10 2.266141028008887e-08 41651663.00231654 350
4.5 6.020392849117047e-10 3.223788458594888e-08 33219991.34963293 450
5.25 9.492171549160416e-10 4.787451835147455e-08 33438903.78161488 602
6 1.331830900086442e-09 7.268201632766267e-08 34073520.18568984 762
6.75 1.976019833856155e-09 1.144856725657491e-07 31387669.15248734 1142
7.5 2.001063200005344e-09 1.461289283476654e-07 28890260.82316092 1250
8.25 2.517935682050697e-09 1.969989184339335e-07 29643066.45930049 1458
9 2.815539927635337e-09 2.542405877414234e-07 26149625.32883615 1814
9.75 3.722283543679445e-09 3.425048957657314e-07 27378670.91965507 2178
10.5 4.123396690988067e-09 4.059253830237882e-07 25671278.41053197 2498
11.25 4.134695338422525e-09 4.781023245556876e-07 24542695.6649792 2622
12 5.27175522202393e-09 6.043417437799013e-07 24593855.58772873 3191
12.75 5.118886968481983e-09 6.367621677279295e-07 24675329.33719505 3044
13.5 4.299362168080308e-09 5.887199007507431e-07 22874377.29025146 2736
14.25 3.68116824119569e-09 4.860081398039049e-07 22600913.06557242 2276
15 2.970306142690022e-09 5.141535184589874e-07 21452813.62592351 2016
15.75 2.682366481962193e-09 3.91806463332094e-07 22198037.35128151 1640
16.5 1.687454057440347e-09 2.671881545385285e-07 21574293.1928299 1056
17.25 1.045390192557776e-09 1.781797528754101e-07 20546463.36334791 683
18 5.460569755838643e-10 8.695302390896555e-08 20238973.15603848 350
18.75 2.812893214873217e-10 5.404706128421617e-08 19419938.31512112 192
19.5 5.639681364934315e-11 1.131484777436705e-08 16810913.67225105 44
20.25 6.197713446486243e-11 5.1114471774181e-09 27917345.27443093 25


0.75 3.746117099112456e-12 2.218493332087764e-10 32310977.22833676 18
1.5 3.84782082257312e-11 1.430937277423067e-09 38355448.2869704 62
2.25 9.30102510425494e-11 3.964043534764893e-09 41732651.8520921 98
3 2.86455198399668e-10 1.050585168655989e-08 42803998.2435357 210
3.75 5.150271114162451e-10 2.158474316722924e-08 39536350.5704799 350
4.5 7.018468677845216e-10 3.084891816085348e-08 36281274.25192299 450
5.25 1.024217987931835e-09 4.815462216889188e-08 35504739.25577006 602
6 1.182333636855281e-09 6.622075195041994e-08 30747074.78153045 762
6.75 1.837441721550912e-09 1.203311412941525e-07 30609424.48146565 1142
7.5 1.931597174035267e-09 1.595180713382874e-07 29323882.9555382 1250
8.25 2.252725922231383e-09 2.065758795241366e-07 28190386.78088304 1458
9 2.84008118343391e-09 2.398348749914665e-07 26028525.15222973 1814
9.75 3.45398602584267e-09 3.413383730695132e-07 26170791.38433901 2178
10.5 3.943366212461319e-09 4.014418709606816e-07 24986165.76141933 2498
11.25 4.283190526270855e-09 4.591287506187398e-07 25064435.24091266 2622
12 5.186860676629965e-09 6.259723380656898e-07 24742636.81300843 3191
12.75 4.791656819243716e-09 5.735378456357333e-07 23041437.59930439 3044
13.5 4.373348782015883e-09 5.941934230987957e-07 23402317.24365263 2736
14.25 3.491944337818978e-09 5.240847354480259e-07 22333042.29249132 2276
15 3.193967659742517e-09 4.768736577347547e-07 22355194.35249477 2016
15.75 2.61017284673364e-09 4.291079991247301e-07 22402739.61887172 1640
16.5 1.533704015804117e-09 2.925949511947236e-07 20696888.05114537 1056
17.25 9.450658864515898e-10 1.877952489041235e-07 19433561.93368925 683
18 5.211886889023179e-10 1.075944962188581e-07 20647294.54269814 350
18.75 3.004930969179931e-10 6.760734943188137e-08 21705080.5889883 192
19.5 3.609423449122249e-11 1.739672250636912e-08 14159860.37097861 44
20.25 5.340896425332096e-11 7.229245368428222e-09 25767254.7789998 25


0.75 9.414234974963128e-12 2.408489051573169e-10 56070798.08383547 18
1.5 4.959588421581779e-11 1.199930750070015e-09 42555836.73317105 62
2.25 9.71612249718875e-11 2.620236360374704e-09 37005453.50182456 98
3 2.895906930946703e-10 1.055640091439564e-08 43595656.85857232 210
3.75 4.679019272954987e-10 1.932257508612886e-08 36065936.06833021 350
4.5 6.414190843580582e-10 3.595416119290489e-08 36648593.73209031 450
5.25 9.575038461680174e-10 4.450881203759764e-08 33382609.74928645 602
6 1.189371550278583e-09 6.973644819831743e-08 31707400.87251635 762
6.75 1.734636718848144e-09 1.2676513042852e-07 30301118.63481186 1142
7.5 1.973267909388557e-09 1.420158079148958e-07 28829019.04580102 1250
8.25 2.208681363011314e-09 1.779195701996509e-07 26686318.33321877 1458
9 2.719589283460026e-09 2.497305082356286e-07 25818900.78852576 1814
9.75 3.569777645143964e-09 3.233472239444698e-07 26570180.06012831 2178
10.5 3.917352855362442e-09 3.936816993855884e-07 24942681.01099617 2498
11.25 4.181698089340089e-09 4.695395780230988e-07 25014255.39112531 2622
12 5.175818077798157e-09 5.975932844932907e-07 24594134.20024632 3191
12.75 5.143327224651827e-09 5.980256934233425e-07 24757267.17923686 3044
13.5 4.267636428079291e-09 5.846941497155304e-07 23082960.39631499 2736
14.25 3.421641503975709e-09 4.946383937948875e-07 21850047.44934815 2276
15 3.023160628446854e-09 4.672086610376655e-07 21526719.76463268 2016
15.75 2.643232092653502e-09 3.911846210383516e-07 22301178.16408963 1640
16.5 1.629010508783597e-09 2.985772779764371e-07 21936458.44099467 1056
17.25 9.459370450305041e-10 1.704442270777463e-07 19143544.39313432 683
18 4.952691016014021e-10 9.883815055546674e-08 19619771.71548694 350
18.75 2.942803474838767e-10 5.603605912282638e-08 20607684.49737823 192
19.5 7.505793428374181e-11 9.97380431934137e-09 21066433.87578094 44
20.25 4.836244264347862e-11 5.597935740247926e-09 23014149.32549923 25


0.75 8.124126469521471e-12 2.439254571784161e-10 51692819.59879955 18
1.5 4.981855343385279e-11 1.291816920011769e-09 44045919.49580122 62
2.25 8.305955029450906e-11 4.267221551186959e-09 41261382.66353802 98
3 2.884077504239321e-10 9.750063091140265e-09 42570358.76469392 210
3.75 4.5707827035637e-10 1.871714290577973e-08 35387014.59857143 350
4.5 6.688717332145135e-10 3.162427840427099e-08 36087798.97067346 450
5.25 9.444543465636129e-10 4.224985764434314e-08 32768139.00349304 602
6 1.117479371355757e-09 7.622285075470692e-08 31719931.00924724 762
6.75 1.979659421874041e-09 1.159471441481965e-07 32332617.79082415 1142
7.5 1.926106832113032e-09 1.496975776695505e-07 29098263.35026268 1250
8.25 2.371176297060535e-09 1.820185608772962e-07 28430546.79815071 1458
9 2.808514571283573e-09 2.4785152746764e-07 26529270.95552672 1814
9.75 3.38013415704639e-09 3.185373468240644e-07 25655584.34498475 2178
10.5 3.894314992528132e-09 3.945469788647995e-07 25047651.43562232 2498
11.25 3.984093348142495e-09 4.608172750369828e-07 24229160.66955575 2622
12 5.366718432267752e-09 6.028682887236248e-07 25507326.62001582 3191
12.75 4.702648236169178e-09 6.101517598205362e-07 23493211.73395298 3044
13.5 4.114667871769335e-09 5.504232154629078e-07 22286496.72107536 2736
14.25 3.565093742887735e-09 5.091123472821841e-07 22871129.25033161 2276
15 3.137208103670793e-09 4.526463737932564e-07 22128565.83492947 2016
15.75 2.554791012688276e-09 4.19483319992092e-07 22278423.17323322 1640
16.5 1.645819563252173e-09 2.771505431288696e-07 21870084.45660139 1056
17.25 9.505626244123915e-10 1.857432847258151e-07 19779681.65425297 683
18 5.065226489802147e-10 9.627250520286944e-08 19989572.09001879 350
18.75 2.605089850885001e-10 5.121452038674229e-08 18517696.97631118 192
19.5 3.687447640029538e-11 1.083599239367011e-08 12399057.72119524 44
20.25 3.920420005198477e-11 9.459584391402131e-09 21491075.89982691 25


0.75 5.14712181357271e-12 1.840443426329485e-10 35470459.87129149 18
1.5 4.993624322751194e-11 1.440095468817664e-09 46240339.18648307 62
2.25 9.38991625005671e-11 2.575688448599211e-09 36557149.03746265 98
3 3.484184684437206e-10 9.999995038815674e-09 49150553.75462849 210
3.75 5.41551403757986e-10 1.765917146500624e-08 39182029.76089822 350
4.5 6.577406121835797e-10 3.168018964828773e-08 36036194.09442494 450
5.25 1.008295157608877e-09 4.877369722060122e-08 36199196.5920511 602
6 1.160798955870378e-09 7.273558164455994e-08 32196010.11634379 762
6.75 1.758638666993209e-09 1.161237132487764e-07 30125269.75276808 1142
7.5 1.827462380839613e-09 1.411899514381311e-07 27783108.27398239 1250
8.25 2.272182789181993e-09 1.851934517907059e-07 28003891.70232654 1458
9 2.651321577377502e-09 2.506306390015304e-07 25821476.05455251 1814
9.75 3.651099630048109e-09 3.191707884984804e-07 27330070.62968847 2178
10.5 3.806761582433202e-09 3.896608934057681e-07 24762794.6165765 2498
11.25 4.258085233782719e-09 4.49347605120975e-07 25426404.01960509 2622
12 5.3826677901916e-09 6.091500193945794e-07 25846610.47736702 3191
12.75 4.856323030116881e-09 6.165394072990791e-07 24313822.81817845 3044
13.5 4.042129265949576e-09 5.550217431132206e-07 22228062.46561055 2736
14.25 3.360287163648903e-09 4.714982661932845e-07 21635544.47203146 2276
15 3.1401647733691e-09 4.704329259932802e-07 22540051.9754975 2016
15.75 2.548519477346016e-09 3.695888066176391e-07 21745369.59668361 1640
16.5 1.459741864752834e-09 2.686820137816127e-07 19994284.51572157 1056
17.25 9.796085644243288e-10 1.708522041905961e-07 19988982.67274638 683
18 5.340363698016851e-10 1.0133114858194e-07 21238244.29320465 350
18.75 2.849337609838504e-10 4.920120265958699e-08 19856740.33621007 192
19.5 4.787441300571789e-11 1.438780364375669e-08 16334026.35541807 44
20.25 4.043897231232549e-11 6.160231981045954e-09 20367080.98666974 25


0.75 3.899331579576591e-12 1.924643040784393e-10 31485014.93030104 18
1.5 5.919706782888698e-11 1.33544555505472e-09 50862033.38950151 62
2.25 1.06546609173099e-10 2.59212872661342e-09 40213678.51641932 98
3 2.953224323065917e-10 9.865596061836124e-09 44112851.47872241 210
3.75 4.976148512922687e-10 1.983954216134544e-08 38773156.99349169 350
4.5 6.01981308621619e-10 2.998041818817159e-08 33637861.64967892 450
5.25 9.127690818311148e-10 5.159744383836258e-08 34874722.85678761 602
6 1.189133527483185e-09 6.788784258538835e-08 32160185.48816328 762
6.75 1.767453223658278e-09 1.156975280292728e-07 30413540.71946172 1142
7.5 1.901950676275806e-09 1.400496432187076e-07 28665166.17358131 1250
8.25 2.038563847206871e-09 1.689579148449952e-07 25453991.50916238 1458
9 2.785295213878935e-09 2.505543739267686e-07 26894597.67108264 1814
9.75 3.506600480977363e-09 3.264111308275596e-07 26941208.05045993 2178
10.5 3.891620344096593e-09 3.781048899393533e-07 25124396.8404653 2498
11.25 4.127786314122606e-09 4.589858749014672e-07 25209871.96735659 2622
12 5.001469079572039e-09 5.418867214010876e-07 23918730.88468252 3191
12.75 4.753695537839937e-09 5.750687294356707e-07 23672443.13415467 3044
13.5 4.261773658880682e-09 5.901734570467414e-07 23670831.3308921 2736
14.25 3.529887589780239e-09 5.036209677519044e-07 23001287.85956324 2276
15 3.026466176699116e-09 4.531378584957711e-07 21888425.34203226 2016
15.75 2.526794447917413e-09 3.813803765625816e-07 21929856.0227298 1640
16.5 1.603494387126835e-09 2.525694800578868e-07 21309928.22197401 1056
17.25 9.067708264614984e-10 1.877712914057893e-07 19460172.93643044 683
18 4.876527440982031e-10 1.029450166267751e-07 20058143.80097738 350
18.75 2.735036323038244e-10 4.939061894979316e-08 19387814.99999491 192
19.5 4.399878731734662e-11 1.51268460582083e-08 15770333.57788837 44
20.25 1.84600588915761e-11 8.647341735151398e-09 12607262.71784055 25


0.75 8.69095451655831e-12 3.652437411079355e-10 65389846.72867628 18
1.5 5.728901729047465e-11 1.769162332176106e-09 55236859.97000659 62
2.25 1.123809918656451e-10 2.792652060072645e-09 43048543.98379402 98
3 2.361807414576668e-10 9.230689923578936e-09 37668976.3724402 210
3.75 6.319383601241503e-10 2.007402112884778e-08 46051354.71209347 350
4.5 6.359162565013607e-10 2.791995697120554e-08 34239005.47730339 450
5.25 8.906763684269999e-10 4.87820316706624e-08 33910132.17427258 602
6 1.17828936137788e-09 7.436307573930008e-08 33277757.13723961 762
6.75 1.688236786981239e-09 1.139866909940931e-07 29595702.12987373 1142
7.5 2.088796285543648e-09 1.333358114442308e-07 30331280.75183874 1250
8.25 2.159440218824462e-09 1.65603720144881e-07 26510089.74411836 1458
9 2.678949963249001e-09 2.514857763800007e-07 26438711.20237894 1814
9.75 3.401609021165627e-09 3.267055956476746e-07 26595616.69917576 2178
10.5 3.882265992930048e-09 4.070201770590981e-07 25833848.89725048 2498
11.25 4.074522775879615e-09 4.383559577267738e-07 24846677.49363793 2622
12 5.130268498144563e-09 5.713928018331343e-07 24913297.95253242 3191
12.75 4.518351613096082e-09 5.925058903015647e-07 23184678.02442886 3044
13.5 4.020627377682371e-09 5.311432368081222e-07 22227518.30606519 2736
14.25 3.328905433000974e-09 5.297929798249724e-07 22519349.24766707 2276
15 3.047564270258608e-09 4.307779060126134e-07 21903716.23613277 2016
15.75 2.454648144707262e-09 3.786320596581295e-07 21584653.50639403 1640
16.5 1.677512969130403e-09 2.582680860225898e-07 22354500.5421722 1056
17.25 9.720403628259904e-10 1.667365079631919e-07 20069471.23556325 683
18 4.644098212278775e-10 9.161564685712036e-08 18934037.28743597 350
18.75 2.713172941252219e-10 6.763881080711877e-08 20945847.79326672 192
19.5 7.021598050197668e-11 1.102467406983263e-08 20914170.7267288 44
20.25 2.997086441357475e-11 6.384114290798609e-09 16349414.41361861 25


0.75 1.108444557501744e-11 1.954081165585645e-10 61133717.90448277 18
1.5 4.722366071080708e-11 1.560257289595031e-09 47066795.36400597 62
2.25 1.260744700489339e-10 2.870382325220995e-09 47364823.29362279 98
3 2.396668367112305e-10 1.053950435958635e-08 40360498.94082204 210
3.75 5.26244693649877e-10 1.896194531966072e-08 40207276.02179793 350
4.5 6.01472886128107e-10 2.849353348519508e-08 33508540.15531559 450
5.25 8.915757523948306e-10 5.54754604427227e-08 35886748.42119259 602
6 1.113826761384185e-09 6.95678526650253e-08 31572625.20457062 762
6.75 1.669523552221579e-09 1.128306468413977e-07 29495722.23266463 1142
7.5 1.871895102935368e-09 1.393726319201859e-07 28757797.25041045 1250
8.25 2.157437448777347e-09 1.763270382232571e-07 27233245.48495011 1458
9 2.61055305564139e-09 2.489235638139923e-07 26093378.24231698 1814
9.75 3.48119817057296e-09 3.28968777157577e-07 27287920.93002027 2178
10.5 3.639280008890554e-09 3.949586128956077e-07 24658953.09422036 2498
11.25 3.898250930781266e-09 4.306426757843196e-07 24134677.49161993 2622
12 4.955865573586617e-09 5.412916569774827e-07 24122837.14809435 3191
12.75 4.766322179722815e-09 5.987362889185321e-07 24352417.37359352 3044
13.5 4.004832415574231e-09 5.543505387921241e-07 22589549.05388448 2736
14.25 3.468305942193549e-09 4.729820464123847e-07 22691077.68581781 2276
15 3.12300992780258e-09 4.279188791420401e-07 22450828.28651116 2016
15.75 2.354133831481499e-09 3.722191702502499e-07 20985390.59508363 1640
16.5 1.51224065109672e-09 2.329211502295334e-07 20308735.89741686 1056
17.25 9.562325458101634e-10 1.641143347617395e-07 19897497.51195849 683
18 4.650781596113726e-10 9.268761238548895e-08 19154581.44623865 350
18.75 3.39379705071836e-10 5.545613214401052e-08 23943213.95042299 192
19.5 7.950302770206594e-11 1.839426408894664e-08 25885543.05427322 44
20.25 4.810312610046791e-11 4.930490182473652e-09 23447032.17860711 25


0.75 4.834003093078141e-12 1.36879308081918e-10 31322753.20243379 18
1.5 5.363095768116476e-11 1.179890337261417e-09 46876346.18055939 62
2.25 8.440037907374428e-11 2.880771383351177e-09 36623637.80128775 98
3 2.373925913574618e-10 8.227726702616925e-09 36803791.25295806 210
3.75 4.824030088592808e-10 1.937552241354537e-08 38606675.19480442 350
4.5 6.666308248729371e-10 2.90774356398796e-08 36389192.4718817 450
5.25 8.374776062783623e-10 4.675040364854895e-08 32620957.87722801 602
6 1.008332277976185e-09 6.536579834851805e-08 29217763.79487732 762
6.75 1.673322023547905e-09 1.210901444260614e-07 30539469.24654509 1142
7.5 1.923503400764245e-09 1.375037445268393e-07 29401470.68121794 1250
8.25 2.218577847470572e-09 1.807526268228009e-07 28209659.04637185 1458
9 2.750183355343762e-09 2.462470684488506e-07 27153654.50127052 1814
9.75 3.33294427367918e-09 3.262192397115759e-07 26628212.97295468 2178
10.5 3.769157093655538e-09 3.801029688009266e-07 25187697.23658018 2498
11.25 3.956657384667301e-09 4.522805863480576e-07 24945261.5139212 2622
12 4.755875017417368e-09 5.551609998363769e-07 23765444.34151163 3191
12.75 4.717806662300599e-09 5.764834608150701e-07 24120754.08268125 3044
13.5 3.962674220213696e-09 5.635388580409424e-07 22701041.39659103 2736
14.25 3.556491207544473e-09 4.702109410005537e-07 23277571.38511439 2276
15 2.789530829936057e-09 4.605181630555712e-07 21190071.60165805 2016
15.75 2.403085295866946e-09 3.812437022185331e-07 21612736.29759727 1640
16.5 1.474527428073709e-09 2.637066901922852e-07 20686767.7789859 1056
17.25 1.051830397157348e-09 1.780744200387866e-07 21994051.23369784 683
18 4.829611954627356e-10 9.90225053227143e-08 20190711.15406827 350
18.75 2.646170501636509e-10 5.384610896964685e-08 19720505.20805836 192
19.5 5.1473231608028e-11 1.220827435258113e-08 16996400.78094648 44
20.25 2.667287633144519e-11 6.227069143119177e-09 15089851.81331962 25


0.75 1.070060620863411e-11 2.09463215772921e-10 61724200.19882128 18
1.5 4.647906824526932e-11 1.097112425665357e-09 41752106.00684334 62
2.25 9.955548609345107e-11 3.213044548688787e-09 42583493.11132063 98
3 2.696685765540713e-10 1.038706358755206e-08 43752800.84882763 210
3.75 4.649215636615753e-10 1.64781259676698e-08 35877135.10273097 350
4.5 6.612856787479489e-10 3.183848733850814e-08 37635998.91677424 450
5.25 8.506108682483511e-10 4.399179306539017e-08 32461622.48023058 602
6 1.072373163804236e-09 6.228472125163045e-08 30089005.58087722 762
6.75 1.733383053078715e-09 1.099566251875072e-07 30441584.12131857 1142
7.5 1.785226801083235e-09 1.424708679988931e-07 28525059.63589162 1250
8.25 2.225453578907714e-09 1.75392653261202e-07 28197193.57450829 1458
9 2.671467519329861e-09 2.330850828368607e-07 26350673.50039871 1814
9.75 3.253462866408833e-09 3.237788480123236e-07 26319556.2779636 2178
10.5 3.874184653535007e-09 3.560793264658418e-07 25401608.38676643 2498
11.25 4.096391556275832e-09 4.294200522268196e-07 25376852.66115633 2622
12 5.12711740458842e-09 5.76877319555632e-07 25549249.61314684 3191
12.75 4.747613592684005e-09 5.592524627069329e-07 24217462.86729008 3044
13.5 4.282267812952954e-09 5.302611755643842e-07 23828669.81460866 2736
14.25 3.268216124726133e-09 4.656817584795785e-07 21960513.78248677 2276
15 2.828648784661248e-09 4.680610254177554e-07 21661787.29101372 2016
15.75 2.358890499529921e-09 3.625678117076581e-07 21210222.61572649 1640
16.5 1.531484426712682e-09 2.537197169490996e-07 21244584.42313191 1056
17.25 9.569061552684512e-10 1.554111328892297e-07 19972577.61299841 683
18 4.575688228429927e-10 8.091526073099785e-08 18616665.22126467 350
18.75 3.348355591230465e-10 5.478307087675994e-08 23997708.83301209 192
19.5 5.479161090305851e-11 1.349929610440571e-08 18404373.49228622 44
20.25 3.938958819260442e-11 7.006288024598585e-09 21199372.69979564 25


0.75 5.482454574847816e-12 2.264190723886722e-10 42182915.00699818 18
1.5 4.82992150753958e-11 1.52131382960629e-09 48330948.53822501 62
2.25 9.976235813387334e-11 3.654938431078144e-09 45112776.8596272 98
3 2.730253416408788e-10 8.441925037730877e-09 41247571.34816588 210
3.75 4.953078387630751e-10 1.499748047634319e-08 36635357.92365599 350
4.5 6.254885775090594e-10 3.004664407319481e-08 35828535.22251485 450
5.25 8.884961044502475e-10 4.780464763118464e-08 34639087.89607671 602
6 1.138180974005508e-09 5.981280069765748e-08 31112075.50406163 762
6.75 1.725672458949978e-09 1.199502455668183e-07 31500581.36747443 1142
7.5 1.909599065251921e-09 1.42121792409172e-07 30012472.90961706 1250
8.25 2.329685382228411e-09 1.780465868332743e-07 29449953.99448714 1458
9 2.688529657717011e-09 2.447496354491363e-07 27081464.91453423 1814
9.75 3.444570050796691e-09 3.170744994130466e-07 27409819.42305947 2178
10.5 3.79166839632054e-09 3.742668553055159e-07 25554891.9470896 2498
11.25 3.916728024773964e-09 4.193300338138052e-07 24591504.45903314 2622
12 5.002462803019389e-09 5.547566272810577e-07 25017695.03322819 3191
12.75 4.52484087553579e-09 5.651916699946905e-07 23620705.17518212 3044
13.5 3.937039105657366e-09 5.244211196910122e-07 22491904.19791606 2736
14.25 3.02221168578461e-09 4.620303195770875e-07 20848670.41894154 2276
15 2.972654795406971e-09 4.446659416845641e-07 22340571.82491391 2016
15.75 2.362696663711466e-09 4.220463276763205e-07 22239670.5652963 1640
16.5 1.494527259514572e-09 2.56128115524521e-07 21061385.73594386 1056
17.25 1.008103331356542e-09 1.701365014826159e-07 21384518.59753948 683
18 4.977834852583369e-10 8.534256717040775e-08 20269321.199813 350
18.75 2.759290463677363e-10 4.290410238234321e-08 19732961.49175345 192
19.5 6.551938658994864e-11 1.439544294926199e-08 21564212.12277576 44
20.25 4.866824128029164e-11 4.76021581133303e-09 24144642.89479477 25


0.75 8.594634954585705e-12 1.728882764422856e-10 50773029.69004497 18
1.5 4.86085960885753e-11 1.305190580677497e-09 46293454.70584769 62
2.25 7.751349347220359e-11 3.757786115329497e-09 39877981.81745461 98
3 2.747192554404569e-10 1.033716125780498e-08 44875289.59254865 210
3.75 3.748737794864692e-10 1.781815104765352e-08 32693368.0034669 350
4.5 6.194856987927522e-10 2.732102158611531e-08 34710316.87307143 450
5.25 8.958394563870013e-10 4.258638310541548e-08 33742264.18698913 602
6 1.163197950367522e-09 6.876741213010803e-08 33353977.08594581 762
6.75 1.572401339577093e-09 1.144489316672117e-07 29417567.95022727 1142
7.5 1.862368505506128e-09 1.363527550215808e-07 29348308.33331936 1250
8.25 2.305031052265425e-09 1.69364947125577e-07 29022276.41293838 1458
9 2.679451991350083e-09 2.346314584035361e-07 26873377.94791339 1814
9.75 3.323822889792934e-09 2.929837781490235e-07 26325203.77088586 2178
10.5 3.857940773477803e-09 3.848241068804354e-07 26290994.07398357 2498
11.25 4.069480849397333e-09 4.271515095605957e-07 25613225.77797085 2622
12 5.142267428407135e-09 5.513601685527157e-07 25692351.24529874 3191
12.75 4.748576336549141e-09 5.418296474466998e-07 24400020.01090582 3044
13.5 3.933938687143828e-09 5.394887260997281e-07 22830158.17622215 2736
14.25 3.153714816335853e-09 4.721384982364385e-07 21804413.38901602 2276
15 3.054782550862924e-09 4.238055071048304e-07 22717974.59422876 2016
15.75 2.419018328744794e-09 3.707504832386382e-07 22074806.59995182 1640
16.5 1.507376080579874e-09 2.313776926620645e-07 20864048.73399668 1056
17.25 9.914648858138051e-10 1.731320674410917e-07 21364987.28564672 683
18 4.867640466820079e-10 9.386216849737013e-08 20515418.67404314 350
18.75 2.448623281651074e-10 6.262229460915854e-08 19785989.84359698 192
19.5 6.080712040027575e-11 1.614066611910762e-08 21152200.44881102 44
20.25 4.837442651530158e-11 6.483881160510477e-09 25207785.52727259 25


0.75 7.100031797873254e-12 1.096970236990646e-10 39390875.16485146 18
1.5 4.813949203358185e-11 1.973559061974873e-09 54610940.90710805 62
2.25 9.860810817046205e-11 2.622821246170322e-09 40414744.54598245 98
3 2.49824477417433e-10 1.06653283752457e-08 43213979.62501708 210
3.75 4.229720323870827e-10 1.988357211136506e-08 37018357.29466843 350
4.5 6.037266751905029e-10 3.018932818081584e-08 35674353.61599325 450
5.25 8.282758871852838e-10 4.185345355037081e-08 32101979.53588232 602
6 1.025284942873526e-09 6.424118390271592e-08 30250400.59534819 762
6.75 1.746506191314067e-09 1.213616676143707e-07 32391822.57184359 1142
7.5 1.828385047336247e-09 1.456015000058201e-07 29882762.64784484 1250
8.25 2.058802862567473e-09 1.667900532391058e-07 26940336.70259408 1458
9 2.661720868105166e-09 2.331231775158729e-07 26906961.94109597 1814
9.75 3.28654905532209e-09 3.042885639874884e-07 26617050.7641742 2178
10.5 3.746202646359376e-09 3.964451357653607e-07 26184989.49404615 2498
11.25 3.894327912865695e-09 4.136190714279324e-07 24784477.27789063 2622
12 4.845508567222822e-09 5.233416209650182e-07 24445898.77133629 3191
12.75 4.447874995763627e-09 5.433720710069835e-07 23446517.08953479 3044
13.5 3.961013830657082e-09 5.207834328596844e-07 22908526.07705263 2736
14.25 3.27888435084755e-09 4.686078197876742e-07 22567732.23645393 2276
15 2.965038628217807e-09 4.277837253527752e-07 22433167.38913991 2016
15.75 2.332664475359808e-09 3.789908242723617e-07 21761082.68854692 1640
16.5 1.543116446609547e-09 2.51900378372118e-07 21832057.73501168 1056
17.25 9.376759058770742e-10 1.675570578980502e-07 20473678.34372085 683
18 4.815509054159006e-10 1.011807744362248e-07 20886945.58038479 350
18.75 2.557581032924407e-10 5.071681184387911e-08 19538251.81372102 192
19.5 3.695362850969497e-11 1.030050432064488e-08 13128759.10868824 44
20.25 2.305501371284761e-11 5.875035250402869e-09 13738615.73820031 25


0.75 1.048567640871783e-11 2.115898854474764e-10 62833151.41386624 18
1.5 5.616188431833583e-11 1.510848887936965e-09 54266834.90712231 62
2.25 9.358593073988178e-11 2.014554135298551e-09 36182004.92282549 98
3 2.165956657752902e-10 8.681823493606097e-09 36776213.25081113 210
3.75 4.066817557069001e-10 1.84921657952717e-08 35365749.58383137 350
4.5 6.341238649035163e-10 2.710848448440213e-08 35661927.13796379 450
5.25 9.09996415360332e-10 4.25722345021594e-08 34590086.59164155 602
6 1.179457121089268e-09 6.118902896800297e-08 32848276.3538165 762
6.75 1.808163821808665e-09 1.128378711772638e-07 32552422.37231176 1142
7.5 1.894860117309543e-09 1.283222198825e-07 29549063.32654528 1250
8.25 2.037182871328816e-09 1.668168956673682e-07 26937402.88451568 1458
9 2.637065175980618e-09 2.363084749241263e-07 27040494.53608957 1814
9.75 3.131311402062357e-09 3.055346389585979e-07 25951750.83689309 2178
10.5 3.68646783483845e-09 3.70988249770119e-07 25564773.65301125 2498
11.25 3.976922394960929e-09 4.097931651802083e-07 25276350.21417825 2622
12 4.722988414800579e-09 5.405003239814753e-07 24375127.06729332 3191
12.75 4.255036307050037e-09 5.719246329877883e-07 23196981.14555618 3044
13.5 3.889967712184368e-09 5.216398187232633e-07 22778669.36238452 2736
14.25 3.221358954565883e-09 4.721457236130953e-07 22481312.76355805 2276
15 2.782768563749451e-09 4.13593053261704e-07 21364034.4806968 2016
15.75 2.241026103169644e-09 3.796656516982022e-07 21284646.20078196 1640
16.5 1.484619576255938e-09 2.637437795759343e-07 21598834.31217167 1056
17.25 9.999080390049951e-10 1.721463596608217e-07 21801980.81993304 683
18 4.568278742398561e-10 1.029362492349481e-07 20326225.42605545 350
18.75 2.667657367224536e-10 5.385340250543288e-08 20614101.89872787 192
19.5 4.032991140357203e-11 1.19529611522659e-08 14690048.78798842 44
20.25 4.063372932702121e-11 8.164412215187117e-09 23100699.2080964 25


0.75 6.350535771975299e-12 1.591505761755962e-10 41187248.16405778 18
1.5 4.199193975760912e-11 1.60347535991081e-09 46877016.67188735 62
2.25 9.984331070125334e-11 3.140695145580944e-09 43971753.55555933 98
3 1.861777631537572e-10 8.109601286743881e-09 32958924.79758906 210
3.75 4.142707878344737e-10 1.767935553695121e-08 35461231.62800766 350
4.5 6.230361165330708e-10 3.354473488214622e-08 38443023.98852704 450
5.25 7.751786952293213e-10 4.733641583850404e-08 32687888.38255966 602
6 9.876568376605248e-10 6.320680134152381e-08 29808683.36134455 762
6.75 1.642126169888416e-09 1.095818587949579e-07 30484244.67340243 1142
7.5 1.958221230467466e-09 1.392725946565719e-07 31273142.63210797 1250
8.25 2.029920898267717e-09 1.774144575035083e-07 27655056.45283899 1458
9 2.435166420404518e-09 2.357151445973812e-07 25816868.54440544 1814
9.75 3.190521522028065e-09 2.953944569404193e-07 26230706.23290662 2178
10.5 3.558779217764437e-09 3.636152272247581e-07 24988465.57645204 2498
11.25 4.02427287134335e-09 4.077222921278148e-07 25663085.31345766 2622
12 4.760308635467998e-09 5.232729995126604e-07 24494844.31816592 3191
12.75 4.685188068733216e-09 5.457656343933262e-07 24761690.93203649 3044
13.5 3.98620902083216e-09 5.299852368208414e-07 23473714.52934982 2736
14.25 3.165997003252496e-09 4.775497282471696e-07 22441105.86466322 2276
15 2.71752503948472e-09 4.207492389661012e-07 21247198.96091504 2016
15.75 2.313903768577024e-09 3.586026313766352e-07 21661930.72997481 1640
16.5 1.405499768628889e-09 2.506353382792612e-07 20627806.43111257 1056
17.25 9.329980213781586e-10 1.670456081450281e-07 20691725.22681569 683
18 4.848710657278338e-10 8.70245755414712e-08 20566038.47577168 350
18.75 2.631074515216423e-10 4.873719697685199e-08 20100408.27612447 192
19.5 4.107425419647202e-11 1.159819560836102e-08 14869515.35916978 44
20.25 2.877145235291734e-11 8.232826680000245e-09 17943178.44234784 25


0.75 1.036241496721733e-11 2.32684905412262e-10 65089671.97643104 18
1.5 3.333473727602992e-11 1.962912060754352e-09 46234833.62395845 62
2.25 1.148538452036825e-10 3.222663611549389e-09 48870195.06907827 98
3 2.389834451312124e-10 8.781574837315478e-09 39824494.92385744 210
3.75 4.315001866746442e-10 1.88177168891657e-08 37470691.0631041 350
4.5 6.455941792551079e-10 2.507257144593402e-08 35689651.53503948 450
5.25 8.726817338479628e-10 4.077100113886002e-08 33644067.96868704 602
6 1.169655779581674e-09 6.283242343366607e-08 33432561.36611751 762
6.75 1.644229375517713e-09 1.051703349366148e-07 30287395.84970242 1142
7.5 1.82233461721824e-09 1.209502831282735e-07 28659372.93021254 1250
8.25 2.104599698895609e-09 1.562458302794488e-07 27378955.92438947 1458
9 2.636244150372603e-09 2.232035162307085e-07 26951651.33201718 1814
9.75 3.20642358741013e-09 3.098577006045788e-07 26892045.22117867 2178
10.5 3.687181296110459e-09 3.628706686027815e-07 25785415.27779718 2498
11.25 3.955414184873032e-09 4.231725765575065e-07 25786329.31844943 2622
12 4.782286926065075e-09 5.322071227790524e-07 24862211.06082105 3191
12.75 4.682917019197173e-09 5.616605168658178e-07 25114493.69572609 3044
13.5 4.011279543793177e-09 5.257794422324903e-07 23700237.01803717 2736
14.25 3.211935688523638e-09 4.60222608106341e-07 22618882.68721146 2276
15 2.6486639391532e-09 4.203342948128433e-07 20992100.71666834 2016
15.75 2.383201666230796e-09 3.604083059802704e-07 22339540.44204935 1640
16.5 1.422313154476638e-09 2.452272736208165e-07 20849789.1957058 1056
17.25 9.367422297681295e-10 1.727864463368831e-07 21075924.57887806 683
18 4.77522047625465e-10 8.087317358154354e-08 20143556.31762423 350
18.75 2.624893398781664e-10 5.01118059181109e-08 20332615.51207254 192
19.5 6.449092553335612e-11 9.417638974921705e-09 20317919.44305264 44
20.25 2.901313379799236e-11 2.992567349923332e-09 15043026.76389284 25


0.75 8.864444458511403e-12 1.471349875614715e-10 51511844.99439837 18
1.5 4.651340879819576e-11 1.11712786483943e-09 44299551.3011349 62
2.25 7.67157383667678e-11 2.651792619759867e-09 35508138.65522214 98
3 2.434469887668225e-10 8.234652072591487e-09 39715788.15310253 210
3.75 4.601117773941931e-10 1.687048720526101e-08 37869948.60458262 350
4.5 6.02398856209434e-10 3.143511962263014e-08 37269747.26510926 450
5.25 7.805289444794947e-10 4.384613720464505e-08 32364736.0013737 602
6 1.096821631489311e-09 6.353806793588636e-08 32428473.28259561 762
6.75 1.617945383033758e-09 1.069762775815188e-07 30388824.38166665 1142
7.5 1.881924350267566e-09 1.293850153226982e-07 30173986.97209932 1250
8.25 2.121623953584985e-09 1.604473535200426e-07 27986547.72923834 1458
9 2.638893905166889e-09 2.371580850676947e-07 27712980.48171094 1814
9.75 3.131168971362693e-09 2.829472345408078e-07 25941715.27643222 2178
10.5 3.832205585195552e-09 3.528720667909011e-07 26515169.36127554 2498
11.25 3.655041873137722e-09 4.014865342436449e-07 24200937.52959454 2622
12 4.783673920296151e-09 5.289973908469076e-07 25025954.48780852 3191
12.75 4.569196150275159e-09 5.183031557737041e-07 24346894.8239575 3044
13.5 3.778850605531859e-09 5.434222332860391e-07 23075312.36194077 2736
14.25 3.238969077037559e-09 4.673847444181047e-07 23031989.85431664 2276
15 2.881294504657777e-09 4.236207630008274e-07 22570578.35140311 2016
15.75 2.318998107229489e-09 3.278332654598147e-07 21570152.75043551 1640
16.5 1.513277652661783e-09 2.589882488355517e-07 22316719.20190592 1056
17.25 1.016602621369856e-09 1.606100316716486e-07 22246669.01144506 683
18 4.560938631089585e-10 8.570163875690452e-08 19844738.74603535 350
18.75 2.764309450713403e-10 5.14598164082642e-08 21461055.43338864 192
19.5 5.238140580415244e-11 1.371942873952548e-08 18857634.305442 44
20.25 2.663714348691634e-11 5.909249142969757e-09 15829302.81512308 25


0.75 6.405539865206353e-12 1.337364304790736e-10 40069007.11485826 18
1.5 5.403691466507642e-11 1.38694800771629e-09 53057112.71026435 62
2.25 8.517247206428153e-11 2.553214102656724e-09 37733056.84209578 98
3 2.593360000671444e-10 8.417077329115166e-09 42056209.04563493 210
3.75 4.648067627424972e-10 1.733450575347683e-08 38799209.63859276 350
4.5 5.634531343350969e-10 2.811275162091807e-08 34547270.81789665 450
5.25 8.535107538462323e-10 4.393359511554213e-08 34573922.58801758 602
6 1.16275361086934e-09 6.273807696161742e-08 33836834.28415194 762
6.75 1.546893704888346e-09 1.083582532248056e-07 29879199.9635481 1142
7.5 1.715933830112921e-09 1.307969665285569e-07 28688894.86634307 1250
8.25 1.937214826347098e-09 1.748001599018694e-07 27298714.75656154 1458
9 2.646672732662477e-09 2.214695973633931e-07 27395668.66241236 1814
9.75 3.228826893861365e-09 2.926025409984655e-07 26984335.25896753 2178
10.5 3.556885488073876e-09 3.536061774439495e-07 25345978.57125215 2498
11.25 3.816967411123212e-09 4.000130459005764e-07 25133871.73605927 2622
12 4.619899666027095e-09 5.074075446624963e-07 24313639.61252753 3191
12.75 4.261562084109388e-09 5.286755056250201e-07 23426647.71402147 3044
13.5 3.75264812266101e-09 5.087040732311456e-07 22723050.44956068 2736
14.25 3.121627303215591e-09 4.5116821689796e-07 22379012.57305209 2276
15 2.723078690517422e-09 4.224122494268054e-07 21790378.56936179 2016
15.75 2.240773433490173e-09 3.533487312083045e-07 21549825.02387216 1640
16.5 1.484623148616993e-09 2.419530150960374e-07 21805764.74061178 1056
17.25 9.325496889870141e-10 1.737446316254137e-07 21360840.87640956 683
18 4.841614932072149e-10 9.074999122894828e-08 21215858.36280917 350
18.75 2.878463297192117e-10 5.088962252552845e-08 22273664.36919924 192
19.5 6.625056791720519e-11 1.047552396702381e-08 21493757.73181349 44
20.25 2.479369725477525e-11 7.49879511327732e-09 16062973.7140899 25


0.75 3.698915075398072e-12 1.680312695844041e-10 31652141.07657831 18
1.5 3.449289180870775e-11 1.035050159823574e-09 36012735.51668989 62
2.25 1.159539275190393e-10 3.682233832845719e-09 52770533.04151113 98
3 2.903876140150518e-10 8.887205803231642e-09 46466041.3669721 210
3.75 4.438648242173623e-10 2.009252954640085e-08 40023210.158632 350
4.5 5.893088142088562e-10 3.019521648421054e-08 36748153.04587542 450
5.25 8.20125202461033e-10 4.008929502900292e-08 32858580.83958081 602
6 1.105455278927469e-09 6.270783311103523e-08 32935975.8678519 762
6.75 1.62001643293836e-09 1.084652769734969e-07 31017550.30434965 1142
7.5 1.79994242733058e-09 1.325624972063016e-07 29956047.22940002 1250
8.25 2.11317316829244e-09 1.610151963198741e-07 28360105.3410047 1458
9 2.539273219535285e-09 2.119457322473498e-07 26449230.40130087 1814
9.75 3.167864148931506e-09 2.92204430830075e-07 26803360.69590811 2178
10.5 3.499356396792179e-09 3.604253421071955e-07 25376464.93620327 2498
11.25 3.638555003070609e-09 4.083943932534244e-07 24608157.75313216 2622
12 4.389889971936188e-09 5.113488049775207e-07 23645266.85674842 3191
12.75 4.079171525128329e-09 5.487000795947589e-07 23100247.71374213 3044
13.5 3.93025617134874e-09 5.166629776618936e-07 23776473.64015453 2736
14.25 3.308007856587987e-09 4.606695565821682e-07 23658802.40904177 2276
15 2.657875519769028e-09 4.055518638421111e-07 21332684.68380724 2016
15.75 2.395514195473031e-09 3.335155957748212e-07 22540366.39520599 1640
16.5 1.430171127125246e-09 2.508167021568511e-07 21538451.90410899 1056
17.25 9.296788016478258e-10 1.728477875797856e-07 21439915.74848424 683
18 4.178609176265079e-10 8.86688260000195e-08 19008906.17336653 350
18.75 2.447507706139848e-10 4.877477340801899e-08 19582849.5864106 192
19.5 6.239216571195747e-11 1.300046798757592e-08 21556964.00538137 44
20.25 3.937704956644604e-11 4.611294091204676e-09 21224005.40456081 25


0.75 5.237998865583635e-12 1.242062417971201e-10 34636978.20431532 18
1.5 3.678026414886017e-11 1.268135734379504e-09 40871874.1719979 62
2.25 8.883583844060283e-11 2.744793496717515e-09 40381493.37084532 98
3 1.869207654599594e-10 7.38407798789956e-09 33052523.25356618 210
3.75 4.703554072097499e-10 1.769797510080547e-08 39977345.87328197 350
4.5 6.01036717127889e-10 2.833554704911426e-08 36638004.10264155 450
5.25 8.434461889009617e-10 4.085959335374339e-08 33970478.61573083 602
6 1.013607865093821e-09 6.215773061571272e-08 31283507.71169149 762
6.75 1.557558890058478e-09 1.050282833581517e-07 30135985.45287799 1142
7.5 1.672748375336312e-09 1.31593259919543e-07 28698193.09399691 1250
8.25 2.104480402479314e-09 1.594991014335695e-07 28422563.83420549 1458
9 2.585947339887612e-09 2.25010643652058e-07 27501060.8841038 1814
9.75 3.111285867289242e-09 2.914432728862135e-07 26656644.21581424 2178
10.5 3.59959813664415e-09 3.788351030444149e-07 26479662.61270055 2498
11.25 3.565115791804595e-09 3.992958025625203e-07 24285544.28230081 2622
12 4.540863371821133e-09 5.157560523944229e-07 24479036.04516125 3191
12.75 4.224547517131371e-09 5.268906649392827e-07 23607430.75555857 3044
13.5 3.883681294107629e-09 5.083881515216012e-07 23651638.48431302 2736
14.25 3.097264351103604e-09 4.337877302736419e-07 22356259.59477511 2276
15 2.744399949463148e-09 4.046314563883373e-07 22006778.29850164 2016
15.75 2.232260613917514e-09 3.453868571873783e-07 21691269.23260226 1640
16.5 1.420018368690461e-09 2.294017744854252e-07 21127768.6580571 1056
17.25 9.048060020475219e-10 1.697471826413184e-07 21073480.79496768 683
18 4.638423400229006e-10 8.707095184535089e-08 20638914.15910025 350
18.75 2.621303435126808e-10 5.033077233481186e-08 20958043.57281654 192
19.5 5.953228657274336e-11 9.954671028092046e-09 19808311.86541187 44
20.25 1.626474528047298e-11 6.881315581742815e-09 11907869.1517536 25


0.75 1.044950473457122e-11 1.926277994962281e-10 64383221.48219529 18
1.5 3.639732707865077e-11 1.272059547331819e-09 40948661.55642653 62
2.25 8.669568705139702e-11 2.578144118933212e-09 39139664.60819719 98
3 2.410126288206958e-10 7.928620799972633e-09 40127963.07914089 210
3.75 4.806422852207174e-10 1.667693353093478e-08 40028282.15155539 350
4.5 6.234827976797537e-10 2.656999905318971e-08 36941482.81474132 450
5.25 7.942328571822542e-10 4.28179161657719e-08 33430503.631212 602
6 1.022338251153768e-09 6.615871199458746e-08 32403936.1554466 762
6.75 1.474192116684668e-09 1.005953620601538e-07 28843707.5666538 1142
7.5 1.705946176731234e-09 1.209023931596163e-07 28461643.57431728 1250
8.25 2.001292809618677e-09 1.648708019346981e-07 27956907.7297617 1458
9 2.546938351928257e-09 2.172007552640174e-07 27109772.46385337 1814
9.75 3.041804404700487e-09 2.935762130924714e-07 26489384.11316732 2178
10.5 3.592111145465098e-09 3.58000743405348e-07 26189071.56218452 2498
11.25 3.735558192219871e-09 4.034225829069234e-07 25362689.88380554 2622
12 4.478446531607103e-09 5.085817320212042e-07 24316036.22743501 3191
12.75 4.371941631011604e-09 5.195441825316406e-07 24293368.99665741 3044
13.5 3.754978670969637e-09 4.906030948566814e-07 23022490.03066203 2736
14.25 2.991312577786947e-09 4.36714624006554e-07 21984833.25663221 2276
15 2.726845161388538e-09 4.108090026283615e-07 22144853.53972129 2016
15.75 2.218038518916278e-09 3.628559368249711e-07 22010628.69992526 1640
16.5 1.201064023925234e-09 2.555633022522766e-07 19335779.52807516 1056
17.25 8.816398264479666e-10 1.623754050155463e-07 20591117.43656193 683
18 4.140430076452518e-10 8.997791387478833e-08 19236403.10298682 350
18.75 2.236383940013991e-10 4.191571049000803e-08 17916323.66852311 192
19.5 6.935132269669345e-11 1.269994497804535e-08 23661141.95741611 44
20.25 2.498403317747314e-11 5.203725264688893e-09 15087081.74001249 25


0.75 7.437675828809563e-12 2.498894549096269e-10 56839687.46605154 18
1.5 3.6982326206745e-11 1.17070572626929e-09 40352107.71409101 62
2.25 1.051239871210534e-10 2.138982928866774e-09 42635326.64851867 98
3 2.535027115325987e-10 7.765463195834119e-09 41563693.42823124 210
3.75 4.532218993829919e-10 1.790701970228445e-08 39781534.66788462 350
4.5 6.682208008984338e-10 2.569604217272513e-08 38608690.0785301 450
5.25 8.340780677182404e-10 4.188145990276169e-08 34521919.21353853 602
6 1.009805584519449e-09 5.962261107296554e-08 31219450.58737872 762
6.75 1.532950619114916e-09 1.046482222090738e-07 30237464.32597794 1142
7.5 1.700473226573981e-09 1.239414829548821e-07 28860022.33623718 1250
8.25 2.030907242735218e-09 1.58048179564385e-07 28075352.08710581 1458
9 2.501502594525713e-09 2.277673206467695e-07 27397445.79058281 1814
9.75 2.877347958523045e-09 2.683368472638258e-07 24991200.88108522 2178
10.5 3.5632352920801e-09 3.393458409394697e-07 25844647.96469999 2498
11.25 3.606157751354424e-09 4.108318598434175e-07 25060557.72841001 2622
12 4.51376060020301e-09 4.924947444456574e-07 24434053.72127614 3191
12.75 4.391772629262896e-09 4.996518062991606e-07 24318876.67391369 3044
13.5 3.592268234188948e-09 5.146748762109688e-07 22753439.50782125 2736
14.25 2.973029894324424e-09 4.301433167526606e-07 21966607.6351863 2276
15 2.620339163920472e-09 4.208260577194824e-07 21801373.13504789 2016
15.75 2.131020040926754e-09 3.615614003537599e-07 21508346.28821267 1640
16.5 1.478187214724912e-09 2.241285664062511e-07 22003232.17817777 1056
17.25 9.437979246479715e-10 1.586788556606606e-07 21741255.37595008 683
18 4.623448912413009e-10 7.882509070167962e-08 20437338.36908615 350
18.75 2.293536373909077e-10 4.853366630316886e-08 19034659.88985887 192
19.5 5.260544147449146e-11 1.239796963030443e-08 19136738.93757237 44
20.25 3.08434096600898e-11 5.662293916013178e-09 18289795.78180967 25


0.75 5.51311254285846e-12 9.859324726598599e-11 34247929.59700495 18
1.5 3.756276328060329e-11 9.871574441605366e-10 38597923.47014456 62
2.25 9.638845303908368e-11 2.581398849243813e-09 42682652.75916193 98
3 2.094867795758286e-10 7.010398320674226e-09 35641281.52044839 210
3.75 4.036752468465503e-10 1.775397033384791e-08 37116078.41566671 350
4.5 5.964822572902334e-10 2.494278511010015e-08 35666892.77181917 450
5.25 8.113867643850632e-10 3.800523321896185e-08 33046268.79647506 602
6 9.829545061267649e-10 6.595325808556608e-08 32063328.47460488 762
6.75 1.438670848788369e-09 9.920293685535903e-08 28684670.22894978 1142
7.5 1.69930487342873e-09 1.308524603809152e-07 29591957.74609904 1250
8.25 1.920256681068656e-09 1.461482777697881e-07 26553550.15219656 1458
9 2.437203485398391e-09 2.242994417678823e-07 26981744.57081653 1814
9.75 3.157655457472166e-09 2.850867759514541e-07 27361052.83369935 2178
10.5 3.554217654137617e-09 3.43177772499071e-07 26068847.94156061 2498
11.25 3.736592941514971e-09 3.965296240303855e-07 25627888.40609798 2622
12 4.39338549813654e-09 5.01796211430571e-07 24254293.74737715 3191
12.75 4.172441179325258e-09 5.279220175154885e-07 23934623.10818088 3044
13.5 3.590574484606161e-09 4.75542771323688e-07 22427362.46922987 2736
14.25 3.058408322679277e-09 4.173559988839012e-07 22424341.19109568 2276
15 2.776329774401626e-09 4.168597353432157e-07 22867703.4979651 2016
15.75 2.188485579019086e-09 3.34222502659054e-07 21676331.26659469 1640
16.5 1.305338421537014e-09 2.236862349173546e-07 20140416.32498712 1056
17.25 8.462135585449372e-10 1.672021163378746e-07 20416364.14761132 683
18 3.989890323381187e-10 9.019583525245144e-08 19011645.96858351 350
18.75 2.37286241942359e-10 4.205594597142626e-08 19067264.52180116 192
19.5 5.976570373539099e-11 8.056449044746025e-09 19590688.72925445 44
20.25 4.57849849923171e-11 6.821892280816529e-09 26349930.33126495 25


0.75 8.659315945453814e-12 1.622807135948548e-10 54850266.21007258 18
1.5 4.604703928120214e-11 1.339384091197222e-09 49369397.7622201 62
2.25 9.242745642295323e-11 2.566050412885945e-09 41696466.29362287 98
3 1.784368561934519e-10 7.976258227871804e-09 34148481.71116628 210
3.75 4.413173086206009e-10 1.693248194319954e-08 38886545.90779462 350
4.5 5.536744277229419e-10 2.539781679583424e-08 34418478.40358861 450
5.25 8.912304908850253e-10 4.184262957039936e-08 36582337.71085791 602
6 1.026332063399817e-09 6.201835810205745e-08 32451661.66361302 762
6.75 1.484494122874702e-09 9.80046889514316e-08 29366285.05953343 1142
7.5 1.798488254715482e-09 1.239578882854796e-07 30410827.05501479 1250
8.25 1.978902987521115e-09 1.579353229391088e-07 27978145.69978251 1458
9 2.403813697901449e-09 2.047508357624849e-07 26154301.52999489 1814
9.75 3.113833241438913e-09 2.776661490774841e-07 27077010.64158804 2178
10.5 3.172613894609025e-09 3.53810475025317e-07 24469281.82948747 2498
11.25 3.629826368425471e-09 4.04949598438589e-07 25436905.6574173 2622
12 4.638332140683704e-09 4.952878778420925e-07 25331007.0856632 3191
12.75 4.008019430894047e-09 5.147186329942703e-07 23253316.5646835 3044
13.5 3.694015352863436e-09 4.850779370095823e-07 23188899.91308415 2736
14.25 2.789385901988258e-09 4.225761339454272e-07 21170289.97052666 2276
15 2.623303773630595e-09 3.882781992773599e-07 21686390.29570636 2016
15.75 2.152035015342305e-09 3.32789482957086e-07 21534987.16257659 1640
16.5 1.346626093727267e-09 2.409332862582647e-07 21154462.85457361 1056
17.25 8.987017830084596e-10 1.577074031050208e-07 21215079.8502148 683
18 5.013967063417512e-10 7.230654647135324e-08 21744099.70348838 350
18.75 2.479541986211185e-10 5.465075466503008e-08 21089166.32215968 192
19.5 7.928666632690326e-11 1.271955503552663e-08 26963348.83587953 44
20.25 5.255996484186827e-11 5.00892496471609e-09 28674440.92190118 25


0.75 5.573930649393816e-12 1.226692253330652e-10 37238443.66712157 18
1.5 3.886482843166088e-11 1.788750202058874e-09 50841064.52877405 62
2.25 8.588776757901875e-11 2.956096913694587e-09 42091870.00222573 98
3 2.088547325499276e-10 8.732686758928591e-09 39145962.95364925 210
3.75 4.159604388112396e-10 1.598919874987401e-08 36903565.74514684 350
4.5 5.900772116813177e-10 2.666602328961635e-08 36721648.34478627 450
5.25 7.652302809660188e-10 4.354341480292037e-08 33819786.22010916 602
6 9.243788847585763e-10 6.045179177234275e-08 30280535.71148659 762
6.75 1.574566776989761e-09 1.050179416072636e-07 31465668.50031897 1142
7.5 1.632030304623905e-09 1.313512435714108e-07 29265344.28354032 1250
8.25 1.925976677695149e-09 1.529558485640723e-07 27371016.18605819 1458
9 2.535940875736412e-09 2.105195227108833e-07 27561503.21914498 1814
9.75 2.954157905245597e-09 2.751465242404482e-07 26200555.48122127 2178
10.5 3.427954485467898e-09 3.500082707648113e-07 25914972.01565512 2498
11.25 3.455819813715741e-09 3.94326213299591e-07 24547652.31525545 2622
12 4.445213104327488e-09 5.244659662491112e-07 25115458.6309699 3191
12.75 4.179288657805408e-09 5.057322239590581e-07 24025708.17636564 3044
13.5 3.558054402998981e-09 4.906607052855886e-07 22787160.78776479 2736
14.25 2.986063545593223e-09 4.336500902424264e-07 22566244.21817447 2276
15 2.713816803706244e-09 4.137382113779912e-07 22762217.66650039 2016
15.75 2.170338025179531e-09 3.290951804420903e-07 21768961.70827652 1640
16.5 1.404517610993337e-09 2.277902244257867e-07 21695247.15435673 1056
17.25 9.387525897981715e-10 1.563438919643107e-07 22051404.262756 683
18 4.369082028125486e-10 7.864371605939803e-08 19973068.9536842 350
18.75 2.280206408490496e-10 5.613064779808639e-08 20096009.66856564 192
19.5 6.378538760823653e-11 1.052733590076191e-08 21960904.33632275 44
20.25 3.414101818773407e-11 4.005356202581331e-09 19239325.98535829 25


0.75 6.651938676333775e-12 1.57483703238645e-10 45934941.87723947 18
1.5 3.172198979094068e-11 1.386515695391835e-09 40814479.03416296 62
2.25 7.91546127300767e-11 1.963395810808991e-09 34954156.49361167 98
3 2.338732619298163e-10 7.813100669696365e-09 40632430.17187111 210
3.75 4.471196602958069e-10 1.602632253574716e-08 39064295.11943667 350
4.5 5.72597442775533e-10 2.208899832936314e-08 34082376.85580519 450
5.25 8.10146094578464e-10 4.132312438372687e-08 34701976.72880293 602
6 1.04742527403411e-09 5.806749111948159e-08 32625416.32326383 762
6.75 1.46878003423136e-09 9.225130141428302e-08 28995801.29603983 1142
7.5 1.808982829671097e-09 1.205854328245568e-07 30714856.14270848 1250
8.25 1.847013923912775e-09 1.614506752184559e-07 27309928.0327135 1458
9 2.311911466141675e-09 2.146840761371331e-07 26235859.699889 1814
9.75 2.991944191389923e-09 2.801673770040712e-07 26786806.74921978 2178
10.5 3.317833774967816e-09 3.44227296225135e-07 25398176.9105456 2498
11.25 3.654679326671011e-09 3.810426510823945e-07 25493140.26229284 2622
12 4.284372965403133e-09 5.05742655953038e-07 24397099.07713162 3191
12.75 4.22833128988174e-09 5.081856933598059e-07 24450798.34895069 3044
13.5 3.566073041945604e-09 4.904206033407606e-07 22996402.88273748 2736
14.25 2.940057407428196e-09 4.415773509409109e-07 22589783.85519661 2276
15 2.78194276686648e-09 4.076486644783802e-07 23278521.29242824 2016
15.75 2.033300760130279e-09 3.304329142949683e-07 20899997.01050539 1640
16.5 1.332199235705844e-09 2.105718603716425e-07 20610878.82561753 1056
17.25 8.554021905870379e-10 1.34142352204344e-07 19979920.80982649 683
18 4.701388989789571e-10 8.00979719885064e-08 21394835.26180376 350
18.75 2.927764843018442e-10 4.499139064345914e-08 23380309.76776703 192
19.5 4.43918663387708e-11 1.160080744503491e-08 17073896.3204914 44
20.25 2.568482669028926e-11 5.171596047233639e-09 15977057.99786326 25


0.75 2.890324573823067e-12 1.529398973460045e-10 28345505.17424218 18
1.5 2.963554810433442e-11 1.273375330769749e-09 38105756.46168359 62
2.25 7.213295823734508e-11 3.132959375382566e-09 39495093.94269573 98
3 1.846698154045696e-10 8.343447293743139e-09 36284698.84612339 210
3.75 4.119784915358949e-10 1.519227943323481e-08 36601868.24841508 350
4.5 5.535232984835955e-10 2.679826352876396e-08 35860375.77289663 450
5.25 7.158632882463071e-10 4.04927541062652e-08 32053518.50508246 602
6 1.097190262530754e-09 5.567575620580171e-08 33448528.4478536 762
6.75 1.414154062839836e-09 9.809821546824948e-08 29086791.25487387 1142
7.5 1.641815478735983e-09 1.131112218933715e-07 28371320.10659136 1250
8.25 1.990272201443921e-09 1.585796388416498e-07 28745606.41619346 1458
9 2.244946699984613e-09 2.143691627842014e-07 25899057.50261765 1814
9.75 3.052962099419687e-09 2.761516196114824e-07 27248576.35805397 2178
10.5 3.495913192351106e-09 3.341303727492006e-07 26321431.25614065 2498
11.25 3.583871370353663e-09 3.936256653689523e-07 25554443.97565348 2622
12 4.471267946838016e-09 4.972467420152466e-07 25229111.93790083 3191
12.75 4.018310692510855e-09 4.886057403361599e-07 23477792.71137757 3044
13.5 3.421188744492528e-09 4.879468093792869e-07 22445682.05499598 2736
14.25 2.942050266993212e-09 4.286178660222389e-07 22585444.1693537 2276
15 2.675365468277783e-09 4.107284532873121e-07 22815966.24639542 2016
15.75 2.036918818862621e-09 3.409937701404256e-07 21248696.92380912 1640
16.5 1.292220693682536e-09 2.317645123203083e-07 20761676.91702598 1056
17.25 8.920951288922165e-10 1.531147593008672e-07 21414383.94772527 683
18 4.177837002640862e-10 7.584532203168781e-08 19420730.09110241 350
18.75 2.38481136352765e-10 4.75351702350279e-08 20242771.94225413 192
19.5 5.052845352157137e-11 5.883739517238262e-09 16686579.20638568 44
20.25 1.540492657951435e-11 7.537968953886134e-09 12536994.63479879 25


0.75 5.485678398842353e-12 9.254372954557254e-11 34685114.2506423 18
1.5 3.404955371923964e-11 1.078374294996603e-09 38755477.00439805 62
2.25 8.833095161693093e-11 2.514749229151605e-09 41318278.86863426 98
3 2.082608081346514e-10 7.659823920027898e-09 37966347.10889749 210
3.75 4.372406540017106e-10 1.651869158651796e-08 39415392.35910937 350
4.5 5.213510815606109e-10 2.317550271772701e-08 32973168.6939923 450
5.25 6.922481744191538e-10 4.04579833791767e-08 31588453.21294424 602
6 9.708830305248506e-10 6.488574038333179e-08 32773923.30730372 762
6.75 1.526022755681328e-09 1.003342611684336e-07 31019000.51038784 1142
7.5 1.653650072204259e-09 1.119895861128941e-07 28612152.85725015 1250
8.25 1.965731028457563e-09 1.52212108025437e-07 28324895.02429877 1458
9 2.514384092194914e-09 2.071705481147659e-07 27868476.68063753 1814
9.75 2.995095009726412e-09 2.71236456962439e-07 26924450.84372257 2178
10.5 3.238348125875652e-09 3.396699098210027e-07 25224859.79811395 2498
11.25 3.459362332270915e-09 3.816402050578358e-07 24869176.65426712 2622
12 4.163476807012163e-09 4.978221227202825e-07 24134508.7312495 3191
12.75 4.032978468488421e-09 4.911720773844332e-07 23737493.28147908 3044
13.5 3.753244705449239e-09 4.746416473520498e-07 24015354.16525792 2736
14.25 2.805621718689412e-09 4.18412233708491e-07 21824547.37360977 2276
15 2.498576777596382e-09 3.892548224962728e-07 21539362.03745084 2016
15.75 2.065370030702074e-09 3.177769094772333e-07 21247521.89889568 1640
16.5 1.237102316804772e-09 2.054261951041231e-07 19640595.32326361 1056
17.25 8.757596183459104e-10 1.369181688625809e-07 20736050.94664226 683
18 3.58495802300521e-10 7.613891569388936e-08 17426821.57422473 350
18.75 2.041075706865734e-10 4.396933648561463e-08 17770128.40735319 192
19.5 6.561033252343075e-11 1.046617307786246e-08 22943642.57915542 44
20.25 3.326677737068164e-11 5.380184643420003e-09 20128763.77380255 25


0.75 8.06634634912099e-12 2.016979231173181e-10 57933672.44913371 18
1.5 4.136104935661928e-11 1.118602540105633e-09 44778840.52535643 62
2.25 9.56909694364858e-11 2.103590785893664e-09 41630860.03930379 98
3 2.238716224185781e-10 8.501593168177116e-09 41622259.95313234 210
3.75 3.790882311620204e-10 1.867342709399013e-08 38045675.26388406 350
4.5 5.464783934522145e-10 2.56132775108039e-08 35485148.07074919 450
5.25 7.58619743269029e-10 4.402948410082282e-08 34785373.55772745 602
6 9.370638705596263e-10 5.70127033495036e-08 30790203.94057172 762
6.75 1.522425343287613e-09 9.822621230245048e-08 30980116.36537219 1142
7.5 1.647424506220951e-09 1.258588867377713e-07 29875304.9237588 1250
8.25 1.818635917121205e-09 1.459895197416959e-07 26706904.0711292 1458
9 2.436081131188103e-09 1.93789229245218e-07 26918530.17546629 1814
9.75 3.008773230453572e-09 2.663846553490575e-07 27068766.97489157 2178
10.5 3.2144526661782e-09 3.382374525122936e-07 25248571.87823312 2498
11.25 3.494553797998108e-09 3.549439955180467e-07 24727834.59981987 2622
12 4.573733975362649e-09 4.698099422939384e-07 25639996.00804194 3191
12.75 3.944494076387175e-09 4.859971700154034e-07 23460984.8683187 3044
13.5 3.663985341889476e-09 4.780139279535069e-07 23807462.59794727 2736
14.25 2.838366662392027e-09 4.126918375340105e-07 22092335.81238342 2276
15 2.477534450296445e-09 3.8479988940266e-07 21498122.82338369 2016
15.75 2.049367352702896e-09 3.194880752990801e-07 21305546.01528006 1640
16.5 1.310322569710697e-09 2.204987664821883e-07 21022897.33194503 1056
17.25 8.986830264255035e-10 1.611994233101061e-07 22111604.75651896 683
18 4.440557331280816e-10 8.657723079648064e-08 21290374.78490689 350
18.75 1.993258074107693e-10 4.298352142854091e-08 17485243.05514094 192
19.5 3.429431507161977e-11 9.681987770291102e-09 13767184.99081508 44
20.25 1.994585004832474e-11 4.697740441220379e-09 13128028.5436025 25


0.75 7.259766145525681e-12 2.314786026950165e-10 57452548.29872447 18
1.5 3.537711694985841e-11 1.067780393230373e-09 40081927.26401883 62
2.25 9.341134877862965e-11 2.57576300863236e-09 43813857.88330615 98
3 2.435162533157461e-10 6.497583205342465e-09 40395011.58535476 210
3.75 3.845146270875509e-10 1.661150075354125e-08 36889825.90719166 350
4.5 5.885160143894967e-10 2.882749077749181e-08 39084965.68116504 450
5.25 7.610551576808592e-10 4.528684620777314e-08 35461210.99980162 602
6 1.103955667259217e-09 5.816573505122253e-08 34764625.64729344 762
6.75 1.538894010295509e-09 9.703390968715568e-08 31279165.93130956 1142
7.5 1.751790570231616e-09 1.201503909835037e-07 30861876.18315281 1250
8.25 1.919659843263727e-09 1.547608617986809e-07 28417801.16147414 1458
9 2.387853941528255e-09 2.030716486253767e-07 27102645.01211708 1814
9.75 2.767796821259222e-09 2.719754325406902e-07 25870264.71129436 2178
10.5 3.192916480987424e-09 3.266579232666268e-07 25038051.37638284 2498
11.25 3.541031415595718e-09 3.709706368176408e-07 25442907.26015507 2622
12 4.24036356586644e-09 4.919997754186444e-07 24721433.71992508 3191
12.75 3.942887957824459e-09 4.53583506138712e-07 23190715.1036003 3044
13.5 3.548031199366812e-09 4.81466149262142e-07 23455431.75952196 2736
14.25 2.774651021308828e-09 4.151047862822736e-07 21911581.34341699 2276
15 2.488341057242607e-09 3.805239242133173e-07 21654843.12166788 2016
15.75 2.010247780143921e-09 3.390586130864965e-07 21462610.06901312 1640
16.5 1.233503628514392e-09 2.144251186697912e-07 20087118.6998597 1056
17.25 8.913433862593342e-10 1.493148721344815e-07 21736067.68598238 683
18 4.037970831186932e-10 7.838708245677748e-08 19475399.2066607 350
18.75 2.384013091363079e-10 4.285096713717619e-08 20208140.72034069 192
19.5 6.966688516997805e-11 1.321180890494831e-08 25559436.8582663 44
20.25 3.368142832706505e-11 7.718519271471742e-09 22182287.63951528 25


0.75 9.167811890493872e-12 1.575871571314974e-10 59614378.67026499 18
1.5 3.97403339061871e-11 1.411878203533256e-09 48414666.94483048 62
2.25 1.065076648314269e-10 3.069849103001017e-09 51164969.31164277 98
3 2.280287241663614e-10 7.301849304556847e-09 40461727.92054219 210
3.75 3.665501017060113e-10 1.620657195904731e-08 35768850.29149279 350
4.5 5.487980293050469e-10 2.735298771361392e-08 36981754.50454572 450
5.25 7.475398602844281e-10 3.478087776423437e-08 32175186.28865598 602
6 9.053121586141602e-10 5.766655224867682e-08 30684207.47124941 762
6.75 1.414268683959873e-09 1.011118641399781e-07 30257101.96836026 1142
7.5 1.651116546036635e-09 1.161808135391239e-07 29560456.79032868 1250
8.25 1.927042365368075e-09 1.577775729294019e-07 28895591.00517058 1458
9 2.382138078489808e-09 2.101731699453123e-07 27563806.87677345 1814
9.75 2.838243080693138e-09 2.473666719212278e-07 25788518.98370108 2178
10.5 3.236854967412732e-09 3.273728868324082e-07 25491802.68937826 2498
11.25 3.601792842917769e-09 3.53207676144674e-07 25614017.85728686 2622
12 4.14207461506767e-09 4.658617591253853e-07 24125740.81851253 3191
12.75 3.919402195210512e-09 4.607872088311209e-07 23359076.30685104 3044
13.5 3.45299856531142e-09 4.709561753777528e-07 23031463.10309183 2736
14.25 3.018955680887738e-09 4.127105529640187e-07 23463762.92310665 2276
15 2.616834209278255e-09 3.693210352535934e-07 22492050.05198643 2016
15.75 2.193968079432256e-09 3.093847417503121e-07 22603713.39396995 1640
16.5 1.398609213845503e-09 2.03743729383949e-07 22027138.53231595 1056
17.25 7.877030463022408e-10 1.520690013915927e-07 20019263.58077584 683
18 4.524049006688265e-10 6.953143376288967e-08 20893544.30221119 350
18.75 2.361904725833643e-10 3.532663308856943e-08 19455911.90409574 192
19.5 3.77724008609516e-11 9.47926383206315e-09 14901859.48917914 44
20.25 2.522122242298332e-11 7.383287957990287e-09 17806704.95916036 25


0.75 7.071080200005275e-12 1.810278944578926e-10 52443672.99309321 18
1.5 4.221805294379931e-11 9.807323580618794e-10 44532413.35430454 62
2.25 8.829015682797982e-11 3.127892658536255e-09 46119526.38330787 98
3 2.598499506759336e-10 8.625988978164431e-09 47092841.42116587 210
3.75 4.262794295086399e-10 1.802975627643163e-08 41251484.91669084 350
4.5 5.134566809455367e-10 2.470536689043552e-08 34433463.14784043 450
5.25 7.170837606769117e-10 4.532142528461543e-08 34751051.64821477 602
6 9.671287790566742e-10 5.591188680984459e-08 31927530.14819463 762
6.75 1.358339218326239e-09 1.006187384528177e-07 29668133.79209365 1142
7.5 1.604134721766487e-09 1.151236609207594e-07 29133651.38493251 1250
8.25 1.866208502148281e-09 1.474964124430028e-07 27883690.88056337 1458
9 2.322266391777444e-09 2.023488031906731e-07 26974632.66344395 1814
9.75 2.730468922653694e-09 2.551704984508794e-07 25521675.9542916 2178
10.5 3.050688646833945e-09 3.309606119454172e-07 24726814.35180873 2498
11.25 3.409968065751861e-09 3.630628193186815e-07 24992739.10532969 2622
12 4.426247466277832e-09 4.741419482893717e-07 25643573.06535785 3191
12.75 4.153630170604574e-09 4.992846616925506e-07 25089453.58720952 3044
13.5 3.413562576803402e-09 4.431457462681717e-07 22644161.99052637 2736
14.25 2.682172464285498e-09 4.094995953506164e-07 21620425.80337304 2276
15 2.522782714879028e-09 3.592338764530355e-07 21894546.06410652 2016
15.75 2.020545134517898e-09 3.177959725752677e-07 21517172.60120633 1640
16.5 1.22695470900005e-09 2.208948409638214e-07 20459350.10590432 1056
17.25 7.978666221009427e-10 1.385000451907285e-07 19910461.53582928 683
18 4.231678744293432e-10 7.788855412836469e-08 20459627.70974781 350
18.75 2.462091891193589e-10 3.537196392394958e-08 20286356.24055844 192
19.5 4.104452257716552e-11 9.765608855112739e-09 16093877.40012644 44
20.25 1.822447642321416e-11 6.877731118654175e-09 14001193.11485597 25


0.75 6.414447629227818e-12 1.639818961676539e-10 47666542.31984283 18
1.5 4.242430432857415e-11 9.261854605584036e-10 43971470.94249219 62
2.25 8.791102762272179e-11 3.012211042648477e-09 45519311.43577751 98
3 2.332526782527781e-10 7.652650920993839e-09 42247764.98523653 210
3.75 4.333736325938942e-10 1.650699147328444e-08 40562387.05670884 350
4.5 5.77205000835551e-10 2.336851404716782e-08 36621152.40081605 450
5.25 7.87401217252712e-10 4.133868606720679e-08 35775500.06461291 602
6 9.671628365093409e-10 5.578378189991229e-08 32063680.66266284 762
6.75 1.36897922424339e-09 9.16651143098519e-08 29004215.24083266 1142
7.5 1.60511266337227e-09 1.256845081259047e-07 30184860.52779787 1250
8.25 1.839185406276614e-09 1.518110980020231e-07 28026002.6766788 1458
9 2.352692850777113e-09 1.953705880192414e-07 27077477.80609751 1814
9.75 2.74257918236206e-09 2.62359649003911e-07 25967626.77563782 2178
10.5 3.324726987879526e-09 3.139496485420021e-07 26023258.43914088 2498
11.25 3.493474344516448e-09 3.69030846174046e-07 25699963.49370671 2622
12 4.220016057527491e-09 4.70102369813028e-07 24852742.73884448 3191
12.75 3.908942722238885e-09 4.7562737563023e-07 23832386.44060754 3044
13.5 3.428365094734279e-09 4.575731820617073e-07 23049868.77407246 2736
14.25 2.89595618949127e-09 3.841736973585024e-07 22649499.3246186 2276
15 2.436686696961827e-09 3.764977880415104e-07 21719663.26428331 2016
15.75 1.994680566863415e-09 3.087678515944744e-07 21294194.6325954 1640
16.5 1.315039027003854e-09 2.082198933618644e-07 21393659.79542266 1056
17.25 8.258457568791908e-10 1.574476567226544e-07 21215754.07692891 683
18 3.839204412508821e-10 7.86556869521908e-08 19165401.00161079 350
18.75 2.126343335252884e-10 4.738709737720632e-08 19344824.46910861 192
19.5 5.658976709898887e-11 1.108890150599186e-08 21356543.23875996 44
20.25 4.035734126957746e-11 5.133841531129548e-09 24357747.24576218 25


0.75 8.601188340085469e-12 1.359339831566721e-10 56159752.84464232 18
1.5 3.247322949206648e-11 1.418286316203754e-09 44257518.78841102 62
2.25 9.206825663170886e-11 3.515689094214015e-09 50261162.6408814 98
3 2.134431691816885e-10 8.347866490703493e-09 41663589.75306642 210
3.75 3.688990785920009e-10 1.567433905213821e-08 36282933.36012949 350
4.5 6.100171052515161e-10 2.561525762529317e-08 39584819.90318543 450
5.25 6.815091472035964e-10 4.277463297804873e-08 33414354.22236428 602
6 8.894993325797125e-10 5.458922808615647e-08 30419856.01780459 762
6.75 1.467184180054457e-09 8.998488135129214e-08 30467353.9150459 1142
7.5 1.579762773233979e-09 1.066778613711487e-07 28547433.28489945 1250
8.25 1.815854454285296e-09 1.475842943449111e-07 27773403.2744512 1458
9 2.293701540882403e-09 1.971635750815134e-07 26914668.0569197 1814
9.75 2.785032584492462e-09 2.690617637174269e-07 26677209.1550904 2178
10.5 3.150939398358344e-09 3.1141480060369e-07 25199197.96291395 2498
11.25 3.337840728998407e-09 3.642703993952932e-07 24992174.14494 2622
12 4.186909706672646e-09 4.727006644463261e-07 24954662.20360837 3191
12.75 3.779838486847698e-09 4.826092156490585e-07 23540749.87225756 3044
13.5 3.354932629123378e-09 4.650083297888375e-07 22971845.85455006 2736
14.25 2.694468491205677e-09 4.129789117430978e-07 22055870.85664526 2276
15 2.452024274989419e-09 3.600768518578012e-07 21750497.3752027 2016
15.75 2.034208053992936e-09 3.147280305379332e-07 21887264.54292129 1640
16.5 1.260920660906084e-09 2.037214235151422e-07 20773546.9519572 1056
17.25 8.392028147599466e-10 1.486575213169649e-07 21344249.75453978 683
18 3.722257342084545e-10 7.88551634707817e-08 18884050.03458068 350
18.75 1.989867232620716e-10 4.333233555440553e-08 18139718.93063077 192
19.5 6.414132917999666e-11 1.542220613678677e-08 25578357.58440684 44
20.25 3.555158877586426e-11 4.94037782944548e-09 21911985.81876019 25


0.75 6.667391216526766e-12 1.568499614797068e-10 49025270.83087654 18
1.5 2.88717664520976e-11 1.071548225175879e-09 36868041.91441465 62
2.25 8.006995801352634e-11 2.32531963110773e-09 39706065.99128912 98
3 2.16927340722826e-10 7.808388866278658e-09 41293677.72121125 210
3.75 4.041198195925511e-10 1.818814142931774e-08 40866842.24794143 350
4.5 4.895581107804556e-10 2.620682461448379e-08 34894032.95569357 450
5.25 7.465503376307407e-10 3.988256030091473e-08 34673747.22004897 602
6 1.012191680683106e-09 5.390911080466942e-08 33191888.15513434 762
6.75 1.408787513103812e-09 9.000264878145937e-08 29836040.53803051 1142
7.5 1.543469743411398e-09 1.058881391147422e-07 28209714.09024729 1250
8.25 1.787280459151375e-09 1.409060484351e-07 27245622.42390725 1458
9 2.241433549589557e-09 1.899918417544012e-07 26358752.67595949 1814
9.75 2.638158711671191e-09 2.5790982884936e-07 25530278.76745452 2178
10.5 3.168730712617146e-09 3.206632926518989e-07 25684754.67135878 2498
11.25 3.475798405503326e-09 3.579341946558587e-07 25774588.04657307 2622
12 3.982821199833092e-09 4.80474751355193e-07 24342097.2687961 3191
12.75 3.929358082882735e-09 4.655748361054449e-07 24147017.65304938 3044
13.5 3.371158091930464e-09 4.504792410569091e-07 23011641.42967203 2736
14.25 2.85759430424903e-09 3.966547657628648e-07 22941834.37591268 2276
15 2.540043069409432e-09 3.696631097402669e-07 22633410.22192601 2016
15.75 2.092012884726482e-09 3.224643688151576e-07 22641593.89842338 1640
16.5 1.300739180959316e-09 2.05271046090856e-07 21458121.99583764 1056
17.25 7.869814972824733e-10 1.378670881806685e-07 20100249.27545352 683
18 4.885983298506535e-10 8.122964038659438e-08 23594101.34923638 350
18.75 1.875912607444989e-10 3.909994968038021e-08 17037875.09724085 192
19.5 7.726584686728988e-11 1.665451985956111e-08 30220559.59711736 44
20.25 2.483392038242521e-11 1.024760326228143e-08 20090227.03231105 25


0.75 5.965868543343664e-12 2.086020193212739e-10 51204848.21387939 18
1.5 4.238856885632722e-11 1.025620271058139e-09 46407851.43357759 62
2.25 9.416012859069886e-11 2.197258084239997e-09 43746554.12390724 98
3 2.18754571347857e-10 8.506332113404126e-09 43105936.87762548 210
3.75 4.059878904884513e-10 1.622525000306955e-08 39506921.72345396 350
4.5 5.337258319918077e-10 2.10783150828187e-08 34333516.84577436 450
5.25 7.411042220409499e-10 3.812212916629689e-08 34164645.3830063 602
6 9.319379745993447e-10 5.477172796636867e-08 31779611.28181789 762
6.75 1.444655272245097e-09 9.249264869010821e-08 30803989.67496871 1142
7.5 1.586095960652422e-09 1.211149338007513e-07 30214803.93726026 1250
8.25 1.797619354700165e-09 1.444087179065945e-07 27741913.44848988 1458
9 2.227198316072721e-09 1.97620592801509e-07 26736936.28557858 1814
9.75 2.689326198697027e-09 2.488768717469199e-07 25756155.97289841 2178
10.5 3.108835059648031e-09 3.230236102804968e-07 25560866.44976178 2498
11.25 3.164317847924238e-09 3.743402958141033e-07 24583822.57561225 2622
12 4.091206884072755e-09 4.835733692960222e-07 25022379.27528635 3191
12.75 3.770988436386717e-09 4.677131045741062e-07 23610513.20520253 3044
13.5 3.450279570464744e-09 4.447831831618068e-07 23484980.81364504 2736
14.25 2.698914090076777e-09 3.902920364505597e-07 22043319.55329213 2276
15 2.548205475536866e-09 3.743774498215493e-07 22910496.08662965 2016
15.75 2.138917050234743e-09 2.999947484737237e-07 22798010.69920888 1640
16.5 1.205705126042544e-09 1.909892024550756e-07 20040621.90454614 1056
17.25 7.87171527600024e-10 1.315735037417836e-07 20022892.9423277 683
18 3.918124280159803e-10 8.159175938801984e-08 20062579.04089791 350
18.75 2.259842373961253e-10 4.10841522311753e-08 20038943.08900515 192
19.5 5.031324587073683e-11 1.354913517295898e-08 20951026.11535779 44
20.25 3.565856612100136e-11 2.769218860024527e-09 20760875.74481494 25


0.75 5.278881119431361e-12 2.788632180402326e-10 55550516.40263192 18
1.5 4.218624272463625e-11 1.079404458282235e-09 47486794.82183494 62
2.25 9.630526853905283e-11 3.577262154156008e-09 53047476.82901126 98
3 2.458576765559818e-10 6.811597860501669e-09 43468461.29522354 210
3.75 3.819394565367276e-10 1.636872525327736e-08 38448246.61814204 350
4.5 5.48530572160559e-10 2.406182496824897e-08 36853116.74756401 450
5.25 8.003044598195189e-10 3.933605482252184e-08 36617821.34717621 602
6 9.848055965577616e-10 5.534413413626255e-08 33336768.30592869 762
6.75 1.361257644306774e-09 9.130322355675122e-08 29721210.39386531 1142
7.5 1.490177007927258e-09 1.092406558160414e-07 28219516.98118192 1250
8.25 1.776799714797703e-09 1.462039108092658e-07 27850949.22390898 1458
9 2.302597096181573e-09 1.993727146565279e-07 27641796.89422522 1814
9.75 2.632075885798739e-09 2.52727031753405e-07 25687687.61072294 2178
10.5 3.183854744710949e-09 3.211613213589263e-07 26147134.69918604 2498
11.25 3.291693853393724e-09 3.448294155412129e-07 24871662.87872923 2622
12 4.07047682802693e-09 4.604524633813948e-07 24780421.90238038 3191
12.75 3.9458846602534e-09 4.659862023479591e-07 24569903.25918382 3044
13.5 3.292812997862756e-09 4.376607632706933e-07 22762126.3783501 2736
14.25 2.733863186984736e-09 3.716802388026841e-07 22142301.73055773 2276
15 2.397078247436891e-09 3.693670560779392e-07 21975082.36116108 2016
15.75 1.972548472338697e-09 3.12574685619632e-07 21796371.69604096 1640
16.5 1.181442531349331e-09 2.205542501985466e-07 20595979.24041534 1056
17.25 7.193416140285919e-10 1.354481204368101e-07 18958536.1266434 683
18 3.742872804733274e-10 8.368563130183623e-08 19662169.71300141 350
18.75 1.941999482475157e-10 3.192104887855574e-08 16993214.13676133 192
19.5 4.513510098362482e-11 1.125731274953276e-08 18550915.68456181 44
20.25 4.267585819986929e-11 9.895876567250499e-09 29625951.26322122 25


0.75 5.720558437791329e-12 2.133344095174104e-10 51222110.43749439 18
1.5 3.98314296121775e-11 1.037632362186465e-09 45359917.85902058 62
2.25 7.782945645743255e-11 2.673955041084912e-09 41840586.28443088 98
3 2.388178297924547e-10 7.861723343336718e-09 44925932.33599819 210
3.75 3.551530917547644e-10 1.463158228758768e-08 35454383.97442807 350
4.5 5.43717328745027e-10 2.512913162967039e-08 37436938.36706817 450
5.25 7.270253124627695e-10 3.552336537709898e-08 33406646.29358351 602
6 9.338703696976425e-10 5.631513251559611e-08 32599317.96560884 762
6.75 1.488619705492369e-09 8.744787162976189e-08 31313671.96531329 1142
7.5 1.49655029581925e-09 1.159633189772366e-07 29064939.79254077 1250
8.25 1.817377951755329e-09 1.363412819637368e-07 27841919.98021515 1458
9 2.200414534044898e-09 1.952562554800692e-07 26795509.53419326 1814
9.75 2.66900275986411e-09 2.441843631200779e-07 25839880.69256925 2178
10.5 2.959438632136473e-09 2.966106541483171e-07 24419611.55724778 2498
11.25 3.283045375625952e-09 3.465648533532639e-07 25024866.061003 2622
12 4.12948920983145e-09 4.747131754925453e-07 25419909.51424333 3191
12.75 3.797456899959974e-09 4.75253237781686e-07 24174908.25611569 3044
13.5 3.26791200140592e-09 4.274461811208892e-07 22646685.41201078 2736
14.25 2.718896591756054e-09 3.904720547764819e-07 22482626.14075117 2276
15 2.422469412611333e-09 3.6989939898331e-07 22306165.96949185 2016
15.75 1.950311434360029e-09 3.03902083484524e-07 21608087.96281584 1640
16.5 1.308358128694796e-09 2.108248484681063e-07 22144304.83396144 1056
17.25 7.381284275240981e-10 1.4322287509128e-07 19733957.309343 683
18 3.692297766765186e-10 6.956580792275158e-08 18716839.44605311 350
18.75 2.296160464663958e-10 4.638880831060718e-08 21139590.78559624 192
19.5 6.004584909590438e-11 8.374129392978409e-09 22030491.15967133 44
20.25 2.508069929399268e-11 5.093157872293277e-09 17022438.574381 25


0.75 6.391201338131415e-12 1.533432884412637e-10 48763413.38290726 18
1.5 3.3145335792767e-11 1.081356964533828e-09 41376065.24757051 62
2.25 8.578179111994792e-11 3.102162139686815e-09 47479724.38148801 98
3 2.321292780781345e-10 9.07580778341281e-09 46933984.83086741 210
3.75 3.715155428474714e-10 1.533355092814995e-08 37454695.31727526 350
4.5 4.783565060801395e-10 2.303417122532064e-08 33727093.68284343 450
5.25 7.246873130410455e-10 3.70034212096071e-08 34106359.64867014 602
6 8.808662837204644e-10 5.830461444630089e-08 32077288.17754838 762
6.75 1.371044412708068e-09 8.268230297723227e-08 29333782.11923439 1142
7.5 1.548904063057458e-09 1.062219985086499e-07 29135337.94860586 1250
8.25 1.636348886094113e-09 1.428344590325105e-07 26547619.56390896 1458
9 2.221836304075003e-09 1.915790722243057e-07 27032045.33000949 1814
9.75 2.604927807842176e-09 2.427525102245206e-07 25564080.24018881 2178
10.5 3.01109898204061e-09 3.108426942584957e-07 25263348.52442179 2498
11.25 3.26191981644001e-09 3.529212696569711e-07 25236142.6348835 2622
12 3.823569883320876e-09 4.473323941836798e-07 23837704.31511519 3191
12.75 3.765152603812551e-09 4.404451603629457e-07 23728255.34161625 3044
13.5 3.239766837358848e-09 4.325583740446282e-07 22748027.71025923 2736
14.25 2.664363526140239e-09 3.836933773171783e-07 22216929.8893895 2276
15 2.40975880449528e-09 3.680497929591313e-07 22360154.77263319 2016
15.75 2.065151231133057e-09 3.233286119652817e-07 23081297.89059594 1640
16.5 1.272191556066076e-09 1.977243504959112e-07 21516099.39476076 1056
17.25 7.941893703960126e-10 1.397156399494558e-07 20887940.95340158 683
18 4.369822791296167e-10 7.735622526925578e-08 22004526.82355784 350
18.75 2.385120581221044e-10 4.263203750794702e-08 21534199.82545629 192
19.5 3.425124368957685e-11 1.073960327966288e-08 15222809.494772 44
20.25 2.853698911910479e-11 5.98715319612608e-09 19648179.9505037 25


0.75 5.615343175050036e-12 1.104524512816963e-10 40414704.70726857 18
1.5 3.435164938949509e-11 1.239066576864544e-09 44875669.17725299 62
2.25 9.463426948578849e-11 2.742173163989315e-09 48538477.13760813 98
3 2.028875457738844e-10 7.431638131207347e-09 40238903.9224177 210
3.75 3.745020466476101e-10 1.602736955447998e-08 38466853.59194833 350
4.5 5.651813009498256e-10 2.436674917851462e-08 38535237.66828965 450
5.25 7.123798376036746e-10 4.26466872443462e-08 35732756.86941559 602
6 9.661900189800009e-10 5.285065607881087e-08 33090807.50859224 762
6.75 1.352199200590096e-09 8.435807853508368e-08 29417913.81357995 1142
7.5 1.507305339580646e-09 1.096547387921256e-07 29069074.60064892 1250
8.25 1.788922895200961e-09 1.48843516329758e-07 28734428.23445551 1458
9 2.171272248881097e-09 1.861484476042128e-07 26530567.74216785 1814
9.75 2.636256231578542e-09 2.361097173904975e-07 25725638.29056041 2178
10.5 3.071616517115078e-09 3.160215884013727e-07 25905900.04258784 2498
11.25 3.268335945791063e-09 3.392097122599112e-07 25148966.03625377 2622
12 4.055954609830835e-09 4.55008843120801e-07 25154169.49863186 3191
12.75 3.530991862692827e-09 4.511895065852826e-07 22928425.34017909 3044
13.5 3.213244511489539e-09 4.339283957351634e-07 22775245.7752066 2736
14.25 2.547076420426668e-09 3.934061276418564e-07 21781244.27700129 2276
15 2.40701399485839e-09 3.753646319498131e-07 22600367.78545216 2016
15.75 1.973886921552974e-09 3.007372306021824e-07 22059502.21495648 1640
16.5 1.271007028014461e-09 1.999856778336283e-07 21696987.1605116 1056
17.25 7.846890667887801e-10 1.464579037700959e-07 21070646.30857146 683
18 3.701012070730624e-10 7.293636869634267e-08 19229630.39926825 350
18.75 2.112800718907726e-10 4.294379296661945e-08 19754053.49405798 192
19.5 5.487148179445482e-11 8.134918320822957e-09 20625562.43288309 44
20.25 2.881988371696369e-11 1.919121929216501e-09 17032125.00641064 25


0.75 3.611623774387987e-12 1.41015236642779e-10 33704737.34208448 18
1.5 3.476781166979732e-11 1.197721767790035e-09 44856927.63917803 62
2.25 7.336158171370567e-11 1.992554275034213e-09 37041615.51992088 98
3 1.883357205081477e-10 6.520335195209584e-09 36823124.14354121 210
3.75 3.533534094678854e-10 1.631783943814254e-08 37607202.47942097 350
4.5 4.68814697014006e-10 2.313804372235208e-08 33758207.86242266 450
5.25 7.150536790398809e-10 3.642007627873557e-08 34029195.9607975 602
6 9.831934540323529e-10 5.366356505956691e-08 33866524.88348053 762
6.75 1.431718405684775e-09 9.308556777535445e-08 31785067.81043002 1142
7.5 1.453886439193301e-09 1.125507411704011e-07 28821332.07117638 1250
8.25 1.849325038498813e-09 1.437721819467675e-07 29251671.99875746 1458
9 2.185260448511942e-09 1.823498199495474e-07 26655895.78432297 1814
9.75 2.55523521740766e-09 2.427810848838393e-07 25548824.75052769 2178
10.5 3.123704256403577e-09 3.125355147091298e-07 26304243.92419891 2498
11.25 3.343619183438762e-09 3.524669164459342e-07 26012759.14851514 2622
12 3.805052619724884e-09 4.528058618566515e-07 24147971.20943211 3191
12.75 3.846338955363033e-09 4.535755864400241e-07 24608753.08692526 3044
13.5 3.062561436060219e-09 4.308622562906019e-07 22097632.47996577 2736
14.25 2.650671432822676e-09 3.781464293532929e-07 22340956.01218664 2276
15 2.302458284447851e-09 3.640729174026941e-07 21844001.42681085 2016
15.75 1.919394602967721e-09 2.972831325614941e-07 21681364.98592485 1640
16.5 1.28305653405899e-09 1.998628413102893e-07 22000577.77960944 1056
17.25 7.60060396977701e-10 1.442148540343551e-07 20631913.70139832 683
18 3.990834366678496e-10 7.589210682025489e-08 20700834.46946131 350
18.75 2.366383516548795e-10 4.111900962153478e-08 21525585.06409735 192
19.5 5.013383873158547e-11 8.170823229472196e-09 19294823.64529174 44
20.25 3.108381889974316e-11 4.589531622865446e-09 20303937.52094281 25


0.75 4.163791756884403e-12 1.259435893682841e-10 35128120.89027803 18
1.5 4.044794290161359e-11 6.596146267685695e-10 41314697.21773598 62
2.25 8.065931648397724e-11 2.022878612000253e-09 39958795.61439972 98
3 2.125153709111313e-10 6.388138160437282e-09 39852192.40160438 210
3.75 3.968212771483447e-10 1.532350483460868e-08 39783954.83613311 350
4.5 4.380169930176877e-10 2.315655454002903e-08 32595307.84063062 450
5.25 7.218368550805908e-10 3.781412910931301e-08 34925834.9996011 602
6 9.132740636871516e-10 5.464293479114789e-08 32680586.22581124 762
6.75 1.546868646843357e-09 9.1917574532019e-08 33569327.92172744 1142
7.5 1.474773266187912e-09 1.038556216891059e-07 28518141.91226848 1250
8.25 1.650847547387518e-09 1.379322775393463e-07 26911035.97718629 1458
9 2.13423247793703e-09 1.85339100184977e-07 26535453.17970417 1814
9.75 2.557021645124956e-09 2.396724493189239e-07 25634324.51260129 2178
10.5 3.063341323236711e-09 3.077398322863336e-07 26002251.55815614 2498
11.25 3.0912269225012e-09 3.391399454868531e-07 24489460.04805272 2622
12 3.98671435883021e-09 4.360753918419393e-07 24890617.04760444 3191
12.75 3.651493448749659e-09 4.680068690999186e-07 24053948.04204784 3044
13.5 3.374528798901431e-09 4.419937256476154e-07 24049549.73395029 2736
14.25 2.738683133707902e-09 3.781664209333148e-07 23047027.45344947 2276
15 2.359217236789136e-09 3.641460242764463e-07 22394765.03839919 2016
15.75 2.043262635338149e-09 3.187915878060237e-07 23279857.09455662 1640
16.5 1.237741310642448e-09 2.219027643120438e-07 22102819.29773057 1056
17.25 7.258624876587172e-10 1.249475600278805e-07 19381048.25627064 683
18 3.798515725791746e-10 6.700748606010991e-08 19502223.61071939 350
18.75 2.095358365531804e-10 3.474370912631152e-08 19010689.95265869 192
19.5 3.247544877458617e-11 8.846867273574103e-09 14144471.28001478 44
20.25 3.217741075750554e-11 1.023858052239246e-08 25131035.30284239 25


0.75 6.067722828252715e-12 1.506117860791593e-10 47978243.3822252 18
1.5 2.155730475109431e-11 1.075386972519763e-09 33314516.41991612 62
2.25 6.876402876243303e-11 1.941223005645863e-09 35674926.58501171 98
3 2.18672925823803e-10 8.137428601926394e-09 44523258.79630055 210
3.75 4.490375099017702e-10 1.511251159105718e-08 43318770.63213755 350
4.5 4.561594690681362e-10 2.372553284145101e-08 33977818.30695647 450
5.25 6.359959169492362e-10 4.013853112401438e-08 33241215.86297252 602
6 8.402082431504276e-10 5.636494749361168e-08 31576668.19948611 762
6.75 1.219876197806575e-09 8.920659167562876e-08 28618033.38911876 1142
7.5 1.383629534063971e-09 1.11957856880063e-07 28245979.57720585 1250
8.25 1.798476242414123e-09 1.362188069063537e-07 28611735.91400962 1458
9 2.194167102468897e-09 1.8198594729858e-07 27089930.54421458 1814
9.75 2.494497917792979e-09 2.258623315704454e-07 24927177.29891665 2178
10.5 3.075738828051116e-09 2.959878178263343e-07 25970673.26888974 2498
11.25 3.178874944227236e-09 3.315610560703567e-07 25003014.51867166 2622
12 3.951634951228769e-09 4.467451705391863e-07 25069081.35349111 3191
12.75 3.648572238707455e-09 4.693226232161958e-07 24229145.74518885 3044
13.5 3.222548875050375e-09 4.192305813696121e-07 23088075.59151604 2736
14.25 2.588363403296909e-09 3.725423230456628e-07 22171283.54132402 2276
15 2.272893621196588e-09 3.726604353992448e-07 22075668.18480533 2016
15.75 1.884480731027021e-09 2.890149861725943e-07 21532688.60627326 1640
16.5 1.218532580657347e-09 2.091921369558026e-07 21677523.3049526 1056
17.25 7.688868861981106e-10 1.363630870887619e-07 20818655.12228975 683
18 3.885447430712943e-10 7.80560275582558e-08 20704645.62265643 350
18.75 2.171848028218531e-10 4.790943635824041e-08 21139515.4957719 192
19.5 5.156530390705148e-11 1.181416985123426e-08 21628986.26663365 44
20.25 2.400754217689992e-11 3.852551616636107e-09 16124158.07252437 25


0.75 4.667208844984961e-12 1.716676425365212e-10 43274772.71446112 18
1.5 3.570013728910492e-11 1.004997041953912e-09 43490250.02088988 62
2.25 6.235597211701289e-11 2.242631872191043e-09 35540246.70880127 98
3 2.186882934733325e-10 7.466549217149995e-09 43392780.62343894 210
3.75 3.497455706982975e-10 1.515880539841649e-08 37057643.30069084 350
4.5 5.008912703028954e-10 2.294787163088989e-08 35810495.28794222 450
5.25 7.063275565400665e-10 3.618127701200857e-08 34360875.54098473 602
6 8.496334075355685e-10 5.565912534112734e-08 31844140.6333094 762
6.75 1.350737223785779e-09 8.642297978795087e-08 30431823.40854038 1142
7.5 1.48091735954204e-09 1.051894828858002e-07 29104359.99873468 1250
8.25 1.7450215062882e-09 1.35672410729595e-07 28165098.03685975 1458
9 2.178842781532086e-09 1.890609354029184e-07 27450072.62227832 1814
9.75 2.668405255600805e-09 2.484688714320584e-07 27059751.09972924 2178
10.5 2.97969153870339e-09 2.985625203757983e-07 25616359.45509712 2498
11.25 3.150046017201107e-09 3.358898729298351e-07 25090010.00712369 2622
12 3.854509943670841e-09 4.574041369000817e-07 24944381.38706491 3191
12.75 3.594939501288884e-09 4.557218518066587e-07 23931432.6575323 3044
13.5 3.139702407282009e-09 4.144524216234945e-07 22727440.45998976 2736
14.25 2.54468896823324e-09 3.576724236500417e-07 21805340.97489206 2276
15 2.225935157037463e-09 3.509745677893342e-07 21537192.04932546 2016
15.75 1.980481436518047e-09 2.86364255623086e-07 22465765.59002738 1640
16.5 1.160935759507205e-09 1.992874162934812e-07 20788830.61226659 1056
17.25 8.005459188728031e-10 1.2323834141704e-07 21138606.89661203 683
18 3.72277165604795e-10 7.225401998467134e-08 19804269.59061941 350
18.75 2.325143274828386e-10 4.26557671477253e-08 21834620.8515184 192
19.5 4.324916252696533e-11 6.835494477645584e-09 16893869.04643467 44
20.25 2.341158593181692e-11 5.559259589667605e-09 17149848.16210775 25


0.75 1.051062656332656e-11 1.952155790500099e-10 76921665.4618772 18
1.5 3.389417444542239e-11 1.425426512005982e-09 48967164.14153577 62
2.25 7.355494087170213e-11 2.132219451570567e-09 39021019.09997933 98
3 1.919829944378031e-10 7.810309753471682e-09 40999965.95300974 210
3.75 3.718338451421023e-10 1.631164393444095e-08 39879149.95986214 350
4.5 5.452003564875836e-10 2.242926930741157e-08 37851345.75424753 450
5.25 7.032888727167243e-10 3.626672701000743e-08 34551104.25917524 602
6 8.606844011127454e-10 5.411251291475072e-08 32007205.26412858 762
6.75 1.330415203582452e-09 8.724154599900353e-08 30447067.04925911 1142
7.5 1.417386900301339e-09 1.090546089581935e-07 28819664.44619308 1250
8.25 1.775074536190144e-09 1.344680423699305e-07 28625747.37915582 1458
9 2.117736171629748e-09 1.974428347028073e-07 27500915.51609376 1814
9.75 2.49728778395093e-09 2.44120907150063e-07 25891075.53400116 2178
10.5 2.961727321837013e-09 2.920524653661774e-07 25526944.24351654 2498
11.25 3.10548874092934e-09 3.285767115745707e-07 24858681.34093824 2622
12 3.812073359399579e-09 4.52450542217267e-07 24847649.58457912 3191
12.75 3.588274792740377e-09 4.551316310776686e-07 24061364.94635999 3044
13.5 3.169031985259014e-09 4.139386641155556e-07 23039636.67736034 2736
14.25 2.597180950853055e-09 3.546984677898051e-07 22250083.14279659 2276
15 2.275231522701605e-09 3.530685863579481e-07 22078197.79003704 2016
15.75 1.879835252640702e-09 2.918681700080106e-07 21838461.19380961 1640
16.5 1.187208215174936e-09 1.844814789396742e-07 20912158.46133361 1056
17.25 7.807354308977461e-10 1.411246221211977e-07 21526557.85614316 683
18 3.887246437763693e-10 7.081510438205176e-08 20520666.84278286 350
18.75 2.409674903395599e-10 3.877355467475425e-08 22187214.99730257 192
19.5 5.779499745515433e-11 1.12931640195576e-08 23701706.68937471 44
20.25 2.562116455563801e-11 6.598343479070573e-09 19279462.83819539 25


0.75 1.180451206694543e-11 2.985060929000828e-10 96096434.57663947 18
1.5 3.431145721391878e-11 1.32021957801245e-09 48035567.46074869 62
2.25 6.440059159953192e-11 2.594868803410594e-09 39046353.53986505 98
3 1.850031781489534e-10 8.004500137874316e-09 40827385.88769172 210
3.75 3.386463520200865e-10 1.419534926198159e-08 36004091.39938786 350
4.5 5.103898164773279e-10 2.119084311593415e-08 35843910.15555466 450
5.25 6.084618321876478e-10 3.802261559504533e-08 32357594.77040647 602
6 9.341942586349932e-10 5.249456513521858e-08 33667434.57901349 762
6.75 1.381639759229379e-09 8.673822929531462e-08 31408775.29621341 1142
7.5 1.46366343938637e-09 9.873715541194632e-08 28727651.91522632 1250
8.25 1.618324165946923e-09 1.322610371566745e-07 26942304.97667902 1458
9 2.113466745307145e-09 1.909815362374074e-07 27373985.49144304 1814
9.75 2.567954920481881e-09 2.446714191720009e-07 26613170.79310338 2178
10.5 2.883752912598439e-09 2.884524947108441e-07 25145760.44742459 2498
11.25 3.205833980210297e-09 3.503677319324752e-07 26092576.7975567 2622
12 3.722076108920391e-09 4.523299284390407e-07 24605648.67687673 3191
12.75 3.366082776599166e-09 4.302692740735729e-07 22786408.24794905 3044
13.5 3.147036049136252e-09 4.207052987283896e-07 23188560.9335726 2736
14.25 2.598109521376574e-09 3.737173905278721e-07 22720741.77287803 2276
15 2.288472085845076e-09 3.390537745228797e-07 22106697.77297496 2016
15.75 1.804234127592785e-09 2.921291098051562e-07 21330875.69084972 1640
16.5 1.177701217765796e-09 1.865734041047628e-07 20987481.62537435 1056
17.25 7.484598080286229e-10 1.393971904593914e-07 20936291.95361274 683
18 3.934178193552611e-10 6.613751920549457e-08 20552101.85026842 350
18.75 2.127933104510457e-10 4.164598112644739e-08 20557368.12824051 192
19.5 4.36548104438341e-11 1.071607616246929e-08 19016455.07610733 44
20.25 4.139695094144567e-11 8.30616309349625e-09 29622373.19690007 25


0.75 5.520042058693688e-12 1.147207007661578e-10 42410065.65746452 18
1.5 3.518507250644785e-11 1.167486220227276e-09 46641038.02583752 62
2.25 8.290467444417759e-11 2.765362106219192e-09 46937894.30621363 98
3 2.119639033734106e-10 7.6534406892643e-09 43890695.2017305 210
3.75 3.686537325345495e-10 1.43566767003899e-08 38408952.69247632 350
4.5 4.979576161185606e-10 2.228808944195682e-08 36096522.66325559 450
5.25 7.690488912791913e-10 3.41615772369709e-08 36473502.6019373 602
6 9.149922266579089e-10 5.401284553770324e-08 33748838.85494117 762
6.75 1.154402645960349e-09 8.478216817682751e-08 27884526.84408093 1142
7.5 1.466890542633342e-09 1.069614669209735e-07 29708877.05098106 1250
8.25 1.61694417532743e-09 1.264826555337644e-07 26714044.12340465 1458
9 2.119774464850957e-09 1.859655903663459e-07 27375158.34779607 1814
9.75 2.640778804772661e-09 2.514160285549324e-07 27539442.18463399 2178
10.5 2.899144926744466e-09 2.776625781732709e-07 25130039.66392918 2498
11.25 3.213867778548661e-09 3.263069959228737e-07 25792896.31984683 2622
12 3.961569065023026e-09 4.264387371116348e-07 25496832.97355673 3191
12.75 3.420432329886163e-09 4.44234925921738e-07 23409875.25806733 3044
13.5 3.267231836303281e-09 3.959510467388849e-07 23633047.50337108 2736
14.25 2.449288386005827e-09 3.587640307673084e-07 21663872.01703157 2276
15 2.301859175057068e-09 3.317957158699242e-07 22231784.81463853 2016
15.75 1.823362646132311e-09 2.879553823938194e-07 21566598.72119573 1640
16.5 1.172064062707755e-09 1.849271850248499e-07 21005930.15976669 1056
17.25 7.609384333674315e-10 1.309622387504515e-07 21028364.69617731 683
18 3.474671537126618e-10 6.427214952311649e-08 18662121.78021511 350
18.75 2.161081149032888e-10 3.910369065195143e-08 20659551.05996938 192
19.5 5.477833265935089e-11 1.046919771627183e-08 22669933.67375765 44
20.25 2.4672503761609e-11 4.042768572739318e-09 17093738.68962868 25


0.75 4.67735536657871e-12 8.356412797368472e-11 34518274.66386 18
1.5 2.750636603708352e-11 1.084265559569551e-09 39389477.60403812 62
2.25 8.064336072822277e-11 2.449755978232325e-09 44348873.4206516 98
3 2.137048692637011e-10 8.446859671373373e-09 46032581.76623833 210
3.75 3.706321415330426e-10 1.462233065805362e-08 38996222.14297136 350
4.5 5.308825924511363e-10 2.159622183121983e-08 37456259.89060549 450
5.25 7.427516015827001e-10 3.320063677866386e-08 35485675.72559262 602
6 8.10440120956952e-10 5.361342958412333e-08 31332710.65734342 762
6.75 1.405280846363992e-09 8.567559827450958e-08 32027530.22894879 1142
7.5 1.466184842745645e-09 1.039829894574428e-07 29599485.73910502 1250
8.25 1.724393103526808e-09 1.292353025822239e-07 28277439.07191357 1458
9 2.096217144950044e-09 1.769922900968365e-07 26911858.14905818 1814
9.75 2.495197690461824e-09 2.397118943396637e-07 26253037.72827512 2178
10.5 2.986292542070012e-09 2.875429915493485e-07 26083176.01135158 2498
11.25 3.034489749520077e-09 3.332359823807983e-07 25048120.62375719 2622
12 3.725741563322736e-09 4.098999427440231e-07 24267613.90495827 3191
12.75 3.5761582471639e-09 4.323910694088424e-07 24154240.99982905 3044
13.5 3.183642939551075e-09 4.085325742244507e-07 23509176.10648746 2736
14.25 2.541452049811735e-09 3.714641662474494e-07 22608896.63539752 2276
15 2.324973179569873e-09 3.349249801447256e-07 22594224.41442384 2016
15.75 1.760494175904972e-09 2.742296799537993e-07 20885820.93424463 1640
16.5 1.14278165194576e-09 1.928569649585851e-07 20941833.44483123 1056
17.25 6.789883773622662e-10 1.334335580223312e-07 19502884.31350131 683
18 4.086839459787707e-10 7.151466001438389e-08 21818277.81472529 350
18.75 1.77078593737824e-10 4.047295596324473e-08 17988591.2138872 192
19.5 4.285233976096643e-11 7.406581475378759e-09 17490927.29153638 44
20.25 3.115519176754753e-11 4.178309244939544e-09 21026657.72654389 25


0.75 6.826622895974599e-12 2.017550929619537e-10 59884201.61942053 18
1.5 3.035849100790904e-11 1.300696507755032e-09 45444128.58520485 62
2.25 6.152556634298155e-11 2.616013581900615e-09 38904148.3579234 98
3 1.813820707322305e-10 8.906857618087855e-09 43055881.4571542 210
3.75 3.833857477662548e-10 1.410453566236908e-08 39655349.05060088 350
4.5 4.818620071122592e-10 1.958526950031068e-08 34233074.30394443 450
5.25 6.934440470966714e-10 3.642046015016743e-08 35227057.40421873 602
6 8.80534825666725e-10 4.551192155477655e-08 31466597.58663099 762
6.75 1.298105074088101e-09 8.707921066283415e-08 30759523.18693624 1142
7.5 1.425940509796144e-09 1.089119104587427e-07 29713461.14021475 1250
8.25 1.667356162527657e-09 1.331859419724663e-07 28092664.39689499 1458
9 2.10479652274619e-09 1.804947373513858e-07 27341399.0586886 1814
9.75 2.577540865584408e-09 2.335354103154108e-07 26829365.12420236 2178
10.5 2.796243562000997e-09 2.892603396854323e-07 25111684.88720908 2498
11.25 2.962851301663187e-09 3.281944301419458e-07 24687946.08091173 2622
12 3.671458064665952e-09 4.146582686459099e-07 24250784.38219955 3191
12.75 3.39440523548798e-09 4.368699720534212e-07 23479765.22384907 3044
13.5 3.098339342255201e-09 4.206785275290493e-07 23381279.4975366 2736
14.25 2.658155709138175e-09 3.632025086725088e-07 23399649.47146371 2276
15 2.135071113193571e-09 3.344650942210478e-07 21338436.28267642 2016
15.75 1.804868082094522e-09 2.754992911810377e-07 21454421.46328866 1640
16.5 1.141256329243583e-09 1.862471484659881e-07 20889436.87214862 1056
17.25 7.165335427803122e-10 1.261814748649986e-07 20172725.73893701 683
18 3.05447876560447e-10 6.804579562014371e-08 17403122.45158114 350
18.75 1.911202527358086e-10 3.37176177127458e-08 18416533.94778941 192
19.5 3.655304093065476e-11 9.58649250933454e-09 16526493.2822322 44
20.25 2.345683855989178e-11 5.517456474138534e-09 17737999.54234619 25


0.75 6.692821569840699e-12 1.551872056643519e-10 54147756.31708855 18
1.5 3.221910194523487e-11 1.266199164139944e-09 46696656.81645985 62
2.25 7.024096279795546e-11 2.322741764338122e-09 40376421.374572 98
3 2.00003879070477e-10 7.825490048006412e-09 43488780.13107333 210
3.75 3.46785588837323e-10 1.528595913229204e-08 38521042.67926174 350
4.5 4.633263840383072e-10 2.281377727562486e-08 35423861.49396461 450
5.25 6.427519879647368e-10 3.666917047486208e-08 33864532.92081448 602
6 9.184886433792963e-10 5.080738402597316e-08 33771806.06498686 762
6.75 1.311552838364617e-09 8.431709774490769e-08 30827918.92303023 1142
7.5 1.537014234749255e-09 9.484383962648544e-08 30119457.227539 1250
8.25 1.624823906752509e-09 1.338385524598273e-07 27830057.051028 1458
9 2.109128482910716e-09 1.762420161382128e-07 27355493.06360855 1814
9.75 2.546775330318282e-09 2.342102960664191e-07 26799298.40325917 2178
10.5 2.879918114919505e-09 2.888575622666845e-07 25795070.80636525 2498
11.25 2.855140633016741e-09 3.384389607642796e-07 24432877.28958099 2622
12 3.891731491581543e-09 4.005136655065974e-07 25247038.25784384 3191
12.75 3.353021965281732e-09 4.151485115590382e-07 23099140.83183642 3044
13.5 2.964836092252389e-09 3.930882615312318e-07 22378620.8032754 2736
14.25 2.454908409333847e-09 3.527602237723696e-07 22035157.10912107 2276
15 2.273190271576436e-09 3.388067953709643e-07 22579136.95436829 2016
15.75 1.97110132868982e-09 2.839869043287636e-07 23268358.24224311 1640
16.5 1.089339663602272e-09 1.788173426743369e-07 20098496.32348434 1056
17.25 7.991465800769894e-10 1.237870597179208e-07 22006392.99367092 683
18 3.14321583457387e-10 7.564790647178058e-08 18409461.75883577 350
18.75 2.058075455878087e-10 3.672761945519536e-08 20010994.20214786 192
19.5 4.260007326261045e-11 1.140598503177407e-08 19496717.04605497 44
20.25 1.960941737933524e-11 6.837328515894602e-09 16625858.52211789 25


0.75 3.531589769841092e-12 2.141294251548912e-10 44099529.09633557 18
1.5 4.415957847525716e-11 7.931722808464163e-10 49130600.01121657 62
2.25 6.755292776372141e-11 2.320989742922525e-09 39674080.00342394 98
3 1.585078162663156e-10 6.675890933661805e-09 35731035.95995243 210
3.75 3.495979234971524e-10 1.51178537965956e-08 38820108.97919379 350
4.5 4.462589605743009e-10 2.275193728921389e-08 34808686.41178565 450
5.25 6.820025149151286e-10 3.543529980516956e-08 34972487.14555837 602
6 8.604088627198441e-10 4.964335740551671e-08 32314011.33102021 762
6.75 1.262579335629804e-09 8.510851417700459e-08 30367122.90522195 1142
7.5 1.379549625220742e-09 1.031711947207393e-07 28922856.59553985 1250
8.25 1.596657609851728e-09 1.310238446862321e-07 27500739.25682957 1458
9 2.105241523075765e-09 1.916262633851829e-07 28241352.06745551 1814
9.75 2.436556854208376e-09 2.279943291394983e-07 25949859.53955247 2178
10.5 2.900380217019452e-09 2.769895192437812e-07 25789944.4248263 2498
11.25 3.025406101732464e-09 3.21374492865778e-07 25242440.7588751 2622
12 3.714366559423821e-09 3.979914938603806e-07 24515029.60152167 3191
12.75 3.381305761807699e-09 4.249768487787547e-07 23548138.12261877 3044
13.5 3.144374254421421e-09 4.127996449082883e-07 23833258.54146452 2736
14.25 2.475005192298775e-09 3.492162625075159e-07 22260730.90904156 2276
15 2.111302702461706e-09 3.38448638803582e-07 21513736.87507844 2016
15.75 1.680113889776271e-09 2.759121239708616e-07 20606304.88209848 1640
16.5 1.177307157882485e-09 1.957566934234943e-07 21935660.05537064 1056
17.25 6.907505203656124e-10 1.205090164822304e-07 19664905.63712804 683
18 3.465411665604342e-10 6.215033850051919e-08 18980854.39778976 350
18.75 1.841512590051634e-10 4.195731629701e-08 19072905.49199899 192
19.5 4.193623709163452e-11 1.3112307007572e-08 20201595.21829616 44
20.25 2.13409028034109e-11 5.178092440850537e-09 16476533.35012917 25


0.75 4.916709218002096e-12 1.553355950323324e-10 45173269.96198761 18
1.5 3.892335968694362e-11 9.646664076842602e-10 47969249.68306571 62
2.25 8.902183991699917e-11 2.371950123906384e-09 48135406.73015147 98
3 1.573211204375694e-10 7.569875474914258e-09 37765270.22855736 210
3.75 3.332387477346099e-10 1.481036338249033e-08 37652049.06437117 350
4.5 4.570618974139155e-10 2.16680308690596e-08 34942197.24932848 450
5.25 6.903370202394545e-10 3.60920315831701e-08 35725190.13767343 602
6 8.598370945926182e-10 4.433199532333035e-08 31327462.75694069 762
6.75 1.263478854160856e-09 7.698742408620372e-08 29583297.81551747 1142
7.5 1.385264405697516e-09 1.024351748405659e-07 29132416.86557768 1250
8.25 1.605523856714695e-09 1.310824824035257e-07 27797263.15524989 1458
9 2.000245552297972e-09 1.831475743073143e-07 27068741.0430403 1814
9.75 2.434574472709736e-09 2.316523138191391e-07 26239677.79105902 2178
10.5 2.833380011589574e-09 2.949440970725354e-07 26010579.6162488 2498
11.25 3.104520700171362e-09 3.150899200165091e-07 25752728.05737096 2622
12 3.595975622995077e-09 4.338446515630402e-07 24685081.87435781 3191
12.75 3.411177866409584e-09 3.954419742861198e-07 23411340.60648925 3044
13.5 2.989138358789624e-09 4.005451760112918e-07 22934366.12774659 2736
14.25 2.454545876600486e-09 3.473493748193363e-07 22243619.25447747 2276
15 2.169115273215895e-09 3.05352865575476e-07 21534770.10313189 2016
15.75 1.74390111022629e-09 2.827213655947208e-07 21464086.83742163 1640
16.5 1.113295574561119e-09 1.785472176799676e-07 20706496.57466536 1056
17.25 6.686832085679821e-10 1.356382455213524e-07 19892839.64563025 683
18 3.844400139781625e-10 7.421789813684698e-08 21561844.79987118 350
18.75 2.070378003758785e-10 3.52333345713183e-08 20205482.09234574 192
19.5 5.132718309572557e-11 1.100897261298902e-08 22525365.58187317 44
20.25 1.754845735764111e-11 6.77815159444626e-09 15589576.43960197 25


0.75 7.295884891332059e-12 1.204892349783672e-10 54495316.92554194 18
1.5 3.10521849232901e-11 1.107320184173151e-09 44050867.31823168 62
2.25 8.067393489924945e-11 2.250978949100649e-09 44540459.37938136 98
3 1.818957058045808e-10 5.778145720162906e-09 37408137.99645197 210
3.75 3.739425644820667e-10 1.465042663765093e-08 40576895.07414866 350
4.5 4.378094686291012e-10 2.394254998369176e-08 35557187.03026827 450
5.25 6.878034670907548e-10 3.518868975969447e-08 35541173.16764554 602
6 8.607510825008826e-10 5.197460803659089e-08 33278253.15205461 762
6.75 1.251808992796139e-09 8.580102901984042e-08 30683453.45467119 1142
7.5 1.35953094163287e-09 9.54690106624842e-08 28286887.80000769 1250
8.25 1.579762900624832e-09 1.340616462025969e-07 27879219.17777814 1458
9 1.996327607499634e-09 1.820691341001649e-07 27152706.33761488 1814
9.75 2.445601543741925e-09 2.191246583995196e-07 26052271.61217811 2178
10.5 2.781195471212493e-09 2.877800685085932e-07 25648542.79225354 2498
11.25 3.030935198353113e-09 3.276871518003694e-07 25752725.5391274 2622
12 3.551635290207666e-09 4.046077615381965e-07 24146155.57857535 3191
12.75 3.439014551628257e-09 4.059449554534825e-07 23865497.74250308 3044
13.5 2.994700368806635e-09 3.895147477930012e-07 22945025.34032441 2736
14.25 2.396270136428993e-09 3.580932997620328e-07 22172080.6972944 2276
15 2.184548070596423e-09 3.102812075327948e-07 21875395.21057929 2016
15.75 1.813446239896013e-09 2.883446836683125e-07 22357022.30430236 1640
16.5 1.110475044824318e-09 1.836281081186605e-07 20938550.62516752 1056
17.25 7.700945241346367e-10 1.219519935009729e-07 21737425.07432422 683
18 3.835384226375442e-10 6.531337139919468e-08 21046688.64875524 350
18.75 2.219771408024991e-10 3.132483896098631e-08 21052327.30518018 192
19.5 4.725449305853942e-11 1.074843497240769e-08 21163519.37858014 44
20.25 4.168178750070296e-11 3.423851867124618e-09 27399014.22964767 25


0.75 6.183129665620305e-12 2.264848039005855e-10 61275290.43333416 18
1.5 2.031408853762541e-11 8.720116500327729e-10 31478237.09954881 62
2.25 9.01589890739026e-11 1.865506885862453e-09 45903774.98175718 98
3 1.695609390773755e-10 6.975752970099465e-09 38666397.96758384 210
3.75 3.28419694787721e-10 1.43525901892974e-08 37390859.93434869 350
4.5 5.073584974117446e-10 2.242466341428625e-08 38370286.97864705 450
5.25 6.891987914739541e-10 3.490512851485636e-08 35767975.2655296 602
6 7.929692472119403e-10 5.158148907188471e-08 31736040.33153631 762
6.75 1.342952859050867e-09 8.406319821029883e-08 32163719.40070707 1142
7.5 1.371409679721611e-09 9.682328692905537e-08 28800042.08123447 1250
8.25 1.531653840602489e-09 1.259447365863993e-07 26947105.06007899 1458
9 2.007788064595195e-09 1.705550459925611e-07 26899337.63861354 1814
9.75 2.426607760435741e-09 2.184827774586284e-07 26078026.3131162 2178
10.5 2.768292184499513e-09 2.866915855203981e-07 25722078.51738715 2498
11.25 2.822799743507136e-09 3.136592492753713e-07 24349180.29143243 2622
12 3.524996030080491e-09 4.183627098285261e-07 24414557.56727684 3191
12.75 3.309124523810161e-09 4.193338464640423e-07 23572038.669806 3044
13.5 2.908235611663769e-09 4.111765110682235e-07 22948519.42865219 2736
14.25 2.449954005429857e-09 3.383694817978229e-07 22364852.77580479 2276
15 2.189760108406376e-09 3.096789499916827e-07 22060001.52314281 2016
15.75 1.746195847352301e-09 2.832446804379863e-07 21787084.22956457 1640
16.5 1.162952173073126e-09 1.846761901830576e-07 21873594.54206708 1056
17.25 6.916419282892151e-10 1.268707370922662e-07 20333270.28054474 683
18 3.326874165199831e-10 6.922691309114933e-08 19260408.713207 350
18.75 2.137647877145317e-10 3.893570140370131e-08 21444783.03306946 192
19.5 4.468495741252693e-11 9.634183037590266e-09 19899250.96599549 44
20.25 1.980418116750492e-11 4.990035179414203e-09 15746097.01773494 25


0.75 6.682889314278567e-12 1.82065557577937e-10 59251958.20609257 18
1.5 3.405674309155495e-11 9.675051097091999e-10 44921611.61184125 62
2.25 6.502675595513332e-11 2.320481690544321e-09 39844584.29671294 98
3 2.024712739127149e-10 6.779794126107335e-09 43046975.92209709 210
3.75 3.281457449637747e-10 1.597679194548528e-08 39225231.72080912 350
4.5 4.806627072842382e-10 2.199263076909349e-08 37036531.83514166 450
5.25 6.523358150025712e-10 3.312114049654725e-08 34107933.74155106 602
6 7.857616878172001e-10 5.278857552717194e-08 32039854.56714657 762
6.75 1.289823391503985e-09 8.617398481663474e-08 31782398.15739535 1142
7.5 1.461847468591289e-09 9.628829052200957e-08 30232764.42886819 1250
8.25 1.61496161901489e-09 1.357094692385896e-07 28806525.44237976 1458
9 1.985044875460206e-09 1.746939686185246e-07 27067278.7506253 1814
9.75 2.339804164683182e-09 2.109004579930484e-07 25319577.32484645 2178
10.5 2.712278325350334e-09 2.739195706287977e-07 25180458.43661182 2498
11.25 2.796188975905965e-09 3.061032065202689e-07 24174808.88053705 2622
12 3.652510656863707e-09 4.127609440882722e-07 25121275.15635161 3191
12.75 3.19451742056253e-09 4.096919691752099e-07 22981868.03907447 3044
13.5 2.900552066960375e-09 3.873453082375123e-07 22686595.73692223 2736
14.25 2.315578073876015e-09 3.526026903179268e-07 21830582.9155041 2276
15 2.157139388426003e-09 3.158888881188662e-07 22062111.14917218 2016
15.75 1.749364185908008e-09 2.800065012942795e-07 21898404.38895895 1640
16.5 1.106565634685606e-09 1.789973193899887e-07 21040796.4990804 1056
17.25 6.990480730599191e-10 1.292532692870219e-07 20726955.04092013 683
18 3.200485473388502e-10 6.178955769473863e-08 18313945.69358847 350
18.75 1.87856196546775e-10 3.912019780287946e-08 19549355.60486314 192
19.5 5.136777358506468e-11 9.743693406215931e-09 22388969.38606988 44
20.25 2.743870752920193e-11 5.201834297366045e-09 20609486.04588604 25


0.75 5.164194849878971e-12 1.363471162614862e-10 45602287.58476963 18
1.5 4.189698176436053e-11 9.010098006761547e-10 50841194.37882554 62
2.25 6.828708793290335e-11 2.488349643682907e-09 42483610.52366218 98
3 1.759012742355796e-10 7.205676685473321e-09 40588199.05614975 210
3.75 3.653735362531239e-10 1.337739996218578e-08 39587423.63431565 350
4.5 4.818530685814158e-10 2.246527067612634e-08 37637671.62473169 450
5.25 6.653027165234039e-10 3.389074988167087e-08 35067059.07519593 602
6 8.290837374850665e-10 4.523586419551514e-08 31622916.16811551 762
6.75 1.200265236033411e-09 7.698005736034452e-08 29370194.60971298 1142
7.5 1.307684461459743e-09 1.009219689988024e-07 28668789.51778518 1250
8.25 1.568823365105544e-09 1.224838250721629e-07 27509585.45911836 1458
9 1.99607764497019e-09 1.723357046538981e-07 27238986.84596416 1814
9.75 2.350675007870289e-09 2.296961227927517e-07 26243179.20618721 2178
10.5 2.715922669567167e-09 2.703750261984858e-07 25279122.7026665 2498
11.25 2.967586365650001e-09 3.049109763798646e-07 25374639.82997282 2622
12 3.44972134586332e-09 4.169796538447956e-07 24339503.26207884 3191
12.75 3.431198412492931e-09 4.039485819526624e-07 24287358.24991898 3044
13.5 2.996051962030257e-09 3.79572443390526e-07 23271112.42411987 2736
14.25 2.488705893584956e-09 3.493063532778319e-07 23117348.98554353 2276
15 2.038340753871559e-09 3.106301754683878e-07 21198277.44360573 2016
15.75 1.758206740344676e-09 2.716232827086975e-07 21965898.64085763 1640
16.5 1.133017828016258e-09 1.861535752507752e-07 21767887.91344758 1056
17.25 6.622545952776009e-10 1.32180396577844e-07 20150102.82068261 683
18 3.831081698729308e-10 7.36555283005449e-08 22047204.89993324 350
18.75 1.978124058939809e-10 3.674274368013331e-08 20193967.13456075 192
19.5 4.397160740647102e-11 7.981917274291025e-09 19120419.73790164 44
20.25 1.625320649376084e-11 4.393990749121613e-09 13331999.2721336 25


0.75 2.512000650377269e-12 1.570097408088117e-10 33184475.437193 18
1.5 3.126063165389449e-11 1.00540371900688e-09 43735220.79130001 62
2.25 7.193267691559589e-11 2.52615743012421e-09 44367663.06022731 98
3 1.655885721720446e-10 7.819827930719173e-09 40762313.78733607 210
3.75 3.959145638659095e-10 1.326388767936791e-08 41905088.7426612 350
4.5 4.392460538795287e-10 1.952067092336803e-08 33933743.04350501 450
5.25 6.240190143886284e-10 3.124177657849174e-08 32889775.05150955 602
6 8.549717194293288e-10 4.849573192398978e-08 33235397.45318158 762
6.75 1.213842021717296e-09 8.052045732887033e-08 30225053.24900468 1142
7.5 1.34704829839094e-09 9.471110503757735e-08 28807179.20184744 1250
8.25 1.597439642911751e-09 1.197727042503244e-07 27829849.30503801 1458
9 1.999360920330746e-09 1.765998123066749e-07 27650266.12059202 1814
9.75 2.54963574444848e-09 2.21635874961099e-07 27657598.89629903 2178
10.5 2.774136747088145e-09 2.798949744604959e-07 26083909.81737839 2498
11.25 2.87658532025734e-09 3.030142000161398e-07 24921770.11248963 2622
12 3.510810710630146e-09 3.950342694887412e-07 24433942.11134997 3191
12.75 3.230536237992724e-09 4.104842986559588e-07 23485296.52976051 3044
13.5 2.781887336755607e-09 3.92964165281671e-07 22380931.82647622 2736
14.25 2.335834082630711e-09 3.412161729536125e-07 22063330.21696262 2276
15 2.119204574013633e-09 3.201677776973367e-07 22130717.7691906 2016
15.75 1.757657976634334e-09 2.742115653659309e-07 22151358.94663424 1640
16.5 1.073754682913654e-09 1.933082435713064e-07 21231841.37564228 1056
17.25 6.824287471371317e-10 1.190791350826207e-07 20218851.54410714 683
18 3.616924650448911e-10 6.593667968080772e-08 20692179.4624263 350
18.75 1.992811142680484e-10 3.773190002466519e-08 20560093.02268633 192
19.5 4.090820919294013e-11 9.359011742471989e-09 18840841.41743942 44
20.25 3.313326254012362e-11 4.007969468146163e-09 23396639.57506768 25


0.75 4.206647134774058e-12 2.309102758660118e-10 52062012.35536699 18
1.5 3.323187375502499e-11 7.552930190933236e-10 41508678.44030675 62
2.25 6.463258079687533e-11 2.117968685776319e-09 39104130.23052085 98
3 1.762435964462781e-10 6.147574373644635e-09 38768492.05547398 210
3.75 3.189127094941875e-10 1.367713437287809e-08 37010552.19203864 350
4.5 4.303993358123538e-10 1.988786507690453e-08 33939756.78701077 450
5.25 6.705378059963098e-10 2.985570540909298e-08 34234155.77327702 602
6 7.916391986860302e-10 4.709935730157508e-08 31496196.66891122 762
6.75 1.295267650378169e-09 7.854226200601285e-08 31519205.75295764 1142
7.5 1.328613859344685e-09 9.558137553713627e-08 28818361.64201378 1250
8.25 1.553706061987778e-09 1.282728036495998e-07 28098891.38692015 1458
9 2.036509349368038e-09 1.65217444936385e-07 27621564.29470826 1814
9.75 2.349241456240111e-09 2.053397588471061e-07 25695324.77939899 2178
10.5 2.775313439890069e-09 2.721987456824761e-07 26054855.28820639 2498
11.25 2.927308823108504e-09 3.201349350804862e-07 25803304.87666506 2622
12 3.543893305909597e-09 4.0467804211218e-07 24928939.00586417 3191
12.75 3.337393970765309e-09 4.010152669911901e-07 24059100.68866792 3044
13.5 2.949477540329235e-09 3.848570455259244e-07 23384610.78245835 2736
14.25 2.362998591235361e-09 3.497292464379977e-07 22546476.99080915 2276
15 2.115668626995065e-09 3.097013808672562e-07 22065558.26000702 2016
15.75 1.671793464417046e-09 2.692536492677429e-07 21375719.1553978 1640
16.5 1.057173543304971e-09 1.665261756620498e-07 20374988.54415211 1056
17.25 7.596191135949634e-10 1.049777978545913e-07 21556333.11045408 683
18 3.017402809614086e-10 7.028946165030002e-08 18470380.10453011 350
18.75 2.036720348753807e-10 3.60160954149902e-08 20845501.23362066 192
19.5 4.355675940941507e-11 7.112898250945298e-09 18800212.26115509 44
20.25 2.378724521129458e-11 9.151854136518793e-09 21957131.21797952 25


0.75 5.583355653083924e-12 9.045474750240812e-11 43273510.72026139 18
1.5 2.517443186895035e-11 9.495753199865612e-10 38063790.4588616 62
2.25 4.713432523283166e-11 2.152237079221214e-09 32868227.28530683 98
3 2.110870662867978e-10 6.454440746621445e-09 44641549.0329339 210
3.75 3.464673445625398e-10 1.282758147078548e-08 38385783.68866608 350
4.5 4.034973077689055e-10 2.147297744440105e-08 33744821.30338781 450
5.25 5.541944899537636e-10 3.096190392976442e-08 30765287.89473892 602
6 8.831445166379056e-10 4.549364277306355e-08 33691902.4508037 762
6.75 1.229549986181668e-09 8.40668176737277e-08 31340043.15525693 1142
7.5 1.335847921534848e-09 9.218834468786129e-08 28767162.20301823 1250
8.25 1.478541806337436e-09 1.191699969309098e-07 26697029.1257989 1458
9 1.920844369395373e-09 1.708244144338697e-07 26969045.37833551 1814
9.75 2.338782326744411e-09 2.134017393771004e-07 26067208.47465426 2178
10.5 2.758765508986186e-09 2.673443821538073e-07 25973583.28503202 2498
11.25 2.714474431785649e-09 2.99073626922715e-07 24130376.34692305 2622
12 3.628642833687433e-09 3.979327398174178e-07 25407450.89591733 3191
12.75 3.136337602833483e-09 3.929879914947389e-07 23010385.14315248 3044
13.5 2.957057594443543e-09 3.718191818735382e-07 23370714.40056549 2736
14.25 2.344320645015425e-09 3.161739090228518e-07 21978271.97953989 2276
15 2.152479799426153e-09 2.891432152881153e-07 22132470.10189275 2016
15.75 1.581932587180152e-09 2.583307517167523e-07 20426703.9413038 1640
16.5 1.141629967290566e-09 1.853548058278058e-07 22299616.77320981 1056
17.25 6.918328449729619e-10 1.089289823171156e-07 20292692.55427244 683
18 3.239456873815614e-10 6.024693090125668e-08 18861115.37442752 350
18.75 2.017180517987666e-10 3.37991158785863e-08 20551131.88025011 192
19.5 4.233904534004342e-11 1.272837931857903e-08 21250672.77450171 44
20.25 1.498076541589087e-11 3.84857317893217e-09 12366552.32727595 25


0.75 5.122624821152636e-12 1.361055193862479e-10 46465967.77542233 18
1.5 3.669358992374952e-11 1.046782693255924e-09 50043369.36085221 62
2.25 7.468229646296025e-11 2.311711414860197e-09 44809423.32882557 98
3 2.099219977179994e-10 4.859963935381354e-09 41113350.22319925 210
3.75 3.763071208772828e-10 1.350071802036528e-08 41520801.49814831 350
4.5 4.831581790909783e-10 1.820759458778083e-08 36043251.97505355 450
5.25 5.734435160215154e-10 3.531489217830332e-08 33248069.88614553 602
6 8.117217552636292e-10 4.754279747132382e-08 32528343.13860127 762
6.75 1.211794840877332e-09 7.657283571723236e-08 30267442.89824869 1142
7.5 1.394887953644952e-09 1.016061017575152e-07 30768395.95396858 1250
8.25 1.485645491700587e-09 1.247421689549795e-07 27365290.31268728 1458
9 1.86191175948329e-09 1.58168231110829e-07 25936902.47889981 1814
9.75 2.247389041219295e-09 2.250044820975778e-07 25939722.22710992 2178
10.5 2.639285631143689e-09 2.754371306577687e-07 25558267.11368314 2498
11.25 2.89510260146625e-09 3.061457724445554e-07 25602829.42562735 2622
12 3.31945662422427e-09 3.727254335004536e-07 23542923.30391198 3191
12.75 3.232484390141262e-09 4.030062983103419e-07 23837703.5496986 3044
13.5 2.834146426455266e-09 3.720572443375503e-07 22796651.50991181 2736
14.25 2.334396282471108e-09 3.34283610801712e-07 22366471.28658454 2276
15 2.038361579625182e-09 3.08755181994469e-07 21719605.52259223 2016
15.75 1.616895602441253e-09 2.802024447442224e-07 21337477.78876018 1640
16.5 1.159817377457788e-09 1.695190543755913e-07 22268314.49049004 1056
17.25 6.927214736425961e-10 1.326960505390529e-07 21405261.48247412 683
18 3.77622104205805e-10 6.337453087067364e-08 21632416.92299403 350
18.75 2.207499553338434e-10 3.489533138605959e-08 22381236.74295788 192
19.5 6.470545560179376e-11 8.316367177219614e-09 27177344.69392103 44
20.25 1.162532372766355e-11 4.347890761887926e-09 10769086.20398345 25


0.75 8.032626361589661e-12 1.789701715759796e-10 69179107.31935872 18
1.5 3.285089122790942e-11 9.917987698013482e-10 46081700.32447223 62
2.25 6.67811669721971e-11 2.650069298923443e-09 44415231.19288976 98
3 1.928788716082409e-10 6.84297655873178e-09 43536509.96199492 210
3.75 3.577365386842503e-10 1.425811436839286e-08 41225061.69831242 350
4.5 4.381185431058884e-10 2.138433510059922e-08 35939762.03055679 450
5.25 7.035933930033137e-10 2.69629557052054e-08 35020666.84840059 602
6 7.669200232139488e-10 4.755713503773826e-08 31576915.01068158 762
6.75 1.099220248058511e-09 7.665636418273013e-08 28592573.15475615 1142
7.5 1.281249179629548e-09 9.046431710401356e-08 28168929.83862887 1250
8.25 1.583147184491996e-09 1.210050287253208e-07 28485099.10739752 1458
9 1.827159488154189e-09 1.792723374483811e-07 26850377.3939005 1814
9.75 2.319118052925923e-09 2.258333254459928e-07 26716437.88883439 2178
10.5 2.591923023579624e-09 2.662378362074695e-07 25150713.91121507 2498
11.25 2.758546969838296e-09 3.00578405426147e-07 24769933.71290542 2622
12 3.417977558819621e-09 4.059175503503015e-07 24787093.50197375 3191
12.75 3.050253644558785e-09 3.987387351330148e-07 22943058.17304604 3044
13.5 2.830506520657706e-09 3.848221849250051e-07 23133931.45726755 2736
14.25 2.274105143203639e-09 3.110234725672459e-07 21678583.56964687 2276
15 2.049787244372831e-09 3.118668061862608e-07 22012317.58479531 2016
15.75 1.683694342736271e-09 2.651485623458679e-07 21831212.38634721 1640
16.5 1.057171177632371e-09 1.619191283724899e-07 20644957.80439553 1056
17.25 6.836305656379301e-10 1.252064077120551e-07 21031188.15703081 683
18 3.605142968064829e-10 6.707442355422342e-08 21269379.12340803 350
18.75 2.127170254817881e-10 3.781779022416727e-08 22225172.01035246 192
19.5 3.823333330160727e-11 8.128726228607603e-09 17766337.26232474 44
20.25 1.864684393186408e-11 5.08635954374105e-09 15838439.13598606 25


0.75 8.692545222753448e-12 1.698664447050023e-10 72180745.81680498 18
1.5 3.506514330606024e-11 8.711550729180932e-10 46138835.33085556 62
2.25 6.824545910758689e-11 2.217722428919677e-09 42180686.75163494 98
3 1.761644586772166e-10 6.048497941192396e-09 39488309.35154803 210
3.75 3.301257735889031e-10 1.235888189637932e-08 37403091.48007189 350
4.5 4.453317384326044e-10 2.166018564355603e-08 36678445.57095163 450
5.25 5.694483109028782e-10 2.950985946168483e-08 31354022.52753725 602
6 7.750643879316137e-10 4.909402322137827e-08 32337729.80513987 762
6.75 1.280544462857834e-09 8.030025848377704e-08 32302962.87560793 1142
7.5 1.349273012536599e-09 9.957099445790133e-08 30266963.52227899 1250
8.25 1.514202766801656e-09 1.212907901284325e-07 27810235.60654699 1458
9 1.799903360760588e-09 1.574813661257622e-07 25624616.37024237 1814
9.75 2.419635412844889e-09 2.095380457209253e-07 27071319.01681129 2178
10.5 2.639518238317788e-09 2.631261042141385e-07 25536809.8658758 2498
11.25 2.766318890732908e-09 3.049694166395611e-07 25070371.76455037 2622
12 3.434957618678648e-09 3.777142948567434e-07 24533412.665715 3191
12.75 3.409842787554106e-09 4.152234710129098e-07 25305305.01994506 3044
13.5 2.749493949786448e-09 3.983020761483647e-07 23004657.77296757 2736
14.25 2.292887417648756e-09 3.400973947512055e-07 22457204.29638254 2276
15 2.021736028914411e-09 2.942901308064218e-07 21601935.92365684 2016
15.75 1.81279853388618e-09 2.63224967295901e-07 23197181.97771977 1640
16.5 1.056719149721639e-09 1.701868008304013e-07 21001990.36741376 1056
17.25 7.279636603807547e-10 1.249604862683038e-07 22190255.02111997 683
18 3.282348023118167e-10 6.087662071318802e-08 19469888.28412801 350
18.75 1.970016153300392e-10 3.847943483867602e-08 21137142.46917317 192
19.5 3.929395012635458e-11 7.451235840654657e-09 17919587.47670936 44
20.25 3.701959106238362e-11 4.174464580548501e-09 26746527.54945148 25


0.75 7.117083091246659e-12 1.839911867224197e-10 65306689.70302021 18
1.5 4.300846170820551e-11 1.164745461555375e-09 58818879.82822543 62
2.25 7.073775410461683e-11 2.939990294302417e-09 48609910.80650243 98
3 1.737127554751657e-10 6.298569216216638e-09 40055301.90129977 210
3.75 3.596148130496797e-10 1.370964518327975e-08 41351008.74176876 350
4.5 4.467602760126799e-10 2.00981260614724e-08 36068077.46988709 450
5.25 6.096389254958015e-10 3.016296958545001e-08 33299314.6083264 602
6 8.332770563869368e-10 4.994482220980142e-08 34347745.8048161 762
6.75 1.152897147096479e-09 7.36809894458358e-08 29492637.4329728 1142
7.5 1.32400303219344e-09 8.93767679151032e-08 29076964.41357429 1250
8.25 1.526863410699159e-09 1.155395441150332e-07 27749573.72160473 1458
9 1.888662851322175e-09 1.688032446341453e-07 27270234.12366696 1814
9.75 2.175742687198261e-09 2.089032392319425e-07 25284713.38411411 2178
10.5 2.592950156655773e-09 2.704856507151123e-07 25609548.51748518 2498
11.25 2.812145953265905e-09 2.844847269442111e-07 25059561.6154578 2622
12 3.275606345991041e-09 3.816467028209923e-07 23938216.80278648 3191
12.75 3.23926377591148e-09 3.86447752445723e-07 24080029.20232134 3044
13.5 2.853376959684289e-09 3.867580313813835e-07 23607524.05267884 2736
14.25 2.287900390299547e-09 3.147488180362618e-07 22128707.96612098 2276
15 2.133901958725662e-09 3.101996638041415e-07 22952546.59914766 2016
15.75 1.696660728159631e-09 2.637060292855406e-07 22216343.7361961 1640
16.5 1.10881637520986e-09 1.857212600335498e-07 22397363.22235085 1056
17.25 6.25192049840737e-10 1.123003317048655e-07 19394201.70708838 683
18 3.616293409542989e-10 5.778343787024311e-08 20912097.70259518 350
18.75 1.968281672342022e-10 3.498645790171539e-08 20833124.12863839 192
19.5 6.821868577524006e-11 7.390982267110853e-09 28526776.03176045 44
20.25 2.162799178468932e-11 6.374046360807694e-09 19004146.65756613 25


0.75 3.97321510904286e-12 1.795150345756573e-10 46281937.99805216 18
1.5 3.521872391650882e-11 8.301952900099287e-10 46221142.761573 62
2.25 6.974942834787776e-11 2.368470266402285e-09 44437338.24328783 98
3 1.711723705950706e-10 6.044010664468585e-09 39297320.78527343 210
3.75 3.551307593381532e-10 1.597492967099289e-08 43610920.95042688 350
4.5 4.582803471026406e-10 1.987234987354429e-08 36730502.3606317 450
5.25 6.092506765526992e-10 3.056359091768282e-08 33621063.89244927 602
6 8.02508026985224e-10 4.20037224987931e-08 31784283.3445631 762
6.75 1.130770034427121e-09 8.111854559540827e-08 30279483.78707207 1142
7.5 1.44978111676764e-09 8.788486070027635e-08 30998473.4629988 1250
8.25 1.44165776652337e-09 1.213448919701869e-07 27271978.44379379 1458
9 1.882451865122236e-09 1.613403379383075e-07 26983184.19021149 1814
9.75 2.295903698932486e-09 2.081755082556206e-07 26380665.53862668 2178
10.5 2.570260300159178e-09 2.683598817793013e-07 25544500.16483399 2498
11.25 2.680384755174922e-09 2.927726779552015e-07 24548409.27582636 2622
12 3.306568868698653e-09 3.761607094854999e-07 24150589.14918026 3191
12.75 3.111868435400942e-09 4.074327164046886e-07 23868489.47581731 3044
13.5 2.854018149824424e-09 3.670978583767376e-07 23432187.95011503 2736
14.25 2.296058022523374e-09 3.356145986023919e-07 22696086.01527473 2276
15 2.078344985100141e-09 2.913864704531186e-07 22295172.02984284 2016
15.75 1.726937602534363e-09 2.693771271218307e-07 22771609.99239821 1640
16.5 9.450055396108713e-10 1.724059359171367e-07 19618128.56251377 1056
17.25 6.851362080410581e-10 1.164481299362586e-07 21110956.36402522 683
18 3.218243805898067e-10 7.708148110258829e-08 20634389.66186849 350
18.75 1.967303701568042e-10 3.446292178262332e-08 20888456.41689894 192
19.5 4.584757238181976e-11 8.48462053015799e-09 21076045.14889069 44
20.25 5.067492235905394e-11 6.644147312515729e-09 37871130.00676852 25


0.75 4.752559655611152e-12 1.275265319765795e-10 44694145.30017227 18
1.5 1.943872620455323e-11 9.618549570480587e-10 34607133.47187279 62
2.25 7.544375125009369e-11 2.443219710715024e-09 47531624.7026132 98
3 1.795402465693434e-10 5.900522698878234e-09 40450829.93566118 210
3.75 3.112137880163549e-10 1.484088925831326e-08 39355696.63538507 350
4.5 3.676339612331599e-10 2.016296026096162e-08 32342938.11973333 450
5.25 5.833689607638482e-10 3.220721587964977e-08 33520491.99817505 602
6 7.856926034899037e-10 4.556448542402617e-08 32408835.45975976 762
6.75 1.15938054623179e-09 7.806141789552253e-08 30557411.05899518 1142
7.5 1.312520922245858e-09 9.614974287595269e-08 29958206.63147092 1250
8.25 1.438952015343328e-09 1.185906179453733e-07 27206474.66902719 1458
9 1.894289972148564e-09 1.664353948500293e-07 27541630.53639623 1814
9.75 2.18355475693413e-09 2.070165411188381e-07 25592219.70114323 2178
10.5 2.567951393776604e-09 2.528115390003062e-07 25246335.92701581 2498
11.25 2.767755611372491e-09 3.004785874755925e-07 25467830.25786262 2622
12 3.18906939741675e-09 3.841023919243041e-07 23819730.54052499 3191
12.75 3.042466560611804e-09 4.006041453966248e-07 23524048.15546954 3044
13.5 2.837133456810888e-09 3.411599579635953e-07 23050633.93514041 2736
14.25 2.329472730160048e-09 3.308653464685379e-07 23001539.46500185 2276
15 2.028219717240915e-09 2.836016430756852e-07 21883798.23733706 2016
15.75 1.608906264664838e-09 2.751338315540018e-07 21851023.83613576 1640
16.5 1.01570302127095e-09 1.60164339962168e-07 20483585.62131794 1056
17.25 6.02527132194978e-10 1.143707347219487e-07 19183861.15416346 683
18 3.103137316914263e-10 6.674847086279988e-08 19456972.62071664 350
18.75 1.594545936787922e-10 4.493801840936013e-08 19182505.5865538 192
19.5 5.155264169196234e-11 7.048938670804923e-09 22577930.07131591 44
20.25 3.096597880779886e-11 4.364090152805783e-09 23547088.88833475 25


0.75 4.933036262001198e-12 1.464765050668515e-10 48474857.7320492 18
1.5 3.606876899343078e-11 1.408716217294833e-09 57909932.05601709 62
2.25 7.559076558134547e-11 2.530490772515518e-09 48513644.04441787 98
3 1.483637576030063e-10 6.395594070751146e-09 37250114.41792847 210
3.75 3.087483996220295e-10 1.252831789330278e-08 36953342.82676962 350
4.5 4.264157101312574e-10 1.936393622255883e-08 35174082.87521202 450
5.25 5.877005860805434e-10 2.96621952444379e-08 32916289.4759849 602
6 7.833840978534907e-10 4.800731034738842e-08 33151717.08071442 762
6.75 1.201534139419402e-09 7.772970697491409e-08 31437151.40087826 1142
7.5 1.239633569463204e-09 8.776391686533839e-08 28156213.8049294 1250
8.25 1.566506062404897e-09 1.116498403969108e-07 28480398.49615454 1458
9 1.912420739812343e-09 1.512399519893475e-07 27098803.753632 1814
9.75 2.237536369496177e-09 2.138787398834046e-07 26456867.21434614 2178
10.5 2.563558934597552e-09 2.469995855597819e-07 25206732.526881 2498
11.25 2.539675160171834e-09 2.903833873195253e-07 23874429.66384845 2622
12 3.356249595279719e-09 3.788808201057251e-07 24775748.0694318 3191
12.75 3.229984686183119e-09 3.819283692219671e-07 24409445.21713451 3044
13.5 2.881192101325914e-09 3.604346525820519e-07 23789620.74025447 2736
14.25 2.280247540477428e-09 3.294743009703229e-07 22759602.12313542 2276
15 1.947838822745834e-09 3.07778512070245e-07 21807143.50259087 2016
15.75 1.605117053418595e-09 2.438098864409505e-07 21300366.44809239 1640
16.5 1.082405562186361e-09 1.694539909458555e-07 21931118.7574579 1056
17.25 6.963597600187741e-10 1.216599524941433e-07 21870755.07830523 683
18 3.208768354723743e-10 6.545368797940973e-08 19978425.46218173 350
18.75 1.998391151946962e-10 3.362893765026099e-08 21315963.20402934 192
19.5 4.784439191391163e-11 8.619830505291078e-09 22155614.61142706 44
20.25 2.552985525654589e-11 5.092854234275201e-09 20803382.34344872 25


0.75 4.944135334519109e-12 1.95033980031225e-10 55057324.3296143 18
1.5 3.060834691128929e-11 8.35436948095522e-10 42974639.13375625 62
2.25 6.017796791725282e-11 2.506700842661866e-09 42424046.62652147 98
3 1.647945944577997e-10 5.902954093408313e-09 38752440.21317606 210
3.75 2.653630954792759e-10 1.323565756411557e-08 34600161.4353349 350
4.5 4.366391407946899e-10 1.992145820692019e-08 36298227.24920192 450
5.25 5.528947110364818e-10 3.154403770972313e-08 32559951.05000618 602
6 7.59244741090276e-10 4.643526250689463e-08 32306761.38159571 762
6.75 1.194058286762203e-09 7.600542384217638e-08 31266019.87688912 1142
7.5 1.247735972916081e-09 9.193514817309976e-08 28892928.49794887 1250
8.25 1.389130702685704e-09 1.147162750270398e-07 26612892.88185075 1458
9 1.809199436458646e-09 1.567319301500112e-07 26518177.1457781 1814
9.75 2.160788405148237e-09 2.079073359221123e-07 25761377.50063811 2178
10.5 2.473820520813416e-09 2.557058723558582e-07 24982079.9169067 2498
11.25 2.767398571945615e-09 2.797382518595687e-07 25278575.8699141 2622
12 3.492566304926735e-09 3.974359623442218e-07 26000564.73118172 3191
12.75 3.058443059653242e-09 3.860830176253431e-07 23668230.80811316 3044
13.5 2.640482258294156e-09 3.576862263664058e-07 22397770.33452975 2736
14.25 2.243371285510653e-09 3.164983862618512e-07 22393226.50313491 2276
15 1.918569671233413e-09 2.880748659525888e-07 21333132.2054521 2016
15.75 1.501498700813395e-09 2.530359046814249e-07 20573212.53666954 1640
16.5 1.034632344346118e-09 1.676285981761001e-07 21263442.63219513 1056
17.25 6.835118731210332e-10 1.129139600925047e-07 21328137.43229584 683
18 3.139264555127012e-10 5.871771313272494e-08 19265768.04120916 350
18.75 1.766886045025603e-10 3.39617726573104e-08 19505364.69334612 192
19.5 3.658946913266518e-11 9.131660640229891e-09 18365341.487574 44
20.25 2.772347373797384e-11 4.567155050638036e-09 21912004.98851865 25


0.75 3.677551298285556e-12 1.288253647618764e-10 39106413.26256958 18
1.5 2.525760985507959e-11 7.025439756736299e-10 35901740.29074422 62
2.25 7.133323855176483e-11 1.608375924698613e-09 40631683.01752323 98
3 2.020708970945225e-10 7.064337327844372e-09 47377520.30361551 210
3.75 3.448647289341644e-10 1.256026381686962e-08 40226219.53441197 350
4.5 3.836182758354651e-10 2.015716563966842e-08 33806559.47514773 450
5.25 6.029115716514042e-10 3.007114005034521e-08 34040637.37353273 602
6 7.97073449449054e-10 4.489994381976456e-08 33158983.77069299 762
6.75 1.132499980676236e-09 7.643958097146951e-08 30433196.422477 1142
7.5 1.295439924827572e-09 9.488342079707875e-08 30120546.7365888 1250
8.25 1.389964937746097e-09 1.186951062210291e-07 27092815.89548412 1458
9 1.890386938305377e-09 1.551027358451764e-07 27416655.36908668 1814
9.75 2.344234123263732e-09 2.08443907010025e-07 27462179.42707635 2178
10.5 2.678038501059273e-09 2.486538579960926e-07 26385171.34811691 2498
11.25 2.626267746589119e-09 2.915134901172405e-07 24780270.23832006 2622
12 3.369924995435964e-09 3.650791389405457e-07 24910609.11490396 3191
12.75 3.084782637256849e-09 3.724999000469514e-07 23734456.25379571 3044
13.5 2.717906832516553e-09 3.583442049173162e-07 23031815.47129461 2736
14.25 2.21834426825851e-09 3.297612239971182e-07 22589075.34108811 2276
15 1.992594968920788e-09 2.989576048806768e-07 22289784.81934468 2016
15.75 1.642984826651801e-09 2.464426277679235e-07 22011275.25001813 1640
16.5 9.409260584913274e-10 1.704330336405433e-07 19996543.70723077 1056
17.25 7.036040954782592e-10 1.212410363776043e-07 22305028.58583577 683
18 2.98367791276155e-10 6.19441029838331e-08 18893864.05763013 350
18.75 1.644541442538077e-10 2.857175745604689e-08 17877941.90200558 192
19.5 3.109725548968964e-11 1.016812823608094e-08 16960742.90469664 44
20.25 2.855064155269931e-11 1.25308991134798e-08 29425358.42637707 25


0.75 4.560663418493625e-12 2.08379122335573e-10 55129163.5038985 18
1.5 3.2851056724262e-11 1.101627524663733e-09 50422902.76614577 62
2.25 5.145409183493572e-11 2.158459755243585e-09 36837230.17208676 98
3 1.865574845125091e-10 6.422673652618947e-09 43776336.07588684 210
3.75 2.924177463068259e-10 1.131620198798161e-08 35049997.41183246 350
4.5 4.371630346469945e-10 1.927497941718712e-08 36352825.70394646 450
5.25 6.197192834355269e-10 3.053914135788119e-08 35067465.58349665 602
6 7.417046602283172e-10 4.478332979330692e-08 31807302.29790276 762
6.75 1.146307583950001e-09 7.334650533209313e-08 30442025.44919264 1142
7.5 1.212854654336134e-09 8.965757904433814e-08 28466764.46172766 1250
8.25 1.424983259965364e-09 1.14330996554383e-07 27382088.34871979 1458
9 1.827689097872742e-09 1.563305799646906e-07 27017037.74607816 1814
9.75 2.143269335052705e-09 2.057400892200041e-07 25854140.25096212 2178
10.5 2.492445391303754e-09 2.623924560697383e-07 25626436.71888081 2498
11.25 2.709093135910162e-09 3.046448128018634e-07 25821827.04340703 2622
12 3.2142830361365e-09 3.67789170476368e-07 24266102.70796382 3191
12.75 3.182440062546679e-09 3.636686937035451e-07 24290576.9551411 3044
13.5 2.761822598634553e-09 3.693931947183053e-07 23641571.67924898 2736
14.25 2.246864237227344e-09 3.143231001235336e-07 22661268.85017933 2276
15 2.000522806563464e-09 2.960702129570437e-07 22443135.68489908 2016
15.75 1.586306474224673e-09 2.43295767128527e-07 21500065.54635135 1640
16.5 1.060005329060375e-09 1.611529440525891e-07 21740781.31161552 1056
17.25 6.316963260741554e-10 1.168414254367586e-07 20494178.2376948 683
18 2.91851827036018e-10 6.138861077980803e-08 18659642.1727375 350
18.75 1.789390274566427e-10 3.602369074733091e-08 20213846.0755955 192
19.5 3.439098981014059e-11 5.921081248618979e-09 16084491.25733586 44
20.25 2.336199005520159e-11 6.245239685462817e-09 20768067.5975438 25


0.75 4.39398703558429e-12 1.940734491679232e-10 52587277.97727911 18
1.5 2.243071176179922e-11 9.708267622274852e-10 38685499.25753298 62
2.25 6.68605514095475e-11 1.717519457246255e-09 40224475.07123541 98
3 1.485494915993078e-10 7.196088329703256e-09 40203761.50156106 210
3.75 3.475814634138168e-10 1.151201663077869e-08 39882048.84414399 350
4.5 4.385216379182571e-10 2.311597561499272e-08 39224854.72201369 450
5.25 5.706014831688108e-10 3.442670927474246e-08 35003107.2456776 602
6 7.79247775150538e-10 4.640713499207436e-08 33500212.1102111 762
6.75 1.089229918639388e-09 7.378061503433922e-08 29705879.24404832 1142
7.5 1.237720684615868e-09 8.757542174172857e-08 28841688.02366465 1250
8.25 1.415993218463985e-09 1.193655010875051e-07 27850699.59970064 1458
9 1.756645067915147e-09 1.55502543168642e-07 26433219.82752161 1814
9.75 2.206257201214612e-09 1.992970984494854e-07 26314636.59231991 2178
10.5 2.563816945092953e-09 2.476159572476062e-07 25882135.32995239 2498
11.25 2.721898695935623e-09 2.880286680665416e-07 25671883.86771312 2622
12 3.189295579541525e-09 3.701967936686742e-07 24339373.96392897 3191
12.75 3.189760406152483e-09 3.654829042189695e-07 24530563.16145914 3044
13.5 2.645915059534883e-09 3.52515721583762e-07 22779892.06891293 2736
14.25 2.155498466455362e-09 3.084794625162776e-07 22015757.454792 2276
15 1.928633157730497e-09 2.855043944624093e-07 21783944.22044282 2016
15.75 1.55169424187823e-09 2.513532295127221e-07 21457143.82125875 1640
16.5 9.685776420279065e-10 1.865954225454892e-07 21190540.40507775 1056
17.25 6.250846780889681e-10 1.101448174787233e-07 20179132.43854383 683
18 3.689163032674132e-10 6.012103785634201e-08 22392465.96690949 350
18.75 1.755459511426351e-10 3.359141023254338e-08 19734493.25330352 192
19.5 4.377278174979388e-11 1.094466120832862e-08 22405548.73571495 44
20.25 1.969824125575707e-11 5.375560952220959e-09 17721256.21210744 25


0.75 3.737007300917461e-12 1.482203214932475e-10 42812215.87595154 18
1.5 3.192014195756658e-11 1.038726495640487e-09 49113091.28971197 62
2.25 7.789057209588937e-11 2.18323343325738e-09 48507453.74760232 98
3 1.744043937802483e-10 5.683929818789944e-09 40733826.65012825 210
3.75 2.842175591566485e-10 1.220752336512722e-08 35877932.67126857 350
4.5 4.59048574180029e-10 2.001171849145743e-08 38561473.16345472 450
5.25 5.759028636030552e-10 2.918295093090337e-08 33360165.07622035 602
6 7.730171981519488e-10 4.715776964414421e-08 33727528.6891325 762
6.75 1.128887936955374e-09 6.909496716084864e-08 29950773.41526485 1142
7.5 1.285546821376975e-09 9.275893466393154e-08 30338256.22720077 1250
8.25 1.43708461887708e-09 1.13869888133413e-07 27874934.7140817 1458
9 1.752523295473238e-09 1.554761068474348e-07 26556007.43283359 1814
9.75 2.1048444670734e-09 1.897382301477181e-07 25248077.47226257 2178
10.5 2.565077045377778e-09 2.460456453798878e-07 26007885.28823401 2498
11.25 2.678132923957645e-09 2.743891075582684e-07 25192112.06252356 2622
12 3.186526754421411e-09 3.592250320916384e-07 24276043.06662247 3191
12.75 2.915045891194162e-09 3.708704477650109e-07 23192957.25145072 3044
13.5 2.518191315539191e-09 3.589937415365799e-07 22220482.55033755 2736
14.25 2.219694268492784e-09 3.170049563380677e-07 22801993.3566401 2276
15 1.845816769706029e-09 2.892906309290002e-07 21287163.6281068 2016
15.75 1.516818141658734e-09 2.545280365677241e-07 21296240.72703208 1640
16.5 9.705167068584643e-10 1.881917565017617e-07 21404005.07148518 1056
17.25 6.315906222462241e-10 1.072746512541264e-07 20343717.66605009 683
18 2.898906611775259e-10 5.917431751528712e-08 18634260.62234956 350
18.75 1.609478438833781e-10 3.777944957182621e-08 19120932.0137228 192
19.5 2.394003420202193e-11 7.221961953489505e-09 12987066.56886682 44
20.25 2.757342776545656e-11 4.900977997974362e-09 22668280.00386642 25


0.75 4.131216536734479e-12 1.019910269859101e-10 39388357.38956775 18
1.5 2.542348995594072e-11 6.786715268738262e-10 36535754.23665822 62
2.25 6.312064705197939e-11 2.101007080813298e-09 41955827.24803507 98
3 1.4880291547441e-10 5.38213184990454e-09 36226687.78938895 210
3.75 3.289769570648849e-10 1.28200385028094e-08 40283571.00886298 350
4.5 4.287412344670572e-10 1.953429025242039e-08 36753355.77811624 450
5.25 6.084798415223445e-10 3.241577577292058e-08 36055527.83246075 602
6 7.722903096033646e-10 4.161152215159287e-08 32463562.82240365 762
6.75 1.088237705578113e-09 7.168510365543927e-08 29740746.29265797 1142
7.5 1.206395891825659e-09 8.627100561822813e-08 28540297.88406339 1250
8.25 1.441989710761938e-09 1.177876116327131e-07 28401583.01638 1458
9 1.893517688974804e-09 1.574362376042523e-07 28276134.76628353 1814
9.75 2.160286481891905e-09 1.984518721214975e-07 26203754.09520163 2178
10.5 2.43018834888505e-09 2.462732897804553e-07 25174221.52287667 2498
11.25 2.67865647661229e-09 2.87954130142251e-07 25681527.37919119 2622
12 3.189342774705941e-09 3.699356422923428e-07 24628486.68603123 3191
12.75 2.98463670630991e-09 3.677080248152125e-07 23675637.00506603 3044
13.5 2.629055318471126e-09 3.420463531815309e-07 22767308.11318123 2736
14.25 2.175822825984092e-09 2.973341451053392e-07 22229525.10282405 2276
15 1.979316849287218e-09 2.946411862201171e-07 22660438.36027592 2016
15.75 1.502196277912292e-09 2.471999773097926e-07 21110087.5822878 1640
16.5 8.83885427441758e-10 1.629247139466727e-07 19349400.24562895 1056
17.25 7.043814795731266e-10 1.108563171948669e-07 22439792.47861185 683
18 3.52992525540676e-10 5.447928483930765e-08 21450052.99908878 350
18.75 1.966677564831516e-10 3.244497743289191e-08 21697345.03578236 192
19.5 4.412657658959517e-11 9.50825391568432e-09 22050972.75802792 44
20.25 1.66574188605224e-11 5.955827660552763e-09 16411971.11591571 25


0.75 3.821512343209516e-12 1.003464339018181e-10 37537160.96982545 18
1.5 2.314720754504205e-11 6.979645144663906e-10 35027642.44814283 62
2.25 5.009171916170138e-11 2.240163208206166e-09 37844315.43215208 98
3 1.355712936897049e-10 5.985253424950294e-09 35940121.29900225 210
3.75 2.731477715944803e-10 1.237716270594732e-08 35623055.63957974 350
4.5 4.269462372985077e-10 1.747543319488708e-08 35549618.66401982 450
5.25 5.707284972172268e-10 2.774151106025465e-08 32999951.70412479 602
6 7.072229657989047e-10 4.331884531823064e-08 31285528.11078231 762
6.75 1.110076427263562e-09 7.877847368689208e-08 31353273.21762775 1142
7.5 1.175347224779729e-09 8.920939082210294e-08 28560289.76396067 1250
8.25 1.407278427297302e-09 1.112706589707398e-07 27618088.03542967 1458
9 1.777781576983621e-09 1.538640334482803e-07 27063430.80876791 1814
9.75 2.156306459427293e-09 1.978971312203254e-07 26327355.3342498 2178
10.5 2.501455018958041e-09 2.486802154374415e-07 25943212.85279898 2498
11.25 2.609849553133003e-09 2.762352571044996e-07 25081236.97116733 2622
12 3.015629150206454e-09 3.666369408732935e-07 23757107.27893784 3191
12.75 2.875573045900182e-09 3.695268215696946e-07 23228796.65744796 3044
13.5 2.611761913424979e-09 3.47152055039077e-07 22896287.03866832 2736
14.25 2.151561709519738e-09 3.018589143720101e-07 22276045.88302914 2276
15 1.874495264706073e-09 2.896490456564879e-07 21808072.35100317 2016
15.75 1.548345240485283e-09 2.406678841002301e-07 21595013.02613246 1640
16.5 1.006134561510984e-09 1.682114011347576e-07 21637449.55252238 1056
17.25 6.399893659298135e-10 1.077094679945216e-07 20828784.32677085 683
18 3.107579042269267e-10 6.351668818293507e-08 20232245.86580947 350
18.75 2.028625557947059e-10 4.144177261575529e-08 23583858.4799234 192
19.5 3.636822298963465e-11 6.479676542744136e-09 17563002.91784756 44
20.25 1.657401512640953e-11 3.135388777689634e-09 13963968.86368197 25


0.75 5.107288782969256e-12 2.244575147126682e-10 62522264.77529664 18
1.5 2.928882059346682e-11 8.805137078566354e-10 44546428.63055205 62
2.25 6.363332353777302e-11 1.954914205997504e-09 41658595.41222215 98
3 1.550911673096144e-10 5.25927370116747e-09 37409902.28559865 210
3.75 3.170959874110082e-10 1.170504704683971e-08 38640380.02982489 350
4.5 4.28540508289414e-10 1.716480455173765e-08 35652571.25517687 450
5.25 5.908919798385335e-10 3.012577147758542e-08 34943028.53622252 602
6 7.97639508826996e-10 3.940115743132518e-08 33057307.61601462 762
6.75 1.082047376076819e-09 7.327674050382241e-08 30251167.33940908 1142
7.5 1.218318721466452e-09 8.799158213023998e-08 29300140.99975226 1250
8.25 1.441640171088447e-09 1.083769281822473e-07 28021545.74357814 1458
9 1.763116460613215e-09 1.524630152018105e-07 27000202.29458265 1814
9.75 2.091927259733508e-09 1.963325878364467e-07 25873636.07551589 2178
10.5 2.295151902433301e-09 2.52040807981763e-07 24677750.95940773 2498
11.25 2.563587537957748e-09 2.728625348915485e-07 24829232.7177503 2622
12 3.211694899195161e-09 3.665191619591647e-07 25011175.60983713 3191
12.75 2.937591213039219e-09 3.619734200916762e-07 23605803.32430643 3044
13.5 2.61193260590712e-09 3.427452536247736e-07 22963047.43488529 2736
14.25 2.084602381770651e-09 2.951614938868092e-07 21768595.11149216 2276
15 1.838339885931247e-09 2.878195684233322e-07 21594063.80438315 2016
15.75 1.56166819325921e-09 2.317915881642277e-07 21677486.22648934 1640
16.5 9.649300529942903e-10 1.690853710247737e-07 21121738.82388533 1056
17.25 6.378464271189598e-10 1.203391021510149e-07 21461444.62602705 683
18 3.010807888423189e-10 6.067040695385513e-08 19655571.45931978 350
18.75 1.596334303171083e-10 3.110938590760806e-08 18473807.48856048 192
19.5 3.94258957354843e-11 9.783686693225276e-09 20650110.112243 44
20.25 3.281414393934128e-11 5.231351578631581e-09 26949598.43550374 25


0.75 6.500354893667605e-12 1.884572380770216e-10 66938831.00618695 18
1.5 3.06519155379647e-11 7.933250243837442e-10 44420581.84831357 62
2.25 5.324030262721742e-11 2.159117377641872e-09 39011517.91890982 98
3 1.951038477266368e-10 6.070069054047124e-09 45915815.48532616 210
3.75 2.570279469530859e-10 1.231344765464004e-08 34661632.20360789 350
4.5 3.992272135902263e-10 1.94122614669073e-08 35702747.73238011 450
5.25 5.731665672641618e-10 2.847901722618196e-08 33774458.44288871 602
6 7.028997593186348e-10 4.4009923493959e-08 31709950.13180801 762
6.75 1.097331389186004e-09 7.777942689933705e-08 31347571.81011491 1142
7.5 1.1365621549909e-09 9.044627676553225e-08 28405870.1483407 1250
8.25 1.424815051090129e-09 1.166912789340986e-07 28618842.42775874 1458
9 1.790350993941469e-09 1.504994026055721e-07 27332415.14914468 1814
9.75 2.017105325645318e-09 2.03903086818329e-07 25676578.73197835 2178
10.5 2.430831606351684e-09 2.474996670381081e-07 25692384.23349311 2498
11.25 2.584993967621973e-09 2.766352928779834e-07 25219536.38763822 2622
12 3.257404087367095e-09 3.591346163030981e-07 25276786.14691741 3191
12.75 3.076016783802384e-09 3.63950811210371e-07 24596307.4985324 3044
13.5 2.674091813138659e-09 3.313468487826182e-07 23302597.83900104 2736
14.25 2.011850782854375e-09 2.944165848183546e-07 21315554.95314615 2276
15 1.814683678142831e-09 2.718762811506059e-07 21201815.11626998 2016
15.75 1.416393419787047e-09 2.408081469844459e-07 20449708.94131542 1640
16.5 9.209914100890667e-10 1.586143528875298e-07 20193246.04766343 1056
17.25 6.619876031107507e-10 1.045736125246624e-07 21504250.55718906 683
18 2.915642075912467e-10 6.424435033678722e-08 19586119.36470058 350
18.75 1.362015913062742e-10 3.771674294992045e-08 17355947.16095937 192
19.5 3.515843463973387e-11 8.483982643898336e-09 18394807.99823171 44
20.25 2.090046999051458e-11 4.802188483597771e-09 18585976.68059376 25


0.75 4.67078509449027e-12 8.182654798380623e-11 41200878.06463736 18
1.5 2.958204040699208e-11 9.176433380922087e-10 46070519.39899175 62
2.25 6.711248260339971e-11 1.816899230449747e-09 42590486.43528846 98
3 1.820027179706667e-10 5.931236664977527e-09 43820869.10958984 210
3.75 2.978075669488633e-10 1.12805675973277e-08 37052322.65900545 350
4.5 4.205668909455639e-10 2.030668850979055e-08 37768800.59621162 450
5.25 5.993779490206889e-10 3.065881895423409e-08 35916366.03870139 602
6 6.839783943966069e-10 4.288146136353178e-08 31076484.33869717 762
6.75 1.088152423519834e-09 7.205354434162261e-08 30557365.48808991 1142
7.5 1.172919191632734e-09 8.662757182147691e-08 28765308.68362873 1250
8.25 1.332956874059074e-09 1.097166518047354e-07 26994162.25622425 1458
9 1.86047203986865e-09 1.605623212797332e-07 28822712.1428388 1814
9.75 2.129383295748499e-09 2.019833574976518e-07 26746508.98220212 2178
10.5 2.446036504967685e-09 2.463715422950444e-07 25938861.83196658 2498
11.25 2.601218608884033e-09 2.686713971676204e-07 25291005.98993021 2622
12 3.100525649475356e-09 3.534994944544926e-07 24436374.91009344 3191
12.75 2.953931720214922e-09 3.544866180096285e-07 23860993.113218 3044
13.5 2.616599070401973e-09 3.380566506412456e-07 23193685.91549763 2736
14.25 2.083894685517643e-09 3.031749612115609e-07 22185987.04064754 2276
15 1.927093386250919e-09 2.802149764275504e-07 22491330.00240581 2016
15.75 1.500884957124528e-09 2.286138696725477e-07 21220224.48650301 1640
16.5 9.703882509018447e-10 1.544682709176215e-07 21013943.9293519 1056
17.25 5.769033248704666e-10 1.194717575125879e-07 20125724.81592761 683
18 3.384732605013188e-10 5.595017114920689e-08 21386905.42559643 350
18.75 1.581858397805644e-10 2.981289894101058e-08 18395652.76171775 192
19.5 4.715088021208589e-11 7.139718939934838e-09 22505248.56734174 44
20.25 2.432439199193321e-11 3.665775404033646e-09 20032953.33313344 25


0.75 7.291624141133594e-12 1.639398528463481e-10 69549313.4743188 18
1.5 3.031508888815379e-11 1.061373015915373e-09 49780119.73745166 62
2.25 5.462707940284629e-11 1.987899243426503e-09 38771551.99504085 98
3 1.851974506869529e-10 5.314884007437998e-09 42986770.82666341 210
3.75 2.804209549913737e-10 1.302424162478694e-08 37819156.06214561 350
4.5 5.005059519503526e-10 2.052649608389335e-08 42700737.06755096 450
5.25 5.458646839924031e-10 3.18935481096828e-08 34522400.51302221 602
6 7.122524644924908e-10 4.275098136684961e-08 32043653.60826628 762
6.75 1.111765590821458e-09 6.880330294120241e-08 30698984.2259158 1142
7.5 1.181248056554236e-09 8.399576465633842e-08 28775374.01830695 1250
8.25 1.369383125882507e-09 1.108446322365591e-07 27741077.2674303 1458
9 1.801431054833449e-09 1.590696580147423e-07 28273469.38360985 1814
9.75 2.172543590793955e-09 1.99672231406872e-07 27188111.94623508 2178
10.5 2.455098874027102e-09 2.374446709542527e-07 25882780.61071257 2498
11.25 2.522262456247623e-09 2.791444936365011e-07 25154025.04895145 2622
12 3.126331993716634e-09 3.483921762941462e-07 24631786.8149041 3191
12.75 2.868185385212554e-09 3.664320887394997e-07 23702742.69366887 3044
13.5 2.630627804708608e-09 3.313778874003063e-07 23305159.85202711 2736
14.25 2.023695339089122e-09 3.011854734942756e-07 21804936.44449931 2276
15 1.780693348237763e-09 2.764087756117533e-07 21254431.62043251 2016
15.75 1.554168842087533e-09 2.393283117734587e-07 22162893.2136477 1640
16.5 9.247278278874717e-10 1.676845935684204e-07 20793576.00253231 1056
17.25 6.459474191456819e-10 1.067330015242863e-07 21454710.58415959 683
18 2.957361562833369e-10 5.633584003885892e-08 19400255.4478838 350
18.75 1.69405170526023e-10 3.534891516114553e-08 20284032.18651889 192
19.5 3.226741162363625e-11 6.551799019705009e-09 16411574.21953686 44
20.25 2.190261359587577e-11 3.944201488452072e-09 18730888.12252301 25


0.75 1.057982927895738e-12 6.176508415988246e-11 15362622.37335036 18
1.5 3.235391991380777e-11 1.102484322351189e-09 52912647.60523722 62
2.25 5.312783692850017e-11 2.287572481681753e-09 40707543.33355168 98
3 1.692115472771907e-10 5.518663147014996e-09 41259560.65262609 210
3.75 2.687630279181875e-10 1.260600152143964e-08 36631876.41466002 350
4.5 3.983537656981843e-10 1.963676497912683e-08 36495915.56979787 450
5.25 5.714246766271657e-10 2.981784114014937e-08 34909414.85844563 602
6 7.666426803455464e-10 4.273712596869997e-08 33850297.10878889 762
6.75 1.13491217988816e-09 7.020481767270512e-08 31542988.53365351 1142
7.5 1.183824203415203e-09 8.27458522027154e-08 28868557.87831244 1250
8.25 1.41694456601924e-09 1.114432014396534e-07 28626898.57923777 1458
9 1.685366713217231e-09 1.569581279158152e-07 27084961.63006718 1814
9.75 2.118655634383966e-09 1.941235329549488e-07 26662063.36713486 2178
10.5 2.449345233423819e-09 2.470672486399566e-07 26307246.19246853 2498
11.25 2.485029086482256e-09 2.695055580046924e-07 24797731.90624312 2622
12 3.292663200851974e-09 3.430124409510095e-07 25650882.5099171 3191
12.75 2.889888510217716e-09 3.506731907634107e-07 23702509.43354938 3044
13.5 2.45521431861875e-09 3.221137770154819e-07 22120818.6548362 2736
14.25 2.098753663329357e-09 3.030319837705957e-07 22575983.35276624 2276
15 1.716572661481558e-09 2.870070358352227e-07 21030433.80879366 2016
15.75 1.578377531779809e-09 2.383692789091126e-07 22546284.23518068 1640
16.5 9.571106667215938e-10 1.703980392378322e-07 21557458.28432513 1056
17.25 6.829018942129498e-10 1.113677019747131e-07 22759370.10270509 683
18 2.97120135644592e-10 6.610232166377512e-08 20385852.66571865 350
18.75 1.642479164303018e-10 3.226989612348683e-08 19516689.07873555 192
19.5 6.526331964720214e-11 7.031060449634624e-09 29955590.89832107 44
20.25 1.564953720338071e-11 3.77192695439465e-09 14338609.89246331 25


0.75 2.337528273548249e-12 1.467786797220363e-10 35609298.1092067 18
1.5 2.556079982484723e-11 6.525308124139639e-10 37747121.46626811 62
2.25 6.604483514832891e-11 1.918923770594332e-09 43623297.2979646 98
3 1.707490813600236e-10 5.430878935838639e-09 41452756.43560226 210
3.75 3.074306803703904e-10 1.166884046273512e-08 38927726.35909402 350
4.5 3.866121781959735e-10 2.095869014701616e-08 36920119.85767531 450
5.25 5.789934021078875e-10 2.597918127645806e-08 33786580.5205583 602
6 7.241987622768947e-10 3.711064856844688e-08 31262709.87127631 762
6.75 1.109227807524755e-09 7.477269901823205e-08 31895068.21013727 1142
7.5 1.12084462977502e-09 8.08520830724478e-08 27758246.16003043 1250
8.25 1.335866162393138e-09 1.159178334240516e-07 28026873.34333589 1458
9 1.726939764807398e-09 1.518966196859327e-07 27394797.20903451 1814
9.75 2.005599555011937e-09 1.928582722653524e-07 25750824.8562165 2178
10.5 2.471465984013144e-09 2.389518957934005e-07 26365530.79916159 2498
11.25 2.565333960262238e-09 2.782279245577128e-07 25741111.09641204 2622
12 3.113696636753323e-09 3.661357581230634e-07 25197725.2892021 3191
12.75 2.959359277848674e-09 3.365276477991919e-07 23999998.64537954 3044
13.5 2.4814614191033e-09 3.407382432474544e-07 22757812.06467015 2736
14.25 2.182698491797006e-09 2.951397806410276e-07 23219505.84694002 2276
15 1.803449647772805e-09 2.758713970210839e-07 21705031.26165053 2016
15.75 1.479445221295492e-09 2.365570630586412e-07 21550179.94195071 1640
16.5 8.875985473005685e-10 1.575422947357255e-07 20091973.07271624 1056
17.25 5.67954793864392e-10 1.075431850976074e-07 19716950.35416544 683
18 3.257548053465112e-10 5.536724658085745e-08 21082860.26282018 350
18.75 1.710262965441658e-10 3.088750899763228e-08 20067130.17725033 192
19.5 3.996264570321216e-11 7.731594314457108e-09 20359647.53083326 44
20.25 2.0169770179294e-11 3.684004351879588e-09 17506673.5518142 25


0.75 2.558929855990328e-12 9.468625507981224e-11 30047371.72919448 18
1.5 3.000640531146546e-11 8.119680400272974e-10 45612628.12130897 62
2.25 6.3710250644248e-11 1.949978200417679e-09 43226799.23143946 98
3 1.436503525703533e-10 6.316615693092388e-09 39695857.00630534 210
3.75 2.721353040859757e-10 1.314068755147706e-08 37994051.71103816 350
4.5 4.371212793507675e-10 1.699857554645315e-08 37382578.32101666 450
5.25 5.034575640053953e-10 3.052882629321205e-08 32917775.45933707 602
6 6.951932248422816e-10 3.996607410505198e-08 31407600.04910737 762
6.75 1.072379634558089e-09 6.983409565451585e-08 30696957.38704967 1142
7.5 1.269512040317257e-09 8.223299918824327e-08 30610124.27075619 1250
8.25 1.384859669490592e-09 1.069163410500633e-07 28163134.75087302 1458
9 1.638258937747834e-09 1.404994789627253e-07 25965206.44878771 1814
9.75 2.116579766192429e-09 1.955511031713501e-07 27035331.76940599 2178
10.5 2.27189360256206e-09 2.363543959726345e-07 24932141.80973852 2498
11.25 2.496364849109787e-09 2.651225647462589e-07 25071965.15987377 2622
12 3.186625983576033e-09 3.362509824721223e-07 25217153.36836455 3191
12.75 2.896959332233254e-09 3.381110111309782e-07 23811966.49861815 3044
13.5 2.610612658134712e-09 3.22334746546676e-07 23446908.93251574 2736
14.25 2.039475920775172e-09 2.875827575755407e-07 22074519.06447816 2276
15 1.785942567276055e-09 2.796876020667364e-07 21768607.52098601 2016
15.75 1.492416133119411e-09 2.365520754565429e-07 21835815.07926855 1640
16.5 8.74609531258634e-10 1.767282943081591e-07 20620406.30714981 1056
17.25 5.913778398166414e-10 1.007735221494078e-07 20151518.81427474 683
18 2.954090795999093e-10 5.330133633316209e-08 19498380.87970285 350
18.75 1.809743265033186e-10 3.21331324278983e-08 21296869.91462048 192
19.5 4.247566427933688e-11 8.428364016926317e-09 21898653.72417418 44
20.25 2.700905396404443e-11 6.291500147948647e-09 24851024.49716164 25


0.75 5.519701595777161e-12 1.508762127351897e-10 57735778.11732136 18
1.5 3.39442402041525e-11 1.03142724839362e-09 54072517.74727499 62
2.25 7.311436703945848e-11 1.494778329338434e-09 44004776.88253188 98
3 1.576020331776806e-10 6.246869671694769e-09 42014026.54959455 210
3.75 3.061799125900766e-10 1.137747340846883e-08 39012864.02348901 350
4.5 4.44682038228009e-10 1.957476923281468e-08 39836489.11142881 450
5.25 5.562826039744993e-10 2.991647533604891e-08 34978143.30274723 602
6 7.198769172371686e-10 3.944402137788408e-08 32180895.96813164 762
6.75 1.101550021005485e-09 6.923216410916827e-08 31338174.90058795 1142
7.5 1.218728590489539e-09 8.685746938191361e-08 30454334.32772435 1250
8.25 1.317094959879987e-09 1.048083888850896e-07 27198782.02930631 1458
9 1.674944384726552e-09 1.43051315563858e-07 26665401.31463427 1814
9.75 1.959096678079022e-09 1.988419564712255e-07 25911477.00253486 2178
10.5 2.34197527471958e-09 2.290251529395903e-07 25386681.36931834 2498
11.25 2.44477253722779e-09 2.691398058172116e-07 24950917.13365717 2622
12 3.11652437582431e-09 3.512690435737189e-07 25244283.16397491 3191
12.75 2.747151415462984e-09 3.452330046230193e-07 23162987.2707512 3044
13.5 2.438022355541355e-09 3.278476453068221e-07 22515613.66097179 2736
14.25 1.974669758803666e-09 2.925826211994588e-07 21780111.22608567 2276
15 1.744570691673242e-09 2.730559562239913e-07 21387045.30684862 2016
15.75 1.414253174888693e-09 2.266511624166253e-07 20871588.16438314 1640
16.5 9.506888898696437e-10 1.498457139401759e-07 21177485.82146405 1056
17.25 5.766894576470049e-10 9.836506496449189e-08 19772109.740355 683
18 2.983788185040255e-10 4.755415057831e-08 19291871.40969159 350
18.75 1.615224467367518e-10 3.362611217232582e-08 19809510.71986078 192
19.5 3.87009518644028e-11 6.288693836985156e-09 19286697.11329449 44
20.25 2.020616609563366e-11 3.483368058961457e-09 17564638.87849471 25


0.75 5.611814712477883e-12 2.051333219018982e-10 66340228.73036021 18
1.5 3.144859109063404e-11 6.579620464800681e-10 44592805.56519883 62
2.25 6.55914677689311e-11 2.099882408044086e-09 45769315.41978248 98
3 1.576991945137717e-10 5.558573750820699e-09 40504368.96028535 210
3.75 2.75897010242209e-10 1.292820800803547e-08 38525546.08308677 350
4.5 3.865831000142735e-10 1.819767903957644e-08 35692732.31947158 450
5.25 6.037983735356398e-10 3.101348309643753e-08 37597460.42789545 602
6 6.876070822903025e-10 3.963959204566658e-08 31471938.52330824 762
6.75 1.088082198448635e-09 7.039305584108977e-08 31455251.93802721 1142
7.5 1.123833382759522e-09 8.378699381253555e-08 28686072.01019571 1250
8.25 1.294900756951054e-09 1.10830764144122e-07 27563044.67471237 1458
9 1.631034180307375e-09 1.487780729433446e-07 26680836.3992849 1814
9.75 1.970710473222237e-09 1.928277898750991e-07 25928514.43248097 2178
10.5 2.244067313228243e-09 2.419676512038365e-07 25198208.29795663 2498
11.25 2.543978959878352e-09 2.646620091585231e-07 25712786.20107186 2622
12 3.038814676910862e-09 3.246697572383469e-07 24419109.62941385 3191
12.75 2.815493423185162e-09 3.478997674220762e-07 23779121.77848238 3044
13.5 2.384278539140863e-09 3.378563190742788e-07 22473788.95803597 2736
14.25 2.04284719043675e-09 2.861535784536301e-07 22342397.32148014 2276
15 1.71222612522128e-09 2.66763878532892e-07 21096168.8936437 2016
15.75 1.44255308779399e-09 2.271181691238615e-07 21328368.13521318 1640
16.5 9.642747568842841e-10 1.511528901505895e-07 21586598.9758812 1056
17.25 5.585770625214911e-10 1.032612592576815e-07 19639974.49966709 683
18 3.351581751285515e-10 5.195860108393653e-08 21683243.88586038 350
18.75 1.502714083419184e-10 3.205403505626341e-08 18651530.95741143 192
19.5 3.309607860440826e-11 7.739040060892745e-09 17936471.51962977 44
20.25 2.098750787050211e-11 4.137341416172472e-09 18842787.2996407 25


0.75 5.859366769372216e-12 1.033198243287913e-10 54054802.14540349 18
1.5 2.464109462314142e-11 5.512595181449771e-10 35840725.9480722 62
2.25 6.451546990384729e-11 2.233154664549229e-09 46616710.97383507 98
3 1.354546956451218e-10 5.732275762967479e-09 37518756.17600301 210
3.75 2.745999614170699e-10 1.079901335573169e-08 36130173.1829703 350
4.5 4.02049592434442e-10 1.832764933999679e-08 36914556.37052845 450
5.25 5.4621661822022e-10 2.715009659151208e-08 33827724.78017023 602
6 6.789383112999175e-10 4.130467698452133e-08 31851002.90981387 762
6.75 1.096463466632202e-09 6.859354061674597e-08 31532413.6885431 1142
7.5 1.125336290556894e-09 8.485162325498415e-08 29004897.34140374 1250
8.25 1.348349117934758e-09 1.068676480431507e-07 28152184.53855761 1458
9 1.699916469861535e-09 1.404284023546938e-07 27119830.84034118 1814
9.75 1.959130007082305e-09 1.905197421708851e-07 25880310.20182826 2178
10.5 2.297308530205814e-09 2.265853152591284e-07 25271298.96483813 2498
11.25 2.410292072580207e-09 2.672884825903633e-07 24954380.33826724 2622
12 3.067035939929127e-09 3.505027227629464e-07 25244181.9399704 3191
12.75 2.624235286344238e-09 3.414760263031302e-07 22614948.85596114 3044
13.5 2.340620371051728e-09 3.182016844665702e-07 21945423.51486483 2736
14.25 2.008083406004082e-09 3.005067055412139e-07 22480239.08401753 2276
15 1.850758302133271e-09 2.756380829459841e-07 22677798.31560497 2016
15.75 1.531307996117929e-09 2.280949805360574e-07 22476436.83085432 1640
16.5 9.848768925922544e-10 1.609851673618363e-07 22396796.01790613 1056
17.25 5.833279277212152e-10 1.037459556076952e-07 20442883.67500631 683
18 3.227392158139737e-10 4.997611190533465e-08 21000390.79950188 350
18.75 1.79163093245866e-10 3.069194572151468e-08 21311295.54163735 192
19.5 3.748100451983215e-11 8.328650915470437e-09 20186250.80093629 44
20.25 3.831578867183459e-11 5.011096234046955e-09 32214544.2668603 25


0.75 2.447168693392332e-12 1.39867286207706e-10 36427824.59416256 18
1.5 3.005732526626212e-11 6.322895240858405e-10 43171431.90035269 62
2.25 7.018350655029453e-11 2.004588255264689e-09 47601806.81675436 98
3 1.424746540083386e-10 6.439723353666388e-09 40786639.52092822 210
3.75 2.460271064538834e-10 1.187507479381665e-08 35173540.28851668 350
4.5 3.954020441720102e-10 1.846421960880929e-08 36832617.62106538 450
5.25 5.395774811472715e-10 2.776335665706176e-08 34016913.64158993 602
6 7.079048433556013e-10 4.181729513334808e-08 33062940.68082793 762
6.75 1.024860865862215e-09 6.606599817492506e-08 29944328.60765076 1142
7.5 1.229588031843898e-09 8.120842210333671e-08 30545486.95269479 1250
8.25 1.339917373441998e-09 1.057067898134236e-07 28101107.05219916 1458
9 1.642075971461832e-09 1.409507346930008e-07 26664254.91793415 1814
9.75 1.882951385819659e-09 1.825429138952038e-07 24998518.33347518 2178
10.5 2.173296019290214e-09 2.332668096349709e-07 24661427.69208984 2498
11.25 2.365951578791403e-09 2.686554704020872e-07 24812975.24620974 2622
12 2.922141324685412e-09 3.388918563227036e-07 24293968.84510803 3191
12.75 2.754814437528021e-09 3.468656547808715e-07 23666357.10657996 3044
13.5 2.388468062856096e-09 3.218653290990502e-07 22475402.72203948 2736
14.25 2.109130198561346e-09 2.821587526057297e-07 23076062.17914351 2276
15 1.730582955934757e-09 2.812816932024662e-07 21820749.20749989 2016
15.75 1.474401253268884e-09 2.136617393319828e-07 21632633.09293561 1640
16.5 9.06823285192314e-10 1.568693234617352e-07 21030935.53405552 1056
17.25 5.906595081527655e-10 1.031109360042575e-07 20733205.48946451 683
18 3.413895524676682e-10 5.158734356533568e-08 22239825.80961464 350
18.75 2.079751199705263e-10 3.088586347987748e-08 24214950.61195037 192
19.5 4.206538159772631e-11 8.891148528686261e-09 22529213.56941533 44
20.25 2.576504086650261e-11 3.619112155032466e-09 22028804.2314175 25


