3 0 18
6 0 62
9 0 98
12 0 210
15 0 350
18 0 450
21 0 602
24 0 762
27 0 1142
30 0 1250
33 0 1458
36 0 1814
39 0 2178
42 0 2498
45 0 2622
48 0 3191
51 0 3044
54 0 2736
57 0 2276
60 0 2016
63 0 1640
66 0 1056
69 0 683
72 0 350
75 0 192
78 0 44
81 0 25

3 4.890127719549159e-19 18
6 5.850976373087632e-19 62
9 5.98201178000814e-19 98
12 9.152171240776539e-19 210
15 9.46935222788579e-19 350
18 9.123623185433749e-19 450
21 7.259524366366726e-19 602
24 6.359823222173902e-19 762
27 5.17607649348657e-19 1142
30 2.107549628947936e-19 1250
33 6.766241900755745e-20 1458
36 6.592524476791013e-21 1814
39 9.354267161353027e-27 2178
42 5.796586275373915e-27 2498
45 2.717601106163238e-27 2622
48 9.727723662412351e-28 3191
51 1.205894449409228e-28 3044
54 1.404546405310626e-30 2736
57 2.000819574185522e-34 2276
60 5.675652364782467e-35 2016
63 1.191478590564587e-35 1640
66 1.350394806412109e-36 1056
69 3.443549008132551e-38 683
72 3.800439873538245e-39 350
75 1.752532901435148e-39 192
78 3.91135306052601e-40 44
81 2.257981028830216e-40 25

3 2.935638582269969e-19 18
6 4.54995990584061e-19 62
9 3.973495156270091e-19 98
12 5.120818541431026e-19 210
15 4.305251206250965e-19 350
18 5.374425231259911e-19 450
21 5.206286855309671e-19 602
24 3.658449652238511e-19 762
27 3.211928610014545e-19 1142
30 1.32194931632737e-19 1250
33 4.80988396623253e-20 1458
36 5.892907136560777e-21 1814
39 8.247129355516384e-27 2178
42 5.509733828962852e-27 2498
45 2.5885804823488e-27 2622
48 9.05033271084045e-28 3191
51 1.053224942404627e-28 3044
54 1.388922083009958e-30 2736
57 2.358209072112019e-34 2276
60 6.381084355731568e-35 2016
63 1.204527837130841e-35 1640
66 9.976760279024945e-37 1056
69 3.024850874358838e-38 683
72 2.370076551741227e-39 350
75 1.13068918485538e-39 192
78 2.424480196971458e-40 44
81 1.867613707308852e-40 25

3 1.11833879707153e-19 18
6 4.537842792784881e-19 62
9 3.32022648076565e-19 98
12 5.355713035274821e-19 210
15 4.117526566404409e-19 350
18 5.288445432248509e-19 450
21 4.271108889016472e-19 602
24 2.782365883073415e-19 762
27 2.365616120276688e-19 1142
30 1.004280372151576e-19 1250
33 3.368164607077638e-20 1458
36 3.917976819784637e-21 1814
39 9.217431911802095e-27 2178
42 5.638245397862247e-27 2498
45 2.310244957779955e-27 2622
48 8.867470182528055e-28 3191
51 9.401717178628238e-29 3044
54 1.413240990828852e-30 2736
57 2.163475293509229e-34 2276
60 5.500775396576766e-35 2016
63 1.399000287620303e-35 1640
66 1.39520648820765e-36 1056
69 7.648369130372674e-38 683
72 1.818291435168615e-39 350
75 9.241305942803622e-40 192
78 1.570596219358291e-40 44
81 1.376813213047018e-40 25

3 1.101892287287872e-19 18
6 2.478160565157833e-19 62
9 3.015722420528515e-19 98
12 5.273434863211589e-19 210
15 3.707254734615862e-19 350
18 4.278191923203183e-19 450
21 3.725219800012949e-19 602
24 2.30122020526691e-19 762
27 1.950911200628271e-19 1142
30 7.792402786763649e-20 1250
33 2.864622615333326e-20 1458
36 3.019607675174209e-21 1814
39 9.72076581540471e-27 2178
42 5.524576456101279e-27 2498
45 2.303762595288367e-27 2622
48 7.481932376166728e-28 3191
51 8.041878814252863e-29 3044
54 1.074524602882346e-30 2736
57 2.021000147817926e-34 2276
60 5.199825232059783e-35 2016
63 1.256309709079015e-35 1640
66 1.084875803188822e-36 1056
69 4.958065584449191e-38 683
72 1.505670077214609e-39 350
75 7.217973993635193e-40 192
78 1.543007326154081e-40 44
81 1.16278192148304e-40 25

3 6.101182454645826e-20 18
6 1.322941840905545e-19 62
9 2.427797805095726e-19 98
12 5.621926510817568e-19 210
15 3.546929493830366e-19 350
18 4.14753813177525e-19 450
21 3.179249760907411e-19 602
24 2.007594461493157e-19 762
27 1.636186767837723e-19 1142
30 6.661098570385388e-20 1250
33 2.251300185468984e-20 1458
36 2.525506898361929e-21 1814
39 8.760814381690049e-27 2178
42 5.285385645902908e-27 2498
45 2.328415577782434e-27 2622
48 7.255299743737331e-28 3191
51 8.294960367110494e-29 3044
54 1.564340142079521e-30 2736
57 2.743793401679937e-34 2276
60 7.163468023989743e-35 2016
63 1.662778179659141e-35 1640
66 1.551889476539458e-36 1056
69 5.864761799034706e-38 683
72 1.320986968585293e-39 350
75 6.655778022581365e-40 192
78 1.297111291490576e-40 44
81 9.858045890990599e-41 25

3 1.169777830189023e-19 18
6 1.918085454953826e-19 62
9 2.334884708021768e-19 98
12 3.713385773329445e-19 210
15 3.427362338797473e-19 350
18 3.912784438711546e-19 450
21 3.297457519125571e-19 602
24 1.777337010972509e-19 762
27 1.472126691494972e-19 1142
30 5.932710760341645e-20 1250
33 1.971071879847458e-20 1458
36 2.157823517325162e-21 1814
39 7.660513827016577e-27 2178
42 4.516533710615155e-27 2498
45 2.037089125207391e-27 2622
48 6.811393429249952e-28 3191
51 8.396264738064734e-29 3044
54 9.105330972999036e-31 2736
57 2.475230605939684e-34 2276
60 7.412004234393911e-35 2016
63 1.57160321258702e-35 1640
66 1.616253733675494e-36 1056
69 7.627338481274403e-38 683
72 1.125618587865258e-39 350
75 5.861392936329666e-40 192
78 1.360052407476194e-40 44
81 7.36291205892555e-41 25

3 6.225457770223706e-20 18
6 2.395205196640011e-19 62
9 2.089844982259112e-19 98
12 3.662299685793715e-19 210
15 3.199945825748005e-19 350
18 4.68775310855431e-19 450
21 3.31822151649507e-19 602
24 1.664473901785981e-19 762
27 1.315482359371669e-19 1142
30 5.28743777897119e-20 1250
33 1.872650082692188e-20 1458
36 2.003593269025865e-21 1814
39 7.154756125849162e-27 2178
42 4.250758213412522e-27 2498
45 1.853811057225534e-27 2622
48 6.211809298670243e-28 3191
51 8.18457983617894e-29 3044
54 9.419334783295458e-31 2736
57 2.505036314498586e-34 2276
60 6.88751082885806e-35 2016
63 1.529461378970481e-35 1640
66 1.789194768870262e-36 1056
69 6.888383662151014e-38 683
72 1.01866768947571e-39 350
75 5.041206683087535e-40 192
78 1.049668611317538e-40 44
81 7.511164693776672e-41 25

3 2.879293166506598e-19 18
6 2.624400416141868e-19 62
9 1.819072268054508e-19 98
12 4.230775780121087e-19 210
15 4.077739729328481e-19 350
18 4.631255464914917e-19 450
21 3.568374186117801e-19 602
24 1.708046948977787e-19 762
27 1.228129659435937e-19 1142
30 4.760096389141373e-20 1250
33 1.656713179809592e-20 1458
36 1.841194579840354e-21 1814
39 7.87584103763032e-27 2178
42 4.345375417354971e-27 2498
45 1.775657356983225e-27 2622
48 5.823469721191664e-28 3191
51 6.595477843347919e-29 3044
54 8.403900360754877e-31 2736
57 2.482006146963338e-34 2276
60 7.289749684477434e-35 2016
63 1.481343040209528e-35 1640
66 1.776498136783712e-36 1056
69 7.238559581873951e-38 683
72 9.299906022017881e-40 350
75 4.776554131020008e-40 192
78 1.199806153753138e-40 44
81 6.573473747032827e-41 25

3 1.876127382529188e-19 18
6 9.772193720984472e-19 62
9 2.483970097815402e-19 98
12 4.592296477170961e-19 210
15 4.324768896625906e-19 350
18 3.964276662715707e-19 450
21 3.216085182360309e-19 602
24 1.589591904119002e-19 762
27 1.130521444628237e-19 1142
30 4.649068210951738e-20 1250
33 1.507937316234882e-20 1458
36 1.763259683562332e-21 1814
39 8.058687877591425e-27 2178
42 4.326645711072335e-27 2498
45 1.804659794445718e-27 2622
48 5.824028027375242e-28 3191
51 7.131809017103315e-29 3044
54 7.388320489847967e-31 2736
57 3.101526864803031e-34 2276
60 8.318187859349727e-35 2016
63 1.555827895907904e-35 1640
66 1.824268414643543e-36 1056
69 9.658645105912497e-38 683
72 9.278681083316103e-40 350
75 4.589630781601496e-40 192
78 1.083721380673832e-40 44
81 5.7316893274079e-41 25

3 3.243035568776224e-19 18
6 4.611270844326847e-19 62
9 2.571828069340946e-19 98
12 4.130359161800906e-19 210
15 8.494095034125308e-19 350
18 8.872461359517816e-19 450
21 3.265902882001309e-19 602
24 1.45867254905808e-19 762
27 1.137475065242438e-19 1142
30 4.639296656733262e-20 1250
33 1.479241947517573e-20 1458
36 1.648698175083501e-21 1814
39 1.471698912939639e-26 2178
42 6.685588732868529e-27 2498
45 2.603019427675401e-27 2622
48 7.764134242731619e-28 3191
51 8.874098142039739e-29 3044
54 9.519259159327686e-31 2736
57 6.335670293981272e-34 2276
60 1.750906650969265e-34 2016
63 3.046439239190805e-35 1640
66 4.202386779453876e-36 1056
69 2.629167095831164e-37 683
72 1.710909197757238e-39 350
75 4.362294946017144e-40 192
78 9.668155707868597e-41 44
81 5.764480161243304e-41 25

3 3.435638090041582e-19 18
6 6.885598261300551e-19 62
9 5.426875853169326e-19 98
12 5.437674912816772e-19 210
15 9.022255315284991e-19 350
18 5.64112132363267e-19 450
21 6.282944084866294e-19 602
24 1.572948881562401e-19 762
27 1.017323021776017e-19 1142
30 4.268913313263803e-20 1250
33 1.444209156513457e-20 1458
36 1.501281058744051e-21 1814
39 1.378081182368099e-26 2178
42 6.859334637041673e-27 2498
45 2.712984976948783e-27 2622
48 7.417603499723267e-28 3191
51 7.982163943204286e-29 3044
54 1.143246594071557e-30 2736
57 2.495307423235621e-33 2276
60 2.802358075083733e-34 2016
63 3.663215303024001e-35 1640
66 5.339407735860173e-36 1056
69 3.265870356533242e-37 683
72 1.629795662960573e-39 350
75 3.549814000288036e-40 192
78 7.705575557923393e-41 44
81 5.729312775218208e-41 25

3 2.104119287640111e-18 18
6 1.349344001343888e-18 62
9 7.610047793202973e-19 98
12 1.069949124248733e-18 210
15 1.321082374974056e-18 350
18 5.138901783729847e-19 450
21 1.077747322612142e-18 602
24 3.370338244591321e-19 762
27 1.125205867581154e-19 1142
30 4.884274382196907e-20 1250
33 1.538480317374265e-20 1458
36 1.564989666975423e-21 1814
39 3.296152159033331e-26 2178
42 1.570504571463603e-26 2498
45 5.43970931652692e-27 2622
48 1.221547942199653e-27 3191
51 1.245330632802809e-28 3044
54 1.231478993569786e-30 2736
57 7.923414622185538e-33 2276
60 3.372249034217827e-33 2016
63 5.700904430206058e-34 1640
66 4.731891546644835e-35 1056
69 1.123950132049769e-36 683
72 1.553172728304883e-39 350
75 3.339734049859559e-40 192
78 7.513296089376552e-41 44
81 5.459200934257229e-41 25

3 3.567147119080036e-18 18
6 3.716247452911394e-18 62
9 5.729967549474202e-19 98
12 6.035085966935157e-19 210
15 7.020337080902686e-19 350
18 1.158427409153865e-18 450
21 1.536217268147173e-18 602
24 1.082837785998536e-18 762
27 2.023672909141661e-19 1142
30 5.99525952503154e-20 1250
33 1.388607367645876e-20 1458
36 1.519118211427804e-21 1814
39 1.402584708154195e-25 2178
42 4.787759252347366e-26 2498
45 1.329421673054201e-26 2622
48 2.81767586928685e-27 3191
51 2.053024413667455e-28 3044
54 5.340051522835473e-30 2736
57 2.478589960650133e-32 2276
60 4.394505533447958e-33 2016
63 5.888394627991724e-34 1640
66 5.146488852930561e-35 1056
69 4.764682443254548e-36 683
72 2.106130042627908e-38 350
75 3.641104134576234e-40 192
78 7.341025952299523e-41 44
81 4.729144319261989e-41 25

3 8.60436359312542e-18 18
6 7.183900005406636e-18 62
9 3.20488633964507e-18 98
12 4.714150556306967e-18 210
15 4.090105211995241e-18 350
18 2.835185860761044e-18 450
21 8.578070031999247e-19 602
24 1.104084092378077e-18 762
27 5.778208093572659e-19 1142
30 1.050441523405062e-19 1250
33 1.575091518352064e-20 1458
36 1.885649019264373e-21 1814
39 4.568599878528614e-25 2178
42 1.285398358207932e-25 2498
45 2.947955924257556e-26 2622
48 4.798483950425035e-27 3191
51 4.200878824624494e-28 3044
54 9.193484139982459e-30 2736
57 1.128751139791034e-31 2276
60 2.255031950074096e-32 2016
63 1.968838872737233e-33 1640
66 1.506399082242539e-34 1056
69 1.309765771948669e-35 683
72 5.343820660572697e-38 350
75 5.902864186360462e-40 192
78 8.550723623788394e-41 44
81 5.430735810617388e-41 25

3 5.876842306585803e-18 18
6 4.774191021844353e-18 62
9 1.090811614976538e-17 98
12 3.570128367839106e-17 210
15 2.27937644692982e-17 350
18 4.072362098509804e-18 450
21 3.845863284047921e-18 602
24 1.649390343609723e-18 762
27 2.94231743889338e-19 1142
30 9.291568745137009e-20 1250
33 1.698940420972564e-20 1458
36 1.782559038166416e-21 1814
39 5.366894236695359e-25 2178
42 1.514191599846741e-25 2498
45 3.272519122473802e-26 2622
48 5.957487721653321e-27 3191
51 3.853695485236443e-28 3044
54 9.736905775567276e-30 2736
57 1.618741044364723e-31 2276
60 2.411078393096008e-32 2016
63 3.296012729032411e-33 1640
66 3.569231944994043e-34 1056
69 3.357971173349508e-35 683
72 5.545673721168046e-37 350
75 6.353610605857569e-40 192
78 9.935722346306153e-41 44
81 5.136979117919499e-41 25

3 5.225066609381154e-18 18
6 9.494169125000463e-18 62
9 8.367926421407857e-18 98
12 4.839481944373365e-17 210
15 4.002266579179386e-17 350
18 8.427645115332551e-18 450
21 1.040000636735101e-17 602
24 7.347492811946368e-19 762
27 2.198108011905481e-19 1142
30 1.231209063184265e-19 1250
33 1.964203236215358e-20 1458
36 1.841199012398423e-21 1814
39 1.007662339958707e-24 2178
42 3.519000109307282e-25 2498
45 6.701016767972036e-26 2622
48 1.16714367757418e-26 3191
51 7.229226463349659e-28 3044
54 2.04729667012962e-29 2736
57 2.557100241240344e-31 2276
60 4.110885655908966e-32 2016
63 4.21531338740101e-33 1640
66 3.233433207575476e-34 1056
69 2.062346927709864e-35 683
72 1.379769456252547e-37 350
75 1.143877653228504e-39 192
78 1.184320203436509e-40 44
81 5.80589889277652e-41 25

3 1.195894945276801e-17 18
6 2.703709948540403e-17 62
9 3.545469594899526e-17 98
12 4.641005202011272e-17 210
15 4.29155383288901e-17 350
18 8.638937654377537e-18 450
21 5.618964656674806e-18 602
24 7.659278542674844e-19 762
27 4.310403609116983e-19 1142
30 7.469801916304834e-20 1250
33 2.525890138853035e-20 1458
36 2.634778368782451e-21 1814
39 8.680714424342195e-25 2178
42 3.15492220459908e-25 2498
45 7.948581370284999e-26 2622
48 1.546979393554848e-26 3191
51 1.648444340419965e-27 3044
54 5.254704069870912e-29 2736
57 4.616700217907946e-31 2276
60 6.908878572923846e-32 2016
63 7.271487267148509e-33 1640
66 7.393105382760245e-34 1056
69 7.65055249118247e-35 683
72 2.522546629808789e-36 350
75 2.933450998773703e-39 192
78 2.706584594205447e-40 44
81 5.583434368992832e-41 25

3 3.007905844694677e-17 18
6 7.30255687263429e-17 62
9 4.726926684612894e-17 98
12 4.636224122182591e-17 210
15 5.833524228659954e-17 350
18 1.949160645933437e-17 450
21 4.861731536627126e-18 602
24 8.034380025918777e-19 762
27 3.645243951611174e-19 1142
30 8.335618594747187e-20 1250
33 3.616026175274002e-20 1458
36 5.822949383778059e-21 1814
39 1.442347963527517e-24 2178
42 5.031405660989941e-25 2498
45 1.072063104906653e-25 2622
48 2.476015942598179e-26 3191
51 4.843750303131978e-27 3044
54 2.570642746685312e-28 2736
57 1.537406180725805e-30 2276
60 1.683376723346274e-31 2016
63 1.332221433211369e-32 1640
66 1.498588607870496e-33 1056
69 1.764040624435375e-34 683
72 3.68763867143555e-36 350
75 1.209901416802704e-38 192
78 5.863227470673597e-40 44
81 6.678068561683658e-41 25

3 2.352942410038831e-16 18
6 4.266971780685962e-16 62
9 3.303653290131539e-16 98
12 7.353430159274147e-16 210
15 2.763426280472202e-16 350
18 1.411931226330869e-16 450
21 3.645200817016615e-17 602
24 6.167966532650135e-18 762
27 7.79363761731054e-19 1142
30 1.104203795520592e-19 1250
33 2.664408380824079e-20 1458
36 6.628379520896023e-21 1814
39 2.642011672323937e-24 2178
42 1.135930438848452e-24 2498
45 2.551406212091594e-25 2622
48 4.948865521200608e-26 3191
51 5.050767545517562e-27 3044
54 1.787463034130615e-28 2736
57 1.519647925613325e-30 2276
60 1.930233933323547e-31 2016
63 1.980691889097593e-32 1640
66 1.822421295744547e-33 1056
69 1.59624943742675e-34 683
72 2.860790888416318e-36 350
75 8.594631097094492e-39 192
78 3.937581874675034e-40 44
81 6.565416505397735e-41 25

3 2.344803873309011e-15 18
6 4.071558658363142e-15 62
9 4.377705042723752e-15 98
12 5.485251764435826e-15 210
15 3.001602786201898e-15 350
18 1.444391714916957e-15 450
21 3.138091754327032e-16 602
24 5.43051796389503e-17 762
27 4.028959763309409e-18 1142
30 2.196300684074002e-19 1250
33 2.651655408863122e-20 1458
36 3.90976689846958e-21 1814
39 1.982997644198763e-23 2178
42 6.254880506377734e-24 2498
45 1.163801020336216e-24 2622
48 1.82387052067088e-25 3191
51 1.423467197057085e-26 3044
54 4.380423524066735e-28 2736
57 1.10285862519259e-29 2276
60 8.057265334910793e-31 2016
63 6.612404026582e-32 1640
66 5.913303727611162e-33 1056
69 3.633448370456099e-34 683
72 7.853200415880102e-36 350
75 2.173589143581863e-37 192
78 2.63935048326576e-39 44
81 2.765206339521854e-40 25

3 1.304687365668701e-14 18
6 1.68550930252149e-14 62
9 1.266201563776139e-14 98
12 1.210806048063731e-14 210
15 6.107941509106916e-15 350
18 3.143167671594264e-15 450
21 8.018601536748096e-16 602
24 1.66303949872608e-16 762
27 1.802202533007727e-17 1142
30 5.691691865427682e-19 1250
33 4.995233400716701e-20 1458
36 3.377032473173864e-21 1814
39 1.447601987383589e-22 2178
42 8.797314126236744e-23 2498
45 2.896506619428211e-23 2622
48 5.808423819558788e-24 3191
51 4.281649148632223e-25 3044
54 1.417303651512168e-26 2736
57 2.752604360945638e-28 2276
60 1.415715172022391e-29 2016
63 1.713815486630014e-30 1640
66 3.836336759322712e-31 1056
69 3.382049328897318e-32 683
72 9.5836852345762e-34 350
75 4.833623633658487e-35 192
78 3.640477834570431e-37 44
81 1.16810748842076e-38 25

3 3.351813587592405e-14 18
6 1.92498543316776e-14 62
9 3.489999641762723e-15 98
12 2.17065278383886e-15 210
15 2.369831361210967e-15 350
18 1.298833449605087e-15 450
21 3.249207206591745e-16 602
24 2.122755717516463e-17 762
27 5.264169211565245e-18 1142
30 1.135121556158994e-18 1250
33 3.052777015766428e-19 1458
36 9.618192326473315e-20 1814
39 1.996182546059227e-20 2178
42 3.141698617381618e-21 2498
45 2.011949136372398e-22 2622
48 2.108706750895191e-23 3191
51 2.829953220460423e-24 3044
54 5.71579935388703e-25 2736
57 1.198116328533689e-25 2276
60 2.793083893979946e-26 2016
63 4.153303515113518e-27 1640
66 3.457785595108415e-28 1056
69 1.167157716047786e-29 683
72 2.9308816901179e-31 350
75 2.757392200570179e-32 192
78 1.741539605806756e-33 44
81 2.711208786990833e-34 25

3 5.845557352232251e-14 18
6 9.264546158279438e-15 62
9 4.964297223013609e-15 98
12 8.683646115602779e-15 210
15 4.768797183775881e-15 350
18 3.572984405022701e-15 450
21 1.650223328242687e-15 602
24 7.161587063112988e-16 762
27 8.043031217580331e-17 1142
30 1.944864964549764e-18 1250
33 5.414369730497976e-19 1458
36 4.772203133094682e-19 1814
39 2.208603591465855e-19 2178
42 7.082192522644961e-20 2498
45 1.122560745367714e-20 2622
48 1.656304842419695e-21 3191
51 7.336242033792323e-23 3044
54 2.019649629659963e-24 2736
57 9.68286203965232e-25 2276
60 3.669589754091387e-25 2016
63 7.330049867833253e-26 1640
66 8.498844026972605e-27 1056
69 4.279746538370624e-28 683
72 5.2383198201594e-30 350
75 3.223680564005468e-31 192
78 3.01388888514801e-32 44
81 6.674354150167505e-33 25

3 3.413302898799681e-14 18
6 3.247727592124637e-14 62
9 2.882522207432198e-14 98
12 5.560590559203227e-15 210
15 4.817846518253983e-15 350
18 9.701788971476805e-15 450
21 4.543385070884857e-15 602
24 9.994753997351625e-16 762
27 3.101227565621656e-17 1142
30 1.075610718888738e-17 1250
33 3.045727245836047e-18 1458
36 4.906042592957956e-19 1814
39 8.216295716076638e-20 2178
42 5.175260700662759e-20 2498
45 1.457629120146213e-20 2622
48 3.145996306530005e-21 3191
51 2.702496721158046e-22 3044
54 7.948921538820843e-24 2736
57 2.399001624463372e-24 2276
60 9.203969461538039e-25 2016
63 1.414612975814322e-25 1640
66 1.077104687521212e-26 1056
69 4.896551663544736e-28 683
72 6.570406695195574e-30 350
75 1.135979910063029e-30 192
78 4.215625977067056e-32 44
81 1.554944517670926e-33 25

3 1.275684135630736e-14 18
6 6.640155168530777e-14 62
9 1.937365679915664e-14 98
12 1.826962333702118e-14 210
15 4.502392021379169e-15 350
18 1.1636256158645e-14 450
21 5.76102333276525e-15 602
24 5.998713217928285e-16 762
27 2.086941463755026e-16 1142
30 1.490156885986855e-17 1250
33 1.521431163146559e-18 1458
36 1.371811783843652e-18 1814
39 4.068715847535979e-19 2178
42 7.115944709134148e-20 2498
45 1.457562002488561e-20 2622
48 3.280052451500745e-21 3191
51 3.69796584186e-22 3044
54 2.545972325018738e-23 2736
57 3.104725853164631e-24 2276
60 1.123336918301382e-24 2016
63 1.112445521238246e-25 1640
66 4.876834669227097e-27 1056
69 3.973839038446023e-28 683
72 1.060132184417865e-29 350
75 7.81235185760373e-31 192
78 3.263444527193349e-32 44
81 9.435246710682809e-33 25

3 1.958204590204225e-14 18
6 2.192057140236598e-14 62
9 4.339428752568813e-14 98
12 5.099933886943169e-14 210
15 1.981370180401537e-14 350
18 1.838184682047923e-14 450
21 8.927296211348811e-15 602
24 8.625733755757568e-16 762
27 3.982128720639966e-16 1142
30 1.405260653222782e-17 1250
33 7.579481369482665e-18 1458
36 1.538697848702115e-18 1814
39 2.463805258153231e-19 2178
42 7.883074892257311e-20 2498
45 2.021217316180806e-20 2622
48 5.017799133777912e-21 3191
51 4.76907173863723e-22 3044
54 3.954030114234749e-23 2736
57 3.651852331607217e-24 2276
60 1.406675484753543e-24 2016
63 1.201554382303907e-25 1640
66 7.97028389169325e-27 1056
69 9.619680169420852e-28 683
72 2.462598451959967e-29 350
75 1.337858977560295e-30 192
78 7.550827798889023e-32 44
81 4.37338949232399e-33 25

3 3.285944882300711e-14 18
6 2.797591324488419e-14 62
9 1.435370773752992e-14 98
12 3.938153978923405e-14 210
15 4.160516976845505e-14 350
18 2.709175209024677e-14 450
21 1.331420231911011e-14 602
24 1.652529709404318e-15 762
27 4.385974002852536e-16 1142
30 2.851418869612584e-17 1250
33 5.158304111320547e-18 1458
36 1.111984427543007e-18 1814
39 3.502351643161027e-19 2178
42 1.008209199747336e-19 2498
45 2.003454693107421e-20 2622
48 4.483105275686482e-21 3191
51 5.506234807633363e-22 3044
54 3.175967807982892e-23 2736
57 3.812498419654975e-24 2276
60 1.159101679695459e-24 2016
63 1.266601245805833e-25 1640
66 8.395147806303012e-27 1056
69 1.162571754725168e-27 683
72 1.219703789766072e-29 350
75 1.958814184341529e-30 192
78 9.620865847101043e-32 44
81 8.394646216180536e-33 25

3 6.271376848590309e-14 18
6 1.527101597065415e-14 62
9 5.77128269722534e-14 98
12 5.384006514568054e-14 210
15 4.637773260864143e-14 350
18 3.590006985513316e-14 450
21 1.765572681120519e-14 602
24 2.4141983343155e-15 762
27 4.059821989713876e-16 1142
30 3.372923390636746e-17 1250
33 4.385198535354914e-18 1458
36 1.517923923592069e-18 1814
39 3.266054905280873e-19 2178
42 6.258515192279142e-20 2498
45 1.939535172268782e-20 2622
48 5.89639272619402e-21 3191
51 6.347447452851742e-22 3044
54 3.545427000133874e-23 2736
57 5.627466611898715e-24 2276
60 9.908536191057305e-25 2016
63 1.469009163533085e-25 1640
66 1.430346315012964e-26 1056
69 1.872961026084071e-27 683
72 1.954557788019491e-29 350
75 3.066499086513185e-30 192
78 1.000154861857756e-31 44
81 1.958730398051061e-32 25

3 2.759405505611117e-14 18
6 4.49680786173019e-14 62
9 3.238291534609305e-14 98
12 1.689528196059977e-13 210
15 9.993141260302109e-14 350
18 6.71428693013612e-14 450
21 2.289203228759875e-14 602
24 2.870957840892703e-15 762
27 3.565523102619032e-16 1142
30 2.997782115782175e-17 1250
33 5.337229197929449e-18 1458
36 1.268546532945566e-18 1814
39 2.283746245302381e-19 2178
42 7.380512260551539e-20 2498
45 2.143425719960741e-20 2622
48 4.75332241421681e-21 3191
51 5.482806319055625e-22 3044
54 3.677942011304055e-23 2736
57 5.446857298889853e-24 2276
60 7.577300417853217e-25 2016
63 1.085901121516537e-25 1640
66 1.248264494766733e-26 1056
69 1.612140996717493e-27 683
72 2.278350518901652e-29 350
75 2.210272436276887e-30 192
78 1.61394097956436e-31 44
81 2.267435457972333e-32 25

3 3.2530146148219e-14 18
6 8.053141815596378e-14 62
9 5.163796104196836e-14 98
12 8.816928650772382e-14 210
15 1.430830885186603e-13 350
18 1.159433577912387e-13 450
21 2.696396099029091e-14 602
24 3.309538008734622e-15 762
27 2.991164860208982e-16 1142
30 2.329310920309681e-17 1250
33 4.439064752448272e-18 1458
36 1.059834230693185e-18 1814
39 2.499732280432644e-19 2178
42 7.071382189117283e-20 2498
45 1.615816804385099e-20 2622
48 5.302190533024809e-21 3191
51 5.892220141412171e-22 3044
54 2.511467131920386e-23 2736
57 3.764186734572378e-24 2276
60 6.314580807677179e-25 2016
63 1.110148458330747e-25 1640
66 1.68024415985362e-26 1056
69 1.67500823782165e-27 683
72 2.724378737676202e-29 350
75 1.118931906731128e-30 192
78 7.415807224242037e-32 44
81 1.292923705883541e-32 25

3 4.941971551795038e-14 18
6 6.105378559600471e-14 62
9 7.608202430048311e-14 98
12 3.780619718902768e-13 210
15 1.706829565636516e-13 350
18 7.652489208698753e-14 450
21 2.017271906411832e-14 602
24 2.743474925603767e-15 762
27 2.648775110147451e-16 1142
30 2.47312074087267e-17 1250
33 4.226513035566948e-18 1458
36 9.537047433001918e-19 1814
39 2.728769464615314e-19 2178
42 5.512815174198854e-20 2498
45 1.821031286697211e-20 2622
48 3.848898253695802e-21 3191
51 4.721779813800644e-22 3044
54 3.257397837572232e-23 2736
57 3.330955147585052e-24 2276
60 6.071164245866299e-25 2016
63 9.761164589891097e-26 1640
66 1.468653607859583e-26 1056
69 1.879934703489571e-27 683
72 2.88793739676508e-29 350
75 1.739681470200741e-30 192
78 8.380363805197328e-32 44
81 1.771660983035006e-32 25

3 8.438850364073117e-14 18
6 1.190207134455454e-13 62
9 1.651169946449908e-13 98
12 2.220731438488712e-13 210
15 1.882590950771299e-13 350
18 7.403365267881285e-14 450
21 1.750728267514163e-14 602
24 3.113484165219643e-15 762
27 2.712672111637544e-16 1142
30 2.456909599765402e-17 1250
33 4.459975872464485e-18 1458
36 1.178980333768848e-18 1814
39 2.415510478566102e-19 2178
42 7.803998571453243e-20 2498
45 1.574615097070214e-20 2622
48 4.692830693401323e-21 3191
51 5.358152850175642e-22 3044
54 3.142587046825365e-23 2736
57 5.064544569285277e-24 2276
60 6.935765915383969e-25 2016
63 9.687558233356925e-26 1640
66 1.938785129534371e-26 1056
69 3.531338583785389e-27 683
72 2.07097930850016e-29 350
75 1.786216081113537e-30 192
78 8.217507788555859e-32 44
81 1.501620102225069e-32 25

3 3.257411480984881e-13 18
6 2.467042908218031e-13 62
9 1.40210813605199e-13 98
12 4.050720443209165e-13 210
15 1.241949313851259e-13 350
18 6.655734734222581e-14 450
21 1.580337946184253e-14 602
24 3.711731056027991e-15 762
27 3.157780953761444e-16 1142
30 2.513225381316437e-17 1250
33 4.676242529443292e-18 1458
36 1.1192209655216e-18 1814
39 2.568195354652386e-19 2178
42 6.831196741035134e-20 2498
45 1.850903638882298e-20 2622
48 5.113681364005992e-21 3191
51 4.859450771448176e-22 3044
54 3.252540096158182e-23 2736
57 4.192887578045728e-24 2276
60 7.394039859525947e-25 2016
63 9.876357552348072e-26 1640
66 1.949089807205522e-26 1056
69 3.564326585693009e-27 683
72 1.81854468035431e-29 350
75 1.074623398497835e-30 192
78 5.450138974431493e-32 44
81 2.083335550859459e-32 25

3 3.384775157962069e-12 18
6 2.083726451178984e-12 62
9 6.238136074538445e-13 98
12 5.63135656859651e-13 210
15 1.880200559227364e-13 350
18 7.418656778933368e-14 450
21 1.820154047030869e-14 602
24 4.572732865017051e-15 762
27 2.942213496965841e-16 1142
30 3.048609552879125e-17 1250
33 6.127351403035782e-18 1458
36 1.605433791214674e-18 1814
39 3.683621743689559e-19 2178
42 7.902718681989255e-20 2498
45 2.35141305306352e-20 2622
48 5.537346132128432e-21 3191
51 7.000394366908233e-22 3044
54 4.922724675990059e-23 2736
57 7.143276107918749e-24 2276
60 1.212409206462871e-24 2016
63 1.551986263368647e-25 1640
66 3.977716443926493e-26 1056
69 3.753145022072979e-27 683
72 8.083876291114813e-29 350
75 9.459431241609909e-30 192
78 2.517322434318607e-31 44
81 5.091441387222635e-32 25

3 6.106288498885705e-11 18
6 4.396449884094269e-11 62
9 9.36566642598936e-12 98
12 6.90068132260736e-12 210
15 1.715780591888854e-12 350
18 3.013850241639899e-13 450
21 9.467793739589308e-14 602
24 2.044246247121582e-14 762
27 6.041977066824764e-15 1142
30 9.253041359446338e-16 1250
33 2.450989165928083e-16 1458
36 7.315006514036972e-17 1814
39 2.302054788269389e-17 2178
42 6.746957717145174e-18 2498
45 2.191719738561012e-18 2622
48 7.518834461296274e-19 3191
51 1.426733576195381e-19 3044
54 1.03111063788603e-20 2736
57 6.401716455224425e-22 2276
60 7.256247604929191e-23 2016
63 8.526674895350403e-24 1640
66 1.39898568070776e-24 1056
69 2.850783778516817e-25 683
72 4.146786521984803e-26 350
75 7.764182132870272e-27 192
78 6.208605307504762e-28 44
81 9.163041546545376e-29 25

3 1.584996111909424e-09 18
6 1.338034669277277e-09 62
9 3.38969800393109e-10 98
12 2.902150017244317e-10 210
15 8.951489177375617e-11 350
18 2.352449878473057e-11 450
21 7.797967004518281e-12 602
24 1.938413053085576e-12 762
27 7.763493972892066e-13 1142
30 1.772605168593382e-13 1250
33 8.168022621457666e-14 1458
36 3.920241390559387e-14 1814
39 2.402647792797559e-14 2178
42 1.18477443647498e-14 2498
45 6.661144030038814e-15 2622
48 3.525943916401906e-15 3191
51 1.351674477081436e-15 3044
54 2.004007374373124e-16 2736
57 3.397712503568572e-17 2276
60 9.591661692184473e-18 2016
63 3.409310969356884e-18 1640
66 1.051770708453564e-18 1056
69 2.310347449833115e-19 683
72 1.754887751515316e-20 350
75 2.279918680037972e-21 192
78 1.557494330023354e-22 44
81 2.710992061466842e-23 25

3 2.490317216665943e-08 18
6 1.740841778886388e-08 62
9 2.34451056856761e-09 98
12 1.936520446009015e-09 210
15 7.808482644154891e-10 350
18 3.791740903038443e-10 450
21 2.378479493820982e-10 602
24 1.360054123557457e-10 762
27 8.062056263844421e-11 1142
30 3.545746729828966e-11 1250
33 2.488530771157302e-11 1458
36 1.637155329555988e-11 1814
39 1.405010323696279e-11 2178
42 1.90584040062036e-11 2498
45 2.522279421789513e-11 2622
48 2.467221316461113e-11 3191
51 1.362054024680186e-11 3044
54 3.983891538454458e-12 2736
57 1.799320589458693e-12 2276
60 1.323125812163032e-12 2016
63 8.739749343118416e-13 1640
66 4.296921543011739e-13 1056
69 1.333378506236194e-13 683
72 1.789783041348917e-14 350
75 3.959817155708507e-15 192
78 3.956755055480097e-16 44
81 1.114347503520726e-16 25

3 1.990855811963374e-07 18
6 1.177043404181256e-07 62
9 1.972940523307482e-08 98
12 1.820663517320796e-08 210
15 1.308997987225895e-08 350
18 7.281516867128226e-09 450
21 4.120377163325307e-09 602
24 1.848690342876704e-09 762
27 1.28763558084708e-09 1142
30 5.998118075762364e-10 1250
33 4.577866302929181e-10 1458
36 5.533040736289828e-10 1814
39 9.759240644542331e-10 2178
42 1.938430146448047e-09 2498
45 2.577566968299089e-09 2622
48 2.885731712271042e-09 3191
51 1.346823205445297e-09 3044
54 3.77714476853086e-10 2736
57 2.203752828166896e-10 2276
60 1.350059222109409e-10 2016
63 9.560867127475874e-11 1640
66 4.980016663972024e-11 1056
69 2.068796170703684e-11 683
72 7.810047957550162e-12 350
75 3.365104940623183e-12 192
78 7.715846058149134e-13 44
81 3.202324697932581e-13 25

3 1.062629011317929e-06 18
6 5.774442665782209e-07 62
9 1.139541547716318e-07 98
12 9.025908826312357e-08 210
15 6.093123643761168e-08 350
18 4.270081175777251e-08 450
21 3.117083705338837e-08 602
24 1.752769728851074e-08 762
27 1.192871652096599e-08 1142
30 6.774955409146533e-09 1250
33 4.64088772328995e-09 1458
36 4.555486667596248e-09 1814
39 7.102793687595419e-09 2178
42 1.58418475757892e-08 2498
45 3.352202063202212e-08 2622
48 5.103680790289549e-08 3191
51 3.996048505521164e-08 3044
54 1.930354319198018e-08 2736
57 8.449422140911341e-09 2276
60 4.22994328045145e-09 2016
63 2.698369872200596e-09 1640
66 9.413445609913725e-10 1056
69 2.207284420277906e-10 683
72 4.769777562692621e-11 350
75 1.638270762235699e-11 192
78 3.396843203478291e-12 44
81 1.645024124536166e-12 25

3 3.404042337793954e-06 18
6 1.539139218565139e-06 62
9 3.10896840794333e-07 98
12 2.524325842786572e-07 210
15 1.519283610327531e-07 350
18 1.143033980298769e-07 450
21 1.337745563914786e-07 602
24 8.383269185283188e-08 762
27 7.041793811976886e-08 1142
30 4.089964157059994e-08 1250
33 3.349548200021599e-08 1458
36 3.416598367841068e-08 1814
39 3.864055765593376e-08 2178
42 5.182644714661359e-08 2498
45 1.013102293463418e-07 2622
48 1.79059302661854e-07 3191
51 2.153533009836379e-07 3044
54 1.933894554418689e-07 2736
57 1.254256608741498e-07 2276
60 7.388256868519184e-08 2016
63 4.256879204793581e-08 1640
66 1.571566916474101e-08 1056
69 6.112068485525903e-09 683
72 2.48086541182518e-09 350
75 1.200250098526356e-09 192
78 1.920987623210064e-10 44
81 8.615909066047043e-11 25

3 7.207248895958541e-06 18
6 2.802099409361223e-06 62
9 7.325910827773405e-07 98
12 8.29992285330395e-07 210
15 6.695236828939198e-07 350
18 5.312074172931451e-07 450
21 5.071691395106394e-07 602
24 4.019691339744078e-07 762
27 4.231728915293979e-07 1142
30 2.723491076464739e-07 1250
33 2.025203174716083e-07 1458
36 1.844910849571865e-07 1814
39 2.161795358182415e-07 2178
42 2.706243207621427e-07 2498
45 2.777234207481019e-07 2622
48 3.078600635752352e-07 3191
51 3.641179860879757e-07 3044
54 4.101891923524486e-07 2736
57 3.08954014514042e-07 2276
60 2.220582719897587e-07 2016
63 1.421141989532022e-07 1640
66 7.533359286999235e-08 1056
69 4.031791627723037e-08 683
72 2.214651033172142e-08 350
75 1.098140630761003e-08 192
78 3.570633310734879e-09 44
81 1.14102488850103e-09 25

3 9.666191849195994e-06 18
6 2.303186023132175e-06 62
9 5.173473595521191e-07 98
12 6.721378481896625e-07 210
15 8.265076416544542e-07 350
18 8.234088480093734e-07 450
21 8.687843372046676e-07 602
24 8.305890849234734e-07 762
27 1.074135011073823e-06 1142
30 7.9318651678285e-07 1250
33 6.814194608276618e-07 1458
36 6.042167933363973e-07 1814
39 5.849516531533459e-07 2178
42 6.817341961555921e-07 2498
45 8.179643561804889e-07 2622
48 8.331408374968957e-07 3191
51 6.594222211310354e-07 3044
54 6.077537663097015e-07 2736
57 4.443911494111808e-07 2276
60 3.207497309562448e-07 2016
63 2.205144721432539e-07 1640
66 1.370978049879651e-07 1056
69 8.541041410447049e-08 683
72 4.002197177756077e-08 350
75 2.136891203440509e-08 192
78 4.321295901913314e-09 44
81 2.112678786586899e-09 25

3 8.605142938281521e-06 18
6 1.530684365062676e-06 62
9 1.027557331904566e-06 98
12 1.475872341648697e-06 210
15 1.110165874397404e-06 350
18 8.388697010434148e-07 450
21 9.599587914586358e-07 602
24 9.567954629664811e-07 762
27 1.389333006196832e-06 1142
30 1.361827581974171e-06 1250
33 1.261886587382718e-06 1458
36 1.319657961925074e-06 1814
39 1.213583731902985e-06 2178
42 1.18735387484862e-06 2498
45 1.331988078172291e-06 2622
48 1.725463005155344e-06 3191
51 1.261977720682286e-06 3044
54 9.245087687292967e-07 2736
57 7.412440468452052e-07 2276
60 5.312828401727554e-07 2016
63 3.97905531643213e-07 1640
66 2.671636574098578e-07 1056
69 1.392945642123107e-07 683
72 4.811263704261777e-08 350
75 2.336430834637895e-08 192
78 5.868084954791068e-09 44
81 1.858976855437911e-09 25

3 5.130303558992975e-06 18
6 1.823372883529205e-06 62
9 1.666942840140011e-06 98
12 1.600518044281412e-06 210
15 1.310433487538941e-06 350
18 1.050553212197431e-06 450
21 1.188948488910503e-06 602
24 1.335020627300085e-06 762
27 1.858492454164894e-06 1142
30 1.880177116250168e-06 1250
33 1.828549994637939e-06 1458
36 2.106607368004079e-06 1814
39 1.995528426222214e-06 2178
42 1.902627831560348e-06 2498
45 1.894268115313656e-06 2622
48 2.277430961574025e-06 3191
51 2.067004133388077e-06 3044
54 1.564815462620638e-06 2736
57 1.126828116269627e-06 2276
60 8.765551439481433e-07 2016
63 7.076942141527299e-07 1640
66 5.14456106206778e-07 1056
69 2.323851038338727e-07 683
72 9.350135307941984e-08 350
75 4.341897771813361e-08 192
78 1.086141543729246e-08 44
81 6.363794484518947e-09 25

3 2.171441749330461e-06 18
6 3.89334052230968e-06 62
9 1.790983635938488e-06 98
12 1.567222937091489e-06 210
15 1.328813902154287e-06 350
18 1.28664572901546e-06 450
21 1.550371538331805e-06 602
24 1.685809838587837e-06 762
27 2.158588120820907e-06 1142
30 2.14295840092919e-06 1250
33 2.032034184920208e-06 1458
36 2.347789220206059e-06 1814
39 2.23143166385069e-06 2178
42 2.376135715149809e-06 2498
45 2.570972724028085e-06 2622
48 3.062286681620819e-06 3191
51 2.621266096735022e-06 3044
54 2.021219454975699e-06 2736
57 1.530793656922891e-06 2276
60 1.282043537045883e-06 2016
63 1.000725791997711e-06 1640
66 7.037243030063167e-07 1056
69 3.303505633775127e-07 683
72 1.539708882111491e-07 350
75 7.453464481498051e-08 192
78 1.22048192964674e-08 44
81 9.366197145293936e-09 25

3 2.994195854601733e-06 18
6 5.545401081481823e-06 62
9 1.261654642802898e-06 98
12 1.789574167005894e-06 210
15 1.702870037895132e-06 350
18 1.58180303041599e-06 450
21 1.678889025508584e-06 602
24 1.720253229766975e-06 762
27 2.310206873485585e-06 1142
30 2.230256908468008e-06 1250
33 2.222608948566954e-06 1458
36 2.584218982055809e-06 1814
39 2.570455014475658e-06 2178
42 2.88674721390711e-06 2498
45 2.967636166700935e-06 2622
48 3.762025983782072e-06 3191
51 3.215888928588572e-06 3044
54 2.519905395970033e-06 2736
57 1.79511285322887e-06 2276
60 1.587819879277641e-06 2016
63 1.216966416652494e-06 1640
66 8.975661045921757e-07 1056
69 4.680462360692523e-07 683
72 2.091655914628099e-07 350
75 1.01164997282422e-07 192
78 2.372023185365288e-08 44
81 1.272552861313095e-08 25

3 8.139600910434345e-06 18
6 6.033014521703388e-06 62
9 1.349042799954547e-06 98
12 1.96577923200371e-06 210
15 1.989730323892952e-06 350
18 1.787033635186921e-06 450
21 1.805410916545274e-06 602
24 1.904095809015132e-06 762
27 2.544646444843717e-06 1142
30 2.170909880950224e-06 1250
33 2.340796812987496e-06 1458
36 2.806796398382986e-06 1814
39 3.194970211676732e-06 2178
42 3.247878808908437e-06 2498
45 3.610691142269289e-06 2622
48 4.367335452288799e-06 3191
51 3.692032650520132e-06 3044
54 2.949026579338561e-06 2736
57 2.184725111889019e-06 2276
60 2.010714007960938e-06 2016
63 1.690091271494431e-06 1640
66 1.079364779834756e-06 1056
69 6.164975010804241e-07 683
72 2.612713712124099e-07 350
75 1.413410688674491e-07 192
78 4.032489503431948e-08 44
81 1.555156278533247e-08 25

3 1.546636564761992e-05 18
6 4.838751128176058e-06 62
9 1.995742008852245e-06 98
12 2.135450811864414e-06 210
15 2.200860414537382e-06 350
18 1.874329620369196e-06 450
21 2.174195020725256e-06 602
24 2.151884966915203e-06 762
27 2.678954603854378e-06 1142
30 2.457929340826433e-06 1250
33 2.7928399767933e-06 1458
36 3.300095179723655e-06 1814
39 3.618888192812503e-06 2178
42 3.76549449721543e-06 2498
45 4.484345688236515e-06 2622
48 5.234467647763097e-06 3191
51 4.627972063886429e-06 3044
54 3.546252844278611e-06 2736
57 2.673276469310051e-06 2276
60 2.309781984214422e-06 2016
63 1.903005629361164e-06 1640
66 1.336961637681883e-06 1056
69 7.11676126261333e-07 683
72 3.01743514231629e-07 350
75 1.570796244124438e-07 192
78 3.86265298274448e-08 44
81 1.74666233305261e-08 25

3 2.071920426391207e-05 18
6 3.378650219979613e-06 62
9 1.879926197169945e-06 98
12 2.441816158806845e-06 210
15 2.566465573999977e-06 350
18 2.00995352805682e-06 450
21 2.272897731966973e-06 602
24 2.470881991014057e-06 762
27 2.95191833405317e-06 1142
30 2.880296177666079e-06 1250
33 2.977920642940496e-06 1458
36 3.76479004801623e-06 1814
39 3.986242505342371e-06 2178
42 4.365858753556393e-06 2498
45 4.650436034015446e-06 2622
48 6.147201481688601e-06 3191
51 5.009310533016593e-06 3044
54 4.161992530136404e-06 2736
57 3.107117181672727e-06 2276
60 2.845181679919209e-06 2016
63 2.053210546627308e-06 1640
66 1.503760036414616e-06 1056
69 8.503940171425031e-07 683
72 3.666193917642076e-07 350
75 1.981852171223888e-07 192
78 3.310489810939582e-08 44
81 2.076105419278263e-08 25

3 2.24879764054034e-05 18
6 3.1198752675665e-06 62
9 1.658933959768722e-06 98
12 2.674861331272417e-06 210
15 2.386451857569722e-06 350
18 2.164884258980885e-06 450
21 2.397777019599149e-06 602
24 2.567646556362216e-06 762
27 3.125153631307211e-06 1142
30 2.943110521208294e-06 1250
33 3.109353106650643e-06 1458
36 3.812607887913279e-06 1814
39 3.997349203386994e-06 2178
42 4.650039123197446e-06 2498
45 5.210809091717676e-06 2622
48 6.309203762092389e-06 3191
51 5.742139072690183e-06 3044
54 4.443684178847648e-06 2736
57 3.394260307967181e-06 2276
60 3.173325588893901e-06 2016
63 2.48755069594152e-06 1640
66 1.706937733672682e-06 1056
69 1.042935209843757e-06 683
72 4.584228931487542e-07 350
75 2.631344088742722e-07 192
78 7.508846179140343e-08 44
81 3.386653598636784e-08 25

3 1.971223627167088e-05 18
6 3.466961201109231e-06 62
9 1.999394424790184e-06 98
12 2.449349897098324e-06 210
15 2.850957706956804e-06 350
18 2.175311260905015e-06 450
21 2.645677147447195e-06 602
24 2.538037974612624e-06 762
27 3.326850488721774e-06 1142
30 3.069984189527688e-06 1250
33 3.209726819352987e-06 1458
36 4.077807791490173e-06 1814
39 4.362321075489956e-06 2178
42 4.931183602008339e-06 2498
45 5.891567522977015e-06 2622
48 6.983085310008094e-06 3191
51 6.059879718449638e-06 3044
54 5.063860961010936e-06 2736
57 3.874081216824631e-06 2276
60 3.316056293388715e-06 2016
63 2.825473721290614e-06 1640
66 1.878795487217433e-06 1056
69 1.100857952167387e-06 683
72 5.517197434952105e-07 350
75 2.539610139709177e-07 192
78 4.923277336129808e-08 44
81 2.945974654773419e-08 25

3 1.540319138024456e-05 18
6 4.248980258674617e-06 62
9 2.381725007769258e-06 98
12 2.582004524036882e-06 210
15 2.682183990108461e-06 350
18 2.463275228668593e-06 450
21 2.49768148749701e-06 602
24 2.625077989393039e-06 762
27 3.323970140845703e-06 1142
30 3.164904021871095e-06 1250
33 3.229320643864146e-06 1458
36 4.01205653130536e-06 1814
39 4.636523146085947e-06 2178
42 4.944394024946137e-06 2498
45 6.026121773480622e-06 2622
48 7.030326590549691e-06 3191
51 6.504761413677513e-06 3044
54 5.528418230210703e-06 2736
57 4.433225913247592e-06 2276
60 3.80942317642333e-06 2016
63 3.034057675466958e-06 1640
66 2.018547827080451e-06 1056
69 1.23106968903785e-06 683
72 6.377965745333468e-07 350
75 3.073259305066265e-07 192
78 4.929661440805244e-08 44
81 3.605850801840551e-08 25

3 1.233568181082411e-05 18
6 4.346500909910435e-06 62
9 2.225906999655654e-06 98
12 3.146765812090977e-06 210
15 3.010115267140375e-06 350
18 2.597335774859076e-06 450
21 2.706916812557723e-06 602
24 2.891596720822388e-06 762
27 3.483966104931535e-06 1142
30 3.478464718145755e-06 1250
33 3.722360040888825e-06 1458
36 4.363669718469316e-06 1814
39 5.144407170968422e-06 2178
42 5.63689099925228e-06 2498
45 6.632029789085662e-06 2622
48 8.149687803182555e-06 3191
51 7.211244291594689e-06 3044
54 6.180564778765745e-06 2736
57 4.686710891753483e-06 2276
60 4.105530535145785e-06 2016
63 3.499721063065487e-06 1640
66 2.361804329226676e-06 1056
69 1.392283383417756e-06 683
72 7.408401602803807e-07 350
75 3.672935206658313e-07 192
78 8.455635216660159e-08 44
81 6.180697129694743e-08 25

3 1.174897566725956e-05 18
6 4.081734550422414e-06 62
9 2.109709743788664e-06 98
12 2.56767455047951e-06 210
15 3.088900692808444e-06 350
18 2.858966573118673e-06 450
21 2.858750237022913e-06 602
24 2.881875390919457e-06 762
27 3.808821776976222e-06 1142
30 3.412955165318436e-06 1250
33 3.83157261389096e-06 1458
36 4.509057592675404e-06 1814
39 5.308329453819335e-06 2178
42 5.827313909070449e-06 2498
45 7.021866016148276e-06 2622
48 8.825631227089296e-06 3191
51 7.580286462818377e-06 3044
54 6.367275328306132e-06 2736
57 5.029344101171491e-06 2276
60 4.593170388990027e-06 2016
63 3.780211815216095e-06 1640
66 2.778216850688331e-06 1056
69 1.44023702571444e-06 683
72 7.522124934375274e-07 350
75 3.905522881569484e-07 192
78 7.218601838218984e-08 44
81 4.723121907590143e-08 25

3 1.328700882599473e-05 18
6 4.143737996991576e-06 62
9 2.195834654885011e-06 98
12 2.984900565304947e-06 210
15 3.130440996867246e-06 350
18 2.692252859199329e-06 450
21 2.88042462350882e-06 602
24 2.95328235226498e-06 762
27 4.005222677727376e-06 1142
30 3.377665771684053e-06 1250
33 3.7861167005933e-06 1458
36 4.623018886857841e-06 1814
39 5.272535691129675e-06 2178
42 6.062303579937185e-06 2498
45 7.054209459826989e-06 2622
48 8.978120889462811e-06 3191
51 8.165107011723121e-06 3044
54 6.806632559474658e-06 2736
57 5.214128872000549e-06 2276
60 4.777569272428623e-06 2016
63 3.914295426741676e-06 1640
66 2.692692126824248e-06 1056
69 1.594564044859541e-06 683
72 6.724696462360054e-07 350
75 3.813603526503002e-07 192
78 1.088046073807143e-07 44
81 5.990035775772788e-08 25

3 1.491966854465582e-05 18
6 4.137659212487528e-06 62
9 2.427949907317607e-06 98
12 3.138931477081118e-06 210
15 3.312668777241374e-06 350
18 2.99872550470359e-06 450
21 2.95607569522034e-06 602
24 3.178655109012548e-06 762
27 3.810035500419005e-06 1142
30 3.650761675460934e-06 1250
33 3.77334229929274e-06 1458
36 4.904438463484202e-06 1814
39 5.622859700968064e-06 2178
42 6.433116101077401e-06 2498
45 7.5371613137007e-06 2622
48 9.24624596658927e-06 3191
51 8.935899141277414e-06 3044
54 7.210142291843248e-06 2736
57 5.787522506821781e-06 2276
60 5.159558274012236e-06 2016
63 4.208219902791018e-06 1640
66 2.799171883144861e-06 1056
69 1.737670066734975e-06 683
72 8.729465874571463e-07 350
75 4.954947129195491e-07 192
78 7.664298178546525e-08 44
81 6.169705676809115e-08 25

3 1.458840203051813e-05 18
6 4.450917625230165e-06 62
9 2.704343906817138e-06 98
12 2.908407975700737e-06 210
15 3.487446243596788e-06 350
18 2.928066242756923e-06 450
21 3.348216301771144e-06 602
24 3.021501056793416e-06 762
27 4.057291457105351e-06 1142
30 4.020957213710201e-06 1250
33 3.911604526064442e-06 1458
36 5.090094298249561e-06 1814
39 6.25261659887042e-06 2178
42 6.815371050001186e-06 2498
45 7.919869242884035e-06 2622
48 9.665751182468601e-06 3191
51 9.019357861008868e-06 3044
54 7.566751495054895e-06 2736
57 6.025486888875636e-06 2276
60 5.541284951398007e-06 2016
63 4.345917741184298e-06 1640
66 3.01235470876219e-06 1056
69 1.873888576018228e-06 683
72 8.595954949114973e-07 350
75 4.724920415939605e-07 192
78 1.117851721009079e-07 44
81 5.174146654050258e-08 25

3 1.180738584624971e-05 18
6 4.529897061484174e-06 62
9 2.586617122156311e-06 98
12 2.964391909551586e-06 210
15 3.584532281370681e-06 350
18 3.193245759631104e-06 450
21 3.010739201049997e-06 602
24 3.501196123613911e-06 762
27 4.528835321780912e-06 1142
30 4.100801966367425e-06 1250
33 4.348468393269924e-06 1458
36 5.341368403430078e-06 1814
39 6.493051917546297e-06 2178
42 7.264319017538842e-06 2498
45 8.54053309162499e-06 2622
48 1.034250588537932e-05 3191
51 9.655145598303747e-06 3044
54 7.960434231893835e-06 2736
57 6.548298967776312e-06 2276
60 5.836467875809163e-06 2016
63 4.971846189487257e-06 1640
66 3.295404291249753e-06 1056
69 2.093958370391299e-06 683
72 9.790149197932714e-07 350
75 5.468383663721951e-07 192
78 1.284282617308258e-07 44
81 7.187647810493063e-08 25

3 8.332547600577343e-06 18
6 4.449901494578461e-06 62
9 2.290359527022379e-06 98
12 3.446699271691192e-06 210
15 3.720148154223142e-06 350
18 3.075808048483051e-06 450
21 3.487351853580719e-06 602
24 3.385058952200714e-06 762
27 4.417134912932715e-06 1142
30 3.966399663280148e-06 1250
33 4.507842679721773e-06 1458
36 5.544674781797324e-06 1814
39 6.548787748374437e-06 2178
42 7.400876785206571e-06 2498
45 8.774546837243518e-06 2622
48 1.076982392443652e-05 3191
51 1.001578651528629e-05 3044
54 8.532360079221962e-06 2736
57 6.602889691885353e-06 2276
60 6.119436066629464e-06 2016
63 4.94298180718274e-06 1640
66 3.502540396655319e-06 1056
69 2.046435205502751e-06 683
72 9.972008794907007e-07 350
75 5.658469008919574e-07 192
78 1.380525165521985e-07 44
81 6.934159572874883e-08 25

3 5.569425270523017e-06 18
6 4.146344604742234e-06 62
9 2.528648885733789e-06 98
12 3.187422737743215e-06 210
15 3.694582562458008e-06 350
18 3.130933765494403e-06 450
21 3.241483299893953e-06 602
24 3.348272999575523e-06 762
27 4.32944810418332e-06 1142
30 4.227290157701574e-06 1250
33 4.55373441247142e-06 1458
36 5.83075846520709e-06 1814
39 6.541180717833253e-06 2178
42 7.712197945498087e-06 2498
45 9.017323907304241e-06 2622
48 1.118766594098212e-05 3191
51 1.031907483684398e-05 3044
54 8.704705016519848e-06 2736
57 6.911142307924616e-06 2276
60 6.164066279416318e-06 2016
63 5.173645310989162e-06 1640
66 3.711025664536262e-06 1056
69 2.293181324817333e-06 683
72 1.020975675531129e-06 350
75 6.572900526785228e-07 192
78 1.093143860932391e-07 44
81 7.973889978115573e-08 25

3 5.96088148521778e-06 18
6 4.019965349048937e-06 62
9 2.928850835537662e-06 98
12 3.272804540601968e-06 210
15 3.74759931492248e-06 350
18 3.189810881936986e-06 450
21 3.483579349869453e-06 602
24 3.602905664743285e-06 762
27 4.694659716237098e-06 1142
30 4.445226908110399e-06 1250
33 4.760751588704312e-06 1458
36 6.125936611105487e-06 1814
39 6.652632916988134e-06 2178
42 7.966834980841606e-06 2498
45 9.16239826486012e-06 2622
48 1.162069507533251e-05 3191
51 1.088609941211791e-05 3044
54 8.849412648625412e-06 2736
57 7.359734689090472e-06 2276
60 6.534238542356965e-06 2016
63 5.401839357302669e-06 1640
66 3.867385446511159e-06 1056
69 2.294909729001522e-06 683
72 1.085692536705328e-06 350
75 5.30665396275844e-07 192
78 1.660552495467386e-07 44
81 6.004947262637864e-08 25

3 9.692616456111038e-06 18
6 4.250617654496823e-06 62
9 2.893343588679569e-06 98
12 3.501758576142923e-06 210
15 4.102033718578813e-06 350
18 3.367151286912707e-06 450
21 3.455762257034167e-06 602
24 3.371404570177945e-06 762
27 4.791809902210126e-06 1142
30 4.434903419279182e-06 1250
33 4.81062312843519e-06 1458
36 6.249426821371198e-06 1814
39 7.104408771765165e-06 2178
42 8.268188099168383e-06 2498
45 9.544279831072541e-06 2622
48 1.182489261217791e-05 3191
51 1.141108115917291e-05 3044
54 9.361417625745928e-06 2736
57 7.534400598234001e-06 2276
60 7.101599842487722e-06 2016
63 5.959882932333599e-06 1640
66 3.866162005232299e-06 1056
69 2.417631508388095e-06 683
72 1.174409803260577e-06 350
75 5.562872700489439e-07 192
78 1.324521260451824e-07 44
81 6.927516475238047e-08 25

3 1.520240971013532e-05 18
6 4.676900928799198e-06 62
9 2.425962414968498e-06 98
12 3.483539004569482e-06 210
15 3.648274308287455e-06 350
18 3.42473301260619e-06 450
21 3.431308648673012e-06 602
24 3.878503499011362e-06 762
27 4.696746941523074e-06 1142
30 4.376669351804748e-06 1250
33 4.909339788055585e-06 1458
36 6.037178691132336e-06 1814
39 7.140919009914759e-06 2178
42 8.823151382984949e-06 2498
45 9.72741505395954e-06 2622
48 1.230484697588247e-05 3191
51 1.174739822063686e-05 3044
54 9.82189880774746e-06 2736
57 7.764676253170729e-06 2276
60 6.989028979896952e-06 2016
63 5.915187960603524e-06 1640
66 4.356942562227475e-06 1056
69 2.481563629540007e-06 683
72 1.180184230539035e-06 350
75 6.776736617039524e-07 192
78 1.65440062647059e-07 44
81 5.795792200711534e-08 25

3 2.054623047113604e-05 18
6 4.79788207688659e-06 62
9 2.539393994281944e-06 98
12 3.159816787138566e-06 210
15 4.023520412944571e-06 350
18 3.523289789867946e-06 450
21 3.71307192724453e-06 602
24 3.666485821231361e-06 762
27 4.807139610267508e-06 1142
30 4.554885392409172e-06 1250
33 4.962840071773171e-06 1458
36 6.001018083296807e-06 1814
39 7.178884959309304e-06 2178
42 8.848863005837305e-06 2498
45 1.010146302560242e-05 2622
48 1.250695267682327e-05 3191
51 1.197448694131779e-05 3044
54 1.013453983585002e-05 2736
57 7.916478243724458e-06 2276
60 7.289701193384577e-06 2016
63 5.898564534964039e-06 1640
66 3.980098150320811e-06 1056
69 2.513975800998223e-06 683
72 1.219036225147016e-06 350
75 6.262370968963083e-07 192
78 1.345172320879957e-07 44
81 7.188881297243839e-08 25

3 2.356939991339202e-05 18
6 4.361987831282047e-06 62
9 3.020277713760838e-06 98
12 3.527345859731191e-06 210
15 4.020172107493208e-06 350
18 3.392154689537634e-06 450
21 3.435642860855328e-06 602
24 3.677404103238528e-06 762
27 4.841908673781178e-06 1142
30 4.616737359488552e-06 1250
33 5.011344621387483e-06 1458
36 6.143317159354428e-06 1814
39 7.138325744141599e-06 2178
42 8.806239368247998e-06 2498
45 1.038741840492579e-05 2622
48 1.280201121426052e-05 3191
51 1.18911508909677e-05 3044
54 1.019287809107606e-05 2736
57 8.053950414379551e-06 2276
60 7.258317070390639e-06 2016
63 6.171790925827278e-06 1640
66 4.09623008901676e-06 1056
69 2.391058042417189e-06 683
72 1.258708496558564e-06 350
75 6.836863226833236e-07 192
78 1.545885178835252e-07 44
81 6.641709187384775e-08 25

3 2.250902121297227e-05 18
6 4.043404580957014e-06 62
9 3.087405623896809e-06 98
12 3.729438339255676e-06 210
15 3.755575294919744e-06 350
18 3.444011857148904e-06 450
21 3.656412118962395e-06 602
24 3.988811716413629e-06 762
27 4.792488173462192e-06 1142
30 4.55039978940802e-06 1250
33 5.091802908073227e-06 1458
36 6.526353447372726e-06 1814
39 7.465475590734911e-06 2178
42 9.151287448747369e-06 2498
45 1.064790931028092e-05 2622
48 1.352350261677356e-05 3191
51 1.215259130561176e-05 3044
54 1.067284400796217e-05 2736
57 8.43546955332803e-06 2276
60 7.649918237332313e-06 2016
63 6.676428538121172e-06 1640
66 4.411304301883442e-06 1056
69 2.65195537097226e-06 683
72 1.217156143350624e-06 350
75 7.521307058531717e-07 192
78 1.628653255177735e-07 44
81 7.681486911608432e-08 25

3 1.731494101823344e-05 18
6 3.89865766814358e-06 62
9 2.687506731139015e-06 98
12 3.366178162604965e-06 210
15 4.286267139955317e-06 350
18 3.626731243080507e-06 450
21 3.764253199567861e-06 602
24 3.735888442925224e-06 762
27 5.028414376477903e-06 1142
30 4.778205420803395e-06 1250
33 5.290247064494319e-06 1458
36 6.629405628986042e-06 1814
39 7.713965402848087e-06 2178
42 9.226774330930021e-06 2498
45 1.095881208388456e-05 2622
48 1.374198608410707e-05 3191
51 1.240695746147885e-05 3044
54 1.09621735703798e-05 2736
57 8.839242575316235e-06 2276
60 8.191992425058892e-06 2016
63 6.840755107216988e-06 1640
66 4.723986092005545e-06 1056
69 2.898867425722606e-06 683
72 1.30149511241675e-06 350
75 6.828101108633022e-07 192
78 1.710718390179252e-07 44
81 1.06838270907824e-07 25

3 1.072933905326905e-05 18
6 4.27110854338125e-06 62
9 2.486751834051037e-06 98
12 3.441781828755336e-06 210
15 3.909841126479295e-06 350
18 3.338304922774577e-06 450
21 3.812063092518388e-06 602
24 4.233371294207417e-06 762
27 5.069097469523798e-06 1142
30 5.002110042403898e-06 1250
33 5.337369379537868e-06 1458
36 6.821749279686269e-06 1814
39 7.890702373245903e-06 2178
42 9.365381719142028e-06 2498
45 1.124644212069824e-05 2622
48 1.394404587661637e-05 3191
51 1.282350056754363e-05 3044
54 1.146420156316872e-05 2736
57 9.309980510090296e-06 2276
60 8.345372394689035e-06 2016
63 6.677363195475515e-06 1640
66 4.696890443944633e-06 1056
69 2.770056156676124e-06 683
72 1.395501605642661e-06 350
75 7.736451213654163e-07 192
78 2.301314912613747e-07 44
81 7.025866670847771e-08 25

3 4.986338286418744e-06 18
6 4.879839403380752e-06 62
9 2.817899983691611e-06 98
12 3.832566262212284e-06 210
15 4.091023316223107e-06 350
18 3.867443975837568e-06 450
21 3.811531514570122e-06 602
24 4.09008664259267e-06 762
27 5.08498347994463e-06 1142
30 4.823747013268753e-06 1250
33 5.25290788175788e-06 1458
36 7.05439494630956e-06 1814
39 7.925283669060114e-06 2178
42 9.740130891511917e-06 2498
45 1.109687519773388e-05 2622
48 1.409161602742582e-05 3191
51 1.28020282545506e-05 3044
54 1.160665518650902e-05 2736
57 9.704599322255546e-06 2276
60 8.294935448428519e-06 2016
63 6.762787045532694e-06 1640
66 4.842399658077116e-06 1056
69 2.990958876829287e-06 683
72 1.45390035319735e-06 350
75 8.082159603354386e-07 192
78 1.991070128517596e-07 44
81 8.012475909556849e-08 25

3 1.779532421499654e-06 18
6 5.059017577912859e-06 62
9 3.043751536177302e-06 98
12 3.470222779129815e-06 210
15 4.22980530950078e-06 350
18 3.241433381961481e-06 450
21 3.84205608878053e-06 602
24 3.863277987457691e-06 762
27 5.303499893135102e-06 1142
30 4.852313602361363e-06 1250
33 5.181702667127534e-06 1458
36 6.759825876516187e-06 1814
39 8.04357779895488e-06 2178
42 9.999859775141643e-06 2498
45 1.122068382331265e-05 2622
48 1.417373504806332e-05 3191
51 1.292013714726027e-05 3044
54 1.144252128354185e-05 2736
57 9.393621114290381e-06 2276
60 8.598522295604505e-06 2016
63 7.20150832416855e-06 1640
66 4.969746486867392e-06 1056
69 2.903835686605917e-06 683
72 1.405047708049755e-06 350
75 7.526077931442006e-07 192
78 1.861466554259668e-07 44
81 8.793501896739637e-08 25

3 2.46783659158711e-06 18
6 5.004916649874303e-06 62
9 2.96534471462262e-06 98
12 3.561971120372473e-06 210
15 3.922000896071048e-06 350
18 3.908587021130421e-06 450
21 3.756852877540811e-06 602
24 4.362751056716261e-06 762
27 4.996045734713152e-06 1142
30 4.963221544974611e-06 1250
33 5.385287262299431e-06 1458
36 6.653449110602274e-06 1814
39 8.184644221809513e-06 2178
42 1.015439695650777e-05 2498
45 1.147233333013172e-05 2622
48 1.458269994450276e-05 3191
51 1.346737220114411e-05 3044
54 1.129534057729497e-05 2736
57 9.483581793084865e-06 2276
60 8.936401918197202e-06 2016
63 7.419775530579265e-06 1640
66 4.907744290769247e-06 1056
69 3.065014654021287e-06 683
72 1.601374617194072e-06 350
75 8.487009866083024e-07 192
78 2.240782168617871e-07 44
81 6.058933096240971e-08 25

3 6.608427907996656e-06 18
6 4.622760174706846e-06 62
9 2.653664359889638e-06 98
12 3.807632555150279e-06 210
15 4.10287291944907e-06 350
18 3.392329452098825e-06 450
21 3.817341881665878e-06 602
24 4.001559910197159e-06 762
27 5.208479729335068e-06 1142
30 5.275181661991053e-06 1250
33 5.548727205965413e-06 1458
36 7.000498492153365e-06 1814
39 8.298196833545247e-06 2178
42 1.021908928916311e-05 2498
45 1.145032335986588e-05 2622
48 1.526731545396696e-05 3191
51 1.346771289064694e-05 3044
54 1.169309654996491e-05 2736
57 9.707656402326183e-06 2276
60 9.279194667020127e-06 2016
63 7.242389197709653e-06 1640
66 5.100045183970103e-06 1056
69 3.167846141008763e-06 683
72 1.604779364014105e-06 350
75 8.648225457131062e-07 192
78 2.161899899667306e-07 44
81 1.001925419397036e-07 25

3 1.237788264902517e-05 18
6 4.035552547779007e-06 62
9 2.89544879606697e-06 98
12 3.506557991351004e-06 210
15 4.138433056688284e-06 350
18 3.73181726246345e-06 450
21 3.896682423760426e-06 602
24 4.341467864565462e-06 762
27 5.396945884791949e-06 1142
30 5.235906973745768e-06 1250
33 5.63527706835362e-06 1458
36 7.377390353957001e-06 1814
39 8.762782413931255e-06 2178
42 1.01422620612673e-05 2498
45 1.161219880914776e-05 2622
48 1.547216226613634e-05 3191
51 1.37890194720025e-05 3044
54 1.205557593659441e-05 2736
57 9.933015123463733e-06 2276
60 9.328272337805779e-06 2016
63 7.613971079351196e-06 1640
66 5.304862940384821e-06 1056
69 3.221719944967569e-06 683
72 1.651686269450458e-06 350
75 7.951886784523314e-07 192
78 1.755482943698087e-07 44
81 8.96693117279102e-08 25

3 1.772634189134786e-05 18
6 3.88370970087497e-06 62
9 3.186626012739815e-06 98
12 3.47515124746145e-06 210
15 4.044873752058957e-06 350
18 3.807243603700095e-06 450
21 3.865982003771258e-06 602
24 4.103353547754216e-06 762
27 5.445096235270163e-06 1142
30 5.206986789931665e-06 1250
33 5.562846137143804e-06 1458
36 7.364896032227831e-06 1814
39 8.847157488690322e-06 2178
42 1.01822933901787e-05 2498
45 1.141546100530032e-05 2622
48 1.538586320407276e-05 3191
51 1.421090927759076e-05 3044
54 1.204359165992085e-05 2736
57 1.018099942421324e-05 2276
60 9.1937523632396e-06 2016
63 7.839971717417886e-06 1640
66 5.445722504258344e-06 1056
69 3.193891464953065e-06 683
72 1.501096120062005e-06 350
75 8.719262865905825e-07 192
78 1.943701121885456e-07 44
81 8.333864898922902e-08 25

3 2.116203857186862e-05 18
6 4.198612334362362e-06 62
9 3.102990371193448e-06 98
12 3.849636045991793e-06 210
15 4.128468277209608e-06 350
18 3.575693799586467e-06 450
21 3.83217828497667e-06 602
24 4.33101138324856e-06 762
27 5.363440333745273e-06 1142
30 5.204350599104944e-06 1250
33 5.803647490092675e-06 1458
36 7.039038729363402e-06 1814
39 8.517691416468092e-06 2178
42 1.024186564111152e-05 2498
45 1.127699837862662e-05 2622
48 1.513214943074315e-05 3191
51 1.412365190099843e-05 3044
54 1.219903860525619e-05 2736
57 1.010944456414513e-05 2276
60 9.417494231413654e-06 2016
63 7.510701118974184e-06 1640
66 5.315431001884107e-06 1056
69 3.254103695140169e-06 683
72 1.596071059531671e-06 350
75 8.449593586489836e-07 192
78 1.897905779748008e-07 44
81 9.185362644318592e-08 25

3 2.18165054187175e-05 18
6 4.714365922429525e-06 62
9 2.932687233703237e-06 98
12 3.61747592214164e-06 210
15 4.31648014287066e-06 350
18 3.916868872256141e-06 450
21 3.978058395581667e-06 602
24 4.219371985683814e-06 762
27 5.469545060435014e-06 1142
30 5.525969567886121e-06 1250
33 5.520042281371083e-06 1458
36 7.123468493886614e-06 1814
39 8.592299452679186e-06 2178
42 1.071679791414208e-05 2498
45 1.171599948366056e-05 2622
48 1.504822656483691e-05 3191
51 1.45878319680617e-05 3044
54 1.254942199052917e-05 2736
57 1.03462321157391e-05 2276
60 9.432916862300509e-06 2016
63 7.649010108514221e-06 1640
66 5.378207578150975e-06 1056
69 3.332793175261815e-06 683
72 1.753425056929646e-06 350
75 7.536602147413401e-07 192
78 2.11483165381218e-07 44
81 1.034802219894147e-07 25

3 1.955062071300636e-05 18
6 5.314953436569003e-06 62
9 2.850831796498018e-06 98
12 3.554205246702017e-06 210
15 4.347534251701544e-06 350
18 3.837960848900049e-06 450
21 3.98790922913534e-06 602
24 4.29244178093149e-06 762
27 5.395806996557038e-06 1142
30 5.317660717279682e-06 1250
33 5.581870652353554e-06 1458
36 7.574095870034057e-06 1814
39 8.94363821135843e-06 2178
42 1.102193681200206e-05 2498
45 1.249635659153927e-05 2622
48 1.575908069449073e-05 3191
51 1.519203478532606e-05 3044
54 1.276638792546811e-05 2736
57 1.068175187925229e-05 2276
60 1.027662056275889e-05 2016
63 8.180761272662343e-06 1640
66 5.652748313125866e-06 1056
69 3.405358998917063e-06 683
72 1.80253081630504e-06 350
75 8.699229120020549e-07 192
78 1.984640252886878e-07 44
81 6.374081156785003e-08 25

3 1.556258402335843e-05 18
6 5.508433823863161e-06 62
9 3.031525731246366e-06 98
12 3.854598168831335e-06 210
15 4.047937258163944e-06 350
18 4.004516241674702e-06 450
21 4.024359538816428e-06 602
24 4.303237226558497e-06 762
27 5.831822487574909e-06 1142
30 5.557961826976145e-06 1250
33 5.89357171537624e-06 1458
36 7.39405873861546e-06 1814
39 9.094123187948801e-06 2178
42 1.104347593272674e-05 2498
45 1.285696522461146e-05 2622
48 1.608633419990068e-05 3191
51 1.519906699992793e-05 3044
54 1.327193633670103e-05 2736
57 1.108616805929169e-05 2276
60 1.039629278494242e-05 2016
63 8.43958815605343e-06 1640
66 5.71035466029698e-06 1056
69 3.354412824604488e-06 683
72 1.632721919808265e-06 350
75 9.725090888274338e-07 192
78 2.650993347455082e-07 44
81 9.555767295775392e-08 25

3 1.176143392561773e-05 18
6 5.081159771786221e-06 62
9 3.219585726426897e-06 98
12 3.864096392701401e-06 210
15 4.368806525520223e-06 350
18 3.74689035654301e-06 450
21 3.90729504123122e-06 602
24 4.349034223602422e-06 762
27 5.489130320429501e-06 1142
30 5.520177727235074e-06 1250
33 6.016266739757193e-06 1458
36 7.260871189967926e-06 1814
39 9.01787731278125e-06 2178
42 1.068121754174676e-05 2498
45 1.25368312501343e-05 2622
48 1.575623223608497e-05 3191
51 1.50115861784309e-05 3044
54 1.317622384071176e-05 2736
57 1.108497560045794e-05 2276
60 9.905801593259859e-06 2016
63 8.133990334695228e-06 1640
66 5.54568558051119e-06 1056
69 3.428456659528941e-06 683
72 1.659546454394805e-06 350
75 1.022747311223388e-06 192
78 2.323894614968751e-07 44
81 1.254993937706731e-07 25

3 9.258833938983062e-06 18
6 4.277968255412182e-06 62
9 3.15409342606866e-06 98
12 3.506468465664926e-06 210
15 4.304373044166094e-06 350
18 4.026466468038749e-06 450
21 4.073968003907561e-06 602
24 4.38831093315147e-06 762
27 5.50400907750343e-06 1142
30 5.249508981473266e-06 1250
33 5.720650756313467e-06 1458
36 7.606126585328069e-06 1814
39 9.220293903891658e-06 2178
42 1.068119296116218e-05 2498
45 1.226919889160865e-05 2622
48 1.553955793095998e-05 3191
51 1.500928289836354e-05 3044
54 1.298780661077847e-05 2736
57 1.099388839355328e-05 2276
60 9.954445875349835e-06 2016
63 7.942137541802749e-06 1640
66 5.524982110474453e-06 1056
69 3.75779949745756e-06 683
72 1.719221709761528e-06 350
75 9.004585195251807e-07 192
78 2.168976712688618e-07 44
81 1.153633981601267e-07 25

3 8.537692218019204e-06 18
6 3.699807743099172e-06 62
9 2.989461255573745e-06 98
12 3.815727366014195e-06 210
15 3.979464359049559e-06 350
18 3.77919741247639e-06 450
21 3.8488767090518e-06 602
24 4.356394634610852e-06 762
27 5.61304027027791e-06 1142
30 5.573914091415175e-06 1250
33 5.942248202480342e-06 1458
36 7.828810747739001e-06 1814
39 9.143228269992386e-06 2178
42 1.105819432308771e-05 2498
45 1.23719695923854e-05 2622
48 1.53642580301563e-05 3191
51 1.512435790990633e-05 3044
54 1.306150060106098e-05 2736
57 1.124009016205775e-05 2276
60 1.020632066963258e-05 2016
63 8.133604326568835e-06 1640
66 5.833298742794817e-06 1056
69 3.938400445032685e-06 683
72 1.890935567608658e-06 350
75 9.210866096838157e-07 192
78 1.933303799575027e-07 44
81 6.031347559208986e-08 25

3 9.478433506749803e-06 18
6 3.711909691863532e-06 62
9 2.910872046090192e-06 98
12 4.177101564486519e-06 210
15 4.473691077797106e-06 350
18 4.054250213120323e-06 450
21 4.280039445876106e-06 602
24 4.382913505881095e-06 762
27 5.5626604615242e-06 1142
30 5.603106633047917e-06 1250
33 6.126640282584722e-06 1458
36 7.728316822187513e-06 1814
39 9.251650683286586e-06 2178
42 1.125655959491651e-05 2498
45 1.266770486947743e-05 2622
48 1.653402190083264e-05 3191
51 1.567055051494607e-05 3044
54 1.319418519744775e-05 2736
57 1.140272700336905e-05 2276
60 1.034561275681267e-05 2016
63 8.238415049433725e-06 1640
66 5.773749514435394e-06 1056
69 3.614309646203822e-06 683
72 1.96506013929467e-06 350
75 1.001908256748317e-06 192
78 2.353263983180774e-07 44
81 8.408826891553096e-08 25

3 1.133726272209044e-05 18
6 4.470923544055396e-06 62
9 2.910532636407271e-06 98
12 3.765030753264251e-06 210
15 4.316896711101661e-06 350
18 3.983383424066224e-06 450
21 3.819289019674114e-06 602
24 4.378134813783903e-06 762
27 5.799744346121469e-06 1142
30 5.606945120219558e-06 1250
33 6.002264848968865e-06 1458
36 7.647720446362314e-06 1814
39 9.44091240115154e-06 2178
42 1.125057867304338e-05 2498
45 1.294156084947567e-05 2622
48 1.737613629338147e-05 3191
51 1.612709986298652e-05 3044
54 1.3605845770174e-05 2736
57 1.157936858713654e-05 2276
60 1.058880415570008e-05 2016
63 8.556450461446014e-06 1640
66 5.699356052519946e-06 1056
69 3.511508933587397e-06 683
72 1.848116057218398e-06 350
75 1.015266221463144e-06 192
78 2.131242454314687e-07 44
81 1.382315775680088e-07 25

3 1.303591510586151e-05 18
6 5.590630783375214e-06 62
9 3.098479920301665e-06 98
12 3.635585943285732e-06 210
15 3.981476094491017e-06 350
18 4.035610751337275e-06 450
21 4.490922571685158e-06 602
24 4.454174308749873e-06 762
27 5.938157886776606e-06 1142
30 5.859925093659731e-06 1250
33 6.065178925166759e-06 1458
36 8.004269073143972e-06 1814
39 9.721708458608785e-06 2178
42 1.116999702025738e-05 2498
45 1.29793823361478e-05 2622
48 1.704494091811783e-05 3191
51 1.613858711261249e-05 3044
54 1.36842213550021e-05 2736
57 1.170972592369071e-05 2276
60 1.060477702772405e-05 2016
63 8.915059593099837e-06 1640
66 5.922762395446781e-06 1056
69 3.76159797918827e-06 683
72 2.041623534429633e-06 350
75 9.654087186996752e-07 192
78 1.955685238742837e-07 44
81 1.084908761304715e-07 25

3 1.382751002822328e-05 18
6 6.170848744705538e-06 62
9 3.176117427494982e-06 98
12 3.98512744337788e-06 210
15 4.353928710190191e-06 350
18 4.009251952716895e-06 450
21 3.919925230504115e-06 602
24 4.476356630316523e-06 762
27 5.646379456374787e-06 1142
30 5.756271216734541e-06 1250
33 6.234417631769575e-06 1458
36 7.911747801168986e-06 1814
39 9.474082817922812e-06 2178
42 1.117242189748749e-05 2498
45 1.282129075316437e-05 2622
48 1.650042037884237e-05 3191
51 1.526059438197952e-05 3044
54 1.362068600315348e-05 2736
57 1.18798781454299e-05 2276
60 1.063782265211449e-05 2016
63 8.851009287888215e-06 1640
66 6.001957336385058e-06 1056
69 3.884234796805421e-06 683
72 1.837001703144499e-06 350
75 1.040043709171268e-06 192
78 2.04789472426646e-07 44
81 1.016125607248704e-07 25

3 1.35623065499307e-05 18
6 5.731543196095749e-06 62
9 2.96199111127144e-06 98
12 4.159934739412948e-06 210
15 4.267196156081975e-06 350
18 3.968150788754791e-06 450
21 4.270784009753324e-06 602
24 4.430125319849019e-06 762
27 5.939215520666107e-06 1142
30 5.54837482952293e-06 1250
33 6.218529153525148e-06 1458
36 7.828454448866629e-06 1814
39 9.529946581716971e-06 2178
42 1.168655552884393e-05 2498
45 1.307561846308312e-05 2622
48 1.634969721643614e-05 3191
51 1.54801930569154e-05 3044
54 1.380316427413769e-05 2736
57 1.184404631337821e-05 2276
60 1.074829723502151e-05 2016
63 8.932845956773492e-06 1640
66 6.028432426438302e-06 1056
69 4.015274119808541e-06 683
72 1.82515018160588e-06 350
75 1.033584968593427e-06 192
78 2.315352601301164e-07 44
81 8.59732350242027e-08 25

3 1.223463177385339e-05 18
6 4.583861592376833e-06 62
9 2.758632025674294e-06 98
12 3.756133972056703e-06 210
15 4.039322051391705e-06 350
18 4.38224809231359e-06 450
21 4.287754349253904e-06 602
24 4.497798322079475e-06 762
27 5.674226330795354e-06 1142
30 5.905935867651473e-06 1250
33 6.15072376647282e-06 1458
36 7.871792560009885e-06 1814
39 9.899296218312618e-06 2178
42 1.19173716275724e-05 2498
45 1.33654023374272e-05 2622
48 1.635420728314074e-05 3191
51 1.62466651556794e-05 3044
54 1.420043613546983e-05 2736
57 1.197320500314262e-05 2276
60 1.113637502383445e-05 2016
63 9.220935190615006e-06 1640
66 6.240142299645097e-06 1056
69 4.038177394219065e-06 683
72 1.912967080030534e-06 350
75 1.005903630353362e-06 192
78 3.058690778822701e-07 44
81 1.199556597088679e-07 25

3 1.076917418278136e-05 18
6 3.345111969609561e-06 62
9 2.857846536865058e-06 98
12 3.644273300231678e-06 210
15 4.293603650621527e-06 350
18 3.763252220619378e-06 450
21 4.135592895921619e-06 602
24 4.510784111703026e-06 762
27 5.958141265675048e-06 1142
30 5.811509488053012e-06 1250
33 6.446826173142775e-06 1458
36 8.106690119635622e-06 1814
39 9.917632770622882e-06 2178
42 1.189777643413114e-05 2498
45 1.339990357893403e-05 2622
48 1.659446866347989e-05 3191
51 1.648029653677644e-05 3044
54 1.436632936358339e-05 2736
57 1.233264646990394e-05 2276
60 1.151469679543986e-05 2016
63 9.520829630369363e-06 1640
66 6.254787948383475e-06 1056
69 3.933449496195956e-06 683
72 1.899244373902279e-06 350
75 1.008687731437429e-06 192
78 2.778787402971266e-07 44
81 1.248933167249431e-07 25

3 1.000245740110051e-05 18
6 3.074798270629937e-06 62
9 3.070392853937408e-06 98
12 3.891219320174529e-06 210
15 4.478864134858146e-06 350
18 4.177555270861408e-06 450
21 4.387887787399332e-06 602
24 4.496187472685799e-06 762
27 5.681762380620877e-06 1142
30 5.752262303808022e-06 1250
33 6.234787906238949e-06 1458
36 8.338294767157559e-06 1814
39 9.933661367537048e-06 2178
42 1.202532237297218e-05 2498
45 1.359266478959807e-05 2622
48 1.694503982171201e-05 3191
51 1.619624516318929e-05 3044
54 1.454833478144713e-05 2736
57 1.23790773167327e-05 2276
60 1.152000586819585e-05 2016
63 9.466176137966597e-06 1640
66 6.201354620749853e-06 1056
69 3.970010198143875e-06 683
72 2.005348524041926e-06 350
75 1.032561237885795e-06 192
78 2.370724321667877e-07 44
81 1.410946839501619e-07 25

3 1.029550298798948e-05 18
6 3.956279076533624e-06 62
9 3.0838554574083e-06 98
12 4.051198411868524e-06 210
15 4.194467843757957e-06 350
18 4.116176674785182e-06 450
21 4.094110370020499e-06 602
24 4.461506034592367e-06 762
27 5.90570547779763e-06 1142
30 5.928921508681345e-06 1250
33 6.159892494553496e-06 1458
36 7.855596256104981e-06 1814
39 9.952850368717505e-06 2178
42 1.192336701930186e-05 2498
45 1.376362676345567e-05 2622
48 1.704975528252064e-05 3191
51 1.620479203689481e-05 3044
54 1.447625403675868e-05 2736
57 1.242877833898955e-05 2276
60 1.139284411363871e-05 2016
63 9.302886500496853e-06 1640
66 6.17781733221183e-06 1056
69 3.864490937665978e-06 683
72 1.925977090657706e-06 350
75 1.114940648786273e-06 192
78 2.115324524017223e-07 44
81 1.154504993510326e-07 25

3 1.20547377554857e-05 18
6 5.31642778318092e-06 62
9 2.968733083728914e-06 98
12 3.825047714672579e-06 210
15 4.124967861939412e-06 350
18 3.808977130863535e-06 450
21 4.481889148690192e-06 602
24 4.552746551799937e-06 762
27 5.924400523951807e-06 1142
30 5.737973169390114e-06 1250
33 6.52772592814446e-06 1458
36 8.145379929171068e-06 1814
39 9.833142713446789e-06 2178
42 1.202952530541493e-05 2498
45 1.339152133567224e-05 2622
48 1.713513604182544e-05 3191
51 1.643667667439807e-05 3044
54 1.424233007729475e-05 2736
57 1.196210256979498e-05 2276
60 1.120713551750714e-05 2016
63 9.409737573509648e-06 1640
66 5.997119767776988e-06 1056
69 3.979038123876658e-06 683
72 1.992709708337123e-06 350
75 1.083605915183666e-06 192
78 2.188141475881672e-07 44
81 9.555436543385746e-08 25

3 1.497447801328848e-05 18
6 6.263527494593614e-06 62
9 2.793299019393999e-06 98
12 3.748178380148135e-06 210
15 4.29688046819138e-06 350
18 4.516233178146262e-06 450
21 4.200368515776929e-06 602
24 4.520632223513282e-06 762
27 5.850612912095042e-06 1142
30 5.887308908156849e-06 1250
33 6.394865120978926e-06 1458
36 8.347224547610672e-06 1814
39 9.685672870084181e-06 2178
42 1.194357672758671e-05 2498
45 1.320943714050498e-05 2622
48 1.729659633626363e-05 3191
51 1.684218001462216e-05 3044
54 1.423560460778932e-05 2736
57 1.177135397714291e-05 2276
60 1.122967097079561e-05 2016
63 9.321666731540646e-06 1640
66 5.998995608038106e-06 1056
69 4.079198713693588e-06 683
72 2.036104093441979e-06 350
75 1.070265992488367e-06 192
78 2.14493630058937e-07 44
81 1.216649614612043e-07 25

3 1.802450625089679e-05 18
6 6.036936148322973e-06 62
9 2.932475189591626e-06 98
12 3.800517442270514e-06 210
15 4.471436350977173e-06 350
18 3.940697507301687e-06 450
21 4.362910354535605e-06 602
24 4.582862780502033e-06 762
27 6.138789501744188e-06 1142
30 5.897559634607917e-06 1250
33 6.256557411846147e-06 1458
36 7.916037093020255e-06 1814
39 1.039150009919262e-05 2178
42 1.201127764408295e-05 2498
45 1.400230781438144e-05 2622
48 1.779613910250347e-05 3191
51 1.699963542317788e-05 3044
54 1.438244277921386e-05 2736
57 1.189798641671337e-05 2276
60 1.132621653985822e-05 2016
63 9.305592522948346e-06 1640
66 6.263809357810029e-06 1056
69 4.161086324989675e-06 683
72 2.217583100894673e-06 350
75 1.078112358363563e-06 192
78 2.056903223586762e-07 44
81 1.036017339203244e-07 25

3 2.024282725315825e-05 18
6 4.965714345153364e-06 62
9 3.107837296706688e-06 98
12 3.787759753159763e-06 210
15 4.109464269921017e-06 350
18 4.10576825951156e-06 450
21 4.349448958528581e-06 602
24 4.634094701382349e-06 762
27 5.842964309600999e-06 1142
30 5.945448157557735e-06 1250
33 6.577481551131751e-06 1458
36 8.380661374377703e-06 1814
39 1.024743109607063e-05 2178
42 1.210209855413714e-05 2498
45 1.38361257014736e-05 2622
48 1.815620421444329e-05 3191
51 1.717278538715341e-05 3044
54 1.490762222414426e-05 2736
57 1.211239856478718e-05 2276
60 1.143904971440995e-05 2016
63 9.528229859802427e-06 1640
66 6.276654128652791e-06 1056
69 4.122950449990702e-06 683
72 2.327460615063481e-06 350
75 1.147642332020592e-06 192
78 2.581090498136898e-07 44
81 1.057986865668453e-07 25

3 2.082288261839437e-05 18
6 3.703038227348615e-06 62
9 3.022419215538716e-06 98
12 4.026932348238602e-06 210
15 4.112856479585414e-06 350
18 4.408683216501111e-06 450
21 4.285453709868717e-06 602
24 4.56025801665649e-06 762
27 6.218180922716966e-06 1142
30 5.929509645047769e-06 1250
33 6.368228037198915e-06 1458
36 8.39205582700027e-06 1814
39 9.793992586794352e-06 2178
42 1.24065935356581e-05 2498
45 1.358471480596085e-05 2622
48 1.815632283069109e-05 3191
51 1.733926090894048e-05 3044
54 1.495899883376463e-05 2736
57 1.261542936108334e-05 2276
60 1.14867541643434e-05 2016
63 9.713507059709701e-06 1640
66 6.269866887881073e-06 1056
69 4.114479953833749e-06 683
72 2.255174220052997e-06 350
75 1.16188090542574e-06 192
78 2.866698339391104e-07 44
81 1.274082957096959e-07 25

3 1.939606110453048e-05 18
6 3.079917441757342e-06 62
9 2.791041852766547e-06 98
12 3.970818689605331e-06 210
15 4.475627311868663e-06 350
18 3.728513558027151e-06 450
21 4.412717281944335e-06 602
24 4.715509650576007e-06 762
27 5.76662728807997e-06 1142
30 6.079531446498852e-06 1250
33 6.301108392345045e-06 1458
36 8.280454924223531e-06 1814
39 1.057365544244876e-05 2178
42 1.254329544561117e-05 2498
45 1.406416139936837e-05 2622
48 1.799642010449845e-05 3191
51 1.729909475882267e-05 3044
54 1.485885527185032e-05 2736
57 1.290372652452037e-05 2276
60 1.145034196260417e-05 2016
63 9.65378618197014e-06 1640
66 6.277027593618989e-06 1056
69 4.17815587943821e-06 683
72 2.187022988933208e-06 350
75 1.221441874654498e-06 192
78 2.593830088862951e-07 44
81 1.30776049262071e-07 25

3 1.612344190360683e-05 18
6 3.638331203085756e-06 62
9 2.731241781237385e-06 98
12 3.721929922760926e-06 210
15 4.190581433122717e-06 350
18 4.187827153455676e-06 450
21 4.272473730879934e-06 602
24 4.508806303636119e-06 762
27 6.06617636882399e-06 1142
30 5.799140086842079e-06 1250
33 6.703642336668843e-06 1458
36 8.423923305494696e-06 1814
39 1.02194486766511e-05 2178
42 1.212095368075623e-05 2498
45 1.400160051186496e-05 2622
48 1.781876192016145e-05 3191
51 1.738089261325035e-05 3044
54 1.4992832826638e-05 2736
57 1.295949243663774e-05 2276
60 1.160665850087747e-05 2016
63 9.466561095244464e-06 1640
66 6.273910120944041e-06 1056
69 4.224388207371199e-06 683
72 2.266170780686906e-06 350
75 1.226152399892224e-06 192
78 2.740617725164049e-07 44
81 1.565932639408772e-07 25

3 1.175659854127998e-05 18
6 4.869696427067095e-06 62
9 2.918455318972335e-06 98
12 3.733087939654987e-06 210
15 3.90643948890223e-06 350
18 4.163278787506887e-06 450
21 4.393445898477319e-06 602
24 4.744349231229432e-06 762
27 5.885850250258017e-06 1142
30 6.148569902379374e-06 1250
33 6.460654352726638e-06 1458
36 8.212566857835652e-06 1814
39 9.823667554638882e-06 2178
42 1.242419351612009e-05 2498
45 1.415997098177089e-05 2622
48 1.815288463768426e-05 3191
51 1.753972849364355e-05 3044
54 1.497723515418162e-05 2736
57 1.307626984571333e-05 2276
60 1.1888602295526e-05 2016
63 9.660848308715739e-06 1640
66 6.408398548706146e-06 1056
69 4.367597570372817e-06 683
72 2.397918976422222e-06 350
75 1.222236890566085e-06 192
78 2.866434631772809e-07 44
81 1.358307675456374e-07 25

3 7.235738144123462e-06 18
6 5.864297027796073e-06 62
9 3.122624927581269e-06 98
12 4.086439692443761e-06 210
15 4.461957953161364e-06 350
18 3.888160207102738e-06 450
21 4.464523296357932e-06 602
24 4.398359571441698e-06 762
27 6.096401685327855e-06 1142
30 5.991513307037705e-06 1250
33 6.773059160515551e-06 1458
36 8.319481087217114e-06 1814
39 1.062754121321868e-05 2178
42 1.269459671945217e-05 2498
45 1.432871210434472e-05 2622
48 1.821185941336241e-05 3191
51 1.710979564325404e-05 3044
54 1.473902034458111e-05 2736
57 1.309417068946677e-05 2276
60 1.217577381108356e-05 2016
63 9.973464796359745e-06 1640
66 6.669821827388552e-06 1056
69 4.548877787402854e-06 683
72 2.358635772168921e-06 350
75 1.163133975434384e-06 192
78 2.436467958735772e-07 44
81 9.817297311099543e-08 25

3 3.66736487061692e-06 18
6 6.076171352283023e-06 62
9 3.004513693285073e-06 98
12 4.131122857156734e-06 210
15 4.213109162621285e-06 350
18 4.464686045552055e-06 450
21 4.271106490375602e-06 602
24 4.786969433742248e-06 762
27 6.007346161561478e-06 1142
30 6.163513936862694e-06 1250
33 6.655527234396935e-06 1458
36 8.427583255221153e-06 1814
39 1.055626770097847e-05 2178
42 1.245963569333375e-05 2498
45 1.414876181057645e-05 2622
48 1.811431997648276e-05 3191
51 1.73642674173272e-05 3044
54 1.467336580486147e-05 2736
57 1.301195848622782e-05 2276
60 1.220466099147486e-05 2016
63 1.023785257622457e-05 1640
66 6.866404004822081e-06 1056
69 4.422479702138195e-06 683
72 2.234042265641383e-06 350
75 1.116323796992627e-06 192
78 2.463663000497871e-07 44
81 8.854376668040145e-08 25

3 2.024968366666082e-06 18
6 5.373069893383498e-06 62
9 2.841432126158934e-06 98
12 3.830388939472794e-06 210
15 3.844970445966877e-06 350
18 4.107157433299695e-06 450
21 4.395809450613526e-06 602
24 4.435790187954976e-06 762
27 6.017387342644079e-06 1142
30 6.209356840712832e-06 1250
33 6.708957935416719e-06 1458
36 8.430980750788506e-06 1814
39 1.017899236614331e-05 2178
42 1.238782066586257e-05 2498
45 1.461080247541097e-05 2622
48 1.8094386655086e-05 3191
51 1.775812268725455e-05 3044
54 1.540059849537752e-05 2736
57 1.287164538004371e-05 2276
60 1.211161770247765e-05 2016
63 1.015518179165004e-05 1640
66 6.981907196392695e-06 1056
69 4.381792722830349e-06 683
72 2.218529844292912e-06 350
75 1.18289644952315e-06 192
78 2.595557261215406e-07 44
81 9.926088046387937e-08 25

3 2.768776220537371e-06 18
6 4.375089009817724e-06 62
9 2.677044852055396e-06 98
12 3.698484786285132e-06 210
15 4.232931656271506e-06 350
18 4.000669304189941e-06 450
21 4.336100247104125e-06 602
24 4.638595628269377e-06 762
27 6.226900554679468e-06 1142
30 6.04217555920344e-06 1250
33 6.770964335192379e-06 1458
36 8.48619761931292e-06 1814
39 1.039977645519129e-05 2178
42 1.243305254640547e-05 2498
45 1.427050368988356e-05 2622
48 1.846450063083187e-05 3191
51 1.749093601839981e-05 3044
54 1.569460405921655e-05 2736
57 1.287887257894703e-05 2276
60 1.244108312410283e-05 2016
63 9.961077523397781e-06 1640
66 6.971388641760656e-06 1056
69 4.386732613842093e-06 683
72 2.26856966889261e-06 350
75 1.243021990923327e-06 192
78 2.199948796087284e-07 44
81 1.110562924331582e-07 25

3 5.612009662747092e-06 18
6 3.615745256204895e-06 62
9 2.871893664966503e-06 98
12 4.060571245610864e-06 210
15 4.541303470369119e-06 350
18 4.319911729923031e-06 450
21 4.292579840427104e-06 602
24 4.661605513185289e-06 762
27 5.977056873854414e-06 1142
30 6.226009508364139e-06 1250
33 6.697989550877117e-06 1458
36 8.204169133187229e-06 1814
39 1.045011724685884e-05 2178
42 1.245200902846367e-05 2498
45 1.380796417408366e-05 2622
48 1.84623872907781e-05 3191
51 1.748489166055319e-05 3044
54 1.578243493596683e-05 2736
57 1.30979886039947e-05 2276
60 1.251402183548462e-05 2016
63 1.004813173549292e-05 1640
66 7.032766415888214e-06 1056
69 4.380205566215295e-06 683
72 2.287665782083789e-06 350
75 1.136262959541706e-06 192
78 2.222529618923718e-07 44
81 1.067443698360299e-07 25

3 1.011244969537965e-05 18
6 3.650168831778674e-06 62
9 3.125900172446685e-06 98
12 4.321313552372842e-06 210
15 3.974930548612341e-06 350
18 4.052691169344642e-06 450
21 4.404511164277935e-06 602
24 4.468552080946683e-06 762
27 6.263040152624172e-06 1142
30 6.01555974120858e-06 1250
33 6.58531651831232e-06 1458
36 8.72994508161875e-06 1814
39 1.04927944702008e-05 2178
42 1.294815008407417e-05 2498
45 1.46314526290365e-05 2622
48 1.817759947775834e-05 3191
51 1.786664703038551e-05 3044
54 1.589740370696867e-05 2736
57 1.306707385323469e-05 2276
60 1.24244861540216e-05 2016
63 1.038326996144558e-05 1640
66 7.17217668086895e-06 1056
69 4.422289973904253e-06 683
72 2.31644032389742e-06 350
75 1.09413979196748e-06 192
78 2.535647500148219e-07 44
81 1.103864349530716e-07 25

3 1.510457747596055e-05 18
6 4.3808139650664e-06 62
9 2.980653650170405e-06 98
12 3.958810271411664e-06 210
15 4.056117203885516e-06 350
18 4.022781453791028e-06 450
21 4.247558516118602e-06 602
24 4.701642650367555e-06 762
27 5.945162002512769e-06 1142
30 6.328308932866601e-06 1250
33 7.042027901096568e-06 1458
36 8.564012635232077e-06 1814
39 1.040087022884538e-05 2178
42 1.27321518147018e-05 2498
45 1.469458329503748e-05 2622
48 1.889634951376813e-05 3191
51 1.776290132287517e-05 3044
54 1.571263603051477e-05 2736
57 1.307776917540928e-05 2276
60 1.26318112681976e-05 2016
63 1.052971952922188e-05 1640
66 7.025162053162461e-06 1056
69 4.341273928088154e-06 683
72 2.412511298854737e-06 350
75 1.188594241953773e-06 192
78 2.423287996614358e-07 44
81 1.249820141531632e-07 25

3 1.948716607602159e-05 18
6 5.194455655133869e-06 62
9 2.681333156739872e-06 98
12 3.596682854941271e-06 210
15 4.562067832498857e-06 350
18 4.265028900149545e-06 450
21 4.438504706831499e-06 602
24 4.404605915927724e-06 762
27 6.404167375159246e-06 1142
30 6.087129377045418e-06 1250
33 6.693509634986422e-06 1458
36 8.553071933778017e-06 1814
39 1.068287073315823e-05 2178
42 1.304268608516801e-05 2498
45 1.440144371358781e-05 2622
48 1.915969047168956e-05 3191
51 1.790093037337341e-05 3044
54 1.522237193180781e-05 2736
57 1.316257951960386e-05 2276
60 1.267061694799875e-05 2016
63 1.054707268256686e-05 1640
66 6.765582146295406e-06 1056
69 4.23686944911629e-06 683
72 2.491291340725961e-06 350
75 1.23442981048568e-06 192
78 2.415982749419626e-07 44
81 1.524815709937148e-07 25

3 2.231027857558812e-05 18
6 5.543451611166513e-06 62
9 2.699510687413529e-06 98
12 3.729807104484782e-06 210
15 4.279824983671889e-06 350
18 4.142776868985066e-06 450
21 4.237189896065173e-06 602
24 4.69098091593463e-06 762
27 5.873628701929829e-06 1142
30 6.342595028094019e-06 1250
33 6.767748655659481e-06 1458
36 8.906872525501019e-06 1814
39 1.092757242674435e-05 2178
42 1.303110864017282e-05 2498
45 1.465844020160871e-05 2622
48 1.871648096343612e-05 3191
51 1.788220744668835e-05 3044
54 1.516083251297614e-05 2736
57 1.322029422312743e-05 2276
60 1.240395132789556e-05 2016
63 1.053069630592821e-05 1640
66 6.700808596874798e-06 1056
69 4.351916031563956e-06 683
72 2.476337188932166e-06 350
75 1.2296196814483e-06 192
78 2.843063464975148e-07 44
81 1.538409377698083e-07 25

3 2.323023843189292e-05 18
6 5.320743450567757e-06 62
9 2.895351997387648e-06 98
12 4.253896373840389e-06 210
15 4.113704942428945e-06 350
18 4.096986696092556e-06 450
21 4.32479054718098e-06 602
24 4.540092240482609e-06 762
27 6.457362282033133e-06 1142
30 6.021909068498316e-06 1250
33 6.698747262050015e-06 1458
36 8.515840288993147e-06 1814
39 1.018238923659857e-05 2178
42 1.262108942026794e-05 2498
45 1.446100290489505e-05 2622
48 1.876409300686446e-05 3191
51 1.75962240159247e-05 3044
54 1.567177360187704e-05 2736
57 1.36378648773003e-05 2276
60 1.230064770074549e-05 2016
63 1.060156375546211e-05 1640
66 6.793060601714236e-06 1056
69 4.540684602738427e-06 683
72 2.515185430721916e-06 350
75 1.179585332578359e-06 192
78 2.89368078537538e-07 44
81 1.393094011962644e-07 25

3 2.201258539192797e-05 18
6 4.603063898172198e-06 62
9 3.024928620204442e-06 98
12 4.34441220756687e-06 210
15 4.359211516786313e-06 350
18 4.182412351358129e-06 450
21 4.458739549219606e-06 602
24 4.534747867892088e-06 762
27 5.862243915350344e-06 1142
30 6.269395525541519e-06 1250
33 6.504360605427609e-06 1458
36 8.613853300860033e-06 1814
39 1.065416785148332e-05 2178
42 1.323312912437475e-05 2498
45 1.437541587310246e-05 2622
48 1.917154157886641e-05 3191
51 1.776060923192421e-05 3044
54 1.601778712574817e-05 2736
57 1.37505012038143e-05 2276
60 1.239211769475101e-05 2016
63 1.050707040625377e-05 1640
66 6.936510414920745e-06 1056
69 4.67368809747311e-06 683
72 2.547775339789688e-06 350
75 1.245088200319303e-06 192
78 2.865879599761988e-07 44
81 1.523626215216719e-07 25

3 1.905197104127144e-05 18
6 4.013518649587625e-06 62
9 2.960839957699416e-06 98
12 3.712857697627505e-06 210
15 4.263214305344451e-06 350
18 4.221332877370579e-06 450
21 4.170741748138536e-06 602
24 4.757574395157619e-06 762
27 6.476458846633936e-06 1142
30 6.122992344397498e-06 1250
33 6.850143565988e-06 1458
36 8.865638951315511e-06 1814
39 1.095550530035274e-05 2178
42 1.307590993939241e-05 2498
45 1.465768833076941e-05 2622
48 1.890576207855961e-05 3191
51 1.799216859133057e-05 3044
54 1.584735304718956e-05 2736
57 1.353284594070643e-05 2276
60 1.239615361420367e-05 2016
63 1.020810081665597e-05 1640
66 6.949096363056898e-06 1056
69 4.643354529028007e-06 683
72 2.552667820238897e-06 350
75 1.277927397421202e-06 192
78 2.991987064214971e-07 44
81 1.638767425393052e-07 25

3 1.496167642198499e-05 18
6 3.794296929721364e-06 62
9 2.744736269343819e-06 98
12 3.485554701325534e-06 210
15 4.053691669038867e-06 350
18 4.139160715693941e-06 450
21 4.402190764752584e-06 602
24 4.526056525222334e-06 762
27 5.911093564853981e-06 1142
30 6.253480578014519e-06 1250
33 6.504780677904585e-06 1458
36 8.43500563951325e-06 1814
39 1.032592238890715e-05 2178
42 1.29906287914677e-05 2498
45 1.461317803307902e-05 2622
48 1.877825091520282e-05 3191
51 1.80734290574514e-05 3044
54 1.580278061645851e-05 2736
57 1.351934114318512e-05 2276
60 1.217672657083979e-05 2016
63 9.952171085220769e-06 1640
66 6.818549016005867e-06 1056
69 4.684988822097254e-06 683
72 2.483685594333011e-06 350
75 1.306841535355487e-06 192
78 3.108383883569682e-07 44
81 1.642048414668578e-07 25

3 1.079934898284332e-05 18
6 4.053882770242424e-06 62
9 2.554930671022459e-06 98
12 3.919789921927823e-06 210
15 4.27796285696866e-06 350
18 4.104575089900084e-06 450
21 4.394239602956727e-06 602
24 4.847382551474872e-06 762
27 6.334767967261853e-06 1142
30 6.277737998029993e-06 1250
33 6.97740105408014e-06 1458
36 8.684808883018731e-06 1814
39 1.095298385605054e-05 2178
42 1.326694138652277e-05 2498
45 1.442718638050581e-05 2622
48 1.897235045067619e-05 3191
51 1.798423290992747e-05 3044
54 1.596626277861972e-05 2736
57 1.374796938163523e-05 2276
60 1.221583491840814e-05 2016
63 9.950204479018215e-06 1640
66 6.740707681856172e-06 1056
69 4.726007706123517e-06 683
72 2.393775011224728e-06 350
75 1.351993406037206e-06 192
78 3.132159650017426e-07 44
81 1.638437958519272e-07 25

3 7.44807772689721e-06 18
6 4.671612521925728e-06 62
9 2.651908354737473e-06 98
12 4.317377292904527e-06 210
15 4.365516333633154e-06 350
18 4.219744071919499e-06 450
21 4.200906208329982e-06 602
24 4.561663745699038e-06 762
27 6.135419078689139e-06 1142
30 6.210277914005464e-06 1250
33 6.741057673471487e-06 1458
36 9.035552337844565e-06 1814
39 1.093101952012813e-05 2178
42 1.300751828493485e-05 2498
45 1.472173437194121e-05 2622
48 1.907721620015145e-05 3191
51 1.810720735008064e-05 3044
54 1.5975238856175e-05 2736
57 1.379096458334534e-05 2276
60 1.251509207325932e-05 2016
63 1.013210680689787e-05 1640
66 6.807446797471867e-06 1056
69 4.625193537336688e-06 683
72 2.363588950192931e-06 350
75 1.349946277422939e-06 192
78 3.205639755440764e-07 44
81 1.605729362329253e-07 25

3 5.460520198402831e-06 18
6 5.186019009783548e-06 62
9 2.984389440583847e-06 98
12 4.044845796882515e-06 210
15 4.08612587508516e-06 350
18 4.08863436010855e-06 450
21 4.462929993449674e-06 602
24 4.685590737475653e-06 762
27 6.234873880008825e-06 1142
30 6.331107404354634e-06 1250
33 6.66683400012822e-06 1458
36 8.406746344829567e-06 1814
39 1.046061184649327e-05 2178
42 1.314336045743415e-05 2498
45 1.481703463920869e-05 2622
48 1.889987120266061e-05 3191
51 1.818263296607387e-05 3044
54 1.587105663799761e-05 2736
57 1.395135536049376e-05 2276
60 1.287997514469143e-05 2016
63 1.056422006041539e-05 1640
66 6.73577604538481e-06 1056
69 4.58494938435523e-06 683
72 2.433018035942795e-06 350
75 1.321829147647013e-06 192
78 3.274274582394688e-07 44
81 1.80713937664606e-07 25

3 5.074206821794001e-06 18
6 5.332472519620442e-06 62
9 3.128751581695115e-06 98
12 3.578369859454851e-06 210
15 4.246815305447041e-06 350
18 4.121197019008796e-06 450
21 4.305882993968497e-06 602
24 4.704139334153854e-06 762
27 6.14314615603217e-06 1142
30 6.166880398179609e-06 1250
33 6.94790098706039e-06 1458
36 9.192585274878036e-06 1814
39 1.094900977896628e-05 2178
42 1.308938578414888e-05 2498
45 1.476724145638468e-05 2622
48 1.883241414230013e-05 3191
51 1.845187110479622e-05 3044
54 1.5855268931318e-05 2736
57 1.391515375927687e-05 2276
60 1.281168465657171e-05 2016
63 1.095691022414042e-05 1640
66 6.782910255000281e-06 1056
69 4.598653244428122e-06 683
72 2.413835870138045e-06 350
75 1.303290828478992e-06 192
78 3.250436695910451e-07 44
81 2.153345863577526e-07 25

3 6.166613512077112e-06 18
6 5.03552416520149e-06 62
9 2.84253636111881e-06 98
12 3.609071118266257e-06 210
15 4.259016793936574e-06 350
18 4.228771904464694e-06 450
21 4.335673117971258e-06 602
24 4.413037608949797e-06 762
27 6.161224141660812e-06 1142
30 6.28207480760436e-06 1250
33 6.615092367423081e-06 1458
36 8.816943316804943e-06 1814
39 1.114281659701034e-05 2178
42 1.30734525496636e-05 2498
45 1.489391274986162e-05 2622
48 1.892883150595392e-05 3191
51 1.832023786567156e-05 3044
54 1.603434858997794e-05 2736
57 1.393425076787777e-05 2276
60 1.276318492790239e-05 2016
63 1.086901901872899e-05 1640
66 6.875771129109107e-06 1056
69 4.569779356053592e-06 683
72 2.369959594027252e-06 350
75 1.273350516509038e-06 192
78 3.117066710980051e-07 44
81 2.420073256530271e-07 25

3 8.373665362652259e-06 18
6 4.717153009714624e-06 62
9 2.521219628824308e-06 98
12 4.059985281503681e-06 210
15 4.170413474165158e-06 350
18 4.101198203455163e-06 450
21 4.441704275643004e-06 602
24 4.822819739984632e-06 762
27 6.292632992077254e-06 1142
30 6.169050513496838e-06 1250
33 7.109736731964169e-06 1458
36 8.636980320263837e-06 1814
39 1.065451700979527e-05 2178
42 1.329448568574082e-05 2498
45 1.505980931522377e-05 2622
48 1.92992251741445e-05 3191
51 1.820168733186472e-05 3044
54 1.585741434930215e-05 2736
57 1.402007099641448e-05 2276
60 1.275775144381765e-05 2016
63 1.066799845829094e-05 1640
66 7.011160046871079e-06 1056
69 4.364440400850309e-06 683
72 2.344553089190116e-06 350
75 1.237198483645177e-06 192
78 2.97801393076706e-07 44
81 2.148645574279203e-07 25

3 1.093233280713507e-05 18
6 4.307850565515208e-06 62
9 2.443321911385901e-06 98
12 4.256816297502682e-06 210
15 4.262844611165621e-06 350
18 4.130592629857724e-06 450
21 4.295164316700515e-06 602
24 4.406141708707469e-06 762
27 6.121172149520445e-06 1142
30 6.372173300208244e-06 1250
33 6.462291490051889e-06 1458
36 9.384154649725538e-06 1814
39 1.105132760372992e-05 2178
42 1.302065418135284e-05 2498
45 1.475703695933666e-05 2622
48 1.958085696144765e-05 3191
51 1.856816514116785e-05 3044
54 1.586996464897705e-05 2736
57 1.396528837856692e-05 2276
60 1.273602586643867e-05 2016
63 1.048193526871477e-05 1640
66 7.238576638641637e-06 1056
69 4.286530104916872e-06 683
72 2.445441271150762e-06 350
75 1.251630170604335e-06 192
78 2.839722868961987e-07 44
81 1.778536077416398e-07 25

3 1.312988857929767e-05 18
6 4.078388201607384e-06 62
9 2.751756951854197e-06 98
12 3.927476064908589e-06 210
15 4.344080973253319e-06 350
18 4.177177831843138e-06 450
21 4.386090592296794e-06 602
24 4.676484073630514e-06 762
27 6.371568298728562e-06 1142
30 6.190688854707114e-06 1250
33 7.104962096245886e-06 1458
36 8.440772407775017e-06 1814
39 1.106969619924435e-05 2178
42 1.333725757260358e-05 2498
45 1.501241081189358e-05 2622
48 1.921703421428132e-05 3191
51 1.827155022479534e-05 3044
54 1.596117737823753e-05 2736
57 1.35065110135528e-05 2276
60 1.281742854599295e-05 2016
63 1.040353886224004e-05 1640
66 7.270620673870373e-06 1056
69 4.385802554609831e-06 683
72 2.49765817275504e-06 350
75 1.225188302838229e-06 192
78 2.602238088321625e-07 44
81 1.70387836137887e-07 25

3 1.451109932413272e-05 18
6 4.207663554220123e-06 62
9 3.08830691098652e-06 98
12 3.591029729768605e-06 210
15 4.05442770939997e-06 350
18 4.149264832726068e-06 450
21 4.444080986857992e-06 602
24 4.740210801714735e-06 762
27 6.035966873400857e-06 1142
30 6.454726203168973e-06 1250
33 6.608245442424323e-06 1458
36 9.416015884858183e-06 1814
39 1.090453899948895e-05 2178
42 1.348504291195519e-05 2498
45 1.502969543395426e-05 2622
48 1.976463324681539e-05 3191
51 1.835427107069433e-05 3044
54 1.616869676544428e-05 2736
57 1.363786236065131e-05 2276
60 1.286712819383295e-05 2016
63 1.049870427407926e-05 1640
66 7.206101654536267e-06 1056
69 4.555006160245922e-06 683
72 2.408995413849665e-06 350
75 1.213198160241617e-06 192
78 2.172029510981765e-07 44
81 1.834986258304554e-07 25

3 1.509318273103986e-05 18
6 4.474628551298012e-06 62
9 3.120415026174685e-06 98
12 3.765973704324945e-06 210
15 4.043383499785899e-06 350
18 4.174357226554049e-06 450
21 4.170381759505583e-06 602
24 4.57362940446462e-06 762
27 6.422219208421528e-06 1142
30 6.120592913833676e-06 1250
33 6.931654223797111e-06 1458
36 8.657385337568142e-06 1814
39 1.116246952996651e-05 2178
42 1.330257037842338e-05 2498
45 1.506716906365497e-05 2622
48 1.958680102187875e-05 3191
51 1.848556340337315e-05 3044
54 1.639297556009872e-05 2736
57 1.404750552989464e-05 2276
60 1.280142770334842e-05 2016
63 1.072646897944176e-05 1640
66 7.140905405156106e-06 1056
69 4.741553452424983e-06 683
72 2.337104062367209e-06 350
75 1.144736338431955e-06 192
78 2.087238571679104e-07 44
81 1.690289594295452e-07 25

3 1.479997473784219e-05 18
6 4.687226508925745e-06 62
9 2.776900932551621e-06 98
12 4.086350753988064e-06 210
15 4.339417065045619e-06 350
18 4.119011626388756e-06 450
21 4.443115472113566e-06 602
24 4.834954974908473e-06 762
27 6.034605599686628e-06 1142
30 6.373059815215199e-06 1250
33 6.788734443041859e-06 1458
36 9.039455070537249e-06 1814
39 1.095724422107254e-05 2178
42 1.338089127703049e-05 2498
45 1.486398504457009e-05 2622
48 1.931407832874446e-05 3191
51 1.847971558226308e-05 3044
54 1.627534470313172e-05 2736
57 1.430402409435312e-05 2276
60 1.27548094757948e-05 2016
63 1.088962192591479e-05 1640
66 7.139799837670691e-06 1056
69 4.829988363245644e-06 683
72 2.358668009520602e-06 350
75 1.068811364493772e-06 192
78 2.358835099330382e-07 44
81 1.519717090675391e-07 25

3 1.390219125257294e-05 18
6 4.8942367799287e-06 62
9 2.489733642207813e-06 98
12 4.150352884012107e-06 210
15 4.292424915923223e-06 350
18 4.142721649209664e-06 450
21 4.386558482978532e-06 602
24 4.489045828073628e-06 762
27 6.384977719668035e-06 1142
30 6.113262782174181e-06 1250
33 6.827958908593265e-06 1458
36 8.944926902011268e-06 1814
39 1.111968859802263e-05 2178
42 1.346568628210132e-05 2498
45 1.470027384707736e-05 2622
48 1.959156854652193e-05 3191
51 1.884876796345381e-05 3044
54 1.605037857866935e-05 2736
57 1.395859696312844e-05 2276
60 1.288014244619192e-05 2016
63 1.083492198077961e-05 1640
66 7.231609454175593e-06 1056
69 4.751326044513338e-06 683
72 2.362311378939091e-06 350
75 1.04349005995489e-06 192
78 2.4828766477845e-07 44
81 1.323807953694626e-07 25

3 1.271570437550622e-05 18
6 4.885901570931463e-06 62
9 2.471086576297248e-06 98
12 3.980976275066153e-06 210
15 3.996066660416839e-06 350
18 4.169927978951544e-06 450
21 4.211625309667786e-06 602
24 4.869295108328095e-06 762
27 6.036845566476548e-06 1142
30 6.383273666205579e-06 1250
33 6.86169895885948e-06 1458
36 8.756517700078665e-06 1814
39 1.102718612272227e-05 2178
42 1.329090718791977e-05 2498
45 1.531782537445894e-05 2622
48 1.94298834710674e-05 3191
51 1.830033419723222e-05 3044
54 1.619046908146625e-05 2736
57 1.38426772820066e-05 2276
60 1.300973746322539e-05 2016
63 1.071459406143817e-05 1640
66 7.216345266738588e-06 1056
69 4.631196764575032e-06 683
72 2.341938425539547e-06 350
75 1.064562339608082e-06 192
78 2.698315282059924e-07 44
81 1.224774703622796e-07 25

3 1.181541681652759e-05 18
6 4.860210114352601e-06 62
9 2.771121169425798e-06 98
12 3.782524507310453e-06 210
15 4.112300736347969e-06 350
18 4.159429721582649e-06 450
21 4.499876530882769e-06 602
24 4.625695102255631e-06 762
27 6.340231384334386e-06 1142
30 6.140761043294761e-06 1250
33 6.834927151411988e-06 1458
36 9.155816113317699e-06 1814
39 1.12514130733359e-05 2178
42 1.357916051563552e-05 2498
45 1.49943514003015e-05 2622
48 1.918663645100944e-05 3191
51 1.839179578193579e-05 3044
54 1.6384309931844e-05 2736
57 1.404836368212183e-05 2276
60 1.323142535988995e-05 2016
63 1.083667004217042e-05 1640
66 7.00546363436882e-06 1056
69 4.5965923056088e-06 683
72 2.286668960545277e-06 350
75 1.138848311059666e-06 192
78 2.634566081451541e-07 44
81 1.201107769124272e-07 25

3 1.147193157352007e-05 18
6 4.828251247446473e-06 62
9 3.017480306969919e-06 98
12 3.776420415471218e-06 210
15 4.437740351149448e-06 350
18 4.110270951096427e-06 450
21 4.31243877663254e-06 602
24 4.681871761080718e-06 762
27 6.118849252170083e-06 1142
30 6.345664568999966e-06 1250
33 6.954022277704214e-06 1458
36 8.829883156660855e-06 1814
39 1.113724060327116e-05 2178
42 1.356684792675595e-05 2498
45 1.48421897209068e-05 2622
48 1.987548399300402e-05 3191
51 1.917094462469393e-05 3044
54 1.639188365839711e-05 2736
57 1.429115485605081e-05 2276
60 1.336187413221502e-05 2016
63 1.09028830767692e-05 1640
66 6.930833421307545e-06 1056
69 4.697286389817906e-06 683
72 2.264098649783991e-06 350
75 1.267897127656397e-06 192
78 2.650459720050777e-07 44
81 1.234030947681255e-07 25

3 1.175986362195718e-05 18
6 4.688402148817562e-06 62
9 3.015255490810416e-06 98
12 3.902338289122886e-06 210
15 4.23077019843217e-06 350
18 4.153670365046785e-06 450
21 4.260214555269839e-06 602
24 4.743970936783332e-06 762
27 6.251623251617128e-06 1142
30 6.207263957869181e-06 1250
33 6.905567107790834e-06 1458
36 9.071125622702204e-06 1814
39 1.105784719272811e-05 2178
42 1.324798592786707e-05 2498
45 1.505263261794923e-05 2622
48 1.953998401333397e-05 3191
51 1.865916343680166e-05 3044
54 1.6220123020088e-05 2736
57 1.471150064330213e-05 2276
60 1.312246155221163e-05 2016
63 1.08347007523918e-05 1640
66 7.062584974459012e-06 1056
69 4.80549391638557e-06 683
72 2.275375235082899e-06 350
75 1.452320124623519e-06 192
78 2.712242352680228e-07 44
81 1.201762746800742e-07 25

3 1.276206549108578e-05 18
6 4.421565505847339e-06 62
9 2.72027389772866e-06 98
12 3.955862759271415e-06 210
15 3.917181892140005e-06 350
18 4.107203132540349e-06 450
21 4.495455191661831e-06 602
24 4.558540618289671e-06 762
27 6.281952804571536e-06 1142
30 6.303128163479225e-06 1250
33 6.925704425484595e-06 1458
36 8.984595092306234e-06 1814
39 1.100866337638687e-05 2178
42 1.334693550780493e-05 2498
45 1.477112741177599e-05 2622
48 1.906250382009185e-05 3191
51 1.849058959875924e-05 3044
54 1.630954192130034e-05 2736
57 1.468619244662647e-05 2276
60 1.292663389960349e-05 2016
63 1.073993392652695e-05 1640
66 7.30479705592246e-06 1056
69 4.779078053098787e-06 683
72 2.348976481957798e-06 350
75 1.579889398395177e-06 192
78 2.844726229969837e-07 44
81 1.069176382601762e-07 25

3 1.419125776051416e-05 18
6 4.248064615549815e-06 62
9 2.40200114832679e-06 98
12 3.923302702354915e-06 210
15 4.215751689322164e-06 350
18 4.201825036205897e-06 450
21 4.283983564503731e-06 602
24 4.738206392793874e-06 762
27 6.120112073767956e-06 1142
30 6.316316444078212e-06 1250
33 6.958465258426559e-06 1458
36 8.916994492826708e-06 1814
39 1.095187067501921e-05 2178
42 1.308433781580495e-05 2498
45 1.510945629211965e-05 2622
48 1.960509544351919e-05 3191
51 1.966604125601403e-05 3044
54 1.629352009926535e-05 2736
57 1.396468903868531e-05 2276
60 1.27658934641348e-05 2016
63 1.084896808748112e-05 1640
66 7.262701219254921e-06 1056
69 4.665598784733761e-06 683
72 2.413263340622716e-06 350
75 1.620536999708375e-06 192
78 3.078231984804185e-07 44
81 9.012083800726822e-08 25

3 1.553066338518471e-05 18
6 4.103857841521827e-06 62
9 2.341842603981778e-06 98
12 3.811125943692706e-06 210
15 4.458762757700753e-06 350
18 4.248427877354616e-06 450
21 4.266656216285215e-06 602
24 4.638526320918642e-06 762
27 6.248319292181252e-06 1142
30 6.218783310598724e-06 1250
33 6.879072213066647e-06 1458
36 9.078518189300184e-06 1814
39 1.134462715375647e-05 2178
42 1.32363349140363e-05 2498
45 1.487942602147563e-05 2622
48 1.940127092576342e-05 3191
51 1.876787775910635e-05 3044
54 1.629819366655178e-05 2736
57 1.399417184248427e-05 2276
60 1.292394418624372e-05 2016
63 1.121923762012419e-05 1640
66 7.197291882016249e-06 1056
69 4.688468049423317e-06 683
72 2.470629527868627e-06 350
75 1.643201746810185e-06 192
78 3.206596496021566e-07 44
81 1.0130023252903e-07 25

3 1.642964594526046e-05 18
6 4.075226284636835e-06 62
9 2.623136874449845e-06 98
12 3.679829975178939e-06 210
15 4.06461623333667e-06 350
18 4.075091579696731e-06 450
21 4.403398210610707e-06 602
24 4.695442125000654e-06 762
27 6.074527749424569e-06 1142
30 6.328264916283629e-06 1250
33 7.089520296341374e-06 1458
36 8.868783739605923e-06 1814
39 1.077488393609423e-05 2178
42 1.365661495376644e-05 2498
45 1.520304529010085e-05 2622
48 1.950872578997633e-05 3191
51 1.866826267372724e-05 3044
54 1.643272686255465e-05 2736
57 1.440546146813801e-05 2276
60 1.314893523061392e-05 2016
63 1.124557662343009e-05 1640
66 7.255739850692291e-06 1056
69 4.702888036500103e-06 683
72 2.621496619065984e-06 350
75 1.579483399428214e-06 192
78 3.27823047067925e-07 44
81 1.347854151781175e-07 25

3 1.662130028088834e-05 18
6 4.230368621327547e-06 62
9 2.947122057108025e-06 98
12 3.678379817144228e-06 210
15 3.891495244413378e-06 350
18 4.093935732360986e-06 450
21 4.291232758152472e-06 602
24 4.766139283165387e-06 762
27 6.294452562459074e-06 1142
30 6.250852425168111e-06 1250
33 6.680428689009127e-06 1458
36 9.081367937795452e-06 1814
39 1.142475822207666e-05 2178
42 1.339247944089552e-05 2498
45 1.487750569663253e-05 2622
48 1.964236243144998e-05 3191
51 1.950673076297985e-05 3044
54 1.67193725033765e-05 2736
57 1.442000403224578e-05 2276
60 1.325780562458799e-05 2016
63 1.097927360028958e-05 1640
66 7.350006631285169e-06 1056
69 4.62680766102224e-06 683
72 2.678316218415322e-06 350
75 1.387358707944261e-06 192
78 3.245267087564877e-07 44
81 1.561104179086791e-07 25

3 1.572776892152059e-05 18
6 4.454734405182404e-06 62
9 2.952639412487052e-06 98
12 3.810937272804102e-06 210
15 4.251766568439859e-06 350
18 4.336840098461063e-06 450
21 4.309318159464891e-06 602
24 4.671911378337583e-06 762
27 6.1084026697405e-06 1142
30 6.405493207346836e-06 1250
33 7.141589363257315e-06 1458
36 9.018869182233588e-06 1814
39 1.113872780142717e-05 2178
42 1.347172772818553e-05 2498
45 1.490259059859623e-05 2622
48 1.977012604823645e-05 3191
51 1.864750975547682e-05 3044
54 1.670458908414691e-05 2736
57 1.437309437783831e-05 2276
60 1.313892024916956e-05 2016
63 1.106603583228755e-05 1640
66 7.327741309806275e-06 1056
69 4.628095737327847e-06 683
72 2.623726453146933e-06 350
75 1.173535103361451e-06 192
78 3.111132233124108e-07 44
81 1.680806862454005e-07 25

3 1.394529530950683e-05 18
6 4.868209563939902e-06 62
9 2.695313832368857e-06 98
12 4.076710613413281e-06 210
15 4.324443855048553e-06 350
18 4.187593625173142e-06 450
21 4.28446912620011e-06 602
24 4.667040406955262e-06 762
27 6.376101829204656e-06 1142
30 6.199891453522762e-06 1250
33 6.725081861222574e-06 1458
36 8.978734366905058e-06 1814
39 1.106574092819437e-05 2178
42 1.371128163274522e-05 2498
45 1.557898158644329e-05 2622
48 1.987024346231383e-05 3191
51 1.886238012103421e-05 3044
54 1.649120488811846e-05 2736
57 1.445811292506642e-05 2276
60 1.292817932726299e-05 2016
63 1.127662958253177e-05 1640
66 7.138772869236033e-06 1056
69 4.790364770923108e-06 683
72 2.52246032966135e-06 350
75 1.099261079955034e-06 192
78 2.921874601863876e-07 44
81 1.723703003440928e-07 25

3 1.143742899768263e-05 18
6 5.188838853424237e-06 62
9 2.38321285334671e-06 98
12 3.925849959577933e-06 210
15 4.029835691532398e-06 350
18 3.987315400767303e-06 450
21 4.367292585107267e-06 602
24 4.687305912077189e-06 762
27 6.231622944028596e-06 1142
30 6.411710734861727e-06 1250
33 7.107220268345931e-06 1458
36 9.039389912931431e-06 1814
39 1.127632308209147e-05 2178
42 1.332727646681061e-05 2498
45 1.493294433199617e-05 2622
48 1.943029873648136e-05 3191
51 1.91767550068268e-05 3044
54 1.657860976586054e-05 2736
57 1.436202286071914e-05 2276
60 1.301790636741081e-05 2016
63 1.13163659083488e-05 1640
66 7.130843350831197e-06 1056
69 4.93411317141478e-06 683
72 2.403324728211749e-06 350
75 1.118253963375616e-06 192
78 2.787895621569724e-07 44
81 1.734361163840791e-07 25

3 8.633881542791747e-06 18
6 5.291258026552271e-06 62
9 2.344363149539006e-06 98
12 3.639814570767295e-06 210
15 3.984246911672019e-06 350
18 4.345241283541812e-06 450
21 4.310253482875795e-06 602
24 4.569341951721651e-06 762
27 6.291889068216152e-06 1142
30 6.051617664969039e-06 1250
33 6.603358108597933e-06 1458
36 8.827475397139862e-06 1814
39 1.076958731344486e-05 2178
42 1.342440461835555e-05 2498
45 1.506545560222399e-05 2622
48 2.001367682578718e-05 3191
51 1.894699473432245e-05 3044
54 1.645981288891718e-05 2736
57 1.445585905161539e-05 2276
60 1.328789780740297e-05 2016
63 1.099092853478901e-05 1640
66 7.398783119510609e-06 1056
69 4.85066789279792e-06 683
72 2.378637658299751e-06 350
75 1.275468777781656e-06 192
78 2.604118659487543e-07 44
81 1.763399125782055e-07 25

3 6.152867889784025e-06 18
6 5.04835669853231e-06 62
9 2.554458408469129e-06 98
12 3.537240323761906e-06 210
15 4.196596877375561e-06 350
18 4.20794993494578e-06 450
21 4.262345834812867e-06 602
24 4.652540606833547e-06 762
27 6.176493531219426e-06 1142
30 6.576677063742064e-06 1250
33 7.2203869766738e-06 1458
36 9.005760129493884e-06 1814
39 1.14998479448453e-05 2178
42 1.358724502552553e-05 2498
45 1.537296730372319e-05 2622
48 1.986564776844926e-05 3191
51 1.930287357227767e-05 3044
54 1.608204283136476e-05 2736
57 1.457054381861112e-05 2276
60 1.345272238687671e-05 2016
63 1.092400772671062e-05 1640
66 7.511716847324709e-06 1056
69 4.627997844144901e-06 683
72 2.387598461603249e-06 350
75 1.457533624760179e-06 192
78 2.428550955861836e-07 44
81 1.51244367481258e-07 25

3 4.396985857824347e-06 18
6 4.629283494966188e-06 62
9 2.841647855296888e-06 98
12 3.825810534948265e-06 210
15 4.195849243821601e-06 350
18 3.94740385148962e-06 450
21 4.262600893321418e-06 602
24 4.699476195324491e-06 762
27 6.23697786343004e-06 1142
30 6.132873626755503e-06 1250
33 6.658948668754872e-06 1458
36 8.859292294755888e-06 1814
39 1.094741047730635e-05 2178
42 1.319813022120826e-05 2498
45 1.48286062481064e-05 2622
48 1.954323797922162e-05 3191
51 1.899720193911795e-05 3044
54 1.68002145206909e-05 2736
57 1.428917104537583e-05 2276
60 1.325072130885549e-05 2016
63 1.143277172054871e-05 1640
66 7.481016419842575e-06 1056
69 4.605793330010673e-06 683
72 2.380382129544648e-06 350
75 1.606869369455575e-06 192
78 2.530022976156474e-07 44
81 1.147899144677514e-07 25

3 3.727985106644636e-06 18
6 4.182875625130647e-06 62
9 2.951222003140249e-06 98
12 4.040924763705116e-06 210
15 4.07790604196364e-06 350
18 4.207468828229144e-06 450
21 4.385006130168219e-06 602
24 4.557662102680203e-06 762
27 6.195699857970357e-06 1142
30 6.490881233579086e-06 1250
33 7.262569767354961e-06 1458
36 9.075012139585595e-06 1814
39 1.140690407498942e-05 2178
42 1.385812660567839e-05 2498
45 1.539713322440949e-05 2622
48 2.004053788629444e-05 3191
51 1.912455559994647e-05 3044
54 1.67657082301529e-05 2736
57 1.431534173081617e-05 2276
60 1.316844003904858e-05 2016
63 1.144451978524226e-05 1640
66 7.429771684777993e-06 1056
69 4.716055290271633e-06 683
72 2.531985363122057e-06 350
75 1.664130333594273e-06 192
78 2.689104372210957e-07 44
81 9.714583094012837e-08 25

3 4.423964404516087e-06 18
6 3.834379377666408e-06 62
9 2.787409459192222e-06 98
12 3.933382025967716e-06 210
15 4.06724076253315e-06 350
18 4.262671610020049e-06 450
21 4.233487469144511e-06 602
24 4.794614876633611e-06 762
27 6.314890842513193e-06 1142
30 6.208298267004177e-06 1250
33 6.64650873389232e-06 1458
36 9.101407061976257e-06 1814
39 1.12684625047317e-05 2178
42 1.342747016583875e-05 2498
45 1.555527546116738e-05 2622
48 1.977129239301516e-05 3191
51 1.957763694485567e-05 3044
54 1.615239446094382e-05 2736
57 1.455254934209466e-05 2276
60 1.355986047184051e-05 2016
63 1.087582914961795e-05 1640
66 7.441315603987276e-06 1056
69 4.82491466489237e-06 683
72 2.711815963622881e-06 350
75 1.595381592855645e-06 192
78 2.947259536173224e-07 44
81 1.037594975486219e-07 25

3 6.506290810631589e-06 18
6 3.720671075944195e-06 62
9 2.535469364135248e-06 98
12 3.515099660629917e-06 210
15 4.033161839711058e-06 350
18 4.026758046118587e-06 450
21 4.329785472836325e-06 602
24 4.674345954052757e-06 762
27 6.224979282559493e-06 1142
30 6.296791693585392e-06 1250
33 7.19753647060761e-06 1458
36 9.089895955764411e-06 1814
39 1.116123017352595e-05 2178
42 1.39598736516392e-05 2498
45 1.497933586600681e-05 2622
48 2.033789280503949e-05 3191
51 1.879628958840026e-05 3044
54 1.699771507946928e-05 2736
57 1.481471160705545e-05 2276
60 1.343272411124013e-05 2016
63 1.089632355959376e-05 1640
66 7.487082128106244e-06 1056
69 4.943020101862321e-06 683
72 2.684650984560604e-06 350
75 1.396582304704757e-06 192
78 3.189354526730957e-07 44
81 1.211048112228451e-07 25

3 9.621696061005621e-06 18
6 3.812424403649715e-06 62
9 2.425571034102309e-06 98
12 3.357310126614477e-06 210
15 4.063141174447217e-06 350
18 4.141757719073338e-06 450
21 4.264064791694809e-06 602
24 4.516991631954714e-06 762
27 6.309165957301588e-06 1142
30 6.311816464623746e-06 1250
33 6.68981061584722e-06 1458
36 9.070816463784718e-06 1814
39 1.149376891608389e-05 2178
42 1.360492786781084e-05 2498
45 1.558784018368556e-05 2622
48 1.984583026907183e-05 3191
51 1.988365087408382e-05 3044
54 1.70454539695706e-05 2736
57 1.477104866752787e-05 2276
60 1.311008627664452e-05 2016
63 1.150402960159418e-05 1640
66 7.529215348311918e-06 1056
69 4.966867099583802e-06 683
72 2.590250304236928e-06 350
75 1.202820450335401e-06 192
78 3.012056223291202e-07 44
81 1.398111606510551e-07 25

3 1.323499801429686e-05 18
6 4.194607421499759e-06 62
9 2.508017578051843e-06 98
12 3.670094138301949e-06 210
15 4.077970951068627e-06 350
18 4.311881680128141e-06 450
21 4.195640051858119e-06 602
24 4.799037548013505e-06 762
27 6.384270813718691e-06 1142
30 6.086174964777091e-06 1250
33 7.181497392022692e-06 1458
36 9.083869315720602e-06 1814
39 1.088425182942289e-05 2178
42 1.324682365747161e-05 2498
45 1.51053996757822e-05 2622
48 1.992054298741306e-05 3191
51 1.89356046216486e-05 3044
54 1.600822808170973e-05 2736
57 1.440962982679677e-05 2276
60 1.329809197017406e-05 2016
63 1.130705807669586e-05 1640
66 7.595563833321087e-06 1056
69 4.895446038206417e-06 683
72 2.476640746656225e-06 350
75 1.12288223732306e-06 192
78 2.951850832017425e-07 44
81 1.62003009848654e-07 25

3 1.68204205629028e-05 18
6 4.707878935487463e-06 62
9 2.713008772909503e-06 98
12 4.046558709911476e-06 210
15 4.090348519293707e-06 350
18 4.106349234113763e-06 450
21 4.351158146522608e-06 602
24 4.509377748487789e-06 762
27 6.075542063307919e-06 1142
30 6.450417730606805e-06 1250
33 6.686211115608085e-06 1458
36 8.842027998834419e-06 1814
39 1.141708498050504e-05 2178
42 1.35898422851571e-05 2498
45 1.507833811115884e-05 2622
48 1.964629421392783e-05 3191
51 1.848429601631387e-05 3044
54 1.677675850612204e-05 2736
57 1.429037527357263e-05 2276
60 1.347138273091093e-05 2016
63 1.078921321967866e-05 1640
66 7.504569339129265e-06 1056
69 4.746865003293293e-06 683
72 2.416489318846602e-06 350
75 1.234059890666324e-06 192
78 2.798724685311999e-07 44
81 1.853439110692238e-07 25

3 1.982269100974843e-05 18
6 5.144480311778454e-06 62
9 2.809228112724186e-06 98
12 4.016023241597388e-06 210
15 3.983853014633087e-06 350
18 4.062455716330656e-06 450
21 4.222645735907966e-06 602
24 4.672484495065776e-06 762
27 6.430949084134136e-06 1142
30 5.923801650940338e-06 1250
33 7.142021270966226e-06 1458
36 8.955597286923849e-06 1814
39 1.100606377123662e-05 2178
42 1.342880757303215e-05 2498
45 1.545775783041638e-05 2622
48 1.985876398677901e-05 3191
51 2.012803345026936e-05 3044
54 1.69062041217525e-05 2736
57 1.451235280051477e-05 2276
60 1.294885536829527e-05 2016
63 1.090105714029606e-05 1640
66 7.355652816924313e-06 1056
69 4.678943862533767e-06 683
72 2.474120538449709e-06 350
75 1.392985980119964e-06 192
78 2.627571399530589e-07 44
81 1.867525202999951e-07 25

3 2.177762011277515e-05 18
6 5.309388100108358e-06 62
9 2.765864490774177e-06 98
12 3.660272819742943e-06 210
15 3.946659998318617e-06 350
18 4.247736636595636e-06 450
21 4.22423532686134e-06 602
24 4.739929454063777e-06 762
27 5.978184661157569e-06 1142
30 6.587358845574328e-06 1250
33 6.835667386648575e-06 1458
36 8.806092704503684e-06 1814
39 1.125630235173585e-05 2178
42 1.346585543777059e-05 2498
45 1.523876738527757e-05 2622
48 1.968098464499132e-05 3191
51 1.881123741595679e-05 3044
54 1.647691932245486e-05 2736
57 1.456668541508477e-05 2276
60 1.289507067757225e-05 2016
63 1.151364576417538e-05 1640
66 7.452962593709121e-06 1056
69 4.76670597921912e-06 683
72 2.59660109659182e-06 350
75 1.488098004091024e-06 192
78 2.86413289720676e-07 44
81 1.61943652686646e-07 25

3 2.238407832230228e-05 18
6 5.236095126575499e-06 62
9 2.610771235368757e-06 98
12 3.499142196337922e-06 210
15 4.166719502002452e-06 350
18 4.242943217944102e-06 450
21 4.423670764415143e-06 602
24 4.596511717566253e-06 762
27 6.409904329499069e-06 1142
30 6.011488438248695e-06 1250
33 7.136639421351316e-06 1458
36 9.16120089688707e-06 1814
39 1.142626591326208e-05 2178
42 1.375634885063669e-05 2498
45 1.525309383373945e-05 2622
48 2.025600193698884e-05 3191
51 1.936790254901444e-05 3044
54 1.665664560403875e-05 2736
57 1.423121103360107e-05 2276
60 1.375058541962532e-05 2016
63 1.148968598245797e-05 1640
66 7.530383668252474e-06 1056
69 4.962284540566002e-06 683
72 2.69547523609376e-06 350
75 1.514395598677105e-06 192
78 2.901392030939916e-07 44
81 1.23162395378534e-07 25

3 2.148574535327017e-05 18
6 4.962382580104001e-06 62
9 2.492797424158337e-06 98
12 3.619423237370963e-06 210
15 4.202609003244957e-06 350
18 4.060182044618337e-06 450
21 4.373995777300251e-06 602
24 4.884224004597692e-06 762
27 6.162067697729849e-06 1142
30 6.526826281400418e-06 1250
33 6.994813367197264e-06 1458
36 8.934646491629529e-06 1814
39 1.12411708768206e-05 2178
42 1.353860743444862e-05 2498
45 1.554515669926967e-05 2622
48 1.990354497025604e-05 3191
51 2.017160146088928e-05 3044
54 1.685102104079066e-05 2736
57 1.494827265690399e-05 2276
60 1.360527859446455e-05 2016
63 1.126176651884482e-05 1640
66 7.532585314449194e-06 1056
69 5.083887165017364e-06 683
72 2.633383695336365e-06 350
75 1.422756512261103e-06 192
78 2.754495151346419e-07 44
81 1.015402795682427e-07 25

3 1.915756794401082e-05 18
6 4.530029781231622e-06 62
9 2.51640556842749e-06 98
12 3.939800114295577e-06 210
15 4.023087367373059e-06 350
18 4.162528044676274e-06 450
21 4.23601384747846e-06 602
24 4.628380525879491e-06 762
27 6.27412665373167e-06 1142
30 6.156590999067151e-06 1250
33 6.957880873678655e-06 1458
36 9.154954911233832e-06 1814
39 1.135291311975212e-05 2178
42 1.370906392324614e-05 2498
45 1.533109918760676e-05 2622
48 1.972458542030744e-05 3191
51 1.908506050539566e-05 3044
54 1.68955362711867e-05 2736
57 1.526989906737865e-05 2276
60 1.298187631171938e-05 2016
63 1.145774413997774e-05 1640
66 7.461368711279621e-06 1056
69 4.870777411209804e-06 683
72 2.45202408789992e-06 350
75 1.267597441053008e-06 192
78 2.898507936142977e-07 44
81 1.08731892005567e-07 25

3 1.577534572069297e-05 18
6 3.964210567581907e-06 62
9 2.650689549214283e-06 98
12 4.015661148857608e-06 210
15 3.855792283350216e-06 350
18 4.197879535529587e-06 450
21 4.459589793224922e-06 602
24 4.678061972457474e-06 762
27 6.454104938796421e-06 1142
30 6.369755036653743e-06 1250
33 7.035950237554961e-06 1458
36 8.984956436150462e-06 1814
39 1.112134131724529e-05 2178
42 1.358012169874528e-05 2498
45 1.52451536501417e-05 2622
48 2.000871498452701e-05 3191
51 1.953167855216596e-05 3044
54 1.682337943982607e-05 2736
57 1.440117493143538e-05 2276
60 1.348368176332463e-05 2016
63 1.145383841671206e-05 1640
66 7.403717088495007e-06 1056
69 4.660253642359869e-06 683
72 2.355338866335105e-06 350
75 1.231290587609837e-06 192
78 3.078693532950397e-07 44
81 1.635859808041189e-07 25

3 1.190928068621949e-05 18
6 3.53464435712264e-06 62
9 2.746385872302721e-06 98
12 3.81971807566902e-06 210
15 4.157102737424614e-06 350
18 4.121832894810064e-06 450
21 4.336607498975545e-06 602
24 4.676319823223803e-06 762
27 6.000325605890349e-06 1142
30 6.381673672686975e-06 1250
33 7.003683089402425e-06 1458
36 8.934708694519118e-06 1814
39 1.124305417161939e-05 2178
42 1.329853821581693e-05 2498
45 1.554435887889344e-05 2622
48 1.967125354078375e-05 3191
51 1.908228346278488e-05 3044
54 1.64792787746169e-05 2736
57 1.442196186110898e-05 2276
60 1.374834038036571e-05 2016
63 1.100115096249925e-05 1640
66 7.339737923508188e-06 1056
69 4.668059345506914e-06 683
72 2.403636608053853e-06 350
75 1.277735011402118e-06 192
78 2.930298217434742e-07 44
81 2.147777105210425e-07 25

3 8.223793892128202e-06 18
6 3.401565730372922e-06 62
9 2.697130479788172e-06 98
12 3.650736496816304e-06 210
15 4.33793393628112e-06 350
18 4.043628018177316e-06 450
21 4.163999086338221e-06 602
24 4.534309369696081e-06 762
27 6.495598073307464e-06 1142
30 6.116973210833375e-06 1250
33 6.8799554368339e-06 1458
36 8.996139409228202e-06 1814
39 1.121892211892115e-05 2178
42 1.364061165301026e-05 2498
45 1.491672577269522e-05 2622
48 1.973578956205718e-05 3191
51 1.921868513988809e-05 3044
54 1.649674715948075e-05 2736
57 1.504779888421728e-05 2276
60 1.300768005468808e-05 2016
63 1.100424029527145e-05 1640
66 7.169429542257639e-06 1056
69 4.819719077279261e-06 683
72 2.562052932844595e-06 350
75 1.43261089279011e-06 192
78 2.571131964568568e-07 44
81 2.24566988697212e-07 25

3 5.185292212348603e-06 18
6 3.625289931929956e-06 62
9 2.564010296185698e-06 98
12 3.541293085641236e-06 210
15 4.00881863622552e-06 350
18 4.206912697679274e-06 450
21 4.378317379903172e-06 602
24 4.817374148265582e-06 762
27 6.036073079483209e-06 1142
30 6.566654440661783e-06 1250
33 6.898054584827796e-06 1458
36 8.883801580511307e-06 1814
39 1.111737543196831e-05 2178
42 1.335642845852625e-05 2498
45 1.559450718811507e-05 2622
48 2.001941370303717e-05 3191
51 1.872098810164714e-05 3044
54 1.651587340433407e-05 2736
57 1.454835791709611e-05 2276
60 1.318389154669362e-05 2016
63 1.125224314800699e-05 1640
66 7.349918466501399e-06 1056
69 4.908271265138441e-06 683
72 2.620735039762431e-06 350
75 1.591462135270336e-06 192
78 2.298666097421645e-07 44
81 1.832691883919628e-07 25

3 3.131781666225165e-06 18
6 4.102617065615883e-06 62
9 2.439035222809647e-06 98
12 3.673908269137719e-06 210
15 3.796491634525791e-06 350
18 4.181504830999809e-06 450
21 4.26599339712233e-06 602
24 4.559869778683609e-06 762
27 6.358290317741212e-06 1142
30 6.101459576632273e-06 1250
33 6.886109030327989e-06 1458
36 8.891843901212056e-06 1814
39 1.13023190907638e-05 2178
42 1.362659083814985e-05 2498
45 1.538041895275243e-05 2622
48 1.984158536069991e-05 3191
51 1.918406497475373e-05 3044
54 1.644321768806852e-05 2736
57 1.406209722225594e-05 2276
60 1.356278846503094e-05 2016
63 1.085309745614085e-05 1640
66 7.574890925469494e-06 1056
69 4.869443685992753e-06 683
72 2.488559269757093e-06 350
75 1.585027738589997e-06 192
78 2.552789333442008e-07 44
81 1.41365321996825e-07 25

3 2.327587357888236e-06 18
6 4.727234512577688e-06 62
9 2.479784182885833e-06 98
12 3.75607641639494e-06 210
15 4.073233352581021e-06 350
18 4.048468065924702e-06 450
21 4.070370482003021e-06 602
24 4.681558905263424e-06 762
27 6.263900857530133e-06 1142
30 6.440796972617428e-06 1250
33 6.940841641701465e-06 1458
36 8.922826128356738e-06 1814
39 1.119782983281227e-05 2178
42 1.350514097878744e-05 2498
45 1.541866084593469e-05 2622
48 2.017833815965713e-05 3191
51 1.967854354847957e-05 3044
54 1.673872205598636e-05 2736
57 1.486408702150182e-05 2276
60 1.325977216252641e-05 2016
63 1.084816998529375e-05 1640
66 7.525947542446662e-06 1056
69 4.698220508581801e-06 683
72 2.370617983815068e-06 350
75 1.366566742797709e-06 192
78 3.17039849938025e-07 44
81 1.165853542865313e-07 25

3 2.870266555889775e-06 18
6 5.277071878866343e-06 62
9 2.636294212469812e-06 98
12 3.795949245853277e-06 210
15 4.319286911207144e-06 350
18 4.127608521475206e-06 450
21 4.309871593138885e-06 602
24 4.841501306376996e-06 762
27 6.114082575437884e-06 1142
30 6.168600301611001e-06 1250
33 6.932014104624207e-06 1458
36 9.147635311312282e-06 1814
39 1.158905940336064e-05 2178
42 1.375825633524926e-05 2498
45 1.602902796145745e-05 2622
48 2.059075251171908e-05 3191
51 1.900379372059057e-05 3044
54 1.702646852499113e-05 2736
57 1.512630872619123e-05 2276
60 1.359767605130971e-05 2016
63 1.169576938427745e-05 1640
66 7.420838651505347e-06 1056
69 4.809070434070951e-06 683
72 2.535282247487096e-06 350
75 1.168424714737796e-06 192
78 3.366894190890761e-07 44
81 1.318405348481887e-07 25

3 4.612238399736064e-06 18
6 5.563307239951183e-06 62
9 2.767500291541474e-06 98
12 3.695252531875524e-06 210
15 4.052657474345045e-06 350
18 4.182681237019397e-06 450
21 4.329158253006786e-06 602
24 4.570504686601203e-06 762
27 6.523123066799917e-06 1142
30 6.365376249918996e-06 1250
33 7.004986037131536e-06 1458
36 8.953518299302096e-06 1814
39 1.118075694019374e-05 2178
42 1.372985296891438e-05 2498
45 1.519001219814502e-05 2622
48 2.000294545658563e-05 3191
51 1.994177846291507e-05 3044
54 1.695738090089254e-05 2736
57 1.463512484569272e-05 2276
60 1.390137567781634e-05 2016
63 1.174278267442589e-05 1640
66 7.496366046588349e-06 1056
69 4.914611057330389e-06 683
72 2.798052992638376e-06 350
75 1.221566677020927e-06 192
78 3.054369222671988e-07 44
81 1.684759059219894e-07 25

3 7.206600263100954e-06 18
6 5.509462878754467e-06 62
9 2.811488634373548e-06 98
12 3.611635173559826e-06 210
15 3.763679644126423e-06 350
18 4.120429461466036e-06 450
21 4.005386060887123e-06 602
24 4.759824823671554e-06 762
27 6.02731137901223e-06 1142
30 6.327161781060821e-06 1250
33 6.904651056258178e-06 1458
36 9.238872292630223e-06 1814
39 1.156402029186989e-05 2178
42 1.373951539351261e-05 2498
45 1.590147965310586e-05 2622
48 2.062411884800063e-05 3191
51 1.950323231989293e-05 3044
54 1.696247561800529e-05 2736
57 1.443712733568409e-05 2276
60 1.32898770061696e-05 2016
63 1.100552860627753e-05 1640
66 7.546133230554536e-06 1056
69 4.950364535556576e-06 683
72 2.886761961739788e-06 350
75 1.504224585286089e-06 192
78 2.642566122121624e-07 44
81 1.848927241485117e-07 25

3 1.018439057437996e-05 18
6 5.114432138479063e-06 62
9 2.653439452811139e-06 98
12 3.585860256422991e-06 210
15 3.942060376314977e-06 350
18 4.061963994574608e-06 450
21 4.249838715454884e-06 602
24 4.746064045709221e-06 762
27 6.34747909632493e-06 1142
30 6.137550071595976e-06 1250
33 7.003046190414938e-06 1458
36 8.845105600685222e-06 1814
39 1.10626166071712e-05 2178
42 1.378898923232392e-05 2498
45 1.516882198193094e-05 2622
48 1.994912636028747e-05 3191
51 1.920629282195386e-05 3044
54 1.67780945320561e-05 2736
57 1.486227361698844e-05 2276
60 1.34391079052505e-05 2016
63 1.117178489299804e-05 1640
66 7.295232540931903e-06 1056
69 4.807001309294055e-06 683
72 2.603356478059506e-06 350
75 1.649013738498859e-06 192
78 2.569175134015508e-07 44
81 1.730619900850401e-07 25

3 1.30696054266506e-05 18
6 4.386131612944377e-06 62
9 2.454571331964024e-06 98
12 3.561003627507003e-06 210
15 4.183484560103544e-06 350
18 4.086647053395282e-06 450
21 4.303619282443408e-06 602
24 4.467043538755044e-06 762
27 6.190779897984883e-06 1142
30 6.39840577665874e-06 1250
33 6.859075261825951e-06 1458
36 9.100043173109762e-06 1814
39 1.143692836311568e-05 2178
42 1.338247135869878e-05 2498
45 1.539967676034901e-05 2622
48 1.991206713357706e-05 3191
51 1.947284719464589e-05 3044
54 1.6736368251698e-05 2736
57 1.473822412533664e-05 2276
60 1.360271005818091e-05 2016
63 1.155920621635885e-05 1640
66 7.509537744614681e-06 1056
69 4.671516027753421e-06 683
72 2.418166064658845e-06 350
75 1.42323254627801e-06 192
78 2.94078598615709e-07 44
81 1.252240289515852e-07 25

3 1.553423626583503e-05 18
6 3.592910513244855e-06 62
9 2.419440701402501e-06 98
12 3.641158653420037e-06 210
15 4.039845970819993e-06 350
18 4.106222705926295e-06 450
21 4.060122590082646e-06 602
24 4.821295403321099e-06 762
27 5.992964264602145e-06 1142
30 6.113950612520076e-06 1250
33 6.938998082644576e-06 1458
36 8.828157244206823e-06 1814
39 1.106412292297151e-05 2178
42 1.378010970857674e-05 2498
45 1.538503972329704e-05 2622
48 1.997242908454055e-05 3191
51 1.915539830772359e-05 3044
54 1.658062655329598e-05 2736
57 1.399339267154048e-05 2276
60 1.311227788414111e-05 2016
63 1.123261957458378e-05 1640
66 7.612419806983875e-06 1056
69 4.705877924710175e-06 683
72 2.556687080259891e-06 350
75 1.111062060740672e-06 192
78 3.281119701437549e-07 44
81 1.020452199526578e-07 25

3 1.729573596560915e-05 18
6 3.055254833399441e-06 62
9 2.535052678123996e-06 98
12 3.704743662286291e-06 210
15 3.785714191947575e-06 350
18 4.094679431509322e-06 450
21 4.182904378092891e-06 602
24 4.634816225504688e-06 762
27 6.45375551813656e-06 1142
30 6.504451898541776e-06 1250
33 6.885889662292981e-06 1458
36 9.053414582272597e-06 1814
39 1.12056628968632e-05 2178
42 1.313548673009421e-05 2498
45 1.491735646446851e-05 2622
48 1.97435500521002e-05 3191
51 1.955181058863879e-05 3044
54 1.659933410359302e-05 2736
57 1.458718051013732e-05 2276
60 1.342108577839006e-05 2016
63 1.103002156215488e-05 1640
66 7.189756382206242e-06 1056
69 4.906603752075798e-06 683
72 2.765663466855533e-06 350
75 1.133242872471504e-06 192
78 3.276560421219737e-07 44
81 1.30684206518862e-07 25

3 1.812034998629833e-05 18
6 2.951517952451131e-06 62
9 2.750595961393374e-06 98
12 3.678725155766712e-06 210
15 3.906702449253163e-06 350
18 4.01619193640071e-06 450
21 4.265193825963668e-06 602
24 4.517870972663895e-06 762
27 5.983381709142616e-06 1142
30 6.165429130197602e-06 1250
33 6.843926913183682e-06 1458
36 8.964077399182843e-06 1814
39 1.128022336978583e-05 2178
42 1.395256291636576e-05 2498
45 1.547476063241831e-05 2622
48 1.983268688799715e-05 3191
51 1.91853183125936e-05 3044
54 1.669093360238593e-05 2736
57 1.4996219820957e-05 2276
60 1.381847547216579e-05 2016
63 1.140778167806482e-05 1640
66 7.142702663132393e-06 1056
69 5.095009730715651e-06 683
72 2.742286948905596e-06 350
75 1.46523840677136e-06 192
78 2.832145195364708e-07 44
81 1.863334902375044e-07 25

3 1.803641674561618e-05 18
6 3.29238802673543e-06 62
9 2.864469143914761e-06 98
12 3.597257767155377e-06 210
15 4.136061698621276e-06 350
18 4.043060988677378e-06 450
21 4.108101443575472e-06 602
24 4.865905436852406e-06 762
27 6.360510259351349e-06 1142
30 6.448142511695659e-06 1250
33 6.936088757605996e-06 1458
36 9.056901507186145e-06 1814
39 1.110433303085837e-05 2178
42 1.31618279424417e-05 2498
45 1.528743038848717e-05 2622
48 1.998663697333915e-05 3191
51 1.96717255360131e-05 3044
54 1.677609192206949e-05 2736
57 1.428580978312681e-05 2276
60 1.3472880879276e-05 2016
63 1.127002195909774e-05 1640
66 7.605201620629216e-06 1056
69 5.020776038063261e-06 683
72 2.468607924932812e-06 350
75 1.65153693353089e-06 192
78 2.565031827041857e-07 44
81 2.137451449324176e-07 25

3 1.709987785418359e-05 18
6 4.016980875989842e-06 62
9 2.815500557726818e-06 98
12 3.533738122842216e-06 210
15 4.18879518524496e-06 350
18 4.137320351514566e-06 450
21 4.154135098085356e-06 602
24 4.549566088732406e-06 762
27 6.255767547712416e-06 1142
30 6.413836962119375e-06 1250
33 6.803613014338681e-06 1458
36 9.084637230716227e-06 1814
39 1.149654690424725e-05 2178
42 1.39770515861226e-05 2498
45 1.555909629385255e-05 2622
48 1.988026944965732e-05 3191
51 1.921033522824189e-05 3044
54 1.69633522323584e-05 2736
57 1.490232495754345e-05 2276
60 1.34430363118278e-05 2016
63 1.130604292303764e-05 1640
66 7.567716051245019e-06 1056
69 4.646119430194545e-06 683
72 2.416178171367897e-06 350
75 1.473359022250258e-06 192
78 2.716271141931961e-07 44
81 1.789748251572057e-07 25

3 1.555762243800099e-05 18
6 4.875056899838214e-06 62
9 2.673870023829167e-06 98
12 3.5258615734603e-06 210
15 3.930851691926123e-06 350
18 4.022700100015499e-06 450
21 4.309413835322382e-06 602
24 4.562813658773202e-06 762
27 6.059413998385117e-06 1142
30 6.263958025353658e-06 1250
33 7.09071625130502e-06 1458
36 9.036785565150279e-06 1814
39 1.10743740239764e-05 2178
42 1.339477906200986e-05 2498
45 1.536707309115186e-05 2622
48 2.030195945585178e-05 3191
51 1.974790851241116e-05 3044
54 1.664727267149234e-05 2736
57 1.510701221049854e-05 2276
60 1.373069301324869e-05 2016
63 1.177554833137251e-05 1640
66 7.208482114880914e-06 1056
69 4.730496236341061e-06 683
72 2.563402666094136e-06 350
75 1.171170904437463e-06 192
78 3.37441118642227e-07 44
81 1.24360275484351e-07 25

3 1.368153602893038e-05 18
6 5.595688524803499e-06 62
9 2.470884542269773e-06 98
12 3.611559729627631e-06 210
15 3.891737437002322e-06 350
18 4.015266745838643e-06 450
21 4.177542741300573e-06 602
24 4.836096650769782e-06 762
27 6.469366051065845e-06 1142
30 6.59268813668286e-06 1250
33 6.720342554168918e-06 1458
36 9.005847080069514e-06 1814
39 1.165238246004882e-05 2178
42 1.40900135874412e-05 2498
45 1.583175097946467e-05 2622
48 2.003512943703705e-05 3191
51 1.920090302923582e-05 3044
54 1.705008880662653e-05 2736
57 1.453109321397441e-05 2276
60 1.362665920528432e-05 2016
63 1.133772612724325e-05 1640
66 7.565747387481431e-06 1056
69 5.025217777567977e-06 683
72 2.69437467453358e-06 350
75 1.231985391484414e-06 192
78 3.611404654872842e-07 44
81 1.097522196676131e-07 25

3 1.188240312084639e-05 18
6 5.902192495459379e-06 62
9 2.435505423966577e-06 98
12 3.647443027163304e-06 210
15 4.091772735283449e-06 350
18 4.099805899960438e-06 450
21 4.07696311756317e-06 602
24 4.453223200655383e-06 762
27 6.116235621679428e-06 1142
30 6.10572096744093e-06 1250
33 7.093654390133663e-06 1458
36 9.027028046138757e-06 1814
39 1.100144697114601e-05 2178
42 1.338666109378604e-05 2498
45 1.531818740594883e-05 2622
48 2.001843101671147e-05 3191
51 1.973750979774571e-05 3044
54 1.659764855867312e-05 2736
57 1.493738553727377e-05 2276
60 1.339292137832834e-05 2016
63 1.109140042783921e-05 1640
66 7.793291306304424e-06 1056
69 4.901744773654446e-06 683
72 2.541417134389548e-06 350
75 1.508054928750993e-06 192
78 3.079531256748304e-07 44
81 1.531483092696414e-07 25

3 1.048048217034049e-05 18
6 5.647568402240245e-06 62
9 2.576295095093594e-06 98
12 3.637110051702652e-06 210
15 4.029372140096116e-06 350
18 4.086381804673919e-06 450
21 4.33340573040558e-06 602
24 4.594430061624028e-06 762
27 6.248669723343755e-06 1142
30 6.523938378218373e-06 1250
33 6.782984921712631e-06 1458
36 8.925524357889293e-06 1814
39 1.151535351178459e-05 2178
42 1.378257682264693e-05 2498
45 1.56690584224427e-05 2622
48 1.998542519178704e-05 3191
51 1.881528931618927e-05 3044
54 1.654511736548695e-05 2736
57 1.463199452130862e-05 2276
60 1.333468974869983e-05 2016
63 1.166679752108368e-05 1640
66 7.428131021522484e-06 1056
69 4.767503998342636e-06 683
72 2.392898185276103e-06 350
75 1.519857723548886e-06 192
78 2.596212548960928e-07 44
81 1.919624647119016e-07 25

3 9.642094956616636e-06 18
6 4.943725092575081e-06 62
9 2.713003432885196e-06 98
12 3.544845319218879e-06 210
15 3.862215524025725e-06 350
18 3.940758198547734e-06 450
21 4.22351375330507e-06 602
24 4.759393078107619e-06 762
27 6.259310115569508e-06 1142
30 6.160783632966933e-06 1250
33 6.960335963068734e-06 1458
36 8.910486811412393e-06 1814
39 1.097472183190155e-05 2178
42 1.361853881706141e-05 2498
45 1.51334014564034e-05 2622
48 1.951633797147835e-05 3191
51 1.956508827316199e-05 3044
54 1.695893328557602e-05 2736
57 1.449071784290297e-05 2276
60 1.334536242542696e-05 2016
63 1.117461271921036e-05 1640
66 7.264593193073323e-06 1056
69 4.870932586991875e-06 683
72 2.573129980505225e-06 350
75 1.238502492519547e-06 192
78 2.781307575721758e-07 44
81 1.779378186432097e-07 25

3 9.395339227469884e-06 18
6 4.033164581622395e-06 62
9 2.80123344439716e-06 98
12 3.512650699724555e-06 210
15 3.916909429011108e-06 350
18 3.961639525479141e-06 450
21 4.047344279480396e-06 602
24 4.420960324830909e-06 762
27 6.049680932709162e-06 1142
30 6.393508851375069e-06 1250
33 6.93435420722004e-06 1458
36 8.928187263860973e-06 1814
39 1.143164072085938e-05 2178
42 1.338986436539496e-05 2498
45 1.532136518302601e-05 2622
48 2.035412779117198e-05 3191
51 1.874502395959774e-05 3044
54 1.596739654757006e-05 2736
57 1.469216135338083e-05 2276
60 1.327617561263415e-05 2016
63 1.088419412998816e-05 1640
66 7.555765051508091e-06 1056
69 4.720863632087815e-06 683
72 2.697542170798157e-06 350
75 1.089354115181743e-06 192
78 3.347113789080189e-07 44
81 1.2588222838378e-07 25

3 9.672360923516503e-06 18
6 3.196276721125459e-06 62
9 2.711537091084022e-06 98
12 3.563557438765259e-06 210
15 4.011070527409361e-06 350
18 4.007694239012156e-06 450
21 4.209795911081605e-06 602
24 4.682204641110894e-06 762
27 6.229609867796091e-06 1142
30 6.380365428268382e-06 1250
33 6.775239358752198e-06 1458
36 8.974957732568337e-06 1814
39 1.105219589066899e-05 2178
42 1.391522975145418e-05 2498
45 1.503490492033297e-05 2622
48 1.953475999495553e-05 3191
51 1.900136530231716e-05 3044
54 1.721903755872953e-05 2736
57 1.408049736651327e-05 2276
60 1.321001223300524e-05 2016
63 1.145673404143671e-05 1640
66 7.494251318828225e-06 1056
69 4.658315003261899e-06 683
72 2.588849907408386e-06 350
75 1.32812897581079e-06 192
78 3.52659756397267e-07 44
81 1.287157075758594e-07 25

3 1.03384205338894e-05 18
6 2.765048949417907e-06 62
9 2.545843371338172e-06 98
12 3.651291367150369e-06 210
15 3.927466968929327e-06 350
18 4.023210708459815e-06 450
21 4.344336070433615e-06 602
24 4.703761188996689e-06 762
27 6.118207156687251e-06 1142
30 6.262309952789151e-06 1250
33 7.056946075154645e-06 1458
36 8.931893133764889e-06 1814
39 1.145900509169262e-05 2178
42 1.331309729644443e-05 2498
45 1.545607565208276e-05 2622
48 2.029684721811767e-05 3191
51 1.978440303195905e-05 3044
54 1.665296071688996e-05 2736
57 1.491875276231793e-05 2276
60 1.338119941085309e-05 2016
63 1.128069774158327e-05 1640
66 7.34903721582661e-06 1056
69 4.923926155286725e-06 683
72 2.519458203674176e-06 350
75 1.602887848739753e-06 192
78 3.025847780899128e-07 44
81 1.720977617367941e-07 25

3 1.123020127236085e-05 18
6 2.83008929399386e-06 62
9 2.447735751289338e-06 98
12 3.675826998139738e-06 210
15 3.867277791121679e-06 350
18 3.91793495734124e-06 450
21 4.157272555397964e-06 602
24 4.525991371410389e-06 762
27 6.100002713137073e-06 1142
30 6.464459199315646e-06 1250
33 6.670712494997913e-06 1458
36 8.933025540606582e-06 1814
39 1.114257298163459e-05 2178
42 1.417872085614247e-05 2498
45 1.528684791182876e-05 2622
48 2.01593619605582e-05 3191
51 1.858405953677717e-05 3044
54 1.669013658238004e-05 2736
57 1.45416969939997e-05 2276
60 1.353368345503694e-05 2016
63 1.116083525353875e-05 1640
66 7.426275346629114e-06 1056
69 4.978138895923374e-06 683
72 2.597365938876543e-06 350
75 1.468527383834626e-06 192
78 2.482811117501875e-07 44
81 1.958264892912954e-07 25

3 1.213554915891302e-05 18
6 3.395342927446418e-06 62
9 2.460711763069318e-06 98
12 3.597777240269476e-06 210
15 3.844005708757412e-06 350
18 3.961354875564433e-06 450
21 4.136811934567427e-06 602
24 4.781022515602843e-06 762
27 6.270103995286878e-06 1142
30 6.133319761626894e-06 1250
33 7.169290100858219e-06 1458
36 8.909393029896581e-06 1814
39 1.155531067963944e-05 2178
42 1.343051370602153e-05 2498
45 1.56748575281755e-05 2622
48 2.01116759368821e-05 3191
51 2.015986514682541e-05 3044
54 1.717235179819533e-05 2736
57 1.450991598474025e-05 2276
60 1.348869421315278e-05 2016
63 1.165623491906266e-05 1640
66 7.437190433075605e-06 1056
69 4.921978497252797e-06 683
72 2.567865328897964e-06 350
75 1.195615191622753e-06 192
78 2.857987799103403e-07 44
81 1.709169678451717e-07 25

3 1.28347633631681e-05 18
6 4.224597047864194e-06 62
9 2.560180067675117e-06 98
12 3.609986369802003e-06 210
15 4.002686103377584e-06 350
18 4.034968267140782e-06 450
21 4.288711006726746e-06 602
24 4.623420460907141e-06 762
27 6.100755804338087e-06 1142
30 6.482238638863999e-06 1250
33 6.624663268211666e-06 1458
36 8.879598875303971e-06 1814
39 1.112453768487922e-05 2178
42 1.388315601732257e-05 2498
45 1.543122487639256e-05 2622
48 2.042344594355844e-05 3191
51 1.900873942253996e-05 3044
54 1.628258395864877e-05 2736
57 1.550396083468572e-05 2276
60 1.351623480359793e-05 2016
63 1.109272258564385e-05 1640
66 7.648381335637914e-06 1056
69 4.898104019839363e-06 683
72 2.549205805519231e-06 350
75 1.265674501204457e-06 192
78 3.299583977122338e-07 44
81 1.365547364236389e-07 25

3 1.30926259159412e-05 18
6 5.012236149522254e-06 62
9 2.725169376765352e-06 98
12 3.623149343309208e-06 210
15 3.981085111289915e-06 350
18 3.993829909738438e-06 450
21 4.159035678684721e-06 602
24 4.538333099670194e-06 762
27 6.176933480608651e-06 1142
30 6.118777880554962e-06 1250
33 7.125174676461159e-06 1458
36 8.896831798283256e-06 1814
39 1.156884855375125e-05 2178
42 1.333988829966503e-05 2498
45 1.539758686277205e-05 2622
48 1.972175679340117e-05 3191
51 1.947978687911301e-05 3044
54 1.71154243746663e-05 2736
57 1.435952182324297e-05 2276
60 1.351657790910666e-05 2016
63 1.130736734027312e-05 1640
66 7.543402682468528e-06 1056
69 4.819028682982111e-06 683
72 2.60178100626455e-06 350
75 1.502942790506402e-06 192
78 3.305729626243925e-07 44
81 1.688615030327532e-07 25

3 1.274882396492227e-05 18
6 5.502346103133204e-06 62
9 2.791561625263986e-06 98
12 3.582829582409439e-06 210
15 3.812423554617937e-06 350
18 3.925390928784723e-06 450
21 4.038994070043604e-06 602
24 4.792752823314229e-06 762
27 6.161699540762932e-06 1142
30 6.271356227405786e-06 1250
33 6.743937515994486e-06 1458
36 8.885027357135861e-06 1814
39 1.097502636153013e-05 2178
42 1.387892282105689e-05 2498
45 1.548918324209366e-05 2622
48 2.014908076887037e-05 3191
51 1.930854730546156e-05 3044
54 1.654654976049424e-05 2736
57 1.428729336226859e-05 2276
60 1.335674575205458e-05 2016
63 1.154038716614546e-05 1640
66 7.370310716308173e-06 1056
69 4.684275929381234e-06 683
72 2.583265964114783e-06 350
75 1.52010274598318e-06 192
78 2.90026418628502e-07 44
81 2.05110582723279e-07 25

3 1.191352901417502e-05 18
6 5.560578597995587e-06 62
9 2.691585478878759e-06 98
12 3.480962343948424e-06 210
15 3.781661299434438e-06 350
18 4.015031419479729e-06 450
21 4.200022205932684e-06 602
24 4.545506044000447e-06 762
27 6.002516986697522e-06 1142
30 6.328004689638058e-06 1250
33 6.961450295463313e-06 1458
36 8.864186399209078e-06 1814
39 1.137623076341636e-05 2178
42 1.318795887165846e-05 2498
45 1.512007644111306e-05 2622
48 1.950370309600826e-05 3191
51 1.888529238064616e-05 3044
54 1.642985136804266e-05 2736
57 1.518222561478968e-05 2276
60 1.347584133610547e-05 2016
63 1.104052730533816e-05 1640
66 7.527984783413537e-06 1056
69 4.692820425621606e-06 683
72 2.506421909515651e-06 350
75 1.292657812203481e-06 192
78 2.911592862526184e-07 44
81 1.95858410593605e-07 25

3 1.066019796888657e-05 18
6 5.187939868133657e-06 62
9 2.523521607638534e-06 98
12 3.461753900327852e-06 210
15 3.937183508471411e-06 350
18 4.037316485693022e-06 450
21 4.19312338939302e-06 602
24 4.507316310312354e-06 762
27 6.231041758707896e-06 1142
30 6.137665260383727e-06 1250
33 6.821974734850626e-06 1458
36 8.862615732482954e-06 1814
39 1.089999407727196e-05 2178
42 1.37796875363961e-05 2498
45 1.531240230815415e-05 2622
48 1.995513741109401e-05 3191
51 1.942863462072972e-05 3044
54 1.669209694043174e-05 2736
57 1.392364583881365e-05 2276
60 1.338572484548605e-05 2016
63 1.134961471174906e-05 1640
66 7.516501231096257e-06 1056
69 4.874451717994493e-06 683
72 2.601637802289822e-06 350
75 1.192461304311264e-06 192
78 3.380740606344225e-07 44
81 1.324993860399671e-07 25

3 9.263162428778377e-06 18
6 4.531091132001165e-06 62
9 2.369031113303166e-06 98
12 3.53932971381262e-06 210
15 4.083940460977141e-06 350
18 3.903102196707487e-06 450
21 4.007826804071059e-06 602
24 4.816530114680345e-06 762
27 6.115366817519856e-06 1142
30 6.356092900651195e-06 1250
33 6.735562943097974e-06 1458
36 8.786974674182186e-06 1814
39 1.138224333776832e-05 2178
42 1.323732650347025e-05 2498
45 1.511207175397454e-05 2622
48 1.971465111267645e-05 3191
51 1.915666846436997e-05 3044
54 1.660861804353843e-05 2736
57 1.471084038889231e-05 2276
60 1.343018622648989e-05 2016
63 1.133115072749958e-05 1640
66 7.186546297713355e-06 1056
69 5.106696836738018e-06 683
72 2.632915775761738e-06 350
75 1.357585899232227e-06 192
78 3.436065595008051e-07 44
81 1.128332572212103e-07 25

3 7.947659473938081e-06 18
6 3.769036564515652e-06 62
9 2.332755832533398e-06 98
12 3.623039047297312e-06 210
15 3.930815419557962e-06 350
18 3.833761160413704e-06 450
21 4.154450310550348e-06 602
24 4.556576610446218e-06 762
27 5.993647701688642e-06 1142
30 6.173659395481316e-06 1250
33 7.038444910469916e-06 1458
36 9.099031900287244e-06 1814
39 1.098377425736082e-05 2178
42 1.387277268950169e-05 2498
45 1.533005429768517e-05 2622
48 1.996370588950076e-05 3191
51 1.906945006187794e-05 3044
54 1.655310926402464e-05 2736
57 1.513952134864759e-05 2276
60 1.333618720112054e-05 2016
63 1.120642147445229e-05 1640
66 7.471872216608688e-06 1056
69 4.879649737622554e-06 683
72 2.454206601709284e-06 350
75 1.491376896867122e-06 192
78 2.804022629362294e-07 44
81 1.596774457640215e-07 25

3 6.995771190940883e-06 18
6 3.256647618772132e-06 62
9 2.4589361430849e-06 98
12 3.675127946840942e-06 210
15 3.750293803803883e-06 350
18 3.98184227528553e-06 450
21 4.321490352559824e-06 602
24 4.577388182704505e-06 762
27 6.256857465081634e-06 1142
30 6.315730439244021e-06 1250
33 6.582902839072942e-06 1458
36 8.81090333462648e-06 1814
39 1.133166623081565e-05 2178
42 1.35414655850649e-05 2498
45 1.535648097695121e-05 2622
48 1.99709216032408e-05 3191
51 1.954163922335966e-05 3044
54 1.707334337192108e-05 2736
57 1.408484145536063e-05 2276
60 1.350224562933135e-05 2016
63 1.15501875394964e-05 1640
66 7.472128548522744e-06 1056
69 4.713695184151707e-06 683
72 2.500574923090798e-06 350
75 1.357560242784594e-06 192
78 2.556204276225926e-07 44
81 1.997917549008309e-07 25

3 6.52216078205787e-06 18
6 3.069254820851856e-06 62
9 2.632684246238464e-06 98
12 3.607515874072422e-06 210
15 3.861662829436945e-06 350
18 4.012502688306967e-06 450
21 4.088061003128246e-06 602
24 4.837663590730459e-06 762
27 6.110979069454497e-06 1142
30 6.302863297038146e-06 1250
33 7.23682890784544e-06 1458
36 9.139331803688981e-06 1814
39 1.132817609623387e-05 2178
42 1.356223520832599e-05 2498
45 1.541262904544574e-05 2622
48 2.023785770824863e-05 3191
51 1.933784511076614e-05 3044
54 1.660053494811707e-05 2736
57 1.509522535779088e-05 2276
60 1.378309630822462e-05 2016
63 1.141410548447405e-05 1640
66 7.313627686348659e-06 1056
69 5.055206066850694e-06 683
72 2.733347594586004e-06 350
75 1.246343603925878e-06 192
78 3.14815242117927e-07 44
81 1.530467835852961e-07 25

3 6.688310745800002e-06 18
6 3.294730601021169e-06 62
9 2.724285910781948e-06 98
12 3.456087242776896e-06 210
15 4.080160019780124e-06 350
18 3.826959303577068e-06 450
21 4.042445358904187e-06 602
24 4.526418592108734e-06 762
27 6.124607326047618e-06 1142
30 6.174025325948579e-06 1250
33 6.672824538199875e-06 1458
36 8.769394444731684e-06 1814
39 1.123371781352994e-05 2178
42 1.379689517722622e-05 2498
45 1.560882653743161e-05 2622
48 2.005576695548225e-05 3191
51 1.942971000611337e-05 3044
54 1.68753691722522e-05 2736
57 1.472737977888496e-05 2276
60 1.328907725043664e-05 2016
63 1.150561486189417e-05 1640
66 7.589578102382178e-06 1056
69 4.932232007889051e-06 683
72 2.512124577292756e-06 350
75 1.342904884202596e-06 192
78 3.8774903807369e-07 44
81 1.267349245155035e-07 25

3 7.585387228279418e-06 18
6 3.844451197831694e-06 62
9 2.671908968889541e-06 98
12 3.418014387139904e-06 210
15 3.992206578303277e-06 350
18 3.880516473306862e-06 450
21 4.287545122233386e-06 602
24 4.615522939252889e-06 762
27 6.365709633723476e-06 1142
30 6.400703550996459e-06 1250
33 7.020426506801248e-06 1458
36 9.057739707518321e-06 1814
39 1.162105646057785e-05 2178
42 1.36222216892919e-05 2498
45 1.542093251101486e-05 2622
48 2.023073920346458e-05 3191
51 1.946801631354621e-05 3044
54 1.695667630921522e-05 2736
57 1.439355636290144e-05 2276
60 1.37201425392555e-05 2016
63 1.164558538136981e-05 1640
66 7.573517784041744e-06 1056
69 4.758497269995481e-06 683
72 2.352357310504944e-06 350
75 1.490986676295583e-06 192
78 3.259619531445705e-07 44
81 1.797293958645248e-07 25

3 9.114878829625925e-06 18
6 4.472385642027478e-06 62
9 2.586896173200717e-06 98
12 3.485020522159403e-06 210
15 3.820333245546464e-06 350
18 3.934671455655648e-06 450
21 4.195830696871982e-06 602
24 4.828593983764208e-06 762
27 5.980163361852804e-06 1142
30 6.189477459281306e-06 1250
33 6.915291070823013e-06 1458
36 8.888997763333171e-06 1814
39 1.076336281920405e-05 2178
42 1.371971511215185e-05 2498
45 1.551297905106958e-05 2622
48 1.993186182452591e-05 3191
51 1.92485748476129e-05 3044
54 1.654227699959668e-05 2736
57 1.513082288091197e-05 2276
60 1.362458479247853e-05 2016
63 1.106965524580158e-05 1640
66 7.428473429168379e-06 1056
69 5.031734729048776e-06 683
72 2.651780704747707e-06 350
75 1.434495334822909e-06 192
78 2.60687336565949e-07 44
81 2.252830254342385e-07 25

3 1.11360486530562e-05 18
6 4.948831476248677e-06 62
9 2.446815751729106e-06 98
12 3.640630955204539e-06 210
15 3.847573039116587e-06 350
18 3.934228683033879e-06 450
21 3.976156749671551e-06 602
24 4.511924647889531e-06 762
27 6.10136408916435e-06 1142
30 6.29496603194685e-06 1250
33 6.731541395977768e-06 1458
36 8.842024547141971e-06 1814
39 1.166744353194235e-05 2178
42 1.336710570595679e-05 2498
45 1.5186583177311e-05 2622
48 1.96576684136849e-05 3191
51 1.927271855980851e-05 3044
54 1.681489395697452e-05 2736
57 1.415797297577773e-05 2276
60 1.267156247955375e-05 2016
63 1.147969225029518e-05 1640
66 7.530055044886054e-06 1056
69 4.948564587858545e-06 683
72 2.670094363701382e-06 350
75 1.27128042488462e-06 192
78 3.184855789011146e-07 44
81 1.759664986653691e-07 25

3 1.338211651781127e-05 18
6 5.107104252381768e-06 62
9 2.373939445948483e-06 98
12 3.718316949418665e-06 210
15 3.996222648089068e-06 350
18 3.821380968354725e-06 450
21 4.150198186312042e-06 602
24 4.49842578135769e-06 762
27 6.277185381181374e-06 1142
30 6.353354264278531e-06 1250
33 6.942212087977513e-06 1458
36 8.840768658069259e-06 1814
39 1.060983923455538e-05 2178
42 1.361225762351981e-05 2498
45 1.538469530375133e-05 2622
48 2.004096493056737e-05 3191
51 1.918481508133651e-05 3044
54 1.661346224874725e-05 2736
57 1.461633171627783e-05 2276
60 1.363984539588449e-05 2016
63 1.114844494878829e-05 1640
66 7.480213943595835e-06 1056
69 4.752287567830715e-06 683
72 2.323162817801778e-06 350
75 1.364393188306255e-06 192
78 3.46136364781389e-07 44
81 1.347901121724444e-07 25

3 1.562776510417477e-05 18
6 4.950985311390045e-06 62
9 2.435266144885577e-06 98
12 3.55535730528979e-06 210
15 4.037047582837051e-06 350
18 3.83733337221766e-06 450
21 4.286665095097317e-06 602
24 4.837296047635697e-06 762
27 5.923236139964814e-06 1142
30 6.151197715711066e-06 1250
33 6.696630619178289e-06 1458
36 8.811653898767579e-06 1814
39 1.166593580609237e-05 2178
42 1.338843482282614e-05 2498
45 1.491316263799641e-05 2622
48 1.939757588381675e-05 3191
51 1.916055221470675e-05 3044
54 1.652540624060125e-05 2736
57 1.461554319211614e-05 2276
60 1.308295490490116e-05 2016
63 1.096700542342399e-05 1640
66 7.392436196406516e-06 1056
69 4.891651993954465e-06 683
72 2.516190368515557e-06 350
75 1.460764737119028e-06 192
78 2.792979950789466e-07 44
81 1.758493654297889e-07 25

3 1.751666437851514e-05 18
6 4.542888853033823e-06 62
9 2.53076691306659e-06 98
12 3.328483888712017e-06 210
15 3.910976415185836e-06 350
18 4.010250716406065e-06 450
21 4.010530989837016e-06 602
24 4.587909699896061e-06 762
27 6.176339615296721e-06 1142
30 6.329727457187195e-06 1250
33 6.846340413032632e-06 1458
36 8.906893902386481e-06 1814
39 1.067906424711597e-05 2178
42 1.353614836940024e-05 2498
45 1.546843667550192e-05 2622
48 2.023847349037824e-05 3191
51 1.913169943544275e-05 3044
54 1.662332316460596e-05 2736
57 1.444800019612204e-05 2276
60 1.293776338870326e-05 2016
63 1.14834789501257e-05 1640
66 7.494399189509656e-06 1056
69 4.877202848718083e-06 683
72 2.698331906132356e-06 350
75 1.271821952742655e-06 192
78 2.527639215836217e-07 44
81 2.007900528544607e-07 25

3 1.882754640669005e-05 18
6 4.037854717223058e-06 62
9 2.59765204247219e-06 98
12 3.292813704571248e-06 210
15 3.784299042158394e-06 350
18 3.938721585658699e-06 450
21 4.079039959340059e-06 602
24 4.424521227052446e-06 762
27 6.228911623579764e-06 1142
30 6.285339607178301e-06 1250
33 6.800630287794937e-06 1458
36 8.934909405868582e-06 1814
39 1.164788267268973e-05 2178
42 1.362495521330036e-05 2498
45 1.491768922269546e-05 2622
48 1.949363444367623e-05 3191
51 1.929748575885015e-05 3044
54 1.666599274120473e-05 2736
57 1.474568631540863e-05 2276
60 1.395784684527737e-05 2016
63 1.105054739356206e-05 1640
66 7.455073414266289e-06 1056
69 4.744166045630169e-06 683
72 2.439776754915889e-06 350
75 1.217556051199774e-06 192
78 3.242887561415338e-07 44
81 1.711847413734166e-07 25

3 1.936108623856319e-05 18
6 3.594858994240035e-06 62
9 2.620009921109376e-06 98
12 3.453485938983803e-06 210
15 3.875526802522395e-06 350
18 3.779196862410239e-06 450
21 4.322410988962387e-06 602
24 4.807605858683055e-06 762
27 5.947224407713961e-06 1142
30 6.237102935840757e-06 1250
33 6.805624540294992e-06 1458
36 8.761424686773635e-06 1814
39 1.084987045148298e-05 2178
42 1.361112783715176e-05 2498
45 1.551542237133176e-05 2622
48 2.043206744363317e-05 3191
51 1.92559285471304e-05 3044
54 1.643748128968616e-05 2736
57 1.4439301065264e-05 2276
60 1.297225271469787e-05 2016
63 1.127472972161561e-05 1640
66 7.484823557814169e-06 1056
69 4.727980482928182e-06 683
72 2.521324795152196e-06 350
75 1.405705525066903e-06 192
78 3.240456447162894e-07 44
81 1.510974018601039e-07 25

3 1.904864324657432e-05 18
6 3.389610136866092e-06 62
9 2.59988575489579e-06 98
12 3.634009742547803e-06 210
15 4.031830090907314e-06 350
18 3.851856946989216e-06 450
21 4.160454423716696e-06 602
24 4.637377065075977e-06 762
27 6.226238899346796e-06 1142
30 6.34241478906116e-06 1250
33 6.841372218962528e-06 1458
36 9.096310649230785e-06 1814
39 1.133760872610914e-05 2178
42 1.381536444094255e-05 2498
45 1.506932829411103e-05 2622
48 1.971107164764492e-05 3191
51 1.94064059386382e-05 3044
54 1.700542068614285e-05 2736
57 1.47113665124797e-05 2276
60 1.348644042861964e-05 2016
63 1.154652154033205e-05 1640
66 7.397313166901237e-06 1056
69 4.938977362802472e-06 683
72 2.689816497826688e-06 350
75 1.423503561317704e-06 192
78 2.543777190812825e-07 44
81 1.886166972840957e-07 25

3 1.776700810863717e-05 18
6 3.449603371040017e-06 62
9 2.532054399879664e-06 98
12 3.660410070146128e-06 210
15 3.964713620225961e-06 350
18 4.0662274352753e-06 450
21 3.927199209338531e-06 602
24 4.480400858084048e-06 762
27 6.158187356519066e-06 1142
30 6.296103232327504e-06 1250
33 6.777453388903512e-06 1458
36 8.749171121995702e-06 1814
39 1.113010229002089e-05 2178
42 1.363509059856361e-05 2498
45 1.547190445200752e-05 2622
48 2.022907104363009e-05 3191
51 1.931871863741054e-05 3044
54 1.621777888866504e-05 2736
57 1.458168008400105e-05 2276
60 1.389227793151627e-05 2016
63 1.121638330672241e-05 1640
66 7.515107642208425e-06 1056
69 4.943627368874129e-06 683
72 2.457259692288336e-06 350
75 1.241606095212492e-06 192
78 2.725910080876051e-07 44
81 1.876841633988387e-07 25

3 1.569077592270878e-05 18
6 3.745513820185522e-06 62
9 2.47564412126871e-06 98
12 3.474645006689688e-06 210
15 3.764858148418386e-06 350
18 3.941084732162231e-06 450
21 4.197076422363029e-06 602
24 4.653829803015452e-06 762
27 5.898004860202246e-06 1142
30 6.183687548801745e-06 1250
33 6.877266600340135e-06 1458
36 9.073152018688046e-06 1814
39 1.105216271728057e-05 2178
42 1.386934752564814e-05 2498
45 1.523002450088028e-05 2622
48 1.981082131390272e-05 3191
51 1.941161604903619e-05 3044
54 1.684599564441479e-05 2736
57 1.457697168310566e-05 2276
60 1.325072104783684e-05 2016
63 1.155393157139543e-05 1640
66 7.649177849608017e-06 1056
69 4.792888650875507e-06 683
72 2.418689624610659e-06 350
75 1.247231175224335e-06 192
78 3.329809466774066e-07 44
81 1.576113936629738e-07 25

3 1.305913907756167e-05 18
6 4.230926449481717e-06 62
9 2.472092719733838e-06 98
12 3.278531080693785e-06 210
15 3.722208206401155e-06 350
18 3.7895735189518e-06 450
21 4.293658688789941e-06 602
24 4.689537178357082e-06 762
27 6.239785494559853e-06 1142
30 6.370630835563644e-06 1250
33 6.743802876490632e-06 1458
36 8.75439450500547e-06 1814
39 1.126719409207038e-05 2178
42 1.341416957227176e-05 2498
45 1.51692035032297e-05 2622
48 1.997035454603673e-05 3191
51 1.923124714586461e-05 3044
54 1.638713349555491e-05 2736
57 1.442406541035087e-05 2276
60 1.349108298529328e-05 2016
63 1.148437208929956e-05 1640
66 7.298545519989387e-06 1056
69 5.095134806557465e-06 683
72 2.614871622733909e-06 350
75 1.402874376389443e-06 192
78 3.153099148159899e-07 44
81 1.423508077930294e-07 25

3 1.014943569106379e-05 18
6 4.665255673869824e-06 62
9 2.479037798905454e-06 98
12 3.241586539474237e-06 210
15 3.975007040873405e-06 350
18 3.850372974325827e-06 450
21 3.967613999221569e-06 602
24 4.426540104036371e-06 762
27 6.039694625168458e-06 1142
30 6.16881249242335e-06 1250
33 6.802613860446858e-06 1458
36 8.853195110929139e-06 1814
39 1.092212203765864e-05 2178
42 1.377148580474081e-05 2498
45 1.523291170135791e-05 2622
48 1.987469022721326e-05 3191
51 1.930908986413436e-05 3044
54 1.639547887717246e-05 2736
57 1.468701064533977e-05 2276
60 1.343290082570314e-05 2016
63 1.131663148850215e-05 1640
66 7.480911180447494e-06 1056
69 4.908557049956742e-06 683
72 2.578592835923955e-06 350
75 1.31710429892775e-06 192
78 2.840936031461842e-07 44
81 1.835022111610502e-07 25

3 7.293865442896428e-06 18
6 4.899771996445692e-06 62
9 2.516722375311145e-06 98
12 3.33343842778983e-06 210
15 4.059663312521398e-06 350
18 4.029312778073268e-06 450
21 3.969963952184564e-06 602
24 4.613311698980461e-06 762
27 5.777598559569735e-06 1142
30 6.163538762831111e-06 1250
33 6.71869903310373e-06 1458
36 8.880404925430483e-06 1814
39 1.130888313409106e-05 2178
42 1.332475867045693e-05 2498
45 1.49309639343341e-05 2622
48 1.973613998849853e-05 3191
51 1.91409894271398e-05 3044
54 1.639677712061184e-05 2736
57 1.428271096790979e-05 2276
60 1.312007872587729e-05 2016
63 1.123038699019482e-05 1640
66 7.300185770481144e-06 1056
69 4.648420499503517e-06 683
72 2.431845208994438e-06 350
75 1.197809004915596e-06 192
78 3.126381209171709e-07 44
81 2.065915694583647e-07 25

3 4.783587030449653e-06 18
6 4.879794818838306e-06 62
9 2.52343117231812e-06 98
12 3.513822994982072e-06 210
15 3.82360029315561e-06 350
18 3.960418867565683e-06 450
21 4.311122242587304e-06 602
24 4.716848492276651e-06 762
27 6.14979124751026e-06 1142
30 6.407936680535245e-06 1250
33 6.783504955639221e-06 1458
36 8.704761309286961e-06 1814
39 1.081859054090512e-05 2178
42 1.358032193518904e-05 2498
45 1.550837851226126e-05 2622
48 2.007501208744484e-05 3191
51 1.890785491884134e-05 3044
54 1.646999304518774e-05 2736
57 1.457771765181987e-05 2276
60 1.329661944441361e-05 2016
63 1.124387509497596e-05 1640
66 7.297567925065701e-06 1056
69 4.949139133726251e-06 683
72 2.552758181358194e-06 350
75 1.400365878050671e-06 192
78 3.348335346050129e-07 44
81 1.509515142398194e-07 25

3 2.874958538543569e-06 18
6 4.646975498554321e-06 62
9 2.513377354871031e-06 98
12 3.617279602860232e-06 210
15 3.621073679724844e-06 350
18 3.783866573279723e-06 450
21 4.207132282982536e-06 602
24 4.48962423133222e-06 762
27 6.080355169288758e-06 1142
30 6.059348310200894e-06 1250
33 6.771635466238721e-06 1458
36 8.936741061419605e-06 1814
39 1.133957494912434e-05 2178
42 1.340976688643113e-05 2498
45 1.476565961612045e-05 2622
48 1.957352426832175e-05 3191
51 1.932031365552947e-05 3044
54 1.627473603862053e-05 2736
57 1.454516680326131e-05 2276
60 1.334985318751436e-05 2016
63 1.131380657918644e-05 1640
66 7.380531818027377e-06 1056
69 4.739517070197601e-06 683
72 2.560674223394069e-06 350
75 1.423923683010899e-06 192
78 2.762498286091489e-07 44
81 1.582681772116211e-07 25

3 1.79087994484319e-06 18
6 4.24572444391822e-06 62
9 2.511400948428167e-06 98
12 3.520818508275534e-06 210
15 3.786785230187889e-06 350
18 3.86475192989972e-06 450
21 3.856633295735949e-06 602
24 4.453933929344501e-06 762
27 5.697124608901364e-06 1142
30 6.250618499695919e-06 1250
33 6.849433067730877e-06 1458
36 8.703923400379063e-06 1814
39 1.087814055926324e-05 2178
42 1.341500801056636e-05 2498
45 1.553770599090653e-05 2622
48 2.003889352696589e-05 3191
51 1.873850648065076e-05 3044
54 1.678392312533544e-05 2736
57 1.438113359008128e-05 2276
60 1.315838648567934e-05 2016
63 1.10547656204174e-05 1640
66 7.476975730180397e-06 1056
69 4.826502648796718e-06 683
72 2.512157567597456e-06 350
75 1.225035991675423e-06 192
78 2.773552120096901e-07 44
81 1.891382236719779e-07 25

3 1.658079307969123e-06 18
6 3.827185686658297e-06 62
9 2.512417071069444e-06 98
12 3.356741152071891e-06 210
15 4.05571537083997e-06 350
18 3.99730784452662e-06 450
21 4.030103037608257e-06 602
24 4.828889305663505e-06 762
27 6.273470312633845e-06 1142
30 6.325742705806808e-06 1250
33 6.752948381641674e-06 1458
36 8.933871645581384e-06 1814
39 1.139157254016697e-05 2178
42 1.359582566620122e-05 2498
45 1.482365416820666e-05 2622
48 1.983020767574332e-05 3191
51 1.91042785828782e-05 3044
54 1.616186192739443e-05 2736
57 1.490772304738841e-05 2276
60 1.337795315068249e-05 2016
63 1.158437931834349e-05 1640
66 7.45739661884831e-06 1056
69 4.813733959971013e-06 683
72 2.549400104869601e-06 350
75 1.337156714061012e-06 192
78 3.456053299039563e-07 44
81 1.760082652709213e-07 25

3 2.478921265692472e-06 18
6 3.516506707910446e-06 62
9 2.49079704129781e-06 98
12 3.272471575656259e-06 210
15 4.077755622374395e-06 350
18 3.963114941721657e-06 450
21 4.321486901913385e-06 602
24 4.591006034142321e-06 762
27 6.093960683724085e-06 1142
30 6.040850029416457e-06 1250
33 6.863013298593878e-06 1458
36 8.792795731129087e-06 1814
39 1.092148278863637e-05 2178
42 1.35536979333982e-05 2498
45 1.568438774107428e-05 2622
48 2.040158149125974e-05 3191
51 1.896223156585712e-05 3044
54 1.733188791171894e-05 2736
57 1.421164226455195e-05 2276
60 1.342140174088468e-05 2016
63 1.137214398662117e-05 1640
66 7.378624136651123e-06 1056
69 4.80700623134546e-06 683
72 2.455948853646615e-06 350
75 1.420470459778447e-06 192
78 3.258540745114592e-07 44
81 1.38563627645601e-07 25

3 4.138879172460868e-06 18
6 3.391888536445305e-06 62
9 2.481569146750439e-06 98
12 3.268063159064161e-06 210
15 3.805025561988775e-06 350
18 3.799869501530545e-06 450
21 4.077250060358212e-06 602
24 4.417390723580896e-06 762
27 5.820013247418559e-06 1142
30 6.477732759402417e-06 1250
33 6.838828779792773e-06 1458
36 8.956073711967494e-06 1814
39 1.148818743394651e-05 2178
42 1.353611466902833e-05 2498
45 1.49430708640037e-05 2622
48 2.008230844150329e-05 3191
51 1.932792448746649e-05 3044
54 1.636495011365721e-05 2736
57 1.514356351844981e-05 2276
60 1.331056923592951e-05 2016
63 1.111138485728972e-05 1640
66 7.853992576555045e-06 1056
69 4.945837516266119e-06 683
72 2.427677036806633e-06 350
75 1.321983960660107e-06 192
78 2.670384732470826e-07 44
81 1.671672773247979e-07 25

3 6.453363220067397e-06 18
6 3.480334142347322e-06 62
9 2.463924381314941e-06 98
12 3.352366070385272e-06 210
15 3.63463429130034e-06 350
18 3.805240258389726e-06 450
21 3.911745445920075e-06 602
24 4.774678287279673e-06 762
27 6.333334300910175e-06 1142
30 6.165770286568936e-06 1250
33 6.844648312793969e-06 1458
36 8.824381313897643e-06 1814
39 1.094041949978631e-05 2178
42 1.36696019745015e-05 2498
45 1.563262187686696e-05 2622
48 2.045562536970533e-05 3191
51 1.921753972182977e-05 3044
54 1.735820714406032e-05 2736
57 1.429645214199599e-05 2276
60 1.348998511900909e-05 2016
63 1.178112609180199e-05 1640
66 7.110808061465087e-06 1056
69 4.787902624284767e-06 683
72 2.521404172483688e-06 350
75 1.364450571685295e-06 192
78 2.967778515500456e-07 44
81 1.912424663936813e-07 25

3 9.146688424204202e-06 18
6 3.734069056659763e-06 62
9 2.451834174584177e-06 98
12 3.461903377638823e-06 210
15 3.781320826551052e-06 350
18 3.93193137105832e-06 450
21 4.195773515391319e-06 602
24 4.720566698264287e-06 762
27 6.059767343778611e-06 1142
30 6.139555067282526e-06 1250
33 6.939219157271952e-06 1458
36 8.913030586178807e-06 1814
39 1.149063650093906e-05 2178
42 1.339512960498512e-05 2498
45 1.484479159230625e-05 2622
48 2.001157228252953e-05 3191
51 1.918066344587041e-05 3044
54 1.63206960334953e-05 2736
57 1.488109721925008e-05 2276
60 1.305447383160806e-05 2016
63 1.145954251041525e-05 1640
66 7.666184766666238e-06 1056
69 4.825743145977347e-06 683
72 2.57528610517596e-06 350
75 1.444341396916678e-06 192
78 3.214003760910657e-07 44
81 1.605527900491982e-07 25

3 1.195064027034347e-05 18
6 4.097809700587896e-06 62
9 2.453780349024413e-06 98
12 3.500665403020214e-06 210
15 4.007878938978759e-06 350
18 3.939253057933239e-06 450
21 4.243934912562065e-06 602
24 4.403781483067188e-06 762
27 5.794942416802694e-06 1142
30 6.469028153020959e-06 1250
33 6.72543706711402e-06 1458
36 8.75044981015416e-06 1814
39 1.079953196878587e-05 2178
42 1.357410928939131e-05 2498
45 1.553777064223804e-05 2622
48 2.013267352386306e-05 3191
51 1.925144731256045e-05 3044
54 1.680094713396415e-05 2736
57 1.456685624333925e-05 2276
60 1.313481905123648e-05 2016
63 1.123867456891847e-05 1640
66 7.664400553767536e-06 1056
69 4.936361726677566e-06 683
72 2.526328658085332e-06 350
75 1.323843879095489e-06 192
78 2.917298549939445e-07 44
81 1.651049584407041e-07 25

3 1.45889218777689e-05 18
6 4.41197580883935e-06 62
9 2.460278484471133e-06 98
12 3.460960287910818e-06 210
15 3.994562241174199e-06 350
18 3.850747606142503e-06 450
21 3.989277799972027e-06 602
24 4.59064925273048e-06 762
27 6.24351433499427e-06 1142
30 6.028980562711592e-06 1250
33 6.888777084192479e-06 1458
36 8.804268022125617e-06 1814
39 1.132842692437219e-05 2178
42 1.322225441932974e-05 2498
45 1.482709286957634e-05 2622
48 1.983906346888744e-05 3191
51 1.882136855598244e-05 3044
54 1.647667243845511e-05 2736
57 1.427226876899967e-05 2276
60 1.338979368180224e-05 2016
63 1.139183280992426e-05 1640
66 7.018184634176264e-06 1056
69 4.71978748412548e-06 683
72 2.49213081741471e-06 350
75 1.26298794524835e-06 192
78 2.819803685805708e-07 44
81 2.017534155146914e-07 25

3 1.673877101606743e-05 18
6 4.601569972700737e-06 62
9 2.481404987060954e-06 98
12 3.422188112985862e-06 210
15 3.756546702620145e-06 350
18 3.79019192741847e-06 450
21 3.998811329406275e-06 602
24 4.790370987022411e-06 762
27 6.055892863326391e-06 1142
30 6.187037031860912e-06 1250
33 6.631969227637464e-06 1458
36 8.743250065188445e-06 1814
39 1.101680352428804e-05 2178
42 1.345654663757794e-05 2498
45 1.533577662083508e-05 2622
48 1.976659885891181e-05 3191
51 1.917427028504927e-05 3044
54 1.650914686857661e-05 2736
57 1.483681953347273e-05 2276
60 1.300464503436155e-05 2016
63 1.113849611885159e-05 1640
66 7.797115442616846e-06 1056
69 4.856640796255969e-06 683
72 2.511139402633355e-06 350
75 1.323708628311024e-06 192
78 3.450817225958943e-07 44
81 1.892642191772288e-07 25

3 1.818898095678943e-05 18
6 4.640533071254523e-06 62
9 2.516940399122296e-06 98
12 3.3308576394781e-06 210
15 3.566687014235012e-06 350
18 3.855964103567253e-06 450
21 4.281462295190337e-06 602
24 4.505388879599252e-06 762
27 5.776590256368718e-06 1142
30 6.312690532584734e-06 1250
33 6.742190216081525e-06 1458
36 8.761320225165284e-06 1814
39 1.097513840207889e-05 2178
42 1.333653638705488e-05 2498
45 1.474742738011863e-05 2622
48 1.98369550333983e-05 3191
51 1.869873643839864e-05 3044
54 1.626771266536509e-05 2736
57 1.388631738531109e-05 2276
60 1.336684294567279e-05 2016
63 1.123708461913733e-05 1640
66 7.07940755926591e-06 1056
69 4.706349142040815e-06 683
72 2.42521149824967e-06 350
75 1.325057189109699e-06 192
78 3.190576940555717e-07 44
81 1.495840023303543e-07 25

3 1.884459640102204e-05 18
6 4.560931328796745e-06 62
9 2.509108602997259e-06 98
12 3.243281736624795e-06 210
15 3.688021531722287e-06 350
18 3.905977867754168e-06 450
21 4.179694088069147e-06 602
24 4.411059599675056e-06 762
27 6.226673012103102e-06 1142
30 5.970506244432703e-06 1250
33 6.783825725180344e-06 1458
36 8.899775565875979e-06 1814
39 1.116345941547424e-05 2178
42 1.338619200767695e-05 2498
45 1.521208743717907e-05 2622
48 1.970698741274262e-05 3191
51 1.907919814983745e-05 3044
54 1.663849688334057e-05 2736
57 1.483439215180053e-05 2276
60 1.319093599868003e-05 2016
63 1.120588692367235e-05 1640
66 7.344221962073195e-06 1056
69 4.762208817301827e-06 683
72 2.49520141227046e-06 350
75 1.286906181493949e-06 192
78 2.950535973615941e-07 44
81 1.610284802298679e-07 25

3 1.868512455700505e-05 18
6 4.371649987356731e-06 62
9 2.472395919097652e-06 98
12 3.230780319362152e-06 210
15 3.947405541599002e-06 350
18 3.829896138246995e-06 450
21 3.903444813214171e-06 602
24 4.762969156502972e-06 762
27 6.068368426959376e-06 1142
30 6.265417922082835e-06 1250
33 6.512257413622241e-06 1458
36 8.576833690137466e-06 1814
39 1.08151218891546e-05 2178
42 1.348372626342119e-05 2498
45 1.487983519050701e-05 2622
48 1.965143367368036e-05 3191
51 1.89254696899793e-05 3044
54 1.615562081758936e-05 2736
57 1.400647394904461e-05 2276
60 1.321113094649044e-05 2016
63 1.115889860849957e-05 1640
66 7.62244616571128e-06 1056
69 4.942638987389478e-06 683
72 2.609921217714117e-06 350
75 1.322910568266817e-06 192
78 3.309505849921173e-07 44
81 1.843164170205656e-07 25

3 1.779042035330281e-05 18
6 4.168511597918272e-06 62
9 2.408334831461928e-06 98
12 3.35358275006759e-06 210
15 3.955347567713099e-06 350
18 3.799557630161802e-06 450
21 4.042801495679672e-06 602
24 4.641981151009431e-06 762
27 5.819720898876026e-06 1142
30 6.220547753054222e-06 1250
33 6.978779232521494e-06 1458
36 9.061343409059678e-06 1814
39 1.120861275380633e-05 2178
42 1.351564059056747e-05 2498
45 1.532854703537423e-05 2622
48 2.005916543727776e-05 3191
51 1.927239648769558e-05 3044
54 1.705842048349788e-05 2736
57 1.470845350780247e-05 2276
60 1.341950851357176e-05 2016
63 1.124072105105533e-05 1640
66 7.062790714000691e-06 1056
69 4.760390164400866e-06 683
72 2.525374291109627e-06 350
75 1.306966040371512e-06 192
78 3.064602973270175e-07 44
81 1.665922753880948e-07 25

3 1.631754382597442e-05 18
6 3.917721722136418e-06 62
9 2.353548857145221e-06 98
12 3.50447486007997e-06 210
15 3.732000361415307e-06 350
18 3.838816684004575e-06 450
21 4.218406618846165e-06 602
24 4.347621665790878e-06 762
27 6.141886617842653e-06 1142
30 6.001886526778558e-06 1250
33 6.628886165571341e-06 1458
36 8.773324139213514e-06 1814
39 1.091827932381684e-05 2178
42 1.358969553333509e-05 2498
45 1.507997536771469e-05 2622
48 1.974343369575318e-05 3191
51 1.921459382221378e-05 3044
54 1.606749421970116e-05 2736
57 1.447299575969798e-05 2276
60 1.34226823685738e-05 2016
63 1.133908455970591e-05 1640
66 7.798619765954117e-06 1056
69 4.905368745981262e-06 683
72 2.725026654958671e-06 350
75 1.298924082844848e-06 192
78 2.642281167178585e-07 44
81 1.958025865436909e-07 25

3 1.442396033476995e-05 18
6 3.752493653429346e-06 62
9 2.351519438405818e-06 98
12 3.512475654684692e-06 210
15 3.593973969842235e-06 350
18 3.833091336479005e-06 450
21 4.031453225714519e-06 602
24 4.665644655408231e-06 762
27 6.060176752643282e-06 1142
30 6.29458677978146e-06 1250
33 6.840904148110142e-06 1458
36 8.988716339236514e-06 1814
39 1.113106897436902e-05 2178
42 1.369052013244632e-05 2498
45 1.540249997784554e-05 2622
48 2.028225454108637e-05 3191
51 1.924451237466657e-05 3044
54 1.706631258777382e-05 2736
57 1.444566882743339e-05 2276
60 1.364327892816728e-05 2016
63 1.128870401718937e-05 1640
66 7.317775959644173e-06 1056
69 5.024451510888206e-06 683
72 2.680246310880456e-06 350
75 1.36245463713945e-06 192
78 3.177156885954975e-07 44
81 2.305994893140784e-07 25

3 1.232427013761324e-05 18
6 3.641668940110867e-06 62
9 2.405530204519744e-06 98
12 3.424080067591628e-06 210
15 3.703886951103665e-06 350
18 3.870536069589266e-06 450
21 3.923457360842002e-06 602
24 4.767922651428089e-06 762
27 5.882242577032725e-06 1142
30 6.093815081227336e-06 1250
33 7.01685324019038e-06 1458
36 8.97982508624223e-06 1814
39 1.109263506423482e-05 2178
42 1.356522133625295e-05 2498
45 1.507612352163147e-05 2622
48 1.952471094591182e-05 3191
51 1.938433685095229e-05 3044
54 1.609060594201719e-05 2736
57 1.4806370640958e-05 2276
60 1.329143132727107e-05 2016
63 1.138555159464276e-05 1640
66 7.538506842384439e-06 1056
69 4.968087394380783e-06 683
72 2.441547665121622e-06 350
75 1.309034505555016e-06 192
78 3.338153560446654e-07 44
81 1.940550559380654e-07 25

3 1.026936508375085e-05 18
6 3.628942925199214e-06 62
9 2.498865028238342e-06 98
12 3.2421096820896e-06 210
15 3.877460659932927e-06 350
18 3.869385336612405e-06 450
21 4.090995868084164e-06 602
24 4.411338441308069e-06 762
27 5.989704195083079e-06 1142
30 6.120612534853623e-06 1250
33 6.505584595971328e-06 1458
36 8.726666590418457e-06 1814
39 1.10302960865608e-05 2178
42 1.354712337228822e-05 2498
45 1.523091149815135e-05 2622
48 2.019286082080927e-05 3191
51 1.904906727996388e-05 3044
54 1.670310106279724e-05 2736
57 1.415692445846945e-05 2276
60 1.328078442440255e-05 2016
63 1.12572057798216e-05 1640
66 7.481032675808682e-06 1056
69 4.877058774891512e-06 683
72 2.71042367309709e-06 350
75 1.315520669765896e-06 192
78 2.721869862945031e-07 44
81 1.735872005621771e-07 25

3 8.443121799639598e-06 18
6 3.692888560563535e-06 62
9 2.549224461936744e-06 98
12 3.172986930085839e-06 210
15 3.900645158885399e-06 350
18 3.809467572332351e-06 450
21 4.153842176940675e-06 602
24 4.476714474235203e-06 762
27 6.029194953204134e-06 1142
30 6.281680808585358e-06 1250
33 7.141047732555471e-06 1458
36 9.062697926615327e-06 1814
39 1.09771905907234e-05 2178
42 1.34066819815094e-05 2498
45 1.496281987872176e-05 2622
48 1.928550148794271e-05 3191
51 1.918899278653099e-05 3044
54 1.633213336823032e-05 2736
57 1.485303213115023e-05 2276
60 1.313921238835737e-05 2016
63 1.111757884649207e-05 1640
66 7.276925973535355e-06 1056
69 5.003590871417814e-06 683
72 2.543424273695184e-06 350
75 1.270529241662507e-06 192
78 3.025739219099218e-07 44
81 1.851483340750467e-07 25

3 7.013321965930215e-06 18
6 3.793655944934785e-06 62
9 2.560777465768894e-06 98
12 3.229979970612998e-06 210
15 3.812754453278567e-06 350
18 3.761434809570553e-06 450
21 3.932696690112271e-06 602
24 4.71185250725878e-06 762
27 5.900070797341519e-06 1142
30 6.01127046004993e-06 1250
33 6.623792028417289e-06 1458
36 8.583458060585372e-06 1814
39 1.102483904694404e-05 2178
42 1.325716779527173e-05 2498
45 1.504417726406928e-05 2622
48 2.009505075513252e-05 3191
51 1.888738752276332e-05 3044
54 1.611796197505377e-05 2736
57 1.403978587629839e-05 2276
60 1.308386914187348e-05 2016
63 1.109788308260723e-05 1640
66 7.416163308218409e-06 1056
69 4.775232623205305e-06 683
72 2.356082627424113e-06 350
75 1.284601946119635e-06 192
78 3.332496846687052e-07 44
81 1.906590524790204e-07 25

3 6.095970873045644e-06 18
6 3.903552546590967e-06 62
9 2.49179306415958e-06 98
12 3.351640509384588e-06 210
15 3.742217062837075e-06 350
18 3.791657207559964e-06 450
21 4.000928202026154e-06 602
24 4.502437807248801e-06 762
27 5.919600052278737e-06 1142
30 6.192217949529299e-06 1250
33 6.658491150413596e-06 1458
36 8.842665065830452e-06 1814
39 1.091398490001192e-05 2178
42 1.342499560793877e-05 2498
45 1.496540604255507e-05 2622
48 1.937343256756371e-05 3191
51 1.894447662879714e-05 3044
54 1.666636331188362e-05 2736
57 1.455094381518812e-05 2276
60 1.300182381406165e-05 2016
63 1.111425504432945e-05 1640
66 7.22775621932073e-06 1056
69 4.784910483615733e-06 683
72 2.626569219291275e-06 350
75 1.370895050742756e-06 192
78 2.78370287345764e-07 44
81 1.622190352778455e-07 25

3 5.767593675428914e-06 18
6 3.995929442349361e-06 62
9 2.380766242435959e-06 98
12 3.487375178401172e-06 210
15 3.732481832136485e-06 350
18 3.839419707933738e-06 450
21 4.149054889803487e-06 602
24 4.353226565505766e-06 762
27 6.061808068405595e-06 1142
30 6.206965538761769e-06 1250
33 7.03287261835918e-06 1458
36 8.87671422396989e-06 1814
39 1.094870060350339e-05 2178
42 1.314621768065644e-05 2498
45 1.486784939231086e-05 2622
48 1.997334099416262e-05 3191
51 1.8825809119755e-05 3044
54 1.590226656134806e-05 2736
57 1.429533820044773e-05 2276
60 1.31076544015486e-05 2016
63 1.106652384437944e-05 1640
66 7.604950173069359e-06 1056
69 4.822806415100156e-06 683
72 2.458762438883113e-06 350
75 1.291687910234835e-06 192
78 3.010323398393687e-07 44
81 1.646101402789803e-07 25

3 5.991578473536448e-06 18
6 4.069330599471211e-06 62
9 2.297259101805937e-06 98
12 3.48147079595778e-06 210
15 3.833388966904577e-06 350
18 3.829613964087415e-06 450
21 4.045798118907722e-06 602
24 4.596735272900812e-06 762
27 6.003391779822903e-06 1142
30 6.035238810957223e-06 1250
33 6.421861225474961e-06 1458
36 8.544676210115913e-06 1814
39 1.085034092366224e-05 2178
42 1.34344401447213e-05 2498
45 1.500083227159038e-05 2622
48 1.966217951461761e-05 3191
51 1.901119924616937e-05 3044
54 1.666908431069625e-05 2736
57 1.450075993325541e-05 2276
60 1.319263008152442e-05 2016
63 1.119554228544938e-05 1640
66 7.17865806644418e-06 1056
69 4.671743313614066e-06 683
72 2.463257890132535e-06 350
75 1.224763893731236e-06 192
78 3.203944105436752e-07 44
81 1.796274943423414e-07 25

3 6.672028298864768e-06 18
6 4.139076868992221e-06 62
9 2.28440299012533e-06 98
12 3.331511337738697e-06 210
15 3.830833282888957e-06 350
18 3.754214313548424e-06 450
21 3.887220466954799e-06 602
24 4.577453543384131e-06 762
27 5.945324506114307e-06 1142
30 6.334995055581917e-06 1250
33 6.993684628726e-06 1458
36 8.961796074854841e-06 1814
39 1.101404439052949e-05 2178
42 1.332870834639488e-05 2498
45 1.492564695745515e-05 2622
48 1.988165910098132e-05 3191
51 1.898732309506507e-05 3044
54 1.614269716866439e-05 2736
57 1.448661686948869e-05 2276
60 1.307786159050212e-05 2016
63 1.123442855448875e-05 1640
66 7.588078451833018e-06 1056
69 4.966469263417943e-06 683
72 2.680132384381079e-06 350
75 1.364063916697437e-06 192
78 2.907352117533555e-07 44
81 1.339278203190429e-07 25

3 7.669810864328914e-06 18
6 4.245157789757119e-06 62
9 2.311691978148103e-06 98
12 3.222756943333021e-06 210
15 3.783276444091452e-06 350
18 3.747188554412299e-06 450
21 4.045219427389545e-06 602
24 4.406073472752331e-06 762
27 6.036886534725907e-06 1142
30 6.228233205207919e-06 1250
33 6.775852676009785e-06 1458
36 8.655853503418983e-06 1814
39 1.095902381124941e-05 2178
42 1.340287839926114e-05 2498
45 1.531880430472604e-05 2622
48 1.99091531822689e-05 3191
51 1.919740302740815e-05 3044
54 1.678961198995389e-05 2736
57 1.464284138643612e-05 2276
60 1.33241906238559e-05 2016
63 1.126634841296202e-05 1640
66 7.383458753122175e-06 1056
69 4.7834965541182e-06 683
72 2.392477912000437e-06 350
75 1.331085725362049e-06 192
78 2.911705643565178e-07 44
81 1.521781260177105e-07 25

3 8.810789002513948e-06 18
6 4.362561324294839e-06 62
9 2.420653995242704e-06 98
12 3.222290824916022e-06 210
15 3.821805619748999e-06 350
18 3.826712349438378e-06 450
21 4.159697936829962e-06 602
24 4.503702850769892e-06 762
27 6.135315832314867e-06 1142
30 6.116042083257126e-06 1250
33 6.685239493243348e-06 1458
36 8.912929481590431e-06 1814
39 1.109462034948779e-05 2178
42 1.364235613104492e-05 2498
45 1.494295024709614e-05 2622
48 1.991268513750312e-05 3191
51 1.907950306831682e-05 3044
54 1.66923932460114e-05 2736
57 1.476735300895095e-05 2276
60 1.320432639035253e-05 2016
63 1.122232072046243e-05 1640
66 7.417658892879363e-06 1056
69 4.813835622595187e-06 683
72 2.494207230356877e-06 350
75 1.252962402197111e-06 192
78 3.517375207318044e-07 44
81 1.905502438793381e-07 25

3 9.970472319916037e-06 18
6 4.397615069469265e-06 62
9 2.502724463768387e-06 98
12 3.301508375394267e-06 210
15 3.825161110213797e-06 350
18 3.882203243817559e-06 450
21 3.975765690495507e-06 602
24 4.577997251221367e-06 762
27 5.905422538906251e-06 1142
30 6.460941467677173e-06 1250
33 7.115962079135987e-06 1458
36 8.922721417185871e-06 1814
39 1.10299901226434e-05 2178
42 1.323936134581839e-05 2498
45 1.556336999288604e-05 2622
48 1.994051402756087e-05 3191
51 1.912882607987391e-05 3044
54 1.643068361967425e-05 2736
57 1.44400122174644e-05 2276
60 1.338802100663699e-05 2016
63 1.142174035359342e-05 1640
66 7.582157588378458e-06 1056
69 4.88711236067461e-06 683
72 2.701850170812453e-06 350
75 1.439306880177266e-06 192
78 3.27281993284843e-07 44
81 1.646119952755724e-07 25

3 1.097269078549588e-05 18
6 4.383238793854329e-06 62
9 2.503495453280407e-06 98
12 3.421621223984148e-06 210
15 3.757233751981815e-06 350
18 3.79292406153921e-06 450
21 3.855663449774707e-06 602
24 4.412534996885749e-06 762
27 5.961482254376154e-06 1142
30 6.06021133292967e-06 1250
33 6.587869799184027e-06 1458
36 8.615361686559315e-06 1814
39 1.108086614892267e-05 2178
42 1.358439041625666e-05 2498
45 1.487329953095035e-05 2622
48 1.995717061454917e-05 3191
51 1.914346528090171e-05 3044
54 1.676479214837849e-05 2736
57 1.471382967928794e-05 2276
60 1.328867765668571e-05 2016
63 1.107681988349189e-05 1640
66 7.301935725509089e-06 1056
69 4.7820854637375e-06 683
72 2.488286781202015e-06 350
75 1.289228871860641e-06 192
78 2.880306085953877e-07 44
81 1.802457687864154e-07 25

3 1.16971209629298e-05 18
6 4.296496338383865e-06 62
9 2.423778702705097e-06 98
12 3.471288760677299e-06 210
15 3.674970345054481e-06 350
18 3.710166046727157e-06 450
21 4.065136351690628e-06 602
24 4.512278436028343e-06 762
27 6.128510346121913e-06 1142
30 6.074810429063728e-06 1250
33 6.913038504032206e-06 1458
36 9.07538873574286e-06 1814
39 1.093079672055295e-05 2178
42 1.319403325730862e-05 2498
45 1.533486318805822e-05 2622
48 1.975014753856485e-05 3191
51 1.901682727065697e-05 3044
54 1.62310757931963e-05 2736
57 1.437346925253336e-05 2276
60 1.313789307137437e-05 2016
63 1.127391450559999e-05 1640
66 7.605823183218693e-06 1056
69 4.771602776814794e-06 683
72 2.61984694109722e-06 350
75 1.24818136807622e-06 192
78 3.183939382801976e-07 44
81 1.975780626686396e-07 25

3 1.210662467858346e-05 18
6 4.144507684129892e-06 62
9 2.316948191860841e-06 98
12 3.438656867576857e-06 210
15 3.710199168511675e-06 350
18 3.764058400838924e-06 450
21 4.149719239356461e-06 602
24 4.551699199048782e-06 762
27 5.870799096951068e-06 1142
30 6.346539369118402e-06 1250
33 6.783207867075394e-06 1458
36 8.437877933351296e-06 1814
39 1.086416129554671e-05 2178
42 1.335048908089592e-05 2498
45 1.486278478830705e-05 2622
48 1.97654327196135e-05 3191
51 1.891590053943238e-05 3044
54 1.680210427870056e-05 2736
57 1.444158160712493e-05 2276
60 1.314517987320573e-05 2016
63 1.122205856772584e-05 1640
66 7.194943304901444e-06 1056
69 4.821488691744077e-06 683
72 2.516841815458865e-06 350
75 1.361949759125328e-06 192
78 2.817728509731817e-07 44
81 1.557133475656338e-07 25

3 1.215496748393593e-05 18
6 3.93538079413265e-06 62
9 2.2515863500364e-06 98
12 3.33663529575991e-06 210
15 3.820915092748974e-06 350
18 3.884567750517054e-06 450
21 3.912343110883076e-06 602
24 4.479032101371894e-06 762
27 5.796255389100008e-06 1142
30 5.844704875505741e-06 1250
33 6.548026513535135e-06 1458
36 8.860483835871492e-06 1814
39 1.096751247818799e-05 2178
42 1.323821629896762e-05 2498
45 1.494944478906136e-05 2622
48 1.962478781032034e-05 3191
51 1.879262682312864e-05 3044
54 1.591808123248959e-05 2736
57 1.416163841140716e-05 2276
60 1.312621335076056e-05 2016
63 1.087997764752889e-05 1640
66 7.290435833640016e-06 1056
69 4.790741402774109e-06 683
72 2.430562430863011e-06 350
75 1.164268127075137e-06 192
78 2.694365546909838e-07 44
81 1.559246548418968e-07 25

3 1.181889713378433e-05 18
6 3.698421414740134e-06 62
9 2.272955308117243e-06 98
12 3.243381595091705e-06 210
15 3.872594108168787e-06 350
18 3.84640884014083e-06 450
21 3.834260671086946e-06 602
24 4.430829103299694e-06 762
27 6.148143296061331e-06 1142
30 6.090525901506023e-06 1250
33 6.921740643780554e-06 1458
36 8.647494962229106e-06 1814
39 1.081269534596239e-05 2178
42 1.32139909859932e-05 2498
45 1.50172505412618e-05 2622
48 1.944782407884298e-05 3191
51 1.87607228454098e-05 3044
54 1.667325461615766e-05 2736
57 1.434940969308235e-05 2276
60 1.30301907548271e-05 2016
63 1.128198578386515e-05 1640
66 7.250487132074294e-06 1056
69 4.803672176529886e-06 683
72 2.54120663960886e-06 350
75 1.254875139067876e-06 192
78 3.276555308433808e-07 44
81 1.782961354355121e-07 25

3 1.122376338900506e-05 18
6 3.497508046346335e-06 62
9 2.34988906498999e-06 98
12 3.264572774210444e-06 210
15 3.794082781139677e-06 350
18 3.704777539037947e-06 450
21 4.119312173670006e-06 602
24 4.561570456938158e-06 762
27 5.887751815352289e-06 1142
30 6.25479117090464e-06 1250
33 6.549312205182318e-06 1458
36 8.47814192360069e-06 1814
39 1.099897938065933e-05 2178
42 1.325482930427061e-05 2498
45 1.471484037466517e-05 2622
48 1.984383867569076e-05 3191
51 1.874572554122349e-05 3044
54 1.584905285870959e-05 2736
57 1.408946327901782e-05 2276
60 1.312244991948682e-05 2016
63 1.074618893369287e-05 1640
66 7.138160260207598e-06 1056
69 5.02017128629809e-06 683
72 2.465491833795474e-06 350
75 1.417839306010487e-06 192
78 3.111385476164352e-07 44
81 1.50612405718065e-07 25

3 1.052111974610191e-05 18
6 3.332681740257996e-06 62
9 2.473690418378885e-06 98
12 3.301038418542409e-06 210
15 3.632123954069872e-06 350
18 3.668740364729732e-06 450
21 4.178801806453978e-06 602
24 4.469413251150055e-06 762
27 5.775874914935688e-06 1142
30 5.77975180769768e-06 1250
33 6.739993894386382e-06 1458
36 9.03291705282812e-06 1814
39 1.078598090654501e-05 2178
42 1.335647286115319e-05 2498
45 1.521899550893459e-05 2622
48 1.939061912289263e-05 3191
51 1.872506421265935e-05 3044
54 1.653982601882477e-05 2736
57 1.434882902931e-05 2276
60 1.295130447083737e-05 2016
63 1.143390340242106e-05 1640
66 7.392690136246021e-06 1056
69 4.758936650105577e-06 683
72 2.50951613965877e-06 350
75 1.224032393089202e-06 192
78 2.905489203325571e-07 44
81 1.6959658501915e-07 25

3 9.752160386329632e-06 18
6 3.307301758292347e-06 62
9 2.529361008014355e-06 98
12 3.322680238515343e-06 210
15 3.579601835418371e-06 350
18 3.78606647045473e-06 450
21 3.872600121699636e-06 602
24 4.424795854674365e-06 762
27 6.149140355354144e-06 1142
30 6.196064665870903e-06 1250
33 6.860050642682559e-06 1458
36 8.430907280041039e-06 1814
39 1.116762924045614e-05 2178
42 1.327716704906564e-05 2498
45 1.471119083228752e-05 2622
48 1.999346805586272e-05 3191
51 1.891950794023027e-05 3044
54 1.622103110126928e-05 2736
57 1.387967969825128e-05 2276
60 1.316249876968086e-05 2016
63 1.084345501438111e-05 1640
66 7.41847864578893e-06 1056
69 4.931257240268256e-06 683
72 2.560715520920321e-06 350
75 1.370134953431969e-06 192
78 3.262228740572739e-07 44
81 2.159057353695437e-07 25

3 9.122978326627333e-06 18
6 3.422455143665531e-06 62
9 2.524563914841607e-06 98
12 3.282042816442229e-06 210
15 3.738650843484948e-06 350
18 3.921790555367768e-06 450
21 3.896767673180757e-06 602
24 4.578445478818843e-06 762
27 5.977081873555746e-06 1142
30 6.223073231468303e-06 1250
33 6.554190266310463e-06 1458
36 8.965695253696279e-06 1814
39 1.087823322957722e-05 2178
42 1.354262594862466e-05 2498
45 1.536105981357313e-05 2622
48 1.954791558991792e-05 3191
51 1.882220250347594e-05 3044
54 1.641157314936238e-05 2736
57 1.467759929742616e-05 2276
60 1.317373833454301e-05 2016
63 1.124580767947504e-05 1640
66 7.35568108368936e-06 1056
69 4.880787100370364e-06 683
72 2.570228927743262e-06 350
75 1.373621260614229e-06 192
78 3.12183332221603e-07 44
81 1.927698899087688e-07 25

3 8.715243371710816e-06 18
6 3.629958449139488e-06 62
9 2.440485736297265e-06 98
12 3.309147044511326e-06 210
15 3.922457458066648e-06 350
18 3.799938594461943e-06 450
21 4.190911847465558e-06 602
24 4.480449975047221e-06 762
27 5.726747654859184e-06 1142
30 5.81435473979125e-06 1250
33 6.904339468778796e-06 1458
36 8.736733559402748e-06 1814
39 1.092918257249429e-05 2178
42 1.328697377643975e-05 2498
45 1.482794618843447e-05 2622
48 2.014405985984992e-05 3191
51 1.892972109277626e-05 3044
54 1.635560356210059e-05 2736
57 1.407699293635649e-05 2276
60 1.311398815141501e-05 2016
63 1.125879930510688e-05 1640
66 7.542584071587582e-06 1056
69 4.821782010843156e-06 683
72 2.558636744754987e-06 350
75 1.209604684514127e-06 192
78 2.905562260915508e-07 44
81 1.822122177926425e-07 25

3 8.616668979026863e-06 18
6 3.918240706444718e-06 62
9 2.309939303483029e-06 98
12 3.367467230481906e-06 210
15 3.882087713645256e-06 350
18 3.608060973472477e-06 450
21 4.158091614140068e-06 602
24 4.441555171372065e-06 762
27 6.07406616369917e-06 1142
30 6.216625473922968e-06 1250
33 6.678144820798141e-06 1458
36 8.585146819616218e-06 1814
39 1.124760962688466e-05 2178
42 1.346644497790975e-05 2498
45 1.497642986801128e-05 2622
48 1.9524545540476e-05 3191
51 1.896191234529469e-05 3044
54 1.634300534171098e-05 2736
57 1.471817741142615e-05 2276
60 1.333629011354961e-05 2016
63 1.088421487063805e-05 1640
66 7.594056548764447e-06 1056
69 4.943924566388862e-06 683
72 2.459850701086411e-06 350
75 1.383741681436833e-06 192
78 3.244194032673152e-07 44
81 2.087666720483651e-07 25

3 8.878375575560405e-06 18
6 4.227681289010687e-06 62
9 2.223848122090648e-06 98
12 3.426135498791865e-06 210
15 3.66662110806772e-06 350
18 3.664626279349367e-06 450
21 3.846966970278881e-06 602
24 4.52671581705853e-06 762
27 6.028321818054169e-06 1142
30 6.223918020710905e-06 1250
33 6.692198506283958e-06 1458
36 9.047682343601179e-06 1814
39 1.074838188955189e-05 2178
42 1.328983790148544e-05 2498
45 1.505670076035352e-05 2622
48 2.017091401497357e-05 3191
51 1.890220283501087e-05 3044
54 1.623128176455566e-05 2736
57 1.414940295986453e-05 2276
60 1.292473274793815e-05 2016
63 1.14136317998065e-05 1640
66 7.290174735013655e-06 1056
69 4.718049942352785e-06 683
72 2.559755794489686e-06 350
75 1.305841380862767e-06 192
78 2.816760582128655e-07 44
81 1.469886440748358e-07 25

3 9.50764259686805e-06 18
6 4.480520570658325e-06 62
9 2.214319986134078e-06 98
12 3.358432805281386e-06 210
15 3.564982923098293e-06 350
18 3.877192913737977e-06 450
21 3.860036372315063e-06 602
24 4.564833968549997e-06 762
27 5.673523964778063e-06 1142
30 5.76766078158267e-06 1250
33 6.909131711077271e-06 1458
36 8.350942336518995e-06 1814
39 1.130311028631716e-05 2178
42 1.337824520522238e-05 2498
45 1.452629236780014e-05 2622
48 1.938432730018087e-05 3191
51 1.892010749635499e-05 3044
54 1.606967972886073e-05 2736
57 1.456450202739791e-05 2276
60 1.316282658310881e-05 2016
63 1.100010281572165e-05 1640
66 7.617771881712476e-06 1056
69 4.902334726905991e-06 683
72 2.485250553893725e-06 350
75 1.228901783497652e-06 192
78 2.864140829880448e-07 44
81 1.720834694938012e-07 25

3 1.044816082996649e-05 18
6 4.646844625707408e-06 62
9 2.315132050308483e-06 98
12 3.21914014114679e-06 210
15 3.652742796090957e-06 350
18 3.911457516475819e-06 450
21 4.127004844089742e-06 602
24 4.424746131867772e-06 762
27 5.962568709749429e-06 1142
30 6.286309815803183e-06 1250
33 6.599454215336335e-06 1458
36 8.861580026589518e-06 1814
39 1.068054043382022e-05 2178
42 1.324835194235443e-05 2498
45 1.501884146995601e-05 2622
48 1.973241641521003e-05 3191
51 1.858746974525369e-05 3044
54 1.605204557413128e-05 2736
57 1.424022826560344e-05 2276
60 1.275535894133104e-05 2016
63 1.127262455340026e-05 1640
66 7.217351868427938e-06 1056
69 4.713614037933408e-06 683
72 2.406732259941137e-06 350
75 1.398784589432632e-06 192
78 3.035272656226937e-07 44
81 1.905490082296555e-07 25

3 1.160117692397853e-05 18
6 4.677605072062783e-06 62
9 2.466493962956623e-06 98
12 3.063789084645189e-06 210
15 3.81005648981742e-06 350
18 3.659061461299187e-06 450
21 4.11752085044678e-06 602
24 4.421496179497357e-06 762
27 6.09467170133303e-06 1142
30 6.145704865831048e-06 1250
33 6.75710445823541e-06 1458
36 8.663142518903446e-06 1814
39 1.101512780951613e-05 2178
42 1.332888693206057e-05 2498
45 1.448946826273558e-05 2622
48 1.940290890694584e-05 3191
51 1.888830517234454e-05 3044
54 1.627200119855489e-05 2736
57 1.407117813226996e-05 2276
60 1.315986091392363e-05 2016
63 1.078613230115933e-05 1640
66 7.381538937835457e-06 1056
69 4.806674109893547e-06 683
72 2.536316878393693e-06 350
75 1.276711303300108e-06 192
78 2.801724434239977e-07 44
81 1.527141278522709e-07 25

3 1.283862769762775e-05 18
6 4.559413435663615e-06 62
9 2.59406837337578e-06 98
12 3.048987235284732e-06 210
15 3.875015999773072e-06 350
18 3.571140320208598e-06 450
21 3.785190827534433e-06 602
24 4.598546862867918e-06 762
27 5.674911941678671e-06 1142
30 5.822705160605283e-06 1250
33 6.799760015857208e-06 1458
36 8.372998127687232e-06 1814
39 1.089784094820226e-05 2178
42 1.316998564356499e-05 2498
45 1.49920026196975e-05 2622
48 1.954964446335565e-05 3191
51 1.85557029092573e-05 3044
54 1.59513089867575e-05 2736
57 1.445309916628101e-05 2276
60 1.269518893310199e-05 2016
63 1.111218526678094e-05 1640
66 7.335885228583596e-06 1056
69 4.626519009405096e-06 683
72 2.386560513660861e-06 350
75 1.280514368384276e-06 192
78 3.021287920368357e-07 44
81 1.710613169829344e-07 25

3 1.398330526229867e-05 18
6 4.301051148947954e-06 62
9 2.60094628234368e-06 98
12 3.230956640486708e-06 210
15 3.75641452087534e-06 350
18 3.746555758010021e-06 450
21 3.787526124781056e-06 602
24 4.452735432608087e-06 762
27 5.88179797482123e-06 1142
30 6.249287798297623e-06 1250
33 6.479865192976729e-06 1458
36 9.063957165341128e-06 1814
39 1.062079417783077e-05 2178
42 1.304043646252527e-05 2498
45 1.465700201996406e-05 2622
48 1.95215533287932e-05 3191
51 1.877629639165327e-05 3044
54 1.638815710680699e-05 2736
57 1.389453728973772e-05 2276
60 1.329026003318111e-05 2016
63 1.099166438438288e-05 1640
66 7.172364566248825e-06 1056
69 4.839150000471024e-06 683
72 2.529118421785082e-06 350
75 1.357721386755134e-06 192
78 3.353040193214973e-07 44
81 1.901181480133677e-07 25

3 1.488184329171814e-05 18
6 3.960800867667015e-06 62
9 2.498033025806933e-06 98
12 3.459126091672069e-06 210
15 3.590544994032275e-06 350
18 3.898881358137916e-06 450
21 4.092907445544225e-06 602
24 4.330201401877513e-06 762
27 6.082122233204222e-06 1142
30 6.107653309314487e-06 1250
33 6.888085176389322e-06 1458
36 8.18443084716053e-06 1814
39 1.118781664505982e-05 2178
42 1.336370924113247e-05 2498
45 1.496931133631756e-05 2622
48 1.956909228996466e-05 3191
51 1.886048273656536e-05 3044
54 1.600067007872503e-05 2736
57 1.464152588830137e-05 2276
60 1.27502950930561e-05 2016
63 1.10217152746594e-05 1640
66 7.442346606887795e-06 1056
69 4.826203400081029e-06 683
72 2.553290966189632e-06 350
75 1.265590624199805e-06 192
78 2.66045167586616e-07 44
81 1.285762901330011e-07 25

3 1.545768159115629e-05 18
6 3.613870653118236e-06 62
9 2.332764344219727e-06 98
12 3.596498914367404e-06 210
15 3.566883771145816e-06 350
18 3.786781106160362e-06 450
21 4.072566062986276e-06 602
24 4.531774821792468e-06 762
27 5.711968644284661e-06 1142
30 5.922709572863775e-06 1250
33 6.59539789608926e-06 1458
36 8.77287266116902e-06 1814
39 1.044285011911215e-05 2178
42 1.275828948522272e-05 2498
45 1.465295279367197e-05 2622
48 1.947351068706162e-05 3191
51 1.868315614192396e-05 3044
54 1.641838805946942e-05 2736
57 1.393286577038384e-05 2276
60 1.319448949340927e-05 2016
63 1.089247519266393e-05 1640
66 7.175376413142999e-06 1056
69 4.842171176240792e-06 683
72 2.452739485376002e-06 350
75 1.349917536844759e-06 192
78 3.123528765229923e-07 44
81 1.674102062463416e-07 25

3 1.557872344552597e-05 18
6 3.29628694128084e-06 62
9 2.163073254572265e-06 98
12 3.438834919184985e-06 210
15 3.674245909424573e-06 350
18 3.617282231065442e-06 450
21 3.779397581653426e-06 602
24 4.613427575115872e-06 762
27 5.800048429625814e-06 1142
30 6.177549685218697e-06 1250
33 6.555072104845052e-06 1458
36 8.74814138989828e-06 1814
39 1.113010109483659e-05 2178
42 1.357154261882135e-05 2498
45 1.493293797426127e-05 2622
48 1.979250617007668e-05 3191
51 1.894316067433978e-05 3044
54 1.611154778740015e-05 2736
57 1.474929274659352e-05 2276
60 1.293248530114828e-05 2016
63 1.107929274775113e-05 1640
66 7.334010996270654e-06 1056
69 4.850926055480515e-06 683
72 2.585399410874254e-06 350
75 1.318767079651877e-06 192
78 3.084071296901769e-07 44
81 1.791445878471371e-07 25

3 1.519980182248549e-05 18
6 3.086913659932752e-06 62
9 2.088020276364361e-06 98
12 3.115044678036158e-06 210
15 3.785782795026908e-06 350
18 3.608895165868326e-06 450
21 3.794087492211645e-06 602
24 4.360534248103257e-06 762
27 6.087303744955078e-06 1142
30 6.084145348420915e-06 1250
33 6.916298542499662e-06 1458
36 8.327886718024538e-06 1814
39 1.080570487789905e-05 2178
42 1.291826835717451e-05 2498
45 1.491817388446395e-05 2622
48 1.941575896605267e-05 3191
51 1.892720274121102e-05 3044
54 1.649700936074514e-05 2736
57 1.413564639448917e-05 2276
60 1.315967687521162e-05 2016
63 1.090150253288635e-05 1640
66 7.469056696450713e-06 1056
69 4.774499636655703e-06 683
72 2.486755394155259e-06 350
75 1.257296284064708e-06 192
78 2.840372097567486e-07 44
81 1.295265650685552e-07 25

3 1.431238472327185e-05 18
6 3.019880205731101e-06 62
9 2.14927848668566e-06 98
12 2.859528680946433e-06 210
15 3.772592402578549e-06 350
18 3.768725874614144e-06 450
21 4.089110862896831e-06 602
24 4.36492352804625e-06 762
27 5.848415416437688e-06 1142
30 5.97424819960378e-06 1250
33 6.461294431165464e-06 1458
36 9.11073629783451e-06 1814
39 1.071919763675528e-05 2178
42 1.339398453809422e-05 2498
45 1.485720207278091e-05 2622
48 1.972336891850562e-05 3191
51 1.886835722613633e-05 3044
54 1.620713273090227e-05 2736
57 1.475184862486097e-05 2276
60 1.30271777842866e-05 2016
63 1.100362312503215e-05 1640
66 7.050287553584101e-06 1056
69 4.88914536310654e-06 683
72 2.504503820099733e-06 350
75 1.292185816297431e-06 192
78 2.982012171640826e-07 44
81 1.93957578046157e-07 25

3 1.296268060767998e-05 18
6 3.124910838543549e-06 62
9 2.346653546707938e-06 98
12 2.911363276245787e-06 210
15 3.669425229520449e-06 350
18 3.888528456518164e-06 450
21 4.111732312838957e-06 602
24 4.612573438994861e-06 762
27 5.773977078564081e-06 1142
30 6.109109945831001e-06 1250
33 6.655157488260555e-06 1458
36 8.351465080730165e-06 1814
39 1.110839548522917e-05 2178
42 1.32013400796275e-05 2498
45 1.501251737075477e-05 2622
48 1.952746396038575e-05 3191
51 1.894723090816948e-05 3044
54 1.648947359748888e-05 2736
57 1.421958363164983e-05 2276
60 1.305268439604873e-05 2016
63 1.089813118347419e-05 1640
66 7.558753557466963e-06 1056
69 4.686627454198321e-06 683
72 2.587129125586006e-06 350
75 1.296292908824876e-06 192
78 3.000704419241945e-07 44
81 1.681419877276794e-07 25

3 1.129603910363879e-05 18
6 3.385131648881062e-06 62
9 2.559858882553388e-06 98
12 3.199277752777284e-06 210
15 3.567350802315071e-06 350
18 3.763159752056783e-06 450
21 3.852042358692376e-06 602
24 4.466307566491543e-06 762
27 6.021733543792523e-06 1142
30 6.064816514097225e-06 1250
33 6.831996274469919e-06 1458
36 8.772948302472077e-06 1814
39 1.057191908936952e-05 2178
42 1.296419156450182e-05 2498
45 1.473788102375638e-05 2622
48 1.940079664259907e-05 3191
51 1.843210054729524e-05 3044
54 1.631165572109386e-05 2736
57 1.452253006853228e-05 2276
60 1.307937970080124e-05 2016
63 1.103969155924362e-05 1640
66 7.075657928146696e-06 1056
69 4.843594367442305e-06 683
72 2.331845521372726e-06 350
75 1.245041757430675e-06 192
78 2.937675541275352e-07 44
81 1.548995764535604e-07 25

3 9.402067967960615e-06 18
6 3.75945366449858e-06 62
9 2.644326469871322e-06 98
12 3.590138325257197e-06 210
15 3.550505002503478e-06 350
18 3.579689088774532e-06 450
21 3.828052723063207e-06 602
24 4.247265129462422e-06 762
27 5.869085410657455e-06 1142
30 5.945167839981089e-06 1250
33 6.462435037592385e-06 1458
36 8.707146102011177e-06 1814
39 1.096685704274254e-05 2178
42 1.339115276240696e-05 2498
45 1.496639292765775e-05 2622
48 1.964396066912897e-05 3191
51 1.898230614307667e-05 3044
54 1.624142439819148e-05 2736
57 1.434341296156159e-05 2276
60 1.294058463137854e-05 2016
63 1.088380614918425e-05 1640
66 7.3308220881007e-06 1056
69 4.789790824449119e-06 683
72 2.571945993776541e-06 350
75 1.316849384779173e-06 192
78 3.385355873377993e-07 44
81 2.221113238484746e-07 25

3 7.433528644900033e-06 18
6 4.161760533291209e-06 62
9 2.634954320915465e-06 98
12 3.720296601981597e-06 210
15 3.637043706581861e-06 350
18 3.584612888536298e-06 450
21 4.014940164809639e-06 602
24 4.440762876246637e-06 762
27 5.745734364078111e-06 1142
30 5.99523085595775e-06 1250
33 6.696795382028951e-06 1458
36 8.358598171766995e-06 1814
39 1.088500716022451e-05 2178
42 1.277178496396587e-05 2498
45 1.466440473716739e-05 2622
48 1.915560712083986e-05 3191
51 1.822788300202495e-05 3044
54 1.618048692999322e-05 2736
57 1.425216186013108e-05 2276
60 1.294419026319054e-05 2016
63 1.107160031206419e-05 1640
66 7.186700182490552e-06 1056
69 4.87924544214196e-06 683
72 2.44048200692583e-06 350
75 1.261989632261276e-06 192
78 3.056833492102299e-07 44
81 1.493877251358338e-07 25

3 5.604318789140166e-06 18
6 4.507033181237428e-06 62
9 2.475697935504787e-06 98
12 3.492609369719906e-06 210
15 3.715900999120009e-06 350
18 3.795763234513529e-06 450
21 4.062563212751825e-06 602
24 4.607322821679084e-06 762
27 5.859004304438175e-06 1142
30 6.055286716694066e-06 1250
33 6.720656042577757e-06 1458
36 8.936057155404548e-06 1814
39 1.054099707011374e-05 2178
42 1.339081977359304e-05 2498
45 1.475086046233371e-05 2622
48 1.962010880361895e-05 3191
51 1.891873407255875e-05 3044
54 1.6013699527533e-05 2736
57 1.412981061771053e-05 2276
60 1.284348443785354e-05 2016
63 1.069553856547414e-05 1640
66 7.198010337041047e-06 1056
69 4.696909761712065e-06 683
72 2.30062114539844e-06 350
75 1.291670808323156e-06 192
78 2.784551456642998e-07 44
81 1.670598407806987e-07 25

3 4.070994278314155e-06 18
6 4.729598019430211e-06 62
9 2.232966985143497e-06 98
12 3.078805316086429e-06 210
15 3.69020544358765e-06 350
18 3.850454174450597e-06 450
21 3.855806493748382e-06 602
24 4.289399681030967e-06 762
27 5.865657964245258e-06 1142
30 5.995507397344886e-06 1250
33 6.476522575274749e-06 1458
36 8.428146705893401e-06 1814
39 1.10124059371806e-05 2178
42 1.284233102207692e-05 2498
45 1.467894015664093e-05 2622
48 1.912176973849244e-05 3191
51 1.817925771000292e-05 3044
54 1.615018744863926e-05 2736
57 1.425228815336625e-05 2276
60 1.296539398362964e-05 2016
63 1.101711435127292e-05 1640
66 7.363615717921861e-06 1056
69 4.862347142353431e-06 683
72 2.666885625598726e-06 350
75 1.303015667634586e-06 192
78 3.176372825679583e-07 44
81 1.968636594643179e-07 25

3 2.968226476608299e-06 18
6 4.807341149073563e-06 62
9 2.065043087973837e-06 98
12 2.77263866678965e-06 210
15 3.691109758408371e-06 350
18 3.679599251298791e-06 450
21 3.812402254231568e-06 602
24 4.252294078038165e-06 762
27 5.735885487770647e-06 1142
30 5.94618739950227e-06 1250
33 6.691332903968796e-06 1458
36 8.694670219213959e-06 1814
39 1.063728374646597e-05 2178
42 1.322572388605637e-05 2498
45 1.450896174199347e-05 2622
48 1.963486502879022e-05 3191
51 1.914218940428571e-05 3044
54 1.605161885267897e-05 2736
57 1.400592849473123e-05 2276
60 1.298513746447112e-05 2016
63 1.077475503600061e-05 1640
66 7.06391355807782e-06 1056
69 4.660297424190813e-06 683
72 2.327995438020966e-06 350
75 1.263272763491805e-06 192
78 2.725461891224892e-07 44
81 1.27403181869022e-07 25

3 2.411317392226337e-06 18
6 4.717299675176433e-06 62
9 2.027886565004485e-06 98
12 2.787919754867223e-06 210
15 3.686325070584298e-06 350
18 3.558882889178296e-06 450
21 4.017562813945032e-06 602
24 4.551662236222459e-06 762
27 5.787225857750364e-06 1142
30 6.039420532115469e-06 1250
33 6.673214368951522e-06 1458
36 8.708791610040543e-06 1814
39 1.072577761127759e-05 2178
42 1.298195781322699e-05 2498
45 1.495051778522907e-05 2622
48 1.925185924364239e-05 3191
51 1.819188451583675e-05 3044
54 1.599275179450149e-05 2736
57 1.42878422155012e-05 2276
60 1.293484423950062e-05 2016
63 1.109083406945291e-05 1640
66 7.448030689406431e-06 1056
69 4.908588109352972e-06 683
72 2.635479767959809e-06 350
75 1.302132932923858e-06 192
78 3.100018496007081e-07 44
81 1.942467714375035e-07 25

3 2.454581191616431e-06 18
6 4.459290650929945e-06 62
9 2.15374513804495e-06 98
12 3.15193382456496e-06 210
15 3.604086377673397e-06 350
18 3.692768233178146e-06 450
21 4.059684144083796e-06 602
24 4.492889583953474e-06 762
27 5.867032921553086e-06 1142
30 6.050779274335116e-06 1250
33 6.493601488716147e-06 1458
36 8.435435037618632e-06 1814
39 1.107710023967676e-05 2178
42 1.294073423160323e-05 2498
45 1.42792547213995e-05 2622
48 1.973985589797925e-05 3191
51 1.904941151441328e-05 3044
54 1.624545975297416e-05 2736
57 1.377913096695859e-05 2276
60 1.305978347458396e-05 2016
63 1.084017327529994e-05 1640
66 7.108455749279065e-06 1056
69 4.606590308958232e-06 683
72 2.411549651946297e-06 350
75 1.323792545204488e-06 192
78 3.085541707171701e-07 44
81 1.953186393200238e-07 25

3 3.143738215618088e-06 18
6 4.083478283433846e-06 62
9 2.375421185781336e-06 98
12 3.589207707319674e-06 210
15 3.554409759510755e-06 350
18 3.890280403694029e-06 450
21 3.866549371808331e-06 602
24 4.237352632984608e-06 762
27 5.770349802029935e-06 1142
30 5.875720141777523e-06 1250
33 6.654557203045259e-06 1458
36 8.86423425321371e-06 1814
39 1.061925250408412e-05 2178
42 1.325735456528208e-05 2498
45 1.509846954101343e-05 2622
48 1.945997469879168e-05 3191
51 1.841049430988655e-05 3044
54 1.583633510741812e-05 2736
57 1.43591154324675e-05 2276
60 1.284838478505552e-05 2016
63 1.097920440540507e-05 1640
66 7.281301427440107e-06 1056
69 4.880342558813359e-06 683
72 2.477410062391583e-06 350
75 1.24418839896472e-06 192
78 2.750188831932524e-07 44
81 1.457501345786612e-07 25

3 4.419892880616253e-06 18
6 3.634162879772268e-06 62
9 2.629800518067215e-06 98
12 3.755225499034633e-06 210
15 3.608024229844257e-06 350
18 3.80519164657742e-06 450
21 3.832957251447592e-06 602
24 4.352492290392828e-06 762
27 5.840508256154251e-06 1142
30 6.066391086654297e-06 1250
33 6.735462676985955e-06 1458
36 8.444732057094569e-06 1814
39 1.089722409090247e-05 2178
42 1.273785859935615e-05 2498
45 1.448797399410343e-05 2622
48 1.971186128844109e-05 3191
51 1.896144587039074e-05 3044
54 1.641853050476613e-05 2736
57 1.377692425317389e-05 2276
60 1.312966329079403e-05 2016
63 1.097118877108602e-05 1640
66 7.346890527197132e-06 1056
69 4.805650227260111e-06 683
72 2.586759653777362e-06 350
75 1.332042303432947e-06 192
78 3.276906844500621e-07 44
81 2.235753283243155e-07 25

3 6.189013078924685e-06 18
6 3.211381540512452e-06 62
9 2.75352228535445e-06 98
12 3.564842789075067e-06 210
15 3.698570005705929e-06 350
18 3.633526730873679e-06 450
21 3.930104798532783e-06 602
24 4.568025834355877e-06 762
27 5.805347964372316e-06 1142
30 6.101068279845702e-06 1250
33 6.540727828686588e-06 1458
36 8.68153712364053e-06 1814
39 1.106243300698874e-05 2178
42 1.343950603995093e-05 2498
45 1.483787163711919e-05 2622
48 1.942991962075081e-05 3191
51 1.836591352788847e-05 3044
54 1.575240069139971e-05 2736
57 1.446665261498493e-05 2276
60 1.279570391977893e-05 2016
63 1.08126130069678e-05 1640
66 7.15707445587081e-06 1056
69 4.816117106442192e-06 683
72 2.296187046716386e-06 350
75 1.320666248234999e-06 192
78 3.043595228996063e-07 44
81 1.677053906586533e-07 25

3 8.311890378404903e-06 18
6 2.884688325788693e-06 62
9 2.705540937657577e-06 98
12 3.167665640526956e-06 210
15 3.807087727731141e-06 350
18 3.529681603577273e-06 450
21 3.995906706729586e-06 602
24 4.369461175650766e-06 762
27 5.778977304092326e-06 1142
30 5.886810125460984e-06 1250
33 6.681150680438668e-06 1458
36 8.716859685766845e-06 1814
39 1.04664133648873e-05 2178
42 1.279767038350066e-05 2498
45 1.475865336952079e-05 2622
48 1.945149823930267e-05 3191
51 1.893205936338109e-05 3044
54 1.64777366909572e-05 2736
57 1.381523649735255e-05 2276
60 1.315213244123832e-05 2016
63 1.109357649676976e-05 1640
66 7.446486617645535e-06 1056
69 4.939406377056873e-06 683
72 2.6181262559769e-06 350
75 1.273181688645288e-06 192
78 2.936255893820534e-07 44
81 1.601659841915718e-07 25

3 1.060222718596235e-05 18
6 2.744621449219304e-06 62
9 2.502759723793338e-06 98
12 2.796950869545533e-06 210
15 3.745937310404194e-06 350
18 3.664443423989501e-06 450
21 3.904394286849506e-06 602
24 4.193482631729051e-06 762
27 5.84200855281005e-06 1142
30 6.03764118104056e-06 1250
33 6.666736267530665e-06 1458
36 8.373632254807922e-06 1814
39 1.114079262125339e-05 2178
42 1.309334572138166e-05 2498
45 1.463198388833997e-05 2622
48 1.944953616431193e-05 3191
51 1.824857316172619e-05 3044
54 1.571296342122465e-05 2736
57 1.443046373968713e-05 2276
60 1.250654071165961e-05 2016
63 1.063346732598198e-05 1640
66 7.210809079184348e-06 1056
69 4.878289796797087e-06 683
72 2.391278161436773e-06 350
75 1.353971153041914e-06 192
78 3.20194947850585e-07 44
81 2.063707288265745e-07 25

3 1.287062437313423e-05 18
6 2.790865270194753e-06 62
9 2.218490147169028e-06 98
12 2.747517198643805e-06 210
15 3.547480990902565e-06 350
18 3.848790666021903e-06 450
21 3.809722524538956e-06 602
24 4.427116164002512e-06 762
27 5.814783452883061e-06 1142
30 6.133586598216693e-06 1250
33 6.492048298313223e-06 1458
36 8.742811219771393e-06 1814
39 1.06374116482766e-05 2178
42 1.315570393514256e-05 2498
45 1.486073009538514e-05 2622
48 1.910858690307535e-05 3191
51 1.892395369992182e-05 3044
54 1.629393772696622e-05 2736
57 1.363619865865778e-05 2276
60 1.329861390595047e-05 2016
63 1.107462816491459e-05 1640
66 7.387982098688398e-06 1056
69 4.858011968825847e-06 683
72 2.44139743595603e-06 350
75 1.227401743023651e-06 192
78 2.759122264342244e-07 44
81 1.301367083540755e-07 25

3 1.494148967371487e-05 18
6 3.023263152875568e-06 62
9 1.999786683313071e-06 98
12 3.037248297628597e-06 210
15 3.433545060056824e-06 350
18 3.790424224898715e-06 450
21 3.910225217837044e-06 602
24 4.559669544759232e-06 762
27 5.690724929908868e-06 1142
30 5.83417110841058e-06 1250
33 6.645842550716813e-06 1458
36 8.395576344256295e-06 1814
39 1.06271818947572e-05 2178
42 1.258400896956236e-05 2498
45 1.420994861144516e-05 2622
48 1.966251624412417e-05 3191
51 1.8087925835889e-05 3044
54 1.588211674890998e-05 2736
57 1.429812156875956e-05 2276
60 1.215873148159251e-05 2016
63 1.07587502340922e-05 1640
66 7.222889287666316e-06 1056
69 4.83445250093147e-06 683
72 2.431401324225069e-06 350
75 1.309068183971335e-06 192
78 3.24378533008258e-07 44
81 1.845817865047171e-07 25

3 1.665945759109353e-05 18
6 3.383901997214472e-06 62
9 1.938021267957698e-06 98
12 3.40711699181756e-06 210
15 3.516872280819131e-06 350
18 3.560937577747895e-06 450
21 3.949041081827262e-06 602
24 4.30671699190763e-06 762
27 5.819691615683983e-06 1142
30 5.950867140679513e-06 1250
33 6.636813169544775e-06 1458
36 8.479402320624584e-06 1814
39 1.107398347235344e-05 2178
42 1.329967192484467e-05 2498
45 1.499729903325041e-05 2622
48 1.893981658116847e-05 3191
51 1.883681117203136e-05 3044
54 1.605682740191378e-05 2736
57 1.368526093625622e-05 2276
60 1.340152100922541e-05 2016
63 1.074392854561137e-05 1640
66 7.247001142468598e-06 1056
69 4.73493389141396e-06 683
72 2.383991965346306e-06 350
75 1.28609005097278e-06 192
78 3.020910900904468e-07 44
81 1.955588604931565e-07 25

3 1.789693765866053e-05 18
6 3.836790465733312e-06 62
9 2.06585375039302e-06 98
12 3.622105239029163e-06 210
15 3.727171104440723e-06 350
18 3.520077715466955e-06 450
21 3.912805322349919e-06 602
24 4.205363738274799e-06 762
27 5.847418741905429e-06 1142
30 6.076150030940721e-06 1250
33 6.508435993435474e-06 1458
36 8.61021390306643e-06 1814
39 1.039510129352362e-05 2178
42 1.260130341499948e-05 2498
45 1.400688019597651e-05 2622
48 1.956326027314194e-05 3191
51 1.813598184859895e-05 3044
54 1.5962846958375e-05 2736
57 1.427973276345386e-05 2276
60 1.219926033618534e-05 2016
63 1.095720895207034e-05 1640
66 7.174083418696855e-06 1056
69 4.712713868724437e-06 683
72 2.494060939544492e-06 350
75 1.225360426019983e-06 192
78 2.795837424289699e-07 44
81 1.311856060321291e-07 25

3 1.85860122475892e-05 18
6 4.288141947305353e-06 62
9 2.338507511541449e-06 98
12 3.56937987912036e-06 210
15 3.825411180183998e-06 350
18 3.674172508871203e-06 450
21 3.871770256266156e-06 602
24 4.463824187200031e-06 762
27 5.644566079723886e-06 1142
30 5.870270235747995e-06 1250
33 6.654035136366058e-06 1458
36 8.249713205030273e-06 1814
39 1.083293230085367e-05 2178
42 1.290424112374808e-05 2498
45 1.510171361872649e-05 2622
48 1.906027220145655e-05 3191
51 1.86217175185299e-05 3044
54 1.590069764377992e-05 2736
57 1.383981287658212e-05 2276
60 1.345883720477888e-05 2016
63 1.06330114039534e-05 1640
66 7.282396407740952e-06 1056
69 4.674686818623817e-06 683
72 2.36440662849689e-06 350
75 1.354463414719046e-06 192
78 3.258572750940578e-07 44
81 2.262515497748478e-07 25

3 1.863244681208276e-05 18
6 4.629981739975191e-06 62
9 2.614545725131589e-06 98
12 3.269983546877627e-06 210
15 3.725341455458969e-06 350
18 3.803014229691316e-06 450
21 3.878913080888245e-06 602
24 4.499599932982145e-06 762
27 5.742304424391574e-06 1142
30 5.938833112641232e-06 1250
33 6.660036030253751e-06 1458
36 8.654058253132107e-06 1814
39 1.08585932313848e-05 2178
42 1.297469330483347e-05 2498
45 1.421835242396282e-05 2622
48 1.936125881601524e-05 3191
51 1.85858943842464e-05 3044
54 1.610063982148962e-05 2736
57 1.424798460944646e-05 2276
60 1.222489554562901e-05 2016
63 1.105282333483804e-05 1640
66 7.187683460198146e-06 1056
69 4.714790777953052e-06 683
72 2.533579054106559e-06 350
75 1.230467111599183e-06 192
78 2.971151648121795e-07 44
81 1.532460033435194e-07 25

3 1.80889810667517e-05 18
6 4.828084492431712e-06 62
9 2.787143767995287e-06 98
12 2.950415839312588e-06 210
15 3.483445187164897e-06 350
18 3.707807060923438e-06 450
21 3.897543556654158e-06 602
24 4.230662981900632e-06 762
27 5.883892645633668e-06 1142
30 6.006657387711127e-06 1250
33 6.455123386219028e-06 1458
36 8.49235709203637e-06 1814
39 1.036214634018412e-05 2178
42 1.271739905768615e-05 2498
45 1.476949826081943e-05 2622
48 1.910335533435708e-05 3191
51 1.833672373978648e-05 3044
54 1.61044983460773e-05 2736
57 1.407531225971203e-05 2276
60 1.336988334346467e-05 2016
63 1.072856144201555e-05 1640
66 7.252469292953149e-06 1056
69 4.739408673629591e-06 683
72 2.396796470485723e-06 350
75 1.329677028133916e-06 192
78 3.100054790341922e-07 44
81 1.658365882930992e-07 25

3 1.699515320608279e-05 18
6 4.827740675959673e-06 62
9 2.782264799148104e-06 98
12 2.83278559572278e-06 210
15 3.317564231159294e-06 350
18 3.510549251136457e-06 450
21 3.913831441992936e-06 602
24 4.279759134429605e-06 762
27 5.701591532864821e-06 1142
30 5.872147082917181e-06 1250
33 6.643814926414103e-06 1458
36 8.408059744395408e-06 1814
39 1.101380664730186e-05 2178
42 1.302944377614896e-05 2498
45 1.478554325669638e-05 2622
48 1.942340395106492e-05 3191
51 1.903190967616493e-05 3044
54 1.60913586348122e-05 2736
57 1.428389895104179e-05 2276
60 1.239944404490575e-05 2016
63 1.096543933298723e-05 1640
66 7.284254111798642e-06 1056
69 4.784757194754576e-06 683
72 2.562030854164488e-06 350
75 1.284555267234249e-06 192
78 3.124615506023636e-07 44
81 2.016362485453995e-07 25

3 1.540082579017444e-05 18
6 4.623728875602977e-06 62
9 2.59502724755031e-06 98
12 2.940429965643704e-06 210
15 3.460141609004435e-06 350
18 3.495079953025764e-06 450
21 3.878926016721787e-06 602
24 4.490421902924692e-06 762
27 5.660812993904054e-06 1142
30 5.87770922387125e-06 1250
33 6.672677952995727e-06 1458
36 8.656002252723353e-06 1814
39 1.056925741807057e-05 2178
42 1.285632640876086e-05 2498
45 1.437775923263622e-05 2622
48 1.892119198361163e-05 3191
51 1.816002651017036e-05 3044
54 1.610981808205068e-05 2736
57 1.419927749140022e-05 2276
60 1.322626860564483e-05 2016
63 1.087267039275535e-05 1640
66 7.288010514284135e-06 1056
69 4.829746719440017e-06 683
72 2.388409741443766e-06 350
75 1.185769360994971e-06 192
78 2.976821875026963e-07 44
81 1.290679471067354e-07 25

3 1.344931518569051e-05 18
6 4.246941668177489e-06 62
9 2.28223927670909e-06 98
12 3.17195303434773e-06 210
15 3.71525759855343e-06 350
18 3.643023162121213e-06 450
21 3.856514908372593e-06 602
24 4.385305139261629e-06 762
27 5.935415367167266e-06 1142
30 6.006069926953593e-06 1250
33 6.497459732336342e-06 1458
36 8.412664243095298e-06 1814
39 1.064503261546667e-05 2178
42 1.299087036955739e-05 2498
45 1.483877235853551e-05 2622
48 1.951805502249969e-05 3191
51 1.917357198114425e-05 3044
54 1.591179043474269e-05 2736
57 1.437851374782123e-05 2276
60 1.265269284752299e-05 2016
63 1.077139523639495e-05 1640
66 7.172890571191903e-06 1056
69 4.762827005609536e-06 683
72 2.547904227416457e-06 350
75 1.348314608128585e-06 192
78 3.260142598631476e-07 44
81 2.050350703284361e-07 25

3 1.129193912520036e-05 18
6 3.776065186256293e-06 62
9 1.991820036560355e-06 98
12 3.375673517507722e-06 210
15 3.83578250975927e-06 350
18 3.764354245953867e-06 450
21 3.854578495171385e-06 602
24 4.251122416904132e-06 762
27 5.724538674491182e-06 1142
30 5.813745150068835e-06 1250
33 6.671111011795653e-06 1458
36 8.63308897631413e-06 1814
39 1.098086405688432e-05 2178
42 1.28486620731179e-05 2498
45 1.447580484780516e-05 2622
48 1.906066599846869e-05 3191
51 1.812593623770788e-05 3044
54 1.61668351092742e-05 2736
57 1.415284671654819e-05 2276
60 1.305653629346874e-05 2016
63 1.089893449479966e-05 1640
66 7.400338386839356e-06 1056
69 4.810797700556243e-06 683
72 2.404303807361808e-06 350
75 1.147867304506811e-06 192
78 3.101747918791283e-07 44
81 1.54927346901919e-07 25

3 9.125407078796244e-06 18
6 3.276575142350282e-06 62
9 1.846242109657503e-06 98
12 3.409965663279978e-06 210
15 3.689231914501847e-06 350
18 3.673040773135855e-06 450
21 3.882507771049171e-06 602
24 4.325721838304952e-06 762
27 5.54468542357967e-06 1142
30 5.862875808344462e-06 1250
33 6.671965809100881e-06 1458
36 8.539487532585558e-06 1814
39 1.039622072628453e-05 2178
42 1.301654799635915e-05 2498
45 1.463646438759625e-05 2622
48 1.919924254047433e-05 3191
51 1.892228747399022e-05 3044
54 1.567444882503329e-05 2736
57 1.415706304159719e-05 2276
60 1.269933935345091e-05 2016
63 1.070192825994004e-05 1640
66 7.166726891725053e-06 1056
69 4.820124617100837e-06 683
72 2.468276346695138e-06 350
75 1.416545242789014e-06 192
78 3.135474768169683e-07 44
81 1.567985517155374e-07 25

3 7.114860650873291e-06 18
6 2.876443649313393e-06 62
9 1.898719186065367e-06 98
12 3.312332845675175e-06 210
15 3.401674448419915e-06 350
18 3.496074805104398e-06 450
21 3.885190832218291e-06 602
24 4.42516446942138e-06 762
27 5.843192535206695e-06 1142
30 5.94348746725433e-06 1250
33 6.479754479990384e-06 1458
36 8.451323325905304e-06 1814
39 1.075975155857515e-05 2178
42 1.287697111015782e-05 2498
45 1.458432635956217e-05 2622
48 1.947419306263566e-05 3191
51 1.843943648772394e-05 3044
54 1.623706829000854e-05 2736
57 1.415326169912082e-05 2276
60 1.282748849183418e-05 2016
63 1.083452457679533e-05 1640
66 7.224947915010946e-06 1056
69 4.715652684809372e-06 683
72 2.499712035555509e-06 350
75 1.219842091948343e-06 192
78 3.18838166546617e-07 44
81 2.127186187920585e-07 25

3 5.405088922207922e-06 18
6 2.66350604260515e-06 62
9 2.142806956384481e-06 98
12 3.172967634910422e-06 210
15 3.283612910058872e-06 350
18 3.462983021484941e-06 450
21 3.849385662473603e-06 602
24 4.370558839315707e-06 762
27 5.825862897880376e-06 1142
30 5.799566498800365e-06 1250
33 6.646016389137749e-06 1458
36 8.581172229751919e-06 1814
39 1.065363825076913e-05 2178
42 1.293466168818667e-05 2498
45 1.45416924385994e-05 2622
48 1.87546635908693e-05 3191
51 1.834581618715838e-05 3044
54 1.555574148655977e-05 2736
57 1.395701655852446e-05 2276
60 1.276972068023089e-05 2016
63 1.05848976525124e-05 1640
66 7.249274181295368e-06 1056
69 4.735698504414973e-06 683
72 2.420204863585039e-06 350
75 1.254427000083525e-06 192
78 2.779255067095542e-07 44
81 1.117854062847459e-07 25

3 4.104719532322549e-06 18
6 2.687230320119563e-06 62
9 2.447467780082602e-06 98
12 3.066634592924967e-06 210
15 3.440405712005545e-06 350
18 3.572172758067388e-06 450
21 3.798139554157043e-06 602
24 4.236219636932902e-06 762
27 5.514891646833846e-06 1142
30 5.790108379155673e-06 1250
33 6.684415806803997e-06 1458
36 8.369258579829484e-06 1814
39 1.048014412389336e-05 2178
42 1.310229641084222e-05 2498
45 1.438823375717824e-05 2622
48 1.968380536550776e-05 3191
51 1.86486151428621e-05 3044
54 1.612179677446288e-05 2736
57 1.411470471807965e-05 2276
60 1.266906251266294e-05 2016
63 1.075107935384643e-05 1640
66 6.963506408607818e-06 1056
69 4.743755566189425e-06 683
72 2.54253287232039e-06 350
75 1.415231646637741e-06 192
78 3.28321184244928e-07 44
81 2.084699547070952e-07 25

3 3.294929075455212e-06 18
6 2.891214139124888e-06 62
9 2.687935645703279e-06 98
12 3.043066296874818e-06 210
15 3.716909599925893e-06 350
18 3.738113550707683e-06 450
21 3.820558884149062e-06 602
24 4.333437438678706e-06 762
27 5.704873515938317e-06 1142
30 5.959510212607476e-06 1250
33 6.472594481164464e-06 1458
36 8.54430515848737e-06 1814
39 1.07128577692634e-05 2178
42 1.258988889277288e-05 2498
45 1.469186499871813e-05 2622
48 1.875540756497702e-05 3191
51 1.806634289078534e-05 3044
54 1.569350156379852e-05 2736
57 1.392609903319615e-05 2276
60 1.285621414482902e-05 2016
63 1.055279876311487e-05 1640
66 7.308485462225777e-06 1056
69 4.654304695847126e-06 683
72 2.374123736069862e-06 350
75 1.097814610247036e-06 192
78 2.540209156896739e-07 44
81 1.550347509991465e-07 25

3 3.020003174470566e-06 18
6 3.241826688030914e-06 62
9 2.77701095355076e-06 98
12 3.078464473222638e-06 210
15 3.826436537409034e-06 350
18 3.67889770563623e-06 450
21 3.882417794943097e-06 602
24 4.410605147808295e-06 762
27 5.964698151402494e-06 1142
30 5.839024831860006e-06 1250
33 6.582744466409089e-06 1458
36 8.547362116343624e-06 1814
39 1.068409511477785e-05 2178
42 1.30111811297498e-05 2498
45 1.414442970902698e-05 2622
48 1.953335495913273e-05 3191
51 1.848192688488013e-05 3044
54 1.59453744447241e-05 2736
57 1.402492538709034e-05 2276
60 1.267466817328832e-05 2016
63 1.076827888118969e-05 1640
66 6.902863478113675e-06 1056
69 4.79075391335844e-06 683
72 2.584869671995297e-06 350
75 1.373776856462791e-06 192
78 2.837327086724408e-07 44
81 1.585180688977604e-07 25

3 3.266204767492638e-06 18
6 3.690590502169819e-06 62
9 2.693159968127577e-06 98
12 3.107894753638338e-06 210
15 3.685836242036637e-06 350
18 3.50800749569999e-06 450
21 3.921484141079414e-06 602
24 4.329067121659124e-06 762
27 5.624315642626167e-06 1142
30 5.818136744016779e-06 1250
33 6.613934592199151e-06 1458
36 8.223779482752303e-06 1814
39 1.054901417456757e-05 2178
42 1.281060299652551e-05 2498
45 1.476041045673374e-05 2622
48 1.893139652037389e-05 3191
51 1.833082070967742e-05 3044
54 1.591378463897665e-05 2736
57 1.399728910042126e-05 2276
60 1.305297780514921e-05 2016
63 1.067820582602248e-05 1640
66 7.278006591697573e-06 1056
69 4.661027575760198e-06 683
72 2.284105125800136e-06 350
75 1.228334602763125e-06 192
78 3.251560104972616e-07 44
81 2.09935619983658e-07 25

3 3.971275384132203e-06 18
6 4.151236436844545e-06 62
9 2.451910683329268e-06 98
12 3.136593717766585e-06 210
15 3.428197597939852e-06 350
18 3.449635041067289e-06 450
21 3.796584316096525e-06 602
24 4.270810220408797e-06 762
27 5.519646673127524e-06 1142
30 5.948485216082166e-06 1250
33 6.520436462232173e-06 1458
36 8.682445069042994e-06 1814
39 1.079087481514775e-05 2178
42 1.262256336928703e-05 2498
45 1.425975840413958e-05 2622
48 1.923083692981649e-05 3191
51 1.827979258435675e-05 3044
54 1.582245679998659e-05 2736
57 1.392299453333733e-05 2276
60 1.247906111427627e-05 2016
63 1.07669810804763e-05 1640
66 7.067428546554719e-06 1056
69 4.960644891358916e-06 683
72 2.530103081016408e-06 350
75 1.310350175356597e-06 192
78 2.55467878804136e-07 44
81 1.267931913510932e-07 25

3 5.036166837604138e-06 18
6 4.506474681029291e-06 62
9 2.175206833383448e-06 98
12 3.162609880042299e-06 210
15 3.302975741095754e-06 350
18 3.589633703733491e-06 450
21 3.732685078969786e-06 602
24 4.327479653214154e-06 762
27 5.865390327664983e-06 1142
30 5.837826809412413e-06 1250
33 6.497128241919351e-06 1458
36 8.403936604813055e-06 1814
39 1.062599650157205e-05 2178
42 1.302116792853157e-05 2498
45 1.435821064256461e-05 2622
48 1.934325677164967e-05 3191
51 1.847683658457085e-05 3044
54 1.595652408197298e-05 2736
57 1.402552476773266e-05 2276
60 1.31737948834793e-05 2016
63 1.075842807986734e-05 1640
66 7.195356912731295e-06 1056
69 4.620663229745644e-06 683
72 2.386470375641065e-06 350
75 1.365651134422797e-06 192
78 3.390519131100268e-07 44
81 2.119058298616642e-07 25

3 6.378364972963506e-06 18
6 4.679407995989738e-06 62
9 1.954632250882427e-06 98
12 3.189401221345586e-06 210
15 3.41850148694049e-06 350
18 3.687448522083508e-06 450
21 3.832961698820881e-06 602
24 4.352540505800649e-06 762
27 5.827073505524928e-06 1142
30 5.871841731382622e-06 1250
33 6.570509919417919e-06 1458
36 8.311226743373669e-06 1814
39 1.061136037655754e-05 2178
42 1.275255893565549e-05 2498
45 1.475321695605774e-05 2622
48 1.883451181910417e-05 3191
51 1.833940926442177e-05 3044
54 1.583586866069972e-05 2736
57 1.38177567473268e-05 2276
60 1.244490009605019e-05 2016
63 1.070928041427912e-05 1640
66 7.142300772622013e-06 1056
69 5.010685356110323e-06 683
72 2.503498975634774e-06 350
75 1.212389789041564e-06 192
78 2.987250078288824e-07 44
81 1.606221224718195e-07 25

3 7.884413073734702e-06 18
6 4.661944306034519e-06 62
9 1.871863205024822e-06 98
12 3.203097072859038e-06 210
15 3.653187836160998e-06 350
18 3.648930646886167e-06 450
21 3.979800092052758e-06 602
24 4.329681247532138e-06 762
27 5.50320010585837e-06 1142
30 5.872624967823463e-06 1250
33 6.607230597175405e-06 1458
36 8.824815237326651e-06 1814
39 1.084018940328103e-05 2178
42 1.281617633291049e-05 2498
45 1.398305624889233e-05 2622
48 1.953082131393074e-05 3191
51 1.831880066750706e-05 3044
54 1.592110395552272e-05 2736
57 1.407626429156567e-05 2276
60 1.321834768118334e-05 2016
63 1.070662682577778e-05 1640
66 7.114287542649711e-06 1056
69 4.752805913301059e-06 683
72 2.428818507005329e-06 350
75 1.408628956000861e-06 192
78 3.062853723194456e-07 44
81 1.608085013252973e-07 25

3 9.420740354816937e-06 18
6 4.43212317849273e-06 62
9 1.974471073124004e-06 98
12 3.202352437704715e-06 210
15 3.762025501214281e-06 350
18 3.495181316065611e-06 450
21 3.893594909251384e-06 602
24 4.284942191312179e-06 762
27 5.671239333885442e-06 1142
30 5.860511021562727e-06 1250
33 6.38404509549734e-06 1458
36 8.293068156052166e-06 1814
39 1.063593681466419e-05 2178
42 1.288300039588098e-05 2498
45 1.498767561307141e-05 2622
48 1.876651053830904e-05 3191
51 1.855829117809443e-05 3044
54 1.585750926531405e-05 2736
57 1.378161477927217e-05 2276
60 1.248161767069942e-05 2016
63 1.071554219640146e-05 1640
66 7.276227344183101e-06 1056
69 4.946203490734713e-06 683
72 2.468337489434666e-06 350
75 1.132314319465848e-06 192
78 3.097519516658278e-07 44
81 2.010116600552577e-07 25

3 1.085676164987026e-05 18
6 4.08445886592727e-06 62
9 2.213410047755474e-06 98
12 3.12933175914706e-06 210
15 3.630927205914888e-06 350
18 3.493323868674863e-06 450
21 3.740658871809772e-06 602
24 4.31686779582984e-06 762
27 5.923680074318928e-06 1142
30 5.886610492143232e-06 1250
33 6.52441656917536e-06 1458
36 8.420784826950454e-06 1814
39 1.052351619749844e-05 2178
42 1.28014017606205e-05 2498
45 1.406155161700129e-05 2622
48 1.932044139165518e-05 3191
51 1.802038947766752e-05 3044
54 1.589624242682363e-05 2736
57 1.406160927743559e-05 2276
60 1.323731534675311e-05 2016
63 1.068806500316589e-05 1640
66 6.990259868889901e-06 1056
69 4.73064177987471e-06 683
72 2.600114693949545e-06 350
75 1.309062535742624e-06 192
78 2.735505395941415e-07 44
81 1.276237081160195e-07 25

3 1.207802930755468e-05 18
6 3.681893941688142e-06 62
9 2.469880530800136e-06 98
12 3.019338890942521e-06 210
15 3.455984032458696e-06 350
18 3.594376867287369e-06 450
21 3.697259652911269e-06 602
24 4.385737610464227e-06 762
27 5.652481234005796e-06 1142
30 5.853659584280435e-06 1250
33 6.687546231902387e-06 1458
36 8.765537961085331e-06 1814
39 1.07988993183847e-05 2178
42 1.275245218433388e-05 2498
45 1.454975011661832e-05 2622
48 1.913765357354678e-05 3191
51 1.865536854034349e-05 3044
54 1.591033097559184e-05 2736
57 1.387936348077645e-05 2276
60 1.238507498530146e-05 2016
63 1.070564205421353e-05 1640
66 7.38212850859204e-06 1056
69 4.79882084624414e-06 683
72 2.337432380547644e-06 350
75 1.176888054761269e-06 192
78 3.454122300955323e-07 44
81 2.203471240583468e-07 25

3 1.302665039281205e-05 18
6 3.280415157628124e-06 62
9 2.656627736289264e-06 98
12 2.949506940652392e-06 210
15 3.349478992516865e-06 350
18 3.663442918048317e-06 450
21 3.918412061635419e-06 602
24 4.298661198188796e-06 762
27 5.497709622807668e-06 1142
30 5.801347458703841e-06 1250
33 6.328110726781985e-06 1458
36 8.137497698167672e-06 1814
39 1.046789332110564e-05 2178
42 1.290238278073407e-05 2498
45 1.443307501738633e-05 2622
48 1.876302400931795e-05 3191
51 1.819375892397093e-05 3044
54 1.589909435240895e-05 2736
57 1.393866381546683e-05 2276
60 1.304504882251629e-05 2016
63 1.071039619658946e-05 1640
66 6.912485344318042e-06 1056
69 4.731589809312615e-06 683
72 2.555164862011145e-06 350
75 1.249761504934961e-06 192
78 2.526572111764531e-07 44
81 1.409713119902302e-07 25

3 1.363177770692442e-05 18
6 2.982007043939947e-06 62
9 2.686351133046629e-06 98
12 2.965657335657435e-06 210
15 3.410920896986911e-06 350
18 3.612053593538405e-06 450
21 3.950860142511606e-06 602
24 4.244038946539374e-06 762
27 5.768571193676351e-06 1142
30 5.882243062401696e-06 1250
33 6.452212242878089e-06 1458
36 8.446867595028809e-06 1814
39 1.045452530051064e-05 2178
42 1.263151879394984e-05 2498
45 1.414145183525055e-05 2622
48 1.927774411291153e-05 3191
51 1.830418680819914e-05 3044
54 1.573149737257457e-05 2736
57 1.383973292298011e-05 2276
60 1.232382787311201e-05 2016
63 1.072883863358182e-05 1640
66 7.392474044918535e-06 1056
69 4.676202463322371e-06 683
72 2.399606759594692e-06 350
75 1.300407196432329e-06 192
78 3.381365724839217e-07 44
81 1.824811787763073e-07 25

3 1.388280001697984e-05 18
6 2.845898511963825e-06 62
9 2.546587802415629e-06 98
12 3.081044091231645e-06 210
15 3.537663957149299e-06 350
18 3.500013238471374e-06 450
21 3.771008868694578e-06 602
24 4.279218638611696e-06 762
27 5.850820897854955e-06 1142
30 5.855041646291962e-06 1250
33 6.684583001258946e-06 1458
36 8.628739872362052e-06 1814
39 1.071942183470188e-05 2178
42 1.267568286090254e-05 2498
45 1.463163735879265e-05 2622
48 1.861224878082054e-05 3191
51 1.829958031300207e-05 3044
54 1.596265954604084e-05 2736
57 1.379013973347554e-05 2276
60 1.290093174763567e-05 2016
63 1.053154409475828e-05 1640
66 6.938249405188208e-06 1056
69 4.776937164833299e-06 683
72 2.442347860237142e-06 350
75 1.180069575353483e-06 192
78 3.0762641010822e-07 44
81 1.99106360228903e-07 25

3 1.377645285958592e-05 18
6 2.883381789135057e-06 62
9 2.307455195360952e-06 98
12 3.248112247718149e-06 210
15 3.587953111067507e-06 350
18 3.490370749642901e-06 450
21 3.675976047344953e-06 602
24 4.350304435129306e-06 762
27 5.531892216852066e-06 1142
30 5.794549051452322e-06 1250
33 6.318279979384824e-06 1458
36 8.109787192963398e-06 1814
39 1.03918782845694e-05 2178
42 1.288747380637966e-05 2498
45 1.417584622373127e-05 2622
48 1.923339295291342e-05 3191
51 1.809102006394742e-05 3044
54 1.558247016655339e-05 2736
57 1.370531250807135e-05 2276
60 1.230824498249094e-05 2016
63 1.075218993069713e-05 1640
66 7.417030230520495e-06 1056
69 4.672757230622956e-06 683
72 2.386325539767637e-06 350
75 1.394052805537832e-06 192
78 2.8023373733074e-07 44
81 1.266220564206362e-07 25

3 1.334734139384343e-05 18
6 3.11633073387398e-06 62
9 2.071634725808186e-06 98
12 3.345970754846802e-06 210
15 3.598821948476335e-06 350
18 3.558767129718013e-06 450
21 3.809713158840338e-06 602
24 4.28756280260923e-06 762
27 5.54390120710239e-06 1142
30 5.797603456014439e-06 1250
33 6.407743398355301e-06 1458
36 8.479683012047354e-06 1814
39 1.047089219054579e-05 2178
42 1.262456432451866e-05 2498
45 1.452543221939618e-05 2622
48 1.882534830598007e-05 3191
51 1.837766914656545e-05 3044
54 1.598684129954057e-05 2736
57 1.384407433011756e-05 2276
60 1.292295568981563e-05 2016
63 1.025904300142471e-05 1640
66 6.952045879569614e-06 1056
69 4.761201514962477e-06 683
72 2.464359366218348e-06 350
75 1.15101184064374e-06 192
78 3.347866693703944e-07 44
81 2.340373334722811e-07 25

3 1.270591843830251e-05 18
6 3.469458829692812e-06 62
9 1.925673174752354e-06 98
12 3.320428266152119e-06 210
15 3.554902684713924e-06 350
18 3.614892863724445e-06 450
21 3.964379298117161e-06 602
24 4.199630825250122e-06 762
27 5.836065905808657e-06 1142
30 5.872675186846948e-06 1250
33 6.701504270051488e-06 1458
36 8.522895009742008e-06 1814
39 1.07780706803225e-05 2178
42 1.268208476055486e-05 2498
45 1.417844013971559e-05 2622
48 1.910134454282781e-05 3191
51 1.807113276263668e-05 3044
54 1.562063082095878e-05 2736
57 1.366913348957243e-05 2276
60 1.243733531998585e-05 2016
63 1.078448765326974e-05 1640
66 7.264723946004957e-06 1056
69 4.701870404117917e-06 683
72 2.429494720832829e-06 350
75 1.355935784527681e-06 192
78 2.707469998217317e-07 44
81 1.349548881048456e-07 25

3 1.191885674415317e-05 18
6 3.87820611417461e-06 62
9 1.921513611281612e-06 98
12 3.160030516417032e-06 210
15 3.474583095550012e-06 350
18 3.59858463820086e-06 450
21 3.893482723783516e-06 602
24 4.226388920030585e-06 762
27 5.710754668746246e-06 1142
30 5.783411930064116e-06 1250
33 6.302457465777984e-06 1458
36 8.198928559293399e-06 1814
39 1.023924478768188e-05 2178
42 1.298697224852713e-05 2498
45 1.46184561967348e-05 2622
48 1.900919273755921e-05 3191
51 1.845606867503081e-05 3044
54 1.589279992886886e-05 2736
57 1.393680378086007e-05 2276
60 1.301225673477589e-05 2016
63 1.027629408302847e-05 1640
66 7.07075355545436e-06 1056
69 4.675026358256303e-06 683
72 2.427849558134407e-06 350
75 1.177541401518652e-06 192
78 3.204516713571263e-07 44
81 2.018669968290272e-07 25

3 1.107244083457631e-05 18
6 4.235844116284173e-06 62
9 2.04063950413794e-06 98
12 2.978399228470776e-06 210
15 3.45526053420519e-06 350
18 3.52525476449077e-06 450
21 3.701705525222381e-06 602
24 4.298406634525614e-06 762
27 5.467193539710555e-06 1142
30 5.811453560848165e-06 1250
33 6.354222167447983e-06 1458
36 8.426743759733425e-06 1814
39 1.063094907390586e-05 2178
42 1.253863885129893e-05 2498
45 1.429605481926785e-05 2622
48 1.925682931364772e-05 3191
51 1.815904807965903e-05 3044
54 1.560457526868681e-05 2736
57 1.372768621513236e-05 2276
60 1.252919103844133e-05 2016
63 1.096314780542521e-05 1640
66 7.153073286043312e-06 1056
69 4.801362447313684e-06 683
72 2.526792460048493e-06 350
75 1.283416053485265e-06 192
78 2.865291467781032e-07 44
81 1.643354612165795e-07 25

3 1.026985566610884e-05 18
6 4.478622816906681e-06 62
9 2.264033095569925e-06 98
12 2.839567460413195e-06 210
15 3.455383285139269e-06 350
18 3.499826626085929e-06 450
21 3.72630517776419e-06 602
24 4.295766060186294e-06 762
27 5.650268532269161e-06 1142
30 5.839482858293672e-06 1250
33 6.714523125799269e-06 1458
36 8.431458279599896e-06 1814
39 1.069892086649506e-05 2178
42 1.275552788559379e-05 2498
45 1.445145533183575e-05 2622
48 1.898118875739612e-05 3191
51 1.839903354345154e-05 3044
54 1.579425974662212e-05 2736
57 1.408609129056703e-05 2276
60 1.294735333656749e-05 2016
63 1.030493028555138e-05 1640
66 7.132522562840976e-06 1056
69 4.646459883127236e-06 683
72 2.424382096141808e-06 350
75 1.229674780302222e-06 192
78 3.106883034889737e-07 44
81 1.488950656304484e-07 25

3 9.609841457443658e-06 18
6 4.542842759634172e-06 62
9 2.480608605438304e-06 98
12 2.841923855077755e-06 210
15 3.473831721740532e-06 350
18 3.523072248168802e-06 450
21 3.913138656130283e-06 602
24 4.179433269233657e-06 762
27 5.818326218300575e-06 1142
30 5.824135417493059e-06 1250
33 6.38418235152548e-06 1458
36 8.302087835182554e-06 1814
39 1.019098578188569e-05 2178
42 1.293690882318564e-05 2498
45 1.462192871159435e-05 2622
48 1.927152460772745e-05 3191
51 1.816199293474533e-05 3044
54 1.55818948699e-05 2736
57 1.374103189278155e-05 2276
60 1.253988578864218e-05 2016
63 1.101017473011731e-05 1640
66 7.20471145458375e-06 1056
69 4.794699969012386e-06 683
72 2.502698713641032e-06 350
75 1.19062135195137e-06 192
78 3.288265445875671e-07 44
81 2.057392228482778e-07 25

3 9.123546072715613e-06 18
6 4.425457160030836e-06 62
9 2.595124106644792e-06 98
12 3.010605047015984e-06 210
15 3.53660049361005e-06 350
18 3.561887231882083e-06 450
21 3.934555466417147e-06 602
24 4.209475664828045e-06 762
27 5.614203021619342e-06 1142
30 5.732850846369886e-06 1250
33 6.285570143518439e-06 1458
36 8.310506382351776e-06 1814
39 1.077175672298163e-05 2178
42 1.242427567091641e-05 2498
45 1.41184429922145e-05 2622
48 1.900903064354036e-05 3191
51 1.829425622682835e-05 3044
54 1.576896746914051e-05 2736
57 1.412880817390699e-05 2276
60 1.28773976872901e-05 2016
63 1.029543391336114e-05 1640
66 7.194957842136004e-06 1056
69 4.609926878915329e-06 683
72 2.438144614298822e-06 350
75 1.319005001362084e-06 192
78 2.881705426310227e-07 44
81 1.084269495144303e-07 25

