3 0 18
6 0 62
9 0 98
12 0 210
15 0 350
18 0 450
21 0 602
24 0 762
27 0 1142
30 0 1250
33 0 1458
36 0 1814
39 0 2178
42 0 2498
45 0 2622
48 0 3191
51 0 3044
54 0 2736
57 0 2276
60 0 2016
63 0 1640
66 0 1056
69 0 683
72 0 350
75 0 192
78 0 44
81 0 25

3 3.237955901937741e-19 18
6 3.833356743096797e-19 62
9 4.748027574782046e-19 98
12 5.588246575416092e-19 210
15 7.995104256445848e-19 350
18 7.840985454846708e-19 450
21 6.963784364781218e-19 602
24 5.598465367445958e-19 762
27 4.547307055945313e-19 1142
30 1.791606291677587e-19 1250
33 5.266531326442359e-20 1458
36 4.724395449282667e-21 1814
39 1.956098103379427e-28 2178
42 1.241955618617057e-28 2498
45 6.578134798006416e-29 2622
48 2.400634741074446e-29 3191
51 2.715000213551031e-30 3044
54 2.492243123971757e-32 2736
57 1.068205133722711e-37 2276
60 4.627792439667242e-38 2016
63 2.09716649164199e-38 1640
66 1.006739605384929e-38 1056
69 6.302339460729831e-39 683
72 3.470257141311592e-39 350
75 2.055585277060509e-39 192
78 4.638199738617528e-40 44
81 2.23776190976706e-40 25

3 1.387111237372635e-19 18
6 4.32481120095582e-19 62
9 3.630317917166795e-19 98
12 4.863149505640575e-19 210
15 4.89992451507394e-19 350
18 4.650513396898715e-19 450
21 4.646481466315049e-19 602
24 3.586356364976522e-19 762
27 3.056477102160936e-19 1142
30 1.364196375601162e-19 1250
33 5.897820359813318e-20 1458
36 7.399776555765844e-21 1814
39 2.153269406050208e-28 2178
42 1.231634126796764e-28 2498
45 5.675869960675282e-29 2622
48 1.955047043560775e-29 3191
51 2.058822279639589e-30 3044
54 2.726879273747073e-32 2736
57 1.161153329323979e-37 2276
60 4.833998572234233e-38 2016
63 1.747078939491791e-38 1640
66 7.232300065566111e-39 1056
69 4.449168715611539e-39 683
72 2.447602451887412e-39 350
75 1.617733945320025e-39 192
78 3.003915477690369e-40 44
81 2.451368326253518e-40 25

3 1.325989500385272e-19 18
6 3.43774648729326e-19 62
9 2.728322445981642e-19 98
12 4.115916364853758e-19 210
15 3.983220131660113e-19 350
18 3.997582358993519e-19 450
21 3.683187407843763e-19 602
24 3.062996471373963e-19 762
27 2.326056663639936e-19 1142
30 1.075602182816962e-19 1250
33 4.453984183007014e-20 1458
36 4.272571194386547e-21 1814
39 2.162919792677343e-28 2178
42 1.154451526334224e-28 2498
45 4.905255590944922e-29 2622
48 1.730625667281293e-29 3191
51 1.876906486535633e-30 3044
54 1.972963083970078e-32 2736
57 1.231572222698313e-37 2276
60 4.595700694623207e-38 2016
63 1.510471462909102e-38 1640
66 6.096028117082758e-39 1056
69 3.419159302068728e-39 683
72 1.834083691220453e-39 350
75 1.177903065879148e-39 192
78 2.278081104430866e-40 44
81 1.655823797249098e-40 25

3 6.997688296674652e-20 18
6 1.553907471910767e-19 62
9 2.05673649951992e-19 98
12 3.460778238235233e-19 210
15 3.454194067149327e-19 350
18 3.276441675551256e-19 450
21 3.042782802659733e-19 602
24 2.351712791136334e-19 762
27 1.978256758102038e-19 1142
30 8.668075556264311e-20 1250
33 3.668413730772756e-20 1458
36 4.668486142168055e-21 1814
39 2.339688062002847e-28 2178
42 1.337595531339508e-28 2498
45 5.762166160841302e-29 2622
48 2.137853999532084e-29 3191
51 2.55796079076001e-30 3044
54 2.664722246858784e-32 2736
57 1.34234607659091e-37 2276
60 4.402424122973322e-38 2016
63 1.360819976888909e-38 1640
66 5.159200067958468e-39 1056
69 3.038627753050729e-39 683
72 1.525566916628617e-39 350
75 9.871101100371684e-40 192
78 2.498926176532709e-40 44
81 1.214072655433785e-40 25

3 1.197598671983e-19 18
6 1.164378857417768e-19 62
9 2.312369297593918e-19 98
12 2.939907811134626e-19 210
15 3.019664559220668e-19 350
18 2.723492106112028e-19 450
21 2.506389019595899e-19 602
24 2.093976497889473e-19 762
27 1.765939964814681e-19 1142
30 7.53475358360578e-20 1250
33 2.967024367743359e-20 1458
36 2.745278062446905e-21 1814
39 2.11310527307122e-28 2178
42 1.202309592807706e-28 2498
45 5.248927897341411e-29 2622
48 2.224763926693762e-29 3191
51 2.878390897927612e-30 3044
54 2.878181515920796e-32 2736
57 1.532588336084466e-37 2276
60 5.469407760162262e-38 2016
63 1.509099146220899e-38 1640
66 4.475658180040926e-39 1056
69 2.586051949450136e-39 683
72 1.276303598229513e-39 350
75 8.619150598958462e-40 192
78 1.804609634936126e-40 44
81 1.379013176117421e-40 25

3 3.038743569197169e-20 18
6 1.563892449765865e-19 62
9 1.848629913296298e-19 98
12 2.841170902415292e-19 210
15 3.029639574249043e-19 350
18 2.503280080128858e-19 450
21 2.217857685426344e-19 602
24 1.809021512496226e-19 762
27 1.50595826225446e-19 1142
30 6.548566046829758e-20 1250
33 2.897131810433685e-20 1458
36 2.865065195907609e-21 1814
39 1.732007089940398e-28 2178
42 1.015804264876325e-28 2498
45 4.532440732234019e-29 2622
48 1.745204787086305e-29 3191
51 2.211953765619705e-30 3044
54 2.340390819504679e-32 2736
57 1.5928340720394e-37 2276
60 6.101514507462897e-38 2016
63 1.479794811174415e-38 1640
66 3.957819365876082e-39 1056
69 2.151858186471187e-39 683
72 1.210733337273042e-39 350
75 7.787418556967341e-40 192
78 1.77570674141595e-40 44
81 1.164309619590029e-40 25

3 9.175745915029051e-20 18
6 1.535608858375416e-19 62
9 1.421021903335981e-19 98
12 2.063454878036719e-19 210
15 2.608684744425851e-19 350
18 2.165905836505512e-19 450
21 2.120185435459323e-19 602
24 1.623265116650381e-19 762
27 1.379578642884919e-19 1142
30 5.806815072358256e-20 1250
33 2.531778602991267e-20 1458
36 2.570738535551334e-21 1814
39 1.635306905278421e-28 2178
42 9.477179955178182e-29 2498
45 4.386083257299246e-29 2622
48 1.618860840590415e-29 3191
51 1.892638685110743e-30 3044
54 1.838754750532624e-32 2736
57 1.344187574268404e-37 2276
60 5.085760863351853e-38 2016
63 1.407309704503424e-38 1640
66 3.539255171920677e-39 1056
69 1.858319531448895e-39 683
72 1.034290227993722e-39 350
75 6.928707963604929e-40 192
78 1.678177824525883e-40 44
81 8.499381513539149e-41 25

3 4.269884071336668e-20 18
6 9.566206858180545e-20 62
9 1.222169907627767e-19 98
12 2.40124502832279e-19 210
15 2.169040879319051e-19 350
18 2.047486743980456e-19 450
21 1.72995043072409e-19 602
24 1.488816272277195e-19 762
27 1.241248620544244e-19 1142
30 5.542613343260204e-20 1250
33 2.201248544081622e-20 1458
36 2.196665009105398e-21 1814
39 1.44413202078879e-28 2178
42 8.537707352987864e-29 2498
45 3.908553328156223e-29 2622
48 1.456476933368466e-29 3191
51 1.864176206166812e-30 3044
54 1.617720767279335e-32 2736
57 1.139279459385387e-37 2276
60 4.218723914722425e-38 2016
63 1.092788398562263e-38 1640
66 3.148894536042863e-39 1056
69 1.880757038682128e-39 683
72 9.523302855504962e-40 350
75 5.904905799626539e-40 192
78 1.261588349470504e-40 44
81 9.869223699254554e-41 25

3 5.725711483206973e-20 18
6 1.187901615436931e-19 62
9 1.354381802769755e-19 98
12 1.788506078687242e-19 210
15 2.341377780293928e-19 350
18 1.849040003911886e-19 450
21 1.815295232662023e-19 602
24 1.406861372911551e-19 762
27 1.14721899453851e-19 1142
30 4.589401689642071e-20 1250
33 2.057057910451019e-20 1458
36 2.171927046010105e-21 1814
39 1.344780229954473e-28 2178
42 7.887360830235639e-29 2498
45 3.55819983224714e-29 2622
48 1.326983597242471e-29 3191
51 1.801898188916519e-30 3044
54 2.207201937557007e-32 2736
57 1.122909309996289e-37 2276
60 3.99527918204873e-38 2016
63 9.32296223416152e-39 1640
66 3.202971475453899e-39 1056
69 1.67005577224569e-39 683
72 8.474859203405759e-40 350
75 5.450312199158214e-40 192
78 1.346645442845234e-40 44
81 8.015950925934201e-41 25

3 6.028208926420476e-20 18
6 1.69913103899428e-19 62
9 1.325747772724433e-19 98
12 1.308289685225152e-19 210
15 1.98128356151649e-19 350
18 1.684803646800915e-19 450
21 1.560312787923345e-19 602
24 1.213277480071854e-19 762
27 1.055549204977053e-19 1142
30 4.270225942138578e-20 1250
33 1.815680323826622e-20 1458
36 1.962761443524618e-21 1814
39 1.305215702528167e-28 2178
42 7.287184296430214e-29 2498
45 3.23265987325395e-29 2622
48 1.217630686956988e-29 3191
51 1.444741730495488e-30 3044
54 1.401959789810623e-32 2736
57 1.022747767186426e-37 2276
60 3.858088743163191e-38 2016
63 9.177730067002104e-39 1640
66 2.702015734541469e-39 1056
69 1.485361510191175e-39 683
72 8.521221621905968e-40 350
75 5.017734094694246e-40 192
78 1.211891483739849e-40 44
81 7.478948028429301e-41 25

3 5.400544705036652e-20 18
6 1.393127803494853e-19 62
9 1.150658194607009e-19 98
12 1.561355882121997e-19 210
15 1.965342860467285e-19 350
18 1.56898278197193e-19 450
21 1.433073616828903e-19 602
24 1.156878900801675e-19 762
27 9.952083462229793e-20 1142
30 4.129567613474895e-20 1250
33 1.738517342883058e-20 1458
36 1.934891634475534e-21 1814
39 1.212018642855016e-28 2178
42 6.750082833509936e-29 2498
45 3.073909120699049e-29 2622
48 1.171063282659741e-29 3191
51 1.426514022619764e-30 3044
54 1.654811933613017e-32 2736
57 1.016281895652781e-37 2276
60 3.900994375050294e-38 2016
63 9.442550414395001e-39 1640
66 2.387583642016609e-39 1056
69 1.402675089162231e-39 683
72 7.452647725031895e-40 350
75 4.923450121193598e-40 192
78 1.245940853838648e-40 44
81 5.99175517904803e-41 25

3 2.893251441042189e-20 18
6 1.213957717636563e-19 62
9 9.041413383354609e-20 98
12 1.672134622517349e-19 210
15 1.901170754525807e-19 350
18 1.618286752220174e-19 450
21 1.352837492783822e-19 602
24 1.107654544323834e-19 762
27 9.468277039438751e-20 1142
30 4.052028336560511e-20 1250
33 1.678037461024892e-20 1458
36 1.799401310935712e-21 1814
39 1.195889899975275e-28 2178
42 6.417646296392152e-29 2498
45 2.883464134883263e-29 2622
48 1.115337186687964e-29 3191
51 1.259371481627527e-30 3044
54 1.48202482613506e-32 2736
57 9.573756596168625e-38 2276
60 3.58746938364492e-38 2016
63 9.215183806798834e-39 1640
66 2.61796575764553e-39 1056
69 1.224633316171315e-39 683
72 7.313788275655378e-40 350
75 4.476670099543243e-40 192
78 1.073679676647179e-40 44
81 5.94677329143641e-41 25

3 9.785941624085983e-20 18
6 1.222903302187077e-19 62
9 7.486779551967472e-20 98
12 1.574858199026383e-19 210
15 1.33885705123212e-19 350
18 1.478278231452545e-19 450
21 1.246980020434087e-19 602
24 1.053571369711321e-19 762
27 8.394230183658627e-20 1142
30 3.741313993101597e-20 1250
33 1.582546253109675e-20 1458
36 1.66888463200236e-21 1814
39 1.119215775473537e-28 2178
42 6.16103310179598e-29 2498
45 2.750649542024504e-29 2622
48 1.008489701452661e-29 3191
51 1.253337117888309e-30 3044
54 1.226131773815041e-32 2736
57 9.256367771725594e-38 2276
60 3.295082554667262e-38 2016
63 8.365620283264389e-39 1640
66 2.419425939388311e-39 1056
69 1.358289164226362e-39 683
72 6.466307435811312e-40 350
75 4.734661366850328e-40 192
78 1.067215342826033e-40 44
81 4.830403409815256e-41 25

3 8.316755628360521e-20 18
6 1.102555645428838e-19 62
9 9.599015450428105e-20 98
12 1.404873778472196e-19 210
15 1.836140733327242e-19 350
18 1.428166688414735e-19 450
21 1.182857444056808e-19 602
24 1.000181733512831e-19 762
27 8.250814162379239e-20 1142
30 3.571244835097854e-20 1250
33 1.465651207467453e-20 1458
36 1.57774692966684e-21 1814
39 1.068471004200758e-28 2178
42 5.931773693090503e-29 2498
45 2.597249397814235e-29 2622
48 9.478869267842128e-30 3191
51 1.131476210637586e-30 3044
54 1.148417933927287e-32 2736
57 9.258858880361435e-38 2276
60 3.166388361168993e-38 2016
63 8.011660280868935e-39 1640
66 2.372903422499468e-39 1056
69 1.181123519694514e-39 683
72 6.679495976406364e-40 350
75 3.561947506788637e-40 192
78 1.048601079156646e-40 44
81 5.676242060281857e-41 25

3 2.241973887459819e-20 18
6 1.423994959962281e-19 62
9 1.206141034289316e-19 98
12 1.133375659898286e-19 210
15 1.698932981004872e-19 350
18 1.3079065436167e-19 450
21 1.256928787358886e-19 602
24 9.157972109451203e-20 762
27 7.854064622263021e-20 1142
30 3.465855952312571e-20 1250
33 1.460027555843831e-20 1458
36 1.523430037113201e-21 1814
39 9.884805326540437e-29 2178
42 5.828365560350368e-29 2498
45 2.510155170919187e-29 2622
48 9.279657316014519e-30 3191
51 1.221879230794003e-30 3044
54 1.52567696142672e-32 2736
57 8.157591908761034e-38 2276
60 2.936125849935558e-38 2016
63 7.295302777541864e-39 1640
66 2.216951237114635e-39 1056
69 1.137312446925686e-39 683
72 6.35216055039932e-40 350
75 3.876883102862506e-40 192
78 9.98987158685409e-41 44
81 4.965992588907399e-41 25

3 5.902352875031418e-20 18
6 8.004671261345363e-20 62
9 1.117293387550508e-19 98
12 1.044114569593556e-19 210
15 1.45219015760899e-19 350
18 1.36836565692989e-19 450
21 1.190233220362771e-19 602
24 8.852999234851042e-20 762
27 7.615263086502233e-20 1142
30 3.447980220390925e-20 1250
33 1.394286448480091e-20 1458
36 1.464193019719543e-21 1814
39 9.447985503807673e-29 2178
42 5.460499922308322e-29 2498
45 2.423745404157955e-29 2622
48 8.632120741432171e-30 3191
51 1.091836902055241e-30 3044
54 7.777488143479485e-33 2736
57 8.079637738844047e-38 2276
60 2.788319285249781e-38 2016
63 7.617602762303981e-39 1640
66 2.093770811799526e-39 1056
69 1.117495860310821e-39 683
72 5.831546174669394e-40 350
75 3.91192792254601e-40 192
78 8.834950579239188e-41 44
81 5.634748409340956e-41 25

3 7.335318097626637e-20 18
6 1.504893962345118e-19 62
9 8.193141670948137e-20 98
12 1.139647985463218e-19 210
15 1.345790508857161e-19 350
18 1.226309324496096e-19 450
21 1.080181811400879e-19 602
24 9.02000425018455e-20 762
27 7.490928092143576e-20 1142
30 3.290563280990191e-20 1250
33 1.301675128400021e-20 1458
36 1.346057752074753e-21 1814
39 9.927116874193979e-29 2178
42 5.070297539075583e-29 2498
45 2.274125793925286e-29 2622
48 8.569520483893303e-30 3191
51 1.010616309758785e-30 3044
54 1.068327380931206e-32 2736
57 7.805208732667107e-38 2276
60 2.895609265594656e-38 2016
63 7.333879525676282e-39 1640
66 1.939220844537153e-39 1056
69 1.050391493976437e-39 683
72 5.660924873606235e-40 350
75 3.751752789428708e-40 192
78 8.172717363539961e-41 44
81 5.784252673497831e-41 25

3 4.516620744107376e-20 18
6 5.649616824542564e-20 62
9 9.318657460215692e-20 98
12 1.45048029353953e-19 210
15 1.378482022459748e-19 350
18 1.170987430738284e-19 450
21 1.10968539360252e-19 602
24 8.460634926299153e-20 762
27 7.256392129430738e-20 1142
30 3.107756385337172e-20 1250
33 1.271333876537188e-20 1458
36 1.455806819276142e-21 1814
39 8.736290132606005e-29 2178
42 5.072095363867227e-29 2498
45 2.278907846992433e-29 2622
48 8.273244743899827e-30 3191
51 1.032493141132525e-30 3044
54 1.02695436884702e-32 2736
57 7.685088419539782e-38 2276
60 2.681850002876171e-38 2016
63 6.811908198863736e-39 1640
66 1.918087277154763e-39 1056
69 1.086715831063703e-39 683
72 5.884216284346864e-40 350
75 3.202411708371531e-40 192
78 8.626300152816298e-41 44
81 5.339144915587451e-41 25

3 4.562986660359288e-20 18
6 1.46563843248427e-19 62
9 9.313294378480809e-20 98
12 1.491364493627158e-19 210
15 1.385736798995122e-19 350
18 1.214578878721359e-19 450
21 1.014998313784169e-19 602
24 8.537989410058075e-20 762
27 6.734399170272994e-20 1142
30 3.060480935487343e-20 1250
33 1.25615206629136e-20 1458
36 1.385298613286522e-21 1814
39 9.561705074283477e-29 2178
42 4.833189285731879e-29 2498
45 2.159111935430487e-29 2622
48 7.83949323150441e-30 3191
51 9.121922169359866e-31 3044
54 1.073960649797273e-32 2736
57 7.306083363564531e-38 2276
60 2.556364249519713e-38 2016
63 6.606810861155327e-39 1640
66 1.986443140467762e-39 1056
69 1.063924330125237e-39 683
72 5.751840546082216e-40 350
75 3.461754901353979e-40 192
78 9.456649566116322e-41 44
81 5.068135929476552e-41 25

3 5.213867119679693e-20 18
6 6.077199902008055e-20 62
9 8.203905741015954e-20 98
12 1.212242542155149e-19 210
15 1.311889304651469e-19 350
18 1.167720228634458e-19 450
21 1.033492693364904e-19 602
24 8.070853434040509e-20 762
27 6.617147544075579e-20 1142
30 3.01395114366367e-20 1250
33 1.237572555871609e-20 1458
36 1.26935698960319e-21 1814
39 8.887872843112744e-29 2178
42 4.826933961305177e-29 2498
45 2.157892402842901e-29 2622
48 8.187727903013802e-30 3191
51 9.682688241284813e-31 3044
54 1.107284666968834e-32 2736
57 6.837757461049395e-38 2276
60 2.446829744972891e-38 2016
63 6.744394567829842e-39 1640
66 1.893031630896199e-39 1056
69 1.016966167364355e-39 683
72 5.029653691512231e-40 350
75 3.379631801033634e-40 192
78 9.113475833146451e-41 44
81 4.280228371543071e-41 25

3 3.242284801399638e-20 18
6 1.188934213349627e-19 62
9 8.383917591234928e-20 98
12 1.015720684902782e-19 210
15 1.204503482764148e-19 350
18 1.077010034599065e-19 450
21 1.029313498852117e-19 602
24 7.962121932038705e-20 762
27 6.982981379583656e-20 1142
30 2.907527631211985e-20 1250
33 1.206281620349854e-20 1458
36 1.188045584638008e-21 1814
39 8.164759065679377e-29 2178
42 4.69253996329456e-29 2498
45 2.073570353667724e-29 2622
48 7.572465389678578e-30 3191
51 9.664830395616341e-31 3044
54 9.100209047584496e-33 2736
57 7.107372267789011e-38 2276
60 2.473042821012761e-38 2016
63 5.991470067139675e-39 1640
66 1.791940188165319e-39 1056
69 1.028585981245256e-39 683
72 5.623971678850555e-40 350
75 3.292113771693888e-40 192
78 8.126837766169187e-41 44
81 4.81571151287961e-41 25

3 5.259284513082961e-20 18
6 6.656851489639245e-20 62
9 8.135943228229281e-20 98
12 1.219664505403606e-19 210
15 1.108649500212614e-19 350
18 1.058994934204212e-19 450
21 9.206313180386893e-20 602
24 7.745685864206535e-20 762
27 6.481049268340995e-20 1142
30 2.712363596108075e-20 1250
33 1.179251569910977e-20 1458
36 1.151310344732452e-21 1814
39 7.988070261720029e-29 2178
42 4.568548563074548e-29 2498
45 2.014257198111603e-29 2622
48 7.210967618588979e-30 3191
51 8.570773243041382e-31 3044
54 7.514866567667009e-33 2736
57 6.415258872676287e-38 2276
60 2.312196203028503e-38 2016
63 6.355557755573871e-39 1640
66 1.737187725537494e-39 1056
69 9.863546692073606e-40 683
72 5.109832195221092e-40 350
75 3.12760691986402e-40 192
78 8.800792922248025e-41 44
81 4.350914237867612e-41 25

3 6.261878560733416e-20 18
6 1.181133881421801e-19 62
9 8.388752759184189e-20 98
12 1.095466346980115e-19 210
15 1.045397755877619e-19 350
18 1.056098379911928e-19 450
21 9.123605879193872e-20 602
24 7.377559032524073e-20 762
27 6.104042167209696e-20 1142
30 2.64259112725527e-20 1250
33 1.157838490796277e-20 1458
36 1.126828349356433e-21 1814
39 8.018081672253235e-29 2178
42 4.450303242818368e-29 2498
45 1.914201216210859e-29 2622
48 7.337594967405312e-30 3191
51 8.899950617926772e-31 3044
54 9.545905543946428e-33 2736
57 6.684640544715073e-38 2276
60 2.355299568632509e-38 2016
63 6.124251487409929e-39 1640
66 1.779279437247066e-39 1056
69 9.449259687043744e-40 683
72 4.5792337849018e-40 350
75 3.405859955171905e-40 192
78 8.426670739578395e-41 44
81 4.352929299310242e-41 25

3 4.417218926124686e-20 18
6 6.942441284319676e-20 62
9 7.528063937045601e-20 98
12 9.35923349289219e-20 210
15 1.106670699180218e-19 350
18 1.033970471437512e-19 450
21 9.578458817364565e-20 602
24 7.444985574437778e-20 762
27 6.353472453685679e-20 1142
30 2.644973847445039e-20 1250
33 1.116414157490919e-20 1458
36 1.164537687969575e-21 1814
39 7.787038300891466e-29 2178
42 4.335643367467171e-29 2498
45 1.970327783690637e-29 2622
48 6.649910770044915e-30 3191
51 8.467627527718528e-31 3044
54 9.056097138016716e-33 2736
57 6.267157725792553e-38 2276
60 2.217956243319171e-38 2016
63 5.567792493550046e-39 1640
66 1.731564072684944e-39 1056
69 9.172604369837598e-40 683
72 4.73553653243376e-40 350
75 3.372251327511821e-40 192
78 7.486488480764834e-41 44
81 4.219023693613492e-41 25

3 1.49655291679862e-20 18
6 7.992059474487922e-20 62
9 7.984740258616843e-20 98
12 1.079028104529401e-19 210
15 1.204468498013632e-19 350
18 1.000393449960162e-19 450
21 9.434592366337647e-20 602
24 7.071008211592076e-20 762
27 5.836110994759727e-20 1142
30 2.640419104943226e-20 1250
33 1.037021582370164e-20 1458
36 1.176943837338757e-21 1814
39 7.644753256422101e-29 2178
42 4.158631789087875e-29 2498
45 1.938587215763054e-29 2622
48 6.588435817142889e-30 3191
51 7.83016291410228e-31 3044
54 6.698509888051958e-33 2736
57 6.187147849421224e-38 2276
60 2.076191200521315e-38 2016
63 5.668811666584313e-39 1640
66 1.686486162529445e-39 1056
69 8.751213260860822e-40 683
72 4.983429423939269e-40 350
75 3.280570787530729e-40 192
78 7.105412019409736e-41 44
81 5.147697496793812e-41 25

3 3.594278644711952e-20 18
6 1.12027837697449e-19 62
9 7.275842592044735e-20 98
12 1.067382336701423e-19 210
15 1.252077886007506e-19 350
18 9.706960865573635e-20 450
21 8.799425440680341e-20 602
24 6.852655306530567e-20 762
27 5.905069115193504e-20 1142
30 2.388790108457151e-20 1250
33 1.002972616612961e-20 1458
36 1.131230203761331e-21 1814
39 7.565489888923731e-29 2178
42 4.067026610007453e-29 2498
45 1.771599060230327e-29 2622
48 6.630308930757356e-30 3191
51 7.843042646993577e-31 3044
54 8.840880106730407e-33 2736
57 5.921029597698159e-38 2276
60 2.146783028028435e-38 2016
63 5.596848530870804e-39 1640
66 1.61043081136453e-39 1056
69 8.878016800374358e-40 683
72 4.773024699377002e-40 350
75 3.16354604211009e-40 192
78 7.465193321179896e-41 44
81 4.847984074945612e-41 25

3 5.765606911801807e-20 18
6 4.533888269899719e-20 62
9 6.920967688051839e-20 98
12 9.131383995666851e-20 210
15 1.256829091601483e-19 350
18 9.436829282602649e-20 450
21 8.175722775284496e-20 602
24 6.892451285399403e-20 762
27 5.694171871555454e-20 1142
30 2.488145927406174e-20 1250
33 1.039650682184649e-20 1458
36 1.00539949813405e-21 1814
39 7.2780838038904e-29 2178
42 3.989621847701819e-29 2498
45 1.739942365947247e-29 2622
48 6.653139173660114e-30 3191
51 7.617654469641511e-31 3044
54 9.229539888177182e-33 2736
57 5.652491979185523e-38 2276
60 2.096548214686372e-38 2016
63 5.628540792980126e-39 1640
66 1.670026110648424e-39 1056
69 8.992371499470061e-40 683
72 4.399501525718311e-40 350
75 3.118428176101295e-40 192
78 7.687739043948665e-41 44
81 4.589530625853373e-41 25

3 6.37001262456448e-20 18
6 1.052255341951855e-19 62
9 7.467425923617504e-20 98
12 9.749582685223145e-20 210
15 1.134089636796869e-19 350
18 8.988844642451537e-20 450
21 7.948899793672949e-20 602
24 6.356437627584621e-20 762
27 5.498806579640001e-20 1142
30 2.361292749848614e-20 1250
33 1.006558228926488e-20 1458
36 1.049346990700555e-21 1814
39 6.822314805244574e-29 2178
42 3.915832124668494e-29 2498
45 1.781765163397844e-29 2622
48 6.425144349829727e-30 3191
51 7.486460483365903e-31 3044
54 5.854389288564231e-33 2736
57 5.64476121138927e-38 2276
60 1.999017149208546e-38 2016
63 5.049221306794513e-39 1640
66 1.65963251570905e-39 1056
69 8.900150970147269e-40 683
72 4.217978407520702e-40 350
75 3.021616075231739e-40 192
78 6.581726897562476e-41 44
81 4.402410934955697e-41 25

3 2.546041640112985e-20 18
6 7.744622901051088e-20 62
9 6.583007341369593e-20 98
12 9.491343882956548e-20 210
15 9.674781556996833e-20 350
18 8.514099102498201e-20 450
21 7.932788723445088e-20 602
24 6.325887815093554e-20 762
27 5.352464555158291e-20 1142
30 2.304930978781464e-20 1250
33 9.275590953858049e-21 1458
36 1.083605976432538e-21 1814
39 6.62169962384159e-29 2178
42 3.852628546178788e-29 2498
45 1.733466141057789e-29 2622
48 6.186041291558002e-30 3191
51 7.403851037841075e-31 3044
54 5.429333455031667e-33 2736
57 5.689157636248836e-38 2276
60 1.933600411394692e-38 2016
63 5.245263852972697e-39 1640
66 1.58586534531888e-39 1056
69 9.517570977597981e-40 683
72 4.898988869545036e-40 350
75 2.867999831586203e-40 192
78 7.764621795478885e-41 44
81 4.106371724042679e-41 25

3 2.266826109026819e-20 18
6 6.181520143768164e-20 62
9 6.853140146375186e-20 98
12 9.066974701912127e-20 210
15 8.479838653870893e-20 350
18 8.5596959905915e-20 450
21 7.951772537278037e-20 602
24 6.609064298494158e-20 762
27 5.416373396854206e-20 1142
30 2.255551364334955e-20 1250
33 9.638777243342792e-21 1458
36 9.477944063299177e-22 1814
39 6.735093881218469e-29 2178
42 3.644942278862958e-29 2498
45 1.644147521192564e-29 2622
48 6.056373655075493e-30 3191
51 7.102077250688515e-31 3044
54 7.222833507420702e-33 2736
57 5.46082434669309e-38 2276
60 1.991206035130739e-38 2016
63 5.01467198369634e-39 1640
66 1.567389766631876e-39 1056
69 8.283371012566369e-40 683
72 4.740163908888482e-40 350
75 2.815685152051142e-40 192
78 7.794405758717909e-41 44
81 3.497048911088226e-41 25

3 2.799695584222666e-20 18
6 8.210653136737904e-20 62
9 6.487585350847033e-20 98
12 8.988098655046467e-20 210
15 9.471218370575526e-20 350
18 8.572924844302132e-20 450
21 7.871095905644045e-20 602
24 6.449115763615014e-20 762
27 4.974838120614976e-20 1142
30 2.19286771649735e-20 1250
33 9.012375537244224e-21 1458
36 1.001291722228733e-21 1814
39 6.560237596259237e-29 2178
42 3.52590030504442e-29 2498
45 1.558163520956167e-29 2622
48 5.838754400182467e-30 3191
51 6.836132489526043e-31 3044
54 7.803477493016229e-33 2736
57 5.15032219651969e-38 2276
60 1.832727949279449e-38 2016
63 5.065053803536921e-39 1640
66 1.520433988410401e-39 1056
69 9.131692238272468e-40 683
72 4.289716858005728e-40 350
75 2.790361151078593e-40 192
78 7.784954250704465e-41 44
81 3.90179461423267e-41 25

3 3.864955318057403e-20 18
6 5.914211788701208e-20 62
9 6.263365124238361e-20 98
12 8.582368523134354e-20 210
15 1.12817136607641e-19 350
18 8.517352822188336e-20 450
21 7.755661607440535e-20 602
24 5.933310808307497e-20 762
27 4.931848661006714e-20 1142
30 2.106563013657477e-20 1250
33 8.956894182931264e-21 1458
36 9.170036761026674e-22 1814
39 6.425957410548736e-29 2178
42 3.492948487168901e-29 2498
45 1.586744341255358e-29 2622
48 5.608365598416971e-30 3191
51 6.827577513126999e-31 3044
54 5.828821033595732e-33 2736
57 5.052349536257094e-38 2276
60 1.782499752003686e-38 2016
63 4.911195645125368e-39 1640
66 1.541117280426248e-39 1056
69 8.50584372014007e-40 683
72 4.409127315041879e-40 350
75 2.903731579185181e-40 192
78 7.001965368006394e-41 44
81 4.28546380116395e-41 25

3 3.742804691436777e-20 18
6 6.996324815159775e-20 62
9 6.582726138849545e-20 98
12 8.742852196304483e-20 210
15 9.826080038675344e-20 350
18 8.445276832648342e-20 450
21 7.704981221558609e-20 602
24 5.565531652613358e-20 762
27 4.953248552746341e-20 1142
30 2.092515511288155e-20 1250
33 8.811224774712406e-21 1458
36 9.428216118722843e-22 1814
39 6.277174737324487e-29 2178
42 3.425029340357508e-29 2498
45 1.598375856931443e-29 2622
48 5.457729250252451e-30 3191
51 6.667099733380876e-31 3044
54 4.77389936008246e-33 2736
57 4.93171055340636e-38 2276
60 1.84569096312031e-38 2016
63 4.550274377115878e-39 1640
66 1.470837072078276e-39 1056
69 8.995620577764197e-40 683
72 4.58124817182941e-40 350
75 2.722555516036308e-40 192
78 7.408155992780473e-41 44
81 3.384843756233599e-41 25

3 2.95642013412366e-20 18
6 8.198183395352598e-20 62
9 5.865761808413621e-20 98
12 7.518807389782385e-20 210
15 7.923107275205226e-20 350
18 8.135639713828294e-20 450
21 7.64836311893854e-20 602
24 5.416266410469502e-20 762
27 4.801901299090914e-20 1142
30 2.129398410703619e-20 1250
33 8.410472791098852e-21 1458
36 8.496765501682305e-22 1814
39 6.155548509769028e-29 2178
42 3.423595626132988e-29 2498
45 1.455356359829366e-29 2622
48 5.463703578913421e-30 3191
51 6.254989415305961e-31 3044
54 5.602311562852724e-33 2736
57 4.846871017418753e-38 2276
60 1.845204234803389e-38 2016
63 4.518907807832632e-39 1640
66 1.542696519953507e-39 1056
69 8.194540294789655e-40 683
72 4.077774760858318e-40 350
75 2.809728194800833e-40 192
78 6.903850205868999e-41 44
81 4.253327638883835e-41 25

3 4.044467187569103e-20 18
6 5.613103355738116e-20 62
9 6.194603134186743e-20 98
12 8.553288122178699e-20 210
15 9.473882211063594e-20 350
18 7.490062431312449e-20 450
21 7.547986367194394e-20 602
24 5.365043042722259e-20 762
27 4.747890105116006e-20 1142
30 1.933628781812193e-20 1250
33 8.415356681987142e-21 1458
36 9.400301521535671e-22 1814
39 5.977490984053353e-29 2178
42 3.304702015326917e-29 2498
45 1.410714067461029e-29 2622
48 5.104533987732875e-30 3191
51 5.937693200335965e-31 3044
54 6.587704571835177e-33 2736
57 4.857809546906378e-38 2276
60 1.734197763071417e-38 2016
63 4.607809940478646e-39 1640
66 1.536375454035182e-39 1056
69 8.575855287984747e-40 683
72 4.331419395408908e-40 350
75 2.683689802749622e-40 192
78 7.087422428808846e-41 44
81 3.535805062487693e-41 25

3 3.903233636127389e-20 18
6 6.081627697710422e-20 62
9 5.634220462033973e-20 98
12 7.60391460824554e-20 210
15 9.264704572004991e-20 350
18 7.25177692947867e-20 450
21 7.415407477746673e-20 602
24 5.321014933294305e-20 762
27 4.711112009886105e-20 1142
30 1.935172085975019e-20 1250
33 8.35881818731708e-21 1458
36 7.873601218803367e-22 1814
39 5.904762586371562e-29 2178
42 3.096236370254187e-29 2498
45 1.450590279823883e-29 2622
48 5.163126440901881e-30 3191
51 6.092343111815574e-31 3044
54 6.651263428618322e-33 2736
57 4.702308406103375e-38 2276
60 1.694267538911048e-38 2016
63 4.445245403663202e-39 1640
66 1.460848206986806e-39 1056
69 8.469145713259533e-40 683
72 4.390555818870759e-40 350
75 2.78325669537437e-40 192
78 7.079663744686783e-41 44
81 4.28409899267516e-41 25

3 3.472505745197263e-20 18
6 7.682880118119422e-20 62
9 5.640552284849227e-20 98
12 7.677093199327138e-20 210
15 8.007150860173169e-20 350
18 7.777237356890258e-20 450
21 7.139706997161775e-20 602
24 5.285351993609805e-20 762
27 4.579224958682924e-20 1142
30 2.01692591751959e-20 1250
33 7.68987499177822e-21 1458
36 9.339903383241696e-22 1814
39 5.941430068268111e-29 2178
42 3.215596881499029e-29 2498
45 1.457647738215673e-29 2622
48 5.110256524111019e-30 3191
51 6.155733717358613e-31 3044
54 5.579932774802867e-33 2736
57 4.588463455734127e-38 2276
60 1.698317470201678e-38 2016
63 4.4247570211969e-39 1640
66 1.472674075356341e-39 1056
69 8.4706694792229e-40 683
72 4.085330792383019e-40 350
75 2.808939780494965e-40 192
78 6.910736818629726e-41 44
81 3.316399214814309e-41 25

3 2.627563340227879e-20 18
6 6.252728976336929e-20 62
9 5.614312650825517e-20 98
12 7.87967907944964e-20 210
15 9.124364403532629e-20 350
18 7.993285912048461e-20 450
21 6.681134279033516e-20 602
24 5.230300306121613e-20 762
27 4.420689245468851e-20 1142
30 1.935215862192955e-20 1250
33 8.193085113014533e-21 1458
36 8.154775594561858e-22 1814
39 5.462413871970298e-29 2178
42 3.009486320175082e-29 2498
45 1.342193418337072e-29 2622
48 5.247482405901246e-30 3191
51 6.212558004468083e-31 3044
54 4.78625602500874e-33 2736
57 4.524913859118718e-38 2276
60 1.62433858277402e-38 2016
63 4.417998095363163e-39 1640
66 1.424933582576798e-39 1056
69 8.454951516965954e-40 683
72 4.428070868854067e-40 350
75 2.791925066380857e-40 192
78 7.652579516522224e-41 44
81 4.174399648157428e-41 25

3 1.534042971015509e-20 18
6 4.993508821144701e-20 62
9 5.657854602068886e-20 98
12 7.091455875406671e-20 210
15 7.789624762610808e-20 350
18 7.225666484252793e-20 450
21 6.168794226756216e-20 602
24 5.172919610384741e-20 762
27 4.286707512682607e-20 1142
30 1.853567013691969e-20 1250
33 7.962660289160533e-21 1458
36 7.913362414139245e-22 1814
39 5.87174386951434e-29 2178
42 3.088921670711203e-29 2498
45 1.346710012091232e-29 2622
48 4.850445454060221e-30 3191
51 6.0603207151068e-31 3044
54 5.251966898170348e-33 2736
57 4.570825264633444e-38 2276
60 1.635978817055595e-38 2016
63 4.394703466078167e-39 1640
66 1.37646983260156e-39 1056
69 8.111310560182207e-40 683
72 4.557587175995829e-40 350
75 2.843948342494317e-40 192
78 7.518763592834039e-41 44
81 3.779369540421615e-41 25

3 3.089749260915596e-20 18
6 5.131081365380092e-20 62
9 4.874600512773071e-20 98
12 7.989077735344053e-20 210
15 8.594105107390682e-20 350
18 6.567759026091678e-20 450
21 5.895158795540502e-20 602
24 5.126345393025098e-20 762
27 4.196022599091255e-20 1142
30 1.834458515566797e-20 1250
33 7.368062794382356e-21 1458
36 9.446288808425921e-22 1814
39 5.080334047099651e-29 2178
42 2.953958528560878e-29 2498
45 1.331316900733759e-29 2622
48 5.018261571151761e-30 3191
51 5.882881019023299e-31 3044
54 6.254523194673054e-33 2736
57 4.454624059019537e-38 2276
60 1.595879261560256e-38 2016
63 4.346037866480506e-39 1640
66 1.385885002057979e-39 1056
69 8.049399265712892e-40 683
72 4.066085837849324e-40 350
75 2.972146245864191e-40 192
78 6.665521701036634e-41 44
81 3.706113990566888e-41 25

3 4.5762751014099e-20 18
6 7.195849333836906e-20 62
9 6.59004759050566e-20 98
12 6.921543186325496e-20 210
15 8.607336504866691e-20 350
18 7.168545537001741e-20 450
21 6.09006170539662e-20 602
24 5.101604421973731e-20 762
27 4.151761335964216e-20 1142
30 1.791986259961963e-20 1250
33 7.666456524818496e-21 1458
36 7.260635774676471e-22 1814
39 5.76721716320196e-29 2178
42 2.986057364457752e-29 2498
45 1.36914355103826e-29 2622
48 4.714101155888019e-30 3191
51 5.526945373080048e-31 3044
54 6.155878029134865e-33 2736
57 4.380437167473557e-38 2276
60 1.51142063511829e-38 2016
63 4.321750839261301e-39 1640
66 1.366350932236706e-39 1056
69 8.090508633134723e-40 683
72 4.015333958492372e-40 350
75 2.705324051521183e-40 192
78 7.093183755786053e-41 44
81 4.199777427993619e-41 25

3 4.312512729032235e-20 18
6 7.268666686972719e-20 62
9 4.130856926817648e-20 98
12 7.455192276769557e-20 210
15 7.269667359953561e-20 350
18 7.726346975838468e-20 450
21 6.50786599116774e-20 602
24 5.10099208222779e-20 762
27 4.110434156555702e-20 1142
30 1.753165115849433e-20 1250
33 7.823609708637733e-21 1458
36 7.478199210261065e-22 1814
39 5.156002979871169e-29 2178
42 2.879462148448442e-29 2498
45 1.25011271991782e-29 2622
48 4.75036787267902e-30 3191
51 5.750003106998443e-31 3044
54 5.532874850872801e-33 2736
57 4.212553760145458e-38 2276
60 1.435466685068318e-38 2016
63 4.327042209486819e-39 1640
66 1.352378117678965e-39 1056
69 8.144660374882007e-40 683
72 4.148061554948426e-40 350
75 2.633929894339104e-40 192
78 7.285954267055714e-41 44
81 4.308707371482954e-41 25

3 3.4031758762611e-20 18
6 4.25555825834991e-20 62
9 6.094165870806218e-20 98
12 7.293382471672054e-20 210
15 8.776798059534655e-20 350
18 6.64761060181596e-20 450
21 6.592568645601282e-20 602
24 5.093241275635668e-20 762
27 4.051040178633355e-20 1142
30 1.765236403532477e-20 1250
33 7.350241986357277e-21 1458
36 8.914028200292199e-22 1814
39 5.290682271451875e-29 2178
42 2.940388411408829e-29 2498
45 1.311712492294858e-29 2622
48 4.808327802199488e-30 3191
51 5.512916887908472e-31 3044
54 5.636639195539039e-33 2736
57 4.083357213959025e-38 2276
60 1.447484232104708e-38 2016
63 4.293490771980833e-39 1640
66 1.330066266994882e-39 1056
69 8.326829594811712e-40 683
72 4.289966790907544e-40 350
75 2.624963712572585e-40 192
78 7.388389996359651e-41 44
81 3.283958633268044e-41 25

3 1.88385757056688e-20 18
6 4.947485238900311e-20 62
9 5.363382003362804e-20 98
12 6.364947591868834e-20 210
15 7.318563685714746e-20 350
18 6.209419559681337e-20 450
21 6.128522458576072e-20 602
24 5.015271537016371e-20 762
27 3.992708042623236e-20 1142
30 1.788450971552443e-20 1250
33 7.027215195944117e-21 1458
36 7.71711641041155e-22 1814
39 5.302600292804964e-29 2178
42 2.758924616368141e-29 2498
45 1.229415835623922e-29 2622
48 4.605503184246283e-30 3191
51 5.664453948956062e-31 3044
54 5.797316523162599e-33 2736
57 4.10904819359008e-38 2276
60 1.550518724230585e-38 2016
63 4.144672280911526e-39 1640
66 1.378246524569178e-39 1056
69 8.459810679292117e-40 683
72 4.553192200703588e-40 350
75 2.620225976298864e-40 192
78 7.176552260389334e-41 44
81 3.257994521613883e-41 25

3 9.137408209991427e-21 18
6 7.584724876436545e-20 62
9 3.925865150327895e-20 98
12 7.939929577520723e-20 210
15 7.85999277846994e-20 350
18 7.357249972956864e-20 450
21 5.77998351681523e-20 602
24 4.835319584960223e-20 762
27 3.947628732380439e-20 1142
30 1.783467116200717e-20 1250
33 7.110616282533177e-21 1458
36 6.393932993586813e-22 1814
39 5.069137734195332e-29 2178
42 2.822502595409228e-29 2498
45 1.272730550759153e-29 2622
48 4.546807849110807e-30 3191
51 5.350707133558499e-31 3044
54 5.872340720982979e-33 2736
57 4.183951628360841e-38 2276
60 1.535299815154163e-38 2016
63 3.991872399893767e-39 1640
66 1.430487791072538e-39 1056
69 8.505414250241036e-40 683
72 4.485776819025262e-40 350
75 2.627389365513665e-40 192
78 6.678288517157767e-41 44
81 3.507128079359923e-41 25

3 2.122531807143328e-20 18
6 6.473112522386105e-20 62
9 6.622984015486117e-20 98
12 5.930486380371786e-20 210
15 7.748995722534461e-20 350
18 6.952531085957926e-20 450
21 5.947007312903313e-20 602
24 4.585045089181974e-20 762
27 3.932380247145281e-20 1142
30 1.746432833184237e-20 1250
33 7.225126292529905e-21 1458
36 7.128885948054366e-22 1814
39 5.098961497763283e-29 2178
42 2.774784053702262e-29 2498
45 1.223633853288721e-29 2622
48 4.59056711562329e-30 3191
51 5.35152232927123e-31 3044
54 4.708827203062733e-33 2736
57 4.078901559062686e-38 2276
60 1.409116641996208e-38 2016
63 3.957666936996033e-39 1640
66 1.401690449920502e-39 1056
69 8.305426382336024e-40 683
72 4.741708623896089e-40 350
75 2.661851023548788e-40 192
78 6.478469887151934e-41 44
81 3.800281473379534e-41 25

3 3.653495131318473e-20 18
6 3.908464576423274e-20 62
9 4.053723962083049e-20 98
12 7.758656026152351e-20 210
15 7.56092074920035e-20 350
18 5.835944256556098e-20 450
21 6.151896842653814e-20 602
24 4.387201715347131e-20 762
27 3.936814725659687e-20 1142
30 1.703967548853854e-20 1250
33 7.144443161844601e-21 1458
36 8.220070697380045e-22 1814
39 5.017693194080103e-29 2178
42 2.701690369215516e-29 2498
45 1.201158227358348e-29 2622
48 4.377459970238952e-30 3191
51 5.349282034296545e-31 3044
54 5.021484268632381e-33 2736
57 3.877097664679589e-38 2276
60 1.416289738080593e-38 2016
63 4.018664955307273e-39 1640
66 1.37444594419888e-39 1056
69 8.283033448582897e-40 683
72 4.759006887016564e-40 350
75 2.744842217510329e-40 192
78 6.860606637028734e-41 44
81 3.879986864037058e-41 25

3 3.758974647604405e-20 18
6 4.831242681968964e-20 62
9 4.641824513599309e-20 98
12 6.127427924376828e-20 210
15 7.103864405634783e-20 350
18 6.604166601186224e-20 450
21 5.74120720786021e-20 602
24 4.392853652021585e-20 762
27 3.94411590375214e-20 1142
30 1.663568804731835e-20 1250
33 6.972193026777937e-21 1458
36 8.034188027462634e-22 1814
39 4.800453659542026e-29 2178
42 2.662879522748222e-29 2498
45 1.207619012982116e-29 2622
48 4.343714564712809e-30 3191
51 4.968589838060646e-31 3044
54 5.493822207096758e-33 2736
57 4.004974020211943e-38 2276
60 1.482378908305255e-38 2016
63 4.078693004978152e-39 1640
66 1.35671504973131e-39 1056
69 8.163969553783952e-40 683
72 4.688160189953773e-40 350
75 2.74344385453682e-40 192
78 6.513856717707822e-41 44
81 4.12037801933463e-41 25

3 3.34034416534e-20 18
6 6.657784873547414e-20 62
9 6.202285962219146e-20 98
12 6.488524489610379e-20 210
15 7.894576374962549e-20 350
18 6.550021181008501e-20 450
21 5.375048493742161e-20 602
24 4.602355964083565e-20 762
27 3.935823494575198e-20 1142
30 1.62210962592871e-20 1250
33 6.889460797291911e-21 1458
36 7.079206938202552e-22 1814
39 4.772281464224553e-29 2178
42 2.571218447062288e-29 2498
45 1.183547013108886e-29 2622
48 4.404648846948551e-30 3191
51 5.27007930730349e-31 3044
54 5.372852653847139e-33 2736
57 3.693964125939598e-38 2276
60 1.381504486376557e-38 2016
63 3.99845644311772e-39 1640
66 1.382683254930958e-39 1056
69 8.077931849485949e-40 683
72 4.594898676384523e-40 350
75 2.64772516606563e-40 192
78 6.864076655770422e-41 44
81 3.680483433298056e-41 25

3 2.784595579265042e-20 18
6 5.149282547323965e-20 62
9 3.409683693384309e-20 98
12 7.118366554460307e-20 210
15 6.556567534690842e-20 350
18 5.922588218402487e-20 450
21 5.809934221040237e-20 602
24 4.81284204783618e-20 762
27 3.894167312239413e-20 1142
30 1.587270270690003e-20 1250
33 6.874926430541906e-21 1458
36 6.260687206251469e-22 1814
39 4.906076962623782e-29 2178
42 2.640145330295863e-29 2498
45 1.177239253105366e-29 2622
48 4.255064251925325e-30 3191
51 4.902573797891848e-31 3044
54 5.426298184914302e-33 2736
57 3.799365740294033e-38 2276
60 1.400393447187391e-38 2016
63 3.92394364169169e-39 1640
66 1.388202841235224e-39 1056
69 8.054356177792493e-40 683
72 4.387957069537244e-40 350
75 2.579471232010737e-40 192
78 6.572467350566147e-41 44
81 3.970102781344938e-41 25

3 2.271283724792887e-20 18
6 4.132716442624957e-20 62
9 5.18287022234884e-20 98
12 4.981097718391396e-20 210
15 8.060588774415643e-20 350
18 6.38600965909245e-20 450
21 5.850800182160671e-20 602
24 4.75522081037005e-20 762
27 3.789281044606013e-20 1142
30 1.553568664596874e-20 1250
33 6.830484221632489e-21 1458
36 6.240075344552201e-22 1814
39 4.782293269355428e-29 2178
42 2.634641138041132e-29 2498
45 1.124139359749355e-29 2622
48 4.229239947743862e-30 3191
51 5.361445788845658e-31 3044
54 5.390013359248653e-33 2736
57 3.747292051450611e-38 2276
60 1.367131647621995e-38 2016
63 3.874334574079201e-39 1640
66 1.387608224492507e-39 1056
69 7.744777075629254e-40 683
72 4.28466668886026e-40 350
75 2.429937073804516e-40 192
78 6.678792468012191e-41 44
81 3.735484498590962e-41 25

3 2.20910117743266e-20 18
6 6.009545519475342e-20 62
9 5.524276013061896e-20 98
12 7.84019179695078e-20 210
15 6.166701185666376e-20 350
18 5.969870695385212e-20 450
21 5.085642890700662e-20 602
24 4.336473039905712e-20 762
27 3.625523291045569e-20 1142
30 1.526588190726034e-20 1250
33 6.701494662399107e-21 1458
36 6.759064078048211e-22 1814
39 4.593403770361844e-29 2178
42 2.411775142613665e-29 2498
45 1.097137342355829e-29 2622
48 4.166686997435256e-30 3191
51 4.710099378434735e-31 3044
54 4.287593051628838e-33 2736
57 3.68264009257501e-38 2276
60 1.330461768476551e-38 2016
63 3.842481965732703e-39 1640
66 1.340593059808069e-39 1056
69 7.882565267471546e-40 683
72 4.018025709398017e-40 350
75 2.487813484563277e-40 192
78 6.244580867513239e-41 44
81 3.444524598190879e-41 25

3 2.884379230418442e-20 18
6 6.539669165719105e-20 62
9 3.116855741525638e-20 98
12 4.602357820369569e-20 210
15 7.543577882445454e-20 350
18 5.808996119833462e-20 450
21 5.124894431781058e-20 602
24 3.908389357084077e-20 762
27 3.443583073360303e-20 1142
30 1.509951959297493e-20 1250
33 6.484747771645972e-21 1458
36 7.37405712846329e-22 1814
39 4.490850023349383e-29 2178
42 2.405192943372415e-29 2498
45 1.128365487233804e-29 2622
48 3.899625818648843e-30 3191
51 4.856402566154491e-31 3044
54 5.158639505811546e-33 2736
57 3.626269044727245e-38 2276
60 1.381505185703674e-38 2016
63 3.91326646848511e-39 1640
66 1.375597867231764e-39 1056
69 8.281090027858876e-40 683
72 4.162823399399428e-40 350
75 2.512615998628724e-40 192
78 6.839041649031082e-41 44
81 3.310603323065742e-41 25

3 3.176801917682322e-20 18
6 4.022898638307747e-20 62
9 4.961876599452553e-20 98
12 7.06021781134401e-20 210
15 6.198237022334375e-20 350
18 6.13228360029816e-20 450
21 5.725160538438494e-20 602
24 3.925855862239463e-20 762
27 3.325431411969572e-20 1142
30 1.49715533859791e-20 1250
33 6.254205727625478e-21 1458
36 7.681951284403843e-22 1814
39 4.456032857279745e-29 2178
42 2.518360081861606e-29 2498
45 1.10178833195614e-29 2622
48 4.165251280352962e-30 3191
51 4.40977378727633e-31 3044
54 4.440965246582879e-33 2736
57 3.583490347489719e-38 2276
60 1.281980601564446e-38 2016
63 3.742452094907602e-39 1640
66 1.393818900077237e-39 1056
69 8.410795706463145e-40 683
72 4.60211657867575e-40 350
75 2.878265162951572e-40 192
78 6.177726191612724e-41 44
81 3.221642902032807e-41 25

3 2.457239624220415e-20 18
6 3.02159536118267e-20 62
9 5.276431022918786e-20 98
12 5.882262947721225e-20 210
15 7.164016884663789e-20 350
18 5.706457806085615e-20 450
21 5.149462848115228e-20 602
24 4.324872958425681e-20 762
27 3.328546768192238e-20 1142
30 1.491746996495205e-20 1250
33 6.041390882600589e-21 1458
36 7.571914532150011e-22 1814
39 4.487858668731721e-29 2178
42 2.460487659898784e-29 2498
45 1.090785795873718e-29 2622
48 3.959185005614841e-30 3191
51 5.051468232480827e-31 3044
54 5.559361166684985e-33 2736
57 3.459281657061882e-38 2276
60 1.327293042255824e-38 2016
63 3.810900909557431e-39 1640
66 1.341875042593798e-39 1056
69 7.888971915814598e-40 683
72 4.765540494907808e-40 350
75 3.058600241510453e-40 192
78 7.216536335370492e-41 44
81 3.19129593964866e-41 25

3 1.583686407101782e-20 18
6 5.779432057361806e-20 62
9 3.098645595523788e-20 98
12 5.650824671195956e-20 210
15 6.331225770017055e-20 350
18 5.887560339141267e-20 450
21 4.776415151010235e-20 602
24 4.466988436635471e-20 762
27 3.427950240087317e-20 1142
30 1.486932565134501e-20 1250
33 5.869576004992362e-21 1458
36 7.269995410590151e-22 1814
39 4.335366453727911e-29 2178
42 2.376352443472661e-29 2498
45 1.093511192991169e-29 2622
48 3.868834724754802e-30 3191
51 4.534420831953663e-31 3044
54 4.003194703324033e-33 2736
57 3.466297664406972e-38 2276
60 1.260496427002127e-38 2016
63 3.856422559724687e-39 1640
66 1.356228952518469e-39 1056
69 8.243872229989562e-40 683
72 4.612536955762483e-40 350
75 3.067988532872261e-40 192
78 7.063079329187265e-41 44
81 3.432207845149408e-41 25

3 1.349443769610425e-20 18
6 6.949879149185457e-20 62
9 4.652230346467827e-20 98
12 6.322783278618389e-20 210
15 6.676729633093231e-20 350
18 5.581874378899545e-20 450
21 5.433663311942591e-20 602
24 4.075365145067596e-20 762
27 3.504546185613447e-20 1142
30 1.475239035314122e-20 1250
33 5.748077371303965e-21 1458
36 6.829588168302225e-22 1814
39 4.215006206752906e-29 2178
42 2.371980557890561e-29 2498
45 1.041391461900666e-29 2622
48 3.924428052046616e-30 3191
51 4.675289773453194e-31 3044
54 5.249042612912961e-33 2736
57 3.507984882325287e-38 2276
60 1.303816681178474e-38 2016
63 3.652746294388155e-39 1640
66 1.393576351791089e-39 1056
69 8.249827357987694e-40 683
72 4.185023541754607e-40 350
75 2.449644370654483e-40 192
78 7.047120581330705e-41 44
81 3.691936488821574e-41 25

3 1.830952716972375e-20 18
6 4.293733038803956e-20 62
9 5.09473528941387e-20 98
12 5.763459707937257e-20 210
15 6.361125541887458e-20 350
18 5.638310999027565e-20 450
21 5.025470513005436e-20 602
24 3.716692162531859e-20 762
27 3.460896873325558e-20 1142
30 1.457472843947706e-20 1250
33 5.664433798722751e-21 1458
36 6.434249684237575e-22 1814
39 4.333665133724353e-29 2178
42 2.330327913597313e-29 2498
45 1.002400999032495e-29 2622
48 3.867196417836593e-30 3191
51 4.630454887550745e-31 3044
54 4.183423575836237e-33 2736
57 3.374190661481814e-38 2276
60 1.256253248967212e-38 2016
63 3.7479369509284e-39 1640
66 1.382952661875111e-39 1056
69 8.454162260405162e-40 683
72 4.307398546093548e-40 350
75 2.374995370357601e-40 192
78 6.556028417176961e-41 44
81 3.448685042459822e-41 25

3 2.648113557746316e-20 18
6 2.350065043653955e-20 62
9 3.177059426664532e-20 98
12 5.163875461014846e-20 210
15 6.448875509727392e-20 350
18 5.601208098014523e-20 450
21 4.650057903821735e-20 602
24 3.899843421896002e-20 762
27 3.340153829080202e-20 1142
30 1.428889163885246e-20 1250
33 5.62659278715243e-21 1458
36 6.118501372415794e-22 1814
39 4.438550337953686e-29 2178
42 2.287251991055867e-29 2498
45 1.022547698183396e-29 2622
48 3.70229263372968e-30 3191
51 4.365696991479765e-31 3044
54 4.4342828366429e-33 2736
57 3.398606037839185e-38 2276
60 1.252089721872201e-38 2016
63 3.674818664628164e-39 1640
66 1.349569692789706e-39 1056
69 8.208642495502413e-40 683
72 4.864488493355828e-40 350
75 3.127981865425961e-40 192
78 6.466722251331355e-41 44
81 3.439069753101932e-41 25

3 3.396633829983147e-20 18
6 4.230822172699053e-20 62
9 4.139429764828624e-20 98
12 6.351948264393851e-20 210
15 6.398380519707019e-20 350
18 5.338734242975345e-20 450
21 5.213021928923282e-20 602
24 4.122696976947422e-20 762
27 3.275046723242317e-20 1142
30 1.397091791294184e-20 1250
33 5.619284950944911e-21 1458
36 5.874741688776271e-22 1814
39 4.361024970898573e-29 2178
42 2.27323204693447e-29 2498
45 1.025857989148615e-29 2622
48 3.630426103249408e-30 3191
51 4.259321665832375e-31 3044
54 5.146436444676676e-33 2736
57 3.361139595292755e-38 2276
60 1.235144872576379e-38 2016
63 3.726335447192129e-39 1640
66 1.415087720519878e-39 1056
69 8.328981266079638e-40 683
72 4.575339693587914e-40 350
75 3.255260311088994e-40 192
78 7.468366730308439e-41 44
81 3.641836195862766e-41 25

3 3.734880408956048e-20 18
6 6.649446025866733e-20 62
9 5.005347601324277e-20 98
12 5.41377834620224e-20 210
15 6.201332551227841e-20 350
18 5.64942650856829e-20 450
21 4.736884507345402e-20 602
24 3.880660088875696e-20 762
27 3.302408457428394e-20 1142
30 1.371352186765926e-20 1250
33 5.634978724412296e-21 1458
36 5.747129042438054e-22 1814
39 4.168565854582433e-29 2178
42 2.251043463448071e-29 2498
45 1.014072849295218e-29 2622
48 3.688240344400472e-30 3191
51 4.19177900723194e-31 3044
54 4.168664269925875e-33 2736
57 3.251879815961253e-38 2276
60 1.206804892905884e-38 2016
63 3.676633260527857e-39 1640
66 1.36210189244326e-39 1056
69 8.24687339417769e-40 683
72 3.973121835207468e-40 350
75 2.457449303811755e-40 192
78 7.694299233593394e-41 44
81 3.902360164197756e-41 25

3 3.152668209634142e-20 18
6 5.610869899865625e-20 62
9 3.367596065936397e-20 98
12 4.712736318497418e-20 210
15 6.413518884877803e-20 350
18 5.218424037052029e-20 450
21 4.643938920972525e-20 602
24 3.68625442088807e-20 762
27 3.297778261642793e-20 1142
30 1.359361555896555e-20 1250
33 5.670436126720321e-21 1458
36 5.672459274547308e-22 1814
39 4.009027549968454e-29 2178
42 2.240012756041112e-29 2498
45 1.00619419273196e-29 2622
48 3.618988829968204e-30 3191
51 4.316750414650103e-31 3044
54 4.504005335953612e-33 2736
57 3.304640273482092e-38 2276
60 1.23569733343785e-38 2016
63 3.724733384498534e-39 1640
66 1.393402995800253e-39 1056
69 8.451716223724945e-40 683
72 4.923545625794637e-40 350
75 2.70255185793869e-40 192
78 6.30177687897091e-41 44
81 4.10993970887971e-41 25

3 1.750833152490202e-20 18
6 3.162990266590642e-20 62
9 3.498335381006426e-20 98
12 6.872619245281997e-20 210
15 5.784120353911141e-20 350
18 5.456262043975561e-20 450
21 5.053252107633423e-20 602
24 3.88000909061419e-20 762
27 3.177418133977972e-20 1142
30 1.364506726447304e-20 1250
33 5.702390195979058e-21 1458
36 5.668731628526191e-22 1814
39 3.939506835897954e-29 2178
42 2.212537618554832e-29 2498
45 9.928597643190675e-30 2622
48 3.572906409479734e-30 3191
51 4.38417345112924e-31 3044
54 4.011677737494059e-33 2736
57 3.272504401282536e-38 2276
60 1.21294012204587e-38 2016
63 3.650916966200089e-39 1640
66 1.423355615979492e-39 1056
69 8.153112824463543e-40 683
72 4.524143581226787e-40 350
75 3.332240965487034e-40 192
78 7.328222627471045e-41 44
81 3.467594569131422e-41 25

3 6.629421180861408e-21 18
6 3.425818184851158e-20 62
9 5.058487019846037e-20 98
12 4.302582233708094e-20 210
15 6.501337661062069e-20 350
18 5.12723716344195e-20 450
21 4.49288749108042e-20 602
24 3.876878377242828e-20 762
27 3.071941119806777e-20 1142
30 1.378900573722522e-20 1250
33 5.730887884923496e-21 1458
36 5.709224623541413e-22 1814
39 3.930456752067474e-29 2178
42 2.152965596733288e-29 2498
45 9.618181649024073e-30 2622
48 3.623058826571379e-30 3191
51 4.4429031320025e-31 3044
54 3.986226226075795e-33 2736
57 3.121106087402139e-38 2276
60 1.212720322854513e-38 2016
63 3.603731904337111e-39 1640
66 1.360819193758781e-39 1056
69 8.915246155024583e-40 683
72 4.369319479158887e-40 350
75 2.542038245611309e-40 192
78 8.392232814014174e-41 44
81 4.478377537641346e-41 25

3 6.729408911164693e-21 18
6 5.460351847890574e-20 62
9 3.896055864640667e-20 98
12 5.238244355684498e-20 210
15 5.542701764885791e-20 350
18 5.297009377821876e-20 450
21 4.777262345532303e-20 602
24 3.647741385353275e-20 762
27 3.128369102399367e-20 1142
30 1.38798086908786e-20 1250
33 5.744537364486738e-21 1458
36 5.761146641167364e-22 1814
39 3.929147482553215e-29 2178
42 2.113060513662369e-29 2498
45 9.345860878106696e-30 2622
48 3.584706728824175e-30 3191
51 4.500190619756831e-31 3044
54 4.767264511996002e-33 2736
57 3.238859555356051e-38 2276
60 1.175791798246605e-38 2016
63 3.696083275761878e-39 1640
66 1.437546906523315e-39 1056
69 8.238443486622751e-40 683
72 4.846289784929237e-40 350
75 2.91413649938577e-40 192
78 5.958020147808305e-41 44
81 5.186967886150903e-41 25

3 1.367528156242412e-20 18
6 5.457464353092318e-20 62
9 3.134365430009862e-20 98
12 6.82648702443612e-20 210
15 6.578775137767711e-20 350
18 5.14485505063532e-20 450
21 4.764081249017283e-20 602
24 3.716245504214789e-20 762
27 3.227136169949361e-20 1142
30 1.378979664013152e-20 1250
33 5.735604823924764e-21 1458
36 5.840828965967323e-22 1814
39 3.944362675059098e-29 2178
42 2.101976452660903e-29 2498
45 9.415752135289728e-30 2622
48 3.450085096653499e-30 3191
51 4.149557854604265e-31 3044
54 4.435273688629709e-33 2736
57 3.237123843111532e-38 2276
60 1.165843350452841e-38 2016
63 3.5293821576797e-39 1640
66 1.358927229500417e-39 1056
69 9.04715695344201e-40 683
72 4.347418469483503e-40 350
75 3.240916852610342e-40 192
78 7.509612994668183e-41 44
81 4.045342862241244e-41 25

3 2.164134541413e-20 18
6 3.748429393154217e-20 62
9 4.41169619328301e-20 98
12 3.713170510647092e-20 210
15 5.432652855198802e-20 350
18 5.228958978619075e-20 450
21 4.400994934001243e-20 602
24 3.76898039625946e-20 762
27 3.145509564585134e-20 1142
30 1.348670591618367e-20 1250
33 5.704743885211983e-21 1458
36 5.891346397168556e-22 1814
39 3.966360082035211e-29 2178
42 2.090478602173374e-29 2498
45 9.642514607722199e-30 2622
48 3.387323905585747e-30 3191
51 3.909682224212452e-31 3044
54 4.110466959972995e-33 2736
57 3.115631856422522e-38 2276
60 1.208284430359554e-38 2016
63 3.641518547808133e-39 1640
66 1.484453265729183e-39 1056
69 8.523982003035742e-40 683
72 4.874514800685986e-40 350
75 2.412016694253876e-40 192
78 7.872116897989997e-41 44
81 4.347864495364282e-41 25

3 2.857599819439647e-20 18
6 3.232261145194592e-20 62
9 4.526982207050487e-20 98
12 5.769863291195496e-20 210
15 6.296943259608095e-20 350
18 5.060245843818173e-20 450
21 4.764996204573343e-20 602
24 3.564980629321759e-20 762
27 2.962179628787666e-20 1142
30 1.311184033640414e-20 1250
33 5.64310333389789e-21 1458
36 5.914497101126745e-22 1814
39 3.940702085792628e-29 2178
42 2.07365652385742e-29 2498
45 9.579311554693288e-30 2622
48 3.42723140847595e-30 3191
51 4.134535979003928e-31 3044
54 4.288610404652495e-33 2736
57 3.063568762196984e-38 2276
60 1.120413279962689e-38 2016
63 3.760089633603041e-39 1640
66 1.353915261915333e-39 1056
69 9.195461567906437e-40 683
72 4.800499896153687e-40 350
75 3.451302277746768e-40 192
78 6.159455586329446e-41 44
81 5.132963734991924e-41 25

3 3.362696502159966e-20 18
6 4.529482513026539e-20 62
9 3.185835832810846e-20 98
12 6.157647761519954e-20 210
15 5.471910609479425e-20 350
18 5.057626407213512e-20 450
21 4.405683123828189e-20 602
24 3.575545087947737e-20 762
27 2.956787130100795e-20 1142
30 1.28113345233198e-20 1250
33 5.546809830251912e-21 1458
36 5.894005227214899e-22 1814
39 3.880761897506335e-29 2178
42 2.048334696911716e-29 2498
45 9.276758186338299e-30 2622
48 3.474031110604091e-30 3191
51 4.351416964290365e-31 3044
54 4.190427993366331e-33 2736
57 3.118393562215684e-38 2276
60 1.174379473729489e-38 2016
63 3.379719798908601e-39 1640
66 1.457318525831815e-39 1056
69 8.816969541707667e-40 683
72 4.623819034669156e-40 350
75 2.710833039388284e-40 192
78 8.295501141931207e-41 44
81 4.485370356108735e-41 25

3 3.342481169524865e-20 18
6 5.465658946795761e-20 62
9 3.370294923231172e-20 98
12 3.684776253600835e-20 210
15 5.894035905128282e-20 350
18 4.928690599034505e-20 450
21 4.49921721482185e-20 602
24 3.671821182942229e-20 762
27 3.100825670798094e-20 1142
30 1.259607877336393e-20 1250
33 5.432821279892375e-21 1458
36 5.793935035399111e-22 1814
39 3.840008063623173e-29 2178
42 2.027766793842033e-29 2498
45 9.07877178894554e-30 2622
48 3.435822133885959e-30 3191
51 4.266534679042333e-31 3044
54 3.844126305381469e-33 2736
57 3.09468087477788e-38 2276
60 1.201292076961004e-38 2016
63 3.731724159361426e-39 1640
66 1.421060751660599e-39 1056
69 8.923069068083904e-40 683
72 5.099127330800379e-40 350
75 3.070983403371139e-40 192
78 6.695227003588288e-41 44
81 5.260261083719277e-41 25

3 2.569782261735115e-20 18
6 4.431404030668228e-20 62
9 4.499925577444968e-20 98
12 5.771126271168062e-20 210
15 5.698785099521186e-20 350
18 4.969810317176851e-20 450
21 4.509096184434615e-20 602
24 3.538945183882447e-20 762
27 3.065305442918398e-20 1142
30 1.246223059307708e-20 1250
33 5.31329606454705e-21 1458
36 5.673934402496385e-22 1814
39 3.782302476353146e-29 2178
42 2.003567339088346e-29 2498
45 9.104108400407422e-30 2622
48 3.388092769796682e-30 3191
51 4.003437199404919e-31 3044
54 3.984176088429478e-33 2736
57 3.040629271151384e-38 2276
60 1.084858492206751e-38 2016
63 3.648548330891518e-39 1640
66 1.435227758722996e-39 1056
69 9.353605698923318e-40 683
72 4.554501215138361e-40 350
75 2.980727355974951e-40 192
78 8.467208375408528e-41 44
81 4.607024040080737e-41 25

3 1.601979364788235e-20 18
6 2.909870421652677e-20 62
9 4.038998659524685e-20 98
12 5.934129614815093e-20 210
15 5.55558562834107e-20 350
18 4.891030204630372e-20 450
21 4.336144732243325e-20 602
24 3.462776295163767e-20 762
27 2.843311965127765e-20 1142
30 1.251482524063174e-20 1250
33 5.212660422728179e-21 1458
36 5.532729542379858e-22 1814
39 3.74113540376957e-29 2178
42 1.982433116643617e-29 2498
45 9.191889768134769e-30 2622
48 3.370982471573167e-30 3191
51 3.875272733231668e-31 3044
54 4.024732957484359e-33 2736
57 2.902415642149293e-38 2276
60 1.103823973701952e-38 2016
63 3.375209465174758e-39 1640
66 1.395876886076623e-39 1056
69 8.983399238563081e-40 683
72 5.310204143325236e-40 350
75 2.81450888525837e-40 192
78 8.099644189670619e-41 44
81 4.3304422544822e-41 25

3 1.290931069892497e-20 18
6 2.868966551191911e-20 62
9 3.132271438796934e-20 98
12 3.832683719294844e-20 210
15 5.732777403503676e-20 350
18 4.85140041756284e-20 450
21 4.392072556251294e-20 602
24 3.535897538585396e-20 762
27 2.830728277691361e-20 1142
30 1.280444907878453e-20 1250
33 5.13786653599666e-21 1458
36 5.454026108668217e-22 1814
39 3.708571643037884e-29 2178
42 1.972901291496777e-29 2498
45 9.173221785911484e-30 2622
48 3.334075324701346e-30 3191
51 3.961499479198003e-31 3044
54 3.689293467909927e-33 2736
57 3.022413860357866e-38 2276
60 1.141915504138875e-38 2016
63 3.68502567323509e-39 1640
66 1.472499943209528e-39 1056
69 9.410893314591893e-40 683
72 4.596235022389948e-40 350
75 3.201127829251371e-40 192
78 7.83857573777907e-41 44
81 5.679716019323568e-41 25

3 1.66714847269324e-20 18
6 4.340882179186788e-20 62
9 3.519552503185385e-20 98
12 5.352483629850952e-20 210
15 5.441246712888665e-20 350
18 4.771467742034012e-20 450
21 4.316056077115462e-20 602
24 3.458134001153282e-20 762
27 3.010046251054735e-20 1142
30 1.29045408706592e-20 1250
33 5.074766604757456e-21 1458
36 5.474929317478155e-22 1814
39 3.641096786000214e-29 2178
42 1.955388254011691e-29 2498
45 9.056068151682558e-30 2622
48 3.261935545638266e-30 3191
51 3.995873167156095e-31 3044
54 3.685865416533662e-33 2736
57 3.106232109004297e-38 2276
60 1.156993100865701e-38 2016
63 3.608038717588978e-39 1640
66 1.515327384167861e-39 1056
69 9.340994840259841e-40 683
72 5.345014632210023e-40 350
75 2.755841813627931e-40 192
78 7.643474385006683e-41 44
81 4.372334699704537e-41 25

3 2.018010398586611e-20 18
6 5.373373064720076e-20 62
9 4.093051855567902e-20 98
12 5.688294498545428e-20 210
15 5.456982544108738e-20 350
18 4.7614964293005e-20 450
21 4.222128123977073e-20 602
24 3.316303834271579e-20 762
27 2.906283404781298e-20 1142
30 1.230177892512586e-20 1250
33 5.031973409083823e-21 1458
36 5.560072472801333e-22 1814
39 3.578174876396975e-29 2178
42 1.944180393054908e-29 2498
45 8.913062199745613e-30 2622
48 3.204516713825083e-30 3191
51 3.925645202772708e-31 3044
54 4.156146562780435e-33 2736
57 2.894831987606265e-38 2276
60 1.093432772385253e-38 2016
63 3.506993446011208e-39 1640
66 1.372153193068668e-39 1056
69 9.283784472602452e-40 683
72 4.603487230780292e-40 350
75 3.352259934719794e-40 192
78 8.107170115380959e-41 44
81 5.499001247606918e-41 25

3 2.050798702707879e-20 18
6 4.955325405171003e-20 62
9 3.7585779148889e-20 98
12 3.850911427422947e-20 210
15 5.446601146808158e-20 350
18 4.64419124086464e-20 450
21 4.238517927932226e-20 602
24 3.430459046421468e-20 762
27 2.687096817763406e-20 1142
30 1.154136470533221e-20 1250
33 5.023335646147707e-21 1458
36 5.627538001308909e-22 1814
39 3.508146186108391e-29 2178
42 1.933079554542815e-29 2498
45 8.760169933755878e-30 2622
48 3.171609266558649e-30 3191
51 3.801419270781607e-31 3044
54 4.29111587064572e-33 2736
57 2.726437077616476e-38 2276
60 1.028606149709446e-38 2016
63 3.601688163012485e-39 1640
66 1.459526243814495e-39 1056
69 9.527389997465088e-40 683
72 5.413972860299947e-40 350
75 2.842820378726826e-40 192
78 7.279971988271818e-41 44
81 4.53029403658054e-41 25

3 1.938142705891325e-20 18
6 3.623629302787271e-20 62
9 3.136849102719299e-20 98
12 4.77592359700257e-20 210
15 5.297855518655194e-20 350
18 4.70277868854242e-20 450
21 4.219895143965527e-20 602
24 3.343299098608016e-20 762
27 2.837379720226625e-20 1142
30 1.172625264735059e-20 1250
33 5.043812543831404e-21 1458
36 5.533467114740786e-22 1814
39 3.442807274418883e-29 2178
42 1.916645743357077e-29 2498
45 8.686534152054013e-30 2622
48 3.162853535221407e-30 3191
51 3.674823911575584e-31 3044
54 3.875538578865708e-33 2736
57 2.863107067813849e-38 2276
60 1.079599453587602e-38 2016
63 3.432138623673848e-39 1640
66 1.504069086977033e-39 1056
69 8.959556641860612e-40 683
72 4.625006727667391e-40 350
75 3.2377437621468e-40 192
78 9.155625593238575e-41 44
81 5.452064744857215e-41 25

3 1.900483692575767e-20 18
6 2.769575686597863e-20 62
9 3.22070139927428e-20 98
12 5.573402144551967e-20 210
15 5.296798899838061e-20 350
18 4.55980486483601e-20 450
21 4.058108778784785e-20 602
24 3.189438746773173e-20 762
27 2.906009707648153e-20 1142
30 1.239556543191427e-20 1250
33 5.052000867866922e-21 1458
36 5.219753697803193e-22 1814
39 3.414502904958978e-29 2178
42 1.899457447197231e-29 2498
45 8.614238892090207e-30 2622
48 3.149231777944429e-30 3191
51 3.579410051237239e-31 3044
54 3.440630080896733e-33 2736
57 3.004002174359791e-38 2276
60 1.115266845129116e-38 2016
63 3.57924969833652e-39 1640
66 1.415961298459807e-39 1056
69 9.532865146659078e-40 683
72 5.218124799519824e-40 350
75 3.143914222554796e-40 192
78 7.450920798191145e-41 44
81 4.724473555734276e-41 25

3 1.951881516803827e-20 18
6 3.22007466632784e-20 62
9 3.855459474730959e-20 98
12 4.132692819542952e-20 210
15 5.456724392696545e-20 350
18 4.622287790385102e-20 450
21 4.248038183789731e-20 602
24 3.37007091020863e-20 762
27 2.652623769298418e-20 1142
30 1.202702115839835e-20 1250
33 4.993666349732703e-21 1458
36 4.833971614549688e-22 1814
39 3.41558705492982e-29 2178
42 1.882110112333408e-29 2498
45 8.537534058488575e-30 2622
48 3.118418198994079e-30 3191
51 3.532711771971169e-31 3044
54 3.389686873242833e-33 2736
57 2.939732490787869e-38 2276
60 1.084040703894151e-38 2016
63 3.636696180460863e-39 1640
66 1.482200672645878e-39 1056
69 9.507040694206315e-40 683
72 5.292547181717515e-40 350
75 3.055525004431806e-40 192
78 1.035718040261423e-40 44
81 6.098092025330437e-41 25

3 1.875840061234326e-20 18
6 4.309971230574104e-20 62
9 3.923716915221132e-20 98
12 4.357947396839954e-20 210
15 5.073721082420777e-20 350
18 4.454946672852944e-20 450
21 3.882216367986305e-20 602
24 3.180747437314502e-20 762
27 2.717981005917804e-20 1142
30 1.11385240260807e-20 1250
33 4.877418210916427e-21 1458
36 4.642843795886328e-22 1814
39 3.425872122400887e-29 2178
42 1.873230866568383e-29 2498
45 8.431899389808749e-30 2622
48 3.100729632613128e-30 3191
51 3.526213219141507e-31 3044
54 3.669454913127669e-33 2736
57 2.77666998622512e-38 2276
60 1.045090485833631e-38 2016
63 3.479297724677402e-39 1640
66 1.513840518980938e-39 1056
69 9.308156017888467e-40 683
72 4.848960625777752e-40 350
75 3.192085055050813e-40 192
78 7.708570413561834e-41 44
81 4.899478461157862e-41 25

3 1.764949762999486e-20 18
6 4.81136070181686e-20 62
9 3.176095999846744e-20 98
12 5.294955859610849e-20 210
15 5.387994450586966e-20 350
18 4.520919208461343e-20 450
21 4.199709107340216e-20 602
24 3.189828048623696e-20 762
27 2.807901292063497e-20 1142
30 1.144456273927137e-20 1250
33 4.774117728097728e-21 1458
36 4.84963976960471e-22 1814
39 3.43922575232809e-29 2178
42 1.861784898151368e-29 2498
45 8.281758677707665e-30 2622
48 3.058821766035662e-30 3191
51 3.523823185272727e-31 3044
54 4.070524485889638e-33 2736
57 2.698416473390645e-38 2276
60 1.045372076204998e-38 2016
63 3.429994127955075e-39 1640
66 1.474229179594603e-39 1056
69 9.722389812647532e-40 683
72 5.560522748655895e-40 350
75 3.233223912797354e-40 192
78 9.682451792907313e-41 44
81 7.105316622147839e-41 25

3 1.920660098882425e-20 18
6 4.429455391535544e-20 62
9 2.828284429629464e-20 98
12 4.423691295426676e-20 210
15 5.117779100924827e-20 350
18 4.367310759457471e-20 450
21 3.821120713587957e-20 602
24 3.268012728538063e-20 762
27 2.600997440069838e-20 1142
30 1.206408471193815e-20 1250
33 4.72535098695239e-21 1458
36 5.306515475475722e-22 1814
39 3.438580714959418e-29 2178
42 1.851263585801345e-29 2498
45 8.138159378752632e-30 2622
48 2.996815578215181e-30 3191
51 3.515002683019588e-31 3044
54 4.298535582763837e-33 2736
57 2.740786337169049e-38 2276
60 1.053891833534437e-38 2016
63 3.53202768379408e-39 1640
66 1.519418021103049e-39 1056
69 9.911598076770083e-40 683
72 5.044496964804105e-40 350
75 3.254382712119909e-40 192
78 8.921355620750132e-41 44
81 5.160709993143772e-41 25

3 2.430829261341759e-20 18
6 3.721008367704163e-20 62
9 3.585001012534005e-20 98
12 4.11943456143576e-20 210
15 5.063955814005889e-20 350
18 4.448226633180744e-20 450
21 4.088247413588065e-20 602
24 3.077806807300453e-20 762
27 2.687333110769922e-20 1142
30 1.131068993761321e-20 1250
33 4.724521716710985e-21 1458
36 5.534279639753604e-22 1814
39 3.444591545200015e-29 2178
42 1.843160661132193e-29 2498
45 7.987376469543458e-30 2622
48 2.930251247790346e-30 3191
51 3.529918404529097e-31 3044
54 4.094078825955256e-33 2736
57 2.75619757866669e-38 2276
60 1.044389133367946e-38 2016
63 3.640072026489052e-39 1640
66 1.547263371612013e-39 1056
69 9.616675625879012e-40 683
72 5.45876698493024e-40 350
75 3.074542652160688e-40 192
78 8.20815798308159e-41 44
81 6.506718015138243e-41 25

3 2.85770049563698e-20 18
6 3.213322725971763e-20 62
9 4.064087207512877e-20 98
12 4.850068098422682e-20 210
15 5.157783156489628e-20 350
18 4.354798805273475e-20 450
21 3.837116665616278e-20 602
24 3.235176057471095e-20 762
27 2.682554090630069e-20 1142
30 1.073448098932006e-20 1250
33 4.769522058011225e-21 1458
36 5.215181612193209e-22 1814
39 3.449207983775013e-29 2178
42 1.822015054856208e-29 2498
45 7.921092288333062e-30 2622
48 2.883124089667552e-30 3191
51 3.536337840573291e-31 3044
54 3.467768834537356e-33 2736
57 2.752709936790661e-38 2276
60 1.024418908413132e-38 2016
63 3.721112714982217e-39 1640
66 1.485093271106496e-39 1056
69 9.92837926118005e-40 683
72 5.340945381049969e-40 350
75 3.649198958749772e-40 192
78 9.95526899191613e-41 44
81 6.58019954264565e-41 25

3 2.761169167824622e-20 18
6 3.060245373578267e-20 62
9 3.187212928082491e-20 98
12 4.578318888275301e-20 210
15 5.009837525219643e-20 350
18 4.401144815106667e-20 450
21 3.950256397825318e-20 602
24 3.062272413244996e-20 762
27 2.548745296255629e-20 1142
30 1.155307767386423e-20 1250
33 4.805081800429358e-21 1458
36 4.64000966683408e-22 1814
39 3.413650242539891e-29 2178
42 1.803195616040243e-29 2498
45 7.997366084533456e-30 2622
48 2.880645226666158e-30 3191
51 3.514384158240106e-31 3044
54 2.957135701873107e-33 2736
57 2.759347427922144e-38 2276
60 1.025182532552336e-38 2016
63 3.533681226682011e-39 1640
66 1.538194462146966e-39 1056
69 9.935541715931323e-40 683
72 5.400094148667857e-40 350
75 3.068095983929413e-40 192
78 8.896221949454303e-41 44
81 5.041857656113236e-41 25

3 2.13124294798844e-20 18
6 3.213987384490888e-20 62
9 2.432657174759142e-20 98
12 4.335114289366426e-20 210
15 4.899343220372742e-20 350
18 4.360453709493932e-20 450
21 3.86759807420791e-20 602
24 3.170946042726071e-20 762
27 2.703299566263327e-20 1142
30 1.160972835135861e-20 1250
33 4.714918658360252e-21 1458
36 4.497239595038048e-22 1814
39 3.294693825648143e-29 2178
42 1.788030307322427e-29 2498
45 8.14728720445498e-30 2622
48 2.91160559254342e-30 3191
51 3.470291167962857e-31 3044
54 2.787296504319018e-33 2736
57 2.761657005827877e-38 2276
60 1.038991858655789e-38 2016
63 3.401735350483098e-39 1640
66 1.593990309426998e-39 1056
69 9.900367049564883e-40 683
72 5.653821666547074e-40 350
75 3.412859844635695e-40 192
78 8.268644966899595e-41 44
81 8.104931872378348e-41 25

3 1.34280040273794e-20 18
6 3.664624469217359e-20 62
9 3.256975992185063e-20 98
12 4.419280261649217e-20 210
15 5.031477634805755e-20 350
18 4.341618350983568e-20 450
21 3.817795615675445e-20 602
24 3.051346378405534e-20 762
27 2.524900142718361e-20 1142
30 1.065534855975555e-20 1250
33 4.511480746985166e-21 1458
36 5.02166048269577e-22 1814
39 3.150536419923661e-29 2178
42 1.777364985713132e-29 2498
45 8.243193925350999e-30 2622
48 2.956198609635197e-30 3191
51 3.44119579060745e-31 3044
54 2.840634311441107e-33 2736
57 2.730125779347869e-38 2276
60 1.045778472549494e-38 2016
63 3.519149950220345e-39 1640
66 1.554448000595364e-39 1056
69 1.019748997561621e-39 683
72 5.341846402069063e-40 350
75 3.77900489958844e-40 192
78 1.050267065450892e-40 44
81 5.259012495772777e-41 25

3 7.795404766777292e-21 18
6 4.181750494386226e-20 62
9 4.197209302116908e-20 98
12 4.374856304961076e-20 210
15 4.932849446996966e-20 350
18 4.339694686197417e-20 450
21 3.881884008568161e-20 602
24 3.064762906482021e-20 762
27 2.548352041601464e-20 1142
30 1.087763100969421e-20 1250
33 4.449432756728083e-21 1458
36 5.484572293353882e-22 1814
39 3.102569836420917e-29 2178
42 1.772333948101028e-29 2498
45 8.164664461882457e-30 2622
48 2.968794399057761e-30 3191
51 3.43944103564604e-31 3044
54 3.031315076565477e-33 2736
57 2.655450150761286e-38 2276
60 1.034924805603288e-38 2016
63 3.641584288892532e-39 1640
66 1.513012657829002e-39 1056
69 1.029787446159789e-39 683
72 5.435989179011208e-40 350
75 3.183818068916773e-40 192
78 9.48553488835328e-41 44
81 6.579542100325603e-41 25

3 5.477938652753694e-21 18
6 4.149056393055063e-20 62
9 3.361629650831509e-20 98
12 4.608376845708412e-20 210
15 4.612473446878777e-20 350
18 4.233464519191495e-20 450
21 3.720173427128453e-20 602
24 3.113295784655473e-20 762
27 2.683817935609786e-20 1142
30 1.140624880679504e-20 1250
33 4.645675594757473e-21 1458
36 5.115763700499325e-22 1814
39 3.190205616524346e-29 2178
42 1.764153706031677e-29 2498
45 7.926184878245471e-30 2622
48 2.961240340747994e-30 3191
51 3.472186041217773e-31 3044
54 3.180326460028696e-33 2736
57 2.590183287597125e-38 2276
60 1.017297451475265e-38 2016
63 3.662623343577031e-39 1640
66 1.564489359513636e-39 1056
69 1.007329188226316e-39 683
72 5.595697682778498e-40 350
75 3.401267839885064e-40 192
78 8.598364558714007e-41 44
81 8.953524781214961e-41 25

3 6.58152285283973e-21 18
6 3.508936376092093e-20 62
9 2.227856083796084e-20 98
12 4.383599935346619e-20 210
15 5.114280946475843e-20 350
18 4.254515449061479e-20 450
21 3.855842108633471e-20 602
24 2.899010371243447e-20 762
27 2.373736940153898e-20 1142
30 1.082171158576449e-20 1250
33 4.737111138268075e-21 1458
36 4.34335207294517e-22 1814
39 3.290604218678072e-29 2178
42 1.737572157368158e-29 2498
45 7.687969450067488e-30 2622
48 2.942371984439185e-30 3191
51 3.489651639433151e-31 3044
54 3.225511466790834e-33 2736
57 2.553056930539966e-38 2276
60 9.968527127796257e-39 2016
63 3.610216966430019e-39 1640
66 1.648720072327908e-39 1056
69 1.021920418167202e-39 683
72 5.274620698203835e-40 350
75 3.842451774573684e-40 192
78 1.077175873608078e-40 44
81 5.423743027469602e-41 25

3 1.07173585653028e-20 18
6 2.861587837287904e-20 62
9 2.792443723940924e-20 98
12 3.817101844177692e-20 210
15 4.690705378242644e-20 350
18 4.102489538447033e-20 450
21 3.660552363589331e-20 602
24 3.161234361413956e-20 762
27 2.610982382444609e-20 1142
30 1.057413308205938e-20 1250
33 4.444807687294795e-21 1458
36 4.351448313117085e-22 1814
39 3.255762919350547e-29 2178
42 1.714468128117691e-29 2498
45 7.599426630712479e-30 2622
48 2.920017952451608e-30 3191
51 3.435128334241623e-31 3044
54 3.260271793042695e-33 2736
57 2.549367577028973e-38 2276
60 1.000575810341946e-38 2016
63 3.549590322602804e-39 1640
66 1.620440849005589e-39 1056
69 1.047055952231095e-39 683
72 5.494957526300312e-40 350
75 3.359607098864213e-40 192
78 9.652209797380299e-41 44
81 7.254493378013968e-41 25

3 1.712631439025568e-20 18
6 2.880281916350026e-20 62
9 4.073523933339987e-20 98
12 4.63377714369257e-20 210
15 4.617482290162409e-20 350
18 4.169814751441619e-20 450
21 3.820562068992702e-20 602
24 2.805139908982691e-20 762
27 2.541755402536606e-20 1142
30 1.089516535849999e-20 1250
33 4.220412564088717e-21 1458
36 5.151497543584538e-22 1814
39 3.128502579042473e-29 2178
42 1.704765701024663e-29 2498
45 7.594290463214445e-30 2622
48 2.930718434133598e-30 3191
51 3.332652582360113e-31 3044
54 3.285786410207534e-33 2736
57 2.569351718542157e-38 2276
60 1.026049446816467e-38 2016
63 3.558712997909202e-39 1640
66 1.610099882091335e-39 1056
69 1.054335277228333e-39 683
72 5.825287913842357e-40 350
75 3.459440230361873e-40 192
78 8.661940346362657e-41 44
81 9.695935141759143e-41 25

3 2.392892583105311e-20 18
6 3.493806271986029e-20 62
9 3.754986581391504e-20 98
12 4.737064414818393e-20 210
15 5.243444354552715e-20 350
18 4.095881235352664e-20 450
21 3.632053009169569e-20 602
24 3.109564260086291e-20 762
27 2.34620646051634e-20 1142
30 1.07104265939394e-20 1250
33 4.483027249263293e-21 1458
36 5.312072244291354e-22 1814
39 3.096319226345101e-29 2178
42 1.698653086155585e-29 2498
45 7.500592687145539e-30 2622
48 2.922162954582875e-30 3191
51 3.208465398019286e-31 3044
54 3.292614069779622e-33 2736
57 2.580248430203045e-38 2276
60 1.043708365550829e-38 2016
63 3.567289714607434e-39 1640
66 1.608797328043782e-39 1056
69 1.060694451586551e-39 683
72 5.819639018411877e-40 350
75 3.754144490518595e-40 192
78 1.075091637280143e-40 44
81 6.347890841850234e-41 25

3 2.907530014040804e-20 18
6 4.057101647837659e-20 62
9 2.419224033151388e-20 98
12 3.520382309459956e-20 210
15 4.432947639057343e-20 350
18 4.057226610200335e-20 450
21 3.766100380164489e-20 602
24 2.831242333710764e-20 762
27 2.618700177008198e-20 1142
30 1.051576591542438e-20 1250
33 4.663493717019621e-21 1458
36 4.365580151621527e-22 1814
39 3.179109635251759e-29 2178
42 1.684621682881989e-29 2498
45 7.316814417257013e-30 2622
48 2.87686740223863e-30 3191
51 3.148658097884885e-31 3044
54 3.384977407248136e-33 2736
57 2.596440514291401e-38 2276
60 1.035789663242977e-38 2016
63 3.496240688017467e-39 1640
66 1.612840835716631e-39 1056
69 1.079604626944373e-39 683
72 5.703353098383103e-40 350
75 3.68857404873709e-40 192
78 1.035695428140647e-40 44
81 6.556947808783148e-41 25

3 3.019757145317898e-20 18
6 3.970781972907519e-20 62
9 2.360074075684258e-20 98
12 4.001884949131076e-20 210
15 4.795987222607869e-20 350
18 4.142427196973165e-20 450
21 3.58329424196122e-20 602
24 2.962280784198475e-20 762
27 2.364861696459821e-20 1142
30 1.048403947547341e-20 1250
33 4.284517097000751e-21 1458
36 3.911193563607129e-22 1814
39 3.176457058169437e-29 2178
42 1.654203528651676e-29 2498
45 7.220590305308784e-30 2622
48 2.800470378822145e-30 3191
51 3.145688665980088e-31 3044
54 3.426891862360572e-33 2736
57 2.607076929236241e-38 2276
60 1.00976919260307e-38 2016
63 3.574868710124857e-39 1640
66 1.628014343353504e-39 1056
69 1.087217055482235e-39 683
72 6.031707882477122e-40 350
75 3.708344553316549e-40 192
78 8.728374644377429e-41 44
81 1.018418032165279e-40 25

3 2.647980536315744e-20 18
6 3.305514373932615e-20 62
9 3.568442796689907e-20 98
12 5.038430669094255e-20 210
15 4.922291084387792e-20 350
18 3.916476521130068e-20 450
21 3.702179479342293e-20 602
24 2.920801185241432e-20 762
27 2.43170408279428e-20 1142
30 1.034837336653802e-20 1250
33 4.088699071821531e-21 1458
36 4.801670573457242e-22 1814
39 3.050431361062082e-29 2178
42 1.63215295215823e-29 2498
45 7.347782943517859e-30 2622
48 2.733041130476783e-30 3191
51 3.176174888722209e-31 3044
54 3.442480399601002e-33 2736
57 2.618745126342398e-38 2276
60 9.901226648676362e-39 2016
63 3.705395599399609e-39 1640
66 1.629575029189002e-39 1056
69 1.106293748938153e-39 683
72 6.363922984632414e-40 350
75 3.876298404500378e-40 192
78 9.414310416490953e-41 44
81 7.816284198749494e-41 25

3 1.952247051887714e-20 18
6 2.845568151799196e-20 62
9 3.888580407595436e-20 98
12 3.859143990952824e-20 210
15 4.214964063828349e-20 350
18 4.109876514394778e-20 450
21 3.516859610050358e-20 602
24 2.786222667809197e-20 762
27 2.468694480180093e-20 1142
30 1.043894687183845e-20 1250
33 4.464014571910359e-21 1458
36 5.27467407482044e-22 1814
39 2.96202137609084e-29 2178
42 1.64995589686037e-29 2498
45 7.516938683655034e-30 2622
48 2.729316629944979e-30 3191
51 3.177788441306272e-31 3044
54 3.484687261437473e-33 2736
57 2.622020500041955e-38 2276
60 9.766717172493112e-39 2016
63 3.777144633185526e-39 1640
66 1.652251092630953e-39 1056
69 1.091332615035798e-39 683
72 6.217722299860727e-40 350
75 3.971418404929787e-40 192
78 9.949426017908819e-41 44
81 5.928915732878001e-41 25

3 1.246113799287437e-20 18
6 3.133837386232638e-20 62
9 2.77646883570267e-20 98
12 3.28988129803551e-20 210
15 4.802809568659689e-20 350
18 3.83372212601908e-20 450
21 3.651008009698722e-20 602
24 2.972791643205616e-20 762
27 2.339172015579371e-20 1142
30 1.024399195810551e-20 1250
33 4.466255868884155e-21 1458
36 4.243331305041348e-22 1814
39 2.95997964812769e-29 2178
42 1.654360028885413e-29 2498
45 7.45364346273303e-30 2622
48 2.741426877347166e-30 3191
51 3.158607539358248e-31 3044
54 3.420439543118286e-33 2736
57 2.59779158391068e-38 2276
60 9.705967079953327e-39 2016
63 3.769143474649829e-39 1640
66 1.681344756899925e-39 1056
69 1.111309310591721e-39 683
72 5.942933850315278e-40 350
75 4.016802074549507e-40 192
78 8.902120730143556e-41 44
81 7.811551954920944e-41 25

3 8.079641361777695e-21 18
6 3.814806770676504e-20 62
9 2.176387874917578e-20 98
12 4.669173476996092e-20 210
15 4.45994746329943e-20 350
18 3.995472608509272e-20 450
21 3.464288365172979e-20 602
24 2.675408632939707e-20 762
27 2.401253546156813e-20 1142
30 9.950975860636696e-21 1250
33 4.017535621304546e-21 1458
36 3.69841742297212e-22 1814
39 2.967044630702091e-29 2178
42 1.630599499466125e-29 2498
45 7.265510051384013e-30 2622
48 2.710975120569585e-30 3191
51 3.18871257025784e-31 3044
54 3.313444816321518e-33 2736
57 2.560181556937181e-38 2276
60 9.719468638564182e-39 2016
63 3.677821795129891e-39 1640
66 1.688982930501695e-39 1056
69 1.14855967932778e-39 683
72 6.211792496885653e-40 350
75 4.039282458309078e-40 192
78 8.796070695835108e-41 44
81 9.670194900557089e-41 25

3 6.984042297904346e-21 18
6 4.058949769724545e-20 62
9 2.908532575507174e-20 98
12 4.519171531663726e-20 210
15 4.236846003551564e-20 350
18 3.921430498645185e-20 450
21 3.601652766830031e-20 602
24 2.939077125332142e-20 762
27 2.374627168978013e-20 1142
30 1.031268371602622e-20 1250
33 4.148667869846479e-21 1458
36 4.75157457902439e-22 1814
39 2.975241977195833e-29 2178
42 1.590135355262704e-29 2498
45 7.1878093717475e-30 2622
48 2.628081313334324e-30 3191
51 3.218352059673517e-31 3044
54 3.177840061266868e-33 2736
57 2.527666332527965e-38 2276
60 9.747422484895111e-39 2016
63 3.584978071557675e-39 1640
66 1.721064313576738e-39 1056
69 1.145139688544859e-39 683
72 6.328541537219365e-40 350
75 4.068614150004557e-40 192
78 1.043554393501932e-40 44
81 7.388519801582123e-41 25

3 8.472838629135635e-21 18
6 3.447364463187711e-20 62
9 3.637978994190014e-20 98
12 3.167779415849469e-20 210
15 4.769946260512974e-20 350
18 3.816651538263804e-20 450
21 3.412390469899074e-20 602
24 2.650019377991898e-20 762
27 2.314579936591831e-20 1142
30 1.00256317685655e-20 1250
33 4.424546262093461e-21 1458
36 5.087204009719814e-22 1814
39 3.012091154231468e-29 2178
42 1.592726889042982e-29 2498
45 7.230204788412243e-30 2622
48 2.572797138968642e-30 3191
51 3.195798572716939e-31 3044
54 2.981019059481791e-33 2736
57 2.508762753561113e-38 2276
60 9.775365763543999e-39 2016
63 3.511418763677979e-39 1640
66 1.737938480896194e-39 1056
69 1.126095124685305e-39 683
72 6.045491294400474e-40 350
75 3.881171739674816e-40 192
78 1.09265307639274e-40 44
81 5.251311612526118e-41 25

3 1.15476416683006e-20 18
6 2.478883567802132e-20 62
9 3.227386515959307e-20 98
12 3.832735168676829e-20 210
15 4.146263247366611e-20 350
18 4.019431320939291e-20 450
21 3.536250121220304e-20 602
24 2.859465314517511e-20 762
27 2.33189079706789e-20 1142
30 9.663291586240601e-21 1250
33 4.076417466913707e-21 1458
36 3.893118871721739e-22 1814
39 2.945238993758134e-29 2178
42 1.622012645959148e-29 2498
45 7.208993213831058e-30 2622
48 2.580127925626499e-30 3191
51 3.077805262990967e-31 3044
54 2.818274648320866e-33 2736
57 2.491370894986098e-38 2276
60 9.857099907340981e-39 2016
63 3.541775149946071e-39 1640
66 1.776901184644787e-39 1056
69 1.108183980621803e-39 683
72 6.108997143678619e-40 350
75 3.932768562297955e-40 192
78 9.030148568619004e-41 44
81 7.208922666342037e-41 25

3 1.497823235999649e-20 18
6 2.136974985157168e-20 62
9 2.394822011267754e-20 98
12 4.808028378955596e-20 210
15 4.478433152713409e-20 350
18 3.68045131805953e-20 450
21 3.371230137641352e-20 602
24 2.676575944639893e-20 762
27 2.350630359613181e-20 1142
30 1.02058667596953e-20 1250
33 3.98543043990769e-21 1458
36 3.820817031414544e-22 1814
39 2.789794639111271e-29 2178
42 1.61303294029628e-29 2498
45 7.05778079876658e-30 2622
48 2.562579318045872e-30 3191
51 2.957075431681672e-31 3044
54 2.748862565852012e-33 2736
57 2.457359827275425e-38 2276
60 9.935431651547354e-39 2016
63 3.548360217719189e-39 1640
66 1.810824020017253e-39 1056
69 1.1306858864875e-39 683
72 6.531547111412155e-40 350
75 4.262335939482159e-40 192
78 8.060377289504203e-41 44
81 9.051311651660873e-41 25

3 1.789288297137867e-20 18
6 2.808361787940881e-20 62
9 2.54402068968701e-20 98
12 3.713688936930961e-20 210
15 4.565179787773894e-20 350
18 3.94383191816355e-20 450
21 3.461608973130607e-20 602
24 2.765638815624093e-20 762
27 2.199832619167158e-20 1142
30 9.696121022730419e-21 1250
33 4.264554027710747e-21 1458
36 4.96388614750374e-22 1814
39 2.815609162419296e-29 2178
42 1.570569824079137e-29 2498
45 6.947096872591266e-30 2622
48 2.530403630026676e-30 3191
51 2.97167982410978e-31 3044
54 2.771870654062271e-33 2736
57 2.434487179537569e-38 2276
60 9.962827596193262e-39 2016
63 3.562976383279497e-39 1640
66 1.785672142793738e-39 1056
69 1.167161448996413e-39 683
72 7.10803067380781e-40 350
75 4.395685655527525e-40 192
78 9.160770191845284e-41 44
81 8.065243071643846e-41 25

3 1.991741271444833e-20 18
6 3.957824002284828e-20 62
9 3.226026437226621e-20 98
12 3.102179676528351e-20 210
15 3.929624697391645e-20 350
18 3.701882629541252e-20 450
21 3.351680764197292e-20 602
24 2.716306080881113e-20 762
27 2.403090047365144e-20 1142
30 9.606421968572641e-21 1250
33 4.078007845033136e-21 1458
36 4.557912769878168e-22 1814
39 2.978685688506176e-29 2178
42 1.542415372703104e-29 2498
45 6.924408504181223e-30 2622
48 2.567661667906036e-30 3191
51 3.096735831041529e-31 3044
54 2.950097211353425e-33 2736
57 2.427584581115219e-38 2276
60 9.956853342626348e-39 2016
63 3.621868066819317e-39 1640
66 1.760233894322587e-39 1056
69 1.213724252531583e-39 683
72 6.930435287899768e-40 350
75 4.370068499360854e-40 192
78 1.155972687387668e-40 44
81 5.930736240086564e-41 25

3 2.073585466846033e-20 18
6 4.520068513008127e-20 62
9 3.235080290683749e-20 98
12 4.34483307447362e-20 210
15 4.680250075671056e-20 350
18 3.713672092505213e-20 450
21 3.372882019435207e-20 602
24 2.680493608989929e-20 762
27 2.138809226017251e-20 1142
30 1.001161133030173e-20 1250
33 3.944277652675579e-21 1458
36 3.60610089788553e-22 1814
39 2.908133027076076e-29 2178
42 1.537787500178403e-29 2498
45 6.881033927993829e-30 2622
48 2.631688238900343e-30 3191
51 3.161688553076512e-31 3044
54 3.221302573242758e-33 2736
57 2.404368659339719e-38 2276
60 9.87324315549318e-39 2016
63 3.61448083306896e-39 1640
66 1.738747997979995e-39 1056
69 1.221089823136089e-39 683
72 6.468939020656236e-40 350
75 4.23222706420459e-40 192
78 1.113520489754513e-40 44
81 6.232261760024427e-41 25

3 2.008130320289967e-20 18
6 3.945825657499142e-20 62
9 2.700124948068843e-20 98
12 4.446689593819247e-20 210
15 4.328796638224433e-20 350
18 3.799865586638914e-20 450
21 3.35387896477966e-20 602
24 2.734913554861236e-20 762
27 2.348072497427908e-20 1142
30 9.373243998989234e-21 1250
33 4.114467395735652e-21 1458
36 4.408697698333558e-22 1814
39 2.741715383040637e-29 2178
42 1.556773518382129e-29 2498
45 6.815552953886019e-30 2622
48 2.597019224312274e-30 3191
51 3.079914385115831e-31 3044
54 3.464416318092807e-33 2736
57 2.401364428911727e-38 2276
60 9.760385083929477e-39 2016
63 3.625339082369128e-39 1640
66 1.735405325004343e-39 1056
69 1.195967290274506e-39 683
72 6.249994442960181e-40 350
75 4.326727106914581e-40 192
78 9.865987200085766e-41 44
81 7.807984672969158e-41 25

3 1.816772515731953e-20 18
6 2.635560540793958e-20 62
9 2.545049218084914e-20 98
12 3.146597405430818e-20 210
15 3.793909609512761e-20 350
18 3.592822584757319e-20 450
21 3.287259527055161e-20 602
24 2.608548343891086e-20 762
27 2.192744977442867e-20 1142
30 9.750223575893799e-21 1250
33 4.023450607431662e-21 1458
36 4.807485818668616e-22 1814
39 2.824472536054147e-29 2178
42 1.571382836116947e-29 2498
45 6.794164782298431e-30 2622
48 2.496325474463562e-30 3191
51 2.942316647509852e-31 3044
54 3.578234040257026e-33 2736
57 2.414304891159641e-38 2276
60 9.685936955566421e-39 2016
63 3.681551972966188e-39 1640
66 1.770927761274085e-39 1056
69 1.176871316842327e-39 683
72 6.199530666034246e-40 350
75 4.553870708691515e-40 192
78 9.490870748593281e-41 44
81 8.533401878289545e-41 25

3 1.577360245969593e-20 18
6 1.665471899151254e-20 62
9 2.924635554882692e-20 98
12 3.462271676967638e-20 210
15 4.762722216098912e-20 350
18 3.754515862992841e-20 450
21 3.363093264770246e-20 602
24 2.722204652160068e-20 762
27 2.225510592623019e-20 1142
30 9.557647873423649e-21 1250
33 3.928307217733631e-21 1458
36 3.791590129401529e-22 1814
39 2.896552442364498e-29 2178
42 1.534407996801356e-29 2498
45 6.784834960320655e-30 2622
48 2.474153190146014e-30 3191
51 2.877094587331147e-31 3044
54 3.480957219041322e-33 2736
57 2.403273698065923e-38 2276
60 9.629964951686074e-39 2016
63 3.729128454537626e-39 1640
66 1.853558019362261e-39 1056
69 1.150472902643073e-39 683
72 6.550225040460281e-40 350
75 4.650428421262647e-40 192
78 9.982716829651737e-41 44
81 7.600484408731059e-41 25

3 1.428663465505488e-20 18
6 1.896148322498753e-20 62
9 3.06383710322464e-20 98
12 4.560920233369783e-20 210
15 4.298747755248268e-20 350
18 3.674052110665975e-20 450
21 3.227162467124471e-20 602
24 2.566106422918125e-20 762
27 2.270230607012049e-20 1142
30 9.398786983981221e-21 1250
33 3.993757718795566e-21 1458
36 4.046981082702016e-22 1814
39 2.754036107688317e-29 2178
42 1.469599699189057e-29 2498
45 6.81746521792646e-30 2622
48 2.514128460788845e-30 3191
51 2.90625653019629e-31 3044
54 3.202092474253257e-33 2736
57 2.395717987583512e-38 2276
60 9.581573038725021e-39 2016
63 3.742405457376055e-39 1640
66 1.887331475992302e-39 1056
69 1.180466135657547e-39 683
72 7.026137729114509e-40 350
75 4.616779201429986e-40 192
78 1.140969066812006e-40 44
81 7.069426493247617e-41 25

3 1.490930752862087e-20 18
6 3.116989063667636e-20 62
9 2.732785756037973e-20 98
12 3.920953820944321e-20 210
15 3.68227566018043e-20 350
18 3.607160864281433e-20 450
21 3.346616612367031e-20 602
24 2.688132538945961e-20 762
27 2.125296391102144e-20 1142
30 9.644105545425629e-21 1250
33 3.968954119871328e-21 1458
36 4.718192475380861e-22 1814
39 2.732418835958421e-29 2178
42 1.460627779464737e-29 2498
45 6.844425332500543e-30 2622
48 2.482877304222439e-30 3191
51 2.992865445914631e-31 3044
54 2.873414332497903e-33 2736
57 2.409486755704243e-38 2276
60 9.583450216063228e-39 2016
63 3.796884477945365e-39 1640
66 1.923019227057843e-39 1056
69 1.235235878412256e-39 683
72 7.163571969363863e-40 350
75 4.577182000008482e-40 192
78 1.245073988940843e-40 44
81 6.3649706453622e-41 25

3 1.710388943585138e-20 18
6 4.322966897381791e-20 62
9 2.504491487863217e-20 98
12 3.001984617590633e-20 210
15 4.636396922949247e-20 350
18 3.706249703252937e-20 450
21 3.199442936773791e-20 602
24 2.551452356235026e-20 762
27 2.299923147501121e-20 1142
30 9.183687517961732e-21 1250
33 3.874045979483915e-21 1458
36 3.919323233690402e-22 1814
39 2.851058951655394e-29 2178
42 1.501543241103575e-29 2498
45 6.771128768183612e-30 2622
48 2.413329817890738e-30 3191
51 3.073130063020875e-31 3044
54 2.706452130537756e-33 2736
57 2.39967848522884e-38 2276
60 9.624847717127109e-39 2016
63 3.769116771943031e-39 1640
66 1.9703684535082e-39 1056
69 1.271908127861853e-39 683
72 7.178422690877353e-40 350
75 4.378033597324063e-40 192
78 1.202924894846279e-40 44
81 6.878293574961233e-41 25

3 1.925190439292342e-20 18
6 4.523662251667737e-20 62
9 2.750195534999329e-20 98
12 3.741475332962847e-20 210
15 4.404032804220936e-20 350
18 3.5845089882185e-20 450
21 3.291708561884927e-20 602
24 2.635305514930523e-20 762
27 2.07731082826192e-20 1142
30 9.596545053625296e-21 1250
33 3.904526823500322e-21 1458
36 3.916712779208279e-22 1814
39 2.790738062023479e-29 2178
42 1.521646694566054e-29 2498
45 6.612589698294997e-30 2622
48 2.426167420880551e-30 3191
51 3.072264683497289e-31 3044
54 2.676808568589722e-33 2736
57 2.38323180155281e-38 2276
60 9.702137880604261e-39 2016
63 3.718264643113757e-39 1640
66 1.975284045909538e-39 1056
69 1.285052026925236e-39 683
72 6.918938254459747e-40 350
75 4.273850789101811e-40 192
78 1.120862272895559e-40 44
81 8.104263606990007e-41 25

3 1.970908461210922e-20 18
6 3.60992464382299e-20 62
9 3.016846831894483e-20 98
12 4.433910942453743e-20 210
15 3.521928841527657e-20 350
18 3.573144524496328e-20 450
21 3.196055207810493e-20 602
24 2.555389417800862e-20 762
27 2.27277689597145e-20 1142
30 9.124986882269604e-21 1250
33 3.924327333303438e-21 1458
36 4.550799391733276e-22 1814
39 2.668187995938838e-29 2178
42 1.502887363132468e-29 2498
45 6.533518163663361e-30 2622
48 2.470915480552983e-30 3191
51 2.950829540311202e-31 3044
54 2.749354001031372e-33 2736
57 2.371698008301966e-38 2276
60 9.681714791074749e-39 2016
63 3.730220994119186e-39 1640
66 1.957029750210812e-39 1056
69 1.283460903036379e-39 683
72 6.583236046570163e-40 350
75 4.533743622469003e-40 192
78 1.090151915705959e-40 44
81 8.929819899324154e-41 25

3 1.774867218571671e-20 18
6 2.384194879908868e-20 62
9 2.794815403896586e-20 98
12 3.604100879798809e-20 210
15 4.346889693349103e-20 350
18 3.658901727044509e-20 450
21 3.212331151664965e-20 602
24 2.568580315660743e-20 762
27 2.069854677553221e-20 1142
30 9.317770877405432e-21 1250
33 3.760470692154974e-21 1458
36 3.88401872827154e-22 1814
39 2.648356423995064e-29 2178
42 1.445049677319931e-29 2498
45 6.538080238906034e-30 2622
48 2.428439584322797e-30 3191
51 2.78966860871931e-31 3044
54 2.742048083415384e-33 2736
57 2.362088127266798e-38 2276
60 9.668471315377439e-39 2016
63 3.76158642994598e-39 1640
66 1.972581021939473e-39 1056
69 1.260848945245688e-39 683
72 6.705692532509093e-40 350
75 4.789885172803166e-40 192
78 1.042751196057826e-40 44
81 8.661499665249339e-41 25

3 1.427833115329045e-20 18
6 1.839173903746892e-20 62
9 2.416304761138705e-20 98
12 3.011212519069865e-20 210
15 4.560866855254982e-20 350
18 3.482736456606313e-20 450
21 3.211966512991996e-20 602
24 2.565553443880507e-20 762
27 2.214937992112564e-20 1142
30 9.273516730650487e-21 1250
33 3.8833286555455e-21 1458
36 3.896184131425843e-22 1814
39 2.695355591938656e-29 2178
42 1.424555212177587e-29 2498
45 6.50134410951303e-30 2622
48 2.395044267757702e-30 3191
51 2.744907869100303e-31 3044
54 2.548816701236457e-33 2736
57 2.373047105718011e-38 2276
60 9.637575372517966e-39 2016
63 3.752558765887269e-39 1640
66 1.989057320758496e-39 1056
69 1.237669266030216e-39 683
72 6.804643494798402e-40 350
75 4.782796607959896e-40 192
78 1.069290692886361e-40 44
81 8.458552296938528e-41 25

3 1.063975581239014e-20 18
6 2.328439290974232e-20 62
9 2.494552785443366e-20 98
12 3.809272564582593e-20 210
15 3.563830353182949e-20 350
18 3.570776226917174e-20 450
21 3.138624434120981e-20 602
24 2.499031308522504e-20 762
27 2.075438260529599e-20 1142
30 8.942650895251197e-21 1250
33 3.821609244218799e-21 1458
36 4.398603584744514e-22 1814
39 2.734840857893163e-29 2178
42 1.485088757542203e-29 2498
45 6.396832140708364e-30 2622
48 2.449406589366057e-30 3191
51 2.809205695897174e-31 3044
54 2.412652469330291e-33 2736
57 2.370086855438618e-38 2276
60 9.593471957019944e-39 2016
63 3.775478818274143e-39 1640
66 1.990631985097059e-39 1056
69 1.235853420063266e-39 683
72 6.826348300703997e-40 350
75 5.008885500281237e-40 192
78 1.21402868425776e-40 44
81 7.532569616174919e-41 25

3 7.987034783268796e-21 18
6 3.308374959509559e-20 62
9 2.90394578632875e-20 98
12 4.267402658416189e-20 210
15 3.941615304543854e-20 350
18 3.588576361126705e-20 450
21 3.213455690925413e-20 602
24 2.570082076992463e-20 762
27 2.157159206670729e-20 1142
30 9.304890682906729e-21 1250
33 3.660808510317416e-21 1458
36 3.745537552519108e-22 1814
39 2.595037564002182e-29 2178
42 1.499468563648475e-29 2498
45 6.410433655317284e-30 2622
48 2.422689095659924e-30 3191
51 2.838742249691109e-31 3044
54 2.448071042087301e-33 2736
57 2.343515313500734e-38 2276
60 9.56314561695955e-39 2016
63 3.803573613362198e-39 1640
66 1.999984084981547e-39 1056
69 1.237315415666457e-39 683
72 6.958183143766583e-40 350
75 5.156047686042554e-40 192
78 1.280366247480869e-40 44
81 7.810376262269809e-41 25

3 7.030371292325174e-21 18
6 3.911892724122693e-20 62
9 2.981986391499411e-20 98
12 3.472771031281822e-20 210
15 4.572582797339086e-20 350
18 3.404734312833536e-20 450
21 3.091021284654667e-20 602
24 2.439752581741523e-20 762
27 2.075981143827329e-20 1142
30 8.839316424611361e-21 1250
33 3.908210231178341e-21 1458
36 3.932570768595987e-22 1814
39 2.512408577385158e-29 2178
42 1.421205954820025e-29 2498
45 6.560949019834746e-30 2622
48 2.324820026949696e-30 3191
51 2.857948264840551e-31 3044
54 2.753437521085424e-33 2736
57 2.308617095550358e-38 2276
60 9.525170647077037e-39 2016
63 3.755136297962465e-39 1640
66 2.010508504911836e-39 1056
69 1.253212019583194e-39 683
72 7.273113849128753e-40 350
75 5.249018128409737e-40 192
78 1.301685886258055e-40 44
81 8.707677513159728e-41 25

3 7.684824983101146e-21 18
6 3.661648183483124e-20 62
9 2.542498003842576e-20 98
12 3.06207793688949e-20 210
15 3.873123333479635e-20 350
18 3.573015269606263e-20 450
21 3.167728534076114e-20 602
24 2.555291366959296e-20 762
27 2.112174350967782e-20 1142
30 9.036131098279029e-21 1250
33 3.61132252483815e-21 1458
36 4.240931121451644e-22 1814
39 2.714457546597361e-29 2178
42 1.391994318221571e-29 2498
45 6.507974645601598e-30 2622
48 2.340306916908928e-30 3191
51 2.880988456708643e-31 3044
54 3.025739296423058e-33 2736
57 2.253905953247256e-38 2276
60 9.434633226644624e-39 2016
63 3.725229415938914e-39 1640
66 2.024446603973199e-39 1056
69 1.276891167854856e-39 683
72 7.345994240090461e-40 350
75 5.285230008396155e-40 192
78 1.23140570430203e-40 44
81 9.418898423339171e-41 25

3 9.525655590330187e-21 18
6 2.828552302891025e-20 62
9 2.205635343984169e-20 98
12 3.7300409230707e-20 210
15 3.558359166484054e-20 350
18 3.457298773642478e-20 450
21 3.062180436726574e-20 602
24 2.407970183708437e-20 762
27 2.069466580642607e-20 1142
30 8.920894054917712e-21 1250
33 3.714296446111415e-21 1458
36 3.590505119443392e-22 1814
39 2.655055455280871e-29 2178
42 1.422640929888471e-29 2498
45 6.220411096238631e-30 2622
48 2.376589156328498e-30 3191
51 2.825252344630277e-31 3044
54 3.002321290554316e-33 2736
57 2.22002209323591e-38 2276
60 9.333674675503366e-39 2016
63 3.742163549372705e-39 1640
66 2.035039445187871e-39 1056
69 1.296787548188909e-39 683
72 7.411245664338168e-40 350
75 5.174395607283275e-40 192
78 1.128858889367875e-40 44
81 9.745653286638499e-41 25

3 1.222945799706515e-20 18
6 2.126058171268268e-20 62
9 2.471711454559196e-20 98
12 4.014937978337217e-20 210
15 4.278331253644228e-20 350
18 3.357539389819842e-20 450
21 3.098984673072863e-20 602
24 2.503797095897025e-20 762
27 2.072961836646576e-20 1142
30 8.781172490321863e-21 1250
33 3.806018833512643e-21 1458
36 4.01784451463994e-22 1814
39 2.44272384217219e-29 2178
42 1.44562876359989e-29 2498
45 6.211557572598522e-30 2622
48 2.2834012212662e-30 3191
51 2.693580681962289e-31 3044
54 2.734406634741084e-33 2736
57 2.227167152832883e-38 2276
60 9.308265162837167e-39 2016
63 3.721342073126143e-39 1640
66 2.063427052735491e-39 1056
69 1.332009264008519e-39 683
72 7.411241527747532e-40 350
75 5.049730751515807e-40 192
78 1.153770436588628e-40 44
81 1.002492434139669e-40 25

3 1.572637023658695e-20 18
6 2.086931418002695e-20 62
9 2.979982827386496e-20 98
12 3.419214403084752e-20 210
15 4.219482009077505e-20 350
18 3.502451986763559e-20 450
21 3.036617444600791e-20 602
24 2.422720744088772e-20 762
27 2.060909340055693e-20 1142
30 8.843995141171129e-21 1250
33 3.460614875348029e-21 1458
36 4.028940879574171e-22 1814
39 2.616437572691979e-29 2178
42 1.416016575208187e-29 2498
45 6.427112065600468e-30 2622
48 2.281790511233785e-30 3191
51 2.699749838627503e-31 3044
54 2.54517882129656e-33 2736
57 2.26257700352944e-38 2276
60 9.327854911131289e-39 2016
63 3.725518264121712e-39 1640
66 2.100657471037776e-39 1056
69 1.357440210682547e-39 683
72 7.478950852422259e-40 350
75 5.107039680646049e-40 192
78 1.107942069289043e-40 44
81 8.187221598122654e-41 25

3 1.96900695809212e-20 18
6 2.721062836113476e-20 62
9 2.993918526109091e-20 98
12 3.106248967763965e-20 210
15 3.463333825265821e-20 350
18 3.300237463546368e-20 450
21 3.038337939339424e-20 602
24 2.411562190990713e-20 762
27 2.035840911199561e-20 1142
30 8.758210897500287e-21 1250
33 3.850941754166089e-21 1458
36 3.512265879878724e-22 1814
39 2.657841783461023e-29 2178
42 1.351485074657436e-29 2498
45 6.367487642502864e-30 2622
48 2.335738313636399e-30 3191
51 2.782206201922193e-31 3044
54 2.681552131039329e-33 2736
57 2.286873390624768e-38 2276
60 9.313205157177141e-39 2016
63 3.798734560025002e-39 1640
66 2.134514992890383e-39 1056
69 1.373291041391305e-39 683
72 7.583160512584213e-40 350
75 5.031566680101398e-40 192
78 1.119663659745964e-40 44
81 7.722227507853983e-41 25

3 2.322359092115283e-20 18
6 3.515365442786597e-20 62
9 2.438720533346877e-20 98
12 3.479440133936838e-20 210
15 3.758821174076272e-20 350
18 3.311654909967619e-20 450
21 3.039182415070847e-20 602
24 2.483678647933597e-20 762
27 2.051172651492097e-20 1142
30 8.601233874071187e-21 1250
33 3.512673331098288e-21 1458
36 4.110222544894287e-22 1814
39 2.47036187780326e-29 2178
42 1.38392312115421e-29 2498
45 6.111212522070698e-30 2622
48 2.264435476987302e-30 3191
51 2.71988258205919e-31 3044
54 2.889813973097206e-33 2736
57 2.266175701241153e-38 2276
60 9.300701022076887e-39 2016
63 3.843951020096152e-39 1640
66 2.137989505569317e-39 1056
69 1.397189099344646e-39 683
72 7.61361632575262e-40 350
75 4.94016801903338e-40 192
78 1.143968645980305e-40 44
81 7.986494365208207e-41 25

3 2.513174406370732e-20 18
6 3.790089113605526e-20 62
9 2.043794727180247e-20 98
12 3.701204738500773e-20 210
15 4.342813160602127e-20 350
18 3.427309011469549e-20 450
21 2.974908979513991e-20 602
24 2.288529666013574e-20 762
27 1.999495372083414e-20 1142
30 8.80078220311986e-21 1250
33 3.591991997676779e-21 1458
36 3.751213998134353e-22 1814
39 2.561755164721686e-29 2178
42 1.422355866374386e-29 2498
45 6.130178181072544e-30 2622
48 2.236709334022248e-30 3191
51 2.655253109416358e-31 3044
54 2.810499131516739e-33 2736
57 2.201962791240718e-38 2276
60 9.18508384025212e-39 2016
63 3.870759585839907e-39 1640
66 2.198827714388954e-39 1056
69 1.423735550289518e-39 683
72 7.481293495535991e-40 350
75 5.059835250612996e-40 192
78 1.114772359288517e-40 44
81 7.864425780792368e-41 25

3 2.416608368389729e-20 18
6 3.283177768130686e-20 62
9 2.312913028860725e-20 98
12 3.410674582436377e-20 210
15 3.777211435247479e-20 350
18 3.189453035479165e-20 450
21 3.064372162864333e-20 602
24 2.564865862219321e-20 762
27 2.040742507763194e-20 1142
30 8.439508008458858e-21 1250
33 3.743754765340649e-21 1458
36 3.59074407340799e-22 1814
39 2.574555159450573e-29 2178
42 1.336479654764927e-29 2498
45 6.159296471813168e-30 2622
48 2.305166267329784e-30 3191
51 2.747787233459463e-31 3044
54 2.451649901541106e-33 2736
57 2.145167911803255e-38 2276
60 8.985664141181688e-39 2016
63 3.923914217593742e-39 1640
66 2.183790456605645e-39 1056
69 1.420617032731153e-39 683
72 7.520762932327095e-40 350
75 4.969605874061775e-40 192
78 1.14573577643693e-40 44
81 8.345958297672047e-41 25

3 2.017689156899144e-20 18
6 2.3506176836252e-20 62
9 2.899529704822757e-20 98
12 3.25956667689097e-20 210
15 3.381530518866708e-20 350
18 3.354642011011013e-20 450
21 2.914460015233334e-20 602
24 2.17157821786578e-20 762
27 1.968667144791565e-20 1142
30 8.689466502785334e-21 1250
33 3.36592163449287e-21 1458
36 4.098422420172415e-22 1814
39 2.489646805285094e-29 2178
42 1.352274288909444e-29 2498
45 5.966547995796236e-30 2622
48 2.293313540935744e-30 3191
51 2.763523915742915e-31 3044
54 2.302790342377071e-33 2736
57 2.16226994489839e-38 2276
60 8.832489283360301e-39 2016
63 3.880673356513657e-39 1640
66 2.166480661575142e-39 1056
69 1.419821261385718e-39 683
72 7.582078253040244e-40 350
75 4.878980747261816e-40 192
78 1.140552360438397e-40 44
81 9.272571340289239e-41 25

3 1.459891949898574e-20 18
6 1.644662440730313e-20 62
9 3.039002183172966e-20 98
12 3.396887878669664e-20 210
15 4.102748472127194e-20 350
18 3.344419549551846e-20 450
21 3.044515724892045e-20 602
24 2.614146604954919e-20 762
27 2.028417925968172e-20 1142
30 8.474373869598837e-21 1250
33 3.765248984767495e-21 1458
36 3.499216318527919e-22 1814
39 2.549389490840843e-29 2178
42 1.405227774756494e-29 2498
45 5.952587919857508e-30 2622
48 2.198520270655912e-30 3191
51 2.629844909031024e-31 3044
54 2.529789523731435e-33 2736
57 2.219625866308022e-38 2276
60 8.822632273407596e-39 2016
63 3.870604936730599e-39 1640
66 2.174510104107869e-39 1056
69 1.407127918000617e-39 683
72 7.700067798133354e-40 350
75 5.040229871039112e-40 192
78 1.104506344722391e-40 44
81 9.344936609406418e-41 25

3 9.19513490441972e-21 18
6 1.675031611222931e-20 62
9 2.499408275720654e-20 98
12 3.36695999736682e-20 210
15 4.193380008300039e-20 350
18 3.146236467155599e-20 450
21 2.925001954602609e-20 602
24 2.111506639259108e-20 762
27 1.945712062315834e-20 1142
30 8.431766363809338e-21 1250
33 3.434989394699578e-21 1458
36 3.803217902112243e-22 1814
39 2.473094618066621e-29 2178
42 1.324803577256917e-29 2498
45 6.18298475449712e-30 2622
48 2.141826748490767e-30 3191
51 2.564959834952713e-31 3044
54 2.783420128024879e-33 2736
57 2.278466617726995e-38 2276
60 9.080395171133934e-39 2016
63 3.835911661397352e-39 1640
66 2.172770494253628e-39 1056
69 1.422055647026257e-39 683
72 7.627799454837116e-40 350
75 5.228910525176731e-40 192
78 1.166087437703383e-40 44
81 9.708613991506197e-41 25

3 5.356226260991941e-21 18
6 2.438599410332998e-20 62
9 1.951721735489917e-20 98
12 3.292349464756296e-20 210
15 3.35615568697961e-20 350
18 3.380411578269837e-20 450
21 2.930262642101691e-20 602
24 2.578140041871522e-20 762
27 2.011271390619712e-20 1142
30 8.593243224542537e-21 1250
33 3.535275799258926e-21 1458
36 3.884965779783979e-22 1814
39 2.464391453954978e-29 2178
42 1.342341434460482e-29 2498
45 6.027504835437617e-30 2622
48 2.238240780566677e-30 3191
51 2.580151592539373e-31 3044
54 2.636058818825247e-33 2736
57 2.265150109966483e-38 2276
60 9.406208369934493e-39 2016
63 3.861737759180327e-39 1640
66 2.178058880640142e-39 1056
69 1.435687979121276e-39 683
72 7.824459606604134e-40 350
75 5.164485259941449e-40 192
78 1.21238841062097e-40 44
81 9.795173103571159e-41 25

3 3.783632339450406e-21 18
6 3.411220121365517e-20 62
9 2.065564258765764e-20 98
12 3.457606376316933e-20 210
15 3.569324487083851e-20 350
18 3.222538362719487e-20 450
21 2.988015571391446e-20 602
24 2.155637750489913e-20 762
27 1.932274812128825e-20 1142
30 8.194072908625108e-21 1250
33 3.621893860897438e-21 1458
36 3.446452775508154e-22 1814
39 2.507616076702712e-29 2178
42 1.379479207310315e-29 2498
45 5.689525180157136e-30 2622
48 2.3224697105413e-30 3191
51 2.673357420872859e-31 3044
54 2.359971177026847e-33 2736
57 2.198774201596128e-38 2276
60 9.527266004181987e-39 2016
63 3.920612710617933e-39 1640
66 2.219947068635119e-39 1056
69 1.446719216606019e-39 683
72 7.843494167769006e-40 350
75 5.173896433441529e-40 192
78 1.168524923480739e-40 44
81 9.703660004219943e-41 25

3 4.307631167462429e-21 18
6 3.977424853778372e-20 62
9 2.682646528074213e-20 98
12 3.490515950591685e-20 210
15 4.227652679953803e-20 350
18 3.120415758071061e-20 450
21 2.818473225353712e-20 602
24 2.44362993574358e-20 762
27 1.984890883372068e-20 1142
30 8.619310225159061e-21 1250
33 3.345334383085569e-21 1458
36 3.947478116834383e-22 1814
39 2.402745696823677e-29 2178
42 1.315321958805785e-29 2498
45 5.975547147362531e-30 2622
48 2.168363755864884e-30 3191
51 2.708135769947869e-31 3044
54 2.397289410920494e-33 2736
57 2.14423596089053e-38 2276
60 9.323662297568983e-39 2016
63 3.975926899184998e-39 1640
66 2.292304636139771e-39 1056
69 1.463603196545981e-39 683
72 7.909614768580092e-40 350
75 5.429927308404336e-40 192
78 1.132014779955512e-40 44
81 1.003139392194424e-40 25

3 6.379235437447066e-21 18
6 3.813910628087828e-20 62
9 3.058803050982468e-20 98
12 3.139152791304227e-20 210
15 3.667856030387793e-20 350
18 3.361028552462883e-20 450
21 2.986856001927492e-20 602
24 2.281144679770579e-20 762
27 1.931271762529197e-20 1142
30 8.105068453316514e-21 1250
33 3.641840987623477e-21 1458
36 3.57107646922039e-22 1814
39 2.437892533938479e-29 2178
42 1.322647183130883e-29 2498
45 6.224770168083143e-30 2622
48 2.079515518712916e-30 3191
51 2.547984175165772e-31 3044
54 2.703710290579586e-33 2736
57 2.126907495990518e-38 2276
60 9.057275015168758e-39 2016
63 4.103774857859505e-39 1640
66 2.295326139638456e-39 1056
69 1.47379552589946e-39 683
72 8.064186703621555e-40 350
75 5.369222821299769e-40 192
78 1.177608769976509e-40 44
81 1.016331062914064e-40 25

3 9.367433042686716e-21 18
6 3.025029643873321e-20 62
9 2.714989559710024e-20 98
12 2.964926042884274e-20 210
15 3.273976199020278e-20 350
18 3.119181486736779e-20 450
21 2.831494260268892e-20 602
24 2.260848805207891e-20 762
27 1.945069832216732e-20 1142
30 8.483777549584758e-21 1250
33 3.368274603390905e-21 1458
36 3.631262638803007e-22 1814
39 2.45218057347399e-29 2178
42 1.340895306362263e-29 2498
45 5.798483749584034e-30 2622
48 2.240239969084676e-30 3191
51 2.509557544401913e-31 3044
54 2.789636143393816e-33 2736
57 2.147161300405439e-38 2276
60 8.901858519333515e-39 2016
63 4.179349162810405e-39 1640
66 2.323120355519049e-39 1056
69 1.476943172784877e-39 683
72 8.176381787005068e-40 350
75 5.23996663023401e-40 192
78 1.118472615906744e-40 44
81 1.040412532919004e-40 25

3 1.270921710965677e-20 18
6 2.086776751470021e-20 62
9 2.038258325968499e-20 98
12 3.390678546254943e-20 210
15 3.942126053506154e-20 350
18 3.131903188657397e-20 450
21 2.857334013162017e-20 602
24 2.410514671527031e-20 762
27 1.941761915703562e-20 1142
30 8.160625943961392e-21 1250
33 3.469679607117553e-21 1458
36 3.810412000660603e-22 1814
39 2.362122397436103e-29 2178
42 1.302307371476248e-29 2498
45 5.740212613946614e-30 2622
48 2.241140367276674e-30 3191
51 2.675205652145552e-31 3044
54 2.631257981874359e-33 2736
57 2.171401807848999e-38 2276
60 9.042236380774999e-39 2016
63 4.173426648932605e-39 1640
66 2.293471296139067e-39 1056
69 1.500033753734549e-39 683
72 8.731746982586814e-40 350
75 5.573004050089115e-40 192
78 1.150138960505265e-40 44
81 1.034206659549915e-40 25

3 1.601911305568437e-20 18
6 1.546858413922335e-20 62
9 1.825962862306083e-20 98
12 3.756755495697648e-20 210
15 3.931297867882486e-20 350
18 3.335553818555146e-20 450
21 2.922194934420153e-20 602
24 2.12901126643041e-20 762
27 1.893713152588362e-20 1142
30 8.231436003485045e-21 1250
33 3.498193409247558e-21 1458
36 3.448397049278537e-22 1814
39 2.416595417072134e-29 2178
42 1.304278796981322e-29 2498
45 6.079659057585432e-30 2622
48 2.095643143020398e-30 3191
51 2.602589926038065e-31 3044
54 2.486290018955286e-33 2736
57 2.214690606098038e-38 2276
60 9.351344567169955e-39 2016
63 4.195969345929394e-39 1640
66 2.279755493610073e-39 1056
69 1.594698462834053e-39 683
72 9.158894924542198e-40 350
75 5.8369758958505e-40 192
78 1.209031996803414e-40 44
81 1.024397833045328e-40 25

3 1.88502401805302e-20 18
6 1.691904042846451e-20 62
9 2.305797689336223e-20 98
12 3.28596612982615e-20 210
15 3.326496866564939e-20 350
18 3.057254438305842e-20 450
21 2.752343578266485e-20 602
24 2.437435610086497e-20 762
27 1.957212881738849e-20 1142
30 8.274285756363705e-21 1250
33 3.283912835671086e-21 1458
36 3.774966575517563e-22 1814
39 2.380094267285164e-29 2178
42 1.30460784675228e-29 2498
45 5.856347239612094e-30 2622
48 2.107958217800741e-30 3191
51 2.495903482423701e-31 3044
54 2.496714506295547e-33 2736
57 2.211336845521527e-38 2276
60 9.429414459872911e-39 2016
63 4.1701192857189e-39 1640
66 2.295844918954498e-39 1056
69 1.636717751593923e-39 683
72 9.634015503847496e-40 350
75 5.889399675142541e-40 192
78 1.190296814761274e-40 44
81 9.985280533878661e-41 25

3 2.068068616223544e-20 18
6 2.393595145230973e-20 62
9 2.916834222989413e-20 98
12 2.657757785735211e-20 210
15 3.627326502669602e-20 350
18 3.141933434961548e-20 450
21 2.901794420313336e-20 602
24 2.125796104931194e-20 762
27 1.840415861142794e-20 1142
30 7.96700651800949e-21 1250
33 3.55421090580102e-21 1458
36 3.528854871916741e-22 1814
39 2.34221327158183e-29 2178
42 1.283774315343586e-29 2498
45 5.69601454156582e-30 2622
48 2.157620350358505e-30 3191
51 2.557856436346103e-31 3044
54 2.482454396196866e-33 2736
57 2.148558721853894e-38 2276
60 9.287282052958048e-39 2016
63 4.155405755764151e-39 1640
66 2.351424277057411e-39 1056
69 1.661400367088146e-39 683
72 9.867339470917395e-40 350
75 6.069599621871171e-40 192
78 1.182552570572935e-40 44
81 9.032976870346215e-41 25

3 2.109051987371933e-20 18
6 3.200063965581585e-20 62
9 2.976617591368299e-20 98
12 2.954033519482996e-20 210
15 3.912437317619641e-20 350
18 3.297559300483158e-20 450
21 2.786931345893366e-20 602
24 2.336571947233866e-20 762
27 1.966115703172025e-20 1142
30 8.345713463034572e-21 1250
33 3.217959831039112e-21 1458
36 3.573987630221474e-22 1814
39 2.399513453471722e-29 2178
42 1.301259001859784e-29 2498
45 5.817674830479383e-30 2622
48 2.161627541806374e-30 3191
51 2.552212127461144e-31 3044
54 2.464737796337635e-33 2736
57 2.05678586972371e-38 2276
60 9.17012617177094e-39 2016
63 4.275245356542072e-39 1640
66 2.460485143330321e-39 1056
69 1.695543184672727e-39 683
72 1.008331990637565e-39 350
75 6.117318833072079e-40 192
78 1.333200377107181e-40 44
81 9.418495039770957e-41 25

3 1.979688068730967e-20 18
6 3.656194337832284e-20 62
9 2.378945979463843e-20 98
12 3.755792630437402e-20 210
15 3.421786802193377e-20 350
18 2.97993297392847e-20 450
21 2.771429828882533e-20 602
24 2.217727012702677e-20 762
27 1.798802588071056e-20 1142
30 7.763654510260793e-21 1250
33 3.478835742548013e-21 1458
36 3.635533761720525e-22 1814
39 2.322506320862961e-29 2178
42 1.26980377225262e-29 2498
45 5.649158704900686e-30 2622
48 2.098738805641969e-30 3191
51 2.472401152418692e-31 3044
54 2.394146479393749e-33 2736
57 2.06247569719141e-38 2276
60 9.305756989106208e-39 2016
63 4.409216498042703e-39 1640
66 2.528873447914834e-39 1056
69 1.702245865367528e-39 683
72 1.017200939461585e-39 350
75 6.021271823608446e-40 192
78 1.357239933021834e-40 44
81 9.434591140776296e-41 25

3 1.705027103936451e-20 18
6 3.567738943737207e-20 62
9 1.739195943610583e-20 98
12 3.736803728551365e-20 210
15 3.421607123420274e-20 350
18 3.088737655009659e-20 450
21 2.837672089335587e-20 602
24 2.190814058033652e-20 762
27 1.954122406010184e-20 1142
30 8.336879798531907e-21 1250
33 3.26396792870828e-21 1458
36 3.454428334413229e-22 1814
39 2.348555558276022e-29 2178
42 1.269500899615309e-29 2498
45 5.703071830097682e-30 2622
48 2.053845171396296e-30 3191
51 2.477246739223736e-31 3044
54 2.27294872715793e-33 2736
57 2.17145871480617e-38 2276
60 9.525254868574652e-39 2016
63 4.532019935406805e-39 1640
66 2.530188571506556e-39 1056
69 1.720870259529081e-39 683
72 9.95204779160104e-40 350
75 5.950288075113024e-40 192
78 1.338214487119749e-40 44
81 9.462706024517444e-41 25

3 1.378478760346654e-20 18
6 3.049974283557447e-20 62
9 1.774988035331207e-20 98
12 2.813270432220729e-20 210
15 3.831856580672794e-20 350
18 3.242713540801092e-20 450
21 2.719573973122559e-20 602
24 2.282882005972307e-20 762
27 1.783229174579212e-20 1142
30 7.648471559789572e-21 1250
33 3.331716718656228e-21 1458
36 3.606501017357551e-22 1814
39 2.36796906389076e-29 2178
42 1.292977879360866e-29 2498
45 5.696240365326297e-30 2622
48 2.141304621722095e-30 3191
51 2.587063145040522e-31 3044
54 2.250547112013935e-33 2736
57 2.252134515713146e-38 2276
60 9.527921764263762e-39 2016
63 4.614268160936336e-39 1640
66 2.617651721154753e-39 1056
69 1.719629417480035e-39 683
72 9.961287740952774e-40 350
75 6.017645125559948e-40 192
78 1.403892868305104e-40 44
81 1.021666461177654e-40 25

3 1.099002749698383e-20 18
6 2.426734208000116e-20 62
9 2.45262119389968e-20 98
12 2.430233532436539e-20 210
15 3.454844707188941e-20 350
18 2.912114919317482e-20 450
21 2.769736825223144e-20 602
24 2.127895154231774e-20 762
27 1.913050221260894e-20 1142
30 8.24692953206469e-21 1250
33 3.341991812033817e-21 1458
36 3.460073587628284e-22 1814
39 2.277797988289093e-29 2178
42 1.236374178499601e-29 2498
45 5.498623477710494e-30 2622
48 2.10870457623307e-30 3191
51 2.541095941034738e-31 3044
54 2.537460384130242e-33 2736
57 2.165521555203211e-38 2276
60 9.270633352693522e-39 2016
63 4.543717075867887e-39 1640
66 2.800963545333308e-39 1056
69 1.806719524633168e-39 683
72 9.887961515553477e-40 350
75 5.909652142911194e-40 192
78 1.450409797861039e-40 44
81 1.017388978144036e-40 25

3 9.391880146281504e-21 18
6 2.028112390423953e-20 62
9 3.008465800829174e-20 98
12 3.19108550981541e-20 210
15 3.172541787266859e-20 350
18 3.000973627747108e-20 450
21 2.754915018566636e-20 602
24 2.23433052397951e-20 762
27 1.797906745019259e-20 1142
30 7.60674037248447e-21 1250
33 3.196686701651592e-21 1458
36 3.506781738743452e-22 1814
39 2.369495807466875e-29 2178
42 1.266403947337017e-29 2498
45 5.649561681015161e-30 2622
48 2.045647338436013e-30 3191
51 2.333175151360743e-31 3044
54 2.634937545146933e-33 2736
57 2.086545602767376e-38 2276
60 9.175007664726957e-39 2016
63 4.525370760191032e-39 1640
66 3.007237584266668e-39 1056
69 1.916851684797271e-39 683
72 1.005840255556955e-39 350
75 6.303377152498338e-40 192
78 1.437783410110185e-40 44
81 1.015455896214193e-40 25

3 9.343479009141368e-21 18
6 2.006173013104564e-20 62
9 2.803224202386049e-20 98
12 3.882609672128276e-20 210
15 3.746580291240078e-20 350
18 3.233798968226221e-20 450
21 2.698477964052622e-20 602
24 2.1764228078356e-20 762
27 1.84897467727423e-20 1142
30 8.111887840540574e-21 1250
33 3.387707029150838e-21 1458
36 3.478171679227214e-22 1814
39 2.280130057387057e-29 2178
42 1.258090766611862e-29 2498
45 5.560329111398021e-30 2622
48 2.071348046755164e-30 3191
51 2.435465635680084e-31 3044
54 2.28676183944205e-33 2736
57 2.116520236704672e-38 2276
60 9.416970084135898e-39 2016
63 4.533078706612027e-39 1640
66 3.082311381926075e-39 1056
69 1.985405471982335e-39 683
72 1.055944051982963e-39 350
75 6.799957378941751e-40 192
78 1.516699840879741e-40 44
81 1.130565114228542e-40 25

3 1.045762325576749e-20 18
6 2.282143209687758e-20 62
9 2.035355915997588e-20 98
12 3.441861735817107e-20 210
15 3.719765075331662e-20 350
18 2.902092329439501e-20 450
21 2.734564347814724e-20 602
24 2.125445456585359e-20 762
27 1.831039220485185e-20 1142
30 7.606791064166884e-21 1250
33 3.114627099858988e-21 1458
36 3.443129024493053e-22 1814
39 2.282421779535954e-29 2178
42 1.22389112896524e-29 2498
45 5.512755514547131e-30 2622
48 2.040961315337761e-30 3191
51 2.560658189043313e-31 3044
54 2.136093752911412e-33 2736
57 2.132945920468602e-38 2276
60 9.672403096849943e-39 2016
63 4.563879301205897e-39 1640
66 3.101442938092541e-39 1056
69 2.073255950983369e-39 683
72 1.100810448711384e-39 350
75 6.915496686160563e-40 192
78 1.519590234823281e-40 44
81 1.195336615200168e-40 25

3 1.189504828685938e-20 18
6 2.62662172589594e-20 62
9 1.529997035565224e-20 98
12 2.533960033293223e-20 210
15 2.995032586447295e-20 350
18 2.918179610821742e-20 450
21 2.679466081518925e-20 602
24 2.222715683830557e-20 762
27 1.783374706935684e-20 1142
30 7.962364770756402e-21 1250
33 3.38520213003956e-21 1458
36 3.444671867448662e-22 1814
39 2.329109004873029e-29 2178
42 1.251282012866556e-29 2498
45 5.57852653003588e-30 2622
48 2.064753111570651e-30 3191
51 2.396195760121425e-31 3044
54 2.615114351374726e-33 2736
57 2.086936980589869e-38 2276
60 9.800636172375477e-39 2016
63 4.668820493997775e-39 1640
66 3.050733233695759e-39 1056
69 2.091856692531148e-39 683
72 1.124871436711046e-39 350
75 7.394912442004003e-40 192
78 1.520883856643833e-40 44
81 1.250106695411553e-40 25

3 1.300213712049522e-20 18
6 2.82632518507332e-20 62
9 1.798881130521969e-20 98
12 2.46470215331994e-20 210
15 3.301183800063629e-20 350
18 3.231952045963882e-20 450
21 2.704887430807608e-20 602
24 2.09379825338918e-20 762
27 1.855598131718049e-20 1142
30 7.616522910191464e-21 1250
33 3.08430760558e-21 1458
36 3.43681351356656e-22 1814
39 2.183613332434214e-29 2178
42 1.228304749389387e-29 2498
45 5.438736771507305e-30 2622
48 1.986259354975203e-30 3191
51 2.303370588886428e-31 3044
54 2.797212905563083e-33 2736
57 2.084008609590648e-38 2276
60 9.703749626533076e-39 2016
63 4.762268831390274e-39 1640
66 2.905682926300992e-39 1056
69 2.038024043432287e-39 683
72 1.193788321345119e-39 350
75 7.785522550113371e-40 192
78 1.595689011154779e-40 44
81 1.464945075317998e-40 25

3 1.339737107007642e-20 18
6 2.8171563876102e-20 62
9 2.537176441649549e-20 98
12 3.257395782385818e-20 210
15 4.019979937717734e-20 350
18 2.935022310451185e-20 450
21 2.647467967373465e-20 602
24 2.158519791995828e-20 762
27 1.744292349917187e-20 1142
30 7.827565285642808e-21 1250
33 3.347392452323976e-21 1458
36 3.375432921357164e-22 1814
39 2.332022718865983e-29 2178
42 1.220757803966414e-29 2498
45 5.555799800906018e-30 2622
48 2.000080930194785e-30 3191
51 2.371867962055813e-31 3044
54 2.281878632422643e-33 2736
57 2.141909359149836e-38 2276
60 9.579870111966558e-39 2016
63 4.868422434170896e-39 1640
66 2.864625464810486e-39 1056
69 2.013252576826598e-39 683
72 1.210019077816345e-39 350
75 8.001628309952314e-40 192
78 1.812171976191005e-40 44
81 1.389074151938104e-40 25

3 1.300699754163195e-20 18
6 2.680810873023951e-20 62
9 2.995197957799201e-20 98
12 3.766107076569045e-20 210
15 3.41242523281209e-20 350
18 2.833165668432446e-20 450
21 2.675979958961216e-20 602
24 2.168278832881978e-20 762
27 1.847418606529153e-20 1142
30 7.61193161746684e-21 1250
33 3.083233920091727e-21 1458
36 3.442488336023386e-22 1814
39 2.196180494441015e-29 2178
42 1.223900543526893e-29 2498
45 5.469239577738287e-30 2622
48 2.032307695038511e-30 3191
51 2.507541967465947e-31 3044
54 2.059505190512454e-33 2736
57 2.139813878965273e-38 2276
60 9.524455833694595e-39 2016
63 5.013339784527109e-39 1640
66 2.856927038736822e-39 1056
69 2.003239797096608e-39 683
72 1.180666166939836e-39 350
75 7.985912188316964e-40 192
78 1.914549628690183e-40 44
81 1.482491873462409e-40 25

3 1.216174425637139e-20 18
6 2.540271150695019e-20 62
9 2.711717015590284e-20 98
12 3.316619232109902e-20 210
15 2.733916661974717e-20 350
18 3.169411454113491e-20 450
21 2.666768158601726e-20 602
24 2.044786956062245e-20 762
27 1.743626138038186e-20 1142
30 7.717349347952508e-21 1250
33 3.297253997248574e-21 1458
36 3.329745033153675e-22 1814
39 2.234978918300612e-29 2178
42 1.235909663580535e-29 2498
45 5.337184725416308e-30 2622
48 1.968924998995209e-30 3191
51 2.392772874933899e-31 3044
54 2.445986552923419e-33 2736
57 2.099977188892374e-38 2276
60 9.577260491537575e-39 2016
63 5.093643987827519e-39 1640
66 3.066934578569889e-39 1056
69 2.037473304450739e-39 683
72 1.147397631439284e-39 350
75 8.002285950194008e-40 192
78 2.050956453377135e-40 44
81 1.489622102342629e-40 25

3 1.124156335988123e-20 18
6 2.468358266542792e-20 62
9 1.957044763668867e-20 98
12 2.513743976892272e-20 210
15 3.517418700778899e-20 350
18 2.989354625183157e-20 450
21 2.589991133944379e-20 602
24 2.212297266996731e-20 762
27 1.806199712452779e-20 1142
30 7.578869894400585e-21 1250
33 3.089568896423287e-21 1458
36 3.407189447866533e-22 1814
39 2.28828357663296e-29 2178
42 1.188831884165852e-29 2498
45 5.494039928801304e-30 2622
48 2.005838932130329e-30 3191
51 2.245538212986023e-31 3044
54 2.534399268943323e-33 2736
57 2.14535524769222e-38 2276
60 9.783336244832933e-39 2016
63 5.058337122858756e-39 1640
66 3.370468240521453e-39 1056
69 2.090214496362098e-39 683
72 1.097351955310847e-39 350
75 7.27672410346527e-40 192
78 2.176174189707294e-40 44
81 1.55069392667173e-40 25

3 1.03965419311495e-20 18
6 2.455655726987842e-20 62
9 1.459405638896459e-20 98
12 2.402818949986762e-20 210
15 4.053718350375743e-20 350
18 2.745945387503827e-20 450
21 2.699685905216459e-20 602
24 2.038136658557882e-20 762
27 1.764776447210091e-20 1142
30 7.641393122491325e-21 1250
33 3.248294697389381e-21 1458
36 3.333247507626991e-22 1814
39 2.10543985685936e-29 2178
42 1.230148946137525e-29 2498
45 5.432994189531939e-30 2622
48 1.96140380521262e-30 3191
51 2.445347698284739e-31 3044
54 2.171729875935255e-33 2736
57 2.170905327626999e-38 2276
60 9.923146187474274e-39 2016
63 4.780105647822347e-39 1640
66 3.533065131439493e-39 1056
69 2.102043537721322e-39 683
72 1.095421711097259e-39 350
75 7.018894242119278e-40 192
78 2.145340381882731e-40 44
81 1.351761768003333e-40 25

3 9.713936150947506e-21 18
6 2.43724765615672e-20 62
9 1.698351022702887e-20 98
12 3.084278689228726e-20 210
15 3.115746253458242e-20 350
18 3.046630717284192e-20 450
21 2.606332311316308e-20 602
24 2.117490879385487e-20 762
27 1.76113332951739e-20 1142
30 7.514470589039098e-21 1250
33 3.090044711909819e-21 1458
36 3.327965809314944e-22 1814
39 2.334979815613907e-29 2178
42 1.225872502435758e-29 2498
45 5.240469923698794e-30 2622
48 2.044694467675213e-30 3191
51 2.478520072102592e-31 3044
54 2.073428510462014e-33 2736
57 2.08310877318882e-38 2276
60 9.974310058798828e-39 2016
63 4.859051869484139e-39 1640
66 3.442099797381647e-39 1056
69 2.22450784679808e-39 683
72 1.158530107042544e-39 350
75 6.717726298599569e-40 192
78 2.212589572490658e-40 44
81 1.335261919102601e-40 25

3 9.309212707710616e-21 18
6 2.374558326708423e-20 62
9 2.445709213624999e-20 98
12 3.629833174595896e-20 210
15 2.682659431797064e-20 350
18 3.03471125050275e-20 450
21 2.576346917949239e-20 602
24 2.144408331204321e-20 762
27 1.770988689621663e-20 1142
30 7.590555177230594e-21 1250
33 3.20780279133596e-21 1458
36 3.371754683563239e-22 1814
39 2.096652668263616e-29 2178
42 1.160590787099654e-29 2498
45 5.447759294933563e-30 2622
48 1.970968016958446e-30 3191
51 2.29951481168065e-31 3044
54 2.272092532369589e-33 2736
57 2.076758720860058e-38 2276
60 9.869465842653909e-39 2016
63 5.186172068459775e-39 1640
66 3.288716292354384e-39 1056
69 2.328194346199159e-39 683
72 1.265529158034303e-39 350
75 7.283312372054552e-40 192
78 2.05015087020231e-40 44
81 1.127127328566934e-40 25

3 9.308311171515214e-21 18
6 2.300504747387165e-20 62
9 2.976126768406007e-20 98
12 3.364964470020084e-20 210
15 3.667415978197429e-20 350
18 2.691625948382293e-20 450
21 2.700191396256561e-20 602
24 1.993130336732811e-20 762
27 1.744659217790778e-20 1142
30 7.423934377161236e-21 1250
33 3.079823426613775e-21 1458
36 3.22726766331442e-22 1814
39 2.231363030722187e-29 2178
42 1.248300092581839e-29 2498
45 5.397566418680188e-30 2622
48 1.928986893642049e-30 3191
51 2.276586035429272e-31 3044
54 2.387662225408862e-33 2736
57 2.189394555056191e-38 2276
60 9.973863972762819e-39 2016
63 5.416925987576479e-39 1640
66 3.224475076539322e-39 1056
69 2.412577448096864e-39 683
72 1.355993422713999e-39 350
75 7.665632404500917e-40 192
78 2.096018626156942e-40 44
81 1.023816945952013e-40 25

3 9.877977436565566e-21 18
6 2.273200622680957e-20 62
9 2.772011518964735e-20 98
12 2.642993736669779e-20 210
15 3.966976152705114e-20 350
18 2.884169207593612e-20 450
21 2.540527351490642e-20 602
24 2.181572420086076e-20 762
27 1.742974683761707e-20 1142
30 7.558659126506967e-21 1250
33 3.173428483969705e-21 1458
36 3.410174976667637e-22 1814
39 2.213181765725878e-29 2178
42 1.168867824847283e-29 2498
45 5.173313771880626e-30 2622
48 2.058415166870563e-30 3191
51 2.453546909709337e-31 3044
54 2.291149740981375e-33 2736
57 2.19269973962051e-38 2276
60 1.008725020827967e-38 2016
63 5.345109831290102e-39 1640
66 3.271289939907021e-39 1056
69 2.337662480617659e-39 683
72 1.379289450109987e-39 350
75 8.113983740214485e-40 192
78 1.971802612502183e-40 44
81 1.075330256232516e-40 25

3 1.110378186929172e-20 18
6 2.320798960903901e-20 62
9 2.023956737295338e-20 98
12 2.334260352101592e-20 210
15 2.968227065436592e-20 350
18 3.051798619921009e-20 450
21 2.569253745671941e-20 602
24 2.005868559773494e-20 762
27 1.755279847263443e-20 1142
30 7.326567645096428e-21 1250
33 3.060235910476142e-21 1458
36 3.143603310124787e-22 1814
39 2.084378724448634e-29 2178
42 1.178703637206979e-29 2498
45 5.416604919682683e-30 2622
48 1.911686416653977e-30 3191
51 2.341016902324098e-31 3044
54 2.185625471229991e-33 2736
57 2.045869424348653e-38 2276
60 9.981629680029919e-39 2016
63 5.217778865263507e-39 1640
66 3.498018627954481e-39 1056
69 2.248835322676095e-39 683
72 1.350129225550737e-39 350
75 8.979563339109245e-40 192
78 1.876076244575055e-40 44
81 1.253735871962117e-40 25

3 1.287448543234599e-20 18
6 2.41575586771298e-20 62
9 1.437925581003183e-20 98
12 2.810669473271382e-20 210
15 2.762086909985681e-20 350
18 2.714385908178021e-20 450
21 2.66064287424259e-20 602
24 2.066176417740983e-20 762
27 1.705611069135044e-20 1142
30 7.520229111716613e-21 1250
33 3.143614458105532e-21 1458
36 3.417578162325296e-22 1814
39 2.276656404585395e-29 2178
42 1.214866277884171e-29 2498
45 5.263808850815969e-30 2622
48 1.933534902377464e-30 3191
51 2.206041841886362e-31 3044
54 2.282371349779249e-33 2736
57 2.064113243465474e-38 2276
60 9.870990353549368e-39 2016
63 5.22627425006063e-39 1640
66 3.533983851755507e-39 1056
69 2.332957353515615e-39 683
72 1.318333832052025e-39 350
75 9.099163201099835e-40 192
78 1.842943383683021e-40 44
81 1.327204854312037e-40 25

3 1.496418748096245e-20 18
6 2.487820580069164e-20 62
9 1.559328125451534e-20 98
12 3.494556496120231e-20 210
15 3.686883562107713e-20 350
18 2.704883328187637e-20 450
21 2.482383495485367e-20 602
24 2.108312867306356e-20 762
27 1.751338028081762e-20 1142
30 7.245231550385517e-21 1250
33 3.03409805744221e-21 1458
36 3.094043302557639e-22 1814
39 2.058014077117122e-29 2178
42 1.133073701086692e-29 2498
45 5.21109584397873e-30 2622
48 1.978668481714028e-30 3191
51 2.346494110269172e-31 3044
54 2.45559093651339e-33 2736
57 2.19114681021026e-38 2276
60 1.024049645744316e-38 2016
63 5.508324174340312e-39 1640
66 3.573425719545568e-39 1056
69 2.415995322042741e-39 683
72 1.290897945994131e-39 350
75 9.129063035310501e-40 192
78 1.764121235394311e-40 44
81 1.673526166960401e-40 25

3 1.704632598372851e-20 18
6 2.49105618455101e-20 62
9 2.256455310232049e-20 98
12 3.531576569664703e-20 210
15 3.808052435146526e-20 350
18 3.01619811487191e-20 450
21 2.551275885732745e-20 602
24 1.956827745584922e-20 762
27 1.702528690570293e-20 1142
30 7.455857470464195e-21 1250
33 3.11383334344783e-21 1458
36 3.385986128980094e-22 1814
39 2.202489048395994e-29 2178
42 1.192623071938695e-29 2498
45 5.202933121157215e-30 2622
48 1.903439666647089e-30 3191
51 2.310863546090765e-31 3044
54 2.336204586477495e-33 2736
57 2.196343659937984e-38 2276
60 1.047252707981122e-38 2016
63 5.59991611993464e-39 1640
66 3.551515949045206e-39 1056
69 2.500147475504826e-39 683
72 1.343441045773037e-39 350
75 8.586513431649962e-40 192
78 1.768559974785517e-40 44
81 1.970986835471673e-40 25

3 1.861962048302517e-20 18
6 2.436996892982248e-20 62
9 2.865729187226069e-20 98
12 2.828877161731325e-20 210
15 2.975161844691158e-20 350
18 2.831129693481555e-20 450
21 2.614597771175556e-20 602
24 2.107969060478321e-20 762
27 1.701156077918367e-20 1142
30 7.204875282067014e-21 1250
33 3.005711898634371e-21 1458
36 3.084165298014054e-22 1814
39 2.139973582891639e-29 2178
42 1.156499755995344e-29 2498
45 5.233925175409892e-30 2622
48 1.895814694358977e-30 3191
51 2.284973192942588e-31 3044
54 2.205582969063651e-33 2736
57 2.095264269770382e-38 2276
60 1.012068320663244e-38 2016
63 5.575226093345992e-39 1640
66 3.560733551410329e-39 1056
69 2.586036246601744e-39 683
72 1.36670516661881e-39 350
75 8.192633014752428e-40 192
78 1.790620554391714e-40 44
81 2.035350922420418e-40 25

3 1.91322425239563e-20 18
6 2.365847724864433e-20 62
9 2.843394278858475e-20 98
12 2.223093505425102e-20 210
15 2.847468265002146e-20 350
18 2.571079473799355e-20 450
21 2.437232770557079e-20 602
24 1.98713457834074e-20 762
27 1.737498232857128e-20 1142
30 7.346154510357699e-21 1250
33 3.084233175094237e-21 1458
36 3.319326307336667e-22 1814
39 2.069613568216729e-29 2178
42 1.140420420137313e-29 2498
45 5.109659810469735e-30 2622
48 1.927516477433534e-30 3191
51 2.161972026927296e-31 3044
54 2.249558136599808e-33 2736
57 2.082617801379203e-38 2276
60 1.021736658067777e-38 2016
63 5.544913841181116e-39 1640
66 3.686336536206686e-39 1056
69 2.620259185053549e-39 683
72 1.396481863314073e-39 350
75 8.380890854660499e-40 192
78 1.923663259326475e-40 44
81 1.903718900075612e-40 25

3 1.826750137959948e-20 18
6 2.322616902776036e-20 62
9 2.236918995521767e-20 98
12 2.471452510575644e-20 210
15 3.511131866303856e-20 350
18 2.874917664499911e-20 450
21 2.524353005246979e-20 602
24 1.996741821411188e-20 762
27 1.636267354500296e-20 1142
30 7.212980417486143e-21 1250
33 2.977542468111283e-21 1458
36 3.101761440633044e-22 1814
39 2.21226091486288e-29 2178
42 1.169742539312837e-29 2498
45 5.045717104057513e-30 2622
48 1.894097842978522e-30 3191
51 2.334928229728786e-31 3044
54 2.282161245994192e-33 2736
57 2.157478649492484e-38 2276
60 1.070124563546292e-38 2016
63 5.651858675302926e-39 1640
66 3.783565578975552e-39 1056
69 2.65393571488359e-39 683
72 1.436076331448562e-39 350
75 8.378478504028786e-40 192
78 2.182299440018361e-40 44
81 1.670568999503311e-40 25

3 1.607130792808207e-20 18
6 2.338903383213047e-20 62
9 1.588900265457521e-20 98
12 3.26034065601226e-20 210
15 3.603754504611254e-20 350
18 2.953234126222795e-20 450
21 2.571736878038992e-20 602
24 2.053212767744903e-20 762
27 1.750506783408193e-20 1142
30 7.199228377201058e-21 1250
33 3.053381719617462e-21 1458
36 3.236010190356016e-22 1814
39 1.991342505954764e-29 2178
42 1.123735296436217e-29 2498
45 5.254757460093888e-30 2622
48 1.853880194377028e-30 3191
51 2.311593257459385e-31 3044
54 2.228510520594437e-33 2736
57 2.171479439056891e-38 2276
60 1.062110242792825e-38 2016
63 5.70636151289065e-39 1640
66 3.824607418083019e-39 1056
69 2.498717804417735e-39 683
72 1.446466358083918e-39 350
75 8.786472658781688e-40 192
78 2.280276788978294e-40 44
81 1.570666878888143e-40 25

3 1.29065748965338e-20 18
6 2.412886746003417e-20 62
9 1.449260302703099e-20 98
12 3.593127153313847e-20 210
15 3.025347446548378e-20 350
18 2.559095590067522e-20 450
21 2.406177450189801e-20 602
24 1.933106853469192e-20 762
27 1.627031896379461e-20 1142
30 7.252583290863758e-21 1250
33 2.95208243079232e-21 1458
36 3.134739886762588e-22 1814
39 2.210438296980069e-29 2178
42 1.148711534719796e-29 2498
45 4.896912884205854e-30 2622
48 1.93852510544481e-30 3191
51 2.072609156521457e-31 3044
54 2.075064359864189e-33 2736
57 2.083799292928567e-38 2276
60 1.027897644629973e-38 2016
63 5.740842318560713e-39 1640
66 3.757621293309353e-39 1056
69 2.513642197209741e-39 683
72 1.457054736812284e-39 350
75 9.227700048331372e-40 192
78 2.385342633902313e-40 44
81 1.77641141923837e-40 25

3 9.392095613198235e-21 18
6 2.498135357930752e-20 62
9 1.900594024762609e-20 98
12 3.036481244231152e-20 210
15 2.870670544074702e-20 350
18 2.658679290165559e-20 450
21 2.487896109400753e-20 602
24 2.027319143264933e-20 762
27 1.690411156621923e-20 1142
30 7.042171439991706e-21 1250
33 3.024068587862971e-21 1458
36 3.148251110845619e-22 1814
39 2.010526088118312e-29 2178
42 1.129145506211736e-29 2498
45 5.181122979845433e-30 2622
48 1.810440386032853e-30 3191
51 2.367624559804764e-31 3044
54 2.046889394696421e-33 2736
57 2.078729991603759e-38 2276
60 1.060607013724927e-38 2016
63 5.83990014307896e-39 1640
66 3.850307631398409e-39 1056
69 2.592602892507921e-39 683
72 1.488381203049136e-39 350
75 9.279202551369477e-40 192
78 2.357705808700439e-40 44
81 1.935012961360042e-40 25

3 6.239914606378599e-21 18
6 2.512016817981066e-20 62
9 2.507453077315958e-20 98
12 2.256670752694094e-20 210
15 3.259719479858301e-20 350
18 2.981002882254457e-20 450
21 2.530618657143722e-20 602
24 1.963482930434315e-20 762
27 1.684356615612306e-20 1142
30 7.283118596166153e-21 1250
33 2.92913583883113e-21 1458
36 3.169477856409546e-22 1814
39 2.121147502417527e-29 2178
42 1.123448906753706e-29 2498
45 5.057211177694941e-30 2622
48 1.90137782253074e-30 3191
51 2.22660074016674e-31 3044
54 2.267430989331462e-33 2736
57 2.158880336415115e-38 2276
60 1.09484514025202e-38 2016
63 5.908073312106162e-39 1640
66 3.896849224166791e-39 1056
69 2.837841234085914e-39 683
72 1.490928550772418e-39 350
75 8.855079337517291e-40 192
78 2.038876525320964e-40 44
81 2.263756112434788e-40 25

3 4.017781832405904e-21 18
6 2.394537137829921e-20 62
9 2.750759899262665e-20 98
12 2.209348962834105e-20 210
15 3.381763299406923e-20 350
18 2.711706617081208e-20 450
21 2.40027238186738e-20 602
24 1.953575084376099e-20 762
27 1.598807509727268e-20 1142
30 6.923586043217907e-21 1250
33 2.996946714017196e-21 1458
36 3.071198631880003e-22 1814
39 2.089395727623842e-29 2178
42 1.135187151378496e-29 2498
45 4.920062207515329e-30 2622
48 1.86584610463935e-30 3191
51 2.123390583781489e-31 3044
54 2.12596906783577e-33 2736
57 2.143500015098831e-38 2276
60 1.05843410417812e-38 2016
63 5.942264393661529e-39 1640
66 3.944101640858906e-39 1056
69 2.998151228989215e-39 683
72 1.517547155115182e-39 350
75 8.97495279141639e-40 192
78 1.752654538372204e-40 44
81 2.497024861302738e-40 25

3 3.037049393557109e-21 18
6 2.169886806392095e-20 62
9 2.468192224460558e-20 98
12 2.942896149368528e-20 210
15 3.101198267337682e-20 350
18 2.501488873673293e-20 450
21 2.437777644102661e-20 602
24 1.996401247766261e-20 762
27 1.724276094342603e-20 1142
30 7.26378420618281e-21 1250
33 2.907930665027023e-21 1458
36 3.198203225904895e-22 1814
39 2.00951482425417e-29 2178
42 1.104622247586502e-29 2498
45 5.243274489768464e-30 2622
48 1.813283558112937e-30 3191
51 2.292165511985442e-31 3044
54 1.925625299004438e-33 2736
57 2.08120703459895e-38 2276
60 1.038570745048154e-38 2016
63 6.110640392378159e-39 1640
66 4.034410253730483e-39 1056
69 2.94596431344389e-39 683
72 1.558565202694551e-39 350
75 9.28095104916693e-40 192
78 1.677222047520216e-40 44
81 2.34490534846795e-40 25

3 3.357668315899168e-21 18
6 1.937434819941777e-20 62
9 1.921349916779892e-20 98
12 3.539677969990939e-20 210
15 2.936105073629058e-20 350
18 2.853109749634033e-20 450
21 2.509346936776194e-20 602
24 1.9150767513353e-20 762
27 1.578500557871524e-20 1142
30 6.872371845927577e-21 1250
33 2.975396031078034e-21 1458
36 3.007235085304902e-22 1814
39 2.144225974478022e-29 2178
42 1.141608933844905e-29 2498
45 4.813791906436196e-30 2622
48 1.892008982964568e-30 3191
51 2.202127885899406e-31 3044
54 2.326442064227952e-33 2736
57 2.135060604259932e-38 2276
60 1.098509759374425e-38 2016
63 6.16569651136714e-39 1640
66 4.125786094862587e-39 1056
69 2.736895513187839e-39 683
72 1.568229205542019e-39 350
75 9.932751021847748e-40 192
78 1.892109461648013e-40 44
81 1.972839801833648e-40 25

3 4.832277259077732e-21 18
6 1.827775954477077e-20 62
9 1.549531002803262e-20 98
12 3.261078645792464e-20 210
15 3.054628392070965e-20 350
18 2.90714965048968e-20 450
21 2.411655630792956e-20 602
24 1.981914175129654e-20 762
27 1.670240393932536e-20 1142
30 7.174728522673445e-21 1250
33 2.885868490729397e-21 1458
36 3.216084786951629e-22 1814
39 1.948968892473252e-29 2178
42 1.093303112287339e-29 2498
45 5.135086255904522e-30 2622
48 1.809110171757342e-30 3191
51 2.116618435232152e-31 3044
54 2.281162005179552e-33 2736
57 2.167192021955644e-38 2276
60 1.103320424612286e-38 2016
63 6.010137482378803e-39 1640
66 3.959661973227569e-39 1056
69 2.652644949184778e-39 683
72 1.529626372490988e-39 350
75 1.035925901490804e-39 192
78 2.285962664340331e-40 44
81 1.63795079566103e-40 25

3 7.177863404404904e-21 18
6 1.941678010879641e-20 62
9 1.61110888309315e-20 98
12 2.460525245935435e-20 210
15 3.189860329675025e-20 350
18 2.516762081835633e-20 450
21 2.383044450809239e-20 602
24 1.929316794079673e-20 762
27 1.645288490751366e-20 1142
30 6.888351347812968e-21 1250
33 2.959627537384251e-21 1458
36 2.961366017261871e-22 1814
39 2.133500073387978e-29 2178
42 1.136568119675086e-29 2498
45 4.972513993590577e-30 2622
48 1.838662281222628e-30 3191
51 2.253918142151706e-31 3044
54 1.933405085121995e-33 2736
57 2.107197614497665e-38 2276
60 1.059005771384868e-38 2016
63 6.151279349796668e-39 1640
66 4.037040365570704e-39 1056
69 2.834515605999794e-39 683
72 1.599865093636018e-39 350
75 1.031585865715321e-39 192
78 2.583772395182025e-40 44
81 1.38094100476227e-40 25

3 1.000569306077321e-20 18
6 2.27011446077012e-20 62
9 1.999000132605053e-20 98
12 2.114235535104884e-20 210
15 3.170746512829767e-20 350
18 2.607138226223111e-20 450
21 2.491649190666303e-20 602
24 1.921731655334118e-20 762
27 1.576533816324258e-20 1142
30 7.041338623295259e-21 1250
33 2.860783976404649e-21 1458
36 3.221305594098892e-22 1814
39 1.955443033651421e-29 2178
42 1.098643773301241e-29 2498
45 4.820636513331992e-30 2622
48 1.831128138803785e-30 3191
51 2.147593669206545e-31 3044
54 2.307455901290854e-33 2736
57 2.152204390330195e-38 2276
60 1.068977540350334e-38 2016
63 6.320024176869009e-39 1640
66 4.33917840526343e-39 1056
69 3.192198220883e-39 683
72 1.624007047015273e-39 350
75 9.769565777727331e-40 192
78 2.41223624418795e-40 44
81 1.67695787582004e-40 25

3 1.283795118951244e-20 18
6 2.67579264337015e-20 62
9 2.390415297185774e-20 98
12 2.578049337093862e-20 210
15 3.055027321377925e-20 350
18 2.925371106034536e-20 450
21 2.427158315835828e-20 602
24 1.96817968026886e-20 762
27 1.68944749177895e-20 1142
30 6.931980220556901e-21 1250
33 2.950257850291304e-21 1458
36 2.927940795511472e-22 1814
39 2.081314596983887e-29 2178
42 1.115349742081193e-29 2498
45 5.154538450374789e-30 2622
48 1.808767083253212e-30 3191
51 2.169275408797185e-31 3044
54 2.364484016108025e-33 2736
57 2.164010905477091e-38 2276
60 1.109941809067546e-38 2016
63 6.336476124065494e-39 1640
66 4.344615202620153e-39 1056
69 3.30233288936126e-39 683
72 1.595431229299674e-39 350
75 9.099912946043705e-40 192
78 2.078837600677915e-40 44
81 1.922381233734547e-40 25

3 1.524846294890879e-20 18
6 2.963366293865466e-20 62
9 2.512179990993854e-20 98
12 3.221671754473752e-20 210
15 2.961243255039246e-20 350
18 2.682699626610659e-20 450
21 2.330578638310474e-20 602
24 1.880195085925315e-20 762
27 1.56402414048029e-20 1142
30 6.905319510699074e-21 1250
33 2.831903033440563e-21 1458
36 3.214412433068716e-22 1814
39 1.994322389157108e-29 2178
42 1.113593484054712e-29 2498
45 4.675446300422464e-30 2622
48 1.822736752796412e-30 3191
51 2.152711478969172e-31 3044
54 1.933907245453105e-33 2736
57 2.109112852140625e-38 2276
60 1.098610267794505e-38 2016
63 6.413000574744184e-39 1640
66 4.180787996929489e-39 1056
69 3.0682433892972e-39 683
72 1.566021743996264e-39 350
75 9.732245699196808e-40 192
78 1.948118295605187e-40 44
81 2.240559189508913e-40 25

3 1.699014248890713e-20 18
6 2.968276535912511e-20 62
9 2.299070925137617e-20 98
12 3.28782357381883e-20 210
15 3.003162778279263e-20 350
18 2.451903481948275e-20 450
21 2.456170380377776e-20 602
24 1.939460018784874e-20 762
27 1.629915852226224e-20 1142
30 6.954428761565595e-21 1250
33 2.943491963113449e-21 1458
36 2.907432637792323e-22 1814
39 2.023535242520102e-29 2178
42 1.086074910657206e-29 2498
45 5.054405486376725e-30 2622
48 1.807570089301195e-30 3191
51 2.18612700020379e-31 3044
54 2.177289928352798e-33 2736
57 2.165828603863551e-38 2276
60 1.074742600687941e-38 2016
63 6.613925899830536e-39 1640
66 4.262376389079507e-39 1056
69 2.870570928708669e-39 683
72 1.657188730710364e-39 350
75 1.118320644752351e-39 192
78 1.999289251296993e-40 44
81 2.053955634452878e-40 25

3 1.792569204800515e-20 18
6 2.643719046379794e-20 62
9 1.919630552340774e-20 98
12 2.766195783418766e-20 210
15 3.15311081112384e-20 350
18 2.742112980246797e-20 450
21 2.443207867543344e-20 602
24 1.926498183088282e-20 762
27 1.632061399271455e-20 1142
30 6.809325513239169e-21 1250
33 2.801134714261025e-21 1458
36 3.195316401149622e-22 1814
39 2.017983548359091e-29 2178
42 1.123484223287782e-29 2498
45 4.839716372097293e-30 2622
48 1.783525806671564e-30 3191
51 2.155325371078343e-31 3044
54 2.284245372031247e-33 2736
57 2.159963640352804e-38 2276
60 1.11483546597714e-38 2016
63 6.628090346476428e-39 1640
66 4.594327923997125e-39 1056
69 3.062666079686495e-39 683
72 1.746832472949819e-39 350
75 1.196650829089731e-39 192
78 2.272651738091392e-40 44
81 1.699517801452108e-40 25

3 1.796492065605881e-20 18
6 2.11161279744875e-20 62
9 1.645619069913905e-20 98
12 2.292018136912174e-20 210
15 3.157087617966782e-20 350
18 2.822124856002317e-20 450
21 2.277488187223211e-20 602
24 1.855611444694782e-20 762
27 1.547835924701389e-20 1142
30 6.926209980721361e-21 1250
33 2.934050042965798e-21 1458
36 2.892915893860268e-22 1814
39 1.992186778555116e-29 2178
42 1.064113807193056e-29 2498
45 4.72587778165614e-30 2622
48 1.837528106784039e-30 3191
51 2.074455535732238e-31 3044
54 1.903046872318533e-33 2736
57 2.119498182941083e-38 2276
60 1.123778247059203e-38 2016
63 6.502738395901289e-39 1640
66 4.595996027239284e-39 1056
69 3.380200978941539e-39 683
72 1.749403412059635e-39 350
75 1.173751653248186e-39 192
78 2.642280521816636e-40 44
81 1.270759222156425e-40 25

3 1.713806476972592e-20 18
6 1.60517746143875e-20 62
9 1.645475467586953e-20 98
12 2.337871636389422e-20 210
15 2.938684676016383e-20 350
18 2.501246544921558e-20 450
21 2.395838084312531e-20 602
24 1.939782249785345e-20 762
27 1.651289022873479e-20 1142
30 6.767760500776287e-21 1250
33 2.774216452357947e-21 1458
36 3.165947129186719e-22 1814
39 2.0161796168121e-29 2178
42 1.117753658003501e-29 2498
45 5.116252173241979e-30 2622
48 1.729757424658192e-30 3191
51 2.266023012610625e-31 3044
54 2.027937720199459e-33 2736
57 2.183713278499744e-38 2276
60 1.104501543418826e-38 2016
63 6.809174722625658e-39 1640
66 4.427430113237073e-39 1056
69 3.475968562168001e-39 683
72 1.660614448237332e-39 350
75 1.069981983828971e-39 192
78 2.864640717284406e-40 44
81 1.142491573584137e-40 25

3 1.55979414451978e-20 18
6 1.344422774729886e-20 62
9 1.882722441278782e-20 98
12 2.750720185191409e-20 210
15 2.850225554047412e-20 350
18 2.519543297436244e-20 450
21 2.464004492568806e-20 602
24 1.883869188897692e-20 762
27 1.557841956651573e-20 1142
30 6.836928141738002e-21 1250
33 2.913710643704533e-21 1458
36 2.886059615833321e-22 1814
39 1.981255606178847e-29 2178
42 1.057857677464921e-29 2498
45 4.487131988349863e-30 2622
48 1.85124399037452e-30 3191
51 1.977509023294077e-31 3044
54 2.185971638614974e-33 2736
57 2.15875355960079e-38 2276
60 1.14069368388879e-38 2016
63 6.956095589366998e-39 1640
66 4.409870146068078e-39 1056
69 3.226848762485262e-39 683
72 1.582285695470074e-39 350
75 1.058412374342152e-39 192
78 2.707404551623727e-40 44
81 1.591728094482258e-40 25

3 1.351948961030837e-20 18
6 1.443255077378312e-20 62
9 2.17693657393397e-20 98
12 3.060679773046209e-20 210
15 3.062363927489194e-20 350
18 2.781135160646971e-20 450
21 2.241338276054495e-20 602
24 1.838486074481285e-20 762
27 1.575271467404968e-20 1142
30 6.780336598299873e-21 1250
33 2.758467400296682e-21 1458
36 3.125927138314685e-22 1814
39 1.994470113624074e-29 2178
42 1.094346124163247e-29 2498
45 5.12926135085193e-30 2622
48 1.726853399464057e-30 3191
51 2.197448959986814e-31 3044
54 1.903042745064743e-33 2736
57 2.163651131141547e-38 2276
60 1.155317364173452e-38 2016
63 6.765185247207539e-39 1640
66 4.713412626555616e-39 1056
69 3.03130347261743e-39 683
72 1.743183673394964e-39 350
75 1.093062944502355e-39 192
78 2.391557809066206e-40 44
81 2.056136090834413e-40 25

3 1.111812360689743e-20 18
6 1.865540127443838e-20 62
9 2.343620165025625e-20 98
12 3.003574998017108e-20 210
15 3.184586166333793e-20 350
18 2.661350708978883e-20 450
21 2.317261917850092e-20 602
24 1.9284216265231e-20 762
27 1.615497732908517e-20 1142
30 6.697216693923537e-21 1250
33 2.875139724811516e-21 1458
36 2.882295418021284e-22 1814
39 1.968197286733871e-29 2178
42 1.062908864808352e-29 2498
45 4.593413581418703e-30 2622
48 1.799051932482779e-30 3191
51 2.066092376607172e-31 3044
54 1.990675239629585e-33 2736
57 2.192187253498088e-38 2276
60 1.118628245015614e-38 2016
63 6.873735134567977e-39 1640
66 4.652863832844402e-39 1056
69 3.313534773261805e-39 683
72 1.945578763980626e-39 350
75 1.121038613115245e-39 192
78 2.422566861083979e-40 44
81 2.300659651571137e-40 25

3 8.750991874622791e-21 18
6 2.430606092895179e-20 62
9 2.291358733698596e-20 98
12 2.694197169523322e-20 210
15 2.981032791710468e-20 350
18 2.446010918520512e-20 450
21 2.482005329875307e-20 602
24 1.846414255154937e-20 762
27 1.518068581445629e-20 1142
30 6.82557757560321e-21 1250
33 2.761114261509079e-21 1458
36 3.077485108823816e-22 1814
39 1.967458706831971e-29 2178
42 1.06792550312271e-29 2498
45 4.827829760844863e-30 2622
48 1.758183017476916e-30 3191
51 2.071876487669465e-31 3044
54 2.153439968489191e-33 2736
57 2.156329688353389e-38 2276
60 1.147783406812513e-38 2016
63 7.191260621943899e-39 1640
66 4.689577587224088e-39 1056
69 3.59492299598925e-39 683
72 1.940570350748317e-39 350
75 1.153311059848056e-39 192
78 2.903685169530854e-40 44
81 1.836709888520412e-40 25

3 6.855077901011268e-21 18
6 2.895157663070454e-20 62
9 2.046125583512137e-20 98
12 2.423984850990813e-20 210
15 2.812385111283086e-20 350
18 2.591789150857196e-20 450
21 2.241235630703478e-20 602
24 1.818330589357111e-20 762
27 1.599212195056379e-20 1142
30 6.547436270176075e-21 1250
33 2.814794073159348e-21 1458
36 2.885714605500105e-22 1814
39 1.942688524115095e-29 2178
42 1.062570591853699e-29 2498
45 4.829682725729793e-30 2622
48 1.742483098767851e-30 3191
51 2.085951489120808e-31 3044
54 1.934559848070433e-33 2736
57 2.182767249781746e-38 2276
60 1.168002678564532e-38 2016
63 7.092940660485918e-39 1640
66 4.805482228867596e-39 1056
69 3.546916048426436e-39 683
72 1.69562203569287e-39 350
75 1.140281229730523e-39 192
78 3.071276113648868e-40 44
81 1.330005538448147e-40 25

3 5.766872856804057e-21 18
6 3.069266729930825e-20 62
9 1.741356155867782e-20 98
12 2.395247852424591e-20 210
15 2.945455149905064e-20 350
18 2.720593394745799e-20 450
21 2.232672345373673e-20 602
24 1.919279887721382e-20 762
27 1.551105259661242e-20 1142
30 6.839333303604177e-21 1250
33 2.784222051089827e-21 1458
36 3.020518480913584e-22 1814
39 1.961995125007829e-29 2178
42 1.056374299657157e-29 2498
45 4.58933665619679e-30 2622
48 1.766913984232553e-30 3191
51 2.079207981948541e-31 3044
54 2.101022944379243e-33 2736
57 2.168412371274774e-38 2276
60 1.120638005453259e-38 2016
63 7.047329493354194e-39 1640
66 4.815792970889832e-39 1056
69 3.342862783689453e-39 683
72 1.614875732277814e-39 350
75 1.181152545559193e-39 192
78 3.157275254753245e-40 44
81 1.075706819082304e-40 25

3 5.64334168914516e-21 18
6 2.885647668586733e-20 62
9 1.560989412545137e-20 98
12 2.613763511999291e-20 210
15 3.093260887866482e-20 350
18 2.548151444500265e-20 450
21 2.478276795121556e-20 602
24 1.811615948791389e-20 762
27 1.524380159084372e-20 1142
30 6.47979456701381e-21 1250
33 2.736159983007991e-21 1458
36 2.892909695892143e-22 1814
39 1.905271922105785e-29 2178
42 1.054020493145478e-29 2498
45 4.856469393194746e-30 2622
48 1.721848028618611e-30 3191
51 2.040318358632213e-31 3044
54 2.095353688678694e-33 2736
57 2.17659574362253e-38 2276
60 1.162822700294693e-38 2016
63 7.311863073658098e-39 1640
66 4.874139992708568e-39 1056
69 3.350470330519484e-39 683
72 1.889502540112003e-39 350
75 1.17747916337595e-39 192
78 2.565583923919406e-40 44
81 1.676639241622282e-40 25

3 6.457609674183407e-21 18
6 2.415803867716919e-20 62
9 1.628618125767866e-20 98
12 2.89222989652645e-20 210
15 2.980639339917609e-20 350
18 2.461028546126367e-20 450
21 2.278687336212389e-20 602
24 1.79893736873066e-20 762
27 1.586387517353385e-20 1142
30 6.724718007947091e-21 1250
33 2.8218579923888e-21 1458
36 2.958233296917512e-22 1814
39 1.970980412479606e-29 2178
42 1.053662222228872e-29 2498
45 4.58508585528699e-30 2622
48 1.743797193265136e-30 3191
51 2.100431825283101e-31 3044
54 1.971559593527013e-33 2736
57 2.192334508910436e-38 2276
60 1.177834890831537e-38 2016
63 7.205912421626948e-39 1640
66 4.976755949434544e-39 1056
69 3.562067785548842e-39 683
72 2.137146646005537e-39 350
75 1.164831249906426e-39 192
78 2.257285259021448e-40 44
81 2.493796678081566e-40 25

3 7.949163019776286e-21 18
6 1.855276581925232e-20 62
9 1.920466164328628e-20 98
12 2.971900949023854e-20 210
15 2.825150640916695e-20 350
18 2.584971523093106e-20 450
21 2.152377000455969e-20 602
24 1.915131788036706e-20 762
27 1.503433574874547e-20 1142
30 6.576494923897578e-21 1250
33 2.652304634686977e-21 1458
36 2.907515911837605e-22 1814
39 1.867710474386328e-29 2178
42 1.042460862567529e-29 2498
45 4.718186978036302e-30 2622
48 1.716205541715896e-30 3191
51 2.057515091319731e-31 3044
54 2.18718018670579e-33 2736
57 2.132792604845066e-38 2276
60 1.138814890177538e-38 2016
63 7.210722265567414e-39 1640
66 4.986485021272469e-39 1056
69 3.708237184180917e-39 683
72 2.013647816927124e-39 350
75 1.163742298058816e-39 192
78 2.592830191964449e-40 44
81 2.542939459492891e-40 25

3 9.655895905105876e-21 18
6 1.447011401854229e-20 62
9 2.260538473887317e-20 98
12 2.750194791429787e-20 210
15 2.893163629066058e-20 350
18 2.60642852557617e-20 450
21 2.421647770873615e-20 602
24 1.774413036186792e-20 762
27 1.548736798693204e-20 1142
30 6.457585929114527e-21 1250
33 2.859025767696961e-21 1458
36 2.892615142614474e-22 1814
39 1.975609321850179e-29 2178
42 1.046506841546731e-29 2498
45 4.61957576063273e-30 2622
48 1.71788429134339e-30 3191
51 2.066241993562117e-31 3044
54 1.932229090106175e-33 2736
57 2.234535621070794e-38 2276
60 1.176027829783584e-38 2016
63 7.500585079030475e-39 1640
66 4.956718609129269e-39 1056
69 3.75111561307779e-39 683
72 1.67474262184738e-39 350
75 1.195513048986753e-39 192
78 3.387433213042622e-40 44
81 2.042753852068478e-40 25

3 1.112580977291638e-20 18
6 1.356830907846168e-20 62
9 2.407041004905257e-20 98
12 2.392325998329355e-20 210
15 3.002013811986461e-20 350
18 2.50112472687817e-20 450
21 2.328339354617193e-20 602
24 1.782011528463223e-20 762
27 1.541070782254391e-20 1142
30 6.778163394133784e-21 1250
33 2.583615718464468e-21 1458
36 2.923365004382353e-22 1814
39 1.844490116539149e-29 2178
42 1.038938894731778e-29 2498
45 4.668402289282487e-30 2622
48 1.722858177902683e-30 3191
51 2.071772877635475e-31 3044
54 2.051577179642043e-33 2736
57 2.202341082924904e-38 2276
60 1.196552035509166e-38 2016
63 7.673963399948927e-39 1640
66 5.05581321903887e-39 1056
69 3.549187278825744e-39 683
72 1.733560079022141e-39 350
75 1.247207998130608e-39 192
78 3.219311319804955e-40 44
81 1.454698434966299e-40 25

3 1.210023131498255e-20 18
6 1.600243673127284e-20 62
9 2.223256938083191e-20 98
12 2.219843996533307e-20 210
15 2.914415490233053e-20 350
18 2.467103008787437e-20 450
21 2.099011440605858e-20 602
24 1.911183999832245e-20 762
27 1.496474819835184e-20 1142
30 6.199188602594318e-21 1250
33 2.873878101556198e-21 1458
36 2.829223121109546e-22 1814
39 1.970450003076226e-29 2178
42 1.031653014415063e-29 2498
45 4.547586232366287e-30 2622
48 1.688803719598112e-30 3191
51 2.05008575204778e-31 3044
54 2.101274393653722e-33 2736
57 2.123509797382936e-38 2276
60 1.1800619417201e-38 2016
63 7.52865825212669e-39 1640
66 5.261381209103426e-39 1056
69 3.590422969641823e-39 683
72 2.095565282892179e-39 350
75 1.228073712272753e-39 192
78 2.584662537003106e-40 44
81 1.650412330151158e-40 25

3 1.250362828551524e-20 18
6 2.058820259080153e-20 62
9 1.809494261560037e-20 98
12 2.430181404315707e-20 210
15 2.816389484424379e-20 350
18 2.508447674433312e-20 450
21 2.31514442633945e-20 602
24 1.737570216981936e-20 762
27 1.550516344503945e-20 1142
30 6.847305043661237e-21 1250
33 2.55243726295562e-21 1458
36 2.939827862304578e-22 1814
39 1.833105679989468e-29 2178
42 1.044843080359927e-29 2498
45 4.700955663016405e-30 2622
48 1.729571975817706e-30 3191
51 2.028515696142362e-31 3044
54 1.798086214875983e-33 2736
57 2.285786336586121e-38 2276
60 1.203922857064125e-38 2016
63 7.521470317918951e-39 1640
66 5.166059527074039e-39 1056
69 3.894371226472737e-39 683
72 2.198990888536415e-39 350
75 1.271414946600523e-39 192
78 2.363576860794692e-40 44
81 2.367825447416152e-40 25

3 1.237121540811874e-20 18
6 2.529258700702304e-20 62
9 1.444982046243389e-20 98
12 2.843126069385611e-20 210
15 2.915424031432645e-20 350
18 2.535488543848805e-20 450
21 2.370424083830885e-20 602
24 1.767074848304023e-20 762
27 1.496341668987726e-20 1142
30 6.20300341543148e-21 1250
33 2.846947561214626e-21 1458
36 2.773855884089323e-22 1814
39 1.955672129863165e-29 2178
42 1.013618150080945e-29 2498
45 4.456759616873221e-30 2622
48 1.66604387577548e-30 3191
51 2.049905499579574e-31 3044
54 2.131079981991778e-33 2736
57 2.203835428009074e-38 2276
60 1.195708201539421e-38 2016
63 7.863024983240152e-39 1640
66 5.161138096225631e-39 1056
69 3.972971755779187e-39 683
72 1.936925185798892e-39 350
75 1.293982562881198e-39 192
78 2.793411689972704e-40 44
81 2.603572141478443e-40 25

3 1.184052558652445e-20 18
6 2.796716376207959e-20 62
9 1.385993133466281e-20 98
12 3.022744384783453e-20 210
15 2.999691803998407e-20 350
18 2.508614577076021e-20 450
21 2.107024772710936e-20 602
24 1.907153171738255e-20 762
27 1.511849279169588e-20 1142
30 6.598507327489709e-21 1250
33 2.573260744620697e-21 1458
36 2.945760074930844e-22 1814
39 1.831051355131422e-29 2178
42 1.051778103405485e-29 2498
45 4.708168056947525e-30 2622
48 1.728175198062233e-30 3191
51 1.987998942084443e-31 3044
54 1.894804811109124e-33 2736
57 2.14837293515399e-38 2276
60 1.215149204632e-38 2016
63 8.005168447410555e-39 1640
66 5.352163955911199e-39 1056
69 3.78590557640776e-39 683
72 1.776886278173423e-39 350
75 1.363403321430368e-39 192
78 3.378254428797767e-40 44
81 2.156339600469306e-40 25

3 1.113302595340387e-20 18
6 2.742157861271449e-20 62
9 1.688288714762759e-20 98
12 2.747419043550183e-20 210
15 2.862307441253534e-20 350
18 2.44231284923059e-20 450
21 2.196227774104065e-20 602
24 1.701438577221169e-20 762
27 1.520885650787519e-20 1142
30 6.501637994196823e-21 1250
33 2.770813905679229e-21 1458
36 2.734102730466377e-22 1814
39 1.932761547605926e-29 2178
42 9.988419193554041e-30 2498
45 4.460365106153717e-30 2622
48 1.649519323965888e-30 3191
51 2.008032010669457e-31 3044
54 1.877502811966876e-33 2736
57 2.282217883550105e-38 2276
60 1.2393272946552e-38 2016
63 7.740506225668423e-39 1640
66 5.396084865469722e-39 1056
69 3.71489402089186e-39 683
72 1.998341510793625e-39 350
75 1.333937452473497e-39 192
78 3.047337839377748e-40 44
81 1.65798199703391e-40 25

3 1.046100313976558e-20 18
6 2.405844310828171e-20 62
9 2.156658441097441e-20 98
12 2.274573858089501e-20 210
15 2.742403889739047e-20 350
18 2.439645074356219e-20 450
21 2.375321602826467e-20 602
24 1.754736849215881e-20 762
27 1.477778128436686e-20 1142
30 6.187917601276555e-21 1250
33 2.640486839430174e-21 1458
36 2.936925284034051e-22 1814
39 1.82991789332501e-29 2178
42 1.050404989647437e-29 2498
45 4.632623089970505e-30 2622
48 1.722854949562724e-30 3191
51 1.966009754630031e-31 3044
54 2.097081069395584e-33 2736
57 2.173710002816448e-38 2276
60 1.186304109982641e-38 2016
63 7.883352101442597e-39 1640
66 5.386986991861592e-39 1056
69 3.989663923040664e-39 683
72 2.342250131450861e-39 350
75 1.381038016963015e-39 192
78 2.406608877790825e-40 44
81 1.605041824286427e-40 25

3 9.933390889540499e-21 18
6 1.952789529088083e-20 62
9 2.463036661641342e-20 98
12 2.079323567810545e-20 210
15 2.888010239912792e-20 350
18 2.521184406056655e-20 450
21 2.174689015993084e-20 602
24 1.90252635667832e-20 762
27 1.516405259978899e-20 1142
30 6.762579903624849e-21 1250
33 2.661066504156494e-21 1458
36 2.71704661992881e-22 1814
39 1.910766845142505e-29 2178
42 9.894001448471709e-30 2498
45 4.538755556133336e-30 2622
48 1.621528669906525e-30 3191
51 2.000270084360492e-31 3044
54 1.812487787898923e-33 2736
57 2.206175543147382e-38 2276
60 1.238217129317256e-38 2016
63 8.282073479601356e-39 1640
66 5.397986830865695e-39 1056
69 4.136384366330378e-39 683
72 2.22116821517095e-39 350
75 1.403590845418117e-39 192
78 2.441750844605666e-40 44
81 2.271720685398015e-40 25

3 9.560633210440758e-21 18
6 1.591179250680907e-20 62
9 2.377377066125374e-20 98
12 2.365294583721643e-20 210
15 3.054320028192628e-20 350
18 2.514897885422836e-20 450
21 2.110049805710089e-20 602
24 1.668641273517537e-20 762
27 1.483699363400893e-20 1142
30 6.02148830944029e-21 1250
33 2.725183198684297e-21 1458
36 2.902827619974127e-22 1814
39 1.833086403855561e-29 2178
42 1.044383670888574e-29 2498
45 4.508735875829345e-30 2622
48 1.731665985295452e-30 3191
51 1.920021350014734e-31 3044
54 2.011511961344638e-33 2736
57 2.244597586686916e-38 2276
60 1.266027451808412e-38 2016
63 8.097447139216577e-39 1640
66 5.478262077387308e-39 1056
69 3.893305406646756e-39 683
72 1.897854373431561e-39 350
75 1.411130618495345e-39 192
78 3.398278586590666e-40 44
81 2.536672415471995e-40 25

3 9.342268135519399e-21 18
6 1.488344976169793e-20 62
9 1.936917126218752e-20 98
12 2.845635633040505e-20 210
15 2.912070850639801e-20 350
18 2.397466122779153e-20 450
21 2.31109491566533e-20 602
24 1.745699177535286e-20 762
27 1.477037686186874e-20 1142
30 6.640314546259805e-21 1250
33 2.555619802861793e-21 1458
36 2.725344630699365e-22 1814
39 1.892378456744809e-29 2178
42 9.85846744174904e-30 2498
45 4.609613134977085e-30 2622
48 1.5874689687077e-30 3191
51 2.049288906874945e-31 3044
54 1.962277890481713e-33 2736
57 2.202174034995063e-38 2276
60 1.214846693608925e-38 2016
63 8.054088892623012e-39 1640
66 5.529474600519527e-39 1056
69 3.856449557177807e-39 683
72 1.976850156674567e-39 350
75 1.357240729267754e-39 192
78 3.536307694048691e-40 44
81 2.261755192917061e-40 25

3 9.314090239733438e-21 18
6 1.692608397895534e-20 62
9 1.428428674379399e-20 98
12 3.021881623665405e-20 210
15 2.653273805275496e-20 350
18 2.393886659841768e-20 450
21 2.245527272625478e-20 602
24 1.891267807631272e-20 762
27 1.503431300404389e-20 1142
30 6.245696018997837e-21 1250
33 2.78082701778099e-21 1458
36 2.845555144438275e-22 1814
39 1.827858078869652e-29 2178
42 1.031190920091009e-29 2498
45 4.418266259284714e-30 2622
48 1.740217590803386e-30 3191
51 1.874130491978981e-31 3044
54 1.916671172471344e-33 2736
57 2.268752862919602e-38 2276
60 1.265802664209923e-38 2016
63 8.441686853835e-39 1640
66 5.653994990671045e-39 1056
69 4.196568158187139e-39 683
72 2.33855584690674e-39 350
75 1.417643657678846e-39 192
78 2.722620079950746e-40 44
81 1.773546520885529e-40 25

3 9.509048217651927e-21 18
6 2.104559041292978e-20 62
9 1.199766717093143e-20 98
12 2.702757527773639e-20 210
15 2.702820022100911e-20 350
18 2.520666281013013e-20 450
21 2.088916466530682e-20 602
24 1.645170592152543e-20 762
27 1.456243671776061e-20 1142
30 6.248492691214757e-21 1250
33 2.498328391020291e-21 1458
36 2.757002388043613e-22 1814
39 1.880693725201576e-29 2178
42 9.86469394724005e-30 2498
45 4.604573378743617e-30 2622
48 1.571355592251249e-30 3191
51 2.058765391111121e-31 3044
54 1.968430947605936e-33 2736
57 2.212666645242943e-38 2276
60 1.272459611171378e-38 2016
63 8.244272192643116e-39 1640
66 5.565102113481342e-39 1056
69 4.198885771585268e-39 683
72 2.399157701095282e-39 350
75 1.50423652067841e-39 192
78 2.251250184050251e-40 44
81 2.164403302202446e-40 25

3 9.924478712608674e-21 18
6 2.530456511267192e-20 62
9 1.416499306768542e-20 98
12 2.207240090707554e-20 210
15 2.993392628149939e-20 350
18 2.507612207816302e-20 450
21 2.196206362681275e-20 602
24 1.735170650335469e-20 762
27 1.478463919973639e-20 1142
30 6.512805440738514e-21 1250
33 2.769293899421261e-21 1458
36 2.768696292158092e-22 1814
39 1.806241783327089e-29 2178
42 1.014498670459953e-29 2498
45 4.398584892347364e-30 2622
48 1.723883777007313e-30 3191
51 1.917900173222112e-31 3044
54 1.947543313015959e-33 2736
57 2.264778311097876e-38 2276
60 1.255297130860907e-38 2016
63 8.451753350244801e-39 1640
66 5.619904559314489e-39 1056
69 4.030402691372848e-39 683
72 2.016413409058577e-39 350
75 1.507003266813108e-39 192
78 3.301169613001659e-40 44
81 2.627249236311414e-40 25

3 1.055088259990115e-20 18
6 2.773511260802022e-20 62
9 1.93614296247889e-20 98
12 2.020091543188157e-20 210
15 3.025146054312721e-20 350
18 2.337808469051305e-20 450
21 2.259124317148659e-20 602
24 1.87047744236578e-20 762
27 1.48331526710441e-20 1142
30 6.036932125119792e-21 1250
33 2.513680598122915e-21 1458
36 2.798730750249193e-22 1814
39 1.877060240930852e-29 2178
42 9.888319706279866e-30 2498
45 4.515840105107777e-30 2622
48 1.590336211369767e-30 3191
51 1.991475718431912e-31 3044
54 1.892420730656676e-33 2736
57 2.283913643274195e-38 2276
60 1.290892690646146e-38 2016
63 8.67046981204047e-39 1640
66 5.896432193694872e-39 1056
69 4.118184456822033e-39 683
72 2.052003840185791e-39 350
75 1.394328164704854e-39 192
78 4.293973018792425e-40 44
81 2.820544340134029e-40 25

3 1.137924554550591e-20 18
6 2.713018066208716e-20 62
9 2.403446121050814e-20 98
12 2.29501688662005e-20 210
15 2.685477298888526e-20 350
18 2.338478925297652e-20 450
21 2.135027917415191e-20 602
24 1.631006480051706e-20 762
27 1.43551575138986e-20 1142
30 6.452122010891352e-21 1250
33 2.685675078900795e-21 1458
36 2.690943696945828e-22 1814
39 1.775793153118238e-29 2178
42 9.981350648718477e-30 2498
45 4.416687029975771e-30 2622
48 1.677654886564262e-30 3191
51 1.998710075637192e-31 3044
54 1.912424642966199e-33 2736
57 2.175353322556162e-38 2276
60 1.281096175450152e-38 2016
63 8.271606545184831e-39 1640
66 5.652318981275649e-39 1056
69 4.294824806742998e-39 683
72 2.379818971611364e-39 350
75 1.474436148330084e-39 192
78 3.449899124972896e-40 44
81 2.104744076876434e-40 25

3 1.232534242059427e-20 18
6 2.35546064674758e-20 62
9 2.49138527439083e-20 98
12 2.732464278166823e-20 210
15 2.484444457923769e-20 350
18 2.516035930125906e-20 450
21 2.105504917633624e-20 602
24 1.718303712345375e-20 762
27 1.477907147900088e-20 1142
30 6.153170335941234e-21 1250
33 2.583784225633674e-21 1458
36 2.833604853977958e-22 1814
39 1.880946178529356e-29 2178
42 9.920599693988433e-30 2498
45 4.393258587229634e-30 2622
48 1.624949316926157e-30 3191
51 1.92331277076963e-31 3044
54 1.942952369982967e-33 2736
57 2.324765647003391e-38 2276
60 1.3000833314828e-38 2016
63 8.833213075121577e-39 1640
66 5.725548337163699e-39 1056
69 4.323017530529392e-39 683
72 2.395259187948304e-39 350
75 1.700925539411521e-39 192
78 2.473686538648132e-40 44
81 2.011835862591879e-40 25

3 1.317064249574647e-20 18
6 1.835445515327077e-20 62
9 2.124268886455786e-20 98
12 2.906769273366567e-20 210
15 2.733334106373129e-20 350
18 2.480272065997624e-20 450
21 2.195706599840891e-20 602
24 1.844095444564302e-20 762
27 1.458819058779804e-20 1142
30 6.191763373566351e-21 1250
33 2.568467595182087e-21 1458
36 2.631222065707016e-22 1814
39 1.737229922116267e-29 2178
42 9.808497752823591e-30 2498
45 4.435220813624731e-30 2622
48 1.623716705342736e-30 3191
51 1.998680166761969e-31 3044
54 1.796066804261511e-33 2736
57 2.227894216968891e-38 2276
60 1.309523476950746e-38 2016
63 8.585390511684258e-39 1640
66 6.047771997321882e-39 1056
69 4.173831272080764e-39 683
72 2.110727058136828e-39 350
75 1.639871854588706e-39 192
78 3.040060896691454e-40 44
81 2.94067083517077e-40 25

3 1.363018503643929e-20 18
6 1.356300498674903e-20 62
9 1.542749997068132e-20 98
12 2.668891835036453e-20 210
15 3.016444092838194e-20 350
18 2.265319884238408e-20 450
21 2.191539861007778e-20 602
24 1.625803041840683e-20 762
27 1.417532393922803e-20 1142
30 6.272625396813615e-21 1250
33 2.656465558912178e-21 1458
36 2.839462989528099e-22 1814
39 1.888297764137906e-29 2178
42 9.960197390807762e-30 2498
45 4.31665275194919e-30 2622
48 1.650460363076117e-30 3191
51 1.916129682992115e-31 3044
54 1.991836863694139e-33 2736
57 2.184081827782644e-38 2276
60 1.291374056274136e-38 2016
63 8.439053398345023e-39 1640
66 5.916257960679118e-39 1056
69 4.240817640011121e-39 683
72 2.079351751795227e-39 350
75 1.421358707958032e-39 192
78 4.384032954046811e-40 44
81 3.184439229099184e-40 25

3 1.347956545201468e-20 18
6 1.107069488863841e-20 62
9 1.14389120211219e-20 98
12 2.248034990197285e-20 210
15 2.862339380129095e-20 350
18 2.302825974510106e-20 450
21 2.097093082391729e-20 602
24 1.699481784097897e-20 762
27 1.476669580180198e-20 1142
30 6.094888859153328e-21 1250
33 2.479004257381774e-21 1458
36 2.609641998910198e-22 1814
39 1.703635217533194e-29 2178
42 9.657807941976236e-30 2498
45 4.42216136031584e-30 2622
48 1.585102516384015e-30 3191
51 1.944421641859929e-31 3044
54 1.777719106702433e-33 2736
57 2.356451734039656e-38 2276
60 1.31394470770421e-38 2016
63 9.322494070937436e-39 1640
66 5.823816123031888e-39 1056
69 4.498633120260861e-39 683
72 2.411958121487135e-39 350
75 1.513360208590011e-39 192
78 3.71814681889282e-40 44
81 2.066452614192259e-40 25

3 1.26152329742427e-20 18
6 1.19361822246312e-20 62
9 1.195667564316507e-20 98
12 2.016876080288578e-20 210
15 2.503632244778943e-20 350
18 2.510308754569916e-20 450
21 2.095013754425696e-20 602
24 1.813166593014015e-20 762
27 1.428706162024951e-20 1142
30 6.173256865461225e-21 1250
33 2.675316433097193e-21 1458
36 2.80670434349135e-22 1814
39 1.88888485594625e-29 2178
42 9.973126699231677e-30 2498
45 4.289097773472028e-30 2622
48 1.649694710927647e-30 3191
51 1.926435810481046e-31 3044
54 1.921214020192465e-33 2736
57 2.192020053969582e-38 2276
60 1.308864467848872e-38 2016
63 8.596503709928271e-39 1640
66 6.270378319209649e-39 1056
69 4.402384651827156e-39 683
72 2.410058461665831e-39 350
75 1.831641827747749e-39 192
78 2.507202061497747e-40 44
81 2.049560386922582e-40 25

3 1.106845522423616e-20 18
6 1.595008669707381e-20 62
9 1.653142380271093e-20 98
12 2.163555843050476e-20 210
15 2.493133802721257e-20 350
18 2.449551254453363e-20 450
21 2.177843941820733e-20 602
24 1.625343072884666e-20 762
27 1.405839346237207e-20 1142
30 6.154931703536663e-21 1250
33 2.460981989387007e-21 1458
36 2.629974350169661e-22 1814
39 1.689165307868696e-29 2178
42 9.530691756035776e-30 2498
45 4.384643826786232e-30 2622
48 1.563163538784011e-30 3191
51 1.897945527377757e-31 3044
54 1.881086172543141e-33 2736
57 2.252690473641645e-38 2276
60 1.296104135292104e-38 2016
63 8.73126502219719e-39 1640
66 6.125513298291322e-39 1056
69 4.254361654581687e-39 683
72 2.124814894475048e-39 350
75 1.71498358379747e-39 192
78 3.171453012159725e-40 44
81 3.19950033702625e-40 25

3 9.047977133107434e-21 18
6 2.164542655585131e-20 62
9 2.203291965863996e-20 98
12 2.536277200397214e-20 210
15 2.818942691238267e-20 350
18 2.230056371214319e-20 450
21 2.155372846336879e-20 602
24 1.683326545595019e-20 762
27 1.47229490931044e-20 1142
30 6.065712537556403e-21 1250
33 2.619409157610539e-21 1458
36 2.738256631060904e-22 1814
39 1.880378917601158e-29 2178
42 9.966965412385481e-30 2498
45 4.295718380040293e-30 2622
48 1.63323857007879e-30 3191
51 1.900973986755882e-31 3044
54 1.853809655054537e-33 2736
57 2.30843422398134e-38 2276
60 1.337954946460685e-38 2016
63 9.532715204311279e-39 1640
66 5.937106641819434e-39 1056
69 4.523016305725236e-39 683
72 2.199620963245178e-39 350
75 1.417089762737334e-39 192
78 4.724089842567031e-40 44
81 3.142578886697336e-40 25

3 6.936672893452273e-21 18
6 2.689348834478147e-20 62
9 2.479015954198283e-20 98
12 2.792237837380276e-20 210
15 2.947354862942403e-20 350
18 2.277574741181232e-20 450
21 2.048764097103314e-20 602
24 1.778136198704134e-20 762
27 1.395464617759922e-20 1142
30 6.097613081960696e-21 1250
33 2.511803262605565e-21 1458
36 2.678749034893707e-22 1814
39 1.691973900013041e-29 2178
42 9.444543087398941e-30 2498
45 4.344992684183675e-30 2622
48 1.560371591600359e-30 3191
51 1.887663844599162e-31 3044
54 1.920783475325247e-33 2736
57 2.232267365022938e-38 2276
60 1.319946797548838e-38 2016
63 8.68841512139911e-39 1640
66 6.274905155096257e-39 1056
69 4.588730761353931e-39 683
72 2.529097538623906e-39 350
75 1.607709583804314e-39 192
78 3.967987419685655e-40 44
81 2.250735146848346e-40 25

3 5.158566734264286e-21 18
6 2.976305438453613e-20 62
9 2.300211657993874e-20 98
12 2.7158505975786e-20 210
15 2.693093362287207e-20 350
18 2.47697260263574e-20 450
21 2.079114151538352e-20 602
24 1.626468926874856e-20 762
27 1.402653523912527e-20 1142
30 6.126271059973465e-21 1250
33 2.518173621258756e-21 1458
36 2.659913219214613e-22 1814
39 1.856260658758935e-29 2178
42 9.901444884794029e-30 2498
45 4.302630506003143e-30 2622
48 1.617185456354885e-30 3191
51 1.860998941650477e-31 3044
54 1.852227490921764e-33 2736
57 2.248894606453369e-38 2276
60 1.324473405219632e-38 2016
63 9.187807582467662e-39 1640
66 6.397737123889417e-39 1056
69 4.51174506086212e-39 683
72 2.453844207958802e-39 350
75 1.933543043614395e-39 192
78 2.68228911695968e-40 44
81 1.806121223686756e-40 25

3 4.028144171364922e-21 18
6 2.919017920577577e-20 62
9 1.792409252176143e-20 98
12 2.390013122583282e-20 210
15 2.477376450964881e-20 350
18 2.418292365464409e-20 450
21 2.181142036721572e-20 602
24 1.671343237967386e-20 762
27 1.461488195085145e-20 1142
30 5.946954198194079e-21 1250
33 2.58077547836682e-21 1458
36 2.725143758142683e-22 1814
39 1.702463133812491e-29 2178
42 9.390774882044426e-30 2498
45 4.306631740247337e-30 2622
48 1.555526571799765e-30 3191
51 1.895711877925234e-31 3044
54 1.890214739743027e-33 2736
57 2.306973894864493e-38 2276
60 1.370316687941362e-38 2016
63 9.616562065786163e-39 1640
66 6.134078208027052e-39 1056
69 4.473285925805403e-39 683
72 2.209738875853681e-39 350
75 1.738059566032335e-39 192
78 3.861520486682659e-40 44
81 2.879258855006591e-40 25

3 3.70720192099372e-21 18
6 2.531029568180741e-20 62
9 1.294893396921254e-20 98
12 2.087091516468133e-20 210
15 2.606123628620951e-20 350
18 2.212513928425506e-20 450
21 2.101661601904465e-20 602
24 1.740528856541323e-20 762
27 1.366316138487013e-20 1142
30 6.146748379355939e-21 1250
33 2.436104554865519e-21 1458
36 2.601854591516638e-22 1814
39 1.822448025168105e-29 2178
42 9.789942760480065e-30 2498
45 4.284156705001924e-30 2622
48 1.609736528069068e-30 3191
51 1.840207238348818e-31 3044
54 1.810888833522753e-33 2736
57 2.228622251487761e-38 2276
60 1.341757123097944e-38 2016
63 9.075366675847548e-39 1640
66 6.450705705916093e-39 1056
69 4.676160108574991e-39 683
72 2.376270735933462e-39 350
75 1.466690940650879e-39 192
78 5.531278995278037e-40 44
81 3.312189589749862e-40 25

3 4.2131697231214e-21 18
6 1.941110205252407e-20 62
9 1.124159075925193e-20 98
12 2.041890027094059e-20 210
15 2.817242356223873e-20 350
18 2.245663213780775e-20 450
21 1.992661175173592e-20 602
24 1.623404316156571e-20 762
27 1.406011562347104e-20 1142
30 5.9697045245502e-21 1250
33 2.600591390511462e-21 1458
36 2.73890677928599e-22 1814
39 1.721522547148257e-29 2178
42 9.409696729019398e-30 2498
45 4.301485369716842e-30 2622
48 1.545358011667667e-30 3191
51 1.899365937667037e-31 3044
54 1.973433375359956e-33 2736
57 2.290056890930996e-38 2276
60 1.342253112915397e-38 2016
63 9.599755293437888e-39 1640
66 6.44692713705533e-39 1056
69 4.826014709371737e-39 683
72 2.660661859822424e-39 350
75 1.837144729815432e-39 192
78 3.986636887898628e-40 44
81 2.140748157279924e-40 25

3 5.423602375499097e-21 18
6 1.348227077077851e-20 62
9 1.370219757189403e-20 98
12 2.291521322812917e-20 210
15 2.770843308542238e-20 350
18 2.417276129296486e-20 450
21 2.104191785257744e-20 602
24 1.663509465790834e-20 762
27 1.443793331247748e-20 1142
30 5.961264341497723e-21 1250
33 2.430352757766926e-21 1458
36 2.587666245718879e-22 1814
39 1.788051275041766e-29 2178
42 9.622933810955571e-30 2498
45 4.242753831857357e-30 2622
48 1.605810707074224e-30 3191
51 1.837067458140545e-31 3044
54 1.62847101766139e-33 2736
57 2.292755869925988e-38 2276
60 1.413412413727346e-38 2016
63 9.601462802606686e-39 1640
66 6.283368794224044e-39 1056
69 4.551665959892486e-39 683
72 2.537776650559934e-39 350
75 2.020769829694023e-39 192
78 2.903532752445386e-40 44
81 1.807826084057924e-40 25

3 7.120930879437298e-21 18
6 9.510942313611565e-21 62
9 1.853750526788016e-20 98
12 2.638516809745214e-20 210
15 2.579614691101539e-20 350
18 2.382840572021129e-20 450
21 2.176641208846159e-20 602
24 1.708463769776558e-20 762
27 1.346338268810132e-20 1142
30 6.121595134207835e-21 1250
33 2.535850206802094e-21 1458
36 2.709186228643159e-22 1814
39 1.73419172353771e-29 2178
42 9.491478564271974e-30 2498
45 4.284373753811796e-30 2622
48 1.532316994495635e-30 3191
51 1.892095369774293e-31 3044
54 2.07960047776177e-33 2736
57 2.238139384079182e-38 2276
60 1.32180288648338e-38 2016
63 9.471030803368457e-39 1640
66 6.487938544685765e-39 1056
69 4.735118500041758e-39 683
72 2.379094909671563e-39 350
75 1.612252607313547e-39 192
78 4.493946307438739e-40 44
81 3.082919461457697e-40 25

3 9.073138655802089e-21 18
6 8.786726616756511e-21 62
9 2.255316605370132e-20 98
12 2.779292112226492e-20 210
15 2.560584545621256e-20 350
18 2.220920724016445e-20 450
21 2.018065730535057e-20 602
24 1.614215705280703e-20 762
27 1.4097849184347e-20 1142
30 5.808906726843634e-21 1250
33 2.499859395011877e-21 1458
36 2.609544085790321e-22 1814
39 1.759953723594278e-29 2178
42 9.435859122971701e-30 2498
45 4.195322411525886e-30 2622
48 1.596191640101e-30 3191
51 1.843366720507182e-31 3044
54 1.527041583252009e-33 2736
57 2.343374224405411e-38 2276
60 1.365780047557279e-38 2016
63 9.803730039687735e-39 1640
66 6.636074274131621e-39 1056
69 5.008276892840872e-39 683
72 2.571460438193589e-39 350
75 1.609639968050563e-39 192
78 5.676322184764537e-40 44
81 3.001627393187997e-40 25

3 1.106836189881487e-20 18
6 1.144717036684183e-20 62
9 2.325220609682097e-20 98
12 2.564484497507811e-20 210
15 2.703754236234485e-20 350
18 2.220929762561962e-20 450
21 1.977408773802034e-20 602
24 1.657565037939389e-20 762
27 1.420553557391709e-20 1142
30 6.080356775951481e-21 1250
33 2.428266799472955e-21 1458
36 2.654602465278252e-22 1814
39 1.732326958471159e-29 2178
42 9.565052870326678e-30 2498
45 4.264311123830469e-30 2622
48 1.527416985812539e-30 3191
51 1.883307694224872e-31 3044
54 1.980728839281615e-33 2736
57 2.216784465684602e-38 2276
60 1.389682933617137e-38 2016
63 9.664882926134559e-39 1640
66 6.442493782809662e-39 1056
69 4.734205579951486e-39 683
72 2.720482288566223e-39 350
75 2.015540788056422e-39 192
78 4.039452060593373e-40 44
81 1.968882491387255e-40 25

3 1.290411309470578e-20 18
6 1.645680763347132e-20 62
9 2.035158072182933e-20 98
12 2.165009219738033e-20 210
15 2.731160430027658e-20 350
18 2.342155969647495e-20 450
21 2.147650276892463e-20 602
24 1.687566157717138e-20 762
27 1.336381728325406e-20 1142
30 5.921100564287116e-21 1250
33 2.564032656430167e-21 1458
36 2.63754329789185e-22 1814
39 1.742398312794234e-29 2178
42 9.289683012110886e-30 2498
45 4.14906904037528e-30 2622
48 1.580183994601069e-30 3191
51 1.854395328904897e-31 3044
54 1.730385504534034e-33 2736
57 2.338360680980653e-38 2276
60 1.317280580579818e-38 2016
63 1.002531292381386e-38 1640
66 6.621636675234135e-39 1056
69 5.005943123965333e-39 683
72 2.492360686325048e-39 350
75 1.948451236283579e-39 192
78 3.523334963028414e-40 44
81 2.454615611215995e-40 25

3 1.440853434746189e-20 18
6 2.205512991771637e-20 62
9 1.580673787406152e-20 98
12 1.937262370123992e-20 210
15 2.590109318540957e-20 350
18 2.353619789235615e-20 450
21 2.126305818182253e-20 602
24 1.598637359580547e-20 762
27 1.407581669990748e-20 1142
30 5.829835087253839e-21 1250
33 2.378548685127608e-21 1458
36 2.611272508426852e-22 1814
39 1.720778749647753e-29 2178
42 9.570378815312935e-30 2498
45 4.244637136087302e-30 2622
48 1.526202320285523e-30 3191
51 1.86830712682376e-31 3044
54 1.67772320560404e-33 2736
57 2.273545335821001e-38 2276
60 1.440308961547561e-38 2016
63 9.818914434901329e-39 1640
66 6.961034949434375e-39 1056
69 5.127701634199435e-39 683
72 2.544660730690037e-39 350
75 1.653325998564929e-39 192
78 5.347565394514523e-40 44
81 3.293177330038316e-40 25

3 1.548003838965281e-20 18
6 2.642859868659926e-20 62
9 1.247932130914304e-20 98
12 2.092775696549666e-20 210
15 2.528809225319919e-20 350
18 2.250593492935389e-20 450
21 1.941151172984893e-20 602
24 1.646889568104976e-20 762
27 1.395747131173777e-20 1142
30 6.074539412500186e-21 1250
33 2.526238811583772e-21 1458
36 2.636108153239216e-22 1814
39 1.731631990319734e-29 2178
42 9.208810271778311e-30 2498
45 4.122921989759854e-30 2622
48 1.561146899022742e-30 3191
51 1.850043335551514e-31 3044
54 2.046264495618145e-33 2736
57 2.276399782852398e-38 2276
60 1.353282771668904e-38 2016
63 1.002307855198963e-38 1640
66 6.696952705396693e-39 1056
69 4.993567838607378e-39 683
72 2.805345778159392e-39 350
75 1.815180961962052e-39 192
78 5.063044766239437e-40 44
81 2.752381648128505e-40 25

3 1.606392827638942e-20 18
6 2.828817035622342e-20 62
9 1.233892781858087e-20 98
12 2.493512507165883e-20 210
15 2.658720296318919e-20 350
18 2.206268236796005e-20 450
21 2.0025991404505e-20 602
24 1.677636763090665e-20 762
27 1.334360257276842e-20 1142
30 5.729067063956346e-21 1250
33 2.442712304423263e-21 1458
36 2.599137311382269e-22 1814
39 1.705334652278993e-29 2178
42 9.502086668133475e-30 2498
45 4.219481636393475e-30 2622
48 1.52508949721145e-30 3191
51 1.857206384228668e-31 3044
54 1.435778878607664e-33 2736
57 2.35632148273321e-38 2276
60 1.396229314936569e-38 2016
63 1.020234977792553e-38 1640
66 6.741914980571511e-39 1056
69 5.154262212818049e-39 683
72 2.591244730707968e-39 350
75 2.060116299934914e-39 192
78 3.762351452656462e-40 44
81 2.08128870409228e-40 25

3 1.609835619249546e-20 18
6 2.721779967990817e-20 62
9 1.526576089836188e-20 98
12 2.769166044045451e-20 210
15 2.756163853845889e-20 350
18 2.266010753893964e-20 450
21 2.15625509839195e-20 602
24 1.580418038442106e-20 762
27 1.395406504340059e-20 1142
30 5.943572604993504e-21 1250
33 2.398994622144385e-21 1458
36 2.603288335136672e-22 1814
39 1.72127872217411e-29 2178
42 9.201521903365079e-30 2498
45 4.102738086017913e-30 2622
48 1.546773110283245e-30 3191
51 1.826941128228978e-31 3044
54 2.185104654777443e-33 2736
57 2.22005612047001e-38 2276
60 1.460898357482697e-38 2016
63 1.007395071591628e-38 1640
66 7.271078012816121e-39 1056
69 5.066358930172874e-39 683
72 2.501952920385846e-39 350
75 1.877394927439133e-39 192
78 4.36210150906101e-40 44
81 3.385897523034161e-40 25

3 1.553496194704257e-20 18
6 2.375846278371674e-20 62
9 1.921771200004601e-20 98
12 2.654245880687704e-20 210
15 2.624252845402017e-20 350
18 2.315947293990539e-20 450
21 2.037047907462285e-20 602
24 1.623269749758744e-20 762
27 1.372906791688323e-20 1142
30 5.899447358275771e-21 1250
33 2.532236826897259e-21 1458
36 2.603769372969161e-22 1814
39 1.692760205542497e-29 2178
42 9.375774471353294e-30 2498
45 4.186377508385356e-30 2622
48 1.523414266742187e-30 3191
51 1.846581210835386e-31 3044
54 1.468260495436084e-33 2736
57 2.423841748687073e-38 2276
60 1.353774088573517e-38 2016
63 1.021513192106133e-38 1640
66 6.858708078388679e-39 1056
69 5.300916098357679e-39 683
72 2.829396979319864e-39 350
75 1.763262888087926e-39 192
78 5.249713957055245e-40 44
81 3.215049853795195e-40 25

3 1.440625163650429e-20 18
6 1.917647622327055e-20 62
9 2.165501754253528e-20 98
12 2.239960699899153e-20 210
15 2.435163644397285e-20 350
18 2.280160472712722e-20 450
21 1.90298196017244e-20 602
24 1.672627703972472e-20 762
27 1.336443523067084e-20 1142
30 5.689337260072223e-21 1250
33 2.32546658290527e-21 1458
36 2.570294009582931e-22 1814
39 1.707981022662879e-29 2178
42 9.214435196603131e-30 2498
45 4.094647532453258e-30 2622
48 1.534401528634208e-30 3191
51 1.796649288660303e-31 3044
54 2.0759425561299e-33 2736
57 2.196766840134487e-38 2276
60 1.492039055040623e-38 2016
63 1.044986288942086e-38 1640
66 6.985296319162247e-39 1056
69 5.292889002929346e-39 683
72 2.735232004058545e-39 350
75 1.968785071068386e-39 192
78 4.510821051486628e-40 44
81 2.077870607898869e-40 25

3 1.2824559665016e-20 18
6 1.496477280875804e-20 62
9 2.118403580871668e-20 98
12 1.901024535953076e-20 210
15 2.49101661584644e-20 350
18 2.208322447481136e-20 450
21 2.033558401312617e-20 602
24 1.570767728652447e-20 762
27 1.37453327414802e-20 1142
30 5.968856883775796e-21 1250
33 2.497082908353138e-21 1458
36 2.584119576325797e-22 1814
39 1.685840439612629e-29 2178
42 9.24980513678313e-30 2498
45 4.147376095088695e-30 2622
48 1.518227057629989e-30 3191
51 1.831447640103451e-31 3044
54 1.668822185993031e-33 2736
57 2.402471349023646e-38 2276
60 1.392518180470195e-38 2016
63 1.023533940229771e-38 1640
66 7.473856302489158e-39 1056
69 5.049779271583408e-39 683
72 2.573260598895856e-39 350
75 1.986220213379337e-39 192
78 3.614818807597549e-40 44
81 2.646819976223936e-40 25

3 1.092139481654551e-20 18
6 1.232410129780145e-20 62
9 1.830311447586982e-20 98
12 1.948402035676436e-20 210
15 2.734773566871652e-20 350
18 2.194345493078852e-20 450
21 2.11615042803918e-20 602
24 1.589105566169722e-20 762
27 1.354761156046959e-20 1142
30 5.709559518476492e-21 1250
33 2.402203784367701e-21 1458
36 2.572347639465074e-22 1814
39 1.69426497772945e-29 2178
42 9.215546734356881e-30 2498
45 4.095497545344492e-30 2622
48 1.526846135091291e-30 3191
51 1.782108531284642e-31 3044
54 1.850220806428975e-33 2736
57 2.288678155851948e-38 2276
60 1.457289595477371e-38 2016
63 1.03872560163243e-38 1640
66 6.811135834642042e-39 1056
69 5.640768131885531e-39 683
72 2.786127530020679e-39 350
75 1.832715266940758e-39 192
78 4.972006395112182e-40 44
81 3.570901193902221e-40 25

3 8.842175767089156e-21 18
6 1.185264501548044e-20 62
9 1.491183053066774e-20 98
12 2.330052279316077e-20 210
15 2.795066340454637e-20 350
18 2.252032025664327e-20 450
21 1.964788751470384e-20 602
24 1.662569928918932e-20 762
27 1.338786544089372e-20 1142
30 5.739352368029319e-21 1250
33 2.347085740794319e-21 1458
36 2.527919571961255e-22 1814
39 1.684483478716388e-29 2178
42 9.164203476127887e-30 2498
45 4.112557364798024e-30 2622
48 1.502666702048693e-30 3191
51 1.803950516531068e-31 3044
54 1.823826561677e-33 2736
57 2.300832479552903e-38 2276
60 1.468545972811633e-38 2016
63 1.075042167173403e-38 1640
66 7.352958143834402e-39 1056
69 5.253729712485959e-39 683
72 2.834849689182569e-39 350
75 1.84060945869145e-39 192
78 5.356310756112895e-40 44
81 2.69289161528191e-40 25

3 6.791773749725452e-21 18
6 1.344664602856523e-20 62
9 1.303979353882846e-20 98
12 2.678021825838196e-20 210
15 2.544917855868489e-20 350
18 2.282595128658349e-20 450
21 1.901830603761503e-20 602
24 1.576005752120869e-20 762
27 1.348290175807178e-20 1142
30 5.877680336916998e-21 1250
33 2.506073784048978e-21 1458
36 2.598538405750132e-22 1814
39 1.672665992431417e-29 2178
42 9.155748140645932e-30 2498
45 4.071397602800649e-30 2622
48 1.523325980044562e-30 3191
51 1.783356509529745e-31 3044
54 1.698337548470317e-33 2736
57 2.405694992117864e-38 2276
60 1.408081945249666e-38 2016
63 1.017893452736909e-38 1640
66 7.541401917673839e-39 1056
69 5.169462356878594e-39 683
72 2.713373777936173e-39 350
75 1.965972761436347e-39 192
78 4.061145065225449e-40 44
81 2.229770245423201e-40 25

3 5.02281825287569e-21 18
6 1.638037492248016e-20 62
9 1.362812911817485e-20 98
12 2.659210130910186e-20 210
15 2.313396325244166e-20 350
18 2.216147294393196e-20 450
21 2.038724072239049e-20 602
24 1.555063781141962e-20 762
27 1.341040030975519e-20 1142
30 5.610610915528748e-21 1250
33 2.279479630422245e-21 1458
36 2.473535574639842e-22 1814
39 1.687327814149324e-29 2178
42 9.142140094586857e-30 2498
45 4.080918475679688e-30 2622
48 1.478832212447602e-30 3191
51 1.770204468626772e-31 3044
54 1.834453950509526e-33 2736
57 2.23398168418362e-38 2276
60 1.507109452971202e-38 2016
63 1.08053587729225e-38 1640
66 7.12166084235493e-39 1056
69 5.653368454746802e-39 683
72 2.804355890011098e-39 350
75 1.979980799446939e-39 192
78 4.140621266296674e-40 44
81 3.312080826884074e-40 25

3 3.761065107694469e-21 18
6 1.958966640146067e-20 62
9 1.607650138052298e-20 98
12 2.288543850107477e-20 210
15 2.419331303740285e-20 350
18 2.139374958873652e-20 450
21 2.066862447804077e-20 602
24 1.636899733866237e-20 762
27 1.34065190561555e-20 1142
30 5.76568629498937e-21 1250
33 2.448724653106323e-21 1458
36 2.589635199996549e-22 1814
39 1.647682673265231e-29 2178
42 9.051584211186852e-30 2498
45 4.045682242062069e-30 2622
48 1.530191240139028e-30 3191
51 1.795855804242245e-31 3044
54 1.685518800793412e-33 2736
57 2.408122333416821e-38 2276
60 1.396952323211409e-38 2016
63 1.061454921942091e-38 1640
66 7.675007750531544e-39 1056
69 5.274986823013702e-39 683
72 3.02268732539358e-39 350
75 1.867021842419934e-39 192
78 5.502039084023003e-40 44
81 3.270672955886164e-40 25

3 3.155477334069477e-21 18
6 2.206230809679881e-20 62
9 1.874896347696252e-20 98
12 1.912703367982843e-20 210
15 2.715231469845064e-20 350
18 2.169524105044038e-20 450
21 1.928607326141465e-20 602
24 1.590369817635606e-20 762
27 1.321904888418216e-20 1142
30 5.765528656803442e-21 1250
33 2.387180140532435e-21 1458
36 2.483961954922829e-22 1814
39 1.689540733368857e-29 2178
42 9.162797142201838e-30 2498
45 4.056960033493186e-30 2622
48 1.448744399884325e-30 3191
51 1.746109294346293e-31 3044
54 1.712252468034938e-33 2736
57 2.295029244744592e-38 2276
60 1.515339398845597e-38 2016
63 1.028104879426249e-38 1640
66 7.286274018494424e-39 1056
69 5.34361754590846e-39 683
72 2.991817674236726e-39 350
75 1.930081494992784e-39 192
78 4.784957326104722e-40 44
81 2.554028754245439e-40 25

3 3.269216576663888e-21 18
6 2.314428981891827e-20 62
9 2.003692571785682e-20 98
12 1.880010351283249e-20 210
15 2.782459982131953e-20 350
18 2.254664876993218e-20 450
21 1.907964766781045e-20 602
24 1.537155899462421e-20 762
27 1.329730812784855e-20 1142
30 5.573205150012271e-21 1250
33 2.28854269497735e-21 1458
36 2.508242238907652e-22 1814
39 1.628390678021741e-29 2178
42 8.929259936311836e-30 2498
45 4.018649769568077e-30 2622
48 1.54439639155087e-30 3191
51 1.809127878715227e-31 3044
54 1.754566904403871e-33 2736
57 2.348421882494433e-38 2276
60 1.428581051381398e-38 2016
63 1.11826524560645e-38 1640
66 7.428050069228413e-39 1056
69 5.779826785340329e-39 683
72 2.840857842202475e-39 350
75 2.006633645242436e-39 192
78 4.017547354710559e-40 44
81 3.026731118351576e-40 25

3 4.066484835024393e-21 18
6 2.268999351933311e-20 62
9 1.929488094148655e-20 98
12 2.206718672268245e-20 210
15 2.508581402064329e-20 350
18 2.243395025115024e-20 450
21 2.024515665187134e-20 602
24 1.595758482275735e-20 762
27 1.342750530228487e-20 1142
30 5.748979308925527e-21 1250
33 2.478136632073357e-21 1458
36 2.557214539959113e-22 1814
39 1.685351982027912e-29 2178
42 9.177858459192869e-30 2498
45 4.029570332963168e-30 2622
48 1.417861568135634e-30 3191
51 1.731740731345265e-31 3044
54 1.577107003670995e-33 2736
57 2.372005752866709e-38 2276
60 1.498752083742827e-38 2016
63 1.030296679306707e-38 1640
66 7.622950041070755e-39 1056
69 5.353423273273539e-39 683
72 3.052067541404302e-39 350
75 1.894698745529892e-39 192
78 5.397127388659677e-40 44
81 3.547649700134874e-40 25

3 5.407298509819794e-21 18
6 2.106718097385563e-20 62
9 1.712161153657558e-20 98
12 2.564715170224205e-20 210
15 2.251523377372351e-20 350
18 2.132000295946753e-20 450
21 2.027968355708119e-20 602
24 1.595166629769001e-20 762
27 1.299112929698416e-20 1142
30 5.689280456123803e-21 1250
33 2.266154476860929e-21 1458
36 2.403322031367265e-22 1814
39 1.619640148102974e-29 2178
42 8.832623199571197e-30 2498
45 4.011059189280617e-30 2622
48 1.549958894897586e-30 3191
51 1.81317857919656e-31 3044
54 1.831367993638499e-33 2736
57 2.324268126389002e-38 2276
60 1.49998543766577e-38 2016
63 1.09433974576003e-38 1640
66 7.474274290692539e-39 1056
69 5.515877297494279e-39 683
72 3.172747291963675e-39 350
75 1.942339897305786e-39 192
78 5.263487409789633e-40 44
81 2.56569126011861e-40 25

3 7.086232614126943e-21 18
6 1.898718574537047e-20 62
9 1.490006428604213e-20 98
12 2.605024797556028e-20 210
15 2.342742976581438e-20 350
18 2.089852157714983e-20 450
21 1.918393121270572e-20 602
24 1.542316054616083e-20 762
27 1.318775546012399e-20 1142
30 5.535981455480601e-21 1250
33 2.380093539693785e-21 1458
36 2.600721604140625e-22 1814
39 1.669071907826184e-29 2178
42 9.15608604739656e-30 2498
45 3.996057273395965e-30 2622
48 1.404575465535418e-30 3191
51 1.729150289343343e-31 3044
54 1.551735572465463e-33 2736
57 2.39301311524913e-38 2276
60 1.464106705619602e-38 2016
63 1.095954594167658e-38 1640
66 7.737569781564992e-39 1056
69 5.958879549589264e-39 683
72 2.864144115543814e-39 350
75 1.930758408843474e-39 192
78 4.328126888154549e-40 44
81 2.956494770301195e-40 25

3 8.880201210619974e-21 18
6 1.71908662025258e-20 62
9 1.392709728972765e-20 98
12 2.29556697827909e-20 210
15 2.635186875765883e-20 350
18 2.190104808722005e-20 450
21 1.908052599353034e-20 602
24 1.556302000901849e-20 762
27 1.34545228929873e-20 1142
30 5.73587563763519e-21 1250
33 2.394954330166729e-21 1458
36 2.387133628808373e-22 1814
39 1.626148417355015e-29 2178
42 8.806941425717843e-30 2498
45 4.017934062022744e-30 2622
48 1.54130482217753e-30 3191
51 1.798554268966718e-31 3044
54 1.831617913275621e-33 2736
57 2.369163190580026e-38 2276
60 1.561634414966267e-38 2016
63 1.061600435985979e-38 1640
66 7.463143734936061e-39 1056
69 5.345157901228388e-39 683
72 3.095282157254401e-39 350
75 1.899512522705069e-39 192
78 5.357098026881519e-40 44
81 4.1073349028696e-40 25

3 1.056117826632821e-20 18
6 1.617807142609567e-20 62
9 1.463726782033172e-20 98
12 1.94251949469751e-20 210
15 2.7345806544536e-20 350
18 2.266444289058628e-20 450
21 2.000162894697659e-20 602
24 1.575827498140489e-20 762
27 1.281521466780245e-20 1142
30 5.622954349225313e-21 1250
33 2.24922558571294e-21 1458
36 2.523210868484295e-22 1814
39 1.641492195206799e-29 2178
42 9.063609228352813e-30 2498
45 3.961890898621129e-30 2622
48 1.410417744274625e-30 3191
51 1.729268414356877e-31 3044
54 1.634380325313054e-33 2736
57 2.354339134763656e-38 2276
60 1.451269541170417e-38 2016
63 1.14617444037996e-38 1640
66 8.081349324053525e-39 1056
69 5.827509216318457e-39 683
72 3.339001815519303e-39 350
75 1.943610003104655e-39 192
78 5.606582603426841e-40 44
81 2.966056354820495e-40 25

3 1.190989397141828e-20 18
6 1.612311841799176e-20 62
9 1.63918543942197e-20 98
12 1.884199505425964e-20 210
15 2.531105436038767e-20 350
18 2.175012175213898e-20 450
21 2.01316027423856e-20 602
24 1.55936304550095e-20 762
27 1.305588693293235e-20 1142
30 5.492479956142238e-21 1250
33 2.426033414636289e-21 1458
36 2.491893563097886e-22 1814
39 1.639060222207625e-29 2178
42 8.844065920964913e-30 2498
45 4.008851843352654e-30 2622
48 1.51820981342431e-30 3191
51 1.782832820117396e-31 3044
54 1.778428822904346e-33 2736
57 2.423315137112844e-38 2276
60 1.569343709190003e-38 2016
63 1.092123588973538e-38 1640
66 7.704716401038172e-39 1056
69 6.145492647576094e-39 683
72 2.901621079068272e-39 350
75 1.95407784367476e-39 192
78 4.351078670318254e-40 44
81 2.909472844820139e-40 25

3 1.277622601242778e-20 18
6 1.690704864753489e-20 62
9 1.799151696389645e-20 98
12 2.163068391895185e-20 210
15 2.291982246999855e-20 350
18 2.052091826660885e-20 450
21 1.919814158940407e-20 602
24 1.541690794703547e-20 762
27 1.347130455887508e-20 1142
30 5.744236257262179e-21 1250
33 2.292847549990802e-21 1458
36 2.37019233423864e-22 1814
39 1.614855460490724e-29 2178
42 8.91555077773475e-30 2498
45 3.942077300749473e-30 2622
48 1.432502594683988e-30 3191
51 1.722589964246576e-31 3044
54 1.747225473736697e-33 2736
57 2.34949831651212e-38 2276
60 1.502231464239423e-38 2016
63 1.129389202465435e-38 1640
66 7.885589973093855e-39 1056
69 5.494374590942394e-39 683
72 3.07092316302436e-39 350
75 1.921519370117879e-39 192
78 4.989038441909153e-40 44
81 3.799836289717967e-40 25

3 1.313547433213866e-20 18
6 1.816368110428251e-20 62
9 1.850423157063063e-20 98
12 2.493023424132939e-20 210
15 2.28954659456651e-20 350
18 2.099853752398466e-20 450
21 1.886213048424166e-20 602
24 1.535567779791683e-20 762
27 1.270652517597422e-20 1142
30 5.525524677873924e-21 1250
33 2.303773401825138e-21 1458
36 2.593076885892824e-22 1814
39 1.6454014587348e-29 2178
42 8.900899385048854e-30 2498
45 3.968362816628882e-30 2622
48 1.48237503886598e-30 3191
51 1.76999243217255e-31 3044
54 1.738562514492391e-33 2736
57 2.429670085544242e-38 2276
60 1.535799942481513e-38 2016
63 1.139306510692312e-38 1640
66 8.299969898461662e-39 1056
69 6.036497691452766e-39 683
72 3.411096640890091e-39 350
75 1.93578445619193e-39 192
78 5.572917029518612e-40 44
81 3.242100651944835e-40 25

3 1.306027826459409e-20 18
6 1.937389463181963e-20 62
9 1.777397805796949e-20 98
12 2.545876710290373e-20 210
15 2.49215849254586e-20 350
18 2.237871067253131e-20 450
21 1.971630917829138e-20 602
24 1.55844446485735e-20 762
27 1.288750092384938e-20 1142
30 5.477526768736492e-21 1250
33 2.386645555990729e-21 1458
36 2.312600527096993e-22 1814
39 1.593898248718818e-29 2178
42 8.790526695434077e-30 2498
45 3.959264035726234e-30 2622
48 1.45037249871837e-30 3191
51 1.707507274755404e-31 3044
54 1.797954929730948e-33 2736
57 2.377470712427937e-38 2276
60 1.569628692099989e-38 2016
63 1.125365746955319e-38 1640
66 7.669825414237375e-39 1056
69 5.983408987089913e-39 683
72 2.934425470492406e-39 350
75 1.988836899327722e-39 192
78 4.407015255535512e-40 44
81 3.130863021105975e-40 25

3 1.26384698016144e-20 18
6 2.005764557230852e-20 62
9 1.63680167219567e-20 98
12 2.273106158583668e-20 210
15 2.639827891809464e-20 350
18 2.225205962983101e-20 450
21 2.009135226594748e-20 602
24 1.558406157879596e-20 762
27 1.344253416710757e-20 1142
30 5.739484998948831e-21 1250
33 2.252701592466223e-21 1458
36 2.531001369779336e-22 1814
39 1.64227894147019e-29 2178
42 8.874664407934885e-30 2498
45 3.896136245642789e-30 2622
48 1.454577896157315e-30 3191
51 1.755418261772232e-31 3044
54 1.712011591194464e-33 2736
57 2.413170831963196e-38 2276
60 1.517292594656665e-38 2016
63 1.164858617982338e-38 1640
66 8.376443278593181e-39 1056
69 5.800925217309198e-39 683
72 3.170298477251211e-39 350
75 1.888779723948182e-39 192
78 5.501750839702095e-40 44
81 4.370213599999078e-40 25

3 1.19378335327571e-20 18
6 1.99752115500177e-20 62
9 1.516738116091007e-20 98
12 1.946588050322432e-20 210
15 2.56629470836515e-20 350
18 2.065387646208302e-20 450
21 1.907993230474374e-20 602
24 1.505940802474275e-20 762
27 1.266312548327957e-20 1142
30 5.398408739784303e-21 1250
33 2.33785201527885e-21 1458
36 2.43271182000544e-22 1814
39 1.583159735918093e-29 2178
42 8.789475771527153e-30 2498
45 3.997395785688833e-30 2622
48 1.451237950370428e-30 3191
51 1.691589910700648e-31 3044
54 1.77740093118213e-33 2736
57 2.400018163743122e-38 2276
60 1.593175003594949e-38 2016
63 1.163938619983387e-38 1640
66 8.173004989852975e-39 1056
69 6.183772927440632e-39 683
72 3.548559904982971e-39 350
75 1.974768925876976e-39 192
78 5.884334683597881e-40 44
81 3.897113419911097e-40 25

3 1.103752804057645e-20 18
6 1.919316989134267e-20 62
9 1.484953447705494e-20 98
12 1.879562507631389e-20 210
15 2.378438844106628e-20 350
18 2.012020954868343e-20 450
21 1.844655149691619e-20 602
24 1.520881124239607e-20 762
27 1.267775530161274e-20 1142
30 5.509116782768453e-21 1250
33 2.321212131447149e-21 1458
36 2.34156472082834e-22 1814
39 1.626733110210406e-29 2178
42 8.699526072583119e-30 2498
45 3.8172402238437e-30 2622
48 1.43896150312223e-30 3191
51 1.748937394694675e-31 3044
54 1.69304078803542e-33 2736
57 2.422089760871259e-38 2276
60 1.562824466928417e-38 2016
63 1.163851903017639e-38 1640
66 8.164521752299455e-39 1056
69 5.980232131483888e-39 683
72 2.909306566784299e-39 350
75 2.006683162730781e-39 192
78 4.944286965760657e-40 44
81 3.142577662220742e-40 25

3 1.005172057638196e-20 18
6 1.800126287416741e-20 62
9 1.546697516427807e-20 98
12 2.116560459521576e-20 210
15 2.291221374016902e-20 350
18 2.150684467391809e-20 450
21 1.93855332070107e-20 602
24 1.577219359270425e-20 762
27 1.333503997863739e-20 1142
30 5.679014416523554e-21 1250
33 2.259848256895479e-21 1458
36 2.573968645922548e-22 1814
39 1.588765183499285e-29 2178
42 8.890189717227412e-30 2498
45 4.01064027063691e-30 2622
48 1.44472268473217e-30 3191
51 1.676102740464361e-31 3044
54 1.696659720965542e-33 2736
57 2.40054880090098e-38 2276
60 1.57913569279883e-38 2016
63 1.196342366017151e-38 1640
66 8.46055742454499e-39 1056
69 6.200243172885507e-39 683
72 3.267778511963964e-39 350
75 2.063926591596298e-39 192
78 5.44765959827584e-40 44
81 4.727526673134387e-40 25

3 9.102218257776219e-21 18
6 1.679376415844819e-20 62
9 1.643483761748529e-20 98
12 2.407124825541788e-20 210
15 2.367233893109028e-20 350
18 2.247423693024941e-20 450
21 2.00110556119773e-20 602
24 1.51634893214213e-20 762
27 1.268333554854577e-20 1142
30 5.284048399558905e-21 1250
33 2.321117579911851e-21 1458
36 2.257584045798748e-22 1814
39 1.598847465894974e-29 2178
42 8.494606429789318e-30 2498
45 3.76292301765018e-30 2622
48 1.430382628386636e-30 3191
51 1.740253392878612e-31 3044
54 1.684415441759838e-33 2736
57 2.45368902280365e-38 2276
60 1.596900155617669e-38 2016
63 1.188620787342081e-38 1640
66 8.245634425423067e-39 1056
69 6.104038485862596e-39 683
72 3.589522653976267e-39 350
75 2.045307149215336e-39 192
78 6.536258666630092e-40 44
81 4.271308648161482e-40 25

3 8.28078391860138e-21 18
6 1.59671423964485e-20 62
9 1.702090853626523e-20 98
12 2.467381086256235e-20 210
15 2.490548444603265e-20 350
18 2.128825741696944e-20 450
21 1.886774199462928e-20 602
24 1.465160163297128e-20 762
27 1.245600733924045e-20 1142
30 5.568133568622438e-21 1250
33 2.285124158191188e-21 1458
36 2.512168629419058e-22 1814
39 1.608217963079896e-29 2178
42 8.918105006018196e-30 2498
45 3.995249146234135e-30 2622
48 1.435059935537668e-30 3191
51 1.670736251708335e-31 3044
54 1.594390402607346e-33 2736
57 2.39079787982617e-38 2276
60 1.587321565254522e-38 2016
63 1.201063989143959e-38 1640
66 8.469351109212845e-39 1056
69 6.276798283847862e-39 683
72 2.985907651467602e-39 350
75 2.10705987488484e-39 192
78 5.308449884747573e-40 44
81 2.765255856027305e-40 25

3 7.643573912527254e-21 18
6 1.579906788780717e-20 62
9 1.689640046073573e-20 98
12 2.247506911290474e-20 210
15 2.534355233196478e-20 350
18 1.976474401332452e-20 450
21 1.799246710301279e-20 602
24 1.55530284592878e-20 762
27 1.312812165335016e-20 1142
30 5.552016372236882e-21 1250
33 2.258718129013274e-21 1458
36 2.399435483673638e-22 1814
39 1.557183474403208e-29 2178
42 8.449349665290217e-30 2498
45 3.732290125168406e-30 2622
48 1.418897107864842e-30 3191
51 1.724221363495417e-31 3044
54 1.673762547873971e-33 2736
57 2.470259872097573e-38 2276
60 1.600443073189935e-38 2016
63 1.223385047433755e-38 1640
66 8.605738399166017e-39 1056
69 6.213050813516682e-39 683
72 3.405700945424982e-39 350
75 2.02599837763593e-39 192
78 5.922417316589906e-40 44
81 4.482255270854027e-40 25

3 7.221740633764763e-21 18
6 1.633018112329577e-20 62
9 1.625923842716851e-20 98
12 1.958322058072725e-20 210
15 2.477123939497319e-20 350
18 2.03631489426541e-20 450
21 1.908090525272199e-20 602
24 1.560334125537274e-20 762
27 1.274886813811573e-20 1142
30 5.221939288497828e-21 1250
33 2.289261034789226e-21 1458
36 2.294815705844045e-22 1814
39 1.631658585139983e-29 2178
42 8.726868341046492e-30 2498
45 3.969082967745859e-30 2622
48 1.432049810567762e-30 3191
51 1.669708241570042e-31 3044
54 1.523438474209554e-33 2736
57 2.410303466149756e-38 2276
60 1.625568844906225e-38 2016
63 1.196311480853864e-38 1640
66 8.502798770483244e-39 1056
69 6.029364140333888e-39 683
72 3.623385203625034e-39 350
75 2.165750287830081e-39 192
78 7.407948194197536e-40 44
81 4.525475492793238e-40 25

3 7.025568967075148e-21 18
6 1.734750115951908e-20 62
9 1.557327546301794e-20 98
12 1.864955407168122e-20 210
15 2.381398569075055e-20 350
18 2.207903155289492e-20 450
21 1.993175460386355e-20 602
24 1.44191207410484e-20 762
27 1.228312779600052e-20 1142
30 5.616742955130757e-21 1250
33 2.273445210549471e-21 1458
36 2.55760063250438e-22 1814
39 1.524377403163138e-29 2178
42 8.619646066001726e-30 2498
45 3.70281436868001e-30 2622
48 1.400311917990478e-30 3191
51 1.717045763753993e-31 3044
54 1.670945578326216e-33 2736
57 2.448770292743952e-38 2276
60 1.593293227919738e-38 2016
63 1.247338346639624e-38 1640
66 8.65416415798913e-39 1056
69 6.505505169944509e-39 683
72 3.020325068840918e-39 350
75 2.192228064983665e-39 192
78 5.725157180055024e-40 44
81 2.723266787675043e-40 25

3 7.047759271171495e-21 18
6 1.849833404684698e-20 62
9 1.5262685118313e-20 98
12 2.046279941709768e-20 210
15 2.319175969006383e-20 350
18 2.202302191515888e-20 450
21 1.86559921811122e-20 602
24 1.481422453388631e-20 762
27 1.283408643399726e-20 1142
30 5.386423930712183e-21 1250
33 2.231966404000484e-21 1458
36 2.221992981948047e-22 1814
39 1.626662735356052e-29 2178
42 8.392313195958237e-30 2498
45 3.947379747182922e-30 2622
48 1.434973660522353e-30 3191
51 1.659975172019176e-31 3044
54 1.502078794430591e-33 2736
57 2.458098541622249e-38 2276
60 1.659304273620407e-38 2016
63 1.214917095020332e-38 1640
66 8.724295692557154e-39 1056
69 5.92979970914908e-39 683
72 3.611411320803985e-39 350
75 2.196385993365117e-39 192
78 6.060764384618289e-40 44
81 4.576158166639894e-40 25

3 7.270156990789279e-21 18
6 1.944013823061727e-20 62
9 1.549727582513173e-20 98
12 2.324750092601533e-20 210
15 2.329475555473797e-20 350
18 2.018743203161718e-20 450
21 1.75997282102558e-20 602
24 1.583384026588169e-20 762
27 1.282372972861947e-20 1142
30 5.225861839105625e-21 1250
33 2.278066838746223e-21 1458
36 2.463832900777684e-22 1814
39 1.539217573572736e-29 2178
42 8.826127448836949e-30 2498
45 3.673946149155067e-30 2622
48 1.386675471705611e-30 3191
51 1.720618187771135e-31 3044
54 1.695996098617473e-33 2736
57 2.430418518386022e-38 2276
60 1.621246662184813e-38 2016
63 1.245135215067901e-38 1640
66 8.677102183287265e-39 1056
69 6.566981536736941e-39 683
72 3.573985364294669e-39 350
75 2.264567724142231e-39 192
78 7.540612010719286e-40 44
81 4.423731887204877e-40 25

3 7.660741685823709e-21 18
6 1.993540284516775e-20 62
9 1.607937605238562e-20 98
12 2.430679892070808e-20 210
15 2.408895454946647e-20 350
18 1.945898794852346e-20 450
21 1.878941134431396e-20 602
24 1.481242922651447e-20 762
27 1.221795385447613e-20 1142
30 5.626823900619679e-21 1250
33 2.252966063145618e-21 1458
36 2.405804836502361e-22 1814
39 1.575648342823571e-29 2178
42 8.202648730371327e-30 2498
45 3.924363180581764e-30 2622
48 1.434127437346583e-30 3191
51 1.636637372337099e-31 3044
54 1.511875902657294e-33 2736
57 2.504290423777967e-38 2276
60 1.65874700091481e-38 2016
63 1.247220046021536e-38 1640
66 8.990407116962956e-39 1056
69 6.462588883295662e-39 683
72 2.98213215749212e-39 350
75 2.221473215410475e-39 192
78 5.604650885468708e-40 44
81 2.653924890404474e-40 25

3 8.159715004016284e-21 18
6 1.988508977404652e-20 62
9 1.655008448993498e-20 98
12 2.259027632113345e-20 210
15 2.500007891245845e-20 350
18 2.089477467011857e-20 450
21 1.980705462458748e-20 602
24 1.405749610589806e-20 762
27 1.248537453114567e-20 1142
30 5.221070502554808e-21 1250
33 2.203460225254604e-21 1458
36 2.230605367794047e-22 1814
39 1.588356652524208e-29 2178
42 8.789527333804949e-30 2498
45 3.67361486149783e-30 2622
48 1.377807718353166e-30 3191
51 1.728590105922494e-31 3044
54 1.731200860532252e-33 2736
57 2.424923011041185e-38 2276
60 1.658960697945239e-38 2016
63 1.245259002146905e-38 1640
66 8.86805442167808e-39 1056
69 6.245380270590842e-39 683
72 3.811022479465265e-39 350
75 2.081311282669899e-39 192
78 6.104595882674805e-40 44
81 4.644820232833933e-40 25

3 8.678430029365515e-21 18
6 1.932844733947235e-20 62
9 1.651609983730074e-20 98
12 1.970875337994393e-20 210
15 2.5081866715938e-20 350
18 2.210622384281302e-20 450
21 1.853311174967839e-20 602
24 1.536356010677819e-20 762
27 1.284942831276551e-20 1142
30 5.277818281631598e-21 1250
33 2.283378731517126e-21 1458
36 2.545191060238711e-22 1814
39 1.513421105953551e-29 2178
42 8.329881343062851e-30 2498
45 3.878633480773387e-30 2622
48 1.428322261433688e-30 3191
51 1.60499577653264e-31 3044
54 1.552891884903635e-33 2736
57 2.497776944897208e-38 2276
60 1.65319967901594e-38 2016
63 1.275148432048027e-38 1640
66 9.101495649682025e-39 1056
69 6.975365478104639e-39 683
72 3.423097088223127e-39 350
75 2.299850243996124e-39 192
78 7.988001218274546e-40 44
81 4.912099670081588e-40 25

3 9.12477797729166e-21 18
6 1.842650502923352e-20 62
9 1.593748021507664e-20 98
12 1.835426294234821e-20 210
15 2.392687681117363e-20 350
18 2.115288279599849e-20 450
21 1.735091211846658e-20 602
24 1.547359743756708e-20 762
27 1.229695072125365e-20 1142
30 5.591751018858551e-21 1250
33 2.212035959366021e-21 1458
36 2.22082334240307e-22 1814
39 1.617488575227426e-29 2178
42 8.517811645318914e-30 2498
45 3.721744496696013e-30 2622
48 1.373298621355178e-30 3191
51 1.739507491964395e-31 3044
54 1.771985183532797e-33 2736
57 2.460258339130199e-38 2276
60 1.703224880102635e-38 2016
63 1.248514088862047e-38 1640
66 8.900330643927657e-39 1056
69 6.244659223839872e-39 683
72 3.122331147051632e-39 350
75 2.164328636224835e-39 192
78 5.418467952446768e-40 44
81 2.833092065843726e-40 25

3 9.429175659049489e-21 18
6 1.741587348878921e-20 62
9 1.515084163360366e-20 98
12 1.971917919393968e-20 210
15 2.247453035303815e-20 350
18 1.947264887967412e-20 450
21 1.846179695889721e-20 602
24 1.398438121535117e-20 762
27 1.214735872511302e-20 1142
30 5.086287660624011e-21 1250
33 2.198154215896053e-21 1458
36 2.381390784178577e-22 1814
39 1.49886067685725e-29 2178
42 8.54847067843409e-30 2498
45 3.799828661386655e-30 2622
48 1.415838160879247e-30 3191
51 1.580919808202526e-31 3044
54 1.590762750738603e-33 2736
57 2.484084771133961e-38 2276
60 1.668671241562556e-38 2016
63 1.294445900788861e-38 1640
66 9.390347869008001e-39 1056
69 6.774678168730759e-39 683
72 4.039224243496131e-39 350
75 2.06824810173405e-39 192
78 6.340619727997476e-40 44
81 5.18513960931115e-40 25

3 9.543589578308532e-21 18
6 1.652274209113413e-20 62
9 1.465440985159964e-20 98
12 2.242609712406189e-20 210
15 2.230097728779002e-20 350
18 1.951905701871456e-20 450
21 1.962673252278313e-20 602
24 1.440471186996692e-20 762
27 1.275638731803481e-20 1142
30 5.347174791352323e-21 1250
33 2.279221994528958e-21 1458
36 2.451707017343192e-22 1814
39 1.58993418767312e-29 2178
42 8.295162391575476e-30 2498
45 3.783294400647826e-30 2622
48 1.372425162009114e-30 3191
51 1.741094374365712e-31 3044
54 1.796976156683815e-33 2736
57 2.485715525994143e-38 2276
60 1.729299386522322e-38 2016
63 1.286520866303926e-38 1640
66 9.115364693653103e-39 1056
69 6.942459528690348e-39 683
72 3.202385596800535e-39 350
75 2.318663417123533e-39 192
78 7.899851889122429e-40 44
81 4.779833360609403e-40 25

3 9.427648598824426e-21 18
6 1.587719927779799e-20 62
9 1.480796477709424e-20 98
12 2.388306642458013e-20 210
15 2.379041165450735e-20 350
18 2.10891810503648e-20 450
21 1.854421672342848e-20 602
24 1.563156397819864e-20 762
27 1.248935002897076e-20 1142
30 5.523377670708267e-21 1250
33 2.16730269855182e-21 1458
36 2.167060907277352e-22 1814
39 1.534898323002163e-29 2178
42 8.597763558794856e-30 2498
45 3.739000707833302e-30 2622
48 1.397601772847581e-30 3191
51 1.566194156840475e-31 3044
54 1.588746972114752e-33 2736
57 2.471610207428383e-38 2276
60 1.707248612774792e-38 2016
63 1.306812493808629e-38 1640
66 9.344361126458654e-39 1056
69 6.503667281650185e-39 683
72 3.486694968376829e-39 350
75 2.190970968639175e-39 192
78 5.127223714142472e-40 44
81 2.533862006571729e-40 25

3 9.053946404966395e-21 18
6 1.549425182457447e-20 62
9 1.559666837125353e-20 98
12 2.27147867622856e-20 210
15 2.54017007617593e-20 350
18 2.174466637572801e-20 450
21 1.721789679077263e-20 602
24 1.466189875577039e-20 762
27 1.189933253689891e-20 1142
30 4.991123488628967e-21 1250
33 2.212827868577613e-21 1458
36 2.50914545871236e-22 1814
39 1.539325671423495e-29 2178
42 8.273893375280567e-30 2498
45 3.794617100551261e-30 2622
48 1.374107895915095e-30 3191
51 1.733644456199844e-31 3044
54 1.790352750841404e-33 2736
57 2.517829132784764e-38 2276
60 1.718485785213125e-38 2016
63 1.300070013266225e-38 1640
66 9.596963369234758e-39 1056
69 7.027897133445932e-39 683
72 3.878772159498149e-39 350
75 2.112389251740609e-39 192
78 6.600557999987966e-40 44
81 5.588136931555112e-40 25

3 8.434331283425233e-21 18
6 1.53360480328226e-20 62
9 1.659442800381403e-20 98
12 2.001635563369913e-20 210
15 2.521244004284261e-20 350
18 2.044499795636557e-20 450
21 1.806768617417511e-20 602
24 1.378109629544692e-20 762
27 1.25048970232697e-20 1142
30 5.402655391328857e-21 1250
33 2.250462732395921e-21 1458
36 2.27231762327166e-22 1814
39 1.566479421633065e-29 2178
42 8.466927593305274e-30 2498
45 3.728845591982848e-30 2622
48 1.382417443630158e-30 3191
51 1.557764972552452e-31 3044
54 1.563884407405446e-33 2736
57 2.468029865228037e-38 2276
60 1.763328450749233e-38 2016
63 1.328638573846887e-38 1640
66 9.112799094659481e-39 1056
69 6.950966527606571e-39 683
72 3.201637425009533e-39 350
75 2.242636895062369e-39 192
78 7.402432310380888e-40 44
81 4.030282695969917e-40 25

3 7.639485379851312e-21 18
6 1.538566476501458e-20 62
9 1.718535186197072e-20 98
12 1.828378918663726e-20 210
15 2.316846689090325e-20 350
18 1.904055523850905e-20 450
21 1.938179921354701e-20 602
24 1.494840445610764e-20 762
27 1.270557076804438e-20 1142
30 5.441113473404503e-21 1250
33 2.140098077263086e-21 1458
36 2.259724326997515e-22 1814
39 1.511795755130959e-29 2178
42 8.363329756016783e-30 2498
45 3.770493281945852e-30 2622
48 1.375590195243931e-30 3191
51 1.725443616606947e-31 3044
54 1.761572087566389e-33 2736
57 2.533041257689345e-38 2276
60 1.693662533081614e-38 2016
63 1.310493119841431e-38 1640
66 1.027432206432238e-38 1056
69 6.790669240237931e-39 683
72 3.954367498390524e-39 350
75 2.224532599230928e-39 192
78 5.091999466978496e-40 44
81 2.83477007648174e-40 25

3 6.792899313243042e-21 18
6 1.565682614351196e-20 62
9 1.693248897342183e-20 98
12 1.905668226523963e-20 210
15 2.136538484857282e-20 350
18 1.95106623053017e-20 450
21 1.860765159990537e-20 602
24 1.528454006151796e-20 762
27 1.181340336496326e-20 1142
30 4.929543073529731e-21 1250
33 2.22533295195905e-21 1458
36 2.503685478549745e-22 1814
39 1.567205613986254e-29 2178
42 8.328722008643414e-30 2498
45 3.726515426084766e-30 2622
48 1.373969941548343e-30 3191
51 1.548850022143228e-31 3044
54 1.50847349753612e-33 2736
57 2.49107613954787e-38 2276
60 1.814439353100613e-38 2016
63 1.355664585445845e-38 1640
66 9.000865428034882e-39 1056
69 7.380577943310756e-39 683
72 3.655381790872183e-39 350
75 2.169734921760265e-39 192
78 7.17739099671967e-40 44
81 6.271767264148425e-40 25

3 6.043113040546019e-21 18
6 1.615141630415796e-20 62
9 1.586248732708371e-20 98
12 2.151716465302741e-20 210
15 2.17801685478363e-20 350
18 2.105485579496136e-20 450
21 1.711686189121074e-20 602
24 1.403073086929786e-20 762
27 1.211444035746562e-20 1142
30 5.424200268007941e-21 1250
33 2.205827953888884e-21 1458
36 2.141512642971007e-22 1814
39 1.505803782264415e-29 2178
42 8.388912510502399e-30 2498
45 3.744823675754012e-30 2622
48 1.369162943730457e-30 3191
51 1.723327390205419e-31 3044
54 1.717946443253922e-33 2736
57 2.547197085624711e-38 2276
60 1.695977407018932e-38 2016
63 1.322301326512393e-38 1640
66 1.033899065502534e-38 1056
69 6.537992471319517e-39 683
72 3.553431933081682e-39 350
75 2.277981212977261e-39 192
78 6.826268650315146e-40 44
81 3.518260568411294e-40 25

3 5.527849596570877e-21 18
6 1.683166404671121e-20 62
9 1.448297697912251e-20 98
12 2.330127313883646e-20 210
15 2.397143965249041e-20 350
18 2.131436235716304e-20 450
21 1.757791808670912e-20 602
24 1.405841166300546e-20 762
27 1.281667504392286e-20 1142
30 5.363308479655194e-21 1250
33 2.134906151056457e-21 1458
36 2.403196577477746e-22 1814
39 1.556632901929236e-29 2178
42 8.242804857978509e-30 2498
45 3.690983467913562e-30 2622
48 1.372528983735707e-30 3191
51 1.542013408140399e-31 3044
54 1.445347821241979e-33 2736
57 2.523257029016892e-38 2276
60 1.83970463575353e-38 2016
63 1.366076359142182e-38 1640
66 9.523166366777049e-39 1056
69 7.649596962252585e-39 683
72 4.03385625461844e-39 350
75 2.34113247587468e-39 192
78 5.281281953085926e-40 44
81 3.456329751680042e-40 25

3 5.345695374812327e-21 18
6 1.762809008166155e-20 62
9 1.35187186851863e-20 98
12 2.268604152787587e-20 210
15 2.550242037451299e-20 350
18 1.983501342636987e-20 450
21 1.899935557391695e-20 602
24 1.508960841069385e-20 762
27 1.191852110482303e-20 1142
30 4.889582775006098e-21 1250
33 2.216408933505432e-21 1458
36 2.373836410781054e-22 1814
39 1.503900238921057e-29 2178
42 8.399553046306575e-30 2498
45 3.753342985026458e-30 2622
48 1.35901723560075e-30 3191
51 1.71663532715585e-31 3044
54 1.662734549197806e-33 2736
57 2.56360313208255e-38 2276
60 1.735712165395285e-38 2016
63 1.347879908667928e-38 1640
66 9.794189728612076e-39 1056
69 6.770686562234387e-39 683
72 3.631584094468227e-39 350
75 2.195513063384592e-39 192
78 8.353678415909048e-40 44
81 6.45558648328229e-40 25

3 5.546491160866315e-21 18
6 1.845084666933599e-20 62
9 1.351333639682876e-20 98
12 2.015696478558993e-20 210
15 2.46594508636246e-20 350
18 1.869088481286693e-20 450
21 1.865475544565025e-20 602
24 1.468225970044818e-20 762
27 1.168834100656633e-20 1142
30 5.405327974259908e-21 1250
33 2.164604118294326e-21 1458
36 2.128280685070668e-22 1814
39 1.535387772466903e-29 2178
42 8.150135200485726e-30 2498
45 3.610176285156507e-30 2622
48 1.368248781447833e-30 3191
51 1.546285784424346e-31 3044
54 1.418391230339543e-33 2736
57 2.536966122857646e-38 2276
60 1.79887074110276e-38 2016
63 1.369428699802058e-38 1640
66 1.045825234915872e-38 1056
69 7.414630981961475e-39 683
72 3.88179955282991e-39 350
75 2.442716740405321e-39 192
78 5.501574277426171e-40 44
81 2.7779161226338e-40 25

3 6.135047849366482e-21 18
6 1.918307612694073e-20 62
9 1.451895727313301e-20 98
12 1.798087972018614e-20 210
15 2.232688355592024e-20 350
18 1.946938470842716e-20 450
21 1.712840939873061e-20 602
24 1.38234537830289e-20 762
27 1.271861015876704e-20 1142
30 5.302886578483359e-21 1250
33 2.139312214115935e-21 1458
36 2.49014181000235e-22 1814
39 1.520213941714112e-29 2178
42 8.377151143652444e-30 2498
45 3.770343543763398e-30 2622
48 1.355615657885161e-30 3191
51 1.687083735952303e-31 3044
54 1.622305524165922e-33 2736
57 2.575112497791514e-38 2276
60 1.781225410577324e-38 2016
63 1.377615381636842e-38 1640
66 9.435462399059676e-39 1056
69 7.496017443544677e-39 683
72 3.868355983645292e-39 350
75 2.284607189171612e-39 192
78 6.331042531643441e-40 44
81 4.329305550517771e-40 25

3 7.070639634351241e-21 18
6 1.967230978733806e-20 62
9 1.605148907525944e-20 98
12 1.815845203810957e-20 210
15 2.092737838293103e-20 350
18 2.098551450087033e-20 450
21 1.711729724727716e-20 602
24 1.432571712028394e-20 762
27 1.216485525898969e-20 1142
30 4.861443216601598e-21 1250
33 2.185788231165649e-21 1458
36 2.202859944140136e-22 1814
39 1.490797202143529e-29 2178
42 8.163793778326338e-30 2498
45 3.555976651348043e-30 2622
48 1.359202405424702e-30 3191
51 1.563959878069448e-31 3044
54 1.428552395326684e-33 2736
57 2.546982901919052e-38 2276
60 1.780904960245402e-38 2016
63 1.383207946795498e-38 1640
66 1.079727668408435e-38 1056
69 6.940165696029896e-39 683
72 3.744799640201674e-39 350
75 2.282963527738999e-39 192
78 7.772522801517141e-40 44
81 6.366834002382219e-40 25

3 8.25905445279818e-21 18
6 1.974791658106975e-20 62
9 1.733204601057748e-20 98
12 2.058251923508361e-20 210
15 2.176469585840596e-20 350
18 2.097058262866667e-20 450
21 1.847740202391012e-20 602
24 1.484262162937125e-20 762
27 1.137323061916801e-20 1142
30 5.348285254222878e-21 1250
33 2.141255630715482e-21 1458
36 2.217650221609414e-22 1814
39 1.547870571190842e-29 2178
42 8.187038110351096e-30 2498
45 3.742395174696397e-30 2622
48 1.35242309547197e-30 3191
51 1.639683369461559e-31 3044
54 1.594688503619864e-33 2736
57 2.591313390380251e-38 2276
60 1.834651942667753e-38 2016
63 1.405697008126343e-38 1640
66 9.822561559711959e-39 1056
69 8.078126457010826e-39 683
72 4.003212868234338e-39 350
75 2.460060836727421e-39 192
78 4.726889795003496e-40 44
81 2.614580127121013e-40 25

3 9.558686736796902e-21 18
6 1.927210278410687e-20 62
9 1.767292357133222e-20 98
12 2.308482870343035e-20 210
15 2.37790614022985e-20 350
18 1.93586663995335e-20 450
21 1.866079639264757e-20 602
24 1.422178246221775e-20 762
27 1.238996850263145e-20 1142
30 5.263785145396338e-21 1250
33 2.136415001558883e-21 1458
36 2.46784182011056e-22 1814
39 1.459627039699356e-29 2178
42 8.330101276095547e-30 2498
45 3.556298340970196e-30 2622
48 1.351526504129306e-30 3191
51 1.595209761586664e-31 3044
54 1.478600390044215e-33 2736
57 2.560109818219003e-38 2276
60 1.751997092289614e-38 2016
63 1.408903483356595e-38 1640
66 1.035882678179264e-38 1056
69 6.8792382159932e-39 683
72 3.74990859380414e-39 350
75 2.270956334172327e-39 192
78 7.987423642828681e-40 44
81 5.606050220143498e-40 25

3 1.081140496499498e-20 18
6 1.820782038671209e-20 62
9 1.681023781522593e-20 98
12 2.334608111962497e-20 210
15 2.485364057346956e-20 350
18 1.84382428106819e-20 450
21 1.734644504179536e-20 602
24 1.387368608795617e-20 762
27 1.242879896204381e-20 1142
30 4.842931085199248e-21 1250
33 2.14645077474607e-21 1458
36 2.077545342251379e-22 1814
39 1.530673267939979e-29 2178
42 7.901050673906765e-30 2498
45 3.677277750000536e-30 2622
48 1.340940460186317e-30 3191
51 1.590620918564531e-31 3044
54 1.564662377747158e-33 2736
57 2.621715079028836e-38 2276
60 1.867200992548249e-38 2016
63 1.405679867372948e-38 1640
66 1.051599366054195e-38 1056
69 7.797477810083251e-39 683
72 3.99045951374505e-39 350
75 2.342469434694659e-39 192
78 6.573020736128471e-40 44
81 5.422534474420578e-40 25

3 1.187663566663391e-20 18
6 1.667515111756068e-20 62
9 1.504938497061373e-20 98
12 2.095974257995815e-20 210
15 2.397740055513814e-20 350
18 1.95337032766039e-20 450
21 1.68062295237418e-20 602
24 1.437035826692095e-20 762
27 1.128865500741823e-20 1142
30 5.264341393010437e-21 1250
33 2.136520526413664e-21 1458
36 2.344213376752876e-22 1814
39 1.48710298106491e-29 2178
42 8.437277064498283e-30 2498
45 3.585505407864492e-30 2622
48 1.342465546510979e-30 3191
51 1.614523289919967e-31 3044
54 1.55826075575518e-33 2736
57 2.559888199535042e-38 2276
60 1.749453309296446e-38 2016
63 1.429798832462108e-38 1640
66 1.000684703852864e-38 1056
69 7.557500054926713e-39 683
72 3.935840627769405e-39 350
75 2.384502828437932e-39 192
78 5.238437879354317e-40 44
81 2.914703723203287e-40 25

3 1.264461172876761e-20 18
6 1.495310684926984e-20 62
9 1.316897848013942e-20 98
12 1.783443629911197e-20 210
15 2.20589172949471e-20 350
18 2.101170932267965e-20 450
21 1.782843845802083e-20 602
24 1.446167994996363e-20 762
27 1.191671723959338e-20 1142
30 5.244269162984058e-21 1250
33 2.117894649755746e-21 1458
36 2.350805342658624e-22 1814
39 1.471114043445068e-29 2178
42 7.832749392630567e-30 2498
45 3.605101541413721e-30 2622
48 1.333494619033827e-30 3191
51 1.564951125682805e-31 3044
54 1.547463206061473e-33 2736
57 2.632862954745001e-38 2276
60 1.900285762117649e-38 2016
63 1.416717614327287e-38 1640
66 1.107584248095904e-38 1056
69 7.276966362286423e-39 683
72 3.977280196559862e-39 350
75 2.257936761985277e-39 192
78 8.524370683693667e-40 44
81 5.948607577406486e-40 25

3 1.303641812499337e-20 18
6 1.341432885363843e-20 62
9 1.208813598207431e-20 98
12 1.661040343418587e-20 210
15 2.090075784778056e-20 350
18 2.064310120409226e-20 450
21 1.853788401460157e-20 602
24 1.401428440918792e-20 762
27 1.255817760507231e-20 1142
30 4.835914889938373e-21 1250
33 2.115173462524614e-21 1458
36 2.045624480922654e-22 1814
39 1.522080622801754e-29 2178
42 8.203805001929429e-30 2498
45 3.612620723619695e-30 2622
48 1.325627414073827e-30 3191
51 1.605329295622827e-31 3044
54 1.635362950470124e-33 2736
57 2.565878956331463e-38 2276
60 1.784826826584894e-38 2016
63 1.438772682682253e-38 1640
66 9.864318474118008e-39 1056
69 8.193742259336881e-39 683
72 4.211430636228097e-39 350
75 2.36717443778416e-39 192
78 5.556980259692346e-40 44
81 4.217846916809546e-40 25

3 1.301218258288763e-20 18
6 1.242896091220767e-20 62
9 1.240652391255612e-20 98
12 1.843386540718863e-20 210
15 2.147568675623179e-20 350
18 1.890369224978572e-20 450
21 1.770696751539505e-20 602
24 1.397182321678821e-20 762
27 1.144972742516578e-20 1142
30 5.163695202150048e-21 1250
33 2.141562057260271e-21 1458
36 2.436753228109643e-22 1814
39 1.449535971317524e-29 2178
42 8.09473523464504e-30 2498
45 3.55867175093576e-30 2622
48 1.34076583870391e-30 3191
51 1.569133834856689e-31 3044
54 1.525728144904152e-33 2736
57 2.641459275400485e-38 2276
60 1.901456018520058e-38 2016
63 1.425928965331562e-38 1640
66 1.110271884972119e-38 1056
69 7.102155977120897e-39 683
72 3.959001295447191e-39 350
75 2.286845716178591e-39 192
78 6.552297499285214e-40 44
81 3.551914436700496e-40 25

3 1.258441054105968e-20 18
6 1.227653158949768e-20 62
9 1.405052055111208e-20 98
12 2.192700054845718e-20 210
15 2.306963405479048e-20 350
18 1.828713753982245e-20 450
21 1.670497188379232e-20 602
24 1.420995984542122e-20 762
27 1.145998211164857e-20 1142
30 5.234534868699975e-21 1250
33 2.085244165616407e-21 1458
36 2.193093845750812e-22 1814
39 1.496629118841264e-29 2178
42 7.816971856786746e-30 2498
45 3.619314285929165e-30 2622
48 1.303075394030184e-30 3191
51 1.570435860380981e-31 3044
54 1.6827148828654e-33 2736
57 2.577061658730998e-38 2276
60 1.822948047396659e-38 2016
63 1.449220935838837e-38 1640
66 1.034033607679827e-38 1056
69 8.110907524465717e-39 683
72 4.281196373405708e-39 350
75 2.283436415346088e-39 192
78 8.291449877965722e-40 44
81 5.99385402363425e-40 25

3 1.181223484416595e-20 18
6 1.307421521779125e-20 62
9 1.625739658780893e-20 98
12 2.423162685078568e-20 210
15 2.406902765027233e-20 350
18 1.963566918636003e-20 450
21 1.712895037389966e-20 602
24 1.415275281053462e-20 762
27 1.245636562993418e-20 1142
30 4.84401219860145e-21 1250
33 2.101044177802333e-21 1458
36 2.104013990471354e-22 1814
39 1.479739011325455e-29 2178
42 8.30774001202242e-30 2498
45 3.539193737434794e-30 2622
48 1.343223336299198e-30 3191
51 1.59410026960346e-31 3044
54 1.49855603615063e-33 2736
57 2.656231690787489e-38 2276
60 1.900489021802244e-38 2016
63 1.451614798977317e-38 1640
66 1.070940302783198e-38 1056
69 7.681704486303628e-39 683
72 4.03682003891171e-39 350
75 2.457801836656703e-39 192
78 5.300075785899781e-40 44
81 3.379319505895125e-40 25

3 1.077447045282115e-20 18
6 1.472168891262786e-20 62
9 1.794390775014432e-20 98
12 2.332170630607586e-20 210
15 2.356484749580678e-20 350
18 2.093494361759584e-20 450
21 1.819629879178186e-20 602
24 1.398954268024414e-20 762
27 1.175390530877561e-20 1142
30 5.058940055215696e-21 1250
33 2.144944591706421e-21 1458
36 2.454399357412657e-22 1814
39 1.451530698122038e-29 2178
42 7.689024115928089e-30 2498
45 3.605993872337066e-30 2622
48 1.299032898676063e-30 3191
51 1.533288275427228e-31 3044
54 1.678227054059892e-33 2736
57 2.60765811080399e-38 2276
60 1.852298522429785e-38 2016
63 1.479359138798814e-38 1640
66 1.082052985238379e-38 1056
69 7.487519987903778e-39 683
72 4.139586512767735e-39 350
75 2.235399306671872e-39 192
78 7.860484714784543e-40 44
81 4.539075109168502e-40 25

3 9.548101835493725e-21 18
6 1.688928682891064e-20 62
9 1.825037234112641e-20 98
12 1.970170297983498e-20 210
15 2.209774062520705e-20 350
18 2.027117356779882e-20 450
21 1.805641800845297e-20 602
24 1.395037873670067e-20 762
27 1.117678723821246e-20 1142
30 5.222799741638715e-21 1250
33 2.046417954899591e-21 1458
36 2.055343525110831e-22 1814
39 1.485500533719389e-29 2178
42 8.211088420330041e-30 2498
45 3.544588254006415e-30 2622
48 1.325459982477987e-30 3191
51 1.615840653327589e-31 3044
54 1.496807495998839e-33 2736
57 2.641787981809224e-38 2276
60 1.90008051635002e-38 2016
63 1.466108167303888e-38 1640
66 1.068077332310303e-38 1056
69 8.445248310706697e-39 683
72 4.281053222584648e-39 350
75 2.471501852016374e-39 192
78 6.626810013590076e-40 44
81 5.749648921468085e-40 25

3 8.209650703012752e-21 18
6 1.908470201816969e-20 62
9 1.695587914698226e-20 98
12 1.609180890898318e-20 210
15 2.095698411304355e-20 350
18 1.854190296373336e-20 450
21 1.686438017017213e-20 602
24 1.394059999453101e-20 762
27 1.213502949536116e-20 1142
30 4.866419190536387e-21 1250
33 2.104276123174688e-21 1458
36 2.211825054661252e-22 1814
39 1.454595271508019e-29 2178
42 7.864266583639529e-30 2498
45 3.575620234004776e-30 2622
48 1.315734794045804e-30 3191
51 1.517137745039533e-31 3044
54 1.621814363875433e-33 2736
57 2.624348370622513e-38 2276
60 1.888048867333582e-38 2016
63 1.492840591986733e-38 1640
66 1.111237463553303e-38 1056
69 7.174365989648073e-39 683
72 4.000783855324149e-39 350
75 2.404430938634067e-39 192
78 6.116983362159967e-40 44
81 3.012012731469335e-40 25

3 6.84566593636672e-21 18
6 2.078466557830491e-20 62
9 1.458365557860943e-20 98
12 1.532558374622288e-20 210
15 2.10060495423634e-20 350
18 1.810139515543311e-20 450
21 1.656698054699971e-20 602
24 1.398468044716776e-20 762
27 1.202753760234417e-20 1142
30 4.960149730304296e-21 1250
33 2.138553657296037e-21 1458
36 2.393274439845939e-22 1814
39 1.447117709465701e-29 2178
42 7.929474259462518e-30 2498
45 3.556175238356954e-30 2622
48 1.300646367139884e-30 3191
51 1.60859065730195e-31 3044
54 1.516053299544361e-33 2736
57 2.645329219562364e-38 2276
60 1.915751603631928e-38 2016
63 1.487341302608013e-38 1640
66 1.082959217200328e-38 1056
69 8.530001435851809e-39 683
72 4.432922279304784e-39 350
75 2.420532730940737e-39 192
78 8.311800623460801e-40 44
81 6.209148058979571e-40 25

3 5.550081629019429e-21 18
6 2.157257496596915e-20 62
9 1.217871336806542e-20 98
12 1.810383871642525e-20 210
15 2.210037894446673e-20 350
18 1.945885379349634e-20 450
21 1.764316871221935e-20 602
24 1.398704280957076e-20 762
27 1.113484053252532e-20 1142
30 5.197438489569241e-21 1250
33 2.00942197591066e-21 1458
36 1.976897836631255e-22 1814
39 1.47161799708956e-29 2178
42 8.063328728251739e-30 2498
45 3.540982357406423e-30 2622
48 1.327622361741973e-30 3191
51 1.530367474607096e-31 3044
54 1.519651789036985e-33 2736
57 2.676623767859653e-38 2276
60 1.896460307194814e-38 2016
63 1.489455916978533e-38 1640
66 1.103595795941746e-38 1056
69 7.495315186054987e-39 683
72 4.198944671566511e-39 350
75 2.570790287891073e-39 192
78 5.674294762991018e-40 44
81 4.293184992890502e-40 25

3 4.408293030874245e-21 18
6 2.123471389635756e-20 62
9 1.08445111707236e-20 98
12 2.237975220777162e-20 210
15 2.328640393606226e-20 350
18 2.064609890547391e-20 450
21 1.82400468696063e-20 602
24 1.379033491000062e-20 762
27 1.171140146943353e-20 1142
30 4.897022176966275e-21 1250
33 2.118449157533564e-21 1458
36 2.320070360545049e-22 1814
39 1.437636335243827e-29 2178
42 7.754385858629018e-30 2498
45 3.559398932753291e-30 2622
48 1.288319096657069e-30 3191
51 1.574127797444247e-31 3044
54 1.564315391011416e-33 2736
57 2.650454863278515e-38 2276
60 1.954852127205134e-38 2016
63 1.520515843359169e-38 1640
66 1.135277581571534e-38 1056
69 7.98838026102339e-39 683
72 4.305102810668968e-39 350
75 2.44035493982041e-39 192
78 7.47171330746549e-40 44
81 4.467422574194424e-40 25

3 3.486400713274675e-21 18
6 1.980877490327978e-20 62
9 1.122461420791765e-20 98
12 2.489196310272041e-20 210
15 2.352200903075952e-20 350
18 1.995994276843136e-20 450
21 1.727447287868172e-20 602
24 1.370585579544743e-20 762
27 1.212804913921876e-20 1142
30 4.875875765432506e-21 1250
33 2.119190398029785e-21 1458
36 2.279232765210624e-22 1814
39 1.43738509941354e-29 2178
42 8.090594810180026e-30 2498
45 3.524490375782914e-30 2622
48 1.321744343673875e-30 3191
51 1.554979879366608e-31 3044
54 1.395274415092385e-33 2736
57 2.718781364447731e-38 2276
60 1.920294400801658e-38 2016
63 1.492378610868465e-38 1640
66 1.086763977988127e-38 1056
69 8.061352838851222e-39 683
72 4.467509569726862e-39 350
75 2.581376607416167e-39 192
78 7.393171117420486e-40 44
81 7.201212275200536e-40 25

3 2.835301133140661e-21 18
6 1.758966606577231e-20 62
9 1.317977596110681e-20 98
12 2.366657165032406e-20 210
15 2.252360610622592e-20 350
18 1.828382446216767e-20 450
21 1.630096820230582e-20 602
24 1.391459997444835e-20 762
27 1.128655636064281e-20 1142
30 5.15149758844657e-21 1250
33 1.978917594752903e-21 1458
36 1.965636415724743e-22 1814
39 1.46705035001812e-29 2178
42 7.791626723446663e-30 2498
45 3.53906122056105e-30 2622
48 1.286846161522643e-30 3191
51 1.545582832183768e-31 3044
54 1.638065740460459e-33 2736
57 2.633878853382247e-38 2276
60 1.974319230253876e-38 2016
63 1.539645531493432e-38 1640
66 1.142375033581708e-38 1056
69 7.478011664996088e-39 683
72 4.203606973337462e-39 350
75 2.557973019927452e-39 192
78 5.779767745580743e-40 44
81 2.993457139975723e-40 25

3 2.499140096601168e-21 18
6 1.507648845088606e-20 62
9 1.583751227963757e-20 98
12 1.953008749723812e-20 210
15 2.108391197382504e-20 350
18 1.786859131077845e-20 450
21 1.692521957697807e-20 602
24 1.391796983635809e-20 762
27 1.133559007221832e-20 1142
30 4.924779482289338e-21 1250
33 2.135763608925994e-21 1458
36 2.39179737277748e-22 1814
39 1.410917475481243e-29 2178
42 7.922850023342933e-30 2498
45 3.535738393535152e-30 2622
48 1.310498230466211e-30 3191
51 1.555276814009176e-31 3044
54 1.296669661805275e-33 2736
57 2.751623697304222e-38 2276
60 1.957637514151326e-38 2016
63 1.51390691963748e-38 1640
66 1.102950751390981e-38 1056
69 8.295946699728187e-39 683
72 4.594986646447764e-39 350
75 2.560990109109171e-39 192
78 8.108812344480289e-40 44
81 6.32199176226621e-40 25

3 2.514171880906702e-21 18
6 1.285083972001353e-20 62
9 1.799202311229797e-20 98
12 1.546786575974328e-20 210
15 2.043652529258107e-20 350
18 1.921899562376339e-20 450
21 1.807276560969816e-20 602
24 1.358601107113851e-20 762
27 1.200689899423363e-20 1142
30 4.81220074620892e-21 1250
33 2.088709681517657e-21 1458
36 2.148381447491587e-22 1814
39 1.45102900209697e-29 2178
42 7.954691532323507e-30 2498
45 3.489972321596232e-30 2622
48 1.286062645123817e-30 3191
51 1.542480942880733e-31 3044
54 1.698703351200629e-33 2736
57 2.611818711446527e-38 2276
60 2.003078963552552e-38 2016
63 1.54903824359281e-38 1640
66 1.136567643703303e-38 1056
69 7.679394910679771e-39 683
72 4.261768670182959e-39 350
75 2.713159381831841e-39 192
78 6.289969483192307e-40 44
81 5.100007005749671e-40 25

3 2.899598726448033e-21 18
6 1.142113075465067e-20 62
9 1.864939260045156e-20 98
12 1.437491317141678e-20 210
15 2.115600104401122e-20 350
18 2.037864634523891e-20 450
21 1.774400725883159e-20 602
24 1.354970373360642e-20 762
27 1.150631291003443e-20 1142
30 5.088542129431205e-21 1250
33 1.95632117408642e-21 1458
36 2.006743898614443e-22 1814
39 1.442203808455339e-29 2178
42 7.722710153447055e-30 2498
45 3.551478723062279e-30 2622
48 1.293369510138737e-30 3191
51 1.535231982659087e-31 3044
54 1.245791237998576e-33 2736
57 2.775545916346123e-38 2276
60 1.973500878707524e-38 2016
63 1.544685126106031e-38 1640
66 1.147272149205706e-38 1056
69 8.206071988051915e-39 683
72 4.451284425125338e-39 350
75 2.662022513981874e-39 192
78 6.897369966811265e-40 44
81 3.879860147587371e-40 25

3 3.651960530514718e-21 18
6 1.109466321477834e-20 62
9 1.746354777091046e-20 98
12 1.69556386412051e-20 210
15 2.261590456717333e-20 350
18 1.966540343701891e-20 450
21 1.639027748124638e-20 602
24 1.38489154948282e-20 762
27 1.111705573093851e-20 1142
30 4.940046139690266e-21 1250
33 2.150452298048978e-21 1458
36 2.41270441888579e-22 1814
39 1.403369660947764e-29 2178
42 7.981428010109844e-30 2498
45 3.450549493459382e-30 2622
48 1.298788561457364e-30 3191
51 1.550562253752038e-31 3044
54 1.729057366426761e-33 2736
57 2.615810370161045e-38 2276
60 2.010135125305631e-38 2016
63 1.554215543284593e-38 1640
66 1.120044047005285e-38 1056
69 8.142045709277912e-39 683
72 4.342630925106994e-39 350
75 2.733438164860626e-39 192
78 8.097823439952558e-40 44
81 7.047323165331579e-40 25

3 4.744845704352332e-21 18
6 1.191279379501302e-20 62
9 1.488446229682184e-20 98
12 2.129954179053888e-20 210
15 2.350734421575394e-20 350
18 1.802190076399238e-20 450
21 1.62211840182359e-20 602
24 1.377870744432978e-20 762
27 1.17233270198736e-20 1142
30 4.768847092867519e-21 1250
33 2.051258363371867e-21 1458
36 2.030748483709895e-22 1814
39 1.463090106182222e-29 2178
42 7.760538995097596e-30 2498
45 3.53130672546818e-30 2622
48 1.264660006632592e-30 3191
51 1.521252652979104e-31 3044
54 1.262669445636188e-33 2736
57 2.793136808943399e-38 2276
60 1.997470066994238e-38 2016
63 1.582319070594633e-38 1640
66 1.18298194604192e-38 1056
69 7.875353456128618e-39 683
72 4.35848383030609e-39 350
75 2.789840042209343e-39 192
78 5.935998026817992e-40 44
81 3.41613851136456e-40 25

3 6.124896589620995e-21 18
6 1.364697133432137e-20 62
9 1.197436281106466e-20 98
12 2.432748463266757e-20 210
15 2.297022383922115e-20 350
18 1.76623981280744e-20 450
21 1.748612004075099e-20 602
24 1.340378636806388e-20 762
27 1.166857068199208e-20 1142
30 5.017198825106745e-21 1250
33 1.940219385432288e-21 1458
36 2.076422563286842e-22 1814
39 1.401435098040563e-29 2178
42 7.735410952129121e-30 2498
45 3.459041325330404e-30 2622
48 1.310944536358075e-30 3191
51 1.534383892447367e-31 3044
54 1.696094180530808e-33 2736
57 2.627651276980966e-38 2276
60 2.002620502360192e-38 2016
63 1.558595208615133e-38 1640
66 1.109338725479171e-38 1056
69 8.781968418142028e-39 683
72 4.632146087250194e-39 350
75 2.580850942551064e-39 192
78 8.458588171885778e-40 44
81 6.080249041536883e-40 25

3 7.702040694991312e-21 18
6 1.584941111407615e-20 62
9 9.973887699063316e-21 98
12 2.398055890062277e-20 210
15 2.137810995032e-20 350
18 1.898146022217955e-20 450
21 1.799020754386746e-20 602
24 1.345269117597741e-20 762
27 1.108259774215604e-20 1142
30 4.937473409712824e-21 1250
33 2.160412032330022e-21 1458
36 2.388168076896351e-22 1814
39 1.425771453233988e-29 2178
42 7.952170423911694e-30 2498
45 3.450943899304045e-30 2622
48 1.249795580174114e-30 3191
51 1.535497814772863e-31 3044
54 1.341215057123919e-33 2736
57 2.795301613097286e-38 2276
60 2.016235988887967e-38 2016
63 1.62612183659773e-38 1640
66 1.198523406202735e-38 1056
69 7.606479088222854e-39 683
72 4.307048296596258e-39 350
75 2.867985718022393e-39 192
78 6.303993834047531e-40 44
81 5.231670638648055e-40 25

3 9.347317783669013e-21 18
6 1.795840026896624e-20 62
9 9.781614954940967e-21 98
12 2.059453304969556e-20 210
15 2.006878701878845e-20 350
18 2.006453410140853e-20 450
21 1.67844998198399e-20 602
24 1.375878634930075e-20 762
27 1.138224172050098e-20 1142
30 4.7409718442037e-21 1250
33 2.012503877178572e-21 1458
36 1.943226055010741e-22 1814
39 1.437740504300008e-29 2178
42 7.545742556164245e-30 2498
45 3.49951124194544e-30 2622
48 1.298056686826274e-30 3191
51 1.493255555229107e-31 3044
54 1.61789409100019e-33 2736
57 2.647291288591723e-38 2276
60 2.016531949904654e-38 2016
63 1.584987277178882e-38 1640
66 1.137117364113669e-38 1056
69 8.965320911202378e-39 683
72 4.858435054425652e-39 350
75 2.674532213802307e-39 192
78 7.261051514089103e-40 44
81 3.787835137497364e-40 25

