3 3.973962062364862e-12 7.790338115364988e-11 0.766339469180666 18
6 2.609677922154098e-11 6.225741972407877e-10 0.6600866046410201 62
9 2.803441469944729e-11 2.598109963475816e-09 0.764457534160279 98
12 6.486222501307426e-11 8.248084240974498e-09 0.6810907045786032 210
15 9.590923544526946e-11 2.44001177996702e-08 0.754524151983636 350
18 6.171597523477909e-11 2.131229500742057e-08 0.3626775478292736 450
21 9.185415568686223e-33 1.749889672518275e-33 3.974539748250058e-24 602
24 2.242189913798894e-32 2.767127575793984e-33 7.588685502043675e-24 762
27 2.004333365244579e-32 1.352030342596739e-32 4.534833923374362e-24 1142
30 2.584989755127683e-32 9.56042940251912e-33 5.351574159081096e-24 1250
33 2.552080371428421e-32 7.847779621982676e-33 4.509214431657423e-24 1458
36 6.217037170706903e-32 9.848974165110624e-33 8.793658326866645e-24 1814
39 2.799624960326872e-32 1.313374568119693e-32 3.300795474571565e-24 2178
42 3.399947976938816e-32 2.426349037702547e-32 3.494812860719261e-24 2498
45 3.884227923067432e-32 1.272881009593401e-32 3.791921239788155e-24 2622
48 4.131308073005402e-32 1.491624982169026e-32 3.308299358002914e-24 3191
51 4.578313362040902e-32 1.356714599960959e-32 3.845296575059984e-24 3044
54 3.32525970213395e-32 1.35210829503393e-32 3.109605077667249e-24 2736
57 2.463843835790546e-32 8.64214104308105e-33 2.765780913346285e-24 2276
60 1.984176132118013e-32 8.641786057651592e-33 2.511820556287884e-24 2016
63 2.463539918944899e-32 7.122345754837215e-33 3.834600605801125e-24 1640
66 1.377703990253303e-32 5.297748931574516e-33 3.32929481720515e-24 1056
69 9.689900932626962e-33 3.351077534264041e-33 3.618340550571181e-24 683
72 4.47204614420033e-33 1.624568171546209e-33 3.263093494040022e-24 350
75 4.28080325511773e-33 9.738438756329234e-34 5.699418552425192e-24 192
78 9.474544255912069e-34 3.837034057705141e-34 5.488921361601022e-24 44
81 8.80606796315577e-34 3.33758516280213e-34 8.91106120318701e-24 25


3 5.396509874419415e-13 1.551031328352949e-12 0.529241835180955 18
6 2.999320686655111e-12 1.622839477994845e-11 0.6345157414663727 62
9 3.989989967814403e-12 5.053835520621454e-11 0.6258155155124312 98
12 8.312431279535797e-12 1.843974361875045e-10 0.6557871926202219 210
15 1.414294816629231e-11 4.836593825726501e-10 0.6867449806172705 350
18 1.050857945227103e-11 3.570315606160726e-10 0.2969570027204348 450
21 2.289258546354649e-20 2.380545294004302e-18 1.010340209210421e-09 602
24 4.923697871269218e-20 2.339524577544225e-18 7.05015840904658e-10 762
27 4.654805591227086e-20 1.165187252291667e-18 2.29761446405882e-10 1142
30 1.539969190967612e-20 7.983647513260297e-19 9.890784517050995e-11 1250
33 2.96971825780068e-21 2.247524164859268e-19 1.906049386886347e-11 1458
36 5.638791108734632e-23 2.73065183728891e-20 1.333121302661161e-12 1814
39 2.048240748507843e-28 1.742027391748073e-26 7.510024211458493e-19 2178
42 7.274710366081018e-29 7.867580384742846e-27 2.506091394048962e-19 2498
45 2.113423506778065e-29 2.877994990075902e-27 7.502180390334706e-20 2622
48 5.858985859879298e-30 7.161641568209831e-28 1.420463964644001e-20 3191
51 5.550546423665036e-31 6.470332015469427e-29 1.243818315068716e-21 3044
54 4.454401991063078e-32 9.79019631091714e-30 1.668183586775823e-22 2736
57 3.049286553548048e-32 7.818828445528375e-30 1.425903813444766e-22 2276
60 2.704990507416805e-32 8.114897955203991e-30 1.497886171514778e-22 2016
63 2.516531019566865e-32 6.784183699128149e-30 1.447153457975397e-22 1640
66 1.625187373388878e-32 5.256801818077727e-30 1.562360030769077e-22 1056
69 1.149191498169379e-32 3.887893537242442e-30 1.646796271237128e-22 683
72 5.919029761654931e-33 2.041309921384657e-30 1.569152367239941e-22 350
75 4.129663277376407e-33 1.310216054874552e-30 1.749479862098061e-22 192
78 9.084716940306017e-34 2.855083306032543e-31 1.559682499710555e-22 44
81 6.682601004418838e-34 2.094221600801118e-31 1.90865443021573e-22 25


3 2.123613021816068e-13 4.863418940404736e-13 0.528662733244835 18
6 1.097180345685054e-12 5.484973426992268e-12 0.667089019607524 62
9 1.974825345326664e-12 1.217884680026336e-11 0.5618315870204926 98
12 4.378233938444019e-12 4.119955645896861e-11 0.5724448622066216 210
15 7.442106798888854e-12 1.063159020375906e-10 0.602098042772381 350
18 4.742776846526251e-12 9.454176047864377e-11 0.3018308967255633 450
21 1.424707757183552e-19 1.603569005869909e-18 3.421533239695225e-09 602
24 4.99059792783808e-20 1.487609053640973e-18 1.689011753078919e-09 762
27 1.545054950455906e-20 8.232015685396669e-19 4.785424965324737e-10 1142
30 3.5295076697018e-21 3.133630044434897e-19 1.330713343732179e-10 1250
33 1.015081560548988e-21 7.968787619274408e-20 2.507459990741913e-11 1458
36 1.140493759147083e-22 5.515180801724202e-21 1.307302586668721e-12 1814
39 1.382514649407259e-28 7.539545211774964e-27 1.271262479191954e-18 2178
42 4.75772859105922e-29 3.180384576005704e-27 4.005515337918259e-19 2498
45 1.255026684787816e-29 1.239281468428827e-27 1.250003760308654e-19 2622
48 3.521556341328821e-30 4.030201347677195e-28 2.942226498897446e-20 3191
51 4.018434807582565e-31 5.500872677405961e-29 3.712051085783776e-21 3044
54 2.666836830163237e-32 3.435444876568294e-30 2.358129700924232e-22 2736
57 2.097571159988603e-32 2.549189970676926e-30 1.950222531852423e-22 2276
60 1.877835439174492e-32 2.645659364275969e-30 2.044097468413109e-22 2016
63 1.636846084318849e-32 2.453245678116571e-30 2.132582604835755e-22 1640
66 1.077494013320727e-32 1.759784667511957e-30 2.167458546073869e-22 1056
69 7.678615062197291e-33 1.231272046988966e-30 2.186980904490029e-22 683
72 4.305084674211474e-33 6.860356776423211e-31 2.225290391888519e-22 350
75 2.302852765600542e-33 4.843093464407332e-31 2.538570476652505e-22 192
78 6.296089280142339e-34 8.549126997418073e-32 2.035090188758881e-22 44
81 3.50699175326443e-34 6.54843129412603e-32 2.411873538113139e-22 25


3 1.376045476302704e-13 1.827516013855567e-13 0.4914768173372605 18
6 8.027996386349707e-13 1.945119012072949e-12 0.5864595086294259 62
9 1.055225910673106e-12 5.662799808670113e-12 0.5619906043625021 98
12 2.404522222133738e-12 1.860581326134257e-11 0.5730106955707019 210
15 3.969984583951561e-12 4.968913822620738e-11 0.6288901633397195 350
18 2.742586052151772e-12 4.093256037332552e-11 0.3037298653817385 450
21 1.62100523511145e-19 1.135673745088102e-18 6.222325230072712e-09 602
24 1.086964493047038e-19 7.757026970487907e-19 2.806759674187478e-09 762
27 3.227154116959317e-20 2.901796558400825e-19 5.536460262418975e-10 1142
30 1.470265524206458e-20 1.370470257389939e-19 2.059946176050393e-10 1250
33 2.889287935707037e-21 3.836454839827003e-20 3.841670087743148e-11 1458
36 1.477083757544384e-22 4.717729704566734e-21 2.705521312266572e-12 1814
39 3.180958856522838e-28 9.457430986624989e-27 4.087475642092715e-18 2178
42 1.193047807752473e-28 4.735863520799787e-27 1.501602807293166e-18 2498
45 4.02092624699494e-29 1.891260493011057e-27 4.971374276936056e-19 2622
48 1.310600652989558e-29 6.193765196876331e-28 1.210167270513189e-19 3191
51 1.323192870039066e-30 6.357464193194184e-29 1.181331958612015e-20 3044
54 3.158457294003993e-32 1.866302828839097e-30 3.387754633932845e-22 2736
57 1.742268881084562e-32 1.411193983829367e-30 2.662187725024475e-22 2276
60 1.666329577345223e-32 1.349132917854241e-30 2.649718019880322e-22 2016
63 1.330584468141459e-32 1.415194710517748e-30 3.01350275559609e-22 1640
66 9.513565606710086e-33 9.227501880561795e-31 2.874912319411086e-22 1056
69 5.926158342542631e-33 7.291243867205969e-31 3.129924785887432e-22 683
72 3.375618210931212e-33 3.971781910781986e-31 3.128125111613341e-22 350
75 1.9566298081394e-33 2.263952518254467e-31 3.054256009993701e-22 192
78 3.399582515938985e-34 6.764457272346203e-32 3.418869021482315e-22 44
81 2.213583437659444e-34 2.972803156321744e-32 2.69276513758334e-22 25


3 8.636483630500255e-14 1.06277466550681e-13 0.4901568800767918 18
6 4.910898437011821e-13 1.078773448659671e-12 0.5718560070050558 62
9 7.893490006533752e-13 2.75476551676062e-12 0.5171989422733072 98
12 1.687743674181029e-12 9.645486226845979e-12 0.5456285879622494 210
15 3.12790140129209e-12 2.299125902421454e-11 0.5613879847839262 350
18 1.913908929459468e-12 2.105772571532053e-11 0.2938449599232313 450
21 5.637644153675434e-20 1.801599597902615e-18 1.345394172469484e-08 602
24 3.992045657193767e-20 9.566828107500441e-19 4.742029780651258e-09 762
27 2.781349301887642e-20 7.570301720646803e-19 2.066645975876402e-09 1142
30 1.337524011111655e-20 1.694989125372518e-19 4.121515398084415e-10 1250
33 2.711485097613104e-21 3.940435553422351e-20 6.974170812311573e-11 1458
36 1.976201886756841e-22 6.299632062855656e-21 6.756148435982956e-12 1814
39 2.635330875547768e-28 5.981995298353563e-27 5.005846096168517e-18 2178
42 9.945818675383439e-29 2.577339631218384e-27 1.634077745022138e-18 2498
45 3.521879557556366e-29 1.210010936488509e-27 6.218086157798574e-19 2622
48 1.103076665868757e-29 4.10707265636503e-28 1.544583411748043e-19 3191
51 1.177269821179441e-30 4.562106073081372e-29 1.624579817803416e-20 3044
54 2.383972747917575e-32 1.253133367458232e-30 4.27045851903208e-22 2736
57 1.442856492385491e-32 8.116314414562875e-31 3.015092308396423e-22 2276
60 1.277020498430987e-32 8.292504254755227e-31 3.12546316872059e-22 2016
63 1.165039565837066e-32 7.507572501852368e-31 3.237160715458316e-22 1640
66 7.869541918466858e-33 5.310957379025896e-31 3.270235287813369e-22 1056
69 5.184206267822553e-33 4.177506767447301e-31 3.580013003239184e-22 683
72 2.968878288304303e-33 2.058364431944947e-31 3.311944813084787e-22 350
75 1.777220462377762e-33 1.268834940952979e-31 3.47279121433582e-22 192
78 3.612371314346574e-34 3.70393619819528e-32 3.838907841733599e-22 44
81 2.245783285872765e-34 1.478457065481759e-32 2.854805802556049e-22 25


3 5.320838422249708e-14 7.740415440904664e-14 0.4983746310205676 18
6 2.97667243374436e-13 8.079356716248637e-13 0.6039547237519285 62
9 6.570297463750536e-13 1.403771652432072e-12 0.4713627219618778 98
12 1.159086344709401e-12 6.155933882846259e-12 0.5446268549227244 210
15 2.099844094470985e-12 1.495253845635758e-11 0.5732041724747621 350
18 1.325116324773795e-12 1.330950019943716e-11 0.296017658362522 450
21 4.191099942229935e-20 1.254709177497342e-18 1.504677175080335e-08 602
24 2.410936846193434e-20 4.102540130308304e-19 3.379171523031332e-09 762
27 1.486984040766881e-20 3.098681144937162e-19 1.394996499339227e-09 1142
30 4.251567591505284e-21 2.13418134995481e-19 6.836128184532257e-10 1250
33 1.336512944480876e-21 9.63562346643297e-20 2.237761377192019e-10 1458
36 2.692626120460735e-22 9.062485053733726e-21 1.568307394009042e-11 1814
39 2.387152441375112e-28 5.884030151049207e-27 7.757544552603027e-18 2178
42 9.072662196744389e-29 2.556881994084802e-27 2.563272377178386e-18 2498
45 3.471828130353982e-29 9.865766639489732e-28 8.474297781140731e-19 2622
48 9.584677634194533e-30 2.835760458706886e-28 1.799147696127534e-19 3191
51 8.603197360023838e-31 2.514463757990898e-29 1.527828341754528e-20 3044
54 1.805431571786274e-32 8.290195721429189e-31 4.714692956451066e-22 2736
57 1.206645345808218e-32 5.640703171558801e-31 3.528448380341089e-22 2276
60 1.078560614530226e-32 5.56167826183277e-31 3.573541899280747e-22 2016
63 9.861271879478865e-33 5.152447676824573e-31 3.743889706854448e-22 1640
66 6.805974856971156e-33 3.446177647716065e-31 3.631874063673429e-22 1056
69 4.411976725426677e-33 2.865933977275288e-31 4.156366396848597e-22 683
72 2.66112799164709e-33 1.351548418456486e-31 3.745504412354885e-22 350
75 1.55566876560875e-33 8.200063402288095e-32 3.892111517034026e-22 192
78 2.421172551287563e-34 2.841999269304465e-32 4.794480318215392e-22 44
81 1.124343866767559e-34 1.287526569883771e-32 3.541740722179342e-22 25


3 3.538271895300973e-14 5.819758251991365e-14 0.5016352707265395 18
6 2.97387365901963e-13 4.055144179331854e-13 0.5515877199499919 62
9 3.774480314136519e-13 1.267661362234574e-12 0.5225841175394171 98
12 8.669421810244234e-13 4.14974596809407e-12 0.5335610849439262 210
15 1.839419916845165e-12 8.722239780186778e-12 0.522683231232325 350
18 1.292244425060255e-12 7.018664940705529e-12 0.2539286927828361 450
21 1.182132792860916e-19 1.001942659566499e-18 2.024880121136176e-08 602
24 2.638421317670838e-20 6.240807425641379e-19 7.293833163024793e-09 762
27 1.751660194663836e-20 2.106852141784222e-19 1.519252061967549e-09 1142
30 7.146354312520202e-21 1.319369084467244e-19 6.942689267730153e-10 1250
33 5.061581496422948e-21 4.584065152918651e-20 2.103830953814219e-10 1458
36 9.08183349933725e-22 4.165393761925446e-21 1.731976673406633e-11 1814
39 3.113668438552771e-28 6.073202392362517e-27 1.234761899213398e-17 2178
42 1.0942120972759e-28 2.532596931982618e-27 3.895233205779255e-18 2498
45 3.40956784190703e-29 8.992326062257186e-28 1.162234782485966e-18 2622
48 8.815262008784647e-30 2.627163277757358e-28 2.474832725235664e-19 3191
51 7.755442135658798e-31 2.654587714200921e-29 2.331271552695405e-20 3044
54 1.926276011016278e-32 6.984909366777839e-31 6.169019529056591e-22 2736
57 1.083186378719554e-32 3.882557956383049e-31 3.79746997931049e-22 2276
60 9.725376748531967e-33 3.8726170609138e-31 3.880415819306071e-22 2016
63 8.906270444253063e-33 3.581329247271329e-31 4.076961993318686e-22 1640
66 5.943117073066615e-33 2.462977507412403e-31 4.023603885289498e-22 1056
69 3.889674751937924e-33 1.91083753846329e-31 4.358884717214562e-22 683
72 1.924525255019335e-33 1.174501812723689e-31 4.700004113730982e-22 350
75 1.107513008573781e-33 7.582451986241257e-32 5.074305683695468e-22 192
78 4.585693488544038e-34 9.970617098746319e-33 3.705235379264079e-22 44
81 1.424080794781542e-34 7.52264872866495e-33 3.599651649093281e-22 25


3 2.569823549583577e-14 4.388527193470287e-14 0.4992863952931755 18
6 2.382819175834844e-13 2.843517047434257e-13 0.5428737823652489 62
9 3.574313974011288e-13 7.681386982131577e-13 0.484450196607783 98
12 8.791304830781268e-13 2.341083300628514e-12 0.4735344856546868 210
15 1.498241163702206e-12 6.004179018868683e-12 0.5077334701515321 350
18 8.761695821169015e-13 5.795680860438951e-12 0.2742594477696566 450
21 2.686594639464854e-19 7.690725401036793e-19 2.909641045589813e-08 602
24 9.459754453165951e-20 4.197167889991171e-19 9.114146633781975e-09 762
27 2.193155180575028e-20 1.758563943251932e-19 1.882008890865623e-09 1142
30 7.997194660020125e-21 9.142573657294125e-20 7.220417697440286e-10 1250
33 3.190313986011824e-21 9.086178271395298e-20 4.763705222592049e-10 1458
36 6.951482332871631e-22 4.850067021491653e-21 2.34659552088475e-11 1814
39 3.225714884619729e-28 6.039118732310411e-27 1.729888486838683e-17 2178
42 9.72914829141631e-29 2.348027632509668e-27 5.042787276643627e-18 2498
45 3.152448675514222e-29 7.534862843180437e-28 1.391096695665359e-18 2622
48 8.363295769243369e-30 2.045868287100124e-28 2.803338912317215e-19 3191
51 8.822166308132499e-31 2.088383200024921e-29 2.751080849030744e-20 3044
54 2.317995538110553e-32 5.549998101663064e-31 7.430575695196866e-22 2736
57 9.781202626125469e-33 2.67290353971783e-31 3.869296766448456e-22 2276
60 8.326144523538318e-33 2.865835234215659e-31 4.14549693104199e-22 2016
63 8.14927803713499e-33 2.485724867382774e-31 4.198295334280903e-22 1640
66 4.938933702420448e-33 1.892739297530483e-31 4.422071474662854e-22 1056
69 3.467517415248044e-33 1.295919968976113e-31 4.398034761375779e-22 683
72 2.041142171631622e-33 6.740164011807145e-32 4.301066391729431e-22 350
75 1.278777620487439e-33 4.099237237560481e-32 4.507190738485451e-22 192
78 2.029725587092444e-34 1.51834244082489e-32 5.852270870979659e-22 44
81 1.092173815907606e-34 6.968815799932569e-33 4.517816429128253e-22 25


3 1.968229457554542e-14 3.340692393815149e-14 0.491363374330629 18
6 1.351220594805542e-13 3.055633156970304e-13 0.5845226503653771 62
9 2.697223432251914e-13 6.107181825330545e-13 0.4904313995544227 98
12 6.94894948987953e-13 1.767064607551683e-12 0.472915904129761 210
15 1.231116518584219e-12 4.412010345003109e-12 0.4998115248017108 350
18 7.433318030140743e-13 4.113115656483282e-12 0.2646282283427204 450
21 1.703450386734001e-19 2.191646934685471e-18 7.626472286246493e-08 602
24 1.216396483607039e-19 5.048646381262381e-19 1.487960182176709e-08 762
27 8.170906093877425e-20 1.752134490692591e-19 3.880473436344056e-09 1142
30 1.091895774447993e-20 1.276963921831681e-19 1.332084680483831e-09 1250
33 2.629106457451524e-21 3.296251254177644e-20 2.57339352381598e-10 1458
36 4.371413316576957e-22 2.70928910314528e-21 1.785030067940941e-11 1814
39 4.899566335435647e-28 7.14272214819826e-27 2.860131104230376e-17 2178
42 1.29600084054924e-28 2.230746892245046e-27 6.787263092097557e-18 2498
45 3.210691824206264e-29 5.773409343878199e-28 1.500712675435056e-18 2622
48 8.269459165665271e-30 1.496065907103715e-28 2.905550878847031e-19 3191
51 6.665469497232268e-31 1.399746202007754e-29 2.52978687099344e-20 3044
54 1.611587266112461e-32 4.58090662291147e-31 8.011012622762242e-22 2736
57 8.882069120296609e-33 2.060322095070409e-31 4.141254061344236e-22 2276
60 7.966013817663417e-33 2.064057436391033e-31 4.240867941047072e-22 2016
63 6.956422602758917e-33 2.012417508228088e-31 4.605310713794276e-22 1640
66 4.575366505197862e-33 1.435463553005247e-31 4.69913448970041e-22 1056
69 3.174355329031599e-33 9.822720625694758e-32 4.65791683518158e-22 683
72 1.758023675857521e-33 5.592235383413328e-32 4.820880246645958e-22 350
75 1.051136692235103e-33 3.312700849814604e-32 4.911657038094562e-22 192
78 2.458009134046041e-34 8.512648983338296e-33 5.085759606102236e-22 44
81 1.02717877230588e-34 5.738548392154423e-33 5.289551086288828e-22 25


3 1.612770204117035e-14 2.586069213149484e-14 0.486898152282824 18
6 1.090459811591857e-13 2.370515399824014e-13 0.5795251052970321 62
9 2.37744286922211e-13 4.423453699106068e-13 0.4760022284074003 98
12 4.871876653010837e-13 1.62700860470326e-12 0.5030579587891253 210
15 1.044475858838016e-12 3.327084048888252e-12 0.4914878849340744 350
18 6.347350866516539e-13 3.080054724469751e-12 0.2584458300140398 450
21 2.980076404082014e-19 8.667661767586548e-19 5.297834481093297e-08 602
24 6.355363045180533e-20 1.01585283555592e-18 2.925265899319841e-08 762
27 8.187460880196758e-20 4.367199254484737e-19 8.77853976984332e-09 1142
30 2.281071605981107e-20 8.903415495507746e-20 1.566340985053279e-09 1250
33 5.755449474106931e-21 2.350764712439947e-20 3.121112789303461e-10 1458
36 8.71785593032786e-22 9.034889469389227e-21 6.652296321868478e-11 1814
39 6.435965142230286e-28 8.036314504605544e-27 4.272307462928503e-17 2178
42 1.878917248673879e-28 2.589760507485704e-27 1.059393781374488e-17 2498
45 4.828971985127612e-29 6.20481103776124e-28 2.227129630494558e-18 2622
48 1.276263355290351e-29 1.737777939561852e-28 4.619829371307375e-19 3191
51 1.116841819438729e-30 1.831292776342371e-29 4.493676684518617e-20 3044
54 2.070094245558246e-32 3.632836951483977e-31 9.009328896376723e-22 2736
57 7.586365357619588e-33 1.742186338216662e-31 4.556859326055005e-22 2276
60 7.43662820952762e-33 1.622194723551677e-31 4.480851797160211e-22 2016
63 6.225375253014974e-33 1.583579138703602e-31 4.845029747740669e-22 1640
66 4.238576393037331e-33 1.129186060850553e-31 4.963864028933666e-22 1056
69 2.819495057588025e-33 7.910370827274326e-32 4.968840787910187e-22 683
72 1.541077416899906e-33 4.730633303359607e-32 5.336509548836433e-22 350
75 8.485673299482776e-34 3.028707517831366e-32 5.684122557085489e-22 192
78 1.5930473477294e-34 8.664473227082028e-33 6.245852797005411e-22 44
81 1.240624086187334e-34 3.498569091484797e-33 4.726273306210418e-22 25


3 1.316725104989565e-14 2.037442622790413e-14 0.4760119948437609 18
6 1.185129718680736e-13 1.472525882820196e-13 0.5492363464376502 62
9 1.810595634695342e-13 3.90418489649258e-13 0.4893417138151359 98
12 5.100926597016492e-13 1.021032995483769e-12 0.4558521548019042 210
15 8.451240354541637e-13 2.762811414538521e-12 0.4989988244412201 350
18 5.531060788985715e-13 2.370545104979163e-12 0.2527927242996288 450
21 6.170532459249179e-19 8.439611228812964e-19 8.772066199388385e-08 602
24 1.41596089434937e-19 5.189135689862018e-19 2.453101556949574e-08 762
27 5.851884516938566e-20 1.217031222618553e-18 2.438338111407191e-08 1142
30 2.883232586584679e-20 1.454462555363776e-19 2.954452411495914e-09 1250
33 8.956008616548809e-21 2.00860541829825e-20 4.272312085291261e-10 1458
36 7.426682493652467e-22 5.380178141775326e-21 5.373490366956252e-11 1814
39 1.290291347118699e-27 1.198736664314882e-26 8.499722447357263e-17 2178
42 3.131130447425372e-28 4.259140142300321e-27 2.201214077333587e-17 2498
45 6.677440468675972e-29 1.014753974799181e-27 4.443071116736641e-18 2622
48 1.719468827183686e-29 2.359042879085641e-28 7.890029185175431e-19 3191
51 1.439318066592836e-30 1.959605707614692e-29 6.308808831063123e-20 3044
54 1.807291082388166e-32 2.847294734679072e-31 9.116606682504368e-22 2736
57 7.090982875254296e-33 1.416589046837911e-31 4.810383772386251e-22 2276
60 6.486709425508603e-33 1.388405690922747e-31 4.867992729469826e-22 2016
63 5.863000557833049e-33 1.29094554259622e-31 5.1215232970646e-22 1640
66 4.096404980073875e-33 8.775263398769015e-32 5.102944691610965e-22 1056
69 2.590515882669099e-33 6.440458898592037e-32 5.244801936241305e-22 683
72 1.454195163986909e-33 3.913671224406196e-32 5.733149877382984e-22 350
75 7.360108888450087e-34 2.536590305702171e-32 6.073141545017307e-22 192
78 1.537832296733904e-34 6.801257781535859e-33 6.423598375910627e-22 44
81 8.61020013236192e-35 3.43554920459711e-33 5.496903264902551e-22 25


3 1.137924416055836e-14 1.638239091935112e-14 0.4733351692251859 18
6 1.153222324927612e-13 9.959826873028805e-14 0.5334988102392436 62
9 1.743248313846509e-13 2.787934285979664e-13 0.4695459323017837 98
12 3.744724734632654e-13 9.906667886908626e-13 0.4849566539662873 210
15 6.919391429639659e-13 2.335646673883007e-12 0.5040184239307592 350
18 5.30219139585403e-13 1.722634806716313e-12 0.2391103102476113 450
21 1.61186468472182e-19 3.19533455729321e-18 2.07785865670489e-07 602
24 8.905069098072557e-20 1.753591728199626e-18 7.627116484207853e-08 762
27 1.745349161222664e-19 6.349467214393129e-19 2.137214989013537e-08 1142
30 1.926712488284159e-20 3.536564173021335e-19 6.960195870620983e-09 1250
33 9.597927460017684e-21 8.742146287387665e-20 1.436908849080077e-09 1458
36 8.936904315197852e-22 2.099148000922733e-21 3.874979122878524e-11 1814
39 1.905968918170223e-27 1.726805632466431e-26 1.513364960062139e-16 2178
42 4.594268771966448e-28 4.681744869661385e-27 3.154909368588953e-17 2498
45 1.230497211237978e-28 1.038580685053595e-27 6.36466258655597e-18 2622
48 3.242708967512703e-29 2.10121728762308e-28 1.054682256683326e-18 3191
51 2.932703178102037e-30 1.886745874691648e-29 9.261520174307255e-20 3044
54 2.533825816164392e-32 2.309226669070223e-31 1.045921504534247e-21 2736
57 6.604800907782198e-33 1.142478894453613e-31 4.924308205019232e-22 2276
60 5.907507867522996e-33 1.18543827817528e-31 5.208351939671066e-22 2016
63 5.4088345354003e-33 1.088248225729606e-31 5.455244445183606e-22 1640
66 3.550409013432309e-33 8.142483343522739e-32 5.768831543122802e-22 1056
69 2.295904930516519e-33 5.525511846787546e-32 5.607139576422679e-22 683
72 1.285419808093538e-33 3.524921556577449e-32 6.364795985679707e-22 350
75 7.396723410165821e-34 1.865951597039504e-32 5.860093107497194e-22 192
78 1.376032076986135e-34 5.598512543571397e-33 6.653674713354926e-22 44
81 7.519744572034756e-35 2.658664918148946e-33 5.373973659172273e-22 25


3 9.897571727530341e-15 1.345294319344968e-14 0.4709468508256548 18
6 9.523277632384326e-14 8.90269612686547e-14 0.5382159552454029 62
9 1.47447786841648e-13 2.368105026323728e-13 0.4703181851088623 98
12 3.805134187614983e-13 6.835185437588894e-13 0.4526582310010426 210
15 6.916100985913304e-13 1.669990345321002e-12 0.4729864732956348 350
18 4.905610375881672e-13 1.325225922618805e-12 0.2318790972120973 450
21 1.408122109471048e-18 2.762519033240695e-18 3.408567781701781e-07 602
24 2.247716338632873e-19 1.267622472277784e-18 7.728524807080938e-08 762
27 1.376159347217721e-19 1.893065876442926e-18 5.844859960452429e-08 1142
30 1.12260544894438e-19 2.961466153165686e-19 1.081118575625242e-08 1250
33 1.340580753230822e-20 1.613794874555194e-19 3.016170229842717e-09 1458
36 2.549918214621009e-22 9.361297485341492e-21 1.132858198917936e-10 1814
39 3.220504823835027e-27 2.900642133846725e-26 3.06694575748758e-16 2178
42 8.5139791255285e-28 9.321771541006847e-27 7.461612925960608e-17 2498
45 2.051286071839264e-28 3.283178897841322e-27 2.134108127762386e-17 2622
48 5.451142714420865e-29 9.93846104835523e-28 4.746056347663769e-18 3191
51 6.494100741241721e-30 1.219555463394487e-28 5.553519321072625e-19 3044
54 2.912925480986837e-32 8.843712958965973e-31 3.85868260766996e-21 2736
57 5.977208574030258e-33 9.705175693777626e-32 5.13511584435073e-22 2276
60 5.697584313390308e-33 9.56101938901091e-32 5.26925642132221e-22 2016
63 5.119404134140546e-33 8.909273574536249e-32 5.575794494187153e-22 1640
66 3.484592036746801e-33 6.292381548324518e-32 5.679278763362651e-22 1056
69 2.130398057070786e-33 4.619702703014407e-32 5.826709057332683e-22 683
72 1.422400889933424e-33 2.617053287699333e-32 6.245132540979523e-22 350
75 6.703035402716149e-34 1.532281515165788e-32 5.976859056765245e-22 192
78 1.599140517231801e-34 3.965675734728143e-33 6.299678707487236e-22 44
81 8.735330543275888e-35 2.422816303033805e-33 6.290713515203502e-22 25


3 8.716159518188736e-15 1.133227917996781e-14 0.4721823143800754 18
6 7.128274946944237e-14 9.163199195655981e-14 0.5531720393232207 62
9 1.176495389251358e-13 2.13132459628454e-13 0.4723372082561813 98
12 2.74191231704856e-13 6.937899511156473e-13 0.4770920199210394 210
15 5.42950981077568e-13 1.550710689317912e-12 0.4884357628017797 350
18 3.509310714519895e-13 1.351157251658724e-12 0.2507030026177586 450
21 6.641015013430076e-18 2.019367732900767e-17 2.491920142164436e-06 602
24 9.322582849651031e-19 4.188569904902264e-18 3.159272206386665e-07 762
27 2.515456682832874e-19 3.300616839563676e-18 1.20861160951499e-07 1142
30 5.131057619588113e-20 5.239154130914725e-19 1.581074095485981e-08 1250
33 2.308716424065694e-20 9.266910473770483e-20 2.628653460943759e-09 1458
36 5.325600296783253e-22 9.544932587767323e-21 1.443157140866006e-10 1814
39 4.638340609793329e-27 4.795349389220397e-26 5.845201279683016e-16 2178
42 1.082260216592256e-27 1.752479598990126e-26 1.571054048337048e-16 2498
45 2.903648835512188e-28 5.377902721064653e-27 4.100408414819928e-17 2622
48 7.308300097642107e-29 1.577771792903256e-27 8.829575527613766e-18 3191
51 6.898769574459222e-30 1.556720776572027e-28 8.290375304425692e-19 3044
54 2.996015180870477e-32 4.925386347561051e-31 2.795035308065949e-21 2736
57 5.680533223971516e-33 8.222765746689593e-32 5.311033871222106e-22 2276
60 5.365141962743914e-33 8.079239640529182e-32 5.438818625145633e-22 2016
63 4.932232912872754e-33 7.359875309162408e-32 5.677391565794742e-22 1640
66 3.273026478195835e-33 5.297361482360028e-32 5.852194405041789e-22 1056
69 2.02802516932205e-33 3.648626492615724e-32 5.700288214021838e-22 683
72 1.233215946278085e-33 2.391354998299869e-32 6.743893249894732e-22 350
75 6.68933250116184e-34 1.159546980098894e-32 5.759866203878922e-22 192
78 1.489636805117024e-34 3.415723970730732e-33 6.584596890365291e-22 44
81 8.872550360813112e-35 1.698974232211851e-33 5.780717401465825e-22 25


3 8.017503909095845e-15 9.996128253352542e-15 0.4900120824517221 18
6 5.239736390146305e-14 9.281887909731918e-14 0.5686279604776489 62
9 1.069183820906609e-13 1.736788809377869e-13 0.4641086821972236 98
12 2.814410251525425e-13 5.048853002421805e-13 0.4527774639959645 210
15 5.288278757506885e-13 1.198406531526995e-12 0.4695582093700344 350
18 3.566488556927436e-13 1.012690956308557e-12 0.236169587663747 450
21 7.731253680984224e-17 1.611229773394257e-16 2.624814781002908e-05 602
24 8.896544127142973e-18 4.64676425757244e-17 3.942294981231814e-06 762
27 2.083421630698302e-18 1.805602120156317e-17 8.106429285425694e-07 1142
30 1.670946673796042e-19 3.143850366194287e-18 1.034834752658855e-07 1250
33 2.122100983459475e-20 7.809132393802506e-19 1.864351551618854e-08 1458
36 1.826039255603874e-21 1.89403818785024e-20 3.657584020048608e-10 1814
39 3.726909571506223e-26 2.312322936730292e-25 3.681803494478109e-15 2178
42 7.218320070540866e-27 5.633900930876424e-26 6.721887583173089e-16 2498
45 8.975628017641191e-28 1.035033449678279e-26 9.926303941694821e-17 2622
48 1.429796001788243e-28 2.907603294204092e-27 1.926989009923846e-17 3191
51 1.534124803783903e-29 3.697833665203901e-28 2.30100868227107e-18 3044
54 1.586245811347373e-31 1.528455580933599e-30 1.135791632964402e-20 2736
57 6.90478665095668e-33 7.201508555667317e-32 5.890612813301107e-22 2276
60 5.021429801856515e-33 7.22441507170129e-32 5.786375915963706e-22 2016
63 4.619147540685879e-33 6.429567417211276e-32 5.937959202300628e-22 1640
66 3.083018158152433e-33 4.651209830878682e-32 6.145573146785481e-22 1056
69 1.910133532185518e-33 3.144595602979411e-32 5.90734097351992e-22 683
72 1.110115116234668e-33 2.18339166351243e-32 7.246096392965078e-22 350
75 6.335246750109145e-34 9.650908500428391e-33 5.828313531924538e-22 192
78 1.706058622615131e-34 2.251405009523444e-33 5.875232088843037e-22 44
81 9.979465228624428e-35 1.034282585360301e-33 4.871947613084448e-22 25


3 7.302722244540974e-15 9.274673395312222e-15 0.5159247486488736 18
6 4.205619046248274e-14 8.884470533146851e-14 0.5867094120493832 62
9 1.009738213814487e-13 1.447745731317747e-13 0.4654739918197892 98
12 2.66994825890922e-13 4.072930007549008e-13 0.4445965151383727 210
15 4.449567798607666e-13 1.092136414970776e-12 0.4778530342319797 350
18 3.498066570779657e-13 7.856083207273429e-13 0.2277675053294757 450
21 4.312179637449785e-17 1.268097582801181e-17 7.929821705399566e-06 602
24 1.12103202635086e-17 4.325813653835863e-18 1.533572050859289e-06 762
27 4.056049949831364e-18 4.383633475977988e-18 4.6003823137397e-07 1142
30 1.093518169543836e-18 2.356174437656578e-18 1.43762224275729e-07 1250
33 2.410121798324314e-19 1.775656296458767e-18 5.774884386170981e-08 1458
36 5.56109161838306e-21 2.173487588767654e-19 4.275877148801857e-09 1814
39 6.917374438677087e-26 3.772307159109859e-25 7.204034644288295e-15 2178
42 1.876742619683811e-26 1.135282690903234e-25 1.676079668799278e-15 2498
45 4.483824733383903e-27 2.738801525154668e-26 3.522135898094036e-16 2622
48 8.734845137453359e-28 6.165372683934732e-27 5.769610141618711e-17 3191
51 8.342934386193486e-29 7.38045197223522e-28 6.316292462589261e-18 3044
54 3.254437482854464e-31 4.437046367507915e-30 3.570803178595358e-20 2736
57 6.763904099061843e-33 1.549104336363878e-31 1.285217647772973e-21 2276
60 5.045980220568784e-33 8.448159256092579e-32 7.67377289477114e-22 2016
63 3.98880031140178e-33 6.471869369120566e-32 6.757021351985522e-22 1640
66 2.749254183144456e-33 4.236315593838508e-32 6.487268110061142e-22 1056
69 1.689498344527838e-33 2.877907055223134e-32 6.256027056114045e-22 683
72 1.096712374916597e-33 1.777869384084289e-32 7.15938239959543e-22 350
75 5.986453871085522e-34 8.090315080237584e-33 5.85283777726004e-22 192
78 1.648454427663215e-34 2.115771783545579e-33 6.444872258677177e-22 44
81 9.081204721268626e-35 1.061394392375927e-33 5.541744100173199e-22 25


3 6.659234913408567e-15 8.788539462046743e-15 0.5451791930893661 18
6 3.711414317309943e-14 8.021416300850327e-14 0.5976588085993468 62
9 8.984596721714725e-14 1.327183724722422e-13 0.4777903380644021 98
12 1.962905582709399e-13 4.323766562897955e-13 0.4669833926351958 210
15 4.216941497493817e-13 8.970340443787747e-13 0.4675136280256824 350
18 2.467507877068239e-13 8.554400781232157e-13 0.2463881845424477 450
21 7.720284666285957e-17 1.691473764629918e-17 1.538326634524964e-05 602
24 2.266635014505842e-17 1.382401644273847e-18 2.855900013836249e-06 762
27 8.696119722428762e-18 3.191112616796612e-18 8.032580267159417e-07 1142
30 6.623976968031516e-19 9.135981997443717e-19 7.872829322921905e-08 1250
33 6.039769075579967e-19 4.019583789057573e-19 4.279572443370639e-08 1458
36 6.571507573450504e-20 1.434863596481425e-19 5.63308101230895e-09 1814
39 1.162064015557072e-25 7.402552035510527e-25 1.553344596478271e-14 2178
42 4.525314078954554e-26 2.231877225507654e-25 3.986018524071961e-15 2498
45 1.176052365668065e-26 6.45691608478915e-26 9.793165631425005e-16 2622
48 4.332219835351463e-27 2.192108703899877e-26 2.589160609898658e-16 3191
51 7.781720266661658e-28 3.55866199734609e-27 4.236889932382069e-17 3044
54 7.157392121625559e-30 2.455646431051172e-29 3.421792842633943e-19 2736
57 1.82800278347274e-32 1.352774153899075e-31 1.615061246977267e-21 2276
60 7.192894499754076e-33 5.837689724535433e-32 7.169953082091553e-22 2016
63 4.449115701052326e-33 4.924681103220254e-32 6.431254597469479e-22 1640
66 2.744333180781879e-33 3.419406992218594e-32 6.330250117087636e-22 1056
69 1.800321284999523e-33 2.28057789830075e-32 6.104176978185947e-22 683
72 1.123142356149587e-33 1.429077714215399e-32 7.0294444148361e-22 350
75 5.287071531464195e-34 8.094970292313978e-33 6.562493371420564e-22 192
78 1.498915917861705e-34 1.826114525139588e-33 6.480810047365568e-22 44
81 8.518186125962289e-35 8.030853546109998e-34 5.17025491467533e-22 25


3 6.103951167110176e-15 8.324207670893812e-15 0.5731974339018312 18
6 3.640680902978489e-14 7.241566749080972e-14 0.6253968594201462 62
9 8.352938550060256e-14 1.264512841498337e-13 0.5077933402711174 98
12 1.867740209739149e-13 3.571603546047791e-13 0.4572728103187066 210
15 3.745053176794192e-13 7.982870088008161e-13 0.4685261212113284 350
18 3.046225550674814e-13 5.386507960861511e-13 0.2186483831282132 450
21 8.408440387093514e-17 4.378071475713986e-18 1.655958630541616e-05 602
24 2.715116019868438e-17 3.967847868341366e-18 4.042365547246786e-06 762
27 7.776657122537429e-18 4.645298074363109e-18 9.16368795515483e-07 1142
30 5.693217899862648e-19 1.582505044376265e-18 1.143291649486941e-07 1250
33 9.576122804273199e-20 1.042071988719394e-18 4.215674731707367e-08 1458
36 3.406371245685586e-20 1.967068596440702e-19 6.423064404458936e-09 1814
39 1.592761588929283e-25 8.326308103142136e-25 2.08725385914249e-14 2178
42 5.079253789975759e-26 2.769122105183362e-25 5.473381591955968e-15 2498
45 1.518199923773656e-26 1.019308456812598e-25 1.6706260420763e-15 2622
48 4.183741796620956e-27 3.134240674934158e-26 3.78776698992022e-16 3191
51 6.446816926619225e-28 5.520669299856326e-27 6.25672605273915e-17 3044
54 5.089429179926729e-30 4.403177126192363e-29 5.131170360895723e-19 2736
57 1.463239706499664e-32 1.51732937167274e-31 1.899311883743171e-21 2276
60 5.521070648218588e-33 6.238499428514716e-32 8.063205249889453e-22 2016
63 4.06870410758885e-33 4.594222136895339e-32 6.82240431714439e-22 1640
66 2.590544552825275e-33 3.036566344072364e-32 6.508069367988174e-22 1056
69 1.574112954468547e-33 2.276381097375883e-32 6.779560095579255e-22 683
72 9.819274322375161e-34 1.438461853112208e-32 7.835338602396807e-22 350
75 4.571639529035638e-34 7.932473365704732e-33 7.167386651059269e-22 192
78 1.295556034655205e-34 1.81128347360491e-33 7.09812341575622e-22 44
81 7.127152710317421e-35 9.921102895587012e-34 6.517386038048127e-22 25


3 6.071419488625089e-15 8.796814329343801e-15 0.6610119370146612 18
6 4.048412598818044e-14 7.07671589040767e-14 0.7166909264339913 62
9 9.732926160657819e-14 1.177530452688356e-13 0.5842479410201713 98
12 1.984483304915474e-13 2.766438884101621e-13 0.4491881760683137 210
15 3.436149489802615e-13 7.097929654864858e-13 0.4715706882557649 350
18 2.037330546190444e-13 6.577613033447269e-13 0.2443285461762147 450
21 2.308357858305089e-16 3.312465840919124e-17 5.42762925810207e-05 602
24 2.447575920884014e-17 3.508399348519629e-18 4.048997443477644e-06 762
27 5.41355495259653e-18 2.378086010731797e-18 6.507616090612525e-07 1142
30 3.869200295678028e-19 8.00023145931916e-19 7.208677217473278e-08 1250
33 1.132051990566079e-19 2.698518310797792e-19 1.76926416995906e-08 1458
36 3.154166127975836e-21 3.1602787417085e-20 1.04446057925178e-09 1814
39 4.301321660348078e-25 1.361590643695659e-24 4.470753611619859e-14 2178
42 8.543862546461292e-26 3.144497447672958e-25 7.862956726786671e-15 2498
45 1.120499267360284e-26 6.116008101359041e-26 1.190514392154379e-15 2622
48 2.288376235079468e-27 1.446713095421186e-26 2.057781536954308e-16 3191
51 3.577309751706575e-28 2.000166954117393e-27 2.860767709538926e-17 3044
54 4.427123753536092e-30 3.221006934954221e-29 4.423082451056991e-19 2736
57 1.532710961836478e-32 1.080176239995862e-31 1.678748595017273e-21 2276
60 5.528386918349417e-33 5.146232959371169e-32 7.869540365113691e-22 2016
63 4.118433994755837e-33 3.94603194433506e-32 6.8959175040372e-22 1640
66 2.522727505708303e-33 2.68038522553239e-32 6.663094648213102e-22 1056
69 1.71667050217693e-33 1.80536311590035e-32 6.548011248305638e-22 683
72 9.276926961824404e-34 1.303582033630133e-32 8.136632693836858e-22 350
75 5.306730670637163e-34 5.905063858942109e-33 6.702835793919471e-22 192
78 1.028285445230566e-34 1.812340740261512e-33 7.664220175909348e-22 44
81 6.644182465715797e-35 1.038959309942813e-33 7.527140436264803e-22 25


3 9.567322210750984e-15 2.092149245306447e-14 1.510808842462207 18
6 7.126938617799469e-14 1.326690779647893e-13 1.464755368509192 62
9 1.977199938843167e-13 1.690446535869161e-13 1.116267280930486 98
12 2.562633634881338e-13 3.396403478321817e-13 0.6281840717001853 210
15 4.070987391737691e-13 6.583080067794396e-13 0.5347182739840755 350
18 3.006744728488605e-13 4.569383052048263e-13 0.2462777717807488 450
21 2.496529515937748e-15 3.243211506146044e-16 0.0006454555027085267 602
24 2.595044703874511e-16 3.434201043101337e-17 4.731942953152714e-05 762
27 1.028430371805036e-16 6.774538053432052e-18 1.086623429476433e-05 1142
30 2.228850830417187e-18 7.889823736796179e-19 2.373708627410331e-07 1250
33 2.781911474641193e-19 4.150437882288515e-19 3.757886509218914e-08 1458
36 6.206569941280239e-20 5.336002890630288e-20 4.910498254283009e-09 1814
39 3.419671098636771e-24 6.594290525184698e-24 2.968241003320237e-13 2178
42 6.635704596496891e-25 2.053345608162422e-24 6.088778163357828e-14 2498
45 4.004413602100795e-26 1.870467775954342e-25 4.252684449532319e-15 2622
48 5.619011825493397e-27 3.894678405273699e-26 6.054991289694967e-16 3191
51 7.545874432690089e-28 6.36979386682322e-27 9.189296382114875e-17 3044
54 4.791696823385067e-30 4.51194675423741e-29 6.553412888844056e-19 2736
57 2.804508550899145e-32 1.711182613206594e-31 3.111437789559408e-21 2276
60 6.45435119165171e-33 5.923956416768904e-32 1.02183518438011e-21 2016
63 3.818713392990625e-33 3.721411732944083e-32 7.285476707414312e-22 1640
66 2.287253110637049e-33 2.51397271801612e-32 6.984787383250279e-22 1056
69 1.46150709730893e-33 1.802827846327304e-32 7.100953304775357e-22 683
72 9.859919947611094e-34 1.063671269657791e-32 7.945745126058458e-22 350
75 4.157269969634055e-34 6.188498116294748e-33 7.401479676667769e-22 192
78 1.131639858455866e-34 1.37887489953433e-33 7.127994165595934e-22 44
81 6.639546858503322e-35 8.679632519511998e-34 7.390228477214792e-22 25


3 2.933888751381369e-14 1.955117466423841e-13 12.3017234352338 18
6 2.392735130298224e-13 9.953792284687875e-13 9.780513951418287 62
9 7.11716383610574e-13 1.37686540158562e-12 6.990369167830242 98
12 9.468905666823267e-13 1.928647497854513e-12 3.349510521387482 210
15 1.157506948541879e-12 1.704859922572261e-12 1.601960807855064 350
18 6.199481039064268e-13 7.954267431545678e-13 0.513187186858538 450
21 2.284274983591535e-14 1.810523916259437e-14 0.009765042863352594 602
24 1.77727035122675e-15 7.359790947491991e-16 0.000430034784204191 762
27 5.679425941657901e-16 1.480822796074303e-16 7.533748193649508e-05 1142
30 6.307959998968131e-18 9.056550209193426e-19 6.508664393988896e-07 1250
33 3.729995690729616e-19 2.948760608425338e-19 4.273314490646415e-08 1458
36 5.131295327080979e-20 7.425065489327011e-20 5.612592870534976e-09 1814
39 1.811593431166213e-23 1.978192985819782e-23 1.348828170638265e-12 2178
42 3.449269301211895e-24 2.407378414998891e-24 1.805582322227332e-13 2498
45 2.167431433127511e-25 1.856227985386045e-25 1.082066687580154e-14 2622
48 1.117486485122822e-26 1.625415537726226e-26 5.244192376894624e-16 3191
51 1.40021183663995e-27 2.357286745280785e-27 6.920900124738688e-17 3044
54 1.526190555083227e-29 8.200372605497363e-29 1.52876535422071e-18 2736
57 2.955284616037767e-31 2.398736812128076e-30 4.504727543543456e-20 2276
60 2.697542670516975e-32 4.681715130420332e-31 8.086924939016929e-21 2016
63 4.145563217731789e-33 4.086990800195193e-32 8.92427495710417e-22 1640
66 2.156591224471316e-33 2.462137038918702e-32 7.598356070599757e-22 1056
69 1.447964404557681e-33 1.607281210043699e-32 7.255316981397253e-22 683
72 9.286994952453202e-34 1.046507063452966e-32 8.662798125087735e-22 350
75 4.153422882607897e-34 5.416671277753956e-33 7.473551421209864e-22 192
78 1.149576517261056e-34 1.157895515411159e-33 7.048356476551196e-22 44
81 5.892233096766507e-35 7.815858045403388e-34 7.383181151199847e-22 25


3 2.62059089177214e-14 1.406925382409242e-12 85.85827812398604 18
6 3.937703965026879e-13 6.465671289619279e-12 59.45349166386636 62
9 1.713184858016788e-12 1.046017767167189e-11 44.39748136793134 98
12 3.247003505315865e-12 1.33398396222964e-11 21.08177370378279 210
15 4.298573865561563e-12 1.133692312358484e-11 9.525008650282521 350
18 2.085465518742477e-12 4.302799012116124e-12 2.520516001594678 450
21 1.239898784611028e-13 2.225260914205755e-13 0.08765443029904661 602
24 8.104669873938091e-15 1.12495676600324e-14 0.003416012735635328 762
27 2.37783651654762e-15 3.016329733111089e-15 0.0005674321916796693 1142
30 3.699818228446701e-17 5.698789408796921e-17 8.006335515769967e-06 1250
33 2.570145870132832e-18 2.659562393159158e-18 3.599414327871551e-07 1458
36 3.791232040250129e-19 2.037980206312887e-19 3.174631759551646e-08 1814
39 1.488136834344837e-22 7.556722292735906e-22 2.989303838846407e-11 2178
42 1.746964256394007e-23 5.423026502170241e-23 1.990658674523462e-12 2498
45 1.740599655854447e-24 4.202070540429963e-24 1.506650486301466e-13 2622
48 1.334746761524197e-25 1.707384085682772e-25 6.568121104037459e-15 3191
51 8.552466701767536e-27 1.008244885600919e-26 4.047567768542047e-16 3044
54 2.160403570159395e-28 1.894937683544811e-28 9.893948326321958e-18 2736
57 2.775449239295985e-30 3.917446319890375e-30 1.697264325728939e-19 2276
60 1.078100446836353e-31 4.011642710653517e-31 1.132455991935904e-20 2016
63 4.835082350455792e-33 4.718944802201456e-32 1.151607280653016e-21 1640
66 2.029744154842819e-33 2.251254797516552e-32 7.799027856488726e-22 1056
69 1.46920297208621e-33 1.422070650271418e-32 7.364704492388809e-22 683
72 8.427121898542342e-34 1.019386656001141e-32 9.243729318754143e-22 350
75 4.730069083946136e-34 4.593785851665097e-33 7.558999039472636e-22 192
78 8.829425248594777e-35 1.352835698936385e-33 8.324447672264058e-22 44
81 5.809991624645785e-35 7.304291168023571e-34 7.885768028609895e-22 25


3 2.020944620222069e-13 3.877880260164349e-12 266.0784000267425 18
6 1.424168367137145e-13 1.662107310270407e-11 158.2298616385874 62
9 8.33217639369304e-13 2.785000766832136e-11 113.7890304708194 98
12 3.930246961155733e-12 3.132224828490901e-11 48.79840049850181 210
15 7.305008004510222e-12 2.513660787253248e-11 21.56168153765245 350
18 3.798012611818434e-12 8.406336163890773e-12 5.269261989781292 450
21 2.6356681561422e-13 4.868254732393251e-13 0.2078331673665159 602
24 1.799279293922789e-14 3.14482632648586e-14 0.009447762649409089 762
27 4.982960645805577e-15 8.755972971345326e-15 0.001550104233786694 1142
30 1.111334713510704e-16 2.80641698193901e-16 3.526609806191915e-05 1250
33 7.703557044644043e-18 2.631907806475009e-17 2.314520586925699e-06 1458
36 1.140549454500375e-18 4.717752740509737e-18 2.860944069724991e-07 1814
39 1.899653523368016e-22 1.064749743843886e-20 3.606837853393308e-10 2178
42 5.679502881719243e-23 1.304667998671732e-21 3.63521242914602e-11 2498
45 1.272400652075778e-23 1.543239393667813e-22 3.979167552037928e-12 2622
48 2.082439844111198e-24 1.221431161883278e-23 2.7244845899578e-13 3191
51 1.891581158305099e-25 6.536993514753482e-25 1.672873225294434e-14 3044
54 9.802584467471056e-27 2.582910680869117e-26 7.72168130677404e-16 2736
57 3.47325656861081e-28 4.588293594252249e-28 2.277755430855589e-17 2276
60 2.144706254545838e-29 1.412462571084243e-29 1.249752070193432e-18 2016
63 2.67030016007639e-31 5.341157146177793e-31 2.615205622174938e-20 1640
66 8.804326357824537e-33 5.429733026480444e-32 2.408876251013077e-21 1056
69 1.764736905672415e-33 1.541833903357542e-32 9.061139503489676e-22 683
72 8.033363567624074e-34 9.221396304516668e-33 9.401961513971319e-22 350
75 4.399272332020219e-34 4.093914923274545e-33 7.549014875716032e-22 192
78 8.799867027964199e-35 1.212357854783062e-33 8.48015879085459e-22 44
81 6.036915708408382e-35 6.570730436482445e-34 8.123023252234305e-22 25


3 2.019820541120337e-12 5.540755123797885e-12 536.5805077061403 18
6 2.027812003303301e-12 2.468635027852472e-11 274.5733615178543 62
9 3.592672238449722e-13 4.071153905687646e-11 177.3959708594043 98
12 4.446545957121425e-12 3.670622784639057e-11 62.1862445206691 210
15 8.196050766554664e-12 2.049494544184658e-11 20.94561327566555 350
18 3.479385324982737e-12 3.964663361199207e-12 3.57748189750823 450
21 1.903539580473275e-13 1.261405401956966e-13 0.09950717403119524 602
24 1.128166091161672e-14 7.660931828020778e-15 0.004128261902402269 762
27 2.359287777629945e-15 1.26954481501666e-15 0.0004775129440304696 1142
30 1.433114454782979e-16 3.544465811471965e-16 4.905220665267e-05 1250
33 1.934737751670491e-17 7.824323754577899e-17 7.189211499753587e-06 1458
36 2.749494868750216e-18 1.202463236091757e-17 7.875791193144879e-07 1814
39 7.529093634339366e-21 2.147247957318901e-20 1.214411688295317e-09 2178
42 6.981204444081041e-22 1.570784578758618e-21 7.816924800774306e-11 2498
45 3.322601120485105e-23 3.329484921123436e-22 9.65426525708552e-12 2622
48 1.511604171246862e-24 8.524423766392357e-23 1.630328122342827e-12 3191
51 3.830398570801419e-25 9.234659022595071e-24 1.775051600245137e-13 3044
54 3.992796411781597e-26 5.7054245744922e-25 1.186578877640419e-14 2736
57 3.457777893261022e-27 2.759695142192409e-26 7.087449465485755e-16 2276
60 3.023112047211579e-28 1.856077065646411e-27 5.378581198696274e-17 2016
63 6.724981455727939e-30 3.816246864673307e-29 1.307569286159075e-18 1640
66 2.521509238157222e-31 1.235517859536092e-30 6.52049260676915e-20 1056
69 1.763522405902158e-32 7.388354274344114e-32 6.073674173062801e-21 683
72 9.416168184199263e-34 9.372131937983883e-33 1.085758150324715e-21 350
75 4.212882675990236e-34 3.711435319811935e-33 7.641331464749302e-22 192
78 9.364730250783812e-35 1.021683498727098e-33 8.280994634654031e-22 44
81 5.263586235147143e-35 5.683662385720393e-34 7.694657580039467e-22 25


3 2.894763741684009e-12 6.133582763526015e-12 696.7841105484189 18
6 1.848835674613504e-12 2.942555191664054e-11 349.8145982493281 62
9 2.472175286115284e-12 4.527396045088784e-11 225.265453730302 98
12 1.433525550500459e-11 2.856276146102168e-11 71.5460004314956 210
15 1.629983631441884e-11 7.722157910931127e-12 19.67638408104657 350
18 3.89572662022169e-12 5.188127909542562e-13 2.401425690307588 450
21 8.626364425534334e-14 5.896231155478601e-14 0.04906434927040075 602
24 3.270797855600437e-15 3.480385675051377e-14 0.008137905783756033 762
27 1.023357656571545e-15 1.465346397693907e-14 0.001943127585020249 1142
30 6.27040517334865e-17 1.236214475647607e-16 2.025247347677961e-05 1250
33 1.893656718599129e-17 6.126295837789715e-17 6.537606600010536e-06 1458
36 2.569760472134055e-18 1.050987242671054e-17 7.64719926100131e-07 1814
39 1.031937561918099e-20 8.809733140002732e-20 4.161865487486509e-09 2178
42 8.167638081521661e-22 1.144587493302989e-20 4.023944712112489e-10 2498
45 6.82576242671215e-23 6.828031904436835e-22 2.181618420372171e-11 2622
48 6.573951717148477e-24 2.638790540924918e-23 7.808126743304853e-13 3191
51 3.845366413912627e-25 4.689854386713724e-24 1.057625998109595e-13 3044
54 2.551631188492206e-26 4.768532892181426e-25 1.052855204442448e-14 2736
57 2.602231737300966e-27 5.366091539653243e-26 1.307787705398185e-15 2276
60 1.996038330272807e-28 5.90062450205899e-27 1.463566030306484e-16 2016
63 1.733511842887993e-29 4.647134511917012e-28 1.330113550280299e-17 1640
66 1.76653151607437e-30 2.391740281683313e-29 1.077838889835875e-18 1056
69 1.072778756843897e-31 1.542007131274574e-30 9.989976701307598e-20 683
72 9.435219948126111e-34 1.25997972148382e-32 1.512958091910455e-21 350
75 4.392943703948219e-34 3.627134107948706e-33 8.353963395904336e-22 192
78 9.668990124050018e-35 8.898054582330003e-34 8.296784219838486e-22 44
81 5.353035640871358e-35 4.753199792405751e-34 7.506869223142762e-22 25


3 5.579159255179512e-12 6.188461615276127e-12 984.6919996976387 18
6 4.276130423060237e-12 3.375392075011331e-11 460.894260912907 62
9 2.712593626454022e-12 4.67241112985144e-11 252.8837864409802 98
12 1.385361798942417e-11 1.930450669753942e-11 60.1544786442265 210
15 8.9321204925533e-12 2.059215993496743e-12 9.80375780861263 350
18 5.815686145430078e-13 9.075470478702432e-13 0.8260377980955447 450
21 1.073927391631126e-14 1.933937595113325e-13 0.06922930818879745 602
24 7.762377872128258e-15 6.240303166051443e-14 0.01641927325514569 762
27 3.628477916354165e-15 1.907703470168596e-14 0.003141267211598314 1142
30 2.646909266987549e-17 8.82660942844384e-17 1.313195699521011e-05 1250
33 6.27269794934144e-18 1.628904895862942e-17 2.026579580932593e-06 1458
36 7.749981328479477e-19 1.929917025729014e-18 1.783312627778511e-07 1814
39 3.128713987508179e-21 1.557339907775341e-20 8.882606642383434e-10 2178
42 4.404805317227259e-22 9.849633194376258e-22 5.811550882341014e-11 2498
45 6.607874282904766e-23 1.866887398594218e-22 8.858215251700208e-12 2622
48 6.431775242089989e-24 4.379597020803666e-23 1.2297009187492e-12 3191
51 1.016711274035919e-24 6.678478157893053e-24 1.833948011214259e-13 3044
54 6.435274890878874e-26 9.068865606037113e-25 2.259566454874003e-14 2736
57 5.464840605408926e-27 1.582541450705572e-25 4.112905890949898e-15 2276
60 7.720031466808765e-28 2.563023977525289e-26 6.917372103215709e-16 2016
63 6.940700694323844e-29 6.28212810369206e-28 2.275771217928495e-17 1640
66 3.078327359897599e-30 9.657239558026815e-29 4.327583662639082e-18 1056
69 3.303581490644597e-31 5.955199905247729e-30 4.076737835413985e-19 683
72 1.139101707344906e-33 2.530158638990045e-32 3.103223358010831e-21 350
75 3.797869907446323e-34 3.739740715352217e-33 8.988664919259722e-22 192
78 9.215290125299503e-35 9.343112347766005e-34 9.304005473833002e-22 44
81 5.31978157508255e-35 4.313252072409109e-34 7.56396964439357e-22 25


3 7.298206239349878e-12 5.490077373341053e-12 1156.958550808844 18
6 4.831974706312587e-12 3.460186052390027e-11 516.5782228230076 62
9 6.476310585663103e-12 4.244770746269127e-11 271.3735644290366 98
12 1.778776813939256e-11 1.249582936794583e-11 59.66710436232667 210
15 4.368412417458723e-12 2.277882990011938e-12 6.294245401750299 350
18 3.977537540843367e-13 8.776827442314002e-13 0.7608351223890061 450
21 1.009743680592509e-13 1.420764027512481e-13 0.09360960855163908 602
24 1.774925354750312e-14 1.491766628238682e-14 0.008909932218727514 762
27 3.641174761222355e-15 1.346630904370866e-15 0.0008426633797099187 1142
30 6.523991888719556e-18 9.317236457580638e-17 1.176615908810393e-05 1250
33 1.084012101070273e-18 1.295997532977367e-17 1.27415371847991e-06 1458
36 1.492139825684038e-19 2.029722273646943e-18 1.42433341705193e-07 1814
39 3.57723623459706e-21 1.243341417337857e-20 8.441183099887024e-10 2178
42 4.290423103417135e-22 3.937944180914801e-21 1.723634126275227e-10 2498
45 4.999927511340551e-23 4.360146752155561e-22 1.681200847648646e-11 2622
48 6.743619302439469e-24 8.622042870058586e-23 2.385437443263692e-12 3191
51 7.830971843496895e-25 2.314702688863164e-23 5.753173044259517e-13 3044
54 1.023621944985202e-25 1.402995769622567e-24 3.837468512668895e-14 2736
57 2.443449799864969e-26 1.336332179939901e-25 4.89064177898011e-15 2276
60 5.719045495504547e-27 2.18323974665924e-26 9.51013237288595e-16 2016
63 1.416142776096966e-28 6.273126445095829e-28 3.003319408904202e-17 1640
66 1.785186473942682e-29 5.481758065542104e-29 4.457660964235334e-18 1056
69 9.990423552431242e-31 6.537408925229541e-30 5.967371136187371e-19 683
72 4.207653963556505e-33 2.861404904588489e-32 4.752868807927267e-21 350
75 4.420987079977349e-34 4.043051621379039e-33 1.077862075172967e-21 192
78 7.600432292747155e-35 9.650696272889186e-34 9.93113176146919e-22 44
81 4.591645242582451e-35 4.437000559643473e-34 8.103918451138671e-22 25


3 1.126437125936239e-11 4.772387101287791e-12 1565.099796307505 18
6 9.187836063095284e-12 3.668089176292428e-11 647.5397990100821 62
9 7.412141755372552e-12 4.01805982855979e-11 284.3739415278151 98
12 1.18061782527769e-11 1.187712265383724e-11 49.90008086622702 210
15 1.681654865258148e-12 2.424907077561301e-12 4.117490565601112 350
18 1.164842569532943e-12 4.001312179130149e-12 3.279463844679695 450
21 3.438337340145006e-14 2.526174324184834e-13 0.1148373697687267 602
24 5.617457753641432e-15 1.603891759818409e-14 0.006052131951698333 762
27 1.9855843076005e-16 1.653254854947171e-15 0.0002951054654473944 1142
30 8.119773998434627e-18 6.830829812461383e-17 9.865386985786926e-06 1250
33 1.267558525135396e-18 1.861655174014697e-17 1.943529519563714e-06 1458
36 2.044471409846401e-19 2.327421484949409e-18 1.802055714114124e-07 1814
39 4.20908884720577e-21 1.844363451495616e-20 1.273720563907546e-09 2178
42 1.471930481035509e-21 3.037527416779056e-21 2.166491374902814e-10 2498
45 1.212310092425151e-22 5.109213452346958e-22 2.499493944667511e-11 2622
48 8.314491644664055e-24 7.272795279133788e-23 2.307797941188299e-12 3191
51 1.817581514074578e-24 1.169075875130913e-23 3.817855542382187e-13 3044
54 1.630206207974082e-25 9.075522220066599e-25 3.169733100893667e-14 2736
57 2.449279036968053e-26 1.333245857570316e-25 5.264255096946788e-15 2276
60 3.379606344182922e-27 3.031060601999818e-26 1.12943390526828e-15 2016
63 1.014617004984634e-28 8.973537067607032e-28 3.873676133616646e-17 1640
66 1.100189775022765e-29 7.867581947005052e-29 5.200125589911904e-18 1056
69 1.15266011364708e-30 3.556072403438121e-30 4.580274341777386e-19 683
72 6.089744681053369e-33 1.945157100057606e-32 4.601549519578869e-21 350
75 5.393252649006384e-34 3.380691572741763e-33 1.078603112557675e-21 192
78 6.535591641320105e-35 9.56771613060646e-34 1.044624127532561e-21 44
81 3.797356748003501e-35 4.709371010334841e-34 8.868709571100268e-22 25


3 1.218366895407248e-11 3.417903373441761e-12 1637.791344105512 18
6 9.21639740807542e-12 3.532385372557127e-11 675.8418437442436 62
9 9.652781801358535e-12 3.410058842420552e-11 281.6175795225675 98
12 1.019037194055434e-11 1.135854391071639e-11 48.66809764861092 210
15 1.435867885694754e-12 3.59001975036909e-12 5.367078171882429 350
18 4.714629078635217e-13 5.44671711257969e-12 4.007573677528643 450
21 8.665144735948802e-14 1.516307855205549e-13 0.1059689514835436 602
24 2.45732750690886e-15 1.320252510791e-14 0.00464191362817833 762
27 3.105556124860573e-16 1.143532010034917e-15 0.0002543048542813424 1142
30 2.645616343392468e-17 2.31880549462787e-16 3.569477452285731e-05 1250
33 1.468117730395475e-18 1.788221599228204e-17 2.040178001956352e-06 1458
36 6.135338767014734e-20 1.600130433518345e-18 1.250792463048648e-07 1814
39 2.166467481084564e-21 1.936713454156672e-20 1.255800871914875e-09 2178
42 9.223993497409051e-22 1.86174509863321e-21 1.438994994200194e-10 2498
45 1.015901539171588e-22 3.638784156424886e-22 2.013210217563113e-11 2622
48 1.110244812980321e-23 4.105107211502583e-23 1.717211184066579e-12 3191
51 1.91969402247492e-24 7.043010746932658e-24 2.885452097618772e-13 3044
54 1.345726955070944e-25 1.068293033742263e-24 3.734666772567635e-14 2736
57 2.223245479980388e-26 1.924489196828468e-25 7.417762929809628e-15 2276
60 2.469936041869411e-27 3.887033959017398e-26 1.446535729765748e-15 2016
63 7.877111037996478e-29 5.806912015915005e-28 2.81644554888236e-17 1640
66 6.554017971359204e-30 7.884160470942356e-29 5.083523648557944e-18 1056
69 5.066351669380924e-31 6.773447522172646e-30 6.241365420386788e-19 683
72 3.983168212849266e-33 3.480925366679425e-32 6.39955677313653e-21 350
75 5.524222489660167e-34 3.290629765995578e-33 1.153121867780502e-21 192
78 8.717824353835382e-35 7.025574630389504e-34 9.341928378625908e-22 44
81 4.766852304480195e-35 3.933282249037497e-34 8.809843199328938e-22 25


3 1.44192544305542e-11 2.254303990747903e-12 1878.934380469258 18
6 1.208854866717581e-11 3.35477740306422e-11 742.7751551634595 62
9 1.31647322752721e-11 2.871424270276687e-11 289.3357185157885 98
12 8.641339386161274e-12 1.243169583689152e-11 50.75507066237743 210
15 2.273011222257616e-12 5.148481703493386e-12 8.506889848031372 350
18 5.92810825089482e-13 3.873109320196179e-12 3.266152692976966 450
21 3.505225433112069e-14 1.436795676392597e-13 0.08331852334993325 602
24 1.811690046794062e-15 6.58018186421787e-15 0.002693674394430644 762
27 9.43141505290482e-16 2.119452857766537e-15 0.0005857553897764653 1142
30 3.933630742002131e-17 1.297996112993061e-16 2.617529575022392e-05 1250
33 1.517529279731446e-18 1.334998702306793e-17 1.706720728890863e-06 1458
36 1.328925022362035e-19 2.714897588724086e-18 2.321654459544393e-07 1814
39 6.163789830322958e-21 5.485370170692833e-20 3.828628412156357e-09 2178
42 1.129888927878713e-21 8.959788144350637e-21 5.077214499251914e-10 2498
45 1.275979207185619e-22 5.518775487210849e-22 3.112018026538485e-11 2622
48 1.297058102636504e-23 5.884364941796377e-23 2.495011790712687e-12 3191
51 1.967240453219935e-24 9.526748670806636e-24 3.872824126998463e-13 3044
54 1.959312573643275e-25 8.083167824854425e-25 3.573249909506336e-14 2736
57 2.198985123550383e-26 1.205360043059637e-25 5.539403754996997e-15 2276
60 3.381606223054488e-27 1.815854680700675e-26 8.906558792014563e-16 2016
63 8.812860772752111e-29 6.679630628714038e-28 3.476970004233402e-17 1640
66 9.404023367806729e-30 6.190311253057079e-29 4.872798271406185e-18 1056
69 4.068700188898336e-31 7.808879240255967e-30 7.446191208293112e-19 683
72 3.860369678667258e-33 4.049047274964583e-32 7.738610754597695e-21 350
75 4.369558950930872e-34 4.738745644650473e-33 1.555989963029952e-21 192
78 1.065723347053005e-34 4.737661921239484e-34 8.248814140307995e-22 44
81 5.14515832295114e-35 2.912717061158094e-34 7.865685511518251e-22 25


3 1.86617788686017e-11 1.262198242859374e-12 2405.442830016799 18
6 2.106731966337915e-11 3.116836475466789e-11 910.6115734841601 62
9 1.840676885484048e-11 2.437405661733726e-11 316.1855981737401 98
12 9.44319924064819e-12 1.433068960489991e-11 61.06208984012309 210
15 6.798909449464301e-12 8.029486137027563e-12 18.31275464432834 350
18 3.728564565724598e-13 2.615497240741333e-12 2.329807527932625 450
21 4.14361625107471e-14 2.066098678068424e-13 0.1229957694687056 602
24 1.274153505199694e-14 1.719878296031842e-14 0.01054053882394775 762
27 3.061572602967923e-15 1.664059791962523e-14 0.003909709370871054 1142
30 9.536951170010303e-18 1.560553940729468e-17 4.272505521234501e-06 1250
33 2.0186532614137e-18 1.136995309801664e-17 1.661642027880513e-06 1458
36 1.29687001355515e-19 1.264543110520446e-18 1.236150227996652e-07 1814
39 6.401042632914457e-21 5.025719834918399e-20 3.838415997393097e-09 2178
42 9.400418100138998e-22 9.065132077256406e-21 5.356142667146582e-10 2498
45 1.398046444854026e-22 7.448237031150145e-22 4.277978427866944e-11 2622
48 1.39852953307872e-23 9.365943310134517e-23 3.90300913149725e-12 3191
51 2.15633527500885e-24 1.41017236352184e-23 5.745453731482167e-13 3044
54 2.370815367398527e-25 1.243896461231693e-24 5.523149680132735e-14 2736
57 3.247876326563649e-26 1.220601538748757e-25 6.736925510928857e-15 2276
60 5.531037410242761e-27 1.808404288530216e-26 1.117211003315207e-15 2016
63 1.325433268760935e-28 5.764354683083994e-28 3.743269048804855e-17 1640
66 9.977625076603427e-30 5.614833033473546e-29 4.953984184785839e-18 1056
69 7.59919628560083e-31 2.367119401297911e-30 3.767482130584724e-19 683
72 6.719688233293929e-33 3.387661918470399e-32 8.372513355732127e-21 350
75 7.606611196755208e-34 3.505212250546159e-33 1.547412077821495e-21 192
78 6.229341503617052e-35 7.246663411731703e-34 1.036494310887242e-21 44
81 4.16741193214726e-35 3.532670774994653e-34 9.161086548733654e-22 25


3 2.160562431472953e-11 6.379063971815528e-13 2870.240098495948 18
6 3.255775329309465e-11 2.792437383768389e-11 1127.327898362581 62
9 2.783819821902876e-11 2.093870142364416e-11 385.1869963287439 98
12 1.428122536232675e-11 1.670251876716192e-11 85.06330893984106 210
15 9.07711412177745e-12 1.271411718807992e-11 28.61903778515606 350
18 8.706169435823873e-13 2.148401027549725e-12 2.544825555119389 450
21 5.403225497356233e-14 2.346001656030725e-13 0.1533530780983234 602
24 4.333670264367166e-15 3.559490594960987e-14 0.01440571568170635 762
27 3.472082894046735e-15 8.433065216431901e-15 0.00261351734653607 1142
30 1.204819681659058e-17 4.779890744526688e-17 1.044122006752897e-05 1250
33 2.196154966568007e-18 1.689054600451379e-17 2.512389337569138e-06 1458
36 8.366276525523423e-19 2.643572503658859e-18 3.457022839703839e-07 1814
39 1.562194853781322e-20 5.467794147866185e-20 5.296995190185457e-09 2178
42 1.495146500283173e-21 7.153126319640222e-21 5.128122714684903e-10 2498
45 1.626763597434132e-22 7.337809371448786e-22 4.691334785595925e-11 2622
48 2.010353783744397e-23 1.304138112184098e-22 5.863278887912161e-12 3191
51 3.508220921971809e-24 2.125350219406478e-23 9.435315194073687e-13 3044
54 2.977572668456321e-25 1.589875188061812e-24 7.535335597029966e-14 2736
57 3.871455891669369e-26 1.671357297880312e-25 9.454562878234733e-15 2276
60 9.359161868512876e-27 1.822967199916488e-26 1.505668587261595e-15 2016
63 1.518359738251771e-28 6.119195669053486e-28 4.357109054585008e-17 1640
66 1.200009372984305e-29 5.736715522452222e-29 5.686343219260554e-18 1056
69 6.203401741527211e-31 3.720158163755229e-30 5.054305905532347e-19 683
72 7.359975602095266e-33 5.031134524854221e-32 1.220672237203733e-20 350
75 5.061459822887714e-34 5.316267743283143e-33 2.034899772485889e-21 192
78 9.230738053295823e-35 5.492652146564643e-34 1.000350192867017e-21 44
81 3.637318880074367e-35 3.428623353649184e-34 9.249279723307199e-22 25


3 2.253829926240872e-11 6.394782702469763e-13 3189.339510522571 18
6 4.864438839109459e-11 2.487600356001455e-11 1462.845118776102 62
9 4.501542233668651e-11 1.892852962291972e-11 538.8355189516074 98
12 2.237834133704288e-11 1.979456938891388e-11 123.6036945935466 210
15 8.237727840366925e-12 1.739769741286394e-11 35.68450925551512 350
18 1.521995149735579e-12 2.181453213494005e-12 3.357684559958583 450
21 1.281571822214816e-13 2.002602889075821e-13 0.1902443577455547 602
24 3.951942024410137e-14 1.941198702804376e-14 0.02444153209070747 762
27 1.276505115449069e-14 1.243393746249698e-14 0.006050819835471115 1142
30 3.446125977655244e-17 9.931578438395987e-17 2.524127583898832e-05 1250
33 1.926554822640151e-18 4.973244575467281e-17 7.123004369399669e-06 1458
36 2.220133474605308e-19 1.01493128969409e-17 1.031971137247684e-06 1814
39 1.493104541851793e-20 8.262048002338451e-20 7.671044395037354e-09 2178
42 2.090561015107237e-21 1.340859683282243e-20 9.673112885378966e-10 2498
45 2.334378718232805e-22 7.301166216624389e-22 5.54038211505019e-11 2622
48 2.771162857923663e-23 1.739109109708833e-22 8.407548561712839e-12 3191
51 4.73677110754553e-24 3.134796128350023e-23 1.458518417927318e-12 3044
54 2.874815186926416e-25 1.884202786308859e-24 9.114955410640946e-14 2736
57 4.139390545232438e-26 1.883545562202813e-25 1.120751646759061e-14 2276
60 1.221130700648462e-26 2.387995692655534e-26 2.091530393379118e-15 2016
63 1.462484325275725e-28 8.123498220000661e-28 5.621877552389243e-17 1640
66 1.236575463960069e-29 7.126171170581438e-29 7.162895159418882e-18 1056
69 6.077357089968643e-31 5.667972814341572e-30 7.465831156569606e-19 683
72 7.363012627617308e-33 5.747106737537291e-32 1.449587001562207e-20 350
75 7.214860737586974e-34 3.704079637241077e-33 1.804466511504977e-21 192
78 8.086048880244662e-35 6.000639344331057e-34 1.099459035622228e-21 44
81 4.344056989275897e-35 2.128832895666272e-34 7.4500286637015e-22 25


3 2.860779985070893e-11 1.59269920067682e-12 4422.942275311699 18
6 1.10585765436207e-10 2.348962955279252e-11 2846.890617237202 62
9 1.055160863700693e-10 1.844714182396378e-11 1114.034081764069 98
12 5.318305339302368e-11 2.393628410009439e-11 241.7642367745341 210
15 1.225916430613611e-11 2.008788016915099e-11 48.08374674802945 350
18 2.656056618020982e-12 2.834089232869646e-12 5.316251721120495 450
21 1.870492808585136e-13 2.985599782803546e-13 0.2983115970520528 602
24 3.253937219552783e-14 8.221121343622001e-14 0.04792685660518876 762
27 2.002431893967632e-15 3.231126028548284e-14 0.008159255407816337 1142
30 2.91116104954453e-17 5.952090501370043e-17 1.801213332370998e-05 1250
33 2.94816276542048e-18 9.5168037865665e-18 1.929649024468346e-06 1458
36 6.66780985093155e-19 2.138110867995358e-18 3.185658465069623e-07 1814
39 1.833099456643821e-20 7.320461544598373e-20 7.801852733606691e-09 2178
42 2.027507615329159e-21 1.036544330239906e-20 8.351697405957629e-10 2498
45 2.389730462045262e-22 8.970867315344875e-22 6.870165102085923e-11 2622
48 3.902538218218683e-23 1.461697928237762e-22 8.54852859840608e-12 3191
51 7.078504089229952e-24 2.223168949216256e-23 1.343744312466449e-12 3044
54 2.996143284799571e-25 1.839189991779697e-24 9.623476869169998e-14 2736
57 3.993650414282402e-26 1.83273386297421e-25 1.160321353610759e-14 2276
60 9.300986749727536e-27 3.042056764542661e-26 2.277801207172494e-15 2016
63 1.371526931098305e-28 8.471360043361386e-28 6.096781317990749e-17 1640
66 1.128927669687532e-29 6.717068620230667e-29 7.154713682557115e-18 1056
69 5.437362080404072e-31 4.474344294544772e-30 6.471757703516056e-19 683
72 8.017778837667718e-33 6.488159445832648e-32 1.735979398532643e-20 350
75 6.703729700481839e-34 6.425235800045795e-33 2.865627424583907e-21 192
78 8.388116375714153e-35 5.663481937564056e-34 1.135286737994796e-21 44
81 2.646326936895931e-35 2.993704031031862e-34 8.993740487434082e-22 25


3 1.312208074966365e-10 1.08125623462619e-11 22088.24109347405 18
6 6.918259801928527e-10 4.409338167965332e-11 16640.36139855078 62
9 5.484274995744629e-10 2.270296232475475e-11 5465.104112293131 98
12 2.895768252263174e-10 2.811218812515725e-11 1066.461340673237 210
15 5.67005587973906e-11 2.191700552015636e-11 126.3010751811297 350
18 8.03777930968654e-12 4.79493497397408e-12 13.31495896762283 450
21 4.106680116710053e-13 4.433375637184497e-13 0.5633325173707175 602
24 3.590959905144123e-14 8.175684669993082e-14 0.0526025327217727 762
27 1.388744259640599e-14 5.830379899342851e-15 0.005535303920334491 1142
30 4.514412631267135e-17 1.368490415707165e-16 3.866717920863015e-05 1250
33 1.696023703152122e-17 1.902178195471958e-17 6.227753683674288e-06 1458
36 3.610067230861968e-18 5.299985659948197e-18 1.117018213346021e-06 1814
39 3.530302132264432e-20 1.499040976107113e-19 1.671788678752268e-08 2178
42 5.060440838426086e-21 1.839460402331071e-20 1.712370766774682e-09 2498
45 3.864541228857263e-22 1.748488302210752e-21 1.355376974661337e-10 2622
48 6.200854356731888e-23 2.358565846944733e-22 1.460218646100641e-11 3191
51 9.255221516156547e-24 2.869659282199767e-23 1.85278936850837e-12 3044
54 4.50705821754626e-25 2.07278477290922e-24 1.237531211424258e-13 2736
57 5.304342550255533e-26 2.73711673610524e-25 1.788973599229426e-14 2276
60 8.918107156363451e-27 4.176913375536924e-26 2.968679472677301e-15 2016
63 1.95089492412052e-28 1.25524684448312e-27 9.539179454389483e-17 1640
66 1.273688768084334e-29 6.546944516265272e-29 7.721114611035853e-18 1056
69 6.243852602053153e-31 5.3228446324435e-30 8.145922896379218e-19 683
72 1.533215848661811e-32 6.244471474085553e-32 2.155400424251554e-20 350
75 1.402278229222413e-33 4.382606797339753e-33 2.912450249960635e-21 192
78 8.352487550853452e-35 6.181379917526298e-34 1.286859610062292e-21 44
81 4.220789779426925e-35 1.783856428283685e-34 7.38415709270496e-22 25


3 1.77569018934183e-09 2.570246419072913e-10 334989.7598547717 18
6 8.845099007487092e-09 8.53166970208473e-10 232510.2107016447 62
9 5.439928262994004e-09 2.428180704830713e-10 57671.29595597521 98
12 2.76484742537156e-09 4.207924784535942e-11 10021.19204628876 210
15 4.806079021638549e-10 2.347268024767985e-11 868.2405882814994 350
18 5.519859472231699e-11 9.704821026848766e-12 72.47629476209055 450
21 4.777525202442429e-12 8.584802542051095e-13 4.066915145498186 602
24 3.376328024055848e-13 1.446385340656279e-13 0.2383598141586762 762
27 5.605057029139432e-14 5.666896596444123e-14 0.03224791123090275 1142
30 2.668915936612437e-16 8.080090983007804e-16 0.0002419115029226266 1250
33 2.184684760399362e-17 1.865711199276449e-16 3.516781159498021e-05 1458
36 1.700717088863431e-18 3.172795196570772e-17 4.046463776197427e-06 1814
39 7.406288518549659e-20 6.192033752877806e-19 6.467423456742314e-08 2178
42 8.363097411131853e-21 7.467581367166167e-20 6.172574863991493e-09 2498
45 9.192377978553675e-22 5.887337989817782e-21 4.496613827121904e-10 2622
48 1.220546976869658e-22 7.850474822760705e-22 4.56152995498049e-11 3191
51 1.528113162245502e-23 8.18209857960225e-23 4.812798366786738e-12 3044
54 8.640423129367967e-25 4.764620758893843e-24 2.892622252987046e-13 2736
57 7.750300990861018e-26 6.225611746329868e-25 3.941442630007051e-14 2276
60 1.277143233574443e-26 6.859932573576277e-26 5.003591883677992e-15 2016
63 3.761145491893479e-28 2.634082684640828e-27 2.09205091740349e-16 1640
66 2.051976235150974e-29 1.784578816189973e-28 1.987052840995399e-17 1056
69 1.245316493803092e-30 1.075963816629515e-29 1.748547890923987e-18 683
72 1.770507335537253e-32 2.734842899806374e-31 7.486857242910864e-20 350
75 1.470643640716699e-33 1.437121935505579e-32 7.254052519615461e-21 192
78 1.189413466711114e-34 6.488038488507146e-34 1.560751193761122e-21 44
81 3.313687213476897e-35 2.330888302388814e-34 8.809120352345362e-22 25


3 2.98614637725007e-08 8.648964268800859e-09 6710466.302323027 18
6 1.444904312470387e-07 3.291782413466266e-08 4495262.243769453 62
9 7.397844207781435e-08 1.045919020394991e-08 905314.8759003889 98
12 3.513188403877201e-08 2.444446430978336e-09 141769.7985128846 210
15 5.435461584470973e-09 7.225524731071276e-11 10055.37366613376 350
18 5.32613454223731e-10 1.287056118182589e-11 649.8955435899377 450
21 3.594605914898498e-11 5.700833712920475e-12 31.74082217900042 602
24 1.806572684483762e-12 1.116058302543793e-12 1.509497448227798 762
27 2.342753524232641e-13 2.810396130497018e-13 0.1548588783821875 1142
30 4.644503089579662e-15 5.982850896024608e-15 0.002617517691645301 1250
33 3.874329306927033e-16 8.630525748053141e-16 0.0002336408867687271 1458
36 3.038272298291823e-17 1.093503477880284e-16 1.87115461414519e-05 1814
39 2.309336290790769e-18 1.558303018690209e-17 1.779529551581668e-06 2178
42 3.079309320795582e-19 2.688211460725679e-18 2.361328624841408e-07 2498
45 4.653522512713334e-20 4.542599369662147e-19 3.450014684389299e-08 2622
48 9.241288817068315e-21 8.733961361951052e-20 5.061716189444024e-09 3191
51 1.571747846249099e-21 1.108180283076958e-20 6.545007783081537e-10 3044
54 2.697057371868389e-22 1.587266176104196e-21 1.008791615256788e-10 2736
57 4.478218658981469e-23 2.384054045407258e-22 1.747231532620602e-11 2276
60 7.725659762547106e-24 3.996014818083534e-23 3.132257116575775e-12 2016
63 9.494374932327754e-25 5.095693113928993e-24 4.585201061552645e-13 1640
66 1.119480300552466e-25 6.809323087594868e-25 8.713411957304881e-14 1056
69 1.107506512324378e-26 7.875556167959439e-26 1.421409962932918e-14 683
72 7.616852998445995e-28 5.721941346380042e-27 1.884402843670346e-15 350
75 6.49340170445913e-29 5.618676393493464e-28 3.10305100893227e-16 192
78 2.268531211864497e-30 2.304162268046944e-29 5.113464025146377e-17 44
81 1.879107701057473e-31 2.071959924108949e-30 7.592674529923753e-18 25


3 4.65773606983192e-07 2.258464627928518e-07 127540518.5154117 18
6 2.266290659394246e-06 9.392470698608589e-07 85951587.59356974 62
9 1.015322955651493e-06 2.9529260149054e-07 14873773.11764742 98
12 4.699093471453445e-07 9.913326853298833e-08 2271421.284519189 210
15 6.426397284447897e-08 8.093190536205336e-09 139716.1131168494 350
18 5.980145995026178e-09 9.933245349445713e-10 8763.169139962714 450
21 3.798820597569933e-10 2.402426706867497e-10 491.2000114259813 602
24 6.443201073838244e-11 5.473898284337974e-11 65.03816666352837 762
27 1.562430491386816e-11 1.202542161119556e-11 9.004550962629231 1142
30 2.795047785252302e-12 2.261349284096283e-12 1.355500962104018 1250
33 4.946307682407867e-13 6.888507026953244e-13 0.2408868913226586 1458
36 1.054992590614191e-13 2.891945262547777e-13 0.05690329656051219 1814
39 1.899838357406368e-14 8.430881246210277e-14 0.01109150105020389 2178
42 3.688257195170236e-15 2.313616422375306e-14 0.002271018011036781 2498
45 6.909714965124116e-16 5.721505159681005e-15 0.0004714620870284579 2622
48 1.71484103752465e-16 1.78295555252544e-15 0.0001082198104750061 3191
51 3.562410344619376e-17 4.613686489668365e-16 2.65216719123795e-05 3044
54 7.425953733509448e-18 1.032042484214114e-16 6.088071059255221e-06 2736
57 1.311862076503848e-18 1.971694873828748e-17 1.293208497452405e-06 2276
60 2.713888577570209e-19 4.493403905105896e-18 3.080028610923657e-07 2016
63 4.170529150244984e-20 7.47259508262766e-19 5.850565067873583e-08 1640
66 6.816214639640783e-21 1.33369671438037e-19 1.509464190539498e-08 1056
69 1.035869710593145e-21 2.153388336414201e-20 3.523840092310679e-09 683
72 1.223956428423275e-22 2.68232431716663e-21 8.024435264803639e-10 350
75 1.97331513353273e-23 4.522130374231931e-22 2.316141154559365e-10 192
78 1.529652419117949e-24 3.807982032062167e-23 7.994174264390516e-11 44
81 3.343909026140871e-25 8.775006916481841e-24 3.065252945186312e-11 25


3 1.9460125863276e-06 1.014367202433969e-06 592520473.5113282 18
6 1.109184334433374e-05 5.001434086516884e-06 470702388.1910843 62
9 4.746451693121457e-06 1.73568906185912e-06 80716802.65367323 98
12 3.422348754361464e-06 1.165108250394406e-06 20094349.80782039 210
15 8.746280338733627e-07 4.361005974934866e-07 2720953.11962264 350
18 2.018898292151257e-07 1.458967282410901e-07 460329.206794538 450
21 4.211301443819175e-08 4.497306455238005e-08 72234.84894041519 602
24 8.586401980442003e-09 1.355518171453385e-08 12362.08410102087 762
27 2.527857712495531e-09 5.952239978962333e-09 2726.376818432334 1142
30 7.828763656207663e-10 1.616411748182603e-09 638.5725145524327 1250
33 3.698072599362781e-10 4.482855000920819e-10 177.1595651699224 1458
36 1.53694090948224e-10 2.135188435918043e-10 57.91772128051549 1814
39 6.041486872479669e-11 9.599008987395366e-11 18.73486729952006 2178
42 2.111159141624829e-11 3.051690741241669e-11 5.057211914942982 2498
45 5.533008380475402e-12 8.527800825728213e-12 1.21615310724528 2622
48 2.13566176680167e-12 4.6544554645947e-12 0.4340362575435793 3191
51 6.244149685649591e-13 1.572842280510768e-12 0.135815481528233 3044
54 1.305025988714475e-13 3.82342178099189e-13 0.03256921611035581 2736
57 3.002956973862384e-14 1.002317909232857e-13 0.009229170844034223 2276
60 7.535897796423771e-15 2.651107232338541e-14 0.002556696652835382 2016
63 1.458481342036352e-15 5.419783952965857e-15 0.0005968828811063616 1640
66 2.778845719720338e-16 1.076873911631013e-15 0.0001722251569275373 1056
69 6.189774660353751e-17 3.229710718021897e-16 6.900723837120643e-05 683
72 1.668032190315665e-17 1.171392468879783e-16 4.288230699958861e-05 350
75 5.437108733732318e-18 4.372670510486872e-17 2.686505941783662e-05 192
78 1.011213031717499e-18 8.191743196923231e-18 2.087732559719355e-05 44
81 2.473160952772736e-19 2.644650880826679e-18 1.067920906818472e-05 25


3 1.513113886457434e-06 7.854842136068765e-07 488651317.2026041 18
6 1.027244571402859e-05 4.098048957968154e-06 449441824.9457161 62
9 5.76697576144423e-06 1.818836499738004e-06 101189866.5882445 98
12 5.596008643653358e-06 2.140742149934886e-06 35906113.48763289 210
15 3.164552973519776e-06 1.806205482746846e-06 10879605.26255728 350
18 1.665759235351247e-06 7.321319768160406e-07 3464304.115336225 450
21 8.676075650692199e-07 2.485644277769566e-07 1060312.463871025 602
24 4.356524462768503e-07 9.802821024823172e-08 356029.7215715448 762
27 2.09887043424263e-07 8.428171698919511e-08 113582.9522988763 1142
30 7.156276681289012e-08 4.943313706892816e-08 37102.94948368693 1250
33 2.703717643842326e-08 3.457020728477837e-08 13971.00112049101 1458
36 1.189020490347551e-08 2.298010047383144e-08 5600.537194808553 1814
39 5.144861221312966e-09 1.272267335835221e-08 2148.974593104313 2178
42 2.099141562376567e-09 7.107914077620215e-09 866.4918929102555 2498
45 9.237087970043595e-10 3.117657811841671e-09 336.4541007715879 2622
48 5.16397869243578e-10 1.77651370304911e-09 145.9239793601333 3191
51 2.112184268558593e-10 5.554555228967065e-10 49.39021341577033 3044
54 7.682571618642875e-11 1.728829062145515e-10 17.20640678117205 2736
57 2.435924254295329e-11 4.881827734209731e-11 5.828975863146066 2276
60 9.658977041013925e-12 1.69331082374077e-11 2.319356978981492 2016
63 3.707208516423321e-12 6.402451063849695e-12 1.03553799559337 1640
66 1.114545740210969e-12 2.277761325546439e-12 0.500239950872178 1056
69 4.070261266691719e-13 9.323134956951603e-13 0.2858802419655966 683
72 9.745064749229245e-14 3.221376655312403e-13 0.1565410864496316 350
75 2.853328616619631e-14 1.024721176763032e-13 0.08399113491698743 192
78 4.327432788804812e-15 1.695667545989359e-14 0.05618018041226081 44
81 1.503121406458965e-15 6.809105441091413e-15 0.03610109273773303 25


3 2.606280501166052e-06 4.636837917709569e-07 696985461.1173958 18
6 1.608630949735796e-05 2.534259487531004e-06 616111510.6768675 62
9 8.298741185354205e-06 5.088651527780715e-06 178989419.8979393 98
12 8.082993166340541e-06 6.567293488934841e-06 67886467.20177992 210
15 4.880404235152492e-06 5.20822530445876e-06 22222378.34437697 350
18 3.116276831610721e-06 2.345890075256229e-06 7957014.025705689 450
21 2.30032544527654e-06 9.027055684889901e-07 3094276.527312363 602
24 1.81629022819531e-06 5.588604333950799e-07 1610294.947033345 762
27 1.73386279331015e-06 5.897608176832184e-07 935534.0199907729 1142
30 9.233620004307666e-07 5.074758755071752e-07 463057.737099006 1250
33 5.702289759480709e-07 4.222258708415445e-07 245936.7174824673 1458
36 3.070142931657161e-07 3.601446338652402e-07 117487.4951727017 1814
39 1.451523374729711e-07 2.384135311771464e-07 50391.96539260703 2178
42 6.583437772617331e-08 1.109402815407007e-07 18748.4897692352 2498
45 2.714868081720089e-08 5.123185030729356e-08 7306.14632376935 2622
48 1.546336455324513e-08 2.788586611386172e-08 3127.89241559036 3191
51 6.656037298198614e-09 1.213989850748908e-08 1336.988829257331 3044
54 2.88548504202171e-09 5.965202051017475e-09 651.014222619928 2736
57 1.577730878439706e-09 2.444770742253502e-09 350.4698835967199 2276
60 9.02419435114661e-10 1.36434835151582e-09 212.8882585243133 2016
63 4.544762754591007e-10 7.725284360043177e-10 132.6565534346221 1640
66 1.774207776337651e-10 3.634829342079567e-10 84.12186107851693 1056
69 6.603659629357872e-11 1.644352958079939e-10 51.26629716812035 683
72 1.813394827575314e-11 6.164113747676156e-11 31.43578078723241 350
75 6.591940487666721e-12 2.454994140993362e-11 21.06069910805 192
78 1.678194799760042e-12 3.823931709834223e-12 17.02892070899565 44
81 7.310240223286442e-13 1.133002334154431e-12 10.58517801342541 25


3 2.209261214371312e-06 5.883039972839757e-07 692802381.2060976 18
6 1.465030101360262e-05 3.951537570837087e-06 669057170.8877928 62
9 7.450659806865286e-06 9.498867638761301e-06 230155121.2610418 98
12 1.122782466720312e-05 1.093839816288147e-05 107917100.4345398 210
15 8.562235683805759e-06 5.086878249831937e-06 33355355.45602354 350
18 4.31444136903224e-06 2.646323408537497e-06 11026141.28267293 450
21 2.649107889884375e-06 2.583863915624553e-06 5101348.999401114 602
24 2.069544502134786e-06 2.207164683810949e-06 2859490.46495312 762
27 1.965080888794569e-06 2.755960768497252e-06 1822663.917436538 1142
30 1.297128023637225e-06 2.046678797378181e-06 1048924.640182287 1250
33 7.949721988935223e-07 1.809210738323308e-06 611718.9662849208 1458
36 4.908033816584037e-07 1.362313890453471e-06 313366.5056220808 1814
39 2.905952127904962e-07 9.958535598299234e-07 163008.878472957 2178
42 1.315747839256891e-07 7.518347865998483e-07 86048.37448312587 2498
45 7.219625810825969e-08 4.822723606170934e-07 47105.7614323527 2622
48 4.459604800581875e-08 3.626848259770761e-07 26062.46666495751 3191
51 2.27109254847207e-08 1.887506719976431e-07 13215.1440263785 3044
54 1.209781188303456e-08 7.345251680634119e-08 5725.906079030638 2736
57 7.227225926781696e-09 3.711350640522939e-08 3416.917487468646 2276
60 4.700076941609915e-09 1.995546039295018e-08 2072.808984551819 2016
63 2.724210076363936e-09 1.252018812674958e-08 1476.138396538176 1640
66 1.455699968993462e-09 6.35488597342656e-09 1122.90265103852 1056
69 8.561708858651524e-10 3.106122510581632e-09 863.0062289683132 683
72 3.781974631462712e-10 1.206147076555026e-09 657.724764367911 350
75 1.502243341638146e-10 4.306204907251783e-10 429.3075648198405 192
78 3.230362941564299e-11 4.799649418044446e-11 286.2516901867689 44
81 1.228018141784519e-11 3.210181052658461e-11 237.3567293825435 25


3 1.573591098816336e-06 4.816261088808151e-07 537408321.0938945 18
6 1.148675334279585e-05 4.495249113555872e-06 597715019.5530517 62
9 5.347500652413302e-06 9.926653247545376e-06 210269789.8558072 98
12 1.008646180114405e-05 1.467478466458402e-05 122096808.8705316 210
15 1.094047532859566e-05 6.470450263922071e-06 44962687.85361089 350
18 4.688502633060427e-06 3.708532319548475e-06 13708429.25319772 450
21 2.841523413965757e-06 3.995509683007439e-06 6750828.055989508 602
24 1.900566774816448e-06 3.849732696170175e-06 3777598.150992123 762
27 1.95167068510397e-06 4.156606146577689e-06 2365195.186341334 1142
30 1.414273545277305e-06 3.694214490884867e-06 1588367.626016813 1250
33 9.869993657630951e-07 2.561356849667737e-06 859048.347596221 1458
36 8.280686145238539e-07 2.348438744574564e-06 559761.0463177761 1814
39 5.528326359600082e-07 2.435738566609051e-06 385541.4534807566 2178
42 4.199492808779389e-07 1.890632775043627e-06 239600.1143473136 2498
45 3.525700014907216e-07 1.382693348958667e-06 161557.1577930045 2622
48 3.46243060029418e-07 1.299767572473483e-06 118096.1607114863 3191
51 2.494504840932081e-07 9.264540980861514e-07 82966.97133052634 3044
54 1.485640638959602e-07 6.229936599622368e-07 56049.72009320408 2736
57 9.047579801958597e-08 3.882959553588252e-07 39284.22300061813 2276
60 5.540729204897411e-08 2.916364692943946e-07 29602.89185119929 2016
63 3.2509516199393e-08 2.09657367634266e-07 23446.64158895169 1640
66 1.700051660576287e-08 1.024356333562896e-07 17158.8877228123 1056
69 7.663070639706941e-09 4.420214816367593e-08 11003.79228052571 683
72 2.879033191805239e-09 1.945313719466845e-08 8613.212785234988 350
75 1.112553117499787e-09 1.050524042586778e-08 7469.114283294589 192
78 2.733813304738487e-10 2.856336776092429e-09 8278.457726710445 44
81 7.913306949660492e-11 2.034685983004285e-09 8758.94487535394 25


3 1.132023354367996e-06 6.453851074156754e-07 458571888.3030253 18
6 1.059221111721744e-05 5.883329046842699e-06 618978618.9679401 62
9 3.881661875656093e-06 9.716414850000895e-06 192868781.0786462 98
12 9.190395847551717e-06 1.582605878535843e-05 127529609.9270193 210
15 1.096073277095498e-05 1.213420986148047e-05 58513582.39350371 350
18 3.859109771583889e-06 7.028115667079831e-06 17163037.87927371 450
21 2.328666134053717e-06 5.109704673229386e-06 7399114.625097776 602
24 2.072156921306916e-06 3.650241329999787e-06 4006872.983307218 762
27 2.022815774969448e-06 4.288602776444163e-06 2573754.606675799 1142
30 1.365216653694866e-06 4.100283958445094e-06 1773476.735468861 1250
33 1.087101259102317e-06 3.598194716293113e-06 1170972.005251917 1458
36 9.219778952471536e-07 3.306725097055109e-06 770479.2666406907 1814
39 8.636978789802967e-07 2.52665936121577e-06 482019.8959230211 2178
42 6.692720232690876e-07 2.310853239191471e-06 336089.9652367816 2498
45 5.042129262125138e-07 1.929398267693132e-06 240499.6451940938 2622
48 5.298839946944955e-07 1.789451522892741e-06 178073.8254616328 3191
51 3.948269709478574e-07 1.374296306497939e-06 132949.9216733136 3044
54 2.795224938683407e-07 1.085428111976351e-06 105879.9146522243 2736
57 1.685408753832518e-07 7.527161097915962e-07 79627.40819841016 2276
60 1.171862653527892e-07 6.024637700373399e-07 65250.37438484615 2016
63 8.509176476724276e-08 3.964544331949904e-07 51379.08396125843 1640
66 4.148790960860869e-08 1.974980666786031e-07 37465.1021377289 1056
69 2.180091082575007e-08 1.111490222519364e-07 30343.12689057825 683
72 8.605911372128992e-09 5.752426718773328e-08 27083.00621154706 350
75 4.247517976926645e-09 2.374270099381937e-08 20371.43651087871 192
78 1.083485462509702e-09 3.869489251201962e-09 16157.66072561094 44
81 6.572683202975944e-10 1.616367968454425e-09 13486.82003044978 25


3 7.56756219089939e-07 8.934940696393496e-07 424287125.3019373 18
6 9.557658209247728e-06 7.864933889610834e-06 675226730.6937288 62
9 3.412155309762766e-06 8.879682437999815e-06 179263672.3378288 98
12 7.525829494533314e-06 1.477665678520489e-05 116858753.1987699 210
15 7.049628085333336e-06 1.726471935521042e-05 59724999.57451485 350
18 3.037026818356786e-06 8.66429328853641e-06 18359259.27685706 450
21 2.593519426302518e-06 4.772036258643506e-06 7740642.525000142 602
24 2.230146619361887e-06 3.838195818779472e-06 4438357.301688226 762
27 2.164618595688378e-06 4.786749986761193e-06 2929671.126313302 1142
30 1.664861662144766e-06 3.519847901270424e-06 1803088.606454216 1250
33 1.24835469755326e-06 3.862157248432348e-06 1324516.270634429 1458
36 1.087511094029714e-06 3.154757271592278e-06 813904.6270022796 1814
39 8.9508870834787e-07 3.015867471825207e-06 565464.6828994618 2178
42 8.042723598847891e-07 2.473671240862772e-06 386535.5964124802 2498
45 7.142889075628326e-07 2.06757340427798e-06 293124.8818199557 2622
48 6.845536034666352e-07 2.456205889120466e-06 247230.9821944164 3191
51 5.035481255539049e-07 1.998859948243685e-06 191082.9076470482 3044
54 3.829670605235935e-07 1.49237395746752e-06 150162.5583037483 2736
57 2.408054294152148e-07 1.100074720362855e-06 119198.4307703558 2276
60 1.857899033262374e-07 9.181305392587834e-07 103659.3752125531 2016
63 1.533718411193207e-07 7.128718650659197e-07 95495.22806732426 1640
66 6.987535315239996e-08 3.775310787644011e-07 71226.94085448378 1056
69 3.712323755167385e-08 2.259039652460567e-07 60558.03333799365 683
72 1.673605598294255e-08 1.093465955291327e-07 53427.16241111752 350
75 8.369656549155434e-09 4.599465308489072e-08 41031.29702172884 192
78 1.111183572286486e-09 9.99478971030815e-09 32700.58755891593 44
81 7.143873962095526e-10 6.414082368539733e-09 35294.04939757776 25


3 4.360914248113515e-07 1.026029589170057e-06 363101769.1182365 18
6 6.192104986711653e-06 1.087227927090637e-05 637731966.7053683 62
9 3.446001790966895e-06 7.447010172685905e-06 167708844.6206549 98
12 6.566848158526136e-06 1.241128367822313e-05 103933989.100701 210
15 5.242244762081105e-06 1.435409046793853e-05 49182158.32797106 350
18 3.962958525818765e-06 6.617796974899058e-06 18323295.80886105 450
21 3.240966374749863e-06 5.386764499774106e-06 9573740.587985031 602
24 2.257747072011275e-06 5.231146256886581e-06 5492654.064683722 762
27 2.646348608386564e-06 5.585490732829207e-06 3624419.704961671 1142
30 1.645124275279929e-06 4.578346638014565e-06 2168708.293892387 1250
33 1.524119241181887e-06 3.848875051265129e-06 1476934.042131404 1458
36 1.237249261467576e-06 3.531137958005272e-06 947943.9557411637 1814
39 1.139409034002508e-06 3.17258646555188e-06 660065.935814904 2178
42 1.072603367825231e-06 3.096797409909684e-06 513132.8643492687 2498
45 8.905123740491595e-07 2.83246830658429e-06 400926.9957761085 2622
48 9.322265397205907e-07 3.176174249351202e-06 336492.4066057921 3191
51 7.204297537958452e-07 2.557303072807719e-06 262466.6427814801 3044
54 4.95754496946012e-07 2.010167899937631e-06 206041.9282446248 2736
57 3.276284772180412e-07 1.419772945301296e-06 161423.491948441 2276
60 2.540912800589286e-07 1.132715752315366e-06 136262.0744240118 2016
63 1.788605577260061e-07 8.46228859955453e-07 116348.0091141874 1640
66 9.649884932876025e-08 5.514054521969297e-07 105498.3441372453 1056
69 5.83237758074657e-08 3.407430619210545e-07 95292.50339710427 683
72 3.089255251147223e-08 1.47172258350975e-07 81739.63733038359 350
75 1.729824666477317e-08 6.755604187980107e-08 70369.33349588893 192
78 4.205526438952354e-09 1.476190928308031e-08 67262.80965759829 44
81 2.361679581517668e-09 9.786794205664218e-09 70441.88499689981 25


3 2.212996796850635e-07 1.009420605059718e-06 306426174.1008015 18
6 3.929518800724575e-06 1.195310592104821e-05 591432077.6069406 62
9 3.370966009737466e-06 6.029215086067061e-06 155144287.9649249 98
12 6.183504351681027e-06 1.057861003662808e-05 97208156.75958735 210
15 5.13143241260904e-06 1.196978009807946e-05 46162679.17291807 350
18 4.635988793681784e-06 6.759653110911103e-06 20897804.09260383 450
21 3.46898188004646e-06 7.314153866403804e-06 12178194.95069617 602
24 2.604013321141569e-06 6.335200163034447e-06 6871983.516960584 762
27 2.862138089547565e-06 6.663010916443714e-06 4355605.198139234 1142
30 2.027553773988339e-06 5.063350953239665e-06 2642421.532390269 1250
33 1.683547584291681e-06 4.153154034590702e-06 1694371.327531477 1458
36 1.503825570786765e-06 4.124141374142858e-06 1187297.452240273 1814
39 1.334123026866038e-06 4.03913755972642e-06 859357.1111438592 2178
42 1.265941408262099e-06 3.754500036914859e-06 649947.9412689639 2498
45 1.09423170795774e-06 3.647135563111727e-06 536548.592570141 2622
48 1.162039418492216e-06 3.693262622186209e-06 424311.5753645784 3191
51 9.121716367385276e-07 2.897610379905142e-06 327519.7039200366 3044
54 6.294041015650332e-07 2.258091699798388e-06 255691.5817604277 2736
57 4.374223488345847e-07 1.728792565192443e-06 214836.4486193313 2276
60 3.412898996199539e-07 1.358478038751312e-06 179849.2720393479 2016
63 2.365219020534326e-07 1.064632682553767e-06 157771.712172775 1640
66 1.323514438813963e-07 6.527745219297784e-07 138674.2691797492 1056
69 8.940294633034192e-08 3.813977490734366e-07 124933.8230453538 683
72 4.448599784790221e-08 1.746547339873498e-07 109694.8753290413 350
75 2.167324020053351e-08 1.025959406846434e-07 105116.957712279 192
78 4.480440810049994e-09 2.734587506349328e-08 108150.4588619522 44
81 2.109732608111396e-09 2.072872517830526e-08 123206.2656284954 25


3 1.360529841223069e-07 9.349582405284314e-07 271602575.4013908 18
6 2.789346135783015e-06 1.194386244667159e-05 557705312.4334078 62
9 3.362109897535119e-06 5.246946161786645e-06 150087098.3055303 98
12 5.166280888298396e-06 8.828373857682797e-06 84610824.19163011 210
15 5.544170899702019e-06 9.503790036230674e-06 43660607.15663695 350
18 4.596462216206526e-06 7.825529183608724e-06 23354259.32467658 450
21 3.273709006485484e-06 7.792787879383467e-06 12875115.29741888 602
24 2.850318071558771e-06 6.09693786411454e-06 7268018.131641104 762
27 2.895079835543835e-06 7.165432922638424e-06 4767620.441929847 1142
30 2.28423203411452e-06 5.268225803150243e-06 2960503.167717479 1250
33 1.770748226501036e-06 4.659856529677814e-06 1933151.854607748 1458
36 1.809087473863567e-06 4.140053417041842e-06 1336419.972294177 1814
39 1.650879161997645e-06 4.025834748666411e-06 971417.9205116197 2178
42 1.423935203527748e-06 3.859498964945811e-06 720895.5538642432 2498
45 1.306577941563615e-06 3.763342686883436e-06 609063.9234983886 2622
48 1.334878995962793e-06 4.016421837378504e-06 491179.1829806345 3191
51 1.004644773975713e-06 3.431363855148273e-06 394074.606565126 3044
54 7.18665834293977e-07 2.535194789626087e-06 301315.704433958 2736
57 5.006609121841221e-07 1.99809675205034e-06 258275.4330008013 2276
60 4.054432942860089e-07 1.627235708296758e-06 224209.6305847932 2016
63 2.713722137094586e-07 1.284723598167569e-06 195648.3192771215 1640
66 1.660127645059454e-07 7.051827622976732e-07 164016.9868017457 1056
69 1.147228990921931e-07 4.553939865242983e-07 159637.718207663 683
72 5.379729218116983e-08 2.193827755206914e-07 141836.3973472721 350
75 2.473825572247257e-08 1.358175975969974e-07 138733.2228649677 192
78 5.91587642985701e-09 3.0930009210027e-08 133870.2106642046 44
81 3.096951344037235e-09 1.532277951115087e-08 114005.745424754 25


3 7.311450236045597e-08 8.427140093541183e-07 228209276.0549697 18
6 2.56343009765303e-06 1.148051724063468e-05 539664316.0012215 62
9 2.993289774178039e-06 4.732294755898523e-06 140038057.8346326 98
12 4.438369532267262e-06 8.143737791680788e-06 78382381.80670568 210
15 4.870353732291541e-06 8.679676725469971e-06 40666597.791416 350
18 4.040559856494456e-06 8.710223231689632e-06 24211355.77601367 450
21 3.509406291874577e-06 7.056798930429859e-06 12963360.01802906 602
24 2.893312814382256e-06 6.270987470448237e-06 7694220.852710223 762
27 3.299925215555304e-06 6.640717514496871e-06 4995327.826252731 1142
30 2.373947177415881e-06 5.487392671205973e-06 3186375.209799662 1250
33 2.15158597843844e-06 4.461480708826747e-06 2118536.55707994 1458
36 1.807891665791731e-06 4.817137430077636e-06 1509293.262968073 1814
39 1.621836744742994e-06 4.698707377822436e-06 1092797.597784918 2178
42 1.532615906846519e-06 4.484063606156992e-06 839485.334578715 2498
45 1.413314342782836e-06 4.075005019976943e-06 680910.3795966834 2622
48 1.478458590211992e-06 4.603988664773461e-06 573640.189176175 3191
51 1.124603867406416e-06 4.087015793837934e-06 473067.4239152193 3044
54 8.189093668023363e-07 3.03415032518861e-06 365292.178631567 2736
57 5.573831603916664e-07 2.273368392238658e-06 300344.3125139907 2276
60 4.838171176796058e-07 1.889656037755522e-06 270904.9381902803 2016
63 3.416658799344996e-07 1.420009734074734e-06 232342.1109301173 1640
66 1.966131607259159e-07 8.66040224087078e-07 205113.4784466623 1056
69 1.265024227663948e-07 6.037079806233351e-07 205032.0621678145 683
72 6.413712551673011e-08 2.889196735666259e-07 186293.8457089978 350
75 3.130775856547469e-08 1.550308097153307e-07 168725.0973247613 192
78 7.961970679260083e-09 3.054907832353459e-08 152336.1023363009 44
81 3.921289177019229e-09 1.431123673681772e-08 123276.9458997161 25


3 6.893328199618866e-08 7.500418817771099e-07 211703814.692689 18
6 2.571170394016431e-06 1.030751433428201e-05 518352709.4382002 62
9 2.48256006177185e-06 4.517599800146278e-06 129733225.0427756 98
12 3.917292136989773e-06 7.298115973233093e-06 72523061.53048158 210
15 4.439757541419105e-06 7.665667817327952e-06 37948478.45517172 350
18 4.137167077583847e-06 7.720609432080117e-06 23845545.34514133 450
21 3.610948581204833e-06 6.790137116463329e-06 13383230.1156225 602
24 3.037382828317161e-06 5.987944722286123e-06 7976223.861528549 762
27 3.26120986866979e-06 7.000999984347347e-06 5313058.747847162 1142
30 2.342724602124148e-06 5.340905851599474e-06 3242762.4124937 1250
33 1.986456157134277e-06 5.151229055955566e-06 2305115.184207076 1458
36 1.988429150968005e-06 4.960129666044166e-06 1660132.228962293 1814
39 1.818546209280741e-06 4.778400266620082e-06 1201187.161977931 2178
42 1.683984631532834e-06 4.767330742721266e-06 939401.5123683509 2498
45 1.555535886864727e-06 4.580931257209721e-06 788613.6984663398 2622
48 1.643422917990924e-06 5.054689812078296e-06 657534.0428934706 3191
51 1.29067734258132e-06 4.367765550102032e-06 539097.9564042061 3044
54 9.693865575767437e-07 3.391290053339433e-06 433132.8650780004 2736
57 6.670853785462085e-07 2.670610582627606e-06 368931.8527825677 2276
60 5.786301448509668e-07 2.260807153589412e-06 336746.3895471041 2016
63 4.036452341013691e-07 1.672167080842822e-06 284651.9839760127 1640
66 2.393938221083089e-07 9.496552533909587e-07 242550.4556616381 1056
69 1.404585989356414e-07 7.001058844645435e-07 243661.3661670493 683
72 7.393176457482133e-08 3.769391529597874e-07 242414.5054241605 350
75 4.167544801926326e-08 1.87072931449134e-07 218840.1959916052 192
78 5.118581662178197e-09 4.909502593939572e-08 194070.5273159181 44
81 3.014521837341432e-09 2.805834793911319e-08 188202.3722570154 25


3 1.283764574913703e-07 6.317108057605246e-07 220249532.6931244 18
6 2.9264201571127e-06 8.469951659150604e-06 499431771.4183972 62
9 2.355273666524889e-06 3.873618322411992e-06 121618537.7715467 98
12 3.623833083013845e-06 6.473399517927088e-06 68393773.3092818 210
15 4.559169709433117e-06 6.722793733596741e-06 37447871.59827377 350
18 3.980002327455459e-06 7.134068058562769e-06 23394772.60315759 450
21 3.599975733532406e-06 6.575520509948997e-06 13689533.17064293 602
24 3.060622797699174e-06 5.861331670599397e-06 8249524.916999872 762
27 3.118822521196507e-06 7.079169241555219e-06 5482604.080342801 1142
30 2.456512226157861e-06 5.264266266938869e-06 3431375.175679921 1250
33 2.209198873500658e-06 4.827089675242972e-06 2428895.925041932 1458
36 2.029518944381307e-06 5.067443666027581e-06 1773700.789139384 1814
39 1.93820134276948e-06 5.07529019325628e-06 1337678.963116378 2178
42 1.90373770956889e-06 4.933505519503676e-06 1055113.426455173 2498
45 1.677000621151256e-06 4.863533396200537e-06 882905.8976566761 2622
48 1.813212059136257e-06 5.338304959894047e-06 740431.329453971 3191
51 1.448479776326551e-06 4.831558816771091e-06 629344.3454933766 3044
54 1.121360690326763e-06 3.675296741436486e-06 504757.6204537812 2736
57 7.679683476010473e-07 2.746682117307774e-06 414833.0657505947 2276
60 6.424480202702191e-07 2.392977111741743e-06 380783.2320118797 2016
63 4.533446024378338e-07 1.889907392875847e-06 337454.6641010945 1640
66 2.698080580023909e-07 1.077978954539544e-06 288351.3161235128 1056
69 1.604761735047144e-07 7.026818772183836e-07 268321.5090465664 683
72 8.650066708615969e-08 4.310924864578034e-07 293908.4069557759 350
75 4.493084741261643e-08 1.820307366276421e-07 231768.8215963716 192
78 5.139113900886659e-09 5.512163957969723e-08 226186.8195041582 44
81 4.714722785786013e-09 2.844721621454346e-08 224817.2165540055 25


3 1.805436015207096e-07 4.638943896326546e-07 204342475.0139251 18
6 3.338177917992376e-06 6.619036776927005e-06 469795218.7574441 62
9 2.383914787980381e-06 3.515123392664592e-06 121034638.8836244 98
12 3.771881100008665e-06 5.46140194978816e-06 66447086.09805375 210
15 4.528215347574528e-06 6.098934213480806e-06 37009830.69712481 350
18 3.836080756354406e-06 5.824570659308678e-06 21514951.36755189 450
21 3.484908200344711e-06 6.213164647817638e-06 13583841.05251105 602
24 3.032537461985696e-06 5.744317436885279e-06 8435272.377398092 762
27 3.549965194147812e-06 6.091332731563791e-06 5558736.012220882 1142
30 2.644600408542891e-06 5.299922665923312e-06 3694555.276449325 1250
33 2.218039035171999e-06 5.10267957848169e-06 2607007.769233357 1458
36 2.075253320013579e-06 5.060679092054845e-06 1856813.970841964 1814
39 2.018773828616611e-06 4.923208762662149e-06 1386405.485810035 2178
42 1.891134229483372e-06 5.093776592942671e-06 1113557.99005278 2498
45 1.825639208211799e-06 4.66559867008982e-06 924798.8173018782 2622
48 1.934694889496164e-06 5.627268485958797e-06 814186.5137125793 3191
51 1.572544260354961e-06 5.081826270607375e-06 695126.2690522629 3044
54 1.162814929294382e-06 4.068162248044338e-06 566451.0720139447 2736
57 8.042318727161888e-07 2.934726673877298e-06 456992.9000473412 2276
60 7.159842132560061e-07 2.612686367458317e-06 434893.4678953667 2016
63 5.213495940227568e-07 1.953981030428379e-06 375818.3121961167 1640
66 3.041013594229417e-07 1.218469202824518e-06 338199.9807957024 1056
69 1.718662489977671e-07 7.892832270919859e-07 308230.0787366311 683
72 9.192255735969346e-08 4.321903361470201e-07 311783.5385282855 350
75 5.121078618825171e-08 2.285344261275106e-07 292131.9194412308 192
78 7.667056197824267e-09 5.383108454060088e-08 251610.7018586556 44
81 9.219312721901536e-09 2.288478800975905e-08 264477.3366948128 25


3 2.160092741267592e-07 4.121818772459008e-07 212706905.521425 18
6 3.652670144402058e-06 5.19638882539788e-06 448958989.1888347 62
9 2.3470606290902e-06 2.890969169582688e-06 113865944.8548505 98
12 3.774298577756394e-06 4.786731051716784e-06 64930354.96492559 210
15 4.109065242000636e-06 5.598546333142746e-06 35051897.78516128 350
18 3.678541557973322e-06 5.32385288668969e-06 20923816.92050983 450
21 3.506538016090431e-06 5.481990844608361e-06 13265712.03104699 602
24 3.046654614276765e-06 5.365770932591505e-06 8459076.050336467 762
27 3.182175480450025e-06 6.427103330729974e-06 5632785.934476374 1142
30 2.634678131733968e-06 5.644269284443993e-06 3958846.483689076 1250
33 2.390619207149111e-06 4.950285533738596e-06 2746045.312001824 1458
36 2.146698921440216e-06 5.112812430118571e-06 1963379.747173547 1814
39 2.095544259657995e-06 5.366801396369845e-06 1535201.275532813 2178
42 1.986947518885818e-06 5.338248612192247e-06 1210321.214702553 2498
45 1.757783729620382e-06 5.364552466028607e-06 1027414.799035974 2622
48 2.003315792641832e-06 6.140767763985325e-06 902167.6945766845 3191
51 1.773911977717929e-06 5.014826963395627e-06 748622.052089688 3044
54 1.244918830345293e-06 4.322757913109654e-06 625308.5172579671 2736
57 8.945823905882448e-07 3.219036199608679e-06 521942.6336023689 2276
60 7.357530378549184e-07 2.769912657418369e-06 472556.2618446734 2016
63 5.76837821142099e-07 2.099246995590913e-06 422972.0471646048 1640
66 3.576854402681175e-07 1.403705048848444e-06 406806.4435351309 1056
69 1.943304225388381e-07 8.763003352304984e-07 356832.8226667713 683
72 1.074497362479931e-07 4.253425943233188e-07 337366.3441758322 350
75 5.72847431593338e-08 3.398239770403453e-07 412428.9531472765 192
78 1.238860018436806e-08 5.842976178420456e-08 317890.0480713928 44
81 1.174150501121815e-08 4.046523349039967e-08 417876.0106812989 25


3 2.610855693559019e-07 3.828302762713884e-07 232980828.6433763 18
6 3.67996081535189e-06 4.114917985613084e-06 423373920.1593407 62
9 2.268940710697643e-06 2.620751266011868e-06 111515066.4305318 98
12 3.55006859575972e-06 4.102863404373997e-06 61092696.51262708 210
15 3.940692935430601e-06 5.128367053117991e-06 34240138.83492209 350
18 3.546275354825883e-06 5.004937313988377e-06 20709709.24621693 450
21 3.620308426302893e-06 4.932072924060548e-06 13339029.49669282 602
24 3.086849122792478e-06 4.880205624381458e-06 8420929.093135027 762
27 3.232451027062587e-06 5.884186936163873e-06 5608675.965313477 1142
30 2.680403375423939e-06 5.399117032942185e-06 4029311.570237534 1250
33 2.272761748699068e-06 5.05347011961447e-06 2807122.775717648 1458
36 2.115836115171139e-06 4.96986905062668e-06 1983861.755218625 1814
39 2.220753980020809e-06 5.416542050168029e-06 1633466.308822503 2178
42 2.082761539777348e-06 5.477690771469663e-06 1293941.607805631 2498
45 1.945879482256026e-06 5.480403524739094e-06 1117272.456318295 2622
48 2.191884065675538e-06 5.93358165789113e-06 945776.8717449723 3191
51 1.714251663313284e-06 5.643559682171676e-06 819454.6056569149 3044
54 1.396367601430423e-06 4.415945337455646e-06 682635.8984232915 2736
57 9.834707723610303e-07 3.351869505878107e-06 572015.7878870277 2276
60 7.867264617916694e-07 2.964281061505308e-06 521406.6495668463 2016
63 6.38307132545819e-07 2.28574383700421e-06 478165.5583668832 1640
66 3.874790458889348e-07 1.577301166565187e-06 465411.7430764787 1056
69 2.310802747743013e-07 8.808285072386143e-07 392410.9610211709 683
72 1.180166711002232e-07 5.148889530095638e-07 407200.1983740799 350
75 5.452216340279491e-08 3.427844458460324e-07 421720.5274857323 192
78 1.242393234063149e-08 5.782009762267102e-08 325966.8873581921 44
81 9.848341806311446e-09 3.462967582365045e-08 366775.8262770222 25


3 2.803679019597253e-07 3.485756721160864e-07 240613259.2606674 18
6 3.636300529147928e-06 3.257197905846645e-06 398542765.9491082 62
9 2.243117640118195e-06 2.249400833932708e-06 108028574.9204805 98
12 3.350685764006759e-06 3.908150366346409e-06 59950758.48921923 210
15 3.875155490157063e-06 4.694403099749999e-06 33825460.01033147 350
18 3.394839985941868e-06 4.724194372342283e-06 20403559.27760721 450
21 3.242247355466655e-06 4.958438036556988e-06 13043123.71709647 602
24 2.778748953872909e-06 4.82138535134164e-06 8218314.394733056 762
27 3.336984114575224e-06 5.567655000214411e-06 5741442.302797643 1142
30 2.682432110123633e-06 5.16143321977505e-06 4077593.975336396 1250
33 2.232744151241761e-06 5.155675970667225e-06 2918735.921829613 1458
36 2.215262288246075e-06 4.96165276672413e-06 2095882.84603167 1814
39 2.257278524885547e-06 5.447343321699829e-06 1710474.371161482 2178
42 2.049042881653788e-06 5.765526174964443e-06 1372758.915438442 2498
45 2.055303896587211e-06 5.724394503003229e-06 1215077.690643628 2622
48 2.205633447421244e-06 6.778106784205043e-06 1064009.318301879 3191
51 1.836804791998835e-06 5.639779310741649e-06 871813.3724386434 3044
54 1.374748792777241e-06 4.936202797395755e-06 754201.7457291861 2736
57 1.025510407279709e-06 3.920389304630943e-06 665222.865353229 2276
60 8.281668429828195e-07 3.276811876697489e-06 587444.3958193839 2016
63 6.776712025952691e-07 2.464639101916459e-06 531541.2083174988 1640
66 3.91015123546793e-07 1.691955484857707e-06 506958.0360352437 1056
69 2.647980548411838e-07 1.033587548787144e-06 473318.3902508866 683
72 1.176317967754648e-07 5.871664809125383e-07 460786.7785033004 350
75 6.383467018689995e-08 3.270742352082587e-07 443521.1454785134 192
78 1.284585306229992e-08 7.007364455076371e-08 389310.1664828892 44
81 7.378128013657114e-09 4.734667909713658e-08 423451.9027471257 25


3 3.352702902488807e-07 3.192535031507272e-07 264298649.5548658 18
6 3.205408201723203e-06 2.643238871900479e-06 347309031.6324077 62
9 2.222604006294374e-06 1.813753644786028e-06 101200776.0739925 98
12 3.187828610935194e-06 3.615203695523117e-06 57833045.90061702 210
15 4.052836740528191e-06 4.25470513139045e-06 34178056.7242729 350
18 3.173389790471021e-06 4.5096914252509e-06 19863391.49772546 450
21 3.012519395640727e-06 4.87264083884979e-06 12886667.54660732 602
24 2.736196046339033e-06 4.646071227508491e-06 8296843.503023303 762
27 3.088827792397999e-06 5.925898391659643e-06 5927490.033305174 1142
30 2.639831668931345e-06 5.36801042493393e-06 4299244.718125178 1250
33 2.380481879334127e-06 4.665688141514799e-06 2958450.696632477 1458
36 2.179214109039657e-06 5.245854973109657e-06 2241804.456564012 1814
39 2.284104730452048e-06 5.631597301437125e-06 1829446.587773793 2178
42 2.244698191265198e-06 5.491607937004364e-06 1446667.684232729 2498
45 2.186839570467707e-06 5.914432610756721e-06 1328573.710367237 2622
48 2.351070279692016e-06 6.640227697204472e-06 1127474.159482537 3191
51 1.962946876907689e-06 5.656640793741099e-06 938138.1649675904 3044
54 1.507461829316881e-06 4.64553770817054e-06 787166.0384017334 2736
57 1.202780496675768e-06 3.87334518998545e-06 733334.9269123563 2276
60 9.007420534406595e-07 3.379083035973195e-06 648052.6004572887 2016
63 7.181785454001325e-07 2.507871153426942e-06 575385.216711531 1640
66 4.126400044971168e-07 1.651590187046835e-06 533771.911998231 1056
69 2.873163133481254e-07 1.076725849581183e-06 524462.87152511 683
72 1.349984060147223e-07 6.112904069021459e-07 520431.7352044483 350
75 7.107616605904398e-08 3.726565364394169e-07 528223.6050563556 192
78 1.471410077511485e-08 7.461500692788587e-08 446357.5785206582 44
81 1.147160754270891e-08 4.297598217893237e-08 480988.8204762957 25


3 3.994335718973056e-07 2.645004435557653e-07 287750024.5838426 18
6 2.941459195072867e-06 2.189345208303124e-06 319058800.1580256 62
9 2.091349817108631e-06 1.573018438668017e-06 96010758.55614552 98
12 3.077758876666097e-06 3.473582199074971e-06 57707477.00997849 210
15 3.912723219736811e-06 3.839842596584549e-06 33267891.80092266 350
18 2.965161717411044e-06 4.249598320607316e-06 19282755.26965979 450
21 2.930736654239631e-06 4.546847121968734e-06 12696599.47782022 602
24 2.868364043927462e-06 4.221828180229802e-06 8371121.386854179 762
27 2.948033575265808e-06 5.546262334755978e-06 5786646.491307657 1142
30 2.560986196614151e-06 5.010081408899773e-06 4219948.159615983 1250
33 2.146632448310587e-06 4.876030341203576e-06 2996521.09098355 1458
36 2.261144010845317e-06 4.872462838015051e-06 2254409.199298271 1814
39 2.290014357542744e-06 5.54200659302055e-06 1874449.072972002 2178
42 2.267099727188374e-06 5.855897315150671e-06 1559216.726832227 2498
45 2.229586672675329e-06 5.789329801919494e-06 1365359.558686511 2622
48 2.420631384793921e-06 6.765957183819118e-06 1191766.219297432 3191
51 1.939881235619244e-06 5.868192027217408e-06 987181.0382344243 3044
54 1.555905876860155e-06 4.882233478347278e-06 849082.9183923767 2736
57 1.224016702329156e-06 3.953434126721792e-06 772623.7947699085 2276
60 1.00416978424923e-06 3.25962058372943e-06 679983.9918688409 2016
63 7.492788548621683e-07 2.621513877692092e-06 621099.1523025234 1640
66 4.417331080583518e-07 1.648073216735646e-06 563772.596843236 1056
69 2.88901778978755e-07 1.133439250503012e-06 561503.0458558543 683
72 1.482047664975164e-07 6.116818832485811e-07 554861.7156652387 350
75 6.763275317824715e-08 3.881850768982215e-07 554206.5115688686 192
78 1.698069369689974e-08 8.208884414639546e-08 515180.0418052274 44
81 1.097643664623341e-08 5.252439878721051e-08 557949.2659172204 25


3 4.101560160710687e-07 1.886548214453899e-07 283260198.9128908 18
6 2.692537359827481e-06 1.819068610357465e-06 297560981.0295432 62
9 1.860667499184856e-06 1.467694458673366e-06 90961493.4412802 98
12 3.0580004726275e-06 3.058426592563328e-06 56928337.44857383 210
15 3.474811600335864e-06 3.985967591971173e-06 32766874.67631632 350
18 2.693782795613659e-06 3.916938270813379e-06 18274779.59042933 450
21 2.869000991610406e-06 4.299954295991914e-06 12651284.58332351 602
24 2.668906737127878e-06 4.350891547375373e-06 8469613.838958027 762
27 2.93488322791195e-06 5.212653417072893e-06 5766458.947401719 1142
30 2.556915551822715e-06 4.529268635931991e-06 4124516.012513655 1250
33 2.262468136714949e-06 4.460763202825505e-06 3006241.397538195 1458
36 2.215145695418236e-06 5.011352693000169e-06 2334827.740430654 1814
39 2.422535721773832e-06 5.547780563188212e-06 1975120.191361149 2178
42 2.363022283363704e-06 5.925015342922668e-06 1640509.018490497 2498
45 2.242837478500287e-06 5.887173209644178e-06 1420090.85333893 2622
48 2.570902359349726e-06 6.80285962450142e-06 1257930.081165411 3191
51 2.031061569237183e-06 5.987028139971798e-06 1043543.940497208 3044
54 1.632495294964811e-06 5.200559651738028e-06 922173.0463662378 2736
57 1.224776379786439e-06 4.317476288556756e-06 837580.098088111 2276
60 1.015975737034549e-06 3.28656759833745e-06 704552.7385932447 2016
63 7.454553865284173e-07 2.731080989499495e-06 652426.2330914552 1640
66 5.003485082083143e-07 1.776540087476472e-06 634661.3259615172 1056
69 2.987292980282468e-07 1.218909757340651e-06 610534.2195821453 683
72 1.454830736584021e-07 6.41642332871123e-07 583137.0468165023 350
75 6.154861739885338e-08 3.98012706220944e-07 562040.3746809963 192
78 1.576390525216299e-08 1.010564558994137e-07 597352.2115275019 44
81 1.079551202780659e-08 6.828679574187686e-08 683265.7791620637 25


3 4.183350234221237e-07 1.332901679661627e-07 281059022.8171172 18
6 2.492952914434581e-06 1.578492590507964e-06 281231484.5155923 62
9 1.606492277086937e-06 1.440978512590287e-06 85101362.94526783 98
12 2.97230459113216e-06 2.666018644299106e-06 55175506.80505043 210
15 2.975455628235032e-06 4.096782812646565e-06 31399932.90675222 350
18 2.609335352472379e-06 3.371931793911143e-06 17372886.39576773 450
21 2.678853617200919e-06 4.109794048377342e-06 12348128.58367496 602
24 2.394443698973144e-06 4.455026871880104e-06 8389511.002634631 762
27 2.818655136571297e-06 5.162630544210911e-06 5809870.655504862 1142
30 2.273041159329299e-06 5.015276475672879e-06 4251074.216442323 1250
33 2.183208779153021e-06 4.729941442214252e-06 3148595.448657507 1458
36 2.2250204608213e-06 5.060024568851283e-06 2426744.774382112 1814
39 2.401940437896554e-06 6.001934237177365e-06 2121875.527140528 2178
42 2.373829166663072e-06 6.127404086412797e-06 1727827.003675629 2498
45 2.272911202811284e-06 5.707133614334057e-06 1446256.436558999 2622
48 2.571997220036764e-06 7.344533525112233e-06 1357055.435655474 3191
51 2.063078909720436e-06 6.345794522457794e-06 1121046.655735293 3044
54 1.717725035544305e-06 5.23723255343671e-06 973708.584764729 2736
57 1.350168404415365e-06 4.281128837619697e-06 890749.798845458 2276
60 1.058303807249348e-06 3.755018872321694e-06 801077.344518119 2016
63 7.583011000379838e-07 2.804465465280749e-06 687903.4928323907 1640
66 4.990934257362625e-07 1.908693046793291e-06 683780.1447875567 1056
69 3.084227773600458e-07 1.308054325745637e-06 666096.6051414561 683
72 1.664676117432235e-07 6.618180265400517e-07 642795.1181029024 350
75 6.568199524282263e-08 3.601487795787409e-07 548257.942950221 192
78 1.819334991592511e-08 8.657914373365473e-08 576399.6235133687 44
81 1.515332099734812e-08 5.883441421563608e-08 711942.1316841145 25


3 3.889478817983749e-07 1.123759534035919e-07 260220025.6518159 18
6 2.209247686060576e-06 1.436691281727071e-06 255862937.4305092 62
9 1.397984602532297e-06 1.414594091784646e-06 79281845.28902565 98
12 2.813473675331805e-06 2.56394800076399e-06 53747932.5971012 210
15 2.464746580762624e-06 3.967537492212545e-06 28868853.04927905 350
18 2.431750319543385e-06 3.43187819953342e-06 17331259.67419428 450
21 2.715622981635501e-06 3.808892694891736e-06 12370540.18278918 602
24 2.399401301716281e-06 3.932529243063629e-06 8142496.305018883 762
27 2.769813015955817e-06 5.095863892547496e-06 5913679.355152293 1142
30 2.294803911440127e-06 4.583701674717009e-06 4207298.110844344 1250
33 2.223186747951327e-06 4.684069168937224e-06 3269264.215207375 1458
36 2.249095753635754e-06 5.16312114717578e-06 2554682.033930529 1814
39 2.575309071769048e-06 5.919802606231779e-06 2248422.407430991 2178
42 2.429030003090739e-06 5.967279186173935e-06 1781627.720061305 2498
45 2.21929808151128e-06 5.975250746014333e-06 1525630.832019702 2622
48 2.625335189266636e-06 7.210938394945169e-06 1404430.888502688 3191
51 2.222100659453494e-06 6.64619385561002e-06 1232643.641894932 3044
54 1.721343428218037e-06 5.591845601896116e-06 1053905.947334295 2736
57 1.366640745440107e-06 4.504024831538605e-06 959259.1436207807 2276
60 1.091111042699036e-06 3.942571410257222e-06 868687.3421486696 2016
63 8.536228798146703e-07 2.962837574369969e-06 773203.0089312936 1640
66 5.402592305561783e-07 1.987558989394727e-06 750686.3869169403 1056
69 3.084664146143118e-07 1.328907423756591e-06 700676.2382760207 683
72 1.689112938738373e-07 6.644229737490985e-07 673498.6361253436 350
75 7.383555302521639e-08 3.262623499823983e-07 553922.0526043233 192
78 2.167209523412918e-08 8.367510021255852e-08 623260.1808354732 44
81 1.42012092288301e-08 4.346898139759978e-08 600830.4893611626 25


3 3.472663886818617e-07 1.041538604515456e-07 233499489.582191 18
6 1.920090095733577e-06 1.398056940788567e-06 233421603.7673873 62
9 1.206610140873935e-06 1.467640169479219e-06 75730629.05843028 98
12 2.573224195600874e-06 2.560472076250628e-06 51875937.30658576 210
15 2.29237268724707e-06 3.601816102026223e-06 27394094.76407099 350
18 2.339471066407246e-06 3.276582918646072e-06 17101924.55503461 450
21 2.6936159109953e-06 3.743154880664321e-06 12568904.34719179 602
24 2.284776991904439e-06 3.705370914310911e-06 7962436.248353899 762
27 2.785586471483597e-06 4.844471993303734e-06 5971766.591132446 1142
30 2.262043423204799e-06 4.221384776448259e-06 4139982.84647304 1250
33 2.212093889968626e-06 4.511926170617244e-06 3312747.282211546 1458
36 2.310953996815616e-06 4.95639641779723e-06 2621512.503327434 1814
39 2.494701641838772e-06 5.991212773800893e-06 2321791.613382695 2178
42 2.358476280664576e-06 6.021135129714642e-06 1840769.923260815 2498
45 2.454047995773411e-06 5.757466709826092e-06 1616775.861028161 2622
48 2.67277755520614e-06 7.028059141121069e-06 1449542.489524098 3191
51 2.304279453805336e-06 6.306474843219054e-06 1260852.343521242 3044
54 1.878869562061332e-06 5.528524088317088e-06 1127100.751608861 2736
57 1.366366227906601e-06 4.418446139836479e-06 988354.379545651 2276
60 1.167569251564001e-06 3.879083490636851e-06 919017.1863719607 2016
63 9.081635439049934e-07 2.955712870202021e-06 823429.6514913677 1640
66 5.630595637008637e-07 1.886996368181564e-06 768749.8888215004 1056
69 3.292653715248415e-07 1.272672604705788e-06 726957.3043272103 683
72 1.687977998506516e-07 6.594172666245539e-07 699214.2884866096 350
75 8.365113903917939e-08 3.111943152460127e-07 585117.4452181758 192
78 2.294901708473921e-08 8.988708554182826e-08 694431.9177391094 44
81 1.330015678351345e-08 3.891994572751198e-08 568804.6274806997 25


3 3.176791883015823e-07 1.27514599343571e-07 234285302.833317 18
6 1.671559780958358e-06 1.374243154291648e-06 219169420.6891673 62
9 1.026761491834936e-06 1.420473111273306e-06 70633131.19664921 98
12 2.247770690274831e-06 2.565759723563609e-06 49566744.11019014 210
15 2.321374925726412e-06 3.153051639183896e-06 26615259.37108374 350
18 2.170692026820535e-06 3.010972453106124e-06 16291955.62747289 450
21 2.293885462047904e-06 3.953656986831662e-06 12307586.8098728 602
24 2.108464588455158e-06 3.702799603676162e-06 7897441.997405959 762
27 2.614352717997546e-06 4.771224070408366e-06 5926323.192056422 1142
30 2.138877752298337e-06 4.067970376627924e-06 4075216.814073515 1250
33 2.147070577089026e-06 4.566248987425986e-06 3392084.954901236 1458
36 2.216553602371012e-06 4.897846235385339e-06 2634443.164914775 1814
39 2.53195275628175e-06 5.680381259489133e-06 2331507.445105953 2178
42 2.498333688099454e-06 5.633748027188322e-06 1866017.266121767 2498
45 2.284782519102845e-06 6.173960768996106e-06 1687211.418016814 2622
48 2.665289539553536e-06 6.971640143113428e-06 1483686.959762137 3191
51 2.31909266088173e-06 6.393383688447869e-06 1312300.906932686 3044
54 1.897273343184972e-06 5.670939339175416e-06 1183287.345125638 2736
57 1.459408595999627e-06 4.299737982996506e-06 1024923.286754951 2276
60 1.193326607105215e-06 4.022305152294696e-06 976016.10252736 2016
63 9.242465366511793e-07 3.172333928258715e-06 892746.1405145327 1640
66 5.797820685912031e-07 1.956297137684165e-06 818723.1190801808 1056
69 3.397623493091087e-07 1.310319357797183e-06 771225.2321392983 683
72 1.614750463421926e-07 6.625965845431687e-07 711709.9118649389 350
75 9.100785069117182e-08 3.525175376185273e-07 672963.7899227366 192
78 2.36909069764043e-08 9.22160319231801e-08 735425.5697587314 44
81 1.323957087882899e-08 3.888814701389259e-08 584755.7612297847 25


3 2.786081512899856e-07 1.511086742305491e-07 234620243.7208769 18
6 1.448641723648876e-06 1.357567938781449e-06 208791534.5782512 62
9 9.427946153114122e-07 1.386895666257089e-06 69050055.71423662 98
12 1.920273379523028e-06 2.60252699322911e-06 47418619.95525317 210
15 2.231759121638197e-06 2.804740099678635e-06 25615681.55445452 350
18 1.947761428564221e-06 2.843962779733907e-06 15489488.24623589 450
21 2.137576110469203e-06 3.850857114890588e-06 12066660.67886746 602
24 1.996857910594052e-06 3.748266728680834e-06 7958567.662193023 762
27 2.37844532721387e-06 4.669113180750265e-06 5754533.908421227 1142
30 2.050936592117654e-06 4.339749614377489e-06 4246321.450986914 1250
33 2.192543357353823e-06 4.469628639623897e-06 3466227.285978616 1458
36 2.220759914274027e-06 4.863360990705996e-06 2687789.160964959 1814
39 2.379687278653286e-06 5.662320843022188e-06 2316818.283214042 2178
42 2.39787626035728e-06 6.09445285391997e-06 1960708.035327889 2498
45 2.459618084787868e-06 5.885808498340011e-06 1726476.933542587 2622
48 2.595379528516831e-06 7.260667203990591e-06 1533985.132947667 3191
51 2.315647125003547e-06 6.370784525543583e-06 1335073.871758115 3044
54 1.950057355433145e-06 5.746371605978047e-06 1228545.021474633 2736
57 1.3899692265387e-06 4.496518758631918e-06 1053525.79611714 2276
60 1.199568456020274e-06 4.030151000598256e-06 996162.2058636837 2016
63 9.060377675522568e-07 3.413541605981433e-06 944690.15243954 1640
66 5.532409507189634e-07 2.204894593947563e-06 884461.825561502 1056
69 3.345269296373947e-07 1.400252904948826e-06 814212.5808338316 683
72 1.493878903260015e-07 7.716665460331213e-07 781649.2476195783 350
75 9.712224654029125e-08 3.433375315402923e-07 690846.7387111129 192
78 3.047587881853187e-08 9.38493737309396e-08 837337.847604526 44
81 1.33916678577959e-08 4.664888660808887e-08 669115.3670027652 25


3 2.275539244624546e-07 1.860545386849179e-07 222543273.8269812 18
6 1.205506612491759e-06 1.288373986047411e-06 188313768.0122263 62
9 9.595865583712033e-07 1.234941376337139e-06 68243096.12432149 98
12 1.786065233968854e-06 2.405113794728109e-06 45339324.46739722 210
15 2.227796141490864e-06 2.70986919504792e-06 26008601.94778018 350
18 1.760790320856901e-06 2.720385229462274e-06 14815177.76553323 450
21 2.112830856879973e-06 3.284891818791292e-06 11429070.49725263 602
24 1.915369279253357e-06 3.406379587923603e-06 7648592.995442596 762
27 2.380222957623706e-06 4.275726477986193e-06 5665167.448796818 1142
30 2.075253651986837e-06 4.064282261742879e-06 4244484.958664576 1250
33 2.020926390788166e-06 4.32042375352194e-06 3374046.168412528 1458
36 2.256947491611489e-06 4.862374473024836e-06 2786380.767680649 1814
39 2.365722956244984e-06 5.414221505595504e-06 2319877.59155826 2178
42 2.432040405407206e-06 5.895126564338564e-06 1992237.199862035 2498
45 2.405231976367771e-06 6.245200607688269e-06 1820054.816498026 2622
48 2.722826575357496e-06 7.127020549843771e-06 1592817.928647189 3191
51 2.339785674267675e-06 6.710608769305927e-06 1422784.017529533 3044
54 1.961576935119514e-06 5.820189098398859e-06 1276821.599426157 2736
57 1.481451007859727e-06 4.416579672674612e-06 1099576.448635413 2276
60 1.256311949519317e-06 4.103369110755097e-06 1054871.668944397 2016
63 1.020701308251072e-06 3.359207339403517e-06 1005884.216982911 1640
66 5.829765231100764e-07 2.166076188555474e-06 916423.7668380728 1056
69 3.819102063777938e-07 1.389319836461464e-06 873987.8893143616 683
72 1.674619503806646e-07 7.833462547616069e-07 841621.9714490089 350
75 1.046489473608388e-07 3.263169742244619e-07 711256.385071741 192
78 2.815885949027754e-08 1.259729173123918e-07 1002081.150646776 44
81 1.419260169298131e-08 5.599063344055235e-08 787639.9123129559 25


3 2.094034771745985e-07 1.880814605046554e-07 214403244.6776692 18
6 1.073378280538378e-06 1.174317089238719e-06 172481847.5258995 62
9 8.946635980023994e-07 1.121484923254124e-06 64337662.54570181 98
12 1.51963351388494e-06 2.34131908912256e-06 42176597.56040538 210
15 2.080646940107422e-06 2.680946122270068e-06 25463451.59978653 350
18 1.698925905844215e-06 2.660255638860783e-06 14792441.63677681 450
21 2.005641179548219e-06 3.010178989117352e-06 10958741.08567124 602
24 1.981611613485297e-06 2.965467823609222e-06 7475358.696833972 762
27 2.233354919166455e-06 4.083894082659716e-06 5532246.506905704 1142
30 2.026222406366842e-06 4.099883353277381e-06 4358496.492471295 1250
33 1.987112998724114e-06 4.254287252432135e-06 3436499.122322477 1458
36 2.051750597937834e-06 4.633880953664615e-06 2692839.919063964 1814
39 2.32223827025916e-06 5.367558885274322e-06 2372077.511011611 2178
42 2.45520094709269e-06 5.904106691801548e-06 2075195.418406049 2498
45 2.417193311683406e-06 6.042787675545519e-06 1856286.291576389 2622
48 2.748871212863333e-06 7.063167672139567e-06 1650412.591255591 3191
51 2.438106274984446e-06 6.651343502060816e-06 1494415.050014934 3044
54 2.014383574540976e-06 5.91584539902691e-06 1354505.64138741 2736
57 1.475645835476937e-06 4.662433136892241e-06 1180167.015231724 2276
60 1.23745689497467e-06 3.971485436258168e-06 1069370.905037384 2016
63 1.062662163987248e-06 3.345099639690641e-06 1059670.997194579 1640
66 6.24134475443329e-07 2.062994887877403e-06 948697.713438563 1056
69 3.782536043155276e-07 1.418642371243855e-06 919179.8884638866 683
72 1.968317354628859e-07 7.03664759273494e-07 864531.0822156997 350
75 1.068266288825634e-07 3.586892464695738e-07 787594.9550402556 192
78 2.53549411602981e-08 1.145589097708326e-07 947849.7212755833 44
81 1.554992492437102e-08 6.35296937991839e-08 918235.2994455149 25


3 1.608218957097723e-07 1.920309247598743e-07 189182433.3840605 18
6 9.383038817555021e-07 1.056996367520127e-06 156150951.4516875 62
9 8.125007287319837e-07 1.106586072446834e-06 62348730.75734657 98
12 1.415870876996927e-06 2.267566510530875e-06 41309375.63497511 210
15 1.910438978965037e-06 2.74736075728728e-06 25303683.62486914 350
18 1.542475487106498e-06 2.522548956385686e-06 14152775.70552415 450
21 1.91629768843785e-06 2.878085539244438e-06 10775033.86363455 602
24 1.883546244233994e-06 2.923013845179171e-06 7444121.303409482 762
27 2.1415780527997e-06 3.98981819724478e-06 5535408.475004267 1142
30 2.052398823203719e-06 3.834820623867824e-06 4366518.717727512 1250
33 2.042770355629067e-06 3.796840205004151e-06 3374889.973954436 1458
36 2.155365263873933e-06 4.37779176111293e-06 2755382.142995244 1814
39 2.361911419417296e-06 5.22855119389477e-06 2437113.317364423 2178
42 2.477208547655191e-06 5.892879078660774e-06 2156755.338861787 2498
45 2.511880075135752e-06 5.820016122907065e-06 1911528.61209354 2622
48 2.79287977375545e-06 6.967380097691282e-06 1708310.047998107 3191
51 2.38783932396292e-06 6.514410062383723e-06 1519162.553113967 3044
54 2.111612341679053e-06 5.677184563041018e-06 1395843.991144913 2736
57 1.539750736541053e-06 4.660166587742074e-06 1245239.554746479 2276
60 1.233567149716416e-06 3.944307449492916e-06 1105325.051682548 2016
63 9.84235491944444e-07 3.488015508790451e-06 1100844.048006615 1640
66 6.245791706892456e-07 2.078857294192595e-06 990850.2410001125 1056
69 4.019361865916396e-07 1.311847204288462e-06 928328.2720568855 683
72 2.199039971121424e-07 6.131674658609273e-07 860170.6437662337 350
75 1.024179483969198e-07 3.854840472805843e-07 843343.8335295769 192
78 2.443818889727219e-08 1.323305732088442e-07 1082513.681357512 44
81 1.794404211837468e-08 4.850598610492048e-08 853377.3006588649 25


3 1.299615494978268e-07 1.843806847833911e-07 170860430.466089 18
6 8.109683335853067e-07 1.032409343406018e-06 147020973.8925025 62
9 7.347981006877588e-07 1.064828732900831e-06 59810241.16120848 98
12 1.351726366400468e-06 2.112765515221463e-06 40017544.23008766 210
15 1.684120453422899e-06 2.742122563112712e-06 24437948.16950947 350
18 1.50093556461702e-06 2.405027073430828e-06 14000005.31277859 450
21 1.738862230492537e-06 2.82145850479896e-06 10457142.16966519 602
24 1.769307187880964e-06 2.950912836166193e-06 7460083.501731805 762
27 2.166191225095225e-06 3.692140273870489e-06 5478451.639058429 1142
30 2.054079787543929e-06 3.759848161980924e-06 4435281.073134881 1250
33 1.926147161612633e-06 3.961356639122629e-06 3455590.389160832 1458
36 2.113961712387367e-06 4.310828328456041e-06 2778454.410233488 1814
39 2.351348288406215e-06 5.017329861111105e-06 2435778.943199737 2178
42 2.574669286382794e-06 5.838279671043123e-06 2233824.423795476 2498
45 2.410547262068323e-06 5.925458778809125e-06 1947381.844700346 2622
48 2.74175701933253e-06 6.953387917711723e-06 1735882.134950844 3191
51 2.444608616111465e-06 6.343191297084904e-06 1545598.923187768 3044
54 2.040477194872526e-06 5.919878629332046e-06 1448663.787433201 2736
57 1.64226666351296e-06 4.535408155651599e-06 1285445.443130593 2276
60 1.256953885191004e-06 3.91745505221599e-06 1134846.519486576 2016
63 1.051105784304854e-06 3.19468491877184e-06 1090911.608536785 1640
66 6.468513998845984e-07 2.143516931561171e-06 1048203.947631813 1056
69 4.077145755070436e-07 1.25050358262086e-06 928542.8691317674 683
72 1.814774754111114e-07 6.612583891625491e-07 859561.8412134773 350
75 9.571695677608515e-08 3.955094319775281e-07 858952.7772981626 192
78 2.785875338216275e-08 1.238510876617835e-07 1098062.843365444 44
81 1.76670285856974e-08 5.612766192236459e-08 948577.4267048384 25


3 1.041679432519193e-07 1.653111299395219e-07 148913259.4475999 18
6 7.157730962913102e-07 1.00485041481362e-06 140165843.7398281 62
9 6.780501807474249e-07 1.029805508021667e-06 58142201.85537119 98
12 1.299093553969926e-06 1.98462739799473e-06 39106136.12338354 210
15 1.555634904985506e-06 2.616244133378831e-06 23564323.01213988 350
18 1.455548710471929e-06 2.149190785286299e-06 13416033.52934168 450
21 1.613637546571817e-06 2.732363715691915e-06 10184310.83010812 602
24 1.650388536781091e-06 2.980323236617064e-06 7439813.540066006 762
27 2.024066703304728e-06 3.698074443272278e-06 5443027.888561084 1142
30 1.927581027240505e-06 3.770577184734775e-06 4416541.83405908 1250
33 1.908447712902056e-06 3.994922463323952e-06 3533530.055898753 1458
36 1.983030563307931e-06 4.548695598952852e-06 2844390.185093746 1814
39 2.101673841625631e-06 5.380039286937141e-06 2466643.158015821 2178
42 2.462607802599995e-06 5.870555834426104e-06 2243154.326406099 2498
45 2.388297334625739e-06 6.052148381656127e-06 2001809.900813774 2622
48 2.708773034237577e-06 6.897712586908889e-06 1751916.973500842 3191
51 2.37073518464678e-06 6.373671030649676e-06 1559345.751659519 3044
54 2.01959168650464e-06 5.828947626583302e-06 1453739.965921106 2736
57 1.595136555799224e-06 4.866279731777992e-06 1349962.638458627 2276
60 1.232933192806519e-06 4.152339199591808e-06 1187546.244950985 2016
63 1.060885956745322e-06 3.328319671038731e-06 1142467.307869019 1640
66 6.465568596127427e-07 2.135986351937398e-06 1063236.50630087 1056
69 3.75236806377417e-07 1.458650193508269e-06 1009266.437878102 683
72 1.641954696519931e-07 7.467594208877554e-07 913810.4406183686 350
75 1.088022332790016e-07 3.941863662402488e-07 910593.2970644266 192
78 2.558628772065579e-08 1.196493291174407e-07 1057942.545730951 44
81 1.65363157269001e-08 8.207541804502985e-08 1203601.919306119 25


3 8.652444453828611e-08 1.501502800946768e-07 132934745.0107686 18
6 6.098583403675694e-07 1.058491912426477e-06 136036757.0931357 62
9 6.737924684274437e-07 8.850632605585896e-07 55588325.38089262 98
12 1.269399355700406e-06 1.776698474484624e-06 37714034.65121556 210
15 1.528491300177436e-06 2.41909987538974e-06 23096244.61747046 350
18 1.350303655866029e-06 2.109847464081641e-06 13140022.64416716 450
21 1.513344484563264e-06 2.63180974601432e-06 9947032.131446812 602
24 1.631219375400119e-06 2.693072324549994e-06 7223035.301487701 762
27 1.877782517658669e-06 3.786495993870463e-06 5463341.844776588 1142
30 1.883555054517905e-06 3.386167219435762e-06 4243148.704251764 1250
33 1.883383833451766e-06 3.811422183612704e-06 3516067.598116233 1458
36 2.081732008604541e-06 4.22681201179066e-06 2867519.726089338 1814
39 2.317612967145951e-06 4.774242065456322e-06 2472318.734233882 2178
42 2.442568640806093e-06 5.965805971565354e-06 2315724.826413373 2498
45 2.466991260622758e-06 5.786145635177749e-06 2030847.299061854 2622
48 2.725931102837683e-06 6.969820416892921e-06 1813574.7935714 3191
51 2.353292472587983e-06 6.543525622591128e-06 1620476.048010151 3044
54 1.995454996561175e-06 5.66902925492029e-06 1460111.059773089 2736
57 1.598185886529021e-06 4.644697262179708e-06 1347939.199071445 2276
60 1.250542544436114e-06 4.088133864196384e-06 1212900.180939951 2016
63 1.084989438612867e-06 3.276401774213671e-06 1171848.775979421 1640
66 6.461518527981823e-07 2.092693754240062e-06 1077255.5196223 1056
69 3.585072777902134e-07 1.384814639826349e-06 984914.6642889462 683
72 1.848100959476777e-07 7.407494869555684e-07 969981.6724367284 350
75 1.165322735361796e-07 4.188650796157544e-07 996126.9064491596 192
78 3.084180852964229e-08 1.132264142791394e-07 1118111.265475729 44
81 1.341367550437798e-08 6.208405759397361e-08 955335.5762002533 25


3 7.015690888677182e-08 1.296141024685125e-07 114735369.6316296 18
6 5.265966486703084e-07 9.866009586643668e-07 125960220.0420997 62
9 6.907382135882898e-07 7.826224327237763e-07 54577193.13558391 98
12 1.302269765297608e-06 1.779915902425969e-06 39170697.23940945 210
15 1.56404744908014e-06 1.997817465859732e-06 21896922.87741601 350
18 1.19874662457653e-06 2.063383559793708e-06 12578509.27743095 450
21 1.558591262659738e-06 2.312395582167515e-06 9722424.257563073 602
24 1.582290690532486e-06 2.557976714027806e-06 7118530.254356792 762
27 2.028660608925306e-06 3.399186999284653e-06 5512965.073280279 1142
30 1.725735747363085e-06 3.44338332604094e-06 4229602.556555005 1250
33 1.836694473015127e-06 3.558511243750512e-06 3450848.573106847 1458
36 2.003344777035935e-06 4.21400233134597e-06 2900056.247835753 1814
39 2.197897671382277e-06 4.820424236142162e-06 2502620.107770083 2178
42 2.504425515690013e-06 5.519350788534035e-06 2312778.252392657 2498
45 2.426913757672544e-06 5.8442978467364e-06 2095033.443966126 2622
48 2.702533791787733e-06 6.83413870895676e-06 1847270.643055512 3191
51 2.374084490456901e-06 6.269042674759233e-06 1640270.186637004 3044
54 2.021330521825571e-06 5.375822536893039e-06 1471526.607965662 2736
57 1.579787516521348e-06 4.446381435322354e-06 1352841.63520702 2276
60 1.319136587099156e-06 3.92926824621558e-06 1251922.01573522 2016
63 1.068621437440169e-06 3.245490328669503e-06 1199058.06136494 1640
66 6.288132106230203e-07 2.166672567988445e-06 1129695.030482302 1056
69 4.04377658369098e-07 1.28197442694649e-06 1016897.623788309 683
72 1.951763871348244e-07 7.71766202092405e-07 1054567.985896577 350
75 1.121136567944264e-07 4.375669615255027e-07 1047508.44161202 192
78 2.845287601293968e-08 1.237209343328388e-07 1194645.343499189 44
81 1.495424307612063e-08 4.702742674080971e-08 863898.0050819423 25


3 6.023567154840421e-08 1.174726677869665e-07 104919899.5231148 18
6 4.588502055185839e-07 9.089998755687189e-07 117066623.5651738 62
9 6.985995415069953e-07 7.175885477398595e-07 53965109.00783393 98
12 1.280935541723863e-06 1.632949240268091e-06 38173594.18205285 210
15 1.5789668021831e-06 1.68962668477219e-06 20870959.3919789 350
18 1.185196770383042e-06 1.910605711130816e-06 12365654.16181355 450
21 1.52929117174085e-06 2.236254276686845e-06 9717722.288571404 602
24 1.427913675454106e-06 2.383415570808985e-06 6718195.404262546 762
27 2.017768461135037e-06 3.216117600994124e-06 5493096.559306112 1142
30 1.726345216040912e-06 3.244165576011606e-06 4223250.480283948 1250
33 1.778263150760474e-06 3.537176161651724e-06 3498356.404850676 1458
36 1.975144910913504e-06 4.00628097959437e-06 2892563.6514252 1814
39 2.242249511716994e-06 4.866572776373828e-06 2622749.329035608 2178
42 2.355866002228466e-06 5.547824678862596e-06 2338683.21926604 2498
45 2.471334209730188e-06 5.661007055773978e-06 2142765.433826914 2622
48 2.757020463021257e-06 6.525246910482182e-06 1874787.816204073 3191
51 2.531013961435855e-06 5.835435983945998e-06 1669550.048552723 3044
54 1.970505385513031e-06 5.443629786821343e-06 1520957.153090042 2736
57 1.60120698611334e-06 4.574089544353456e-06 1434244.591503385 2276
60 1.318470740352487e-06 3.818399425896034e-06 1274559.51351398 2016
63 1.083498269699934e-06 3.231728402750796e-06 1246085.932574728 1640
66 6.517205820783828e-07 2.116382505650162e-06 1169759.638023951 1056
69 4.101582394991079e-07 1.272846282850264e-06 1054852.882141103 683
72 1.953501171391136e-07 8.049770101414614e-07 1128963.526654912 350
75 1.044462020461185e-07 4.421191904914103e-07 1071668.50556919 192
78 3.121563474238144e-08 1.25446153175717e-07 1292401.352363455 44
81 2.016016853935989e-08 4.061811551589425e-08 938609.7462613629 25


3 5.541964099580462e-08 1.117980089735076e-07 100922008.2219214 18
6 4.455783890880002e-07 8.211341207847101e-07 111793061.6342582 62
9 6.426948556356654e-07 6.798956248036041e-07 51637952.65487556 98
12 1.202123219677081e-06 1.483869094883707e-06 36223643.59947239 210
15 1.509325312116586e-06 1.616204628744876e-06 20495318.96166995 350
18 1.200746059629148e-06 1.803595382614522e-06 12388972.15843602 450
21 1.490098215299854e-06 2.264489523488036e-06 9907500.129031014 602
24 1.354058382629752e-06 2.265567844481662e-06 6542898.38534469 762
27 1.793848074430794e-06 3.3322388991319e-06 5439223.529245378 1142
30 1.762250553526221e-06 2.988064363782096e-06 4179406.592084323 1250
33 1.746189123048096e-06 3.424870922991676e-06 3493865.908486755 1458
36 1.910180981232067e-06 3.901924960999677e-06 2879496.79838593 1814
39 2.249469458577002e-06 4.698200229801209e-06 2637801.871684314 2178
42 2.460247132499957e-06 5.200296281700957e-06 2349585.973948364 2498
45 2.517061576425626e-06 5.423970771759308e-06 2158871.721617122 2622
48 2.697956848528037e-06 6.469064554575534e-06 1895297.735278959 3191
51 2.349351334943716e-06 6.346719141220136e-06 1747852.887429291 3044
54 2.026790139378214e-06 5.188551096346776e-06 1530050.737914939 2736
57 1.625792613697195e-06 4.399269902696909e-06 1443011.807631349 2276
60 1.262604439037695e-06 3.78716469955405e-06 1278958.870259737 2016
63 1.039835653389395e-06 3.318963078399944e-06 1279731.743084471 1640
66 7.089135224619598e-07 1.990005516930232e-06 1190388.411222807 1056
69 4.119748255003368e-07 1.326863502320659e-06 1112068.358432996 683
72 2.314187914040541e-07 6.849345572830695e-07 1105024.682546871 350
75 1.145846132137843e-07 3.897694340206736e-07 1041737.085941661 192
78 3.267730698517219e-08 1.233606469470245e-07 1330223.331245594 44
81 1.833639189679017e-08 4.300275588822306e-08 948798.5763482135 25


3 5.466138463537422e-08 9.165735466273279e-08 91714746.1268937 18
6 4.405836469242476e-07 7.278136254900637e-07 106492022.5088091 62
9 5.96546596083876e-07 6.74341472902415e-07 50946600.81325996 98
12 1.092859155519518e-06 1.489848972996752e-06 35497234.01497826 210
15 1.366280055227024e-06 1.650304865962844e-06 20177576.10609393 350
18 1.23931011217342e-06 1.667945331449899e-06 12456713.8156494 450
21 1.495961944974166e-06 2.081355818513029e-06 9784426.198883537 602
24 1.329705775533755e-06 2.133879797052153e-06 6440466.805185525 762
27 1.716075035950171e-06 3.28320701828607e-06 5400585.469498966 1142
30 1.676143801454807e-06 2.943680890945939e-06 4143820.861261607 1250
33 1.661380640781413e-06 3.381448066545498e-06 3462561.498542479 1458
36 1.910548416972962e-06 3.911473360810015e-06 2941732.920438742 1814
39 2.184558013640706e-06 4.853762733711186e-06 2705025.948978802 2178
42 2.355388036880468e-06 5.192260420530261e-06 2348630.524411939 2498
45 2.35255035248853e-06 5.774193517093549e-06 2216443.380348634 2622
48 2.643014469431059e-06 6.433703116815493e-06 1906949.430964116 3191
51 2.416370229867499e-06 5.904898509518865e-06 1721902.13677924 3044
54 1.954896838365362e-06 5.389605702771853e-06 1569713.279256168 2736
57 1.596165202172042e-06 4.374962341029817e-06 1452242.968286475 2276
60 1.336646600111429e-06 3.847678491823915e-06 1341050.813294751 2016
63 1.076329437681525e-06 3.216954149418575e-06 1291041.018378171 1640
66 7.114988063825918e-07 2.033201647425257e-06 1229329.954066947 1056
69 3.873812777400659e-07 1.365418530777902e-06 1124524.45135253 683
72 2.328539415498287e-07 7.374295931380954e-07 1179338.938424705 350
75 1.228108130520251e-07 3.408693474297722e-07 1004801.720888319 192
78 3.120897234140985e-08 1.084371637080132e-07 1223706.641078962 44
81 1.57919514948085e-08 5.361823191577565e-08 1032929.518215023 25


3 5.349549036384341e-08 7.764187511019242e-08 85735475.73638117 18
6 4.227290985196439e-07 6.432252853813266e-07 100598675.1376323 62
9 5.424895994250488e-07 6.849958325023145e-07 49972667.95560847 98
12 9.664573896166331e-07 1.332994168888213e-06 32424632.2416908 210
15 1.201205871563381e-06 1.653780253592576e-06 19326039.2984026 350
18 1.286772212335913e-06 1.63610049398427e-06 12962834.01662642 450
21 1.451982716652488e-06 2.078467921287004e-06 9881223.07026048 602
24 1.304142557309589e-06 2.049582797900128e-06 6413409.876168591 762
27 1.741519242116643e-06 2.978726204935792e-06 5296361.35042982 1142
30 1.550997480714979e-06 3.064527454274131e-06 4178001.23741887 1250
33 1.662444892629122e-06 3.27644026137161e-06 3484652.641424648 1458
36 1.872704578503644e-06 3.850232676000814e-06 2957254.053053751 1814
39 2.192215322240714e-06 4.624353803272089e-06 2697453.306212395 2178
42 2.294484096646967e-06 5.323091515317529e-06 2408065.352590112 2498
45 2.468554688296937e-06 5.504529136297209e-06 2251887.756557873 2622
48 2.657878732253093e-06 6.362405021131534e-06 1941695.804919164 3191
51 2.33562816375848e-06 5.978036571315062e-06 1747376.393032273 3044
54 1.905482116475009e-06 5.274441945007095e-06 1566198.125090551 2736
57 1.533796321728336e-06 4.628223234550737e-06 1510180.934812238 2276
60 1.322327104664978e-06 3.876769280593353e-06 1370103.440555161 2016
63 1.063814660718322e-06 3.286583239450173e-06 1329733.321744972 1640
66 6.458965571542188e-07 2.166984636561859e-06 1256910.670304978 1056
69 4.188634125432395e-07 1.347053591744049e-06 1171899.824775167 683
72 2.004142361247348e-07 7.088844783850755e-07 1110101.907389264 350
75 1.157734532621061e-07 4.045396528541852e-07 1111396.180108468 192
78 2.602196913414758e-08 1.130516758820895e-07 1203168.997547009 44
81 1.225038100354278e-08 6.444743053739802e-08 1091337.819699283 25


3 4.73988112653059e-08 6.407038792328423e-08 75177774.10814515 18
6 4.30189415007423e-07 5.7571689296846e-07 98623603.70256692 62
9 4.726548997468699e-07 6.546632073297011e-07 46414937.91171554 98
12 9.089771409095028e-07 1.18350528407506e-06 30379093.13246415 210
15 1.063869793054624e-06 1.671699459448264e-06 18661670.21085752 350
18 1.27343126505061e-06 1.611970515189396e-06 13079643.22965885 450
21 1.220782514245011e-06 2.1903687232896e-06 9519736.634143632 602
24 1.285689019261318e-06 1.998651163235711e-06 6441129.681805383 762
27 1.753704140565692e-06 2.846587242763557e-06 5324507.633762488 1142
30 1.571330946612507e-06 2.910434919829916e-06 4198970.552829189 1250
33 1.614003228360216e-06 3.248388900788589e-06 3514329.971440082 1458
36 1.806264432205324e-06 3.843481246996611e-06 2986939.547683931 1814
39 2.104443142285596e-06 4.631447074457935e-06 2724758.036100283 2178
42 2.37602080694618e-06 5.269007306455205e-06 2499388.379975281 2498
45 2.383707250792694e-06 5.480630572192673e-06 2273937.057264501 2622
48 2.541502899000394e-06 6.283700140760879e-06 1945751.323704664 3191
51 2.380781540877403e-06 5.83778037762067e-06 1787600.776571889 3044
54 1.982618938847935e-06 5.22299644588707e-06 1629410.369261673 2736
57 1.664182820737346e-06 4.365091225979263e-06 1551345.482620988 2276
60 1.289084348314964e-06 3.819862209733328e-06 1384759.36230043 2016
63 1.099100423647251e-06 3.138072081141563e-06 1348930.705671402 1640
66 6.658764209874637e-07 2.001543669691328e-06 1247506.785899998 1056
69 4.142416510669562e-07 1.465390534241719e-06 1268486.111922683 683
72 2.086748923963328e-07 7.212190242043649e-07 1174298.983254003 350
75 9.852946879643512e-08 4.390294469888038e-07 1144130.474745169 192
78 2.724380623288366e-08 1.134641940817685e-07 1264307.360687122 44
81 2.189815068411628e-08 4.689466553087122e-08 1162417.300067978 25


3 4.615850869896637e-08 5.852013220080213e-08 72573325.84958997 18
6 4.320963575653352e-07 5.3271344032442e-07 97373503.09414692 62
9 4.07657916062337e-07 6.010138680003974e-07 42243336.90298885 98
12 8.516283624240383e-07 1.116150281943183e-06 29155283.7302854 210
15 9.312650030407379e-07 1.652137012068011e-06 17885707.66690502 350
18 1.224240856734146e-06 1.645776163289252e-06 13199548.67050679 450
21 1.151450346588157e-06 2.04552393761382e-06 9186284.833075911 602
24 1.12789261256121e-06 2.067234930833902e-06 6325275.657066792 762
27 1.602947104484111e-06 2.78920223021054e-06 5179636.593651742 1142
30 1.581752527043359e-06 2.751990657488249e-06 4200901.515462179 1250
33 1.614438872340071e-06 3.053342789510684e-06 3496589.550906863 1458
36 1.776416268785513e-06 3.524168530442926e-06 2909648.903468865 1814
39 2.110820340614612e-06 4.264511401346451e-06 2683363.655387742 2178
42 2.3766321096421e-06 5.210902524832545e-06 2561514.745391662 2498
45 2.374010657113359e-06 5.391832326522897e-06 2319967.492381164 2622
48 2.614724746113748e-06 6.059300519202772e-06 1989373.233682376 3191
51 2.383420914750284e-06 5.90922408899337e-06 1859839.77364876 3044
54 2.02040875765786e-06 5.200263975560169e-06 1691593.835647271 2736
57 1.604417808823208e-06 4.659721762252462e-06 1645857.516555638 2276
60 1.303835501629819e-06 3.569224161418446e-06 1379576.102231128 2016
63 1.091919082498158e-06 3.153035637667899e-06 1395231.777553751 1640
66 7.30697498134495e-07 1.877003642582837e-06 1286615.004631237 1056
69 4.355366965116302e-07 1.279066248285003e-06 1227365.081707661 683
72 2.146700469337883e-07 6.803409527954774e-07 1183592.932674158 350
75 1.267789897162046e-07 3.54768534428108e-07 1130481.770970029 192
78 2.382163517772176e-08 9.515668268945578e-08 1115479.92537019 44
81 2.128355548043819e-08 5.490138899188013e-08 1283961.650744048 25


3 4.543066758250568e-08 5.022334500213597e-08 68597823.83761926 18
6 4.174881203285862e-07 4.889145983291721e-07 93968297.8637431 62
9 3.445277112981671e-07 6.226745923693984e-07 40855371.28797641 98
12 8.188502044064859e-07 1.090249256823917e-06 28917321.07135692 210
15 9.172716796892843e-07 1.521732278972806e-06 17422996.20511385 350
18 1.089403762098174e-06 1.727533632205028e-06 13083725.48475552 450
21 1.175294500366342e-06 1.759911475115626e-06 8777993.917206049 602
24 1.118142943525541e-06 1.915405657468396e-06 6199156.858071428 762
27 1.535340659748804e-06 2.835432672932334e-06 5261059.160703236 1142
30 1.489978661139603e-06 2.805393344709239e-06 4241162.242516564 1250
33 1.601325899393353e-06 2.893357300850977e-06 3469407.686933969 1458
36 1.765712375235955e-06 3.346391621222434e-06 2892758.726869751 1814
39 2.00347963766464e-06 4.118720136396028e-06 2640961.393561782 2178
42 2.42336172685829e-06 4.936438399451721e-06 2570084.348189692 2498
45 2.394276125751918e-06 5.045231218193256e-06 2300034.274294727 2622
48 2.632499690010816e-06 6.166244631586791e-06 2070825.444311342 3191
51 2.409078327485316e-06 5.673335137959232e-06 1872898.573035013 3044
54 2.048798654287877e-06 5.199292069368834e-06 1748186.535897808 2736
57 1.709801714740791e-06 4.220111284534659e-06 1630600.645593659 2276
60 1.288029922157019e-06 3.479639704441124e-06 1389662.23381895 2016
63 1.071440890970596e-06 3.078671065934488e-06 1403197.944427518 1640
66 6.7211373034607e-07 2.157521743253785e-06 1397428.840521703 1056
69 4.48442920578619e-07 1.238939749380443e-06 1251171.473426969 683
72 2.348383509381081e-07 6.512804483377918e-07 1225370.292534918 350
75 1.183010045633221e-07 3.779492208349646e-07 1176928.080704122 192
78 2.475338570853799e-08 7.811495606609472e-08 1022441.451424266 44
81 1.099499711672486e-08 8.882838205625591e-08 1517018.684661901 25


3 4.116930232763189e-08 4.98684803980884e-08 66517649.98060724 18
6 3.997656812508816e-07 4.72011664181302e-07 92733196.94819388 62
9 3.025165194421855e-07 6.289034535974847e-07 39636178.27802163 98
12 7.604008165933792e-07 1.069749886501411e-06 28265387.73889399 210
15 8.950478089019582e-07 1.411147259284472e-06 16912687.66217238 350
18 1.000718250406501e-06 1.831957696092397e-06 13269184.14610859 450
21 1.112692843909882e-06 1.672661382655173e-06 8520284.523322284 602
24 1.106745449025098e-06 1.731820361896694e-06 5978353.810279437 762
27 1.601554762285934e-06 2.530252152335828e-06 5156211.634707145 1142
30 1.495891584581644e-06 2.559698681394578e-06 4126227.571921136 1250
33 1.501294770153551e-06 2.9218284575657e-06 3459487.534977495 1458
36 1.674394787321236e-06 3.439295443626934e-06 2928476.1462901 1814
39 1.951742018588148e-06 4.150224081290131e-06 2674521.510246179 2178
42 2.228509595457564e-06 5.158088334140231e-06 2594854.061857609 2498
45 2.229541262621914e-06 5.26722538301897e-06 2333952.151085443 2622
48 2.687322825474054e-06 6.047611748453109e-06 2103828.100554908 3191
51 2.356587166665892e-06 5.708122478064092e-06 1897818.99647657 3044
54 2.025574448238516e-06 5.206743638673689e-06 1773388.959552448 2736
57 1.586466870277423e-06 4.422404139192634e-06 1659438.253554412 2276
60 1.26028800959737e-06 3.674564726715637e-06 1451040.125288629 2016
63 1.030017008658196e-06 2.996391153053049e-06 1383503.816478916 1640
66 7.002504240153489e-07 2.106016233408165e-06 1420282.590983862 1056
69 4.04657574597539e-07 1.334346889917334e-06 1283977.886819678 683
72 2.228037244872609e-07 7.477790157476856e-07 1333587.950854582 350
75 1.091398942149423e-07 4.1275442562008e-07 1232207.63364528 192
78 2.223991878860107e-08 7.625220528353838e-08 985473.9431597304 44
81 2.344136776019791e-08 6.022931718891085e-08 1476636.289511106 25


3 3.982109224708105e-08 4.964468610321532e-08 66938367.78153091 18
6 3.628384658210309e-07 4.517715875152305e-07 88531608.86980352 62
9 2.724341822304531e-07 5.917444314812135e-07 37279136.09035615 98
12 7.331505842847989e-07 9.522722175573232e-07 26920475.82574262 210
15 8.784121430308898e-07 1.401343382461694e-06 17080099.4090302 350
18 1.000895203007247e-06 1.727530271734876e-06 13131981.38672382 450
21 1.06402922949685e-06 1.604679494578578e-06 8355753.372761423 602
24 1.093175786268746e-06 1.570707546407234e-06 5799205.05240182 762
27 1.585528213249323e-06 2.514521284275835e-06 5233156.675437742 1142
30 1.355271622500666e-06 2.522279686794544e-06 3992353.464638758 1250
33 1.516606368293758e-06 2.851568325450373e-06 3500594.169441069 1458
36 1.672636732817282e-06 3.261449883071526e-06 2899423.108411751 1814
39 1.988305832492407e-06 3.964580517695737e-06 2680644.447768849 2178
42 2.284049945967372e-06 4.907383408438701e-06 2596355.725254137 2498
45 2.34400078163369e-06 4.842386557789034e-06 2317193.317810694 2622
48 2.600712364730862e-06 6.161771511505141e-06 2136908.134046549 3191
51 2.297347929862147e-06 5.829637809551196e-06 1936384.131049844 3044
54 2.036285527112438e-06 5.325461294511316e-06 1833539.502009387 2736
57 1.621964375942128e-06 4.127194691275727e-06 1634454.962565533 2276
60 1.311054466276023e-06 3.493196631263175e-06 1453929.389512003 2016
63 1.082604991489227e-06 2.959076684009194e-06 1424936.297122799 1640
66 7.474174196259614e-07 1.951286493583696e-06 1417848.536952573 1056
69 4.102767117024329e-07 1.34817240701218e-06 1320087.130494165 683
72 2.177554705653138e-07 7.177237707987106e-07 1309907.119606569 350
75 1.221879652771399e-07 3.363284035631758e-07 1151876.803445683 192
78 2.615414631004409e-08 6.837664028195421e-08 1003134.48809645 44
81 2.913932958273865e-08 4.860953075255144e-08 1510898.003469558 25


3 3.670673537040508e-08 5.042740181600748e-08 66006161.78482435 18
6 3.285629220317093e-07 4.529905911952148e-07 85950749.47368637 62
9 2.626307381266503e-07 5.378492214788046e-07 35539737.83928145 98
12 7.098063495982251e-07 8.333290250564183e-07 25520941.8625172 210
15 8.815679423718833e-07 1.285860869685543e-06 16787620.60161931 350
18 1.033488248498388e-06 1.512392022324035e-06 12776586.69025785 450
21 1.032253681079308e-06 1.538208675875816e-06 8247050.003040623 602
24 1.052395650367952e-06 1.61868834304972e-06 5901981.829612216 762
27 1.477399363238045e-06 2.47712573703526e-06 5129818.033605723 1142
30 1.354127312025767e-06 2.476883234588096e-06 4043824.261788415 1250
33 1.541222540092933e-06 2.766826420549507e-06 3551332.628460867 1458
36 1.604165674677521e-06 3.292793321011865e-06 2924862.28321129 1814
39 1.924394890938339e-06 4.062887720620264e-06 2738505.904698021 2178
42 2.269749983283981e-06 4.77493263407348e-06 2608211.556874697 2498
45 2.268973045316707e-06 4.916353453276818e-06 2355116.939577403 2622
48 2.585560282746477e-06 6.155966655788628e-06 2179155.036351759 3191
51 2.385811897363462e-06 5.556389262863975e-06 1956899.004143541 3044
54 2.012332388292732e-06 5.062629282516276e-06 1811246.800395295 2736
57 1.53929787550434e-06 4.264036443203043e-06 1668501.586600686 2276
60 1.317802222651161e-06 3.588096633838815e-06 1514053.706565169 2016
63 1.016426204791354e-06 3.102792612909085e-06 1462967.311362476 1640
66 6.582204759538709e-07 2.19658059707153e-06 1482380.957935089 1056
69 4.347435111170352e-07 1.323784520589421e-06 1364770.665532583 683
72 2.152067559324882e-07 7.338452327814607e-07 1352807.257189866 350
75 1.173349289018127e-07 3.497871691568937e-07 1185909.624557286 192
78 2.066591566737029e-08 9.842502296690333e-08 1184946.15030203 44
81 1.892488661099576e-08 9.665198810967397e-08 1927247.46314159 25


3 2.930306349568608e-08 5.665955833396007e-08 64290643.96305579 18
6 3.001786935956983e-07 3.986922987166004e-07 78820761.05881572 62
9 2.765512882348902e-07 4.902447881231935e-07 35435345.43022694 98
12 6.892863459500664e-07 7.641134147170719e-07 24655947.85845399 210
15 9.321903376925747e-07 1.14387713113196e-06 16735703.14059886 350
18 1.100177823124096e-06 1.295764435400877e-06 12574687.893414 450
21 1.039717555589389e-06 1.470472870826132e-06 8279356.521285193 602
24 9.574859880447356e-07 1.761673587508589e-06 6028039.569861187 762
27 1.366895843054711e-06 2.422606097636918e-06 5001194.986289578 1142
30 1.371591068200313e-06 2.384206497405621e-06 4083428.158790648 1250
33 1.44292254467507e-06 2.930753421136783e-06 3641485.189398623 1458
36 1.577824797744099e-06 3.2432480126193e-06 2952148.058462894 1814
39 1.922115603654591e-06 3.869541012836242e-06 2731073.026449123 2178
42 2.151651800025322e-06 4.75068351589631e-06 2605592.505293103 2498
45 2.055491311263832e-06 5.290127887328387e-06 2420517.493436794 2622
48 2.676321403496047e-06 5.844851683126846e-06 2202309.544280141 3191
51 2.221436624806487e-06 5.675562492796016e-06 1974186.189769042 3044
54 2.038067443036555e-06 5.033284663914617e-06 1862669.642287652 2736
57 1.603518391907347e-06 3.971079424382805e-06 1669557.979632584 2276
60 1.345751558379085e-06 3.602978782043757e-06 1571684.857662207 2016
63 1.085076309131805e-06 2.782095129335798e-06 1443797.935122257 1640
66 7.27704180523793e-07 1.988163394346015e-06 1488093.536377168 1056
69 4.116348312104817e-07 1.32824590667713e-06 1376660.845491946 683
72 2.092877158398431e-07 7.320264977660985e-07 1374998.67448042 350
75 1.138106280602216e-07 3.82852934486742e-07 1273027.721340611 192
78 2.548771742056718e-08 7.052735287556971e-08 1059643.300438748 44
81 1.53532067462981e-08 8.09812346572331e-08 1648518.033114643 25


3 2.189174413837803e-08 5.370185785834525e-08 57142840.23737559 18
6 2.858768383685818e-07 3.650335528425154e-07 75183429.02743888 62
9 3.062913523810543e-07 4.219270442087687e-07 35265413.59847963 98
12 6.498038892305394e-07 7.505030210830425e-07 24075396.34934381 210
15 9.273659315817359e-07 1.058836563463494e-06 16413045.12223797 350
18 1.078167384792848e-06 1.220659227157754e-06 12323089.23610763 450
21 1.001119395376706e-06 1.468775880787285e-06 8295356.326932903 602
24 1.038351713737145e-06 1.613081603753121e-06 6125661.07570065 762
27 1.408852498092256e-06 2.26727732090627e-06 5019932.307429669 1142
30 1.383776602501607e-06 2.334360097637584e-06 4155562.100284737 1250
33 1.370851810162919e-06 2.7202896770838e-06 3509941.82422273 1458
36 1.668027607361314e-06 3.073158076131463e-06 3015502.139688951 1814
39 1.89420089182095e-06 3.780985293163575e-06 2752002.850580517 2178
42 2.187503575370495e-06 4.378821360438356e-06 2574938.885016796 2498
45 2.374714249115759e-06 4.455108408653014e-06 2395631.220779156 2622
48 2.576773200900789e-06 5.83883934693472e-06 2228010.362096533 3191
51 2.376418042641394e-06 5.204852825161446e-06 1984644.61505185 3044
54 1.997403988026043e-06 4.869912230812951e-06 1865019.121795744 2736
57 1.516154664892773e-06 4.01694300504535e-06 1693304.145517327 2276
60 1.324344639024199e-06 3.534468598531773e-06 1590650.235779674 2016
63 1.029995851717982e-06 2.920966971005026e-06 1501001.773150737 1640
66 6.824396488939741e-07 1.989775370335295e-06 1497057.293759935 1056
69 4.551056420788583e-07 1.310516805876515e-06 1461610.530451297 683
72 2.197969056329063e-07 7.39649207544482e-07 1454376.589639734 350
75 1.118330941600563e-07 4.093288641008292e-07 1364781.527702115 192
78 2.350527435398891e-08 6.173086044165746e-08 975132.2087625908 44
81 3.036399735404485e-08 3.700419701613295e-08 1463849.254518662 25


3 2.208211665482538e-08 4.822200225078798e-08 54982733.87964962 18
6 2.636637235052967e-07 3.318732455686635e-07 70362202.54312143 62
9 3.165405288132368e-07 3.6643736176982e-07 34258238.54823309 98
12 6.202435367490116e-07 7.092858695071261e-07 23355272.28328457 210
15 8.906702271626153e-07 9.947891881556494e-07 15929216.49902725 350
18 9.888523882181007e-07 1.227583120232537e-06 12037828.16049976 450
21 9.558370848238722e-07 1.49934110467433e-06 8387221.7773274 602
24 1.082383088073945e-06 1.487962864209114e-06 6134668.804440185 762
27 1.367109821316065e-06 2.239801477260913e-06 5031457.801006645 1142
30 1.372979632291422e-06 2.31805022641636e-06 4221228.935256907 1250
33 1.464720110403676e-06 2.461984932108472e-06 3500528.644064744 1458
36 1.5910555582533e-06 3.019365030735811e-06 2994209.369934407 1814
39 1.85846237283833e-06 3.655070919322012e-06 2741929.053663401 2178
42 2.152346699487833e-06 4.481034987383425e-06 2654603.605449161 2498
45 2.152452461124635e-06 4.723560272082181e-06 2431980.024550928 2622
48 2.648918597993536e-06 5.603626659666934e-06 2253909.663765377 3191
51 2.251782537504084e-06 5.380329278418559e-06 2029647.920636228 3044
54 1.931305589726292e-06 4.838921702435966e-06 1879798.846417356 2736
57 1.55126134061165e-06 3.887588546740201e-06 1716735.246907585 2276
60 1.29621073863824e-06 3.446545084635046e-06 1592742.606610234 2016
63 1.043388159136087e-06 2.853198171225345e-06 1524227.27059794 1640
66 6.742031889935446e-07 1.992659931700531e-06 1529985.162328982 1056
69 4.691378660300162e-07 1.349636540794987e-06 1544280.000981718 683
72 2.397291037501246e-07 6.373505485344468e-07 1402535.669701413 350
75 1.26277048625333e-07 3.479243167399123e-07 1318321.873946491 192
78 1.842757510734023e-08 8.355357737799688e-08 1120332.034418483 44
81 2.1849621961046e-08 6.721638647367903e-08 1730937.697145104 25


3 2.091854108793879e-08 4.647890650217015e-08 53515045.26245524 18
6 2.606586777677763e-07 2.949219892007487e-07 67776273.55586328 62
9 3.334829272271142e-07 3.6001266954021e-07 35837087.09204797 98
12 5.740242715404016e-07 6.681216693550747e-07 22313513.51427144 210
15 8.471594269039111e-07 9.903201893447163e-07 15838368.3422348 350
18 9.157070776562647e-07 1.224742268981428e-06 11816129.31707319 450
21 9.418379132560347e-07 1.449232524076542e-06 8353171.403558669 602
24 1.037575441434237e-06 1.468501519736268e-06 6097801.432749085 762
27 1.302099564094808e-06 2.270544408418894e-06 5056351.053003695 1142
30 1.290500895919191e-06 2.42598197141304e-06 4292968.571417959 1250
33 1.471757485790428e-06 2.422428301137066e-06 3549208.377659324 1458
36 1.514669466464693e-06 3.029881028482995e-06 2993103.588949914 1814
39 1.791166108034089e-06 3.608628893833441e-06 2730236.335713743 2178
42 2.136642105310924e-06 4.308350240498825e-06 2635809.18179562 2498
45 2.14864799594881e-06 4.531696753528329e-06 2416235.198710945 2622
48 2.506138923708349e-06 5.630330929674199e-06 2249660.536176652 3191
51 2.366181169476799e-06 5.134772036276732e-06 2051445.099139247 3044
54 1.98511466747021e-06 4.53241860468455e-06 1860321.385983085 2736
57 1.566840574755255e-06 3.763304518829606e-06 1720614.24305681 2276
60 1.333175021932206e-06 3.381044910938835e-06 1619690.166821112 2016
63 1.061958289871795e-06 2.834177090855068e-06 1555151.924456115 1640
66 7.068375816794249e-07 1.879205865251195e-06 1528287.356285186 1056
69 4.44741986279714e-07 1.369077630119851e-06 1554433.595044644 683
72 2.097373911115291e-07 6.905095297878447e-07 1427739.619078484 350
75 1.154694582320507e-07 3.299659047590958e-07 1255449.364714878 192
78 2.382555239842847e-08 7.441454222177954e-08 1145732.56119013 44
81 1.756008466725561e-08 9.838361726626158e-08 2135089.277637689 25


3 2.397829462155412e-08 4.57870084025759e-08 57001008.47965384 18
6 2.454120940119759e-07 2.772458680662874e-07 65487072.65286549 62
9 3.192144146937169e-07 3.275925754687878e-07 34540337.09648351 98
12 5.633612493881812e-07 5.99431109433232e-07 21648465.46546688 210
15 7.806338282183951e-07 1.055385020228845e-06 15989669.31402326 350
18 8.188966894387944e-07 1.284365518708501e-06 11683539.09332831 450
21 9.185711910696377e-07 1.339143539892498e-06 8101601.96037282 602
24 1.010020048729721e-06 1.482213207608007e-06 6177940.814651653 762
27 1.25863703198433e-06 2.172542060788014e-06 4954416.652285918 1142
30 1.332351785604115e-06 2.322945776834874e-06 4334290.305067901 1250
33 1.351534637935393e-06 2.567370522244197e-06 3585276.603193752 1458
36 1.552693078204755e-06 2.884384705297923e-06 2997618.32109134 1814
39 1.816300470317791e-06 3.375452937523474e-06 2695421.230694083 2178
42 2.041137438079951e-06 4.174394556847679e-06 2581832.373848756 2498
45 2.118500798870788e-06 4.634175321535016e-06 2472606.46215613 2622
48 2.533455414155048e-06 5.597168713380907e-06 2288938.140321095 3191
51 2.170567162487814e-06 5.403081517510061e-06 2071103.396829776 3044
54 1.833187815318432e-06 4.738546577532152e-06 1877278.791879479 2736
57 1.50524657991822e-06 3.907509815308452e-06 1757683.585628061 2276
60 1.272005398454095e-06 3.531458182680398e-06 1656310.672391102 2016
63 1.048755499382137e-06 2.844331860124735e-06 1573960.845141637 1640
66 6.831358075883406e-07 1.90262093206877e-06 1541957.433686427 1056
69 4.57478890749345e-07 1.313060394065973e-06 1552633.514395883 683
72 2.210474094301263e-07 6.774081705860669e-07 1457295.907318568 350
75 1.068088975565414e-07 3.833102963372695e-07 1358909.827457749 192
78 2.512660964630017e-08 8.538269008903137e-08 1292382.98247782 44
81 3.137653258968397e-08 4.557715504070071e-08 1744315.65504071 25


3 2.647853088179736e-08 4.435681563737124e-08 59873791.66960965 18
6 2.471926393176093e-07 2.403034247190957e-07 63621474.24205151 62
9 3.141217881121615e-07 3.144020436874483e-07 34491696.65075867 98
12 5.709863672708772e-07 5.729900574917899e-07 21963430.34379409 210
15 6.897739662712798e-07 1.042691095426077e-06 15229737.81405327 350
18 7.50222712078667e-07 1.236199338829204e-06 11208287.69761646 450
21 8.840112004252299e-07 1.241589216479681e-06 7830064.81610252 602
24 9.320400642317918e-07 1.512261592481677e-06 6118594.052040493 762
27 1.266863317297771e-06 2.012829401440846e-06 4882331.190737298 1142
30 1.302834165455677e-06 2.137218794046436e-06 4194390.797402143 1250
33 1.302545874653392e-06 2.672507987081642e-06 3676016.164928308 1458
36 1.513771603989295e-06 3.058106393186209e-06 3119418.963500662 1814
39 1.618419840983206e-06 3.719987532792914e-06 2755226.182137484 2178
42 1.961262578170031e-06 4.245324744350854e-06 2610943.984592899 2498
45 2.108627755486525e-06 4.493672101769494e-06 2473099.439904113 2622
48 2.504528881060938e-06 5.542444089813004e-06 2309165.57717854 3191
51 2.244117520548364e-06 5.012037311824389e-06 2050508.321372299 3044
54 1.909430752084391e-06 4.434030087921196e-06 1872389.566999798 2736
57 1.50002416852806e-06 3.996979363747165e-06 1812334.812001335 2276
60 1.319120336001122e-06 3.321732477828834e-06 1651663.566743413 2016
63 1.070668540532958e-06 2.89876464854513e-06 1635446.95280558 1640
66 6.727498855847732e-07 1.871204456987146e-06 1545954.74236647 1056
69 4.350562617864188e-07 1.286689236682069e-06 1531731.961496024 683
72 2.105165694111748e-07 5.782876466333787e-07 1324313.529320447 350
75 1.309485894926508e-07 3.734293405371155e-07 1471656.768518696 192
78 2.864478998289356e-08 7.311275777078858e-08 1265607.075679142 44
81 2.460987271560121e-08 7.836656456862919e-08 2096708.473578515 25


3 2.814439447475539e-08 4.225048457508008e-08 61492834.51301074 18
6 2.528720155098073e-07 2.151447091572473e-07 62672098.68764142 62
9 3.160376814959022e-07 3.047032147782055e-07 34653993.65622661 98
12 5.252182551604416e-07 5.694634495969207e-07 21143102.89484911 210
15 6.427521208361176e-07 1.00633604806238e-06 14748641.37384659 350
18 7.840445081600517e-07 1.138556903147892e-06 11229087.42641787 450
21 8.355926764229248e-07 1.259129153934327e-06 7809154.727166548 602
24 8.778731643715618e-07 1.505784797199989e-06 6062722.389444184 762
27 1.254238151995296e-06 1.952068700365969e-06 4884408.012793714 1142
30 1.231897641132458e-06 2.127168833062285e-06 4161615.036816189 1250
33 1.360146397815799e-06 2.394123451863781e-06 3617454.923829135 1458
36 1.494339774310603e-06 2.850912881823419e-06 3057089.858028507 1814
39 1.73918388207878e-06 3.31099045073114e-06 2731085.594732034 2178
42 2.128384121152231e-06 3.842893590643547e-06 2628628.107613925 2498
45 2.082801116253727e-06 4.45563710163512e-06 2509351.539668377 2622
48 2.453996320063792e-06 5.335558434757632e-06 2296874.81261842 3191
51 2.200555963760431e-06 4.935999411225946e-06 2066804.492687538 3044
54 1.842495773096552e-06 4.594830804442227e-06 1932591.217578354 2736
57 1.578650003167693e-06 3.710475441600918e-06 1819084.483702082 2276
60 1.246019886655853e-06 3.488657029098756e-06 1707726.69389522 2016
63 1.089522037276432e-06 2.824787340853055e-06 1665777.367406818 1640
66 6.696706404203137e-07 1.832311796143873e-06 1565248.855539581 1056
69 4.387753008877355e-07 1.17589957974462e-06 1495598.299289236 683
72 2.062372842244116e-07 6.075945114942172e-07 1389798.976090254 350
75 1.159264866659549e-07 3.899148156158542e-07 1482645.780325866 192
78 2.939881384617963e-08 7.531010006992666e-08 1334454.783631659 44
81 1.487600688214382e-08 9.321748926777335e-08 2086036.459522933 25


3 2.830558188143843e-08 4.100666589345335e-08 62086710.69086342 18
6 2.484344339254705e-07 1.96142035513554e-07 60267204.19443728 62
9 3.333057890381038e-07 2.841652387836631e-07 35131953.6752621 98
12 4.718871134726716e-07 5.549184763481831e-07 19986720.79572612 210
15 6.240363681368265e-07 9.4240230456417e-07 14379033.67031666 350
18 7.926140772053134e-07 1.037674180442549e-06 11001920.5853747 450
21 8.300083366130813e-07 1.278562444992674e-06 8023148.594618822 602
24 8.73011439040519e-07 1.364245946558095e-06 5877470.708709074 762
27 1.163764528197437e-06 1.935723961150106e-06 4804531.352617417 1142
30 1.240292920570083e-06 2.093868547291099e-06 4243113.706194715 1250
33 1.417169398878107e-06 2.227398034969927e-06 3634084.756104894 1458
36 1.487245170227076e-06 2.740706615018037e-06 3064662.865068533 1814
39 1.778049652651472e-06 3.125777424465248e-06 2741621.440591126 2178
42 1.965294210036654e-06 3.967746913628235e-06 2651619.551618175 2498
45 2.07220992667571e-06 4.213186456003683e-06 2494215.035090254 2622
48 2.475589405713782e-06 5.177810697617917e-06 2331094.457758189 3191
51 2.18946921946143e-06 4.867394723943885e-06 2106095.479781276 3044
54 1.853804713323279e-06 4.332849876520819e-06 1928199.961306073 2736
57 1.502817569558558e-06 3.902062514736829e-06 1895997.65728841 2276
60 1.371593554079196e-06 3.069394715218001e-06 1693007.058572038 2016
63 1.084489681983836e-06 2.791298288411845e-06 1702045.471891005 1640
66 6.978202923607142e-07 1.78186019054431e-06 1612636.050946929 1056
69 3.818666716942896e-07 1.156414098546938e-06 1449886.887222255 683
72 2.137686221800507e-07 5.68567565965177e-07 1395380.790062005 350
75 1.378678313175164e-07 3.39614312216074e-07 1500865.440505157 192
78 2.874517877951599e-08 8.866043940809902e-08 1504710.979322609 44
81 3.22262322928894e-08 5.467608915404482e-08 2036659.3900944 25


3 2.708684790985743e-08 3.707348737634992e-08 58897729.14520479 18
6 2.333908497513228e-07 1.759815943361668e-07 56650554.5768964 62
9 3.349886172307783e-07 2.805192618265614e-07 35701759.07669342 98
12 4.33916257415391e-07 5.365571546867599e-07 19202743.77060857 210
15 6.176852654304813e-07 8.886299579425811e-07 14166781.74638043 350
18 7.787478757534402e-07 1.021334867438188e-06 11039530.29960204 450
21 8.362974301432662e-07 1.217564760855667e-06 8012664.127068864 602
24 8.595562629522411e-07 1.308532646246258e-06 5828068.049028323 762
27 1.125735342491434e-06 1.925413767273647e-06 4822303.042210308 1142
30 1.222311357403874e-06 2.047510106271903e-06 4253484.941320843 1250
33 1.268935717643291e-06 2.477624093854281e-06 3753368.344437216 1458
36 1.458594836436879e-06 2.650964610495965e-06 3047430.478888921 1814
39 1.679171831545977e-06 3.27860637022984e-06 2808262.107716323 2178
42 1.859843538143037e-06 3.999765603309644e-06 2664111.185427412 2498
45 2.069879181076607e-06 3.988388725138768e-06 2468569.117192318 2622
48 2.474344896364871e-06 5.067333705411504e-06 2352493.982997476 3191
51 2.195032290178911e-06 4.778656472474265e-06 2132051.821686287 3044
54 1.899823380492363e-06 4.174652630721926e-06 1947011.412660262 2736
57 1.61260934558436e-06 3.478763453378508e-06 1859212.702715818 2276
60 1.260771304714378e-06 3.209542083285245e-06 1720437.436703653 2016
63 1.090810149652035e-06 2.706666617096594e-06 1712021.744906846 1640
66 6.795044568327039e-07 1.837666149900368e-06 1664534.540622514 1056
69 3.961451404185342e-07 1.030521388703604e-06 1397731.159333975 683
72 1.947763047971426e-07 6.078772236845252e-07 1439522.206056142 350
75 1.247304908594624e-07 3.612927174117671e-07 1533569.979354585 192
78 2.941891395861984e-08 9.046857390942956e-08 1572963.927475769 44
81 2.592104272289232e-08 8.458155752885438e-08 2436117.681507201 25


3 2.726582795695964e-08 3.737097116839767e-08 60521291.32801411 18
6 2.060405211333404e-07 1.671905674228771e-07 53054293.57266639 62
9 3.272001703636241e-07 2.786940657308202e-07 36190226.05676427 98
12 4.088568719399786e-07 5.055897534218175e-07 18502608.43573553 210
15 6.088569880357592e-07 8.478273179286147e-07 14003375.59697126 350
18 7.152210436309027e-07 1.049024749924707e-06 10940341.80437234 450
21 8.055264188143319e-07 1.222987642572602e-06 8034719.690166888 602
24 8.972644647101133e-07 1.243656683298619e-06 5911541.721257147 762
27 1.112553484876306e-06 1.887574381329034e-06 4821130.560771129 1142
30 1.18076971781228e-06 2.029784920639659e-06 4235425.40388426 1250
33 1.260770063792034e-06 2.282176087757612e-06 3623901.232133157 1458
36 1.403136613615169e-06 2.687201906422355e-06 3064099.34433969 1814
39 1.596028703642823e-06 3.2539015717676e-06 2774314.071970655 2178
42 1.986069478858796e-06 3.672521563834557e-06 2644798.198384991 2498
45 1.935719695907957e-06 4.128525891723167e-06 2481895.536017501 2622
48 2.387528930779522e-06 5.118212710632051e-06 2362964.726008734 3191
51 2.183870986155767e-06 4.794483292456844e-06 2159918.931718007 3044
54 1.778390762575302e-06 4.355182543968106e-06 1969023.581498463 2736
57 1.445879506656133e-06 3.775560506651774e-06 1893020.952586696 2276
60 1.25817204238065e-06 3.154568323418868e-06 1721054.194120222 2016
63 1.054236298305428e-06 2.810141222884413e-06 1749531.886756755 1640
66 6.726202012459184e-07 1.805311391336808e-06 1658717.245875204 1056
69 3.812687254401273e-07 1.084263750684394e-06 1438490.361549121 683
72 2.013937423660596e-07 6.179879725882387e-07 1487004.200684333 350
75 1.047490726143563e-07 3.909316227793545e-07 1534503.879440391 192
78 3.155755870122538e-08 8.225158311039372e-08 1542537.079226368 44
81 2.565175726086243e-08 9.154071065030145e-08 2580813.387867372 25


3 2.718935099287119e-08 3.429370095773588e-08 59321854.00080697 18
6 1.932116922230118e-07 1.70067014651407e-07 52827865.5396722 62
9 2.995885598300706e-07 2.510563649975583e-07 33958159.88007188 98
12 3.938248152704494e-07 5.081141958286566e-07 18594983.16131091 210
15 6.273132416469802e-07 7.761270836988544e-07 13957746.61106508 350
18 6.683763977561756e-07 9.820121774690006e-07 10441767.93223581 450
21 8.215753346335039e-07 1.168059600029116e-06 8095757.527567299 602
24 8.676365522788845e-07 1.251769412553828e-06 5951786.144014053 762
27 1.116573998772907e-06 1.80065620312981e-06 4799151.282141949 1142
30 1.176580225792238e-06 1.92789708643186e-06 4191462.453568808 1250
33 1.231245150929736e-06 2.144425362478443e-06 3527104.002074925 1458
36 1.420092358001342e-06 2.710851126632747e-06 3146208.497029416 1814
39 1.631876245613083e-06 3.218259400891613e-06 2827996.184990094 2178
42 1.881061435825602e-06 3.713426893472585e-06 2639236.9062919 2498
45 1.935105736030623e-06 4.016188127358848e-06 2480428.352337086 2622
48 2.319719055943819e-06 5.117056720087421e-06 2368602.127675851 3191
51 2.115535653656164e-06 4.73836584378631e-06 2148074.149738896 3044
54 1.777548612606203e-06 4.242146344832699e-06 1965111.229005032 2736
57 1.517587443421823e-06 3.589911763745858e-06 1899125.801038249 2276
60 1.275033189369794e-06 3.198109055003127e-06 1768539.390119921 2016
63 1.036295475566433e-06 2.782438954133368e-06 1749721.09959153 1640
66 6.686755753969327e-07 1.829965941731005e-06 1690747.308575905 1056
69 4.047481800250795e-07 1.130562608298297e-06 1529894.164924986 683
72 2.020991912390281e-07 6.030888419152132e-07 1484676.162094814 350
75 1.257332949000415e-07 2.96883430456152e-07 1407915.679559063 192
78 3.216085474099181e-08 8.39041209418409e-08 1597426.129053811 44
81 3.729748591312194e-08 7.69685974933604e-08 2762216.237968496 25


3 2.641718373239949e-08 2.779159975734382e-08 54397499.13890956 18
6 1.826737837750895e-07 1.617550544180141e-07 51074375.60257623 62
9 2.870992804144767e-07 2.511680342308387e-07 33718421.38573488 98
12 3.508736023443819e-07 5.252165007913645e-07 18129162.42309397 210
15 6.39388028285324e-07 7.382854039917405e-07 14080462.52694211 350
18 6.483237849396205e-07 8.842180159592639e-07 9970336.936849866 450
21 7.992081287935394e-07 1.139837261872222e-06 8043315.796442918 602
24 8.802262283460839e-07 1.199058754104499e-06 5993567.311726782 762
27 1.095857271739482e-06 1.732049128261888e-06 4755076.369328739 1142
30 1.073014001171881e-06 1.920373120594712e-06 4079731.495576152 1250
33 1.179915165921941e-06 2.191826563832696e-06 3565764.150856472 1458
36 1.486782175424187e-06 2.518122018476449e-06 3153759.840415423 1814
39 1.691496017611623e-06 3.194006454767958e-06 2919461.849580378 2178
42 1.761909323911984e-06 3.988389685664902e-06 2721969.495935478 2498
45 1.863005333011501e-06 3.927155337327206e-06 2456027.035930296 2622
48 2.383700078080153e-06 4.999977790023258e-06 2412749.151796374 3191
51 2.044765291479784e-06 4.764327414143394e-06 2165373.036647704 3044
54 1.798099228483458e-06 4.170688649834132e-06 1993651.240593195 2736
57 1.465367964066212e-06 3.649017937837454e-06 1926179.012804433 2276
60 1.238064897450703e-06 3.184628483145404e-06 1777156.048456018 2016
63 1.036514509399972e-06 2.637129419862453e-06 1728706.104313881 1640
66 6.314176656740977e-07 1.791842876597024e-06 1663875.60283913 1056
69 4.137838894180932e-07 1.21168637407994e-06 1641379.369233516 683
72 2.040986645317641e-07 5.77140589773331e-07 1479911.397697364 350
75 1.005904858774029e-07 3.374141388871599e-07 1416210.024605991 192
78 2.471918160935301e-08 1.046061427636933e-07 1699122.942663289 44
81 2.317070134362517e-08 9.163598239669818e-08 2571881.012977064 25


3 2.672592189464482e-08 2.146809682691182e-08 50140521.24033628 18
6 1.714741335652825e-07 1.590847126049686e-07 49277047.3760503 62
9 2.818968471602735e-07 2.198149593121578e-07 32031030.2827915 98
12 3.349235196417205e-07 5.056473908533335e-07 17724309.53561499 210
15 6.517470497318735e-07 7.180436967709495e-07 14260813.78867944 350
18 6.587051055820344e-07 8.041065573139539e-07 9783075.61073233 450
21 7.672506481398176e-07 1.051555454109492e-06 7711427.181835935 602
24 8.484330512073187e-07 1.266596130222087e-06 6150100.948782755 762
27 1.090547643321777e-06 1.63314613656491e-06 4696077.241410788 1142
30 1.036476469307961e-06 1.939595735694269e-06 4130808.484638036 1250
33 1.206877313389709e-06 2.166328930974824e-06 3661799.906052859 1458
36 1.324544454412887e-06 2.570475949392897e-06 3090141.960493125 1814
39 1.72520563194006e-06 3.163762858086812e-06 2997236.560240897 2178
42 1.928349990891019e-06 3.529445221148913e-06 2708487.043888196 2498
45 1.929333640783696e-06 3.79077848703693e-06 2504162.917764152 2622
48 2.314649503665184e-06 4.868486275816716e-06 2403280.022598521 3191
51 2.138461081149619e-06 4.515624466669808e-06 2193700.182099496 3044
54 1.73137450334656e-06 4.016447951240387e-06 1968908.955236853 2736
57 1.465128224974957e-06 3.672400493944094e-06 1984992.861364454 2276
60 1.2448893150812e-06 2.990257170433163e-06 1760918.358375144 2016
63 9.926223497654055e-07 2.644914597875429e-06 1747070.565576856 1640
66 6.778120746325287e-07 1.571484112737562e-06 1625750.713864023 1056
69 4.301544183436653e-07 1.177386678534642e-06 1681720.994721913 683
72 1.692089223900042e-07 5.839348083306254e-07 1431093.950950637 350
75 1.0710942172803e-07 3.474784260827869e-07 1518595.418590538 192
78 3.11362411573678e-08 1.053101652804976e-07 1898182.742662623 44
81 2.618887099004064e-08 6.28069061193401e-08 2192060.728920737 25


3 2.724942710380555e-08 1.634807440707909e-08 46595806.47713581 18
6 1.626078559042925e-07 1.565754729742355e-07 48001812.99846694 62
9 2.653940665622692e-07 1.984067415829373e-07 29922870.34425114 98
12 3.278232992532401e-07 4.8124169011911e-07 17458256.0553084 210
15 6.260285873864809e-07 7.058250290836545e-07 14045095.03620416 350
18 6.534306253442371e-07 7.658183622158932e-07 9676951.316577993 450
21 7.333544361312139e-07 1.034590094101384e-06 7622519.980735606 602
24 8.011506690671467e-07 1.268307161562326e-06 6115607.60361784 762
27 1.048686384547865e-06 1.583726675023282e-06 4628910.785360444 1142
30 1.159886540272933e-06 1.713336304469861e-06 4161060.960780941 1250
33 1.202939838279172e-06 2.11445108509144e-06 3693162.970549806 1458
36 1.328929262918278e-06 2.483414019642349e-06 3110435.347350398 1814
39 1.635484533013576e-06 3.181357253190059e-06 3009077.453563802 2178
42 1.901492827518017e-06 3.470560733804437e-06 2728931.029067022 2498
45 1.9156560741264e-06 3.665466847038849e-06 2509091.651892083 2622
48 2.281474195764054e-06 4.721837572982627e-06 2406802.677724935 3191
51 2.09430960076876e-06 4.495941157263136e-06 2224651.372596413 3044
54 1.761804809799845e-06 3.772067670684489e-06 1960888.782567765 2736
57 1.603654496059167e-06 3.312016245042395e-06 1988119.79270477 2276
60 1.253000124439679e-06 2.971495944287488e-06 1805745.993490203 2016
63 1.049121180821094e-06 2.472818265088019e-06 1760906.152017786 1640
66 6.184704715354325e-07 1.654033149333635e-06 1660075.817458435 1056
69 4.207104343570894e-07 1.131122807733614e-06 1672242.001352609 683
72 1.938315627641674e-07 5.117043686632773e-07 1421489.564483457 350
75 1.154941158719086e-07 2.872447631121874e-07 1426970.054945808 192
78 3.954182844315973e-08 7.263434560438863e-08 1728768.490565964 44
81 2.119537177954275e-08 7.156214313142333e-08 2248960.955044925 25


3 2.632518936856599e-08 1.368967493102205e-08 43949768.50906904 18
6 1.549918715171929e-07 1.410103543439145e-07 45533715.91060299 62
9 2.529769329171555e-07 1.96142887655467e-07 29455631.86138601 98
12 3.356319697571803e-07 4.662251393111151e-07 17699513.3069351 210
15 5.614182998255022e-07 7.48720106471525e-07 13916076.17774893 350
18 5.873434352584346e-07 7.734535366535061e-07 9377032.356955182 450
21 6.86739974295997e-07 1.033943498545319e-06 7525381.062530968 602
24 7.455818754412538e-07 1.273244347105235e-06 6047617.819979167 762
27 9.971114098395388e-07 1.630753069461965e-06 4681730.367283326 1142
30 1.125047315427431e-06 1.737386330632711e-06 4209701.949218354 1250
33 1.198528601783687e-06 2.065386317501252e-06 3708989.28499887 1458
36 1.387338357748899e-06 2.38718875663444e-06 3158899.500060361 1814
39 1.627488199716874e-06 3.052291534789402e-06 2988552.350283813 2178
42 1.730849450145367e-06 3.645547909048908e-06 2751192.122109177 2498
45 1.834187263257433e-06 3.751447773484323e-06 2545140.581045745 2622
48 2.294988557137321e-06 4.537060358065899e-06 2402761.628842872 3191
51 2.080811382068819e-06 4.449617269271398e-06 2247819.204357757 3044
54 1.687471999336133e-06 3.842877387688012e-06 1986182.841191713 2736
57 1.426497991746316e-06 3.595977382365417e-06 2032242.554567125 2276
60 1.234769314681685e-06 2.920554158364143e-06 1811152.554575925 2016
63 1.044795451490616e-06 2.509232090321776e-06 1807654.27088519 1640
66 6.326699515007553e-07 1.566801688391738e-06 1650520.928520002 1056
69 3.941784532353973e-07 1.081822551208089e-06 1617874.4971185 683
72 1.927526457879001e-07 5.34868965139325e-07 1486663.974711977 350
75 1.013240596671704e-07 3.318034336021822e-07 1518016.060141694 192
78 2.353393710074838e-08 1.240283597962977e-07 2069139.601091383 44
81 2.382237052483749e-08 5.161602183756165e-08 1964785.938085746 25


3 2.312943593282066e-08 1.300506787397432e-08 40709221.65863911 18
6 1.397449213123537e-07 1.26399912617433e-07 41958067.85480163 62
9 2.433578379548272e-07 1.813944758749767e-07 28684478.60046596 98
12 3.403618754682889e-07 4.679253508153197e-07 18187896.78390259 210
15 5.001668502217991e-07 7.654769441352783e-07 13546869.58297089 350
18 5.438558210193116e-07 8.035772191702518e-07 9374546.815009722 450
21 6.428271578840516e-07 1.033662045072141e-06 7420448.732807202 602
24 7.357778164994239e-07 1.174226030107614e-06 5847069.17772958 762
27 9.448168042639689e-07 1.611027660876826e-06 4612979.743679167 1142
30 1.041647533163877e-06 1.843450034803032e-06 4266056.662977792 1250
33 1.195857945234477e-06 2.019298665522113e-06 3719579.080744359 1458
36 1.352528310566058e-06 2.405846954777433e-06 3186974.4211188 1814
39 1.657617162728298e-06 2.962637819611485e-06 3009465.177759487 2178
42 1.817725178283338e-06 3.311592459130084e-06 2698829.965869074 2498
45 1.875916647707005e-06 3.655636111626974e-06 2569602.238934522 2622
48 2.246762137323227e-06 4.432836639800481e-06 2385530.141999968 3191
51 2.057732943586484e-06 4.373579218856597e-06 2247460.063874071 3044
54 1.701302800961637e-06 3.829626680862326e-06 2016922.22103567 2736
57 1.524679031917404e-06 3.389619317575889e-06 2041161.995839146 2276
60 1.214540575378916e-06 2.952996268912466e-06 1836527.835056869 2016
63 9.840550228026585e-07 2.61496853300117e-06 1836555.953013065 1640
66 6.294073187010138e-07 1.526198368074578e-06 1644593.705880854 1056
69 4.108961551201391e-07 1.019416852940242e-06 1607253.953160297 683
72 1.942441585422093e-07 5.190734263558782e-07 1483482.013725046 350
75 1.133657619015258e-07 2.765465136128824e-07 1432551.306969569 192
78 3.488068749583935e-08 8.802719216360124e-08 1883541.860520606 44
81 1.835156559669238e-08 5.397779704695138e-08 1841201.419282823 25


3 2.332887446521667e-08 1.152838203940626e-08 40843466.21302527 18
6 1.328591334653634e-07 1.191361698056712e-07 40723625.22689093 62
9 2.270727418143047e-07 1.831258735551934e-07 28233274.63637134 98
12 3.581364822336393e-07 4.680953618553161e-07 19037933.74103927 210
15 4.621882731734496e-07 7.312981484245572e-07 12963339.17550882 350
18 5.293620818418887e-07 8.365071204360414e-07 9616309.618723728 450
21 6.345027504365377e-07 9.461654964766753e-07 7169683.886221245 602
24 7.264273811513658e-07 1.074599303837429e-06 5651767.464147486 762
27 9.988301503957695e-07 1.502167072940109e-06 4647149.245740933 1142
30 1.080144541028059e-06 1.741941513665786e-06 4281457.09595257 1250
33 1.151600937580114e-06 1.919774395392357e-06 3618673.435314832 1458
36 1.270843447314174e-06 2.47038696309027e-06 3196396.901289872 1814
39 1.606829765017721e-06 2.961431625810047e-06 3015559.848632171 2178
42 1.721004270800129e-06 3.342909721327541e-06 2690002.510605693 2498
45 1.893924715318589e-06 3.662226755015968e-06 2624431.523221155 2622
48 2.107337990344291e-06 4.637180317714445e-06 2418492.134796133 3191
51 1.990138719748181e-06 4.318915482077468e-06 2233327.346357143 3044
54 1.731617091526889e-06 3.732509470707866e-06 2032301.166228991 2736
57 1.476092596472989e-06 3.348347914993927e-06 2029736.070105158 2276
60 1.208910867686793e-06 2.876543116734032e-06 1831419.714133788 2016
63 1.059380733296698e-06 2.312855914336109e-06 1786178.696977129 1640
66 6.081910013120276e-07 1.621385350867582e-06 1706689.643871928 1056
69 3.933787940260351e-07 1.084071908953153e-06 1663392.337159068 683
72 1.933048565789787e-07 5.475479557505495e-07 1552005.485652102 350
75 9.554721640010085e-08 3.07795072477009e-07 1452470.546137821 192
78 2.680179106791531e-08 1.030214764468228e-07 1916811.921204402 44
81 1.421468688293161e-08 6.290773591369779e-08 1893934.626010734 25


3 2.462628991393152e-08 8.591597986046826e-09 40867462.14731739 18
6 1.344215463955671e-07 1.208088063636934e-07 42094152.91777514 62
9 2.100258050649981e-07 1.761895038837807e-07 27048127.57640431 98
12 3.597951123356155e-07 4.070910845234762e-07 18266832.2667689 210
15 4.744211976536846e-07 6.827437365166724e-07 12917581.50301139 350
18 5.582775962787907e-07 7.567900877993984e-07 9572990.424493423 450
21 6.325451799316772e-07 8.924845999575086e-07 7084764.924008444 602
24 7.471246104205498e-07 1.064735170885986e-06 5813089.594437907 762
27 9.689401174690607e-07 1.544036603883193e-06 4726955.824795701 1142
30 1.093675906930986e-06 1.722951223240989e-06 4361335.519944854 1250
33 1.112577048077832e-06 1.941323780424211e-06 3645420.13533075 1458
36 1.308467410931943e-06 2.333185706013272e-06 3194806.733901754 1814
39 1.51239857008863e-06 2.935790720893545e-06 2971596.247976444 2178
42 1.640686759634708e-06 3.36902267650468e-06 2691799.927901751 2498
45 1.787174066861131e-06 3.746778114951337e-06 2636316.695803466 2622
48 2.168939147765126e-06 4.473864039978131e-06 2440578.468951374 3191
51 1.90776090835719e-06 4.230930708747199e-06 2205313.5046298 3044
54 1.670009446981545e-06 3.854217313356286e-06 2073682.750347842 2736
57 1.354708649670877e-06 3.437343985902945e-06 2024086.211568528 2276
60 1.220000200697562e-06 2.950666242782054e-06 1897805.845771906 2016
63 9.201365050936645e-07 2.526811265754318e-06 1806320.836695861 1640
66 6.340445601314259e-07 1.533119023874793e-06 1707806.558564502 1056
69 4.04586226207012e-07 1.046053398155544e-06 1674191.207089369 683
72 1.997074936125436e-07 5.232431923248963e-07 1555470.930797678 350
75 1.129102660745794e-07 2.808329262467206e-07 1491044.02230547 192
78 2.401214833943206e-08 8.07236764303503e-08 1596440.977077176 44
81 2.017757921765022e-08 4.247587707365973e-08 1725811.241728913 25


3 2.201190434335347e-08 8.019884735719935e-09 37165601.56596738 18
6 1.273815053225551e-07 1.113620889393879e-07 40047186.03094348 62
9 2.048560763021699e-07 1.693455305261186e-07 26610270.67570394 98
12 3.576519999585973e-07 3.774813664874946e-07 17907900.67118086 210
15 4.831991621338925e-07 6.612760763524003e-07 13067712.65209934 350
18 5.40926735437248e-07 7.47504055314343e-07 9526549.282448135 450
21 6.342967804895225e-07 8.383768090036497e-07 7006627.150778858 602
24 7.142257454884073e-07 1.030606888550834e-06 5691265.792224832 762
27 9.774597961997175e-07 1.487209828746088e-06 4743755.990350354 1142
30 1.091087130592838e-06 1.70579490554163e-06 4414252.1921441 1250
33 1.075611786746865e-06 1.948383616203764e-06 3665876.37277726 1458
36 1.311208145868127e-06 2.309070696303259e-06 3241413.678709281 1814
39 1.525966805420354e-06 2.855524721708825e-06 2996609.382754922 2178
42 1.724983392925397e-06 3.122091522652583e-06 2691827.098146548 2498
45 1.847475324649778e-06 3.442153480127232e-06 2603036.451694687 2622
48 2.124342468260893e-06 4.313646128588065e-06 2416877.994952236 3191
51 2.016041394599014e-06 4.062363488975751e-06 2251653.801777131 3044
54 1.72055241238239e-06 3.638104157498019e-06 2073276.057713041 2736
57 1.434045919401244e-06 3.040885419526042e-06 1969486.235153499 2276
60 1.207066412591602e-06 2.931725653434096e-06 1921737.379555427 2016
63 1.028138562177215e-06 2.243716518403668e-06 1798896.121632806 1640
66 6.116282296048831e-07 1.561281549087088e-06 1736224.899617369 1056
69 4.055765936501405e-07 9.783054492746398e-07 1644466.602964573 683
72 2.00924220326122e-07 5.355125944532651e-07 1614404.183036401 350
75 9.860778346707987e-08 3.114406378470533e-07 1537863.801118654 192
78 2.916225932179416e-08 6.258509110496762e-08 1516245.335484143 44
81 1.740808677529073e-08 5.629784739223234e-08 1952488.980828068 25


3 2.004672466337988e-08 7.728844684227773e-09 34304181.16769668 18
6 1.204926496257086e-07 1.08879108239758e-07 38816422.43782549 62
9 2.004666968910761e-07 1.690148413968503e-07 26511447.78538428 98
12 3.468293143430772e-07 3.558316881955313e-07 17392508.86764545 210
15 4.946849103138059e-07 6.174107616123601e-07 13015302.03806835 350
18 5.186872838913004e-07 7.427056603921167e-07 9465469.394121632 450
21 6.150372900409699e-07 8.031166116298768e-07 6867930.187228049 602
24 6.92196278499666e-07 9.963417274731549e-07 5608972.056227487 762
27 9.401099521553618e-07 1.495579319533661e-06 4758614.005023875 1142
30 1.025234354366554e-06 1.697264863478526e-06 4357933.461926803 1250
33 1.120231137632059e-06 1.84696546088783e-06 3702536.613389783 1458
36 1.291987375865892e-06 2.241267651694597e-06 3232635.340712178 1814
39 1.561436870370023e-06 2.737448443640636e-06 3019692.050629592 2178
42 1.704451351517926e-06 2.947948043458632e-06 2647838.933488943 2498
45 1.80905932668099e-06 3.464109799175716e-06 2642233.891940838 2622
48 2.115742034518818e-06 4.199551394329711e-06 2427767.744886424 3191
51 1.918790609737207e-06 4.172739758787035e-06 2288328.131912961 3044
54 1.679725494227091e-06 3.618973924800405e-06 2091049.355572385 2736
57 1.306919529919608e-06 3.129076443692902e-06 1970711.903289476 2276
60 1.228295976593223e-06 2.806422582287132e-06 1928947.463919146 2016
63 9.351686212087096e-07 2.494120994183597e-06 1886570.733146386 1640
66 6.219431785810425e-07 1.522248402046115e-06 1761641.659278444 1056
69 3.617857357056355e-07 1.089973646790739e-06 1722594.538613426 683
72 1.868123475049996e-07 5.794199605416782e-07 1690754.879917519 350
75 1.047253637944441e-07 2.747583442098291e-07 1489853.218686504 192
78 2.320183324108824e-08 7.4107686208026e-08 1564059.255334068 44
81 2.545415957759868e-08 3.148926544277358e-08 1752367.625638902 25


3 1.804270131930104e-08 7.359809342348064e-09 31503694.18576273 18
6 1.133254502281106e-07 1.034106764319564e-07 37171115.28488189 62
9 1.895143812357187e-07 1.578101502571731e-07 25275041.81263687 98
12 3.293795442645159e-07 3.631142528197795e-07 17316631.69770669 210
15 4.903755293275901e-07 5.609782440153824e-07 12589871.04996866 350
18 5.25485990281035e-07 7.285010586280034e-07 9605115.196960656 450
21 5.592681986593982e-07 8.065933415393486e-07 6683030.953228811 602
24 7.058701357487166e-07 9.934659876940559e-07 5757726.049403725 762
27 9.076325904425372e-07 1.465819876005488e-06 4721449.393628696 1142
30 9.843198620919862e-07 1.712627740546635e-06 4385505.250934433 1250
33 1.171545616095309e-06 1.754917116221014e-06 3749794.638246063 1458
36 1.270963937099998e-06 2.242597218960291e-06 3274052.551115155 1814
39 1.506517580880267e-06 2.627025468963051e-06 2962273.317244339 2178
42 1.59690356915926e-06 3.064129514324846e-06 2681771.439063778 2498
45 1.806597428322083e-06 3.426080026562413e-06 2677787.572055497 2622
48 2.138095897911239e-06 4.132996569735994e-06 2466003.318098907 3191
51 1.9791823034628e-06 3.867981686062007e-06 2264537.806119844 3044
54 1.633237799769681e-06 3.588803819224467e-06 2100691.104153377 2736
57 1.352824700793839e-06 2.995546421054497e-06 1988199.389291195 2276
60 1.213415778843989e-06 2.752706375633791e-06 1937966.573242271 2016
63 1.035937129044406e-06 2.160873488616184e-06 1841469.65197023 1640
66 6.06632404071209e-07 1.508897440364331e-06 1772564.325960872 1056
69 4.360443801394809e-07 9.19039675100938e-07 1705588.07080709 683
72 2.274768720162277e-07 4.578023025251515e-07 1619799.70345682 350
75 1.032035565963407e-07 2.703617962216225e-07 1498615.692986871 192
78 2.943812642252757e-08 6.001589227644177e-08 1548207.907012293 44
81 1.001159130949196e-08 6.499748910864436e-08 1957990.667865771 25


3 1.612194466188813e-08 7.832056522308126e-09 30000257.7950103 18
6 1.068546172011659e-07 9.972285289282273e-08 36024275.0100776 62
9 1.789693633305135e-07 1.568499701607738e-07 24804182.0574536 98
12 3.133334165154431e-07 3.500348925396625e-07 16872416.59680384 210
15 4.781346215466013e-07 5.507628423176477e-07 12535456.34937302 350
18 5.216645370003145e-07 6.694889556131973e-07 9335419.368414577 450
21 5.52153698953155e-07 7.97616312849594e-07 6719726.609400479 602
24 7.012943929594728e-07 9.744053694575204e-07 5782729.12033436 762
27 9.169226775586195e-07 1.36469337916777e-06 4645756.972337374 1142
30 9.935544734209267e-07 1.634245941061094e-06 4365399.09925939 1250
33 1.092346148306332e-06 1.799611421376836e-06 3742153.351861294 1458
36 1.263508626254725e-06 2.180803871028339e-06 3270561.072743766 1814
39 1.463760607568585e-06 2.61801321447216e-06 2969659.310579913 2178
42 1.55862273563395e-06 2.999022049727395e-06 2666774.538147802 2498
45 1.785785489014749e-06 3.299509963432016e-06 2652854.846942547 2622
48 2.073189057677234e-06 4.303567607533725e-06 2535121.091533443 3191
51 1.904477711505542e-06 3.924135705426582e-06 2285128.819645507 3044
54 1.658470067135168e-06 3.389820803016245e-06 2079141.138107364 2736
57 1.404666294608684e-06 2.936558943728368e-06 2029794.73710794 2276
60 1.189143403212235e-06 2.748757224610408e-06 1953601.225090578 2016
63 8.967179128171125e-07 2.418946081002528e-06 1894548.287372396 1640
66 6.131330662629174e-07 1.491287813423883e-06 1797520.743522691 1056
69 3.528840868767471e-07 1.094248867077026e-06 1781602.695774063 683
72 1.72346330966638e-07 5.725751294918585e-07 1699198.953320818 350
75 1.080781351030749e-07 2.656840880127975e-07 1535898.057936348 192
78 2.210549525899411e-08 8.146561313271449e-08 1707242.399340641 44
81 2.343313801724915e-08 2.987748089750232e-08 1687603.990546826 25


3 1.476234501995601e-08 6.645757663758369e-09 27650782.52428156 18
6 1.040461803751151e-07 1.048173000501171e-07 36962675.46052311 62
9 1.768503430271083e-07 1.558846927458887e-07 25093659.61055826 98
12 2.961298368016027e-07 3.44512937923137e-07 16555076.22773532 210
15 4.630706643558283e-07 5.390572257886371e-07 12430355.83939365 350
18 4.980289614594659e-07 6.145265398414855e-07 8904603.013109745 450
21 5.47392819330797e-07 7.752600804306771e-07 6706885.004943782 602
24 6.775615535750927e-07 9.80225665693349e-07 5800643.852835454 762
27 8.975356183263598e-07 1.350701164327625e-06 4650109.452714508 1142
30 1.024021452785511e-06 1.539597566818612e-06 4360040.869031423 1250
33 1.030333087427647e-06 1.805285511647462e-06 3708488.97335976 1458
36 1.215751280925557e-06 2.136664106193917e-06 3228163.818990815 1814
39 1.45781626673371e-06 2.704909594596541e-06 3065326.162345516 2178
42 1.594462875277512e-06 2.895509428771987e-06 2680756.574624987 2498
45 1.724500722758324e-06 3.283580414876136e-06 2645487.154360902 2622
48 2.134712695497343e-06 4.078700036300308e-06 2526002.14533556 3191
51 1.844823498321921e-06 3.923026474645825e-06 2287914.706267968 3044
54 1.563005957176638e-06 3.513666932141424e-06 2102301.128026161 2736
57 1.345443786566703e-06 3.102037276502132e-06 2089804.505384552 2276
60 1.208096060455806e-06 2.673779058552797e-06 1962192.460688869 2016
63 9.797014416243337e-07 2.061741847941267e-06 1807740.465764352 1640
66 6.02297308781867e-07 1.472239358746601e-06 1796276.392523822 1056
69 4.251013150335505e-07 9.350147648765496e-07 1759999.801938423 683
72 2.137883994884747e-07 4.491397263385109e-07 1611239.615606786 350
75 1.063369721816426e-07 2.960854501090317e-07 1654079.931653847 192
78 3.112664900604581e-08 5.393456755736061e-08 1554294.210540973 44
81 1.195420092567274e-08 5.876577172881038e-08 1940048.172938278 25


3 1.264543765820259e-08 6.943784109840245e-09 25624388.9038377 18
6 9.985396275878218e-08 1.058444215002053e-07 36983669.90489759 62
9 1.646757145106344e-07 1.533607122935655e-07 24389865.94456317 98
12 2.93232959412266e-07 3.358141576847396e-07 16589072.9675802 210
15 4.463867135836317e-07 5.393210419288932e-07 12418110.02274502 350
18 4.809450342108509e-07 5.976743998463153e-07 8787513.071994361 450
21 5.203352207835626e-07 7.644432957275866e-07 6605531.622809157 602
24 6.437746091847689e-07 9.568184478794165e-07 5682318.957450571 762
27 8.957517920867451e-07 1.374131800808075e-06 4765387.927349837 1142
30 1.033396956662535e-06 1.504879464634805e-06 4403073.694210773 1250
33 1.038693128790502e-06 1.736667173371224e-06 3702672.069345454 1458
36 1.190480410586086e-06 2.06885032678119e-06 3190955.772032474 1814
39 1.42592052791738e-06 2.619089958446037e-06 3027110.995946426 2178
42 1.641175432738917e-06 2.812022766071536e-06 2715855.443002846 2498
45 1.677369195605724e-06 3.324901976550215e-06 2671698.086664047 2622
48 2.142713042700195e-06 3.892457912994426e-06 2504171.307073256 3191
51 1.851761570380196e-06 3.695387999135006e-06 2247264.359924294 3044
54 1.591610523202015e-06 3.344630705183347e-06 2088140.359985048 2736
57 1.387231827228451e-06 3.001382058218244e-06 2105875.848202786 2276
60 1.155533025022204e-06 2.7426966980704e-06 1983813.318907272 2016
63 9.014980984117788e-07 2.216450967065863e-06 1848039.507431816 1640
66 5.911765342379362e-07 1.427832951753595e-06 1775448.40398835 1056
69 3.723550150705436e-07 1.021208150915398e-06 1783580.473880674 683
72 1.941252557738123e-07 5.536280452994903e-07 1778626.656070749 350
75 9.799462464764233e-08 2.773149314675514e-07 1560616.5592783 192
78 1.694190068859609e-08 9.584896455195707e-08 1825446.153913557 44
81 2.028233965946713e-08 3.42428717199848e-08 1723154.861561778 25


3 1.326382357681653e-08 7.545587255921382e-09 27665878.61898981 18
6 9.61500583286629e-08 1.033948927028551e-07 36468726.10045797 62
9 1.518601329426164e-07 1.562071214602094e-07 23838964.6980355 98
12 2.884680483621475e-07 3.185175450351503e-07 16343029.59998658 210
15 4.118600064612208e-07 5.290224189257402e-07 11993166.53500858 350
18 4.955065025971883e-07 5.768059274770087e-07 8942713.290156128 450
21 5.25363248881396e-07 7.251880178564773e-07 6577746.091836537 602
24 6.080234568618073e-07 9.41899538234433e-07 5574395.746766971 762
27 8.956915809409342e-07 1.349730340896709e-06 4802371.097441999 1142
30 9.817685923454809e-07 1.507647178434686e-06 4369198.300407691 1250
33 1.005929427549529e-06 1.677322894035678e-06 3640977.2809201 1458
36 1.231202891441976e-06 1.986229980925478e-06 3226720.919594426 1814
39 1.454373867266527e-06 2.522382681821342e-06 3043253.434315481 2178
42 1.528512328311715e-06 2.991239946312053e-06 2764830.948675072 2498
45 1.705779626843998e-06 3.23730436565904e-06 2696045.366818787 2622
48 1.938892455483846e-06 4.189639318867313e-06 2538765.235013529 3191
51 1.791500285915967e-06 3.625400155236958e-06 2227698.515134789 3044
54 1.54447116119866e-06 3.299465273355198e-06 2079254.946137419 2736
57 1.381707465617666e-06 2.956011680822449e-06 2118431.614297083 2276
60 1.208846756437445e-06 2.613410492765067e-06 1998195.670105015 2016
63 9.334562463070174e-07 2.053182819759079e-06 1822687.952336264 1640
66 5.793327172907269e-07 1.372819018521722e-06 1748913.369674213 1056
69 3.92245430062088e-07 9.646000135377109e-07 1787634.590011253 683
72 2.265687563454511e-07 5.19354252214771e-07 1851632.318752763 350
75 9.780284323376405e-08 2.627244295556976e-07 1533720.219338613 192
78 3.441268750301689e-08 5.158789177075732e-08 1659547.391122435 44
81 1.290973862085258e-08 5.228516756015884e-08 1873483.035559998 25


3 1.345802085550404e-08 9.538153269096407e-09 30424101.75976689 18
6 8.970809518898255e-08 9.211699832041027e-08 33869600.22828267 62
9 1.533567311938781e-07 1.512776766753321e-07 24015561.59005205 98
12 2.819674230126576e-07 3.011687744388142e-07 15989263.56746126 210
15 3.944251922263985e-07 5.333753567074613e-07 11965957.5065618 350
18 4.822924096932632e-07 5.508141103765488e-07 8765346.891448721 450
21 5.20950881774485e-07 6.962292648132055e-07 6527523.166574308 602
24 5.885292576142713e-07 8.981235154887064e-07 5446778.516906118 762
27 8.86730235951268e-07 1.349828485977434e-06 4860700.576798916 1142
30 9.380565510903047e-07 1.525000457376401e-06 4374608.388676055 1250
33 1.003292328128599e-06 1.695379570666215e-06 3721869.184026398 1458
36 1.1652997317208e-06 2.013900718608773e-06 3222511.8287955 1814
39 1.460078853898251e-06 2.48632925265472e-06 3078731.033302245 2178
42 1.534353797204571e-06 2.88653354888124e-06 2764738.524092212 2498
45 1.659203574256018e-06 3.154144660628475e-06 2672400.453230258 2622
48 2.040827235843575e-06 3.826770582427573e-06 2511708.230126258 3191
51 1.773410693966654e-06 3.561549621100232e-06 2235896.108197757 3044
54 1.523339530095032e-06 3.364360929950198e-06 2129811.733849413 2736
57 1.285817185314698e-06 3.039770945467443e-06 2129265.02696444 2276
60 1.154124332022761e-06 2.61806946309845e-06 1997846.176092161 2016
63 8.802405393941014e-07 2.103077832535777e-06 1837290.968975896 1640
66 5.797950485742302e-07 1.375582146951596e-06 1784474.00539642 1056
69 3.864927970823369e-07 9.567585027899071e-07 1801925.690944512 683
72 2.078779997510441e-07 5.350990944447576e-07 1852850.579843303 350
75 9.984600198023091e-08 2.511430958928363e-07 1533483.576242606 192
78 1.902084622004878e-08 8.73819851892069e-08 1822334.156341194 44
81 1.727879200670448e-08 3.84679073061721e-08 1754695.198905284 25


3 1.354601968855954e-08 9.753643657745755e-09 31131510.53320557 18
6 8.217350102788333e-08 9.367676508478094e-08 32956241.33724948 62
9 1.513336114412982e-07 1.372302357921098e-07 23209068.16420868 98
12 2.867031728478398e-07 2.737431475720751e-07 15722125.45249963 210
15 3.718095607393903e-07 5.553840509945857e-07 12063073.29016758 350
18 4.467834467449072e-07 5.320431962387116e-07 8401171.357641015 450
21 5.096869194578385e-07 6.692723611084835e-07 6434458.141909742 602
24 5.916550397390269e-07 8.976678799920279e-07 5554588.700245576 762
27 8.941795535389358e-07 1.290838425133436e-06 4852260.421170118 1142
30 9.089558703907653e-07 1.526148565587909e-06 4390740.567139415 1250
33 1.037872452593854e-06 1.609718090220623e-06 3744634.851046145 1458
36 1.106273309238948e-06 1.992723682358328e-06 3187521.01748466 1814
39 1.413560545301948e-06 2.509752267718753e-06 3104806.88434713 2178
42 1.590966867097058e-06 2.712216065583439e-06 2765839.143091694 2498
45 1.657847162989703e-06 3.004406064466284e-06 2648635.398060794 2622
48 2.023194062008184e-06 3.753384141931678e-06 2521042.144125707 3191
51 1.770427968152311e-06 3.508097766748931e-06 2257353.351563802 3044
54 1.614643210521191e-06 3.075215151684761e-06 2113908.94356312 2736
57 1.371199344076021e-06 2.787931112137972e-06 2119582.227470735 2276
60 1.132593232677735e-06 2.632829232207124e-06 2028717.112613391 2016
63 9.036656835916866e-07 2.077620618666122e-06 1880247.184040176 1640
66 5.859037777504273e-07 1.339925315767127e-06 1799222.940027659 1056
69 4.00605147732989e-07 8.972746360932733e-07 1795165.894690284 683
72 2.032957401915853e-07 4.985978950487938e-07 1795033.797118913 350
75 9.312359717033605e-08 2.296794625269047e-07 1441791.796826339 192
78 3.220394317401473e-08 4.533946399307821e-08 1556578.212888229 44
81 1.417434825883441e-08 4.367611521790608e-08 1786600.417925488 25


3 1.420974765180727e-08 1.030704674627764e-08 33081360.48336913 18
6 7.543332996360276e-08 8.756494609468234e-08 30969765.47621196 62
9 1.449583852975951e-07 1.349930976092611e-07 22758472.24670029 98
12 2.646246002829228e-07 2.670772653565403e-07 15053967.34226065 210
15 3.548299549073231e-07 5.562054447184473e-07 12025393.36422166 350
18 4.196698734539101e-07 5.221137823550797e-07 8182455.294813972 450
21 4.905439419348124e-07 6.549726666206898e-07 6346432.803367901 602
24 6.032169843691767e-07 8.837928869538417e-07 5658409.630498666 762
27 8.906117619062757e-07 1.31233115973936e-06 4968404.576855089 1142
30 8.713665679871598e-07 1.497182872575663e-06 4343394.635043054 1250
33 1.00701431191505e-06 1.605233592761431e-06 3752280.561301853 1458
36 1.102399955089406e-06 1.950515299433404e-06 3204732.274940656 1814
39 1.404141355225233e-06 2.42036567841084e-06 3090859.436372466 2178
42 1.545041607116819e-06 2.740411666398673e-06 2796142.528140571 2498
45 1.603368557779465e-06 3.021478866687625e-06 2668507.240731564 2622
48 1.937326590561578e-06 3.785476885449287e-06 2534163.362996319 3191
51 1.761690556566716e-06 3.543265446685559e-06 2309965.850979541 3044
54 1.505136928101166e-06 3.30227688094939e-06 2180823.936499835 2736
57 1.32008990048388e-06 2.844201029405382e-06 2152304.203020886 2276
60 1.142455599214728e-06 2.419938448769806e-06 1975534.575567147 2016
63 9.144788206050196e-07 2.005658630777024e-06 1887293.493266127 1640
66 5.640254781003958e-07 1.356734181551807e-06 1821787.507493916 1056
69 3.744934227181913e-07 9.995012334760929e-07 1904918.003167203 683
72 1.943013248082188e-07 4.713557189747795e-07 1739178.486953609 350
75 9.589204466974579e-08 2.419503882629685e-07 1535744.016731908 192
78 1.908731054837281e-08 7.905703582201833e-08 1780393.689645434 44
81 1.380611451999985e-08 3.564238645463533e-08 1589078.11504339 25


3 1.308864836438598e-08 1.072014394930703e-08 32358769.38120131 18
6 7.337370923933677e-08 8.366717205182564e-08 30351174.51691308 62
9 1.385356279884614e-07 1.470290035655613e-07 23379005.03410722 98
12 2.347964812695514e-07 2.699082477464673e-07 14392476.98789489 210
15 3.452565211178247e-07 5.210059164630172e-07 11657940.70831512 350
18 4.024678539464472e-07 5.267631865474053e-07 8177324.386557227 450
21 4.896248090865794e-07 6.426104201851509e-07 6383156.762883052 602
24 6.067875584959728e-07 8.149287730804482e-07 5532730.509696614 762
27 8.690760354375252e-07 1.345136273874633e-06 5060631.063315494 1142
30 9.011240011536733e-07 1.349819099112301e-06 4239284.118908582 1250
33 9.591973839986046e-07 1.561148791119742e-06 3676373.915557701 1458
36 1.159275661549944e-06 1.857474493938711e-06 3244831.806082001 1814
39 1.387003421951115e-06 2.41439978606028e-06 3122706.188232481 2178
42 1.472092824689599e-06 2.767286750007247e-06 2801387.365346998 2498
45 1.575790310857583e-06 2.947812146435527e-06 2657120.68903202 2622
48 1.96638072900148e-06 3.600402665648804e-06 2521315.276181208 3191
51 1.777080093882697e-06 3.450400159225594e-06 2322909.580966728 3044
54 1.588282268494275e-06 3.159600059542661e-06 2210373.847268288 2736
57 1.292422659473069e-06 2.707385768555799e-06 2108933.910895312 2276
60 1.088380960203823e-06 2.45260302484757e-06 1987250.470828135 2016
63 8.774319655415665e-07 2.064198110577165e-06 1922644.070317601 1640
66 5.775116895692421e-07 1.307353600619046e-06 1829930.53689134 1056
69 4.120081378344166e-07 8.724933829129985e-07 1854082.068290578 683
72 1.853628350678291e-07 4.837580449589027e-07 1766542.818071548 350
75 9.139366134099277e-08 2.425251853426853e-07 1537293.927417319 192
78 3.154538264403412e-08 4.507850807495239e-08 1583385.675871436 44
81 1.537175972922763e-08 3.44364053283786e-08 1656386.104994354 25


3 1.311281558376948e-08 8.750945727495288e-09 30696695.7857007 18
6 6.912346847504524e-08 8.438675555649203e-08 30035150.08115023 62
9 1.381010454841896e-07 1.527425163517488e-07 24161613.3510308 98
12 2.242063228250146e-07 2.793212377103659e-07 14522223.83002979 210
15 3.364097728646986e-07 4.88051192607845e-07 11296446.0414672 350
18 3.864081315228989e-07 5.46841342652145e-07 8300142.015435072 450
21 4.634516824985788e-07 6.613706406811009e-07 6405626.628771966 602
24 6.025923049261047e-07 7.854466031969121e-07 5501018.527122637 762
27 8.378891094478755e-07 1.341244041201053e-06 5044340.691474687 1142
30 9.371692004520763e-07 1.206550152565998e-06 4147852.684423593 1250
33 9.654266487028413e-07 1.513059307034544e-06 3680812.669782508 1458
36 1.166516419750357e-06 1.794871442075511e-06 3244063.738114323 1814
39 1.345840664009444e-06 2.347337610025794e-06 3078332.898610181 2178
42 1.456413224661316e-06 2.691084093119456e-06 2784317.585202773 2498
45 1.629595778655705e-06 2.890309393408187e-06 2705621.445234744 2622
48 1.92739243829596e-06 3.5583410478157e-06 2519332.736759115 3191
51 1.757098463694337e-06 3.411219032650676e-06 2329946.349372551 3044
54 1.581393383305992e-06 3.043032155406028e-06 2190443.366472615 2736
57 1.281063524535016e-06 2.667020692994925e-06 2112671.725730591 2276
60 1.096517618585343e-06 2.382685841611079e-06 1986664.383074059 2016
63 9.196217406354939e-07 1.960416843719511e-06 1926607.494027036 1640
66 5.55692600986213e-07 1.323448288904843e-06 1841114.708156254 1056
69 3.684989186870818e-07 9.6351380982699e-07 1909307.689449847 683
72 1.821579366733207e-07 4.705095595003081e-07 1748751.179510319 350
75 9.387491044181812e-08 2.353281741526774e-07 1545715.192951372 192
78 1.610592442310983e-08 8.913856598926562e-08 1922841.434101883 44
81 1.0332306329336e-08 5.680891576278488e-08 2072224.660514836 25


3 1.294822262679569e-08 8.664929836904894e-09 31065726.08893822 18
6 6.409805555343417e-08 8.177087295433361e-08 28932388.13907981 62
9 1.354742306203585e-07 1.530694384934713e-07 24371065.54581884 98
12 2.111857269502937e-07 2.829033911444893e-07 14408683.6878502 210
15 3.36059213157715e-07 4.513761826030606e-07 11023901.4107489 350
18 3.670117238910181e-07 5.74821882286248e-07 8437547.697678188 450
21 4.385001712949064e-07 6.810983641002214e-07 6430423.881993371 602
24 5.868962420758726e-07 7.626314901258426e-07 5439008.49579898 762
27 8.337382413119578e-07 1.292096981386201e-06 5005938.886607761 1142
30 9.12087865443898e-07 1.248536732276684e-06 4228154.085062839 1250
33 9.243737553855719e-07 1.478882811868787e-06 3615247.456707879 1458
36 1.114966126893589e-06 1.856241939830573e-06 3280686.229022965 1814
39 1.348692699918655e-06 2.306654104455983e-06 3094630.571098392 2178
42 1.510042107340163e-06 2.549904165893076e-06 2785198.28629335 2498
45 1.59827454654709e-06 2.936638056680276e-06 2743243.728318328 2622
48 1.810826993784448e-06 3.646579684640949e-06 2519573.184621154 3191
51 1.737999437408055e-06 3.373763257591127e-06 2335085.338027054 3044
54 1.476465956645155e-06 3.192858536463362e-06 2215724.415089978 2736
57 1.280795469623978e-06 2.631330186496032e-06 2123219.943181009 2276
60 1.074762084618785e-06 2.392760507358035e-06 1999962.306222174 2016
63 8.558301021976769e-07 2.068279175882506e-06 1955504.567170026 1640
66 5.60866967337744e-07 1.279305886707733e-06 1833314.002384114 1056
69 3.873131580168148e-07 8.838161426380562e-07 1870783.727015157 683
72 1.885764999403881e-07 4.702397441322052e-07 1792888.679521736 350
75 9.731230017744358e-08 2.308957985087132e-07 1569927.86928772 192
78 3.519759343480587e-08 4.742139520160564e-08 1780213.613156403 44
81 1.842620822673912e-08 1.958104740603962e-08 1434111.685516894 25


3 1.327212787832681e-08 8.395807022841378e-09 31965775.22222043 18
6 6.520592641711174e-08 7.891818334599857e-08 29200671.85562165 62
9 1.313735632895366e-07 1.570861782494595e-07 24671451.08342481 98
12 2.017014374294163e-07 2.808689700619886e-07 14254461.63793444 210
15 3.338124562357555e-07 4.153420194044522e-07 10732552.48283559 350
18 3.672206649798675e-07 5.64448592579517e-07 8487848.750792306 450
21 4.384373744514513e-07 6.453598127031135e-07 6350999.481930584 602
24 5.581570540231271e-07 7.312876980858716e-07 5279650.875788169 762
27 8.19381773789325e-07 1.218228346007881e-06 4891023.901106937 1142
30 8.184622228191806e-07 1.371050595882131e-06 4271919.589276237 1250
33 8.831962357815524e-07 1.524237548626134e-06 3650232.399737797 1458
36 1.067251659320541e-06 1.941359445373391e-06 3343144.609545639 1814
39 1.30394692871002e-06 2.309138449811942e-06 3093529.808269564 2178
42 1.429932573853482e-06 2.490411561124453e-06 2721140.327637682 2498
45 1.588163920352025e-06 2.898269897750751e-06 2755120.249727651 2622
48 1.850147276982164e-06 3.587563797597783e-06 2555358.679443248 3191
51 1.694654546490347e-06 3.380882958780962e-06 2344729.339500122 3044
54 1.502378474745741e-06 3.133447124111017e-06 2238386.514926998 2736
57 1.21193035867277e-06 2.716654486609175e-06 2141893.605290204 2276
60 1.099759054878399e-06 2.356493881609258e-06 2029322.327239541 2016
63 8.72713546370308e-07 1.894825003611e-06 1897812.840891415 1640
66 5.729459410147472e-07 1.321903992572695e-06 1911162.678382696 1056
69 3.642727124997219e-07 9.052056378876097e-07 1875412.632774684 683
72 1.787543804774219e-07 4.489521577480423e-07 1729906.970635874 350
75 9.46506326292812e-08 2.238884949443314e-07 1545457.82697415 192
78 2.151098098584108e-08 8.401807071447131e-08 2024692.78500751 44
81 9.716823562513593e-09 4.839750087703319e-08 1839762.039068154 25


3 1.269781940385604e-08 7.282565933534912e-09 30105870.76779038 18
6 6.225003137222112e-08 7.483834007806256e-08 28216856.93308428 62
9 1.286303923724034e-07 1.695962285801162e-07 25680870.40240193 98
12 1.834862046045069e-07 2.641192888733203e-07 13391656.56654382 210
15 3.293385635074064e-07 3.958609981282729e-07 10581107.35330649 350
18 3.714324220652674e-07 5.36182988302406e-07 8447143.76743992 450
21 4.441448971606307e-07 6.102479263292344e-07 6315149.008554153 602
24 5.427075921754535e-07 7.28001350819207e-07 5272025.730767018 762
27 8.447041026794837e-07 1.1727145568472e-06 4949902.824658083 1142
30 7.423365770537786e-07 1.360152101348061e-06 4135197.27882647 1250
33 8.851260204342121e-07 1.475585285074427e-06 3649188.978742132 1458
36 1.070984364443347e-06 1.964741039365771e-06 3425895.83099672 1814
39 1.298810873806226e-06 2.304030793595672e-06 3134484.358838808 2178
42 1.340558977388806e-06 2.642276891541915e-06 2775820.213819816 2498
45 1.532479628658796e-06 2.87907264066986e-06 2745232.89591889 2622
48 1.876113297848486e-06 3.318779883078743e-06 2504332.385935537 3191
51 1.65356982429557e-06 3.379319117171331e-06 2357649.838699887 3044
54 1.506209154204711e-06 3.063450069080862e-06 2248721.219305194 2736
57 1.238861296839512e-06 2.633372384679403e-06 2158460.569987334 2276
60 1.062233203324631e-06 2.399521444139855e-06 2054321.257222294 2016
63 8.317483811846872e-07 1.964793135263909e-06 1931620.792218683 1640
66 5.58961613518949e-07 1.330246274846136e-06 1930658.288472503 1056
69 3.419629426111645e-07 8.951510930444441e-07 1847677.862857176 683
72 1.798127104741879e-07 4.204566543934697e-07 1695966.343018185 350
75 8.728155270910017e-08 2.263541593801326e-07 1530192.911862148 192
78 3.337208482354516e-08 5.789413028405876e-08 1963868.129704198 44
81 1.965191875141963e-08 3.498962450120684e-08 1985924.883324981 25


3 1.156956554652003e-08 5.588639660920532e-09 26295278.90669449 18
6 5.817531974407239e-08 7.742355547022166e-08 28090633.92842744 62
9 1.146045964220259e-07 1.637501999327745e-07 24186159.03032251 98
12 1.764329132546676e-07 2.585843871143858e-07 13207672.72897144 210
15 3.301885972097539e-07 3.681065606738929e-07 10389733.07064104 350
18 3.751883458748001e-07 5.18337552586301e-07 8478077.458507361 450
21 4.581867103314848e-07 5.889460259927303e-07 6401298.949245622 602
24 4.938840659944948e-07 7.625018978779994e-07 5233105.597179687 762
27 8.45751455019523e-07 1.146274333024258e-06 4972317.638448263 1142
30 7.467635612913834e-07 1.273707501843733e-06 4070935.533271352 1250
33 8.746939968552248e-07 1.467648397964063e-06 3681763.924033962 1458
36 1.130260302403439e-06 1.766866890583296e-06 3374086.850699774 1814
39 1.301809152290813e-06 2.212829643355967e-06 3123551.05979909 2178
42 1.364996292219881e-06 2.536833344950664e-06 2785006.000361382 2498
45 1.500987626519328e-06 2.920514235485441e-06 2793269.228572918 2622
48 1.768997918778087e-06 3.478850028368519e-06 2549517.904863666 3191
51 1.68392567576099e-06 3.249002591378361e-06 2366979.641788635 3044
54 1.479615037068696e-06 3.051790213834108e-06 2268747.008643307 2736
57 1.212890710821153e-06 2.589014534777315e-06 2158848.730594659 2276
60 1.049444807620811e-06 2.28008862358568e-06 2022214.179717102 2016
63 8.55082941093067e-07 1.797377613724896e-06 1890275.909188359 1640
66 5.919274382846088e-07 1.289770140236239e-06 1978692.621683564 1056
69 3.766499529202467e-07 7.901963490547904e-07 1819962.072260493 683
72 1.628907874743698e-07 4.414560285652325e-07 1713739.98946993 350
75 9.271265662007795e-08 2.235583109800268e-07 1586337.365412487 192
78 2.065601054879736e-08 8.316383688615255e-08 2069275.506607916 44
81 1.190228396064409e-08 4.000587740618434e-08 1781005.152843497 25


3 1.161020474425878e-08 4.752858820906915e-09 25336262.64644625 18
6 5.62900121701351e-08 7.432320556373865e-08 27498500.38478333 62
9 1.095795045735985e-07 1.55423990021951e-07 23422920.3188078 98
12 1.745940634609428e-07 2.517839092136207e-07 13179735.67765379 210
15 3.322691918776436e-07 3.60036910119184e-07 10452614.98583775 350
18 3.73089275712476e-07 4.816282843429541e-07 8275608.708748719 450
21 4.53672841292224e-07 5.976487635420646e-07 6512877.593633598 602
24 4.574669976339525e-07 7.755750711815843e-07 5195720.333057986 762
27 8.15806370718537e-07 1.150548824683155e-06 4971600.434687825 1142
30 8.053266540032696e-07 1.132417302337785e-06 4029262.316249441 1250
33 9.110570859899399e-07 1.384483925091909e-06 3699773.017548348 1458
36 1.132617727101022e-06 1.691492488781765e-06 3356523.681124359 1814
39 1.263632377457202e-06 2.180550238187562e-06 3113717.646183479 2178
42 1.456542968164356e-06 2.365966088027717e-06 2808951.349684542 2498
45 1.572201688313852e-06 2.725879921824536e-06 2793456.669116841 2622
48 1.794177757884842e-06 3.426358887164354e-06 2592705.334898853 3191
51 1.69436164237976e-06 3.105579692051899e-06 2357531.510426507 3044
54 1.474654527626023e-06 2.939419388463096e-06 2260738.771462747 2736
57 1.241352208051471e-06 2.48886095544796e-06 2172523.772650531 2276
60 1.059005999085953e-06 2.196354888605649e-06 2025606.307766391 2016
63 7.985260142943681e-07 1.922306780613452e-06 1954210.223690664 1640
66 5.454220522467128e-07 1.289263767893785e-06 1953521.16586734 1056
69 3.269040974566672e-07 8.580038303987229e-07 1845609.979014625 683
72 1.804519255619632e-07 3.814922392739761e-07 1667692.136507316 350
75 9.913045791232575e-08 2.094587783456537e-07 1601140.033380725 192
78 3.229974498298654e-08 4.929890590510456e-08 1838966.870256353 44
81 1.630961331583229e-08 2.790534870977995e-08 1666965.10927569 25


3 1.256536794587452e-08 4.197693183031818e-09 26408981.41432628 18
6 5.238683955321806e-08 6.87470483968984e-08 25912423.13864113 62
9 1.069417397761679e-07 1.483144357051936e-07 22950951.26941062 98
12 1.731139577032343e-07 2.350496956949904e-07 12862937.99826982 210
15 3.17127321612396e-07 3.66302894341357e-07 10429562.74508049 350
18 3.729460772050018e-07 4.557812940313528e-07 8173040.711678668 450
21 4.519413868146443e-07 5.650391564654985e-07 6417322.056390254 602
24 4.595918306318825e-07 7.615878331782253e-07 5240478.540382966 762
27 7.939467455594853e-07 1.151922313886286e-06 4989503.30153206 1142
30 8.060542612353109e-07 1.094846061459665e-06 4023378.054447979 1250
33 9.113940887226642e-07 1.337741604883296e-06 3691625.495058951 1458
36 1.088171379272911e-06 1.739969971557142e-06 3400155.959419711 1814
39 1.255957086174469e-06 2.151447935669304e-06 3134069.615234369 2178
42 1.446750559205866e-06 2.403341111323731e-06 2871191.348318495 2498
45 1.581832177380985e-06 2.578391354189535e-06 2761024.166720315 2622
48 1.848837864209412e-06 3.228392485657255e-06 2581540.520483794 3191
51 1.652807000937124e-06 3.187557131516604e-06 2408619.992195969 3044
54 1.477557172359431e-06 2.847694189054011e-06 2259458.210801159 2736
57 1.182141857799503e-06 2.503366963663568e-06 2174393.54437824 2276
60 1.022586850737578e-06 2.164757431827711e-06 2014352.855755541 2016
63 8.7762680542293e-07 1.685637070260214e-06 1909856.462339535 1640
66 5.745655200924963e-07 1.186540239835623e-06 1931040.435044398 1056
69 3.629180974192588e-07 7.43479443210279e-07 1793233.788538726 683
72 1.559719169501233e-07 4.205173886723852e-07 1702519.535399781 350
75 8.408066719882826e-08 2.501978815530967e-07 1708921.814924508 192
78 2.198865548480071e-08 7.834690617514019e-08 2114259.595575301 44
81 1.534077898105719e-08 4.577599152091275e-08 2212326.5965469 25


3 1.200061200639397e-08 4.239988157908683e-09 26113293.57493888 18
6 5.340527329376846e-08 6.395027079568058e-08 25621615.55981563 62
9 1.036942858052356e-07 1.448414337391073e-07 22662203.49775878 98
12 1.689274123258787e-07 2.295159987349029e-07 12740426.54681164 210
15 3.074498286011613e-07 3.654774363003396e-07 10413093.66402444 350
18 3.665180468965538e-07 4.308955380342015e-07 8005274.815607987 450
21 4.427431498492589e-07 5.655097967294366e-07 6450898.684274342 602
24 4.704071972847977e-07 7.375891979931683e-07 5273046.728613859 762
27 7.817354007598185e-07 1.123866718485241e-06 4959925.239892493 1142
30 7.661976744848596e-07 1.095178348121319e-06 3984434.350028087 1250
33 8.738612131231302e-07 1.358338177913265e-06 3701990.495765815 1458
36 1.03158795481427e-06 1.79717559260382e-06 3427956.238686477 1814
39 1.267967711572008e-06 2.079514926867827e-06 3130695.02151885 2178
42 1.360632373601902e-06 2.53048144197618e-06 2917721.201002588 2498
45 1.47836516317164e-06 2.675298907745447e-06 2773188.984819541 2622
48 1.82559675510833e-06 3.270106604597994e-06 2621198.681975322 3191
51 1.674026424126485e-06 3.01954149092584e-06 2379165.569297608 3044
54 1.444144476860813e-06 2.850002738427756e-06 2268724.275495829 2736
57 1.225593130448377e-06 2.364092140537313e-06 2162108.354980943 2276
60 1.005554481505884e-06 2.113184431174391e-06 1998043.619596013 2016
63 7.896334649414599e-07 1.8016142286002e-06 1927247.454417496 1640
66 5.330115106406293e-07 1.242997617608302e-06 1951682.833763792 1056
69 3.228797285014233e-07 8.034119485240294e-07 1817015.097911196 683
72 1.748528679475358e-07 3.745254528663195e-07 1678715.999981317 350
75 1.003820881093826e-07 2.197094968542644e-07 1705901.232900646 192
78 2.712102571548811e-08 5.206435417186262e-08 1793526.930067246 44
81 1.622875728449922e-08 4.023395080624444e-08 2107095.785098272 25


3 1.147197281537125e-08 4.276651503821344e-09 26045347.79868519 18
6 5.570494002185155e-08 5.97231802835356e-08 25825542.26969553 62
9 9.348129474939982e-08 1.453225959719716e-07 21909135.4073545 98
12 1.599740861145224e-07 2.235673856936829e-07 12416930.935914 210
15 2.892184056248814e-07 3.775737096739768e-07 10414199.74833086 350
18 3.650881826711691e-07 4.17439219915441e-07 8004755.648463212 450
21 4.132064912837494e-07 5.52251213074726e-07 6251403.656814424 602
24 4.876742648818115e-07 6.874953400730416e-07 5239036.250829797 762
27 7.639574946238508e-07 1.105405277983838e-06 4931731.262999689 1142
30 7.251275142550462e-07 1.139661251327143e-06 4017790.104270993 1250
33 8.409485119659769e-07 1.394265059704374e-06 3736377.743297056 1458
36 1.032029519957427e-06 1.740978555629543e-06 3409433.384263034 1814
39 1.246132989904649e-06 2.06746002063891e-06 3135362.962797139 2178
42 1.370888104532777e-06 2.445365028269124e-06 2904405.39954953 2498
45 1.412428116697892e-06 2.716626118708866e-06 2774483.330855023 2622
48 1.756451180677986e-06 3.353319302380373e-06 2644932.624963876 3191
51 1.592123130641268e-06 3.118840597251542e-06 2398619.959305953 3044
54 1.443480382638326e-06 2.84999390388527e-06 2293693.405980804 2736
57 1.136945911353332e-06 2.419260376891053e-06 2146529.064711487 2276
60 1.049599096624032e-06 2.107682703831849e-06 2053725.792064034 2016
63 8.142526433833455e-07 1.720849204954648e-06 1919055.040127052 1640
66 5.640568473241821e-07 1.158932083050011e-06 1937452.644055526 1056
69 3.391538340072207e-07 7.562271820549386e-07 1804252.354189333 683
72 1.559534264500467e-07 3.981616781643209e-07 1680565.724883243 350
75 8.644209417271356e-08 2.464107058794711e-07 1743532.905222332 192
78 2.076588260646052e-08 6.439760803113326e-08 1852146.404010476 44
81 1.551626479786944e-08 3.715113040195929e-08 1994707.568877973 25


3 9.949905948844851e-09 4.767492065251235e-09 24596839.55109134 18
6 5.470582265916088e-08 5.819969849450258e-08 25722541.00668242 62
9 8.440457739748453e-08 1.395869100220881e-07 20724005.07089857 98
12 1.47525847554653e-07 2.248172602365718e-07 12143004.30032469 210
15 2.737579851298227e-07 3.705389799452287e-07 10187549.3430033 350
18 3.507596762240763e-07 4.137525442933992e-07 7931351.211216805 450
21 3.842189382119142e-07 5.462202952482088e-07 6084227.165812145 602
24 4.886257390246883e-07 6.750162973808488e-07 5274262.438878171 762
27 7.267607369826607e-07 1.141140477747818e-06 4963496.935639678 1142
30 7.303660102957987e-07 1.06816918104364e-06 3954797.216548171 1250
33 8.527844816357289e-07 1.38460886180847e-06 3797613.109372738 1458
36 1.047209872772441e-06 1.694974594578676e-06 3429571.258463842 1814
39 1.177458109027048e-06 2.155649806382175e-06 3166998.958873816 2178
42 1.382253896870997e-06 2.39095128691592e-06 2917335.709259783 2498
45 1.464646507894573e-06 2.59908495126355e-06 2786116.877792401 2622
48 1.726593973780386e-06 3.301832511234583e-06 2634894.983182706 3191
51 1.59265656882236e-06 3.091997463662487e-06 2416984.227724425 3044
54 1.422499286211506e-06 2.879497275329523e-06 2320755.050950439 2736
57 1.131588279493119e-06 2.392984386279086e-06 2154082.912758537 2276
60 9.959229367299106e-07 2.232582272956061e-06 2101498.142077141 2016
63 7.687918276037824e-07 1.744377283558301e-06 1910835.013154354 1640
66 5.052104924177605e-07 1.257092190713757e-06 1964521.520994371 1056
69 3.142624697589745e-07 8.055379626959488e-07 1837892.587039821 683
72 1.618204347053959e-07 3.784284368532599e-07 1673286.427712022 350
75 8.958911490880222e-08 2.186948285023609e-07 1660740.659762761 192
78 2.112261199823655e-08 4.578387470640924e-08 1532512.038727728 44
81 1.704530362956007e-08 3.69217038888001e-08 2092898.689736726 25


3 1.025275519358577e-08 5.275378421786568e-09 26208845.09178132 18
6 5.118192999036697e-08 5.710505394701435e-08 24933451.22569159 62
9 8.101115861080239e-08 1.314901610200152e-07 19984107.76229423 98
12 1.48534216011022e-07 2.283337928984667e-07 12463597.30007389 210
15 2.436670503886592e-07 3.842756522697289e-07 9943967.221434772 350
18 3.429074121747374e-07 4.107142253549111e-07 7923639.397341105 450
21 3.676958860608565e-07 5.363198034251685e-07 5985488.036942658 602
24 5.084161478159519e-07 6.544187385582994e-07 5382396.885456955 762
27 7.371756568347509e-07 1.084943713058775e-06 4942420.674808849 1142
30 6.974697033110323e-07 1.054465875038096e-06 3897207.478916197 1250
33 8.341781603068735e-07 1.34399475967223e-06 3754349.227419997 1458
36 1.037008134605494e-06 1.630217220681666e-06 3394344.192776065 1814
39 1.209722584096913e-06 2.062022963741861e-06 3176131.98142693 2178
42 1.345379545043715e-06 2.391989878960394e-06 2924561.998413154 2498
45 1.49115869295199e-06 2.467817941506003e-06 2773361.98729095 2622
48 1.757588435217099e-06 3.123883170498845e-06 2614842.676164103 3191
51 1.626707401741873e-06 3.048930985893562e-06 2456715.850917729 3044
54 1.419079712796951e-06 2.987469199718446e-06 2402744.216836692 2736
57 1.160679905336023e-06 2.303762559098628e-06 2163046.4725313 2276
60 9.943444938787483e-07 2.191295021888002e-06 2108262.852505131 2016
63 7.43738676752141e-07 1.701088413110909e-06 1884959.158456446 1640
66 5.329499895684069e-07 1.132616383807122e-06 1917320.775606636 1056
69 3.508708538552512e-07 7.547491067115729e-07 1878099.501098299 683
72 1.5760509871667e-07 3.914820599620359e-07 1714070.059275479 350
75 9.177207492947674e-08 2.181231312823657e-07 1699545.481402069 192
78 1.635067620560015e-08 4.487347459474595e-08 1383712.818933907 44
81 1.385302489125847e-08 4.213672394922307e-08 2117532.371251325 25


3 9.704137321684266e-09 4.636761190468311e-09 24446476.22755109 18
6 5.086819477835582e-08 5.245008799490699e-08 24230581.32637545 62
9 8.205855598411243e-08 1.286315531723576e-07 20189700.69482638 98
12 1.509334690252282e-07 2.24074272075001e-07 12630219.03027613 210
15 2.357104118152528e-07 3.71863401197341e-07 9775611.206353648 350
18 3.396269797653088e-07 4.00858943251407e-07 7896357.357968828 450
21 3.669891990208121e-07 5.240248776564551e-07 5998240.257470345 602
24 4.936771983348478e-07 6.225669838109999e-07 5245999.440054972 762
27 7.259395630675519e-07 1.04379411831304e-06 4881671.970377507 1142
30 6.528336645957063e-07 1.1147789911776e-06 3953149.024893648 1250
33 8.423448798810963e-07 1.293585777112396e-06 3754799.447304451 1458
36 9.894729193118984e-07 1.67149695207193e-06 3418218.971520391 1814
39 1.172029882744209e-06 1.990612523765026e-06 3120933.068766068 2178
42 1.306487591363409e-06 2.378721048675801e-06 2925557.813738272 2498
45 1.450225229041954e-06 2.550586038680744e-06 2831401.197999908 2622
48 1.730844813369093e-06 3.228719065339854e-06 2688240.818692595 3191
51 1.538892746882285e-06 3.107841464432449e-06 2465566.709710539 3044
54 1.441688715006119e-06 2.758603331717777e-06 2351958.926057187 2736
57 1.092589721056432e-06 2.358955820971736e-06 2174295.986244912 2276
60 1.045568739388029e-06 2.01895773401779e-06 2091420.190734372 2016
63 7.793788120502675e-07 1.625825685196194e-06 1905357.532847096 1640
66 5.150943904189536e-07 1.146197155096172e-06 1936327.504540994 1056
69 3.260969589003023e-07 8.099859911827816e-07 1934195.590346126 683
72 1.643970676858797e-07 3.88530834933587e-07 1767275.916561496 350
75 8.451156783199884e-08 2.257596958097232e-07 1710740.373416668 192
78 2.127903007221326e-08 4.217256519455907e-08 1515830.443876604 44
81 1.464034961342759e-08 4.11515011223083e-08 2168018.01410532 25


3 8.990032556919959e-09 4.545543395610054e-09 23000047.45494371 18
6 4.950982386462147e-08 5.522778338827426e-08 24708584.30264178 62
9 8.086924146564613e-08 1.205314762485367e-07 19694270.8971954 98
12 1.499879581705854e-07 2.079273508225174e-07 12303745.06379372 210
15 2.256742895714628e-07 3.644163716480331e-07 9646522.801307224 350
18 3.267460857361677e-07 3.981981251782237e-07 7812814.478010805 450
21 3.635048259509255e-07 5.355283189935007e-07 6135399.947842203 602
24 4.676282411271758e-07 6.269484425772449e-07 5193715.452438818 762
27 7.336926288636728e-07 9.878459163024956e-07 4843570.75358315 1142
30 6.715569295449837e-07 1.087353409546713e-06 4019411.630004845 1250
33 8.190225364503239e-07 1.275340435753861e-06 3738595.647605613 1458
36 9.734929680803197e-07 1.623573354754058e-06 3398476.497387439 1814
39 1.158054423358209e-06 1.953842548806726e-06 3126874.450582106 2178
42 1.342795206702368e-06 2.236083868323182e-06 2912834.855610237 2498
45 1.427136753694944e-06 2.593112309085067e-06 2889248.822773788 2622
48 1.68019903354386e-06 3.136364925008039e-06 2659420.039560176 3191
51 1.578882018193338e-06 2.962684401737197e-06 2471279.99098538 3044
54 1.430801835202462e-06 2.67887416245955e-06 2348108.77768054 2736
57 1.111431359892871e-06 2.219631685587586e-06 2154470.801855833 2276
60 9.69721928932382e-07 2.147810069958952e-06 2141749.275206905 2016
63 7.594292464922893e-07 1.604302834439337e-06 1906499.73333314 1640
66 5.212304371085544e-07 1.127187524466992e-06 1964793.162221266 1056
69 3.367568750368929e-07 7.747700580376474e-07 1946117.952368477 683
72 1.643798178908414e-07 4.116860886954222e-07 1868541.652161637 350
75 8.746822716761039e-08 1.989446724030899e-07 1637883.942689147 192
78 1.979342046127072e-08 5.536558497746517e-08 1765720.123372305 44
81 1.502638537906152e-08 2.958961747106895e-08 1838837.887479267 25


3 9.079450975685646e-09 4.661177838933242e-09 23455182.26991099 18
6 4.877008506179477e-08 5.215851095922088e-08 24175557.19312257 62
9 8.036965093184309e-08 1.197912412122283e-07 19892677.09766188 98
12 1.532535573193389e-07 1.912856209241856e-07 12091299.64592176 210
15 2.236305308736765e-07 3.558224834012269e-07 9642617.374946546 350
18 3.078111605801909e-07 3.839468054094604e-07 7551121.667988585 450
21 3.664034663817091e-07 5.110953273535405e-07 6102147.781709654 602
24 4.549153729612949e-07 6.402179922716009e-07 5260749.017839639 762
27 7.250717897623463e-07 9.570223782822419e-07 4808621.089126629 1142
30 6.98466610583417e-07 1.027055914075227e-06 4031370.715182417 1250
33 8.11768043742503e-07 1.241099648590127e-06 3728472.872709929 1458
36 9.85559718183891e-07 1.545348552122186e-06 3380633.66313031 1814
39 1.213734092207735e-06 1.852462794799861e-06 3152604.646717404 2178
42 1.358631167824304e-06 2.166608018787718e-06 2925211.023396851 2498
45 1.439297984175486e-06 2.486943852535206e-06 2880688.689273088 2622
48 1.720378099943723e-06 2.93981461597572e-06 2634151.290650523 3191
51 1.676240516285777e-06 2.737237519607366e-06 2467427.769590516 3044
54 1.3320324946339e-06 2.761815680894171e-06 2363208.527136907 2736
57 1.142891341979812e-06 2.138899012033802e-06 2171035.302612947 2276
60 9.798845408127025e-07 2.013583142233528e-06 2107194.059354299 2016
63 7.55529248326064e-07 1.588982312454325e-06 1926292.430854147 1640
66 5.26934395328199e-07 1.066042419214059e-06 1943738.985337032 1056
69 3.626812374552447e-07 7.257753079488896e-07 1963682.606457514 683
72 1.689227790514419e-07 3.755355707673359e-07 1818374.986973608 350
75 8.622811282032585e-08 2.015189896196618e-07 1672039.87797452 192
78 2.362918938577165e-08 4.222900149314363e-08 1644076.430999513 44
81 1.543236050110649e-08 2.621419898993329e-08 1769878.607674949 25


3 8.968154067522916e-09 5.335385662327884e-09 24648679.41781969 18
6 4.889781312310494e-08 5.001202194965214e-08 24091402.41575805 62
9 7.568476909710644e-08 1.16497875028544e-07 19331840.42646237 98
12 1.558588252076727e-07 1.792030999543288e-07 11977156.4957242 210
15 2.294970950833694e-07 3.500668791613111e-07 9798386.37123302 350
18 2.891606774690476e-07 3.781514917088372e-07 7369468.004269579 450
21 3.668873541236707e-07 4.879531984708208e-07 6043562.194460416 602
24 4.448781314450746e-07 6.300194557375702e-07 5234310.606721946 762
27 7.067900199615947e-07 9.66212533344094e-07 4840526.157507961 1142
30 7.151391519657878e-07 9.562484601947931e-07 3981345.793933644 1250
33 8.046827923658036e-07 1.212051861739672e-06 3717041.343975835 1458
36 1.000207589758506e-06 1.472693177751375e-06 3361789.693964805 1814
39 1.214759418183667e-06 1.819317412149712e-06 3166603.421495077 2178
42 1.313910441632279e-06 2.207860991810445e-06 2952780.849225385 2498
45 1.465087446063363e-06 2.37846108426509e-06 2870618.929959037 2622
48 1.706915940526538e-06 2.874815118679129e-06 2627976.325512638 3191
51 1.572918575565606e-06 2.872605610081685e-06 2499739.751561954 3044
54 1.414895586101711e-06 2.544871002493304e-06 2340594.064616431 2736
57 1.103440410495403e-06 2.15699799545054e-06 2179354.122709942 2276
60 1.032730483285338e-06 1.856052463745982e-06 2082518.472453748 2016
63 8.075170230847164e-07 1.492083683634203e-06 1934976.135562972 1640
66 4.824221934951665e-07 1.1286584324873e-06 1969534.820390098 1056
69 3.339751841900887e-07 7.922029886538848e-07 2030626.057811473 683
72 1.699091913729192e-07 3.74654638977758e-07 1844694.414821431 350
75 8.492023208958974e-08 1.826369984981872e-07 1587272.223389368 192
78 2.047765310658413e-08 5.685049105929608e-08 1878994.138304628 44
81 9.52589239315599e-09 3.381437716940125e-08 1744921.339224029 25


3 8.565762237820204e-09 5.054235035133322e-09 24040550.96362775 18
6 4.79698869075783e-08 5.148092156623801e-08 24556623.67975818 62
9 7.03808526115941e-08 1.15034470603124e-07 18795902.01557046 98
12 1.532685849240335e-07 1.649399863312868e-07 11599467.10975149 210
15 2.371548855573315e-07 3.252095261947461e-07 9686216.336393287 350
18 2.842015835517241e-07 3.829172131534105e-07 7454589.562723444 450
21 3.472077500066898e-07 4.634456777987517e-07 5807851.697647173 602
24 4.511712304716083e-07 6.168168950821621e-07 5280369.482281597 762
27 6.82037609628729e-07 9.846050851778371e-07 4868392.016538016 1142
30 7.014311721442067e-07 9.582482210180207e-07 4001525.365199288 1250
33 7.948472954815493e-07 1.217636662357359e-06 3750599.208226779 1458
36 9.774432085004912e-07 1.507349721547996e-06 3409240.081453674 1814
39 1.12009170266718e-06 1.910761370953521e-06 3172036.614205046 2178
42 1.287592590928845e-06 2.17243157628032e-06 2933072.415417071 2498
45 1.399017690938611e-06 2.437629589366078e-06 2883366.753504626 2622
48 1.620025294373011e-06 2.987718785169931e-06 2654218.33506552 3191
51 1.49610314642632e-06 2.962512528281041e-06 2517791.393378795 3044
54 1.378518378597226e-06 2.472133644057201e-06 2301849.162255697 2736
57 1.103377938339995e-06 2.106062040012696e-06 2171915.209695912 2276
60 9.561835303720292e-07 1.99873921744961e-06 2125951.755670177 2016
63 7.264334565165827e-07 1.68468978513316e-06 2010255.438575962 1640
66 5.116605541459561e-07 9.947922174791759e-07 1890064.157104347 1056
69 3.446891248711145e-07 7.580933449311256e-07 2020546.981333959 683
72 1.598364383626145e-07 3.765735744594781e-07 1823807.922152356 350
75 7.593230080632786e-08 2.063930537662923e-07 1654443.058068429 192
78 1.88291764719919e-08 6.816795843225219e-08 2079498.509590963 44
81 1.196612788387429e-08 2.880442041860133e-08 1714877.114668413 25


3 8.798299044521721e-09 4.472342928194466e-09 24258504.23828679 18
6 4.498521944582e-08 4.918916379078031e-08 23618463.05295119 62
9 7.094813345573595e-08 1.157765036182382e-07 19142348.50377056 98
12 1.492758759129992e-07 1.703764032576843e-07 11796459.57345501 210
15 2.350571678482326e-07 3.040348482605604e-07 9456052.231952833 350
18 2.779771323404895e-07 3.894622664692872e-07 7539004.513122912 450
21 3.235613368515618e-07 4.568168903616865e-07 5644497.472377338 602
24 4.285047493964028e-07 6.230774488366798e-07 5244839.752638387 762
27 6.607489461003577e-07 9.904097260951684e-07 4871740.792248278 1142
30 6.490199587452228e-07 1.000714030836091e-06 3992322.722233147 1250
33 8.259656609883643e-07 1.170374202738093e-06 3792596.637344311 1458
36 9.292005186899591e-07 1.520263031895545e-06 3385532.70967657 1814
39 1.084853997743745e-06 1.91637936126034e-06 3167191.237495277 2178
42 1.27411739287667e-06 2.175792313152883e-06 2955262.734995247 2498
45 1.316257135302159e-06 2.543215098015849e-06 2906222.886321029 2622
48 1.605404933096513e-06 2.934744284126669e-06 2645578.892196584 3191
51 1.534945613558304e-06 2.838217757558747e-06 2510265.015440843 3044
54 1.26229594859168e-06 2.650102573479058e-06 2329999.832154111 2736
57 1.044962443303155e-06 2.13787192597057e-06 2162374.606814775 2276
60 9.309951899731986e-07 2.051522758930301e-06 2155785.993488792 2016
63 7.608167150101023e-07 1.600093164169163e-06 2005447.589313211 1640
66 4.724753243232561e-07 1.087580340552032e-06 1944411.244336386 1056
69 3.425998798853154e-07 7.499701845141277e-07 2022513.339638495 683
72 1.702719498441121e-07 3.566147361774375e-07 1830992.353669947 350
75 8.784552318271288e-08 1.799147450853678e-07 1631236.272675585 192
78 2.890272129903219e-08 4.36990392687241e-08 1923703.795027197 44
81 1.071933443039254e-08 3.629365019690123e-08 1923563.251803451 25


3 8.79980714333802e-09 5.911517921945826e-09 26861091.06574674 18
6 4.306961199664679e-08 4.105693450143391e-08 21674515.85464426 62
9 7.232399773369577e-08 1.089228722604298e-07 18946423.19794352 98
12 1.515947560904138e-07 1.754977082505263e-07 12239120.34878942 210
15 2.267847321392352e-07 2.82622692946095e-07 9093422.401797589 350
18 2.732364560075736e-07 3.68991861243639e-07 7378927.800474567 450
21 3.250054187574331e-07 4.411361671727932e-07 5638000.975728824 602
24 4.293085733621619e-07 6.215672647350705e-07 5315212.594899824 762
27 6.363855845712287e-07 9.652393240275449e-07 4784847.304218921 1142
30 6.247257081499637e-07 9.947401545898913e-07 3960309.092243801 1250
33 7.875924413249443e-07 1.207032999160383e-06 3814425.128631662 1458
36 9.085394853582622e-07 1.607858147758682e-06 3498484.785166359 1814
39 1.092598570563289e-06 1.878973216804676e-06 3183746.589881259 2178
42 1.221794251575394e-06 2.17325673599439e-06 2934566.758221791 2498
45 1.362658330463478e-06 2.349869004065944e-06 2861176.819502057 2622
48 1.604553798198613e-06 2.920642377803223e-06 2671441.905886122 3191
51 1.537217415918796e-06 2.760840057505335e-06 2505655.781286832 3044
54 1.309414866811083e-06 2.478683837501477e-06 2307211.227808919 2736
57 1.041819833868079e-06 2.161518431550447e-06 2199852.476878539 2276
60 9.86379882171855e-07 1.920637325566695e-06 2154090.829766022 2016
63 7.66900821039386e-07 1.549797468318448e-06 2000304.987013641 1640
66 4.677939903881479e-07 1.065230515971941e-06 1935787.664492748 1056
69 3.219651431032136e-07 7.559956154301588e-07 2004090.414204203 683
72 1.581556291617546e-07 3.682464538058915e-07 1830189.68197553 350
75 7.372082326962641e-08 2.093027041887703e-07 1682268.177383168 192
78 2.149986963230205e-08 6.616388774472018e-08 2164031.368497005 44
81 1.322597666880908e-08 3.799272577773036e-08 2156273.366301753 25


3 9.114416294908023e-09 6.31390421680058e-09 28392450.40494899 18
6 4.060637171366463e-08 4.085560346007602e-08 21144839.11706841 62
9 7.013840134990328e-08 1.058861227459759e-07 18658081.99586103 98
12 1.458951999363677e-07 1.70536551560604e-07 11982174.53354738 210
15 2.360772409503447e-07 2.527293301607567e-07 8950649.851805715 350
18 2.570700367875254e-07 3.599165986523816e-07 7163841.785748865 450
21 3.236310043067397e-07 4.342488796973699e-07 5658427.454059349 602
24 4.204006961039178e-07 6.213674555965106e-07 5333219.980818601 762
27 6.449473471852915e-07 9.092524448636053e-07 4737934.413012976 1142
30 6.360941203473793e-07 9.944723322808532e-07 4051159.457337965 1250
33 7.490075775208667e-07 1.246793809112612e-06 3843188.337984852 1458
36 9.189616457290196e-07 1.536803943490788e-06 3482037.094400293 1814
39 1.115324811080888e-06 1.818266057661269e-06 3204227.954932353 2178
42 1.2343585052315e-06 2.146137857898765e-06 2971353.605812869 2498
45 1.346807903031136e-06 2.312139622722125e-06 2862029.333573487 2622
48 1.636268894532627e-06 2.815272602996424e-06 2680845.89706615 3191
51 1.469157342614468e-06 2.71164119070322e-06 2466630.584331138 3044
54 1.286997163708979e-06 2.449493874063065e-06 2308295.839149123 2736
57 1.076313227536761e-06 2.054183463439058e-06 2200655.446559266 2276
60 9.409247251376629e-07 1.916292281649915e-06 2138803.187698787 2016
63 7.173575808829495e-07 1.624532015171449e-06 2028941.388465401 1640
66 5.147267617384421e-07 9.537784380200541e-07 1924434.648387316 1056
69 3.11809372448499e-07 7.18342078224739e-07 1949318.334215377 683
72 1.607027899925624e-07 3.820597222080396e-07 1912036.789193795 350
75 8.218680865904554e-08 1.992278700548987e-07 1729116.99949006 192
78 2.184072412694806e-08 5.476561975457807e-08 1965336.626458841 44
81 2.006634020570523e-08 3.535149604511138e-08 2510114.920561109 25


3 9.570426754639739e-09 6.704634809536036e-09 30046421.60501231 18
6 3.879119338768416e-08 3.81884093073684e-08 20197103.80162511 62
9 6.812282471231871e-08 1.074093255755263e-07 18842988.96001533 98
12 1.399859739575137e-07 1.772536998690613e-07 12088805.37491454 210
15 2.361066801160411e-07 2.421885782295378e-07 8871913.750965523 350
18 2.474942499949391e-07 3.532810879443715e-07 7066072.797907714 450
21 3.329968607102672e-07 3.961064934383624e-07 5562659.821338931 602
24 4.215897752455788e-07 6.135825324483725e-07 5384608.004832009 762
27 6.351094308688958e-07 9.03778540502144e-07 4754418.857451606 1142
30 6.515746079820598e-07 9.251418901079914e-07 4005927.075448953 1250
33 7.764346498935645e-07 1.161980135449502e-06 3823398.029560735 1458
36 9.544766936981254e-07 1.460313494737992e-06 3502930.558658705 1814
39 1.131190660022749e-06 1.756123389347864e-06 3215744.652804079 2178
42 1.257538081234611e-06 2.079588824550592e-06 2993719.201401689 2498
45 1.298397712829358e-06 2.250519966597685e-06 2819474.166312747 2622
48 1.587729941666231e-06 2.872943126193062e-06 2719227.326782041 3191
51 1.449763618220372e-06 2.678422964346567e-06 2477269.803348157 3044
54 1.244198677650809e-06 2.411168923719003e-06 2294191.903879938 2736
57 1.032924703339832e-06 2.062148954522334e-06 2204972.893216553 2276
60 8.956416473907911e-07 1.933965812159702e-06 2145688.931376551 2016
63 7.695451662941302e-07 1.498976319846841e-06 2030379.632302078 1640
66 4.483574883830129e-07 1.093942192059225e-06 2003203.43051302 1056
69 3.526134945959576e-07 6.537774639008208e-07 1981061.599301334 683
72 1.620665622467009e-07 3.515129118825082e-07 1860231.768232285 350
75 8.717155544716836e-08 1.934121939556374e-07 1772442.890131949 192
78 2.088753047505267e-08 4.418995770064573e-08 1731401.070905219 44
81 1.461928844942245e-08 4.359504237348475e-08 2534053.777577725 25


3 9.259971395164965e-09 7.124967404440634e-09 30259954.80276806 18
6 3.749411520346683e-08 3.807435512040584e-08 19991445.8254493 62
9 6.502904626268567e-08 1.05418058971612e-07 18585318.26678892 98
12 1.376374454109921e-07 1.733533768835646e-07 12015013.17351867 210
15 2.322846396106739e-07 2.383920694794543e-07 8820473.017314006 350
18 2.42142702574904e-07 3.426403892856108e-07 6987295.289531747 450
21 3.492435055314775e-07 3.956857943043564e-07 5769081.443442016 602
24 4.236805278718713e-07 5.79227933367198e-07 5315464.663541305 762
27 6.167791051873448e-07 8.495857673612513e-07 4606999.976510867 1142
30 6.767066164971923e-07 8.965688721129289e-07 4072738.801561642 1250
33 7.808253029196414e-07 1.166104839545761e-06 3900674.803119614 1458
36 9.386344886476901e-07 1.389034406562381e-06 3436770.580127255 1814
39 1.130708509734323e-06 1.758671276608792e-06 3268873.591013872 2178
42 1.252494224878041e-06 2.001029935099702e-06 2973999.472972846 2498
45 1.296289790239892e-06 2.123844707574039e-06 2774138.272213666 2622
48 1.551310253293528e-06 2.911602665358971e-06 2762432.109498547 3191
51 1.454663533975873e-06 2.591100960073415e-06 2477307.649855769 3044
54 1.264120630585707e-06 2.289451452554851e-06 2282028.064349274 2736
57 1.055968843249313e-06 2.031607102284611e-06 2246533.910315414 2276
60 9.409644782535902e-07 1.757291136121811e-06 2108345.822630638 2016
63 7.521944547210097e-07 1.484799685124185e-06 2035641.588641674 1640
66 4.944160318118512e-07 9.5327326348936e-07 1954841.150039064 1056
69 3.035781925073522e-07 7.389253182697782e-07 2040767.816679393 683
72 1.500365393736815e-07 3.574822507920603e-07 1858203.368715037 350
75 8.399773318087971e-08 2.099786113274449e-07 1873052.205325414 192
78 1.831345757852859e-08 4.425397847708416e-08 1674741.778107225 44
81 2.168289136577354e-08 3.245990179681895e-08 2568473.484035132 25


3 8.490897718963432e-09 7.863963621283865e-09 30294928.92208967 18
6 3.539530922682884e-08 3.618511602121166e-08 19168264.88889882 62
9 6.313814244067048e-08 1.043166613369156e-07 18519251.39840337 98
12 1.323436039328995e-07 1.705551615142413e-07 11850816.32059071 210
15 2.180536942677854e-07 2.424631434322724e-07 8706398.989144007 350
18 2.465439238505466e-07 3.230906814313668e-07 6928194.887826704 450
21 3.430342593565611e-07 3.962077383194818e-07 5794164.301598299 602
24 4.095814311918376e-07 5.725164084787324e-07 5272585.279922285 762
27 6.116637225300712e-07 8.465764018777315e-07 4644687.420047903 1142
30 6.57839938744384e-07 8.75095777086325e-07 4022139.21111183 1250
33 7.801970548471461e-07 1.13281535319822e-06 3893623.717033981 1458
36 9.197558804368682e-07 1.408880405979118e-06 3480871.607963644 1814
39 1.086235624994761e-06 1.785901378092937e-06 3286380.788695661 2178
42 1.221596128494764e-06 2.008350019584808e-06 2990572.675313229 2498
45 1.253934533159338e-06 2.11146402988287e-06 2765268.020984486 2622
48 1.654334788480541e-06 2.668347260995874e-06 2741902.981870873 3191
51 1.443164641313566e-06 2.561209272703792e-06 2489316.326176211 3044
54 1.266233987666893e-06 2.280804120491282e-06 2312789.890401739 2736
57 1.101704941407283e-06 1.918590809645195e-06 2246137.202255974 2276
60 9.180593679885308e-07 1.744896316041359e-06 2109356.936253778 2016
63 7.225189786220327e-07 1.52065656222981e-06 2063026.386931857 1640
66 4.882633406021611e-07 9.205554816556211e-07 1933979.67010591 1056
69 3.231070777601395e-07 6.522907008957058e-07 1968105.773060431 683
72 1.596312297877384e-07 3.30151986580279e-07 1842213.74590407 350
75 1.011891856024788e-07 1.79475302349145e-07 1869446.605684451 192
78 2.042538199395261e-08 4.131234518766432e-08 1704106.148863249 44
81 1.362806797803185e-08 4.412032863534686e-08 2594279.630385258 25


3 7.607705930051341e-09 7.845367701424498e-09 28902635.52430193 18
6 3.308300143843338e-08 3.471065185245828e-08 18393806.60877232 62
9 6.012001776056837e-08 9.90271476540145e-08 17799702.5925221 98
12 1.277872077197499e-07 1.655089744249079e-07 11620788.27977432 210
15 2.118737424562704e-07 2.364487488158916e-07 8593298.341437228 350
18 2.556751683186758e-07 3.162849648457761e-07 7067590.088235244 450
21 3.250916293171193e-07 3.990572065388563e-07 5734869.01793143 602
24 4.048085135765867e-07 5.601028086439794e-07 5247901.8177448 762
27 6.042850863230895e-07 8.304645037646608e-07 4629279.263005443 1142
30 6.301680341322149e-07 8.828832534895427e-07 4008862.237145904 1250
33 7.615413372513184e-07 1.150871368887341e-06 3931034.307313713 1458
36 9.080611484605864e-07 1.406760281966637e-06 3499435.269745025 1814
39 1.067093600908843e-06 1.798363104657746e-06 3311882.143092798 2178
42 1.192877482871358e-06 2.00989951505251e-06 2995490.102589794 2498
45 1.219876122027103e-06 2.136108321552732e-06 2782447.523740853 2622
48 1.645128998931199e-06 2.610207953239285e-06 2734305.317425069 3191
51 1.451180981237661e-06 2.502836968642546e-06 2491059.982873441 3044
54 1.213669692098319e-06 2.330285578265779e-06 2326584.605771788 2736
57 1.038381317253702e-06 2.002047738321232e-06 2270387.559334892 2276
60 8.81933912368776e-07 1.757842954219972e-06 2107003.098051792 2016
63 7.619820402743177e-07 1.427191949837911e-06 2053628.664068014 1640
66 4.18914943407214e-07 1.051030470747957e-06 1995944.216990755 1056
69 3.13122996115727e-07 6.35899673344218e-07 1935154.615378418 683
72 1.52323743814297e-07 3.340762540195781e-07 1840653.866631497 350
75 7.932459689830113e-08 2.146157502593122e-07 1909469.690804473 192
78 1.924889518697037e-08 4.47713742051248e-08 1765273.007957224 44
81 1.826482557639027e-08 3.518085548594365e-08 2539782.337971367 25


3 7.11512256715009e-09 8.184115902215676e-09 28873781.07751832 18
6 3.134959346043645e-08 3.451903041026157e-08 18100710.616452 62
9 5.915693036620554e-08 9.392006793353354e-08 17321675.0679607 98
12 1.264500160949481e-07 1.540368398010565e-07 11303997.43648772 210
15 2.102800517722643e-07 2.363993563907489e-07 8687932.082280492 350
18 2.543678034067344e-07 3.021984220687124e-07 6991233.342420692 450
21 3.133731329749998e-07 4.06608875969194e-07 5759048.621567016 602
24 3.949044103623486e-07 5.587640402766588e-07 5241840.375639303 762
27 5.991740549239576e-07 8.036314184953823e-07 4590215.195492724 1142
30 5.774643870443238e-07 9.010119793158459e-07 3934260.807419558 1250
33 7.50959146226255e-07 1.14993217458022e-06 3947217.396801008 1458
36 8.881954703010816e-07 1.409339204044692e-06 3505003.813590537 1814
39 1.068476390979793e-06 1.752007670622882e-06 3298965.478972644 2178
42 1.220466866387721e-06 1.968145068447896e-06 3022438.426337711 2498
45 1.212302663591909e-06 2.112080112990172e-06 2783999.600123417 2622
48 1.501944157750295e-06 2.747766503152213e-06 2729250.353202662 3191
51 1.40518815967594e-06 2.555095305747659e-06 2509232.750699645 3044
54 1.20899677046419e-06 2.316398955331331e-06 2335435.819121786 2736
57 9.963305435734714e-07 2.049428907933289e-06 2282333.964274542 2276
60 8.610569192089764e-07 1.842267072653076e-06 2163327.236788289 2016
63 7.261536272315421e-07 1.500094239148106e-06 2090056.57684671 1640
66 4.945736254752309e-07 9.096669317938353e-07 1974077.380633239 1056
69 2.847676556868266e-07 6.760668687676155e-07 1948643.362353364 683
72 1.408591975801667e-07 3.343620766039925e-07 1799966.832637877 350
75 8.999614459195534e-08 1.917793853328393e-07 1885428.20420864 192
78 1.992810676754927e-08 4.209763511368172e-08 1740851.605737074 44
81 1.61432194344565e-08 3.477991409499869e-08 2415228.082361325 25


3 6.844644234483119e-09 8.272571025865128e-09 28842684.05044653 18
6 3.067198070274996e-08 3.685238467422978e-08 18715292.56308808 62
9 5.868625874315639e-08 8.45216123456796e-08 16509156.18707144 98
12 1.259783966944528e-07 1.538017109061919e-07 11434081.3336115 210
15 1.940639563958973e-07 2.385935105224806e-07 8482953.834839601 350
18 2.56764771488354e-07 3.017248539549927e-07 7124403.652807184 450
21 3.023851237121919e-07 4.099990508419801e-07 5755347.922580647 602
24 3.945392869029442e-07 5.428872776425067e-07 5229819.466546747 762
27 5.820004674665302e-07 8.003277391267726e-07 4573975.578791712 1142
30 5.375688099619813e-07 9.265546052860691e-07 3909444.889478315 1250
33 7.342493431121473e-07 1.113288126492927e-06 3885556.635872774 1458
36 8.684770835818098e-07 1.364049907023634e-06 3448525.881917983 1814
39 1.090367829502772e-06 1.682575946333593e-06 3297669.06158476 2178
42 1.227998864220233e-06 1.964848005318929e-06 3063595.720170108 2498
45 1.265744922757039e-06 2.046954005115901e-06 2823218.416031147 2622
48 1.47822892638876e-06 2.71765855256534e-06 2721856.847519519 3191
51 1.394100174183166e-06 2.527349118210924e-06 2511792.306548133 3044
54 1.253534229078453e-06 2.23737955745157e-06 2352026.690625704 2736
57 1.034067360062627e-06 1.911561058253543e-06 2251530.508501102 2276
60 9.420619147751826e-07 1.668569337016272e-06 2148344.773586892 2016
63 7.233991364399641e-07 1.480202842106915e-06 2091146.935005278 1640
66 4.515008563610465e-07 9.46711282895253e-07 1960459.846530869 1056
69 3.083101874937037e-07 6.19637888684152e-07 1931402.221412589 683
72 1.472040631856971e-07 3.242266827883496e-07 1815828.094792205 350
75 8.956137267956098e-08 1.93250750004806e-07 1908423.997667278 192
78 1.575735486290364e-08 4.341670554705553e-08 1630489.420413159 44
81 1.269275863643658e-08 3.754812052290523e-08 2326463.656184684 25


3 6.704547065847692e-09 8.005836923654292e-09 28467960.23404621 18
6 2.981220475081046e-08 3.845039478582607e-08 19064412.31743303 62
9 5.958781077210779e-08 7.36281980183598e-08 15748067.32135222 98
12 1.201926228573839e-07 1.475335014884837e-07 11081896.18002908 210
15 1.896456676836673e-07 2.456981718591699e-07 8612463.680863095 350
18 2.636606191577788e-07 2.831181168400959e-07 7120325.612085954 450
21 2.930041624467227e-07 4.301309157406506e-07 5880178.859242291 602
24 3.920252365031617e-07 5.206536442766558e-07 5173530.790027635 762
27 5.597194329796422e-07 8.24021714491197e-07 4611869.211224331 1142
30 5.354356335616785e-07 8.81315521399582e-07 3846011.909453501 1250
33 7.146757582442933e-07 1.099072339253653e-06 3858889.789136348 1458
36 8.617097973069929e-07 1.321895366412978e-06 3423302.226270005 1814
39 1.096174407191412e-06 1.686538559424755e-06 3352685.828360271 2178
42 1.175311987840112e-06 2.015761874928556e-06 3081919.553883871 2498
45 1.236354504576107e-06 2.062701783690745e-06 2839486.602692652 2622
48 1.497533717577898e-06 2.601844087484221e-06 2707044.865182444 3191
51 1.382006406679997e-06 2.503344023855953e-06 2520521.686432212 3044
54 1.225414329551362e-06 2.261595661584254e-06 2371501.661174612 2736
57 1.020993934277236e-06 1.918142606586406e-06 2271386.382225074 2276
60 8.782166667896771e-07 1.750443267609646e-06 2164750.624795758 2016
63 7.165524696267525e-07 1.467138649062935e-06 2098332.476770205 1640
66 4.136623800049559e-07 9.836840138393416e-07 1958945.307953805 1056
69 2.835076567340413e-07 6.691440763417528e-07 1974386.240716591 683
72 1.425885005439352e-07 3.41489563341555e-07 1871222.344660926 350
75 7.548365634965302e-08 2.017937228145882e-07 1852037.058981452 192
78 1.982341548042318e-08 3.631441174781602e-08 1639368.811177988 44
81 1.853406213335709e-08 2.148040070475721e-08 2093936.574011585 25


3 6.607189118802334e-09 7.817606689641199e-09 28266147.07797025 18
6 2.867522249637577e-08 3.85617530307766e-08 18957894.94457794 62
9 5.99548729881782e-08 7.520741797393868e-08 16155438.40562819 98
12 1.224455335903135e-07 1.431070623263405e-07 11165071.23823776 210
15 1.85448921895122e-07 2.351491975764676e-07 8438457.327948393 350
18 2.513697745162945e-07 2.96685417864254e-07 7164393.461822164 450
21 2.835787147044996e-07 4.373647723468075e-07 5919948.812682154 602
24 3.918398246037584e-07 4.885579368808166e-07 5077855.736934088 762
27 5.48166025984727e-07 7.962359506010102e-07 4545710.914955296 1142
30 5.604189660073652e-07 8.117707397989458e-07 3815776.481607265 1250
33 6.851483190046621e-07 1.091878576905789e-06 3821910.187508445 1458
36 8.4185774387319e-07 1.344836271097179e-06 3463619.358336829 1814
39 1.072562584411429e-06 1.70155841349854e-06 3379243.153744414 2178
42 1.181226655880603e-06 1.946055235527129e-06 3073928.085935462 2498
45 1.190860353657351e-06 2.1019479827279e-06 2860465.668022405 2622
48 1.533699885971969e-06 2.510045762819811e-06 2722648.824434998 3191
51 1.389196339658203e-06 2.439197727347902e-06 2526656.178392556 3044
54 1.15386358462736e-06 2.314192042399457e-06 2375691.132874082 2736
57 9.477473719904331e-07 1.95108806207812e-06 2254538.044545609 2276
60 8.332984044328331e-07 1.741746590156813e-06 2143306.579754965 2016
63 7.055042376977846e-07 1.467369491661538e-06 2116462.639748849 1640
66 4.703038877747384e-07 8.819793683627654e-07 1970832.998782622 1056
69 3.132205594434203e-07 6.153404738835455e-07 1990962.175706791 683
72 1.46706932231722e-07 3.107591189633564e-07 1818890.352215643 350
75 9.237942379327659e-08 1.793487537516477e-07 1906259.006520225 192
78 1.759979611076139e-08 5.188232325695519e-08 1957426.802204517 44
81 7.842096167713922e-09 3.454360071019469e-08 1949396.225161179 25


3 5.44008157073018e-09 8.408298821367957e-09 27035365.7482127 18
6 2.911161725339454e-08 3.980685105536722e-08 19672646.69745575 62
9 6.006701068487082e-08 7.094636608382738e-08 15908727.40114404 98
12 1.190434106797703e-07 1.413508882635083e-07 11062029.68649775 210
15 1.889293292030761e-07 2.256346468051086e-07 8450782.08364754 350
18 2.361409682981479e-07 2.982787256186103e-07 7036941.492407653 450
21 2.824055254819679e-07 4.145658374089371e-07 5827281.990159705 602
24 3.890674499160565e-07 4.793337581460836e-07 5072517.190085875 762
27 5.393087278935603e-07 7.817328140973248e-07 4530488.686808091 1142
30 5.856625950849027e-07 7.567044391067618e-07 3812998.749797288 1250
33 6.81807716753482e-07 1.052578596953375e-06 3794930.037863336 1458
36 8.054439357918684e-07 1.309074752052711e-06 3396340.796847653 1814
39 1.057736402422998e-06 1.683042030413222e-06 3387966.007545982 2178
42 1.180776561338181e-06 1.914329082952814e-06 3092471.488921991 2498
45 1.218823056549444e-06 2.044647404323887e-06 2891451.30357542 2622
48 1.489242115334467e-06 2.461729281238913e-06 2698099.560926307 3191
51 1.382524560097061e-06 2.386334465606196e-06 2530035.432423478 3044
54 1.190343559057789e-06 2.18044029888402e-06 2365623.157866396 2736
57 9.757850037193588e-07 1.836009598915475e-06 2241037.676378781 2276
60 8.846848720779994e-07 1.668538240666696e-06 2180523.464183338 2016
63 7.249373269890529e-07 1.405298946393016e-06 2123312.046863032 1640
66 4.41410558655954e-07 9.351888985236872e-07 2017154.211735477 1056
69 2.96459615773393e-07 6.219146326347508e-07 1989604.896290259 683
72 1.453243847776671e-07 3.083584342566458e-07 1834275.964608853 350
75 8.204954188564103e-08 1.871017080289881e-07 1889722.612346179 192
78 2.096739907269876e-08 4.483231013311994e-08 1948147.418404628 44
81 1.385667636217097e-08 1.839429947613849e-08 1697462.840976564 25


3 5.491755255381255e-09 8.240871939851927e-09 27266007.77975966 18
6 2.848126755536349e-08 3.904545810998263e-08 19546013.52950028 62
9 6.036539182372685e-08 6.13334621733712e-08 15061340.417306 98
12 1.2157561141661e-07 1.307780721594093e-07 10901488.55883338 210
15 1.896196171162536e-07 2.146451296056325e-07 8363302.266060415 350
18 2.253528443184925e-07 2.92672526266526e-07 6900184.080812314 450
21 2.934344769310282e-07 3.811422529730463e-07 5757466.272751791 602
24 3.860790878065194e-07 4.740608068660635e-07 5087936.609216776 762
27 5.568341155870807e-07 7.472581398955409e-07 4554915.634067826 1142
30 6.083843978876917e-07 7.411995129474276e-07 3895118.456225311 1250
33 6.808204509625864e-07 1.039079485435729e-06 3822422.130851702 1458
36 8.156522908696191e-07 1.243819152735893e-06 3371263.17146455 1814
39 1.019883960126369e-06 1.66204335669975e-06 3361252.117071097 2178
42 1.147153663458025e-06 1.916881587856643e-06 3103036.096202041 2498
45 1.254997048828297e-06 1.918320903529757e-06 2871481.794274838 2622
48 1.44526871595464e-06 2.480735301207855e-06 2715930.955884105 3191
51 1.379033953733982e-06 2.334083368853149e-06 2534923.037112633 3044
54 1.234856823912348e-06 2.114864932146384e-06 2399631.096747219 2736
57 9.859615541880666e-07 1.764354139321526e-06 2235556.588104408 2276
60 9.055767716778545e-07 1.617122797165178e-06 2197887.915920093 2016
63 7.206622475694213e-07 1.38985305672219e-06 2139099.149699807 1640
66 4.651680798891904e-07 8.654902185784122e-07 2002796.409159219 1056
69 2.786651458958586e-07 6.228441172317208e-07 1977053.135166961 683
72 1.421126914563886e-07 2.922149429906673e-07 1790250.886201557 350
75 8.169088393955163e-08 1.888648798434725e-07 1930933.173472706 192
78 2.239693591684585e-08 4.110606697064674e-08 1936217.804048668 44
81 1.029005046120517e-08 2.569332856167414e-08 1808920.17309471 25


3 5.190102575881932e-09 8.118126423203549e-09 26718028.03646193 18
6 2.911358547953615e-08 3.744851030702106e-08 19569353.64240951 62
9 5.4297993394613e-08 6.086730838681416e-08 14365746.7512609 98
12 1.206977839033686e-07 1.3086305318031e-07 10999035.45656551 210
15 1.850916803364734e-07 2.008543704217721e-07 8100053.411508038 350
18 2.22467546032341e-07 2.851694378522863e-07 6852192.737840727 450
21 2.965055877530237e-07 3.668281664135481e-07 5746817.591998979 602
24 3.692390041685132e-07 4.845330853363486e-07 5097635.640002196 762
27 5.582552816423503e-07 7.447592162305425e-07 4610471.566158339 1142
30 5.92899826074568e-07 7.409902197691145e-07 3892992.453984125 1250
33 7.079147097903416e-07 9.970896015927293e-07 3854339.794998491 1458
36 8.293051772221656e-07 1.185170816515559e-06 3351776.819466106 1814
39 9.96760125780449e-07 1.621028898731936e-06 3323881.65791053 2178
42 1.144621210587293e-06 1.870281282143511e-06 3096936.62892315 2498
45 1.218897460079941e-06 1.90575706183122e-06 2859872.017331329 2622
48 1.428023929687972e-06 2.448552063623932e-06 2716852.662944824 3191
51 1.341833251236354e-06 2.322017775216353e-06 2530251.634800528 3044
54 1.242649292293829e-06 2.063147982361092e-06 2403624.892778723 2736
57 9.633141995408836e-07 1.76391576805681e-06 2242219.276560432 2276
60 8.691444196333512e-07 1.663354317119989e-06 2224457.146824637 2016
63 7.15578383495759e-07 1.348541213309188e-06 2122851.447729132 1640
66 4.558930521157829e-07 8.892323655030199e-07 2043705.1906094 1056
69 3.106131529351038e-07 5.628773998013062e-07 1971889.60746791 683
72 1.381169840494743e-07 3.021771686937221e-07 1829893.984307981 350
75 9.22963329137831e-08 1.622635315275666e-07 1882380.160397836 192
78 1.812511928589523e-08 5.204043353549035e-08 2090250.017388444 44
81 1.048069737797465e-08 2.64766273597159e-08 1882377.704751605 25


3 5.194675992613203e-09 7.376888328101178e-09 25628569.91028348 18
6 2.902353683495736e-08 3.595094700579643e-08 19371817.17151431 62
9 4.98989419211017e-08 6.11653567765546e-08 13971191.20083074 98
12 1.185277640404768e-07 1.336355171482643e-07 11150507.87804086 210
15 1.786256542324671e-07 1.935244602222663e-07 7916377.634077315 350
18 2.227395426718813e-07 2.869708393890674e-07 6962312.140346447 450
21 3.004577621326924e-07 3.566900158921753e-07 5777435.105459349 602
24 3.458984007823086e-07 4.794779788240138e-07 4972432.277228108 762
27 5.408727150302066e-07 7.480498694344461e-07 4605690.178739728 1142
30 5.429234462444786e-07 8.12552939639479e-07 3963271.407762456 1250
33 7.120873868286809e-07 9.818902479596819e-07 3878858.795257824 1458
36 8.135126790969773e-07 1.191167511972667e-06 3369111.589674477 1814
39 9.871463701764398e-07 1.564501422040404e-06 3279974.882336004 2178
42 1.129524660339694e-06 1.828829043637494e-06 3073392.327180241 2498
45 1.172691526403012e-06 1.962679174913622e-06 2888793.689753851 2622
48 1.438198454224042e-06 2.399090188592214e-06 2722834.681582836 3191
51 1.298320748056109e-06 2.341490653688842e-06 2533097.758066073 3044
54 1.147687310232413e-06 2.202267557127016e-06 2437223.261545856 2736
57 9.225333142455698e-07 1.8122591798075e-06 2260278.021271958 2276
60 8.318894748136653e-07 1.720296657481397e-06 2251783.002133036 2016
63 6.788286077188127e-07 1.40624637594212e-06 2151102.269936782 1640
66 4.205906592383609e-07 9.287734297190201e-07 2051263.956940737 1056
69 2.868939903976446e-07 6.304996699258079e-07 2060638.195905997 683
72 1.465410763192709e-07 2.779404140655254e-07 1803093.767399819 350
75 7.661998202587749e-08 1.891117375431631e-07 1929372.257069825 192
78 2.328825588425187e-08 3.849486418935752e-08 1948778.815129187 44
81 1.355792716857541e-08 1.875151023745194e-08 1756787.016551664 25


3 5.470677833143772e-09 7.062377322297494e-09 25989337.33418475 18
6 2.93261096927384e-08 3.1538332260662e-08 18540973.67427038 62
9 4.635617601344039e-08 6.308253367063844e-08 13850568.37123845 98
12 1.153329711345063e-07 1.330528502150931e-07 11118541.63130591 210
15 1.742807187301709e-07 1.769219646773894e-07 7609013.049411243 350
18 2.184129859743678e-07 2.728252407481753e-07 6806340.528727893 450
21 3.011250849086823e-07 3.446754039035359e-07 5766851.972777587 602
24 3.337120192897057e-07 4.911819970779072e-07 5006952.245460361 762
27 5.308288355364695e-07 7.144139531853709e-07 4509920.039769536 1142
30 5.007193834846357e-07 8.903756137020223e-07 4064004.044174133 1250
33 6.86489389464071e-07 9.901826625970643e-07 3872155.695532913 1458
36 7.924535022061955e-07 1.213652210253523e-06 3398408.590805556 1814
39 9.913385903024725e-07 1.485843819839567e-06 3230828.819489692 2178
42 1.120746486093972e-06 1.763094944897652e-06 3033471.782079571 2498
45 1.174236501380391e-06 1.973432300567009e-06 2928604.926465664 2622
48 1.446741214066938e-06 2.45366654070656e-06 2792368.065606629 3191
51 1.296786521261787e-06 2.301221027360703e-06 2531243.645194005 3044
54 1.130620416481875e-06 2.175741135263431e-06 2426954.145970617 2736
57 9.501030206444336e-07 1.733495636972782e-06 2251603.027628307 2276
60 8.872196633244226e-07 1.59901218033393e-06 2238310.156440784 2016
63 6.966452982250252e-07 1.327267963499864e-06 2121604.116324982 1640
66 4.617098536070698e-07 8.325493543652886e-07 2019854.48017365 1056
69 2.886433284559623e-07 6.062572134577866e-07 2035523.69062748 683
72 1.246755565593896e-07 3.244472645287331e-07 1871983.963079863 350
75 8.187488133606918e-08 1.750346382815627e-07 1905459.051536786 192
78 1.896758667136563e-08 4.527854707916291e-08 1976113.763195365 44
81 7.84068795472437e-09 2.622948263838441e-08 1719697.0713007 25


3 5.155117369759803e-09 6.785511073821031e-09 25032714.73639184 18
6 2.876386300956887e-08 2.968058236252327e-08 18108802.65147734 62
9 4.609020467398395e-08 6.523028070297513e-08 14218721.20925257 98
12 1.119262883326442e-07 1.382894290557258e-07 11295878.96340416 210
15 1.665316558147035e-07 1.728949430161358e-07 7448853.581267091 350
18 2.075219917690275e-07 2.749902318127354e-07 6741880.728216944 450
21 2.962204099057221e-07 3.422186070386326e-07 5774709.730045233 602
24 3.261928180570713e-07 4.917585598258541e-07 5013134.136415702 762
27 5.14769523268333e-07 7.152106633381457e-07 4498448.406228179 1142
30 5.070383676706611e-07 8.280188513023469e-07 3965211.463924781 1250
33 6.701068542900225e-07 1.016256751266686e-06 3924994.581814165 1458
36 7.591018484729061e-07 1.219370050511396e-06 3376890.73967513 1814
39 9.854676348300769e-07 1.457300177292401e-06 3226362.240837978 2178
42 1.10357459026301e-06 1.776559404047913e-06 3057847.416783969 2498
45 1.200211493652507e-06 1.921939801128386e-06 2948166.121571757 2622
48 1.456358122176449e-06 2.452246240102696e-06 2830217.011319898 3191
51 1.321856734486686e-06 2.228150195393482e-06 2535106.16447939 3044
54 1.189052690410968e-06 1.992210583531053e-06 2387657.901708859 2736
57 9.644440205268908e-07 1.726991054542342e-06 2285683.129140147 2276
60 8.816040662528762e-07 1.592199855468204e-06 2250360.930893449 2016
63 6.839197414365449e-07 1.30661575113278e-06 2107513.495714137 1640
66 4.265976789375268e-07 8.860357446140939e-07 2042474.732349499 1056
69 2.930208853871342e-07 5.801779704862607e-07 2017256.148138735 683
72 1.470081766645152e-07 2.590416720009857e-07 1774273.356445672 350
75 8.292945382627794e-08 1.761398457401364e-07 1941797.872437799 192
78 1.930319494271186e-08 4.155329497522133e-08 1909714.918485966 44
81 1.019263112163031e-08 1.692769108653506e-08 1483594.635252177 25


3 4.343550879020929e-09 6.504958447047277e-09 22810091.70249797 18
6 2.98927780686681e-08 2.88634162920621e-08 18526096.19984239 62
9 4.655905635139507e-08 6.489183635445868e-08 14424527.68484424 98
12 1.147364065004265e-07 1.283255265415105e-07 11191795.94813036 210
15 1.618772441189726e-07 1.802490105922596e-07 7563394.422961975 350
18 2.031140869757978e-07 2.641016920625149e-07 6617935.295414028 450
21 2.908292620381558e-07 3.410206026444755e-07 5779873.922990981 602
24 3.208858123085233e-07 4.866198270347367e-07 5006928.809327671 762
27 5.105689267387313e-07 6.95919850095985e-07 4473191.367514772 1142
30 5.370260045073083e-07 7.4685814804013e-07 3908157.585344499 1250
33 6.387295323030444e-07 1.026569613388555e-06 3904969.298193031 1458
36 7.596936763725865e-07 1.18734665173933e-06 3370906.409802072 1814
39 9.505030405386862e-07 1.483592923502904e-06 3239478.849027964 2178
42 1.097502357964287e-06 1.757058907658854e-06 3068755.242430924 2498
45 1.175445608145984e-06 1.954397873306373e-06 2981532.162378569 2622
48 1.440920835125994e-06 2.391499314124214e-06 2811948.629151113 3191
51 1.275217904156526e-06 2.193801419891854e-06 2502527.26691071 3044
54 1.187878541829986e-06 2.038966926133067e-06 2445549.675935856 2736
57 9.124782054596325e-07 1.754967034494615e-06 2277502.192089297 2276
60 8.300427518160554e-07 1.671356501566566e-06 2279489.760442544 2016
63 6.455131599557514e-07 1.342365169188869e-06 2112939.749570965 1640
66 4.250074555054344e-07 8.784913417558873e-07 2053497.347074014 1056
69 2.604795571613029e-07 6.053913180373412e-07 1992731.350342928 683
72 1.205911270091149e-07 3.261919841104121e-07 1892862.675675752 350
75 7.526769202413994e-08 1.978814116654754e-07 2027646.178308139 192
78 1.780027613915662e-08 4.333915293534572e-08 1916618.810403739 44
81 9.203093817018938e-09 2.29534663193407e-08 1702121.923800485 25


3 4.740828211312657e-09 6.489090795633954e-09 24061988.26045804 18
6 2.983034908388986e-08 2.64333253044505e-08 18024023.14908183 62
9 4.642272569114683e-08 6.025005401964526e-08 14046148.91954097 98
12 1.11436231745667e-07 1.248693144155633e-07 10999412.36346509 210
15 1.57944978772507e-07 1.749865594385276e-07 7443849.977841122 350
18 2.005172725082404e-07 2.59986963289426e-07 6602409.903116487 450
21 2.808315021629793e-07 3.494268835262714e-07 5806025.710061853 602
24 3.252572654514474e-07 4.659636964804073e-07 4989423.552884137 762
27 4.986707352473382e-07 6.984429282850904e-07 4483903.728633595 1142
30 5.525538007418079e-07 7.137283883918019e-07 3923138.845207852 1250
33 6.218484978766153e-07 1.025927389467943e-06 3907519.504210966 1458
36 7.680775935760915e-07 1.137828076563307e-06 3356010.317139803 1814
39 9.352784887962629e-07 1.518301075687025e-06 3297714.296870079 2178
42 1.084632415767904e-06 1.739171150634998e-06 3074795.042701739 2498
45 1.15134252764535e-06 1.901551842532996e-06 2948230.559576524 2622
48 1.410601725156436e-06 2.386188023706957e-06 2818100.515794986 3191
51 1.229885665806859e-06 2.173920820581747e-06 2482644.285912567 3044
54 1.096853793559384e-06 2.133586754830001e-06 2454788.846984807 2736
57 9.04979362950769e-07 1.751783813282226e-06 2298631.322135667 2276
60 8.021028334082902e-07 1.662970981351173e-06 2272422.531328638 2016
63 6.828302104378536e-07 1.286381164130458e-06 2141589.856503867 1640
66 4.313555874460219e-07 8.334007840583861e-07 2032973.859557767 1056
69 2.771998491447279e-07 5.587244599748794e-07 1978002.121718866 683
72 1.448575910871961e-07 2.988122558795021e-07 1957353.482914913 350
75 8.088206646583123e-08 1.669970896423715e-07 1911756.671832584 192
78 2.028266077913109e-08 3.898551422227912e-08 1930600.42635132 44
81 8.649329194430341e-09 1.898016589497106e-08 1504020.043995869 25


3 4.617950517546806e-09 6.656231140507583e-09 24394830.24240007 18
6 2.810625833200867e-08 2.611595381568616e-08 17463536.41588585 62
9 4.392057399355261e-08 5.766800462963624e-08 13531262.29569414 98
12 1.107929366685575e-07 1.209444411822677e-07 10917366.77821222 210
15 1.516940081136023e-07 1.728081756049551e-07 7319074.220865106 350
18 1.989442661482501e-07 2.530661465297418e-07 6566775.392561478 450
21 2.659378267740532e-07 3.641947790691364e-07 5839236.84264121 602
24 3.367506809987613e-07 4.47198247903083e-07 5031307.344671845 762
27 4.820482042837351e-07 6.735229933581746e-07 4384437.724234926 1142
30 5.579439956500247e-07 6.999812319697789e-07 3950586.386304648 1250
33 6.46965815659094e-07 9.538237440698341e-07 3878497.555837744 1458
36 7.752252131705347e-07 1.08759044538601e-06 3335229.195759841 1814
39 9.271387369735946e-07 1.50267826528365e-06 3312342.7015672 2178
42 1.061051692164383e-06 1.738613997257641e-06 3086438.786763938 2498
45 1.147681845860715e-06 1.83625045372069e-06 2928798.120554329 2622
48 1.417149268520633e-06 2.370752412822991e-06 2853927.908278504 3191
51 1.198967966238043e-06 2.142819965914605e-06 2471132.441051613 3044
54 1.104860969321376e-06 2.0483801237715e-06 2441965.502232245 2736
57 9.356197608920948e-07 1.683042625648214e-06 2313304.957832317 2276
60 8.896504707629549e-07 1.513163241358893e-06 2285271.926721312 2016
63 6.739379509294876e-07 1.258133572118042e-06 2133893.037793029 1640
66 4.176834329552301e-07 8.719876714869052e-07 2090692.684330734 1056
69 2.915838334403615e-07 5.320691658471969e-07 1995300.761885499 683
72 1.415943696386086e-07 2.811571826072443e-07 1899561.446562529 350
75 7.782747929171587e-08 1.606935067781931e-07 1867549.271662598 192
78 1.621186616705671e-08 3.984041286930554e-08 1810817.53370463 44
81 1.110282281075726e-08 1.849129852915376e-08 1679053.379163852 25


3 4.076133671944598e-09 6.26741383891856e-09 22616459.74482996 18
6 2.807887584318414e-08 2.472214999647106e-08 17208421.76500891 62
9 4.269983352764892e-08 5.261652473896835e-08 12894187.41993637 98
12 1.123670181487423e-07 1.151077131994652e-07 10866086.29585401 210
15 1.457833431545973e-07 1.689702384714235e-07 7172554.54964626 350
18 1.975301953282384e-07 2.383150662704411e-07 6426313.909495608 450
21 2.64630245134081e-07 3.713817523987416e-07 5962630.538868191 602
24 3.388493248108451e-07 4.430647656125503e-07 5085243.783295287 762
27 4.679729908562286e-07 6.79403455956053e-07 4401222.299720054 1142
30 5.467416724952416e-07 7.161014840748751e-07 4003868.809694393 1250
33 6.577524712862221e-07 8.925456305874458e-07 3823606.082188775 1458
36 7.56029194570732e-07 1.108174456738445e-06 3372253.351893787 1814
39 9.349655001196914e-07 1.440649448115049e-06 3293676.017905571 2178
42 1.046835800061273e-06 1.700483255275955e-06 3073156.125093375 2498
45 1.136061424026618e-06 1.814806886706564e-06 2936706.202431858 2622
48 1.38119027151529e-06 2.321072283441417e-06 2828069.007560947 3191
51 1.240481609871457e-06 2.073820827454315e-06 2497397.163803513 3044
54 1.144914444759219e-06 1.957577594578542e-06 2451388.466195322 2736
57 9.473773760764694e-07 1.64380250516194e-06 2327854.914723636 2276
60 8.569194930041279e-07 1.531566746611164e-06 2294970.321113211 2016
63 6.729005580953026e-07 1.240739849399486e-06 2146264.422448207 1640
66 4.380821292077119e-07 8.09142826620926e-07 2071822.306384204 1056
69 2.52213123096412e-07 5.808133584627026e-07 2010911.196905515 683
72 1.263649540766718e-07 2.880059961514e-07 1869491.002038839 350
75 6.880883161523275e-08 1.705721541044061e-07 1874703.12921331 192
78 1.810755846232265e-08 3.532220572505444e-08 1788534.610136029 44
81 8.232791695346659e-09 2.315967012877347e-08 1725850.38881518 25


3 4.022667430830264e-09 6.216976074252042e-09 22667545.75901899 18
6 2.803377237686231e-08 2.454793958295076e-08 17329437.88207054 62
9 4.057531764249868e-08 5.211497662720541e-08 12665655.3299721 98
12 1.124322849190291e-07 1.048997517422779e-07 10544219.13337599 210
15 1.364792601582502e-07 1.630509625212523e-07 6896372.910461037 350
18 2.006438409289866e-07 2.314605825982684e-07 6460482.877061317 450
21 2.660408429484836e-07 3.713090167399812e-07 6050652.445341958 602
24 3.386129843318334e-07 4.419785023786694e-07 5138603.447280231 762
27 4.71846777501576e-07 6.762820301124781e-07 4461620.93775227 1142
30 5.105450675669446e-07 7.304401072395496e-07 3964354.582915245 1250
33 6.462856463359871e-07 8.825270951304455e-07 3815115.135753868 1458
36 7.347823576606364e-07 1.115920497333352e-06 3382970.785493715 1814
39 9.369587993250914e-07 1.416115543482044e-06 3306709.018189549 2178
42 1.045738782244874e-06 1.61233893739177e-06 3019724.930227377 2498
45 1.117270113865141e-06 1.817018409371903e-06 2953836.469925538 2622
48 1.349774575736698e-06 2.319958929015175e-06 2835125.822336184 3191
51 1.258898285633893e-06 2.019774817383201e-06 2508091.814133393 3044
54 1.145568136306186e-06 1.929828773546914e-06 2463069.862260463 2736
57 9.208504063888773e-07 1.67243133074245e-06 2352236.609366104 2276
60 7.796048257975194e-07 1.63203961802894e-06 2322378.440271201 2016
63 6.433308506149675e-07 1.272151452433356e-06 2165357.211093196 1640
66 4.172505746431833e-07 8.463066147048193e-07 2111502.047619593 1056
69 2.688762141877291e-07 5.176053796501193e-07 1949231.676551009 683
72 1.363011766566227e-07 2.632016987721226e-07 1849409.278348149 350
75 7.397935589003793e-08 1.541254550396356e-07 1835169.961824794 192
78 1.811085618566301e-08 3.949447628525154e-08 1934680.820435681 44
81 9.170377283546631e-09 1.937647149789224e-08 1627782.730940846 25


3 3.94010297891647e-09 5.611983696705548e-09 21451464.2012082 18
6 2.824447877662257e-08 2.467039150434487e-08 17676195.99932635 62
9 3.770300248589286e-08 5.138115560299159e-08 12277381.41912971 98
12 1.093124898227537e-07 9.554261380754317e-08 10102168.80564352 210
15 1.270803767208448e-07 1.708198403251616e-07 6899216.733228842 350
18 1.995612943529323e-07 2.204835531479971e-07 6370212.067186339 450
21 2.777132809219256e-07 3.696761600045498e-07 6230074.401654962 602
24 3.386248291137497e-07 4.171566601273914e-07 5048043.024505116 762
27 4.677820824238822e-07 6.653571560438769e-07 4454072.234730565 1142
30 4.89666581999743e-07 7.605884730093822e-07 4020298.069701346 1250
33 6.168796655033642e-07 9.005509138711322e-07 3815208.035220613 1458
36 7.224862894204263e-07 1.105726203071263e-06 3376816.631620755 1814
39 9.411029300474232e-07 1.3834746808419e-06 3307866.020958154 2178
42 1.029176319555247e-06 1.603015336560266e-06 3021020.771191748 2498
45 1.084138075859185e-06 1.78439696778416e-06 2916381.561360772 2622
48 1.423421791068769e-06 2.163285357725414e-06 2822318.176591831 3191
51 1.237927102464361e-06 2.090919386435901e-06 2565318.980869743 3044
54 1.110019264742607e-06 1.93031720959841e-06 2455649.724370818 2736
57 9.022903769765006e-07 1.670531642197502e-06 2354927.613801167 2276
60 8.36844568306402e-07 1.519729495412808e-06 2315001.027959137 2016
63 6.594289995994344e-07 1.22576957714159e-06 2162689.061961359 1640
66 4.26985583597901e-07 8.167148204496757e-07 2108879.162898389 1056
69 2.690091220509797e-07 5.006710949473951e-07 1932491.867558742 683
72 1.358963311536582e-07 2.626045430034205e-07 1863830.285924729 350
75 7.995026221409749e-08 1.268988710585751e-07 1720235.966155755 192
78 1.849716593716448e-08 3.679016289336661e-08 1891165.777163873 44
81 1.001755652612417e-08 1.799345038232152e-08 1637205.776988728 25


3 4.075438623587078e-09 5.474433392873604e-09 21744581.12583355 18
6 2.91999124176386e-08 2.534363152923613e-08 18494594.52741046 62
9 3.647923377627051e-08 4.670607977455143e-08 11632745.00860726 98
12 1.048347654160559e-07 8.533498656497307e-08 9554496.002978876 210
15 1.257200657589499e-07 1.788637081314108e-07 7109048.307830481 350
18 1.977962387171284e-07 2.104450782926196e-07 6284507.912618609 450
21 2.867516644529996e-07 3.569598932076917e-07 6289926.980366541 602
24 3.388507115688063e-07 4.054508420017132e-07 5039677.36933843 762
27 4.685995925894786e-07 6.274078643462577e-07 4371054.935017699 1142
30 4.941932694028838e-07 7.545635960345662e-07 4060631.912049447 1250
33 6.050114366623871e-07 9.133725392446708e-07 3850132.916970007 1458
36 7.276086556891605e-07 1.070500181800301e-06 3364342.204939826 1814
39 9.262017657007607e-07 1.34503723388414e-06 3269246.651221607 2178
42 1.0301362154452e-06 1.594342099322173e-06 3044639.766752926 2498
45 1.081247019378403e-06 1.724888046895789e-06 2887760.901939897 2622
48 1.409853514994419e-06 2.200372474939348e-06 2865411.569905755 3191
51 1.215702641462097e-06 2.089239448394109e-06 2568955.401591823 3044
54 1.043758571178441e-06 1.980585560897068e-06 2450717.145960973 2736
57 9.000865351008374e-07 1.60731275211543e-06 2323083.291043297 2276
60 8.821536973794061e-07 1.428400714430563e-06 2312659.668562252 2016
63 6.835672619116206e-07 1.199882955718681e-06 2191531.653331324 1640
66 4.403892462561916e-07 7.684496758362131e-07 2085064.683138803 1056
69 2.48326312093833e-07 5.340874122282207e-07 1959542.380294429 683
72 1.226875483943879e-07 2.829269379995281e-07 1886506.524915167 350
75 5.825321753486145e-08 1.576538788384265e-07 1731399.607685457 192
78 2.00588965856855e-08 3.542205533500078e-08 1936962.681887985 44
81 7.876670384405333e-09 2.022962909254491e-08 1605564.362976057 25


3 4.21302199610833e-09 6.121147158308089e-09 23675946.01742841 18
6 2.86177046255807e-08 2.363788441232225e-08 18030276.06175695 62
9 3.75547213448181e-08 4.337767177327506e-08 11526909.75041779 98
12 9.87475602859991e-08 7.935799279567268e-08 9087958.446256787 210
15 1.252390784983532e-07 1.841130872505669e-07 7284106.929340323 350
18 1.959297431650844e-07 2.176716812051516e-07 6430989.953519081 450
21 2.85845886891796e-07 3.433798992764322e-07 6236798.954888723 602
24 3.294040333558833e-07 4.048217904712133e-07 5022879.414464878 762
27 4.571209526250091e-07 6.315123188375213e-07 4381917.085555526 1142
30 4.978669019120079e-07 7.3845066449868e-07 4071139.783627854 1250
33 5.976631237287654e-07 9.178776965410846e-07 3879568.649253137 1458
36 7.307259699208467e-07 1.045729990812706e-06 3367033.119953206 1814
39 8.902487563271303e-07 1.388579919608427e-06 3299098.371190616 2178
42 1.020018488239885e-06 1.564836418470812e-06 3032796.365127715 2498
45 1.04983329566098e-06 1.696122223889822e-06 2852882.895083224 2622
48 1.346891969576045e-06 2.308420557191243e-06 2911110.386857419 3191
51 1.201179506117761e-06 2.087899658087779e-06 2580430.031915278 3044
54 1.078899974553829e-06 1.881954391842424e-06 2439092.845814051 2736
57 8.829126841638014e-07 1.552483598819018e-06 2282194.375523363 2276
60 7.874531621481224e-07 1.579300459973048e-06 2351080.906722909 2016
63 6.432122826204896e-07 1.309048433493823e-06 2265909.400846776 1640
66 3.92073230757137e-07 8.614683791472386e-07 2140732.050671914 1056
69 2.68518045102732e-07 5.049642128305621e-07 1979251.091796007 683
72 1.366484452199551e-07 2.575967676392107e-07 1884966.548512435 350
75 6.687511455749867e-08 1.266032773396982e-07 1617235.829072106 192
78 1.558022073301832e-08 4.687112476710205e-08 2095865.157186799 44
81 1.05871150802154e-08 1.638786547187353e-08 1635093.279252305 25


3 4.032464930477214e-09 5.588118871599327e-09 22361962.25504931 18
6 2.712424685599804e-08 2.292563620662996e-08 17460378.27381733 62
9 3.710249426965568e-08 4.578223645269261e-08 11891462.77907523 98
12 9.850027319693847e-08 7.648543680894841e-08 9061638.7481554 210
15 1.277436950072899e-07 1.822503841974926e-07 7397252.725819085 350
18 1.880295740158769e-07 2.171807916201475e-07 6358559.443561181 450
21 2.863991302075389e-07 3.281969618544814e-07 6183711.895182474 602
24 3.216097202330807e-07 4.111916530565861e-07 5057952.226408429 762
27 4.611283848295154e-07 6.156691472297468e-07 4395052.583072221 1142
30 5.084403471154716e-07 7.344367665318534e-07 4147256.454055422 1250
33 5.970310805296799e-07 8.630359866864999e-07 3796599.922189991 1458
36 7.111010765415194e-07 1.055809298685551e-06 3377883.198143329 1814
39 8.807500424165602e-07 1.377149188461484e-06 3305114.95546159 2178
42 9.84447637507241e-07 1.611931362104027e-06 3065447.404860992 2498
45 1.033278620437874e-06 1.66726976557496e-06 2837657.678025834 2622
48 1.342054738064318e-06 2.243715133572923e-06 2893375.019465781 3191
51 1.173212117374078e-06 2.041872669200076e-06 2550256.853665087 3044
54 1.100303272897396e-06 1.867679323384698e-06 2477868.911044891 2736
57 8.640932320599537e-07 1.555098007568829e-06 2287746.824354412 2276
60 7.492006083515293e-07 1.570696159722576e-06 2321332.605785278 2016
63 6.408165375688697e-07 1.271532071969478e-06 2249009.834027776 1640
66 4.126385548306823e-07 7.940367656273054e-07 2108083.970123772 1056
69 2.534811636484977e-07 5.370763662723222e-07 2022985.237437863 683
72 1.24592865898648e-07 2.711122547113675e-07 1887140.212185743 350
75 6.508867564974362e-08 1.281754429947378e-07 1626868.581905871 192
78 2.185975110691109e-08 3.87195605739269e-08 2162289.420131519 44
81 7.883239933000128e-09 2.525458013471099e-08 1891559.705417265 25


3 3.544157383472117e-09 5.523489503376238e-09 21166691.65565284 18
6 2.645069010334523e-08 1.97464402392929e-08 16405937.44154609 62
9 3.743336513099485e-08 4.716225282257871e-08 12257596.01717944 98
12 9.461946795249274e-08 7.710156972610475e-08 8953173.619039375 210
15 1.32197473868775e-07 1.753959920632106e-07 7461556.733558288 350
18 1.762837178680093e-07 2.252241280721921e-07 6328419.543537941 450
21 2.78972030689569e-07 3.154231109293674e-07 6051859.155171094 602
24 3.191139990302219e-07 3.928326113906495e-07 4982601.844002083 762
27 4.892742134156605e-07 5.747946379479283e-07 4431825.290038886 1142
30 5.090220650718752e-07 6.966641597426404e-07 4085718.877752742 1250
33 6.001289625499445e-07 8.637792229454813e-07 3852503.787984952 1458
36 6.991552757606414e-07 1.047728309148124e-06 3376894.700961125 1814
39 8.578914196533051e-07 1.37423197925219e-06 3300781.487941901 2178
42 9.771507718936636e-07 1.591526878878464e-06 3070628.739312755 2498
45 1.038065515282656e-06 1.646359428010215e-06 2858330.525848678 2622
48 1.31906682144142e-06 2.168550899527409e-06 2851897.188851543 3191
51 1.173605458693461e-06 2.074793262659446e-06 2604968.883981997 3044
54 1.057435153154828e-06 1.903594652757993e-06 2490119.564648694 2736
57 8.369039439725156e-07 1.576564682466801e-06 2301751.895042924 2276
60 8.338343994087145e-07 1.397610628220441e-06 2303720.73706641 2016
63 6.731674873246078e-07 1.194376089990397e-06 2245106.444471858 1640
66 4.162761712101519e-07 7.395567670245389e-07 2058557.513040064 1056
69 2.48715701725218e-07 5.030417890190084e-07 1956039.570040585 683
72 1.234491274565298e-07 2.844914332796236e-07 1960323.299733242 350
75 5.754189404309028e-08 1.561660406113156e-07 1769215.99059369 192
78 2.35791309331918e-08 3.652609270673983e-08 2199446.312028225 44
81 1.08610093063881e-08 1.947890903533643e-08 1853811.46082391 25


3 3.542216614733246e-09 5.945905249954277e-09 22342660.90938102 18
6 2.605095249148115e-08 1.986066872459537e-08 16411898.57080183 62
9 3.58518091903012e-08 4.57008204541827e-08 11942184.92035325 98
12 9.023476053910359e-08 7.773742478472684e-08 8803012.969532277 210
15 1.313341578600734e-07 1.766080471789289e-07 7551275.55302993 350
18 1.71573871860352e-07 2.03219619569229e-07 6001505.075080069 450
21 2.679194917352013e-07 3.220107774619198e-07 6047232.582419379 602
24 3.033004270774377e-07 4.078424336246597e-07 5005318.054740602 762
27 4.99800528865445e-07 5.695555673009788e-07 4509930.042578684 1142
30 4.884777818151894e-07 6.623017240815392e-07 3947716.407761001 1250
33 6.035030270232862e-07 8.341364231808259e-07 3838812.713124081 1458
36 7.255350896775728e-07 1.021606972037156e-06 3432833.009441933 1814
39 8.713938599305629e-07 1.311852385440264e-06 3282886.064988526 2178
42 9.84663007235051e-07 1.514192566518434e-06 3037055.048915256 2498
45 1.035868006508576e-06 1.598829608014291e-06 2845825.133683841 2622
48 1.314451622007157e-06 2.15611211075001e-06 2874548.809583961 3191
51 1.199137008422908e-06 2.02540893656149e-06 2628436.514738633 3044
54 1.051629024316176e-06 1.847094126341239e-06 2474434.863817531 2736
57 8.558222054724548e-07 1.526506201811637e-06 2312000.470614041 2276
60 8.178636460199567e-07 1.402475310720969e-06 2316770.250884443 2016
63 6.503704634954155e-07 1.201792361752857e-06 2247908.216192513 1640
66 3.749533490970986e-07 8.048539672304655e-07 2095769.539391048 1056
69 2.398009581272017e-07 4.958377545665344e-07 1936535.283459909 683
72 1.507365159284494e-07 2.429981094913018e-07 1978991.896507525 350
75 7.371796441996962e-08 1.174884854102599e-07 1683164.435176101 192
78 1.298451195656589e-08 4.539903488843485e-08 2014631.969249477 44
81 1.233117631100562e-08 2.19286534297924e-08 2121073.156642498 25


3 3.393431213105635e-09 6.25563297672163e-09 22929337.61327088 18
6 2.567242693115983e-08 1.895707392382545e-08 16102008.41863966 62
9 3.360647631143377e-08 4.55087707633303e-08 11683588.08183357 98
12 8.526932782151516e-08 8.126651135611905e-08 8759524.564009666 210
15 1.304798345935566e-07 1.767968252466669e-07 7621744.865158724 350
18 1.668445821189633e-07 2.007274964883866e-07 5945714.164737545 450
21 2.579492445039652e-07 3.192366748941702e-07 5972604.385815447 602
24 3.050516297437205e-07 3.895624568547318e-07 4960528.788229877 762
27 4.818078546479953e-07 5.626141099644669e-07 4445189.110294215 1142
30 4.797741346027586e-07 6.53558807638868e-07 3932750.990211618 1250
33 5.93321658953207e-07 8.300158720833187e-07 3843321.946339669 1458
36 7.211090679398641e-07 1.003219311638231e-06 3431011.889866356 1814
39 8.614900249403542e-07 1.28428374566133e-06 3268629.339606314 2178
42 9.661564452497176e-07 1.513140485101407e-06 3047686.568926482 2498
45 1.030112325466738e-06 1.587612331780845e-06 2863134.689323756 2622
48 1.303209901643163e-06 2.075309309787998e-06 2839657.356018232 3191
51 1.239349974953236e-06 2.000461373590773e-06 2683232.859404262 3044
54 1.059017170132448e-06 1.780301451288862e-06 2462984.866108385 2736
57 8.478771576732685e-07 1.506139964875766e-06 2315449.25499026 2276
60 7.645357424837814e-07 1.488419663138978e-06 2359870.279899676 2016
63 6.280223257782614e-07 1.22828067119468e-06 2273651.712373592 1640
66 3.900697249786438e-07 7.330958860642573e-07 2043770.125545803 1056
69 2.539342230243999e-07 4.672346582227553e-07 1942313.603899799 683
72 1.251834737509947e-07 3.017247828189592e-07 2103656.373277661 350
75 6.197615322080714e-08 1.33089570101943e-07 1694921.462937307 192
78 2.030459949966846e-08 2.787743010075479e-08 1825226.813150355 44
81 1.105584584947086e-08 2.649157259228004e-08 2294503.017004869 25


3 3.494211254320753e-09 5.978337616589096e-09 22874593.84492037 18
6 2.591195307631942e-08 1.830201366781522e-08 16131345.08385539 62
9 3.117977908426665e-08 4.45883825669092e-08 11292578.012282 98
12 8.559553864663452e-08 7.976615498314306e-08 8796704.121083187 210
15 1.263970077722832e-07 1.735203523214611e-07 7521593.720702732 350
18 1.744745127479125e-07 1.91406313776695e-07 6011245.00668646 450
21 2.436854578533021e-07 3.253741204294113e-07 5933136.877827166 602
24 2.941517670382276e-07 3.811525823776215e-07 4874064.010521366 762
27 4.511581865672492e-07 5.855858461100323e-07 4437226.704781109 1142
30 4.718305896632178e-07 6.746660593400002e-07 4014668.437791897 1250
33 5.809322518305468e-07 8.232753227099277e-07 3833421.641587355 1458
36 6.989897105955855e-07 1.003215122252411e-06 3420665.654259779 1814
39 8.444040026758823e-07 1.259222297030926e-06 3242466.964459368 2178
42 9.608721029820146e-07 1.463683747606652e-06 3021097.048484723 2498
45 1.005511918676871e-06 1.618121700913198e-06 2896585.854280971 2622
48 1.259971168889225e-06 2.10905225787e-06 2857309.72115171 3191
51 1.227230483391872e-06 1.973505526310451e-06 2683466.573723298 3044
54 1.041653105102038e-06 1.782707199968097e-06 2477108.463688786 2736
57 8.305980678843559e-07 1.499991328570305e-06 2318290.34090543 2276
60 7.704119327032765e-07 1.448951678620193e-06 2359670.606158229 2016
63 6.560350005387655e-07 1.195988846948725e-06 2308355.339007653 1640
66 4.083291309693002e-07 6.789759226547295e-07 2020872.309050208 1056
69 2.433603838129963e-07 4.942430311355588e-07 1996411.095190327 683
72 1.42736291739007e-07 2.563851226567403e-07 2037345.015349639 350
75 6.206618882242127e-08 1.435266295348075e-07 1799421.293226318 192
78 1.822916027595986e-08 3.00551221711866e-08 1819600.954017159 44
81 1.286365591451623e-08 2.189034935228386e-08 2213270.858999311 25


3 3.602444352690158e-09 5.674620035146597e-09 22728807.10566995 18
6 2.587829396812393e-08 1.849292759367414e-08 16370205.69106569 62
9 3.088999533474691e-08 4.575919731583637e-08 11531228.9087377 98
12 8.361167490397986e-08 8.633682117151988e-08 9099884.427182965 210
15 1.259542236605258e-07 1.616318644674392e-07 7315732.741698217 350
18 1.714618936411484e-07 1.940567854785681e-07 6063725.071141497 450
21 2.354788603821528e-07 3.223260298941031e-07 5873283.004377906 602
24 2.81394179326673e-07 3.907607223723316e-07 4888323.966781482 762
27 4.160209116337746e-07 5.990193050142794e-07 4369486.812745165 1142
30 4.735090087450592e-07 6.637533977919694e-07 4030617.240887026 1250
33 5.685838365113743e-07 8.313489623642748e-07 3857591.939097186 1458
36 6.701646931827548e-07 1.039189943540191e-06 3458380.580882537 1814
39 8.305428969192037e-07 1.240157156971566e-06 3226728.991281814 2178
42 9.3562942457601e-07 1.483417464664823e-06 3040425.510307593 2498
45 9.831087407741706e-07 1.621303216818727e-06 2902810.590568039 2622
48 1.254452463073766e-06 2.065061672944864e-06 2849125.315131593 3191
51 1.17341170424108e-06 1.983078662128887e-06 2667130.209669685 3044
54 1.043475735086863e-06 1.763541941723564e-06 2490911.011707296 2736
57 8.407222308242225e-07 1.432512348732075e-06 2294792.573978583 2276
60 7.96590764686709e-07 1.367957735112287e-06 2341010.983250958 2016
63 6.577933634687919e-07 1.184869162326431e-06 2323751.453895891 1640
66 3.631010710130423e-07 7.471209803334368e-07 2054182.924839325 1056
69 2.423402637575441e-07 4.796071577264892e-07 1979222.551484922 683
72 1.361545323988104e-07 2.567969044906234e-07 2019864.715255819 350
75 7.390385089963934e-08 1.217497244209204e-07 1778084.808633132 192
78 1.155519553100718e-08 4.615106794884765e-08 2058140.268518067 44
81 1.049633692598441e-08 2.620172114833741e-08 2288804.224210522 25


3 3.295611644890863e-09 5.466358942933977e-09 21621852.49535492 18
6 2.521933452428385e-08 1.859447177108274e-08 16360834.95650874 62
9 3.129820622741597e-08 4.43737855785845e-08 11526254.62848614 98
12 8.13469855576437e-08 9.012075735043856e-08 9257034.190795362 210
15 1.247376817749265e-07 1.583255838153898e-07 7283158.680897111 350
18 1.703148492613491e-07 1.927660827651474e-07 6092893.042106438 450
21 2.242550708319363e-07 3.201517864623035e-07 5779983.442193332 602
24 2.808254107814926e-07 3.81782408025344e-07 4875702.419554256 762
27 3.959152210907408e-07 5.985631488114367e-07 4313913.501714854 1142
30 4.768290301470324e-07 6.498395020003085e-07 4041773.869282599 1250
33 5.497217312134211e-07 8.235396468606766e-07 3818050.013201319 1458
36 6.622628222683244e-07 1.029419110432843e-06 3456969.771610714 1814
39 8.169093226137257e-07 1.224517467083769e-06 3213254.003156845 2178
42 9.329439263115326e-07 1.438259164537666e-06 3015775.801087091 2498
45 9.799550215515753e-07 1.637674550386408e-06 2944272.067869085 2622
48 1.255666841761779e-06 2.0147172392636e-06 2839866.896455778 3191
51 1.117364802190169e-06 2.024675274188755e-06 2669086.666277337 3044
54 1.030521673588129e-06 1.758189302897206e-06 2497846.583240991 2736
57 8.07453140043303e-07 1.465482963309531e-06 2307186.494917318 2276
60 7.824129934657347e-07 1.361847000992735e-06 2339919.95512981 2016
63 6.483501026661674e-07 1.184660351814131e-06 2332032.745491989 1640
66 3.736527080211946e-07 7.429722766296509e-07 2091074.481235969 1056
69 2.430525743993623e-07 4.55919663860405e-07 1942852.0591555 683
72 1.22357449160193e-07 2.742858991044537e-07 2031170.002746758 350
75 5.853734945412523e-08 1.497717961913918e-07 1844900.698523571 192
78 2.190915743872195e-08 2.853889627644921e-08 1985305.36416288 44
81 1.140275115753448e-08 2.854096607375246e-08 2513884.57011467 25


3 2.633659838752221e-09 4.959960898773252e-09 18785808.32856466 18
6 2.436569108913109e-08 1.892508383720801e-08 16344894.80997403 62
9 3.268564233928325e-08 4.225640975022365e-08 11594143.9265785 98
12 8.066665101506794e-08 9.109368772818309e-08 9371443.05392291 210
15 1.224656403971673e-07 1.583402962211448e-07 7296286.536846312 350
18 1.706201054355457e-07 1.834564299628294e-07 6029249.354134265 450
21 2.144748525860421e-07 3.157929098385069e-07 5677921.656752746 602
24 2.786664726093291e-07 3.805435711568526e-07 4900852.474188702 762
27 3.822696058623104e-07 6.185826148421478e-07 4367393.961399538 1142
30 4.724678271351681e-07 6.426812910312048e-07 4043604.035193524 1250
33 5.462456453024264e-07 8.181021384115676e-07 3832070.357815604 1458
36 6.659550238174526e-07 1.005373025096251e-06 3456177.135551501 1814
39 7.858458470909038e-07 1.248537845813368e-06 3222613.857484722 2178
42 9.210428361352034e-07 1.411287478960139e-06 2997660.428395024 2498
45 1.017830400394708e-06 1.572159550162254e-06 2957722.20612376 2622
48 1.225751270224921e-06 2.030954274690627e-06 2849883.556001718 3191
51 1.135728495334149e-06 1.918622560562064e-06 2632408.021700446 3044
54 1.023483512710321e-06 1.731825557540285e-06 2493671.383935623 2736
57 7.99427634884665e-07 1.485676525883984e-06 2337688.965994162 2276
60 7.1375725557762e-07 1.405605388151132e-06 2313509.389967497 2016
63 6.536563285980945e-07 1.191488027644493e-06 2370552.801343448 1640
66 4.004025223127068e-07 7.008262805582186e-07 2103081.340920424 1056
69 2.425585902936104e-07 4.682494438459427e-07 1990047.229641699 683
72 1.267240569532365e-07 2.552255046811214e-07 1991007.818971176 350
75 6.812061443143743e-08 1.315159029722729e-07 1826422.50059844 192
78 1.889573956199759e-08 3.982612121429523e-08 2234305.398867287 44
81 1.425152014027532e-08 2.032181743867271e-08 2312353.216102341 25


3 2.522992814158096e-09 4.645914351572524e-09 17934622.8661369 18
6 2.383334866471278e-08 1.820294228117308e-08 16082575.72851377 62
9 3.281269442161194e-08 4.294031381988342e-08 11838220.76955383 98
12 8.212560781499875e-08 9.06824006842037e-08 9548839.509128422 210
15 1.197038416723553e-07 1.592907880871256e-07 7315758.256448025 350
18 1.658307640397006e-07 1.866546827821516e-07 6053627.558675404 450
21 2.163383246999158e-07 2.897369883049974e-07 5508818.26781545 602
24 2.720345192278501e-07 3.867920400831408e-07 4938407.860331912 762
27 3.888078990485788e-07 6.033902270959723e-07 4386271.728188158 1142
30 4.639981706209227e-07 6.386455017168191e-07 4038440.028908414 1250
33 5.5162554787212e-07 8.086040502078368e-07 3866536.134486525 1458
36 6.524530969054812e-07 9.568075066603806e-07 3369629.349422183 1814
39 7.894752478552209e-07 1.238309817066643e-06 3248832.227256874 2178
42 9.154859429882628e-07 1.433915815982115e-06 3046854.686254106 2498
45 1.035754887645273e-06 1.555014634653561e-06 2995996.738373639 2622
48 1.236041488123108e-06 1.968168121358565e-06 2841514.101444563 3191
51 1.14862996590395e-06 1.823586123032563e-06 2600316.715254331 3044
54 9.908263894171803e-07 1.727442364929401e-06 2480127.969788803 2736
57 8.364246039079476e-07 1.374632102126232e-06 2307128.02648651 2276
60 7.249576281066979e-07 1.38913940102532e-06 2336257.728865848 2016
63 6.251427561380242e-07 1.18831367200619e-06 2345954.564451799 1640
66 3.836289902242188e-07 7.424734254252231e-07 2154799.462933551 1056
69 2.384410634550107e-07 4.696290787816702e-07 1999368.919325037 683
72 1.295087203283774e-07 2.319155521660505e-07 1923157.044140456 350
75 6.64799512963487e-08 1.311018270395245e-07 1822554.327059669 192
78 1.407883914381653e-08 4.300046587783583e-08 2125463.817548295 44
81 1.425901765156352e-08 2.767665722472999e-08 2751307.311386357 25


3 2.870252862408039e-09 3.901992508725003e-09 17433217.07678852 18
6 2.255704256403049e-08 2.00706973196666e-08 16337078.03173886 62
9 3.313500300621093e-08 4.166321814008135e-08 11845322.79540455 98
12 8.343968306957122e-08 8.673382733686289e-08 9540509.761852235 210
15 1.174811054209687e-07 1.550120580838457e-07 7226888.96425184 350
18 1.625788136386601e-07 1.873323944493696e-07 6065796.219038751 450
21 2.108791076749187e-07 2.827855297122938e-07 5432155.27771418 602
24 2.676806781070131e-07 3.877178768510954e-07 4960673.818809872 762
27 4.004679696614025e-07 5.711426416961657e-07 4365817.424771242 1142
30 4.404308313217928e-07 6.485921234898126e-07 4014492.070953769 1250
33 5.526161242821402e-07 7.910928552055728e-07 3867399.111052181 1458
36 6.400684288003388e-07 9.525066648959536e-07 3367880.566945974 1814
39 8.230159979141371e-07 1.190878604652746e-06 3280089.439641409 2178
42 8.828078931246769e-07 1.436061352719572e-06 3032251.406419371 2498
45 1.016580917902645e-06 1.528546121916246e-06 2975036.012193634 2622
48 1.243728307472594e-06 1.924375673160422e-06 2846241.430039141 3191
51 1.133654898249028e-06 1.799103484187399e-06 2593956.14399097 3044
54 9.841658825557194e-07 1.778097538837139e-06 2541266.888613542 2736
57 8.214021012117737e-07 1.404931966105076e-06 2341106.489865435 2276
60 7.647857168865107e-07 1.268094329692353e-06 2297551.690992658 2016
63 6.398720295458714e-07 1.140361163134267e-06 2340631.696738165 1640
66 3.745075805573079e-07 7.402479456578436e-07 2152996.118165821 1056
69 2.286637101231355e-07 4.799331220237424e-07 2012196.509024028 683
72 1.132896850581334e-07 2.566075703174239e-07 1949688.244973873 350
75 6.259129534712466e-08 1.415948981216168e-07 1881649.22162454 192
78 1.619113199915658e-08 3.192768225855594e-08 1881981.733303661 44
81 1.122248497982065e-08 3.166427387972688e-08 2751438.989691971 25


3 2.753460514239022e-09 4.256885910349574e-09 18111075.45623463 18
6 2.150715571391505e-08 1.994157694047801e-08 16006814.1749706 62
9 3.391045426126493e-08 3.958730701309374e-08 11815475.89080389 98
12 8.045784400939265e-08 7.863842406085328e-08 9043539.724595021 210
15 1.136092845093e-07 1.543960028048943e-07 7173130.608259955 350
18 1.582401351115623e-07 1.878530201238178e-07 6052289.395447977 450
21 2.170345995058939e-07 2.697607240702653e-07 5439842.05352685 602
24 2.705805871222716e-07 3.626908436118434e-07 4869459.794151774 762
27 3.951748576913994e-07 5.634388215497762e-07 4355205.048461693 1142
30 4.348656560434322e-07 6.180176844611524e-07 3933375.169488288 1250
33 5.512114158162241e-07 7.695403274713471e-07 3849567.916905231 1458
36 6.539736140843749e-07 9.387900541304967e-07 3413856.178179404 1814
39 8.266117199411781e-07 1.135752816215413e-06 3242584.765397668 2178
42 8.83290189927546e-07 1.395018179227126e-06 3019059.46808714 2498
45 9.630731549787381e-07 1.554356993933231e-06 2960852.922695747 2622
48 1.207773347399243e-06 1.950113750230165e-06 2860072.234516797 3191
51 1.0960873329838e-06 1.848770246287579e-06 2622290.053407151 3044
54 9.974004509590998e-07 1.690022990039778e-06 2512642.793762181 2736
57 7.836496741873025e-07 1.471764304475916e-06 2381938.544947094 2276
60 7.402970050423067e-07 1.340763424820843e-06 2362146.495157228 2016
63 6.186319202265829e-07 1.159313608171873e-06 2354938.335737641 1640
66 3.827650225401928e-07 7.123038625150934e-07 2149993.88762898 1056
69 2.460145425593187e-07 4.43813995774787e-07 2006889.506137284 683
72 1.199790171527368e-07 2.53174357605909e-07 2002325.644586394 350
75 6.575479919776743e-08 1.213436547255831e-07 1775631.731004061 192
78 1.629451862013819e-08 2.582313126600249e-08 1699826.962083862 44
81 1.77800035421995e-08 2.519277785446927e-08 2970964.625283624 25


3 2.654319224862182e-09 4.628821655065704e-09 18920827.34270284 18
6 2.114065503975901e-08 1.847907361035065e-08 15494304.07690759 62
9 3.179937902119487e-08 4.105355922880764e-08 11770301.33057033 98
12 7.706871755189709e-08 7.717242611725573e-08 8841148.076402081 210
15 1.056149939838801e-07 1.595059099650582e-07 7133946.393252809 350
18 1.545857935134468e-07 1.93016434991859e-07 6125404.263862893 450
21 2.130054443011901e-07 2.645671291463454e-07 5393990.441830138 602
24 2.631944530288976e-07 3.753422362090561e-07 4946525.881838873 762
27 3.954588071752e-07 5.485837136466675e-07 4344033.431573375 1142
30 4.32409229135409e-07 6.121259157348246e-07 3946872.890269435 1250
33 5.345123201498144e-07 7.737273460185133e-07 3847024.275444754 1458
36 6.596049124211135e-07 9.421255797482244e-07 3472507.655237846 1814
39 7.941349075615443e-07 1.153549888728741e-06 3242276.460789604 2178
42 8.931136502579621e-07 1.332172603415011e-06 2993616.579333914 2498
45 9.523613315836629e-07 1.55333391762768e-06 2979323.079857783 2622
48 1.160444115720015e-06 1.960086803320907e-06 2850522.797079163 3191
51 1.07757122719613e-06 1.837998407141124e-06 2624645.41455507 3044
54 9.864388355413264e-07 1.651329089120184e-06 2497121.799964871 2736
57 7.953372093495439e-07 1.457418414447742e-06 2412118.939235729 2276
60 7.267356003407834e-07 1.34779541752293e-06 2378671.12568918 2016
63 6.369848331140182e-07 1.070954127627073e-06 2308156.5401033 1640
66 3.813865238714279e-07 6.952119302746053e-07 2142240.815245366 1056
69 2.411668646857805e-07 4.612075506293715e-07 2057681.109924851 683
72 1.373116670432643e-07 2.261061809814871e-07 2014272.749266593 350
75 5.89130449221723e-08 1.307486374412208e-07 1793233.782519498 192
78 1.34663963834765e-08 3.437105998379492e-08 1874062.016149201 44
81 1.200540019751614e-08 3.172756343613424e-08 2891617.67802341 25


3 2.722717310163509e-09 3.902729621030395e-09 17587513.41186741 18
6 2.062359810092286e-08 1.82776587860041e-08 15343113.73480826 62
9 2.961587082442663e-08 4.142101001021148e-08 11556901.81248034 98
12 7.592406867561585e-08 7.374038895764383e-08 8675928.645828662 210
15 1.02109330209812e-07 1.570105604283725e-07 7047129.895734189 350
18 1.514395491390903e-07 1.851822356412528e-07 6001993.422001587 450
21 2.157553245306439e-07 2.643291116929274e-07 5484233.513253488 602
24 2.636287156458311e-07 3.634504582135928e-07 4921471.861598676 762
27 4.018974244358155e-07 5.161364732925543e-07 4289099.356863756 1142
30 4.346706426955036e-07 6.078024803911889e-07 3985830.304606689 1250
33 5.32632526393034e-07 7.660908955143633e-07 3863560.658723721 1458
36 6.543829585371148e-07 9.250381789208122e-07 3464480.010487068 1814
39 7.525457199029743e-07 1.159410025049479e-06 3207585.151824173 2178
42 8.705755763582455e-07 1.362833244041298e-06 3029809.236877437 2498
45 9.553767752298131e-07 1.549142858793043e-06 3013745.194777432 2622
48 1.166911962568431e-06 1.884564977408056e-06 2828173.891272913 3191
51 1.071714746270558e-06 1.811604697244691e-06 2627764.542487564 3044
54 9.677905705312745e-07 1.633688194039446e-06 2490116.722606601 2736
57 8.476315417542779e-07 1.356858532692717e-06 2410659.852258965 2276
60 7.354847686663726e-07 1.315818728630231e-06 2386224.544781805 2016
63 6.014205030751779e-07 1.120234668654202e-06 2336262.296117384 1640
66 3.738508255060227e-07 7.414947516093426e-07 2231885.728144808 1056
69 2.356117307166302e-07 4.634257032547984e-07 2068140.81105515 683
72 1.172121937224893e-07 2.568110761008608e-07 2050424.67049918 350
75 5.823493138016106e-08 1.248640279090084e-07 1757652.226313081 192
78 1.439560958389641e-08 3.324476830225359e-08 1905814.336057474 44
81 1.370500306711341e-08 3.296087319835163e-08 3150647.455783941 25


3 2.957906686467473e-09 3.611828292142933e-09 17764488.36470763 18
6 1.990245692265571e-08 1.729657818738579e-08 14823251.73836659 62
9 2.857064710862533e-08 4.019457514500284e-08 11309786.45164039 98
12 7.527753790074195e-08 7.322367968804942e-08 8692008.371439219 210
15 1.020720858475058e-07 1.54095889703971e-07 7053212.467585474 350
18 1.498114125486663e-07 1.789200262913581e-07 5930227.083234716 450
21 2.184377746577811e-07 2.703125917211573e-07 5639768.94846845 602
24 2.695799259497395e-07 3.469798525652978e-07 4908904.107960011 762
27 4.042444531169704e-07 4.893711505169014e-07 4232425.890498598 1142
30 4.372102238031063e-07 5.934644394950722e-07 3990518.194497941 1250
33 5.333177342030715e-07 7.492864187025435e-07 3862962.72111393 1458
36 6.365714172359152e-07 9.198924730872093e-07 3447936.087903516 1814
39 7.326863541185622e-07 1.159077388962038e-06 3205398.312652368 2178
42 8.811163302180717e-07 1.334740260662958e-06 3046003.808363083 2498
45 9.735294060383283e-07 1.478586977377469e-06 2995972.060798037 2622
48 1.178522281711726e-06 1.790263943774884e-06 2793213.975285572 3191
51 1.096244165135539e-06 1.727480167238011e-06 2614440.362191886 3044
54 9.685477595620977e-07 1.634141675835659e-06 2520245.252302791 2736
57 8.286883232472239e-07 1.36217727878488e-06 2418657.73163916 2276
60 7.572842855356781e-07 1.26270917721438e-06 2388404.238397039 2016
63 5.80933082892879e-07 1.127350079965461e-06 2339245.506704587 1640
66 3.911311069351211e-07 6.882752959884436e-07 2204234.52209946 1056
69 2.420916848709294e-07 4.361657237957587e-07 2043519.842424945 683
72 1.204998153787569e-07 2.530610481449637e-07 2079777.858303308 350
75 6.194555036135172e-08 1.166554501522603e-07 1752388.508299821 192
78 1.91542574103845e-08 2.4767490376339e-08 1863445.141335977 44
81 1.973801214453694e-08 2.328068863227835e-08 3118406.066051444 25


3 2.976554239846528e-09 3.483442118207105e-09 17685377.29290388 18
6 1.969571479705462e-08 1.659345814677703e-08 14630410.7478894 62
9 2.855013497237249e-08 3.746285654832894e-08 11007674.99570952 98
12 7.618489752325294e-08 7.19733413497646e-08 8773374.757285057 210
15 1.028887395504038e-07 1.466207904167248e-07 6961717.536851433 350
18 1.46358301501225e-07 1.819782013431768e-07 5974272.952411959 450
21 2.166682537918533e-07 2.59357520410972e-07 5559781.059383661 602
24 2.762382364703538e-07 3.401737677276719e-07 4970302.228140125 762
27 3.902625146224012e-07 4.862125460289041e-07 4188947.749112909 1142
30 4.408126864802522e-07 5.710180821345805e-07 3968499.685193094 1250
33 5.258310205912435e-07 7.537272652171468e-07 3890900.849107853 1458
36 6.106100608951557e-07 9.324651753059636e-07 3444902.478450679 1814
39 7.358065996366794e-07 1.143869983628076e-06 3222201.753673735 2178
42 8.941852722220931e-07 1.304654025289292e-06 3061276.182100142 2498
45 9.74133931393525e-07 1.407977818149125e-06 2949806.129323432 2622
48 1.180529222636063e-06 1.75024482368585e-06 2790858.615352544 3191
51 1.099273016213604e-06 1.727999459844101e-06 2646166.878410903 3044
54 9.66172502015846e-07 1.626904725830649e-06 2538297.512122791 2736
57 7.730369160690548e-07 1.40758049918004e-06 2417623.290414859 2276
60 7.389159778344548e-07 1.291955982540158e-06 2419516.719321377 2016
63 6.139923597805085e-07 1.086577259388908e-06 2368596.151293129 1640
66 3.773455315157282e-07 6.621804241359206e-07 2146052.249846179 1056
69 2.355818904526367e-07 4.388732647573442e-07 2049063.735387268 683
72 1.408746139052421e-07 2.109954663245523e-07 2030626.026245156 350
75 5.828564142677302e-08 1.184874204347394e-07 1743173.280916913 192
78 1.28438463586342e-08 3.664610882112e-08 1995177.379959973 44
81 1.210191325089728e-08 3.644016147116974e-08 3299094.930434087 25


3 2.606954269126191e-09 3.526328047544432e-09 16852952.43922062 18
6 1.898738332414157e-08 1.636655704617543e-08 14403350.62263491 62
9 2.955526239183109e-08 3.662382774800317e-08 11179068.13852438 98
12 7.348500869627705e-08 7.223738108095494e-08 8709302.398388915 210
15 9.991662365849205e-08 1.421101378417966e-07 6821119.696458289 350
18 1.41894435667325e-07 1.851029113440101e-07 5997738.386719123 450
21 2.147155492590472e-07 2.54771555624158e-07 5543511.881516146 602
24 2.786198490936601e-07 3.293834025160308e-07 4964067.217103541 762
27 3.702104182240069e-07 4.844772695602645e-07 4116866.659198782 1142
30 4.356863390517931e-07 5.783918099061292e-07 4013100.06364353 1250
33 5.291547200488396e-07 7.399784134090359e-07 3903287.205670909 1458
36 6.089072605868475e-07 9.101954809770629e-07 3429110.48123336 1814
39 7.422738821581913e-07 1.117293852821937e-06 3225062.650280285 2178
42 8.866211306306958e-07 1.295615219594943e-06 3068458.424644263 2498
45 9.352479278958993e-07 1.413620711527349e-06 2930184.340715164 2622
48 1.143180848869472e-06 1.799436779492492e-06 2819979.700784869 3191
51 1.090256928847748e-06 1.743026747166597e-06 2675280.51876482 3044
54 9.510921281725152e-07 1.618852764675255e-06 2538534.971393556 2736
57 7.605904517253119e-07 1.40261862674722e-06 2419500.349234694 2276
60 7.227959867446199e-07 1.291642056309079e-06 2419816.315894804 2016
63 6.402882496373684e-07 1.013289348612994e-06 2343894.297915535 1640
66 3.577375360628014e-07 6.940643791231034e-07 2177034.570189537 1056
69 2.334732115360232e-07 4.448991707581161e-07 2077489.522619138 683
72 1.166964820585633e-07 2.420218304327965e-07 2039538.479233993 350
75 5.785608897966432e-08 1.114901664025198e-07 1692946.186045346 192
78 1.465203731734709e-08 3.301057112879527e-08 1973350.231239292 44
81 1.577343893027219e-08 2.798408951736163e-08 3128349.368058901 25


3 2.334746780758344e-09 3.05510895789311e-09 14982037.92311083 18
6 1.834602860496215e-08 1.690973053219609e-08 14488544.76272847 62
9 2.921387872249027e-08 3.833505306313619e-08 11493888.99213792 98
12 7.013771330067129e-08 7.228352537256647e-08 8588975.539497819 210
15 9.901227810961225e-08 1.376763432510243e-07 6743493.022997731 350
18 1.403526640854718e-07 1.870657029813481e-07 6059334.388142718 450
21 2.063904669881472e-07 2.683555000610251e-07 5636621.773085671 602
24 2.740902463550676e-07 3.335672612479336e-07 5005864.971226 762
27 3.547190660921716e-07 4.891461027358034e-07 4093902.711551784 1142
30 4.20993467073822e-07 5.709693038875242e-07 3960319.843065374 1250
33 5.19744040872148e-07 7.297490644683618e-07 3879943.951647734 1458
36 6.20827946270634e-07 8.732371788786598e-07 3417437.55672296 1814
39 7.462070506578259e-07 1.082753668466424e-06 3209634.913823802 2178
42 8.775826765399611e-07 1.287880695320098e-06 3073813.582927482 2498
45 9.084044880507904e-07 1.451971117457106e-06 2962360.528233166 2622
48 1.126619049537855e-06 1.798212900642201e-06 2827058.064820435 3191
51 1.06450619539381e-06 1.747978633604391e-06 2675981.875297661 3044
54 9.644332414767834e-07 1.584606202942577e-06 2547276.156133667 2736
57 8.146658364551631e-07 1.257304062162042e-06 2367658.899872774 2276
60 7.242363581401821e-07 1.272725751899962e-06 2423589.665312925 2016
63 5.983225316509065e-07 1.05661560208687e-06 2349090.676675953 1640
66 3.7487344801184e-07 6.564315920436454e-07 2170355.502380611 1056
69 2.287674887810576e-07 4.428328112847175e-07 2072759.24098092 683
72 1.087713237558917e-07 2.575511209351008e-07 2079912.932576089 350
75 5.651179984237123e-08 1.08153319800499e-07 1661963.877371897 192
78 1.836421548826551e-08 2.508255246093983e-08 1893868.417739515 44
81 1.576813454609772e-08 2.319973596527836e-08 2858696.006070702 25


3 2.061853011460247e-09 2.915254454770861e-09 13913588.54422383 18
6 1.795555337060893e-08 1.685638957550629e-08 14460537.50964779 62
9 2.832698110625067e-08 3.803637083851812e-08 11391280.41035955 98
12 7.076365850916408e-08 7.193835632609628e-08 8710411.516849574 210
15 9.834694796914772e-08 1.32626676216936e-07 6657470.058607525 350
18 1.405590073060936e-07 1.888265862662074e-07 6154291.855171164 450
21 2.024090423246714e-07 2.651351797486555e-07 5605388.017523492 602
24 2.667554917606803e-07 3.345203299096378e-07 4996492.948826179 762
27 3.390130776641932e-07 5.041256479937753e-07 4112099.615379077 1142
30 4.052525477800769e-07 5.765106432477115e-07 3947305.802491044 1250
33 5.10796297483328e-07 6.983263936317787e-07 3798382.123146826 1458
36 6.259291160737836e-07 8.70038652925002e-07 3458447.301388015 1814
39 7.405516760488453e-07 1.079214828518784e-06 3223886.791451431 2178
42 8.486275651940707e-07 1.300748164828089e-06 3071815.853464058 2498
45 9.034586826772278e-07 1.44454029669973e-06 2974669.208881636 2622
48 1.128667288733457e-06 1.741398568893896e-06 2807121.646128121 3191
51 1.062733393479103e-06 1.721388551671381e-06 2676584.682781752 3044
54 9.5574434168559e-07 1.582995456453383e-06 2559456.695877441 2736
57 7.745251360329525e-07 1.314710278222833e-06 2393275.900836147 2276
60 7.208262025683067e-07 1.271864347461595e-06 2439989.847951576 2016
63 5.547558471448946e-07 1.109390355173576e-06 2361307.921945429 1640
66 3.55181468576913e-07 6.674309762244999e-07 2159878.864181241 1056
69 2.278664433625565e-07 4.366288091814749e-07 2071010.009582275 683
72 1.304702805240053e-07 2.025745786796745e-07 1975080.745843661 350
75 5.55700998521096e-08 1.150372958473709e-07 1726138.845315409 192
78 1.580439148347889e-08 2.842103235133246e-08 1898922.592257698 44
81 8.28708342440582e-09 3.514869509427621e-08 2949067.416182489 25


3 2.018095824261175e-09 3.062743414909303e-09 14287029.75897349 18
6 1.709099620530011e-08 1.633548256350214e-08 14022647.54745779 62
9 3.011014604083741e-08 3.63279449154124e-08 11595162.73201633 98
12 6.90190897469826e-08 7.557260752600675e-08 8880986.54231761 210
15 9.883415623171611e-08 1.294132292549416e-07 6657708.92404364 350
18 1.321400328914247e-07 1.935829263806739e-07 6115325.065755416 450
21 1.877276020354233e-07 2.577565098019545e-07 5379918.458575305 602
24 2.652550070738295e-07 3.373844002246714e-07 5055138.452054402 762
27 3.332256504452229e-07 4.916990773583939e-07 4065555.080199444 1142
30 4.025552535802066e-07 5.909259281003053e-07 4026565.036296003 1250
33 5.099038991055621e-07 6.816534121650759e-07 3786929.384102434 1458
36 6.30959701977006e-07 8.38901779838467e-07 3442953.605057351 1814
39 7.322443795664862e-07 1.071634279662136e-06 3227038.934411714 2178
42 8.081820205716274e-07 1.342339664806858e-06 3087066.714149133 2498
45 9.026036273169055e-07 1.422071896740918e-06 2977403.578218353 2622
48 1.112479262708398e-06 1.771678226741573e-06 2842514.376213945 3191
51 1.043655932309671e-06 1.727757856525132e-06 2686393.771820097 3044
54 9.331510044396151e-07 1.577141953828248e-06 2551886.950634384 2736
57 7.430498897929223e-07 1.365074270559906e-06 2424141.384904795 2276
60 7.01034087121391e-07 1.274818074068596e-06 2437340.209598659 2016
63 5.772163457944598e-07 1.008828354259801e-06 2296666.029235324 1640
66 3.460307072365121e-07 6.659728044286951e-07 2154144.934916223 1056
69 2.349608839428154e-07 4.227768373739468e-07 2080826.66157541 683
72 1.148178197635771e-07 2.363851609318151e-07 2052653.242142509 350
75 5.704963335980082e-08 1.161936185285642e-07 1772167.112842789 192
78 1.182692195176789e-08 3.451743828420905e-08 1928083.057823097 44
81 1.714400657583288e-08 1.570720810075116e-08 2577167.925083003 25


3 2.0784301264233e-09 3.117955006212938e-09 14777923.70369023 18
6 1.603365476564467e-08 1.62998370037931e-08 13645267.53265166 62
9 3.202717283990323e-08 3.216852860205424e-08 11437856.06368297 98
12 6.77478390083042e-08 7.496954543038908e-08 8847391.069798075 210
15 9.769391391828297e-08 1.277703924315334e-07 6644701.331907557 350
18 1.351464451313612e-07 1.89956071948292e-07 6183608.26905177 450
21 1.775868288404172e-07 2.497523769970491e-07 5207098.133217867 602
24 2.59445570908676e-07 3.383499345093555e-07 5057862.504774662 762
27 3.306649068969999e-07 4.642687038171319e-07 3971157.133613484 1142
30 3.90638308848314e-07 5.934500145786203e-07 4022016.825971603 1250
33 5.10277045610224e-07 6.784580165316852e-07 3818143.632152392 1458
36 6.173671813042132e-07 8.309116795666976e-07 3424358.180661121 1814
39 7.391809328053807e-07 1.069705728485044e-06 3272330.093307695 2178
42 8.158716811236312e-07 1.270760492978624e-06 3040612.281689665 2498
45 9.219746762762209e-07 1.417370534490679e-06 3033077.769134777 2622
48 1.080627624097549e-06 1.782880855381149e-06 2845156.185190378 3191
51 1.02058224195811e-06 1.716604612881015e-06 2678623.854192412 3044
54 9.026023124770561e-07 1.556240963275655e-06 2522717.390050693 2736
57 7.691853677959586e-07 1.311634022197117e-06 2432267.01145239 2276
60 7.118436492405587e-07 1.24260250124337e-06 2444711.727217641 2016
63 5.952513583324863e-07 9.661969509095843e-07 2298587.257643758 1640
66 3.505913326092584e-07 6.431493297707329e-07 2146599.886577395 1056
69 2.138335822396029e-07 4.454729643982527e-07 2083302.182848057 683
72 1.099054886834393e-07 2.551344035808285e-07 2136430.457690937 350
75 6.091116813611415e-08 1.167971385891852e-07 1847339.519373816 192
78 1.632727387743584e-08 2.242871980678342e-08 1741635.882602097 44
81 1.209731778323758e-08 2.237279711307791e-08 2552348.568374558 25


3 2.054664468935987e-09 3.005275091492076e-09 14573048.35521312 18
6 1.484278126848428e-08 1.617432200079899e-08 13158075.10562963 62
9 3.059346084888096e-08 2.979302205702078e-08 10869673.45906978 98
12 6.64655472413448e-08 7.703935886406397e-08 8958144.703192495 210
15 9.736024930563585e-08 1.221878843377136e-07 6552133.367184052 350
18 1.404924088905324e-07 1.849770066857946e-07 6279940.051678782 450
21 1.758160552653949e-07 2.437692720380722e-07 5172641.588866796 602
24 2.492076741756315e-07 3.518480336816824e-07 5116265.039959592 762
27 3.335254062190003e-07 4.547364228042916e-07 3987073.432679111 1142
30 3.998288506829728e-07 5.559264034874489e-07 3970265.320201243 1250
33 5.020432602012137e-07 6.799781104308392e-07 3832076.408872653 1458
36 5.929258590084639e-07 8.322751819038248e-07 3396688.007615998 1814
39 7.434672819271296e-07 1.048483158684635e-06 3282108.388157052 2178
42 8.258909967164077e-07 1.238304715084315e-06 3049111.316084915 2498
45 9.260963302865474e-07 1.364671928316036e-06 3011337.011255878 2622
48 1.07654654317575e-06 1.741560959002325e-06 2836161.719706041 3191
51 1.045261958980704e-06 1.657117144122115e-06 2685882.149972065 3044
54 9.139846681301336e-07 1.509354574400564e-06 2522907.087074725 2736
57 7.841789382906608e-07 1.285228597644627e-06 2453756.539678267 2276
60 7.017649788470954e-07 1.225030192293611e-06 2438399.814747493 2016
63 5.594371980898269e-07 1.02697577985932e-06 2340457.728416496 1640
66 3.585169171750991e-07 6.145174735169862e-07 2137608.80889643 1056
69 2.257402390836341e-07 4.162066155625282e-07 2073057.530714026 683
72 1.275998164026225e-07 2.216289754428169e-07 2117646.090419713 350
75 6.073491092170584e-08 1.170908397128797e-07 1869845.778694606 192
78 1.405466138818804e-08 2.710538193200366e-08 1814286.89888264 44
81 6.946948296420018e-09 2.759642851779666e-08 2443341.27942546 25


3 1.802318581850857e-09 2.702144179242594e-09 13109325.1170052 18
6 1.422784388848412e-08 1.61367083934974e-08 12978194.59861584 62
9 2.807363689944261e-08 2.742532069174727e-08 10072791.95000224 98
12 6.508489889099963e-08 7.935450535297311e-08 9084045.759235036 210
15 9.596970432250482e-08 1.207401052829946e-07 6533517.378923859 350
18 1.427249093890151e-07 1.806738584250835e-07 6317943.788514046 450
21 1.843140084383801e-07 2.284988158650488e-07 5172142.127982413 602
24 2.430877209001019e-07 3.435943467777022e-07 5049579.794082975 762
27 3.418733712978846e-07 4.419054448635115e-07 4017691.213079049 1142
30 4.164065636348202e-07 5.210261823971258e-07 3957280.692615484 1250
33 4.895701429618343e-07 6.724490519942437e-07 3804929.731199566 1458
36 5.737117248296318e-07 8.48383812234555e-07 3417302.782775352 1814
39 7.264450932383419e-07 1.052148246318854e-06 3288643.420858109 2178
42 8.336111953123048e-07 1.219580581548429e-06 3071351.95839724 2498
45 9.038040578498714e-07 1.351923774494857e-06 2995853.632823177 2622
48 1.088988713693793e-06 1.684948440479577e-06 2831775.481989867 3191
51 1.08264391484921e-06 1.594749130579446e-06 2703455.22750081 3044
54 9.184776727328139e-07 1.466528897205762e-06 2517345.571318324 2736
57 7.633667782072732e-07 1.288216840656773e-06 2456513.611857128 2276
60 6.964050721034832e-07 1.20427578914456e-06 2435814.76793432 2016
63 5.45521714587039e-07 1.045677495485695e-06 2369987.978541181 1640
66 3.484369133554461e-07 6.406415308124497e-07 2188065.342596636 1056
69 2.275737603930203e-07 3.958209478545827e-07 2045899.241620983 683
72 1.281071969528067e-07 2.107540645302797e-07 2086732.457585085 350
75 5.67234052540509e-08 1.249097755228442e-07 1914884.717057516 192
78 1.190555293021647e-08 2.783239674698539e-08 1748179.370717917 44
81 1.368279520533903e-08 1.527928315323471e-08 2289103.405571913 25


3 1.799892758211232e-09 2.476853453787908e-09 12626875.27190899 18
6 1.41505263310279e-08 1.610222224918772e-08 13056212.77636427 62
9 2.679560895626371e-08 2.696357297086732e-08 9835899.384151697 98
12 6.255098949562624e-08 7.793882900841856e-08 8917525.340764957 210
15 9.422588084313076e-08 1.200531987630812e-07 6523409.256725424 350
18 1.423998343631267e-07 1.73197509708893e-07 6239478.405359011 450
21 1.850909938175382e-07 2.199156705564136e-07 5135309.427328449 602
24 2.502174691022534e-07 3.203373636129559e-07 4984591.768442488 762
27 3.415284990689165e-07 4.388817232933097e-07 4042762.772615071 1142
30 4.16027102736898e-07 5.256264161045827e-07 4013642.530381575 1250
33 4.771707315465053e-07 6.84260902171814e-07 3835381.690376454 1458
36 5.614529495141283e-07 8.49412850765659e-07 3423270.087679382 1814
39 7.06646069547792e-07 1.051683601360177e-06 3281565.506128394 2178
42 8.42543815963641e-07 1.176627685895957e-06 3059927.674409066 2498
45 8.81217683678542e-07 1.361130553696917e-06 3005128.758215221 2622
48 1.111590144695984e-06 1.614160988549174e-06 2822335.276101225 3191
51 1.041321338495274e-06 1.644648472033815e-06 2730334.267053572 3044
54 8.927221609477685e-07 1.493652209074857e-06 2539525.037837135 2736
57 7.368515133594468e-07 1.317667648270558e-06 2479027.293604537 2276
60 6.96650150327111e-07 1.16883979579588e-06 2421717.950990481 2016
63 5.835151921977744e-07 9.530096497011662e-07 2337837.741037488 1640
66 3.567718608392224e-07 6.246165396524524e-07 2202404.2694322 1056
69 2.058489669529719e-07 4.048813566173737e-07 2010086.705338651 683
72 1.066908539329405e-07 2.499445774220654e-07 2167884.062877501 350
75 6.092161364359598e-08 1.118464844899574e-07 1866401.220980034 192
78 1.301660117146265e-08 2.938705245488168e-08 1892387.559155823 44
81 9.134767453474041e-09 1.823534434212902e-08 2085795.165594382 25


3 1.900013004387049e-09 2.439755921486112e-09 12975016.03473199 18
6 1.35923728200433e-08 1.689300179273693e-08 13240366.91220269 62
9 2.686341670865831e-08 2.71882020578461e-08 9987009.420877032 98
12 6.181010322792182e-08 7.760047090491488e-08 8934274.191526197 210
15 9.239429056486778e-08 1.199026158860203e-07 6522285.876550052 350
18 1.419503860182675e-07 1.68664636489784e-07 6208392.15818033 450
21 1.835377149861464e-07 2.129866080064639e-07 5083199.311316784 602
24 2.466970854197612e-07 3.148988682295826e-07 4955628.485022565 762
27 3.339542370991118e-07 4.430508507714887e-07 4059243.554911287 1142
30 4.06875028754735e-07 5.225236350882335e-07 3997733.858552597 1250
33 4.636067369030613e-07 6.773210807189525e-07 3801531.177669702 1458
36 5.585632120719582e-07 8.353539403342031e-07 3417351.305283815 1814
39 6.865758376890106e-07 1.041900578550515e-06 3254511.510620409 2178
42 8.380022356420739e-07 1.161226546055283e-06 3060855.563001235 2498
45 8.721400310799452e-07 1.35973116933222e-06 3019095.861353682 2622
48 1.104942993124286e-06 1.591732311967875e-06 2820943.609526262 3191
51 1.00728056113793e-06 1.656609849139595e-06 2728464.660440297 3044
54 9.069543599708558e-07 1.484850320874966e-06 2573534.396101552 2736
57 7.665323785681709e-07 1.254042699915967e-06 2474840.833928119 2276
60 6.795316514571636e-07 1.153411288186078e-06 2401113.087453583 2016
63 5.633091388869062e-07 9.569995558117823e-07 2330005.018247962 1640
66 3.499297061380118e-07 6.293722808614438e-07 2215447.776196094 1056
69 2.054211942839463e-07 3.936124461326348e-07 1994426.225689897 683
72 1.215234484014744e-07 2.332403206701923e-07 2206740.565467836 350
75 5.908226488122423e-08 1.107307441616674e-07 1849641.105847635 192
78 1.638219390978809e-08 2.610002743942842e-08 1964011.566491171 44
81 6.579891767463769e-09 1.825535146549483e-08 1867954.940347241 25


3 1.94655653351425e-09 2.688070661645067e-09 13942373.03452374 18
6 1.30254342584153e-08 1.729153307608685e-08 13256304.54805006 62
9 2.645407919955076e-08 2.436277862324205e-08 9530370.22767093 98
12 6.355064192139543e-08 7.961015701511928e-08 9264779.696998974 210
15 9.154742841303673e-08 1.161101802579418e-07 6447788.318084098 350
18 1.454636760250641e-07 1.628996547966906e-07 6242371.70700463 450
21 1.846292630940944e-07 2.046962678387245e-07 5052177.067358576 602
24 2.407858074450146e-07 3.094623108218124e-07 4900934.698590722 762
27 3.228175642329778e-07 4.478885290374491e-07 4055791.103780058 1142
30 3.902207086772065e-07 5.417916773167745e-07 4031880.73435366 1250
33 4.43427987439267e-07 6.919991165726243e-07 3805133.532633645 1458
36 5.60956221517923e-07 8.308789734484262e-07 3445045.179641438 1814
39 6.716715286369452e-07 1.014014170663775e-06 3203628.021808966 2178
42 8.166776699021972e-07 1.186281026772326e-06 3087456.371165092 2498
45 8.722883731016777e-07 1.31379337614999e-06 2989678.147906098 2622
48 1.048447098520059e-06 1.687098229548448e-06 2869874.031831504 3191
51 9.95242346529768e-07 1.637734696880901e-06 2720686.059804705 3044
54 9.147274476424426e-07 1.450500355206113e-06 2572682.583331372 2736
57 7.74556760184859e-07 1.228391215530388e-06 2480093.778735792 2276
60 6.658624573252145e-07 1.138073181393116e-06 2383046.454349549 2016
63 5.3612113900522e-07 9.908605000294894e-07 2348052.670957652 1640
66 3.436095859915105e-07 6.273902518247818e-07 2213655.532530239 1056
69 2.217980719444543e-07 3.740404502999591e-07 2018840.174246049 683
72 1.37009775807686e-07 2.013521582398598e-07 2164874.968078816 350
75 5.367238505029825e-08 1.168119990430342e-07 1852892.062647151 192
78 1.687621643253946e-08 2.886335859507663e-08 2122106.612861359 44
81 9.128435516861872e-09 1.342521085959317e-08 1795048.5194186 25


3 1.98981211420912e-09 2.685814551063785e-09 14208662.22311302 18
6 1.258618912747081e-08 1.683106679660118e-08 12978856.78919997 62
9 2.577158150643265e-08 2.174131614105195e-08 9053225.577802055 98
12 6.425045934797251e-08 7.661651297799945e-08 9228420.555224778 210
15 9.19900246235469e-08 1.13799993490579e-07 6459957.001109308 350
18 1.489305192257031e-07 1.56891001855739e-07 6275428.848303166 450
21 1.83044557461348e-07 2.081175801470237e-07 5122030.188650498 602
24 2.393919349681059e-07 3.005252140003583e-07 4861251.509331593 762
27 3.211477248182342e-07 4.438300802370863e-07 4063711.277944674 1142
30 3.731144619018649e-07 5.57497865056612e-07 4046566.197522192 1250
33 4.550755787544887e-07 6.878835185158103e-07 3870458.974223158 1458
36 5.646215322131412e-07 7.91899849551818e-07 3398415.554185196 1814
39 6.821320810627184e-07 9.997921277563668e-07 3230463.166274824 2178
42 7.78344823969919e-07 1.220681987962e-06 3095095.485159419 2498
45 8.654162070592808e-07 1.293934543617278e-06 2980890.961519346 2622
48 1.027240268976269e-06 1.70695902914818e-06 2887514.633996974 3191
51 9.99118402975974e-07 1.565377712491346e-06 2681146.657849445 3044
54 9.063195254535417e-07 1.456157445479812e-06 2590011.217246179 2736
57 7.604725463733124e-07 1.241545939407368e-06 2495878.231441186 2276
60 6.475708551247281e-07 1.141361283943664e-06 2378302.178724291 2016
63 5.458626286060756e-07 9.487149525475662e-07 2327237.646794291 1640
66 3.557641725384933e-07 6.001020622566983e-07 2210170.527890414 1056
69 2.172074079631397e-07 3.774804161883883e-07 2027824.333266583 683
72 1.128319597410766e-07 2.34305373051761e-07 2182184.861117928 350
75 6.144362108112756e-08 9.984129980598442e-08 1807818.765883035 192
78 1.461576753394808e-08 3.371278140364586e-08 2208403.807646398 44
81 7.746241993202289e-09 1.462724869509738e-08 1759225.364415853 25


3 1.854585344838971e-09 2.558601255792263e-09 13520290.18317686 18
6 1.275304925693382e-08 1.530190242865846e-08 12570605.69094586 62
9 2.569793964886559e-08 2.081861724243184e-08 8987901.894622594 98
12 6.063383255755069e-08 8.002089486442679e-08 9253731.23528838 210
15 9.252069908452156e-08 1.162205862359616e-07 6611429.115563709 350
18 1.45965341205005e-07 1.552261068525242e-07 6242973.157546753 450
21 1.809988869509934e-07 2.124524123819187e-07 5195382.257279272 602
24 2.282847775688591e-07 2.977985888717998e-07 4772362.373235862 762
27 3.313046383811151e-07 4.329530082622683e-07 4111645.204026161 1142
30 3.728387576297115e-07 5.504611524365233e-07 4053989.62961438 1250
33 4.616971413287204e-07 6.53608131431702e-07 3826137.659940761 1458
36 5.742867539208614e-07 7.678660514981153e-07 3404120.882092925 1814
39 6.782980667511474e-07 9.892310646110274e-07 3233242.822789732 2178
42 7.712285669669463e-07 1.205582382379324e-06 3088655.598111673 2498
45 8.727298782190353e-07 1.261961314786432e-06 2980442.18139061 2622
48 1.032832799102856e-06 1.630709601186521e-06 2847248.653479257 3191
51 9.923325856400278e-07 1.543834080475028e-06 2676662.590792903 3044
54 8.846328680457351e-07 1.482637525317777e-06 2610633.330392167 2736
57 7.142263577476657e-07 1.299160833356732e-06 2512713.08185596 2276
60 6.483576818850505e-07 1.124608692042694e-06 2380200.610946288 2016
63 5.556548803542318e-07 9.166192037905147e-07 2321695.343432851 1640
66 3.477668307865133e-07 6.163848048022189e-07 2240358.380123903 1056
69 1.941436202422992e-07 4.004223405389746e-07 2017844.512432128 683
72 1.051807316065111e-07 2.360800867596663e-07 2149811.554648419 350
75 5.496805957202943e-08 1.077210731810335e-07 1811340.993796436 192
78 1.513795206517169e-08 2.894288440920163e-08 2062374.178876139 44
81 6.96528237147826e-09 1.907610949303233e-08 2002869.743789923 25


3 2.093599799308982e-09 2.390957771382839e-09 14022684.50304537 18
6 1.18226264182262e-08 1.494129863134398e-08 12073999.38836172 62
9 2.660645761002204e-08 2.249418479393695e-08 9563971.064308254 98
12 5.880716603616063e-08 7.490691882554345e-08 8901046.313939752 210
15 9.343514571202877e-08 1.137938399524582e-07 6639944.789391041 350
18 1.396773768919211e-07 1.534219752748873e-07 6124657.686874605 450
21 1.784596850098129e-07 2.151854302871775e-07 5240863.166864401 602
24 2.279335480858969e-07 3.015145384643794e-07 4845408.538696336 762
27 3.255254631803608e-07 4.301107050186391e-07 4101954.945844968 1142
30 3.753429948815871e-07 5.39287449626884e-07 4061099.498046184 1250
33 4.648459425103608e-07 6.245949970493201e-07 3785838.380974552 1458
36 5.53956016594944e-07 7.682566483614249e-07 3377958.274847955 1814
39 6.84498411548165e-07 9.811876914385316e-07 3264290.124050788 2178
42 7.648972254512062e-07 1.182034545497812e-06 3073118.282813792 2498
45 8.399211745814219e-07 1.269428370818684e-06 2964265.184274781 2622
48 1.05665719073852e-06 1.558340196941263e-06 2835299.333597442 3191
51 9.86035732076569e-07 1.570245714399551e-06 2719013.684946407 3044
54 8.881011039029525e-07 1.456471813311452e-06 2614065.822989551 2736
57 7.066155971511042e-07 1.247016774396344e-06 2466331.340187857 2276
60 6.634794565435357e-07 1.110645096484801e-06 2410547.842935598 2016
63 5.366026272646595e-07 9.637114381263684e-07 2372580.97283777 1640
66 3.429494705948382e-07 6.0803183591588e-07 2230463.916188211 1056
69 1.939463245228224e-07 3.716162205585094e-07 1948599.364481968 683
72 1.229306584755478e-07 2.175625598055929e-07 2206905.477292414 350
75 5.139475001210905e-08 1.070216773860113e-07 1771233.991241522 192
78 1.713751695729232e-08 2.166507656994115e-08 1901576.658543669 44
81 1.186222759673344e-08 1.607059669537366e-08 2306222.688003889 25


3 1.904310761756683e-09 2.17994517562273e-09 12889547.75363286 18
6 1.133343320700485e-08 1.478886284523364e-08 11878161.32228893 62
9 2.747390298961789e-08 2.375222639652601e-08 10053991.65574904 98
12 5.665156684790511e-08 7.002998413361539e-08 8529243.343398593 210
15 9.516945883864161e-08 1.127118143215832e-07 6735697.580519586 350
18 1.374812401331881e-07 1.48778723516156e-07 6043181.839464823 450
21 1.768017851084559e-07 2.205809329246701e-07 5330835.764990257 602
24 2.20571124972216e-07 3.014606808522238e-07 4815133.426107329 762
27 3.218368663275154e-07 4.19920958015493e-07 4069061.865101295 1142
30 3.82491707282354e-07 5.252497766942087e-07 4081803.609837342 1250
33 4.644814472448183e-07 6.163872387591168e-07 3795733.65438381 1458
36 5.403034731079956e-07 7.647412795977721e-07 3362606.264878694 1814
39 6.705698209789929e-07 9.533584054333766e-07 3215670.678427362 2178
42 7.77656354930337e-07 1.136003152199156e-06 3062170.33917885 2498
45 8.172087632352628e-07 1.291426695211968e-06 2984081.118403036 2622
48 1.054332829962981e-06 1.541478254607814e-06 2844007.32644229 3191
51 9.844540656062117e-07 1.554004801319854e-06 2728939.361955636 3044
54 9.019148147312345e-07 1.428583101654189e-06 2631104.515273814 2736
57 7.33143387502193e-07 1.179810111884508e-06 2456024.33377044 2276
60 6.477475273948964e-07 1.11597994814999e-06 2415533.819211628 2016
63 5.345106689409223e-07 9.41238846944118e-07 2361223.689960681 1640
66 3.35904802320172e-07 5.996479068413015e-07 2215521.493137912 1056
69 2.047166324646508e-07 3.376728502075962e-07 1910550.613562627 683
72 1.267825145550984e-07 2.157585877347053e-07 2249682.128226682 350
75 5.808785541267756e-08 1.000947159792051e-07 1815519.160248803 192
78 1.047944176277529e-08 3.664954701483977e-08 2145348.15423564 44
81 9.285095788403607e-09 2.058731976557814e-08 2382951.340248756 25


3 1.689161700180825e-09 2.034060380891063e-09 11827798.63376796 18
6 1.164690612354176e-08 1.423179571428213e-08 11924134.90707172 62
9 2.675771980936207e-08 2.103539261012959e-08 9496894.891731173 98
12 5.577671195323855e-08 6.777834071970495e-08 8405818.121716779 210
15 9.52861915879907e-08 1.104332207720576e-07 6735573.822916914 350
18 1.318919035112079e-07 1.512147827463047e-07 6011236.544552777 450
21 1.792522108403398e-07 2.22910244339998e-07 5447915.646369779 602
24 2.14910860525748e-07 2.881951033012486e-07 4692373.85496112 762
27 3.265820913153918e-07 4.087674582136561e-07 4082816.896176158 1142
30 3.873958838032791e-07 5.062832103550576e-07 4070305.876800729 1250
33 4.608482537931179e-07 5.919673919990023e-07 3740615.097570182 1458
36 5.232763763986791e-07 7.782883790936235e-07 3378256.909468638 1814
39 6.654628009772824e-07 9.430003097232014e-07 3218109.361775802 2178
42 7.750375204915344e-07 1.130975472492611e-06 3081566.102648863 2498
45 8.211244073754637e-07 1.283972501438495e-06 3012939.486888297 2622
48 1.009064240700923e-06 1.543978303552142e-06 2817677.680716335 3191
51 9.788017242814478e-07 1.572558629403434e-06 2768769.879116963 3044
54 8.854363135095973e-07 1.451227327607602e-06 2659979.785090963 2736
57 7.140646624737873e-07 1.187045379250404e-06 2461273.855018454 2276
60 6.381851702624188e-07 1.097955596231624e-06 2403961.93996675 2016
63 5.467161351776932e-07 9.108256289093375e-07 2366931.835285589 1640
66 3.324275352949597e-07 5.964920578551602e-07 2223236.0111185 1056
69 1.840950836289355e-07 3.653595212949464e-07 1929199.339251261 683
72 1.078703479857472e-07 2.597427935810321e-07 2377958.227677778 350
75 5.28225629241513e-08 1.110865376096473e-07 1871741.466313227 192
78 1.597541766333906e-08 2.589068285998849e-08 2047388.074670855 44
81 7.752014382139731e-09 2.305995333618236e-08 2433582.831791515 25


3 1.474188969347738e-09 2.209408848910954e-09 11701342.71820492 18
6 1.144732825507299e-08 1.324325797452684e-08 11513864.65481101 62
9 2.533579848125294e-08 2.016565909381306e-08 9097557.190743899 98
12 5.425024568344005e-08 6.821848850095902e-08 8398980.457521334 210
15 9.462648946543329e-08 1.07492522938861e-07 6684985.524812803 350
18 1.27923982360986e-07 1.478194442471329e-07 5906562.413555477 450
21 1.820439135660626e-07 2.229776563178546e-07 5543938.011426948 602
24 2.130834476504488e-07 2.72701404367326e-07 4587119.235113349 762
27 3.210959663190148e-07 4.091056938815176e-07 4090059.160148841 1142
30 3.914640151457564e-07 4.818806481990522e-07 4029188.437548077 1250
33 4.545849249029172e-07 5.795971149757009e-07 3711875.976152065 1458
36 5.176700369341002e-07 7.80491659984426e-07 3403424.458339206 1814
39 6.616394193074114e-07 9.601753391200503e-07 3274525.30944592 2178
42 7.839375048639815e-07 1.096941768119772e-06 3079965.343508312 2498
45 8.29675602658032e-07 1.234394793953743e-06 2994742.764602954 2622
48 9.589335585218526e-07 1.598190486703261e-06 2839025.989196849 3191
51 9.823247833076268e-07 1.550739114163121e-06 2782100.381712366 3044
54 8.911502930653498e-07 1.400583303682792e-06 2644461.603752309 2736
57 7.072141296396654e-07 1.181828899906146e-06 2472176.04592224 2276
60 6.291323906193367e-07 1.086276223061508e-06 2401570.499431378 2016
63 5.326036588418596e-07 9.110924637201299e-07 2366249.00014425 1640
66 3.474031840850426e-07 5.66314761129437e-07 2226057.035442613 1056
69 1.927807643012266e-07 3.51354613620532e-07 1944641.235883814 683
72 1.266441486930231e-07 2.030938815725965e-07 2222569.487682846 350
75 5.363869614053685e-08 1.096308844779269e-07 1891203.4670498 192
78 1.6808621970369e-08 2.880053638549908e-08 2243413.713869467 44
81 1.184583820175476e-08 9.777638882594509e-09 1910998.356064382 25


3 1.3024903669858e-09 2.3343388279917e-09 11599153.29297834 18
6 1.104538083983968e-08 1.287682507397202e-08 11257296.32758974 62
9 2.465607964150455e-08 2.065014956834527e-08 9109421.188683392 98
12 5.303370323541212e-08 7.015993940846481e-08 8515009.5163435 210
15 9.154156180944649e-08 1.059817264038591e-07 6588798.716674481 350
18 1.239681256336954e-07 1.455629601004528e-07 5823764.382441013 450
21 1.796621870177927e-07 2.177641695611465e-07 5494904.131120736 602
24 2.076672168621163e-07 2.722560138716446e-07 4571944.442306109 762
27 3.145412215317057e-07 4.116955746310032e-07 4103075.363545896 1142
30 4.003782791827247e-07 4.689994386216594e-07 4058425.105425647 1250
33 4.416619067211703e-07 5.776732477904856e-07 3690001.008133733 1458
36 5.197236684691465e-07 7.660689979686696e-07 3410321.970149524 1814
39 6.58837884447479e-07 9.449617807237145e-07 3273541.018021939 2178
42 7.783749306672203e-07 1.100635327208069e-06 3106516.744176778 2498
45 8.161684770976126e-07 1.231781321774921e-06 3000195.575175103 2622
48 9.580505144637142e-07 1.562436106694102e-06 2832228.914097042 3191
51 1.00232307017364e-06 1.524033968079437e-06 2809878.947457055 3044
54 8.738207213761178e-07 1.378829519170673e-06 2626211.420745349 2736
57 7.226470056861175e-07 1.134035529217612e-06 2464836.502021724 2276
60 6.268842712480616e-07 1.069534353428094e-06 2402654.353366071 2016
63 5.201061183993634e-07 9.098108198051112e-07 2365911.495370194 1640
66 3.281344477240179e-07 6.005166529268171e-07 2269897.016292031 1056
69 1.961901007332532e-07 3.516203851077039e-07 1981473.184792338 683
72 1.240653834899622e-07 2.002405448737048e-07 2207272.567991361 350
75 6.384953095180114e-08 9.809714295241436e-08 1934865.698000417 192
78 1.2701875283814e-08 3.534954455593617e-08 2312460.898850462 44
81 7.53622920810223e-09 1.474048099952263e-08 1857507.864092145 25


3 1.285669804250083e-09 2.320333140619459e-09 11615374.9787047 18
6 1.075269546949447e-08 1.271469712167941e-08 11141970.25460192 62
9 2.358398678743144e-08 2.034221359215097e-08 8901117.89343961 98
12 5.23075122577762e-08 6.828610702456849e-08 8420541.56054502 210
15 9.051991727215372e-08 1.076338026486849e-07 6665694.623385978 350
18 1.206657086352584e-07 1.46288980858091e-07 5815563.22694914 450
21 1.716343864850614e-07 2.101053633764301e-07 5326291.11228615 602
24 2.142172078061503e-07 2.639241128611795e-07 4610722.292892784 762
27 3.089605585452371e-07 4.105941369884071e-07 4102076.961229518 1142
30 4.033837622943245e-07 4.6779859505074e-07 4106956.724960269 1250
33 4.159113987737096e-07 5.840602426320888e-07 3643572.646075091 1458
36 5.302193397429656e-07 7.462678920534925e-07 3426015.147756539 1814
39 6.496908802452699e-07 9.459678873153611e-07 3286543.715223021 2178
42 7.66086545622279e-07 1.098223617560883e-06 3110255.742894393 2498
45 8.287565789775327e-07 1.186036817392714e-06 2988444.475747928 2622
48 1.019131283032179e-06 1.458927633732248e-06 2830722.326437776 3191
51 9.988235337945811e-07 1.4889928230411e-06 2797037.043891738 3044
54 8.575265730304894e-07 1.391116728316568e-06 2643620.288517077 2736
57 6.936848477427835e-07 1.145646514532753e-06 2458952.759522966 2276
60 6.329362419358801e-07 1.039795459684664e-06 2397890.622498445 2016
63 5.201549498320869e-07 9.006196520327957e-07 2375808.715313043 1640
66 3.247430125555752e-07 5.971773049849652e-07 2275644.377726719 1056
69 2.014246995770525e-07 3.488849552072362e-07 2014764.009598198 683
72 1.048463773979828e-07 2.310945180796699e-07 2263693.080004284 350
75 5.647258617727971e-08 1.151981062683105e-07 2031785.966229519 192
78 1.741793411443373e-08 2.620978524045407e-08 2211015.81027239 44
81 4.266896026511888e-09 1.929303490578314e-08 1887804.117014084 25


3 1.364256322610052e-09 2.235675936384814e-09 11735563.7429606 18
6 1.010014462466459e-08 1.187553296244544e-08 10534257.34507151 62
9 2.317744251644266e-08 2.059290954684849e-08 8948889.997780614 98
12 5.083645299181776e-08 6.723072657800107e-08 8315419.209172235 210
15 9.084564027573548e-08 1.070394679349864e-07 6721976.703319279 350
18 1.185513686400443e-07 1.473332137713182e-07 5840589.39735217 450
21 1.686221102286242e-07 2.080181153649943e-07 5302539.851698957 602
24 2.213731183606774e-07 2.555192017764167e-07 4654578.076072015 762
27 3.086567478762174e-07 4.04847585344787e-07 4107302.159576547 1142
30 4.007707445954176e-07 4.626739797585406e-07 4109891.666775919 1250
33 4.011700434495359e-07 5.800233838963546e-07 3602895.530898538 1458
36 5.467392254217184e-07 7.236484934685814e-07 3450524.128760585 1814
39 6.449591538203998e-07 9.422944463009578e-07 3298229.294303669 2178
42 7.577927743145131e-07 1.086385395002645e-06 3104571.938726689 2498
45 8.394556822887449e-07 1.166555832533953e-06 3006924.573769473 2622
48 1.044005068052243e-06 1.376385871834298e-06 2802041.71322284 3191
51 9.661971886835348e-07 1.479395482528258e-06 2770436.284680291 3044
54 8.569065354771015e-07 1.352775258992109e-06 2624869.152475176 2736
57 6.915848608000575e-07 1.137774767051747e-06 2467899.093138919 2276
60 6.360253193703874e-07 1.014190313485931e-06 2390874.475192158 2016
63 5.266226851965744e-07 8.677603199349562e-07 2359317.926289293 1640
66 3.387065964856866e-07 5.608473321997405e-07 2254508.243463926 1056
69 2.041109562172268e-07 3.514724701422066e-07 2052874.371197817 683
72 1.162337707462006e-07 1.936151075859926e-07 2144600.075224521 350
75 5.711478383660829e-08 1.143701918360787e-07 2049861.270881827 192
78 1.789765518808901e-08 3.096754351660523e-08 2473753.132613085 44
81 8.343985618224038e-09 7.675566533449159e-09 1441570.735843051 25


3 1.399621805818766e-09 2.123138215819282e-09 11610296.34776079 18
6 1.023699960160776e-08 1.046619927926343e-08 10080600.15652715 62
9 2.346630224971751e-08 2.135607474572215e-08 9253698.305072038 98
12 4.887126050567866e-08 6.934432521563552e-08 8372939.806987543 210
15 9.042470355650434e-08 1.051883249391656e-07 6711571.065626163 350
18 1.164001558003636e-07 1.457092326574043e-07 5808679.155998578 450
21 1.658110120692952e-07 2.131794648393091e-07 5374378.908583352 602
24 2.189119675663946e-07 2.467051495991108e-07 4593233.08322788 762
27 3.094551493882193e-07 3.978256565524728e-07 4111916.793308937 1142
30 3.946055136119294e-07 4.694635226510223e-07 4146086.616387426 1250
33 4.02198906188789e-07 5.657010346360842e-07 3589445.273258805 1458
36 5.485235390631212e-07 6.977474745310715e-07 3422398.108501854 1814
39 6.427902890773596e-07 9.49525577358702e-07 3335104.737945921 2178
42 7.510600209328653e-07 1.085653686543873e-06 3117388.490075644 2498
45 8.110953446348956e-07 1.155252600449151e-06 2969366.01404222 2622
48 1.005420539409098e-06 1.451218252995452e-06 2854943.935123051 3191
51 9.519253748774205e-07 1.478723516748623e-06 2774438.094090405 3044
54 8.536660017437883e-07 1.300349412873294e-06 2585646.921106421 2736
57 6.870257808771189e-07 1.138307486990497e-06 2481633.537795947 2276
60 6.202518740923278e-07 1.013899248691761e-06 2383667.856299361 2016
63 5.187204439662831e-07 8.645711621950687e-07 2358205.049308325 1640
66 3.350898952461036e-07 5.819290166857806e-07 2309946.596169615 1056
69 1.982234197036888e-07 3.727380834777988e-07 2114250.604675052 683
72 1.125410884553364e-07 1.843171024174459e-07 2074317.685565833 350
75 6.382014560410125e-08 9.401439874875252e-08 1944692.946354296 192
78 1.649670715593933e-08 3.383107322215841e-08 2536812.713255404 44
81 5.920445872991622e-09 1.019407891113988e-08 1393790.962184644 25


3 1.258951082980662e-09 1.754537825889061e-09 10053133.40814875 18
6 1.063659427334454e-08 1.042399858944058e-08 10382295.07649926 62
9 2.272583073270464e-08 2.201670250274376e-08 9308839.414359957 98
12 4.838108730853432e-08 6.973644122272989e-08 8430257.044662433 210
15 8.934736011585461e-08 1.025747632190554e-07 6652600.86430021 350
18 1.164486017872807e-07 1.456002470992483e-07 5861136.269219168 450
21 1.611570578904126e-07 1.997421324297279e-07 5174096.527136385 602
24 2.181836941255409e-07 2.389543389043707e-07 4560694.061158997 762
27 3.108783996784181e-07 4.076330210261976e-07 4210706.427774001 1142
30 3.726407350872347e-07 4.745688962888781e-07 4088472.758274005 1250
33 4.062687185640764e-07 5.572398285728752e-07 3609087.300733205 1458
36 5.385025665519064e-07 6.866812442297103e-07 3394909.411141729 1814
39 6.520701138093684e-07 9.147604074117842e-07 3319372.32422667 2178
42 7.407429208901342e-07 1.078726353641421e-06 3113265.836190689 2498
45 7.841583042548146e-07 1.170609538609419e-06 2969089.778496214 2622
48 9.528444481001139e-07 1.528208425483984e-06 2889362.087694835 3191
51 9.362977336700689e-07 1.474317902178434e-06 2772150.424962197 3044
54 8.351150537326992e-07 1.308935549987936e-06 2590663.714421587 2736
57 6.918781959089389e-07 1.114408777350154e-06 2480262.138665227 2276
60 5.953280746360913e-07 1.04250721692781e-06 2397439.810480834 2016
63 5.191140775712097e-07 8.413124235725612e-07 2342751.414487664 1640
66 3.308424905349803e-07 5.973011497016632e-07 2350211.407759731 1056
69 1.990593664518753e-07 3.858773279215727e-07 2177938.552114507 683
72 9.939059064077325e-08 2.031546594411149e-07 2096672.285853311 350
75 5.777085428411635e-08 1.104943799917421e-07 2049008.355990318 192
78 1.517407602378821e-08 2.807607476421928e-08 2214351.98405888 44
81 4.444626726858801e-09 1.30152876406485e-08 1461910.172458914 25


3 1.231647819806384e-09 1.780015709561495e-09 10114184.6924285 18
6 1.042503188167669e-08 9.708777028135519e-09 10057431.44526681 62
9 2.283864783512482e-08 2.141702555608723e-08 9321691.021882765 98
12 4.832129237644746e-08 6.915572419594857e-08 8459584.760071246 210
15 8.689114365472162e-08 9.963241666499926e-08 6528326.404725255 350
18 1.170546977031374e-07 1.412869007121189e-07 5843521.676107227 450
21 1.577625436082712e-07 1.991724312063963e-07 5159385.948045741 602
24 2.136979651228981e-07 2.403509252264724e-07 4567531.42284107 762
27 3.069489872822223e-07 4.093299038564813e-07 4231478.825705682 1142
30 3.515408614289357e-07 4.81612991841577e-07 4040042.785494344 1250
33 4.073703792924097e-07 5.479070346429378e-07 3614377.172753184 1458
36 5.21705930636327e-07 7.207266197975709e-07 3457352.571732091 1814
39 6.497554045803797e-07 9.052790118448075e-07 3324825.858580186 2178
42 7.207749060798685e-07 1.065189777788129e-06 3079616.086629537 2498
45 7.695075141433768e-07 1.177702775942321e-06 2978219.036020177 2622
48 9.142871253646839e-07 1.554978364661492e-06 2888444.825900042 3191
51 9.388192884837927e-07 1.454251023591097e-06 2778274.836815968 3044
54 8.272514313882905e-07 1.317538076809681e-06 2610572.35842844 2736
57 6.748233894963181e-07 1.118792637048185e-06 2478438.161015537 2276
60 5.92589780326649e-07 1.032287400073715e-06 2398632.140514527 2016
63 4.971225945986319e-07 8.719897678195948e-07 2363652.246654477 1640
66 3.336676395425123e-07 5.773402917711504e-07 2332883.995933287 1056
69 2.172774500183564e-07 3.659592987071176e-07 2212431.778127143 683
72 1.065692134618338e-07 1.81375315618231e-07 2040135.035633663 350
75 5.376536100311936e-08 1.144423180429858e-07 2047306.422137112 192
78 1.694254580886725e-08 2.547508674513369e-08 2228379.924820425 44
81 5.035816484928912e-09 1.262833383130466e-08 1506420.73865184 25


3 1.308397576598419e-09 1.968882106337365e-09 11078002.17919798 18
6 9.888385971404432e-09 9.023463462154354e-09 9553162.206712717 62
9 2.228614770267984e-08 2.123044648786528e-08 9249243.385483868 98
12 4.93419848076198e-08 6.58795547263844e-08 8405065.754731694 210
15 8.636712445037797e-08 9.385046026160787e-08 6387463.226684064 350
18 1.182120384750584e-07 1.435927505851997e-07 5974843.166665586 450
21 1.516321915410075e-07 1.974910874123962e-07 5083704.298912433 602
24 2.033151637696271e-07 2.529411194971353e-07 4605081.380495327 762
27 3.065421720496473e-07 4.044451213670731e-07 4241314.135803928 1142
30 3.273624754668523e-07 4.914051573756698e-07 3983742.822458129 1250
33 4.030711192069396e-07 5.531322152100487e-07 3646230.426756723 1458
36 5.019690888425668e-07 7.56080390469047e-07 3513052.614236631 1814
39 6.314999235394353e-07 8.990691481689127e-07 3297420.866348122 2178
42 7.332503034476074e-07 1.026075467481371e-06 3071913.549508137 2498
45 7.652416391132203e-07 1.177337074495638e-06 2996447.863623807 2622
48 9.456218908146482e-07 1.483744281534505e-06 2882236.28202354 3191
51 9.35035469847911e-07 1.387039080318831e-06 2728028.119870577 3044
54 8.006711502350242e-07 1.35322366383571e-06 2633638.715391823 2736
57 6.73384544788773e-07 1.098860204547761e-06 2473221.405610045 2276
60 5.997123384172946e-07 1.003347930866982e-06 2394141.659114777 2016
63 4.805774806014009e-07 8.784015497739334e-07 2359225.503312438 1640
66 3.376660059773502e-07 5.611341116157606e-07 2329060.054649007 1056
69 2.109636287290501e-07 3.740264206942126e-07 2229355.01705236 683
72 1.044657897358749e-07 1.844833163969178e-07 2058896.369171366 350
75 6.41908277988914e-08 1.03666776204093e-07 2108105.418106969 192
78 1.286307623383842e-08 3.46104134421881e-08 2397255.254468926 44
81 8.796192310767291e-09 1.14512910853219e-08 1843236.33531327 25


3 1.200432512087309e-09 2.066205782997167e-09 11067364.63294392 18
6 9.898411537159083e-09 7.968709571805049e-09 9164455.661087276 62
9 2.077205787590991e-08 2.08778167768135e-08 8902224.303602478 98
12 5.024136343804127e-08 6.373861210521293e-08 8415976.592281001 210
15 8.522845246414183e-08 8.969605353144145e-08 6265869.754675923 350
18 1.212557872377517e-07 1.410239646598863e-07 6055224.910815616 450
21 1.512025712046679e-07 1.937351765874912e-07 5074027.808038374 602
24 1.920527849223883e-07 2.616363725435609e-07 4596636.950516271 762
27 3.02427503133456e-07 4.012437492613488e-07 4235171.197144831 1142
30 3.21316266676117e-07 4.696721262596579e-07 3891617.781147932 1250
33 4.0465180889832e-07 5.463994269169661e-07 3664040.605449304 1458
36 4.943014295636147e-07 7.676689717230947e-07 3550981.759368253 1814
39 6.043655884391462e-07 9.042976385862484e-07 3270545.294347713 2178
42 7.141822123637163e-07 1.060997057665754e-06 3116453.19832149 2498
45 7.565204965946198e-07 1.159027590995691e-06 2983822.621204818 2622
48 9.707013336873854e-07 1.446752664323505e-06 2905481.742802039 3191
51 8.877134053334219e-07 1.41638492787621e-06 2718854.459895929 3044
54 8.165088157792809e-07 1.327328614526245e-06 2654004.480039891 2736
57 6.623957184088158e-07 1.100896110373936e-06 2481195.943402676 2276
60 6.15575365085313e-07 9.749626821162133e-07 2407910.7660425 2016
63 4.959301653596989e-07 8.399161358058709e-07 2355138.066225982 1640
66 3.149523317992867e-07 5.63898457810674e-07 2286162.150860548 1056
69 2.070297084600417e-07 3.834194698741589e-07 2264364.743591035 683
72 9.815183665095851e-08 2.045962860467423e-07 2150068.323087531 350
75 6.122119648747048e-08 1.105567097169804e-07 2157575.927833783 192
78 1.751572489432021e-08 2.723450997075713e-08 2387583.304468526 44
81 6.295292484384879e-09 1.374804114808873e-08 1760153.403119413 25


3 1.104551707359243e-09 2.100167480516798e-09 10930839.82037508 18
6 9.686329768534533e-09 7.312769542629203e-09 8801235.246790946 62
9 2.154428468204738e-08 1.862172546033703e-08 8716226.227528432 98
12 4.985720235675527e-08 6.258992056592415e-08 8384389.100518711 210
15 8.310229600391233e-08 9.02201596564177e-08 6248572.780351213 350
18 1.257610343051469e-07 1.382693826254048e-07 6166200.502854681 450
21 1.514440241702342e-07 1.891178486145269e-07 5063039.391864447 602
24 1.896668462702923e-07 2.553971501203721e-07 4555845.069645414 762
27 3.062701447577498e-07 3.797041125177244e-07 4182810.585783312 1142
30 3.219911571836976e-07 4.482319622229414e-07 3837804.344425239 1250
33 4.06498586963496e-07 5.42599127352996e-07 3693773.947715741 1458
36 4.765328363218036e-07 7.676952038069199e-07 3530751.154289444 1814
39 5.985469758272065e-07 9.033855736247965e-07 3287531.727949591 2178
42 6.915664600263533e-07 1.072576555038193e-06 3120614.572466222 2498
45 7.693241976725691e-07 1.105080097147633e-06 2960892.828130217 2622
48 9.77057849823705e-07 1.40386421392937e-06 2896654.916757734 3191
51 8.701396370206672e-07 1.455488777574801e-06 2764897.812984295 3044
54 8.281135214140066e-07 1.282763535153433e-06 2648645.994108756 2736
57 6.665641242412134e-07 1.085055385465635e-06 2494156.80455506 2276
60 5.889400487545176e-07 1.020036253431148e-06 2446093.522909482 2016
63 5.072585578079748e-07 8.253415518742265e-07 2380756.346513716 1640
66 3.006763584455614e-07 5.570354722130369e-07 2250247.510744743 1056
69 1.987194427208626e-07 4.122546321845731e-07 2350280.811110072 683
72 1.020744260157039e-07 1.828797115304476e-07 2069840.733864587 350
75 5.192226185994307e-08 1.172835798187028e-07 2113016.765243365 192
78 1.433000046558096e-08 3.113258361769067e-08 2386270.944759407 44
81 5.059806342228252e-09 1.306268717073811e-08 1590383.716665936 25


3 1.002963065785113e-09 2.461442270251223e-09 11863943.72879473 18
6 9.540749066615022e-09 7.931578336943829e-09 9058535.999812815 62
9 2.151452543699362e-08 1.757524042285478e-08 8554765.607029641 98
12 4.84717298041738e-08 6.08682314297711e-08 8230038.795593878 210
15 8.143463408483254e-08 8.965430230979031e-08 6214997.711000813 350
18 1.275594563251113e-07 1.336957607646289e-07 6164209.196731916 450
21 1.52014568055048e-07 1.837003425006834e-07 5044789.449811724 602
24 1.833787396099727e-07 2.627360269504922e-07 4600113.80677759 762
27 3.042642803693517e-07 3.703547144174222e-07 4154982.71853336 1142
30 3.251519389798883e-07 4.322855062388044e-07 3820569.621644355 1250
33 4.115037234260836e-07 5.36629169209767e-07 3730303.630299256 1458
36 5.014505319938373e-07 6.96768326253109e-07 3462863.7692248 1814
39 6.067787290644232e-07 8.61457818434047e-07 3258057.313243177 2178
42 6.885894173389892e-07 1.043989587847657e-06 3101885.372903926 2498
45 7.712083273048334e-07 1.101750359329668e-06 2989706.175898436 2622
48 9.705742585860262e-07 1.387187992821346e-06 2898478.192222822 3191
51 8.989384746466017e-07 1.437719116508029e-06 2816479.105075051 3044
54 8.215526928165527e-07 1.251456615347289e-06 2631348.963139584 2736
57 6.581000867932235e-07 1.082471442527216e-06 2504294.805175768 2276
60 5.853692124379793e-07 9.837285854281667e-07 2417132.255155511 2016
63 5.072348292022932e-07 8.093535159996199e-07 2380469.227198248 1640
66 3.299879416221094e-07 5.050386336844288e-07 2243139.693085292 1056
69 2.219992625928472e-07 3.585550947541211e-07 2297653.418689949 683
72 9.956803753002926e-08 1.737468498407474e-07 2011393.530581579 350
75 6.086323604941866e-08 1.084800896190883e-07 2176501.171768737 192
78 1.464533145087071e-08 2.815947842510403e-08 2294660.388833012 44
81 5.781526308413121e-09 9.293055014295293e-09 1386634.207358674 25


3 1.067862852791001e-09 2.394497233024345e-09 12060619.6435074 18
6 9.812398621796125e-09 7.899960659764483e-09 9252762.109637573 62
9 2.172501236338383e-08 1.759192843214041e-08 8662139.670806155 98
12 4.712256999967942e-08 5.898543932222054e-08 8064626.624843646 210
15 7.989552754569242e-08 8.645705448548357e-08 6098439.221060678 350
18 1.243015216828748e-07 1.330569901270249e-07 6117758.169086058 450
21 1.487531943814439e-07 1.808192081948791e-07 4997331.150130467 602
24 1.802498598610546e-07 2.620698109618283e-07 4606774.685779324 762
27 3.033513044479497e-07 3.639603810039545e-07 4150357.869714427 1142
30 3.262530206747549e-07 4.25783379204011e-07 3833535.325064317 1250
33 4.157027221779961e-07 5.229345757669417e-07 3734024.955391641 1458
36 5.329370556251532e-07 6.33313908570643e-07 3426022.635463417 1814
39 6.185067609883076e-07 8.136043524246606e-07 3220581.445643407 2178
42 6.995514412920711e-07 1.018818918120077e-06 3114684.163902916 2498
45 7.492601995386357e-07 1.107009243845566e-06 2988954.05873202 2622
48 9.543476885897542e-07 1.40119406136198e-06 2921616.870837845 3191
51 9.511252784711526e-07 1.343156385402245e-06 2811939.460647073 3044
54 8.0534067394272e-07 1.242314450351812e-06 2624846.301310346 2736
57 6.650384062013941e-07 1.066251793566456e-06 2521614.100755391 2276
60 6.002301438386219e-07 9.476930731658741e-07 2418696.414690557 2016
63 4.761209937510587e-07 8.369312785774464e-07 2387019.838591094 1640
66 3.162001161476844e-07 5.273305213587004e-07 2278236.267153177 1056
69 2.244834864773629e-07 3.461659975621716e-07 2288331.28368663 683
72 1.011517947164746e-07 1.739367580208609e-07 2048564.531635341 350
75 6.643982006851538e-08 9.708306937484704e-08 2151486.740861828 192
78 1.605190189532011e-08 2.590070434668929e-08 2300498.736727891 44
81 6.054824703072378e-09 7.812406938220658e-09 1307857.013082596 25


3 1.270184722656338e-09 2.263900326694219e-09 12521270.49554001 18
6 1.001129974810585e-08 8.190587925561019e-09 9580808.240217349 62
9 2.127935003608567e-08 1.810248280766844e-08 8733852.054451803 98
12 4.663335968924119e-08 5.88068838614684e-08 8086245.81449563 210
15 7.871558035588081e-08 8.480930051785563e-08 6048660.779535457 350
18 1.224362174680828e-07 1.272530064069999e-07 5993479.180605415 450
21 1.462564654369493e-07 1.796656822854971e-07 4985486.768309643 602
24 1.806832454977374e-07 2.576850952898697e-07 4612543.281606838 762
27 3.022718981248381e-07 3.538356877682789e-07 4121188.997832178 1142
30 3.247842551942918e-07 4.255032838159906e-07 3859675.449805372 1250
33 4.159388073003811e-07 5.137100431529937e-07 3734730.853618473 1458
36 5.363900993011785e-07 6.036903266507365e-07 3386114.463786704 1814
39 6.089285818996145e-07 8.136676811446916e-07 3226848.476357239 2178
42 7.125038277416924e-07 9.786799590725838e-07 3101862.371005183 2498
45 7.530899408944144e-07 1.082963655224547e-06 2988011.817179944 2622
48 9.433816911683619e-07 1.400547482311377e-06 2933526.842093048 3191
51 9.662117274560339e-07 1.296281402024556e-06 2805342.192860875 3044
54 7.712439572915958e-07 1.28745346333198e-06 2654788.477337677 2736
57 6.903297219572035e-07 1.013273413364247e-06 2515839.87640294 2276
60 5.939510457038304e-07 9.643012047414576e-07 2454828.82748638 2016
63 4.874964685378081e-07 8.015337768628579e-07 2374579.655167397 1640
66 3.074061525641724e-07 5.25381679122398e-07 2268102.998624294 1056
69 2.031846681022638e-07 3.726363927566571e-07 2308703.719424001 683
72 9.459682390078166e-08 1.837613833667616e-07 2078688.009030057 350
75 5.43678702720981e-08 1.166427745658942e-07 2219823.087061303 192
78 1.455190504786904e-08 2.933648477438121e-08 2396465.134945193 44
81 4.594651509019901e-09 1.090110853694949e-08 1418700.575784246 25


3 1.427780585089399e-09 1.935972798547518e-09 12112263.1190112 18
6 9.686356234954207e-09 8.004549475854126e-09 9403310.329592464 62
9 2.166765127536989e-08 1.863597057781411e-08 9024459.047085999 98
12 4.678061891404934e-08 5.587269359162446e-08 7954974.823337089 210
15 7.684622848900552e-08 8.45546679934161e-08 6020286.033348432 350
18 1.214110104496814e-07 1.213231797307851e-07 5888926.326962378 450
21 1.488181988637275e-07 1.787483690901144e-07 5058277.67069152 602
24 1.83705095531453e-07 2.475190720378904e-07 4583969.046398604 762
27 2.956143461603941e-07 3.533225314941328e-07 4109132.869592099 1142
30 3.292553007957994e-07 4.173198777616251e-07 3878269.519204629 1250
33 4.07781584442142e-07 5.123009281602032e-07 3725990.99740645 1458
36 5.147738589747915e-07 6.185886656818381e-07 3387409.38020377 1814
39 6.002182099109222e-07 8.107095631323375e-07 3226111.672443738 2178
42 7.129315857613262e-07 9.519114966381882e-07 3083041.691255364 2498
45 7.519970627313151e-07 1.068816774580375e-06 2989327.194285041 2622
48 9.419200695058743e-07 1.40010480266176e-06 2955058.64997145 3191
51 9.299772974789304e-07 1.315413322568463e-06 2800781.816327615 3044
54 7.924566381056286e-07 1.266161830374988e-06 2681448.575428894 2736
57 6.716716881872152e-07 1.002247786394064e-06 2490434.913275314 2276
60 5.865998889935861e-07 9.751115169063844e-07 2477050.449967155 2016
63 5.023024271437065e-07 7.716120731931047e-07 2374360.0788846 1640
66 3.035186581856961e-07 5.359117174770414e-07 2300292.64305309 1056
69 1.93439217600311e-07 3.768088928492823e-07 2296479.900014517 683
72 9.731849847926771e-08 1.726401340139777e-07 2042498.553279017 350
75 5.745951023072949e-08 1.081562471507573e-07 2183262.289791875 192
78 1.595214242233388e-08 2.702651983999095e-08 2391376.159138514 44
81 4.395179440453637e-09 9.750954429357081e-09 1310178.833540906 25


3 1.554345573527233e-09 1.853991044462171e-09 12432419.38007927 18
6 9.474820891608454e-09 8.252969498532297e-09 9513707.648084186 62
9 2.104246734202359e-08 1.797567687555212e-08 8839537.066887967 98
12 4.70026327805656e-08 5.232437348917155e-08 7787708.07298016 210
15 7.346706208376705e-08 8.752462226097971e-08 6040652.757829344 350
18 1.156295704669444e-07 1.239171002882796e-07 5853075.065576587 450
21 1.452102192701278e-07 1.807593105556906e-07 5069319.262649754 602
24 1.865215226483635e-07 2.394645702198216e-07 4573359.067523627 762
27 2.856694004559911e-07 3.614666259215775e-07 4122977.001886473 1142
30 3.330107520160062e-07 4.09521039869586e-07 3894968.314938549 1250
33 3.965462762709422e-07 5.171491126537912e-07 3724767.560480334 1458
36 4.82654844140178e-07 6.414582600368744e-07 3372730.861615431 1814
39 5.964795660318002e-07 8.02198058510891e-07 3224222.919002249 2178
42 7.087848830716535e-07 9.46003886652981e-07 3089260.327177112 2498
45 7.51724480818261e-07 1.052685450247556e-06 2987370.218254987 2622
48 9.393032013904717e-07 1.366307480724774e-06 2933868.883033559 3191
51 8.790215218147162e-07 1.375197288905723e-06 2817889.476663864 3044
54 8.184011187989405e-07 1.225984615386366e-06 2691152.225504546 2736
57 6.33469825623848e-07 1.037268901405806e-06 2490727.059899235 2276
60 5.981227595304575e-07 9.466272202318746e-07 2473983.346000179 2016
63 4.979541249566034e-07 7.839103919728703e-07 2403174.116964569 1640
66 3.160867869407934e-07 5.200886117955887e-07 2316508.104605253 1056
69 2.069281933338058e-07 3.421507021753495e-07 2247907.510570207 683
72 1.036390166392818e-07 1.688683686298351e-07 2087309.687329577 350
75 6.532730734417601e-08 8.950671950852902e-08 2100413.364142353 192
78 1.498278236980343e-08 2.735767618836433e-08 2359622.413475313 44
81 5.444985024572925e-09 8.079788910589784e-09 1296682.691517713 25


3 1.466461164344238e-09 1.798880766676238e-09 11999542.96440925 18
6 9.612703606756555e-09 8.272952646450634e-09 9720757.91443483 62
9 2.059423248590268e-08 1.828804314648221e-08 8899464.767658742 98
12 4.571400650941819e-08 4.954789145430153e-08 7551724.066119672 210
15 7.238036976618506e-08 8.7569587664685e-08 6051001.950238587 350
18 1.100383030688711e-07 1.215545958083499e-07 5706509.647051688 450
21 1.404616807783658e-07 1.796553764132977e-07 5013933.806042037 602
24 1.90372738318592e-07 2.305492352856461e-07 4571528.172382018 762
27 2.842616474539702e-07 3.608829557278323e-07 4144698.684665961 1142
30 3.292441886850744e-07 4.086685110202806e-07 3902986.119768393 1250
33 3.859318705240271e-07 5.312056178848939e-07 3758237.420160992 1458
36 4.533190912725974e-07 6.72329664913276e-07 3383310.937496777 1814
39 5.841617188458217e-07 8.05724401843521e-07 3225097.221417647 2178
42 7.044496177849518e-07 9.572651353781216e-07 3124320.395580088 2498
45 7.359083052744938e-07 1.057542844524029e-06 2987703.447806492 2622
48 9.123537796816859e-07 1.358610298661632e-06 2907293.673534585 3191
51 8.570669283162635e-07 1.396043829725565e-06 2828843.21980889 3044
54 8.21213226590493e-07 1.180297942331405e-06 2661540.726703273 2736
57 6.133279825879047e-07 1.065745982890995e-06 2510024.429544237 2276
60 6.054069800703389e-07 9.046318451967221e-07 2445237.117839105 2016
63 4.718356176292434e-07 8.129291784486663e-07 2410558.278723445 1640
66 3.171585639859442e-07 4.979467237620617e-07 2281455.86967291 1056
69 2.122347447098764e-07 3.336552231858608e-07 2258757.133446087 683
72 9.842642292155293e-08 1.826609853702569e-07 2146993.801935535 350
75 5.706068721405486e-08 1.02314390139796e-07 2134434.706197363 192
78 1.368748441846897e-08 2.808438673520871e-08 2321555.328126289 44
81 4.969768772160836e-09 9.567372724473288e-09 1375175.104757693 25


3 1.303044359320564e-09 1.643174474536594e-09 10906347.88275123 18
6 9.526144058852622e-09 8.262734203140605e-09 9772392.969262313 62
9 2.037036311265884e-08 1.829068919405236e-08 8940750.226056997 98
12 4.227624092065575e-08 5.048065478201593e-08 7382214.570505248 210
15 7.272532852946524e-08 9.033761775754783e-08 6214760.230792051 350
18 1.05770893748637e-07 1.206819715683996e-07 5622621.154279703 450
21 1.318303493295174e-07 1.780174084607603e-07 4879268.2711176 602
24 1.913927043517144e-07 2.232524701208666e-07 4554661.296939055 762
27 2.823111643624605e-07 3.579347115472457e-07 4149729.724632666 1142
30 3.25216153145459e-07 4.143832161314838e-07 3940369.961743862 1250
33 3.79335103288678e-07 5.35278558748394e-07 3773110.369835521 1458
36 4.503546898828809e-07 6.902761123941405e-07 3448110.207403018 1814
39 5.63709397178246e-07 8.234041890875922e-07 3233334.508994976 2178
42 6.809095796344184e-07 9.837567422284281e-07 3143453.206157758 2498
45 7.102123103185348e-07 1.080272146703338e-06 2995528.26583333 2622
48 8.910066838625656e-07 1.376431330765473e-06 2918600.508849269 3191
51 8.47375798380966e-07 1.383774063935104e-06 2821768.658359719 3044
54 7.790451420643896e-07 1.223611583374463e-06 2667854.344531093 2736
57 6.299384582981893e-07 1.035702011265089e-06 2518047.895064412 2276
60 5.653054089225693e-07 9.68217282746684e-07 2477867.277634936 2016
63 4.534568757442802e-07 7.991771845796072e-07 2363540.413489085 1640
66 2.886990194670632e-07 5.393474329381602e-07 2304646.492814137 1056
69 1.975842909275162e-07 3.640198375543373e-07 2312836.013961789 683
72 9.247858808940484e-08 1.818789169790199e-07 2100774.537705531 350
75 4.861524559395298e-08 1.208534990510582e-07 2227504.680721341 192
78 1.429527688609232e-08 2.769852207782966e-08 2361008.363686745 44
81 3.624262961967938e-09 6.751479872320967e-09 991363.8401952544 25


3 1.204025247290498e-09 1.599187400921406e-09 10435729.08685064 18
6 8.608677910582563e-09 7.909968340511479e-09 9127227.348568227 62
9 2.031160293590196e-08 1.807996434231188e-08 8964678.789857615 98
12 4.150994614391413e-08 5.085717868528986e-08 7404730.999522343 210
15 7.21988287997957e-08 9.118936216167482e-08 6275532.042837353 350
18 1.031199706941663e-07 1.155964015667543e-07 5484667.903196946 450
21 1.265253071946168e-07 1.75938529336816e-07 4795798.279693875 602
24 1.932843278810099e-07 2.193008956754685e-07 4580204.679275615 762
27 2.839331375491444e-07 3.651474660134159e-07 4240024.97906138 1142
30 3.166418929425459e-07 4.153265909397771e-07 3926525.485947802 1250
33 3.730748226546957e-07 5.197359765186128e-07 3718167.300575174 1458
36 4.437943655677374e-07 6.877884386133123e-07 3447608.239723741 1814
39 5.558802873584209e-07 8.295232734632169e-07 3252617.01390209 2178
42 6.675236167736469e-07 9.673227788426172e-07 3113171.110250624 2498
45 7.136248118509084e-07 1.068669293856045e-06 3010735.168907213 2622
48 8.869403943085622e-07 1.342761686515838e-06 2898749.916790456 3191
51 8.485346263787035e-07 1.356424182540356e-06 2816747.779726181 3044
54 7.485492012495988e-07 1.284929937455971e-06 2714688.379442619 2736
57 6.534107631904176e-07 1.0078760698794e-06 2544952.473794881 2276
60 5.41207937544894e-07 9.832235926777271e-07 2473269.425173517 2016
63 4.541411392519155e-07 7.696403704585608e-07 2335810.466030764 1640
66 2.920993365263167e-07 5.134974345381749e-07 2271950.436847064 1056
69 1.921423874490351e-07 3.849471255641848e-07 2380998.285354793 683
72 9.153582255939645e-08 1.710989189758289e-07 2036407.865361368 350
75 5.82902272041889e-08 1.043530913310784e-07 2213793.704478404 192
78 1.800928872281018e-08 2.101663802802056e-08 2313934.932513856 44
81 4.3463824746028e-09 7.081853611602938e-09 1114600.999103175 25


3 1.259347636979034e-09 1.507125126205225e-09 10451055.64824402 18
6 7.958783631538116e-09 6.954951491251103e-09 8321806.546452498 62
9 1.935698279344693e-08 1.731981134159116e-08 8620885.870136818 98
12 4.068110509816673e-08 5.068583325715424e-08 7380401.234188743 210
15 7.380671922214935e-08 9.010637040534173e-08 6362688.118656896 350
18 1.010026528078229e-07 1.164915280207337e-07 5489153.968127221 450
21 1.263905017066635e-07 1.645597335235246e-07 4672995.863143718 602
24 1.949672964551701e-07 2.074904772211771e-07 4520664.863213098 762
27 2.856365223001628e-07 3.562875580869261e-07 4237475.948695807 1142
30 3.16681437628845e-07 4.192420843259731e-07 3980339.162515256 1250
33 3.660368187653436e-07 4.989811392498104e-07 3639989.855168082 1458
36 4.437383754490908e-07 6.583158164174853e-07 3398949.746404077 1814
39 5.681596388605777e-07 8.189863528610819e-07 3294406.234600119 2178
42 6.58534659512367e-07 9.772687998648729e-07 3139043.290045722 2498
45 7.080123472235408e-07 1.061472627227331e-06 3016838.804684403 2622
48 8.765875227643468e-07 1.353897697350943e-06 2923181.410437058 3191
51 8.500618691913392e-07 1.299583367663373e-06 2780797.625735485 3044
54 7.595750536729729e-07 1.251778292982909e-06 2719356.020767166 2736
57 6.501726973352922e-07 1.013724078935644e-06 2570868.255410533 2276
60 5.355369002870612e-07 9.732093447293255e-07 2472665.791064596 2016
63 4.538640854864055e-07 7.362316143437864e-07 2300972.930950044 1640
66 2.902688847552109e-07 5.282016881891967e-07 2325232.294205887 1056
69 2.040284624503258e-07 3.569405151817302e-07 2362649.658468856 683
72 9.681281378972854e-08 1.657109413567121e-07 2070193.283539718 350
75 6.692857413817181e-08 9.362158243317471e-08 2251389.876787741 192
78 1.361199058554481e-08 2.774390042755103e-08 2358411.853056229 44
81 5.400636995287995e-09 9.8415501504135e-09 1485823.657504278 25


3 1.052430620429794e-09 1.587162188200297e-09 9952116.46494282 18
6 7.438238368553771e-09 7.451524301742987e-09 8301992.689932039 62
9 1.746920423188471e-08 1.734353834957516e-08 8189772.340585781 98
12 4.08806731777634e-08 5.113124332207741e-08 7496914.497775119 210
15 7.348621902517014e-08 8.747253177872141e-08 6309192.341181846 350
18 9.973889173797594e-08 1.214513729204721e-07 5612915.950926878 450
21 1.257057459024963e-07 1.596938585649085e-07 4631379.703044852 602
24 1.921801002176713e-07 2.053313254565553e-07 4496239.181404302 762
27 2.805579670335956e-07 3.531284005235333e-07 4217624.215607211 1142
30 3.068981224512375e-07 4.178519124326533e-07 3950779.91846007 1250
33 3.60546020700639e-07 4.90751368053849e-07 3616545.988572686 1458
36 4.495062992306748e-07 6.552574821766453e-07 3445515.095770487 1814
39 5.767352665973364e-07 8.288303756842812e-07 3371886.678973262 2178
42 6.475179709029854e-07 9.823153378131507e-07 3155708.229894184 2498
45 7.028990150678584e-07 1.021268629039102e-06 2974758.055403959 2622
48 8.912512917577247e-07 1.313531028626457e-06 2927394.706865751 3191
51 8.56849697386842e-07 1.262434918739072e-06 2775592.235490987 3044
54 7.802752373635394e-07 1.180385108196536e-06 2693314.261724431 2736
57 6.378284473086891e-07 1.024427103958922e-06 2590130.795088236 2276
60 5.798276114471829e-07 8.807558642739373e-07 2448670.830179673 2016
63 4.429548015165546e-07 7.27575331331564e-07 2285107.403527901 1640
66 3.106223526010646e-07 5.034288602834335e-07 2357011.596696492 1056
69 2.161065159941075e-07 3.357964934325137e-07 2368990.907021449 683
72 9.713809126864407e-08 1.624919647182639e-07 2072581.898391079 350
75 5.957570303687073e-08 1.052275545345329e-07 2292046.459999667 192
78 1.12258780936981e-08 2.511001652463595e-08 2084439.51391105 44
81 6.676527267048751e-09 1.215177673355606e-08 1856594.478040138 25


3 8.750204802206787e-10 1.656834882977937e-09 9583144.616937675 18
6 7.3244854769207e-09 7.253030858529691e-09 8187529.285723117 62
9 1.672829831058565e-08 1.550620983424074e-08 7653469.521714441 98
12 4.187385612281064e-08 4.987109097390851e-08 7557388.346155403 210
15 7.133294658010266e-08 8.335381658738425e-08 6120339.583625949 350
18 9.986136139980943e-08 1.222872697725017e-07 5686479.577608103 450
21 1.264189968504727e-07 1.552088496930693e-07 4618860.05793646 602
24 1.911109652220957e-07 2.042741112398966e-07 4505531.968361799 762
27 2.777551421044886e-07 3.474205055283884e-07 4200310.063579855 1142
30 3.106817137618506e-07 3.949970194215662e-07 3895724.938271032 1250
33 3.601087203868346e-07 4.790858221986073e-07 3603931.364930315 1458
36 4.702181745616832e-07 6.266757692588858e-07 3470043.461715531 1814
39 5.793271154793358e-07 8.073178695717001e-07 3365478.983681343 2178
42 6.552965554688387e-07 9.578816079037649e-07 3162625.07074623 2498
45 7.047932295510471e-07 9.987355486346768e-07 2972974.49572676 2622
48 9.028803268765349e-07 1.250935364468854e-06 2897885.578321987 3191
51 8.785577001046536e-07 1.228586995611715e-06 2795311.774303183 3044
54 7.933569222535023e-07 1.146246275921463e-06 2698643.844492546 2736
57 6.171821486470447e-07 1.030704844349735e-06 2591147.788239014 2276
60 5.860198687939505e-07 8.557181526966162e-07 2447293.418904844 2016
63 4.402340430068732e-07 7.162032079363235e-07 2283937.745392208 1640
66 3.222179333947421e-07 4.747027711616502e-07 2345078.552419425 1056
69 2.058318369091267e-07 3.471370006639174e-07 2386651.202439413 683
72 8.913554510794241e-08 1.723545726157828e-07 2092454.551871264 350
75 5.082442037622308e-08 1.181243046336103e-07 2338203.788449384 192
78 1.489658771493964e-08 1.949760373762916e-08 2069129.709120576 44
81 6.492364708971136e-09 9.486891521629219e-09 1616824.101294295 25


3 8.268026156070153e-10 1.534033223280456e-09 9051998.354623403 18
6 7.236750507699331e-09 7.476728301008407e-09 8316653.198096452 62
9 1.683217122096891e-08 1.488649292275688e-08 7593776.027032302 98
12 4.126796788157661e-08 4.940916952496276e-08 7535186.136811841 210
15 7.074589752995024e-08 8.138596477207823e-08 6074818.63629966 350
18 9.608192060433626e-08 1.222255765741629e-07 5633064.01080751 450
21 1.266076840425619e-07 1.533416575857961e-07 4635036.677391218 602
24 1.870570114733146e-07 2.023573611539692e-07 4471534.266986225 762
27 2.777498542490599e-07 3.459499053711326e-07 4229566.473673634 1142
30 3.074772110516422e-07 3.827706017939067e-07 3848536.473922415 1250
33 3.645283948844676e-07 4.735951363374361e-07 3636724.364035573 1458
36 4.838692238221052e-07 5.946723233047888e-07 3454124.633683286 1814
39 5.808820337370689e-07 7.828190607008546e-07 3346405.918649183 2178
42 6.551777670351096e-07 9.356635501784464e-07 3153245.128559236 2498
45 7.050427594061335e-07 9.930200416786991e-07 2993482.196927219 2622
48 8.857187994149301e-07 1.245790238155099e-06 2893898.656255645 3191
51 8.785052467674691e-07 1.217513445392166e-06 2808475.081353172 3044
54 7.851322224295583e-07 1.136689717336558e-06 2700027.854969251 2736
57 6.130349549958739e-07 1.007247869148813e-06 2577304.966698878 2276
60 5.589436933143861e-07 8.896612514475804e-07 2473282.503416622 2016
63 4.481581647916167e-07 7.020089398096894e-07 2299619.279927045 1640
66 2.947488388300638e-07 5.035404211925989e-07 2354650.447582081 1056
69 1.897411892270615e-07 3.650275218186453e-07 2404047.903908098 683
72 9.258703741615332e-08 1.62641983488744e-07 2076284.323758793 350
75 5.731521325288259e-08 1.00423456103512e-07 2244329.613520003 192
78 1.433734788212072e-08 2.151595445202444e-08 2157879.316813678 44
81 5.140349996471424e-09 1.171011030744824e-08 1676972.31130519 25


3 8.222979944773745e-10 1.500082502957349e-09 8989420.437696053 18
6 7.167761309068489e-09 7.686634749228201e-09 8458941.379262447 62
9 1.649258992203284e-08 1.448797980101976e-08 7479401.328404598 98
12 4.0987675076004e-08 4.980289572050028e-08 7606668.996572214 210
15 7.056137728406375e-08 8.103834247744699e-08 6105650.584678079 350
18 9.366304238208071e-08 1.221828723946935e-07 5614154.420776155 450
21 1.242907878829362e-07 1.509796365350539e-07 4596443.768692695 602
24 1.802120771134837e-07 2.025133772031429e-07 4427054.662380488 762
27 2.767677266769558e-07 3.487491656342684e-07 4277116.903832623 1142
30 3.008246416151611e-07 3.838021873402905e-07 3847314.778470268 1250
33 3.642183893034524e-07 4.724956212586888e-07 3662380.623812031 1458
36 4.767535166736657e-07 5.797273161954467e-07 3413733.482564959 1814
39 5.804137902857076e-07 7.769618471577362e-07 3360723.617166569 2178
42 6.553683673234614e-07 9.15111462135021e-07 3142764.197118041 2498
45 7.010529542666016e-07 9.834829899417543e-07 2996128.91306404 2622
48 8.704735725330293e-07 1.253582001056054e-06 2906451.469957517 3191
51 8.384739380759415e-07 1.240133822310398e-06 2802215.41864908 3044
54 7.639340353233523e-07 1.154408128276846e-06 2714017.506358292 2736
57 6.416950932066589e-07 9.436136402128107e-07 2556274.691534685 2276
60 5.320270212099399e-07 9.278287456061799e-07 2504660.64014266 2016
63 4.474906712517681e-07 6.960435314119585e-07 2307304.077045805 1640
66 2.763010087543698e-07 5.248858240499248e-07 2372628.253664628 1056
69 1.934068342918617e-07 3.546422482233652e-07 2402267.820039188 683
72 9.409308901474944e-08 1.563974961092823e-07 2061854.750124916 350
75 6.537526183526325e-08 8.383902197405378e-08 2179138.384000564 192
78 1.309160114185047e-08 2.419899767581378e-08 2237334.46235617 44
81 5.614195839997479e-09 1.04413719287912e-08 1631210.77890433 25


3 7.526043272221791e-10 1.6308794945064e-09 9233829.070777019 18
6 7.226300569762631e-09 7.582244463390124e-09 8512278.247389946 62
9 1.585676471066108e-08 1.450608415633584e-08 7393058.432080938 98
12 4.090120173621309e-08 5.029593936808161e-08 7699352.544705837 210
15 7.028206145874082e-08 7.969063743786217e-08 6093163.739955222 350
18 9.176957466058455e-08 1.227117202209247e-07 5616881.938509819 450
21 1.225111590573305e-07 1.505974836569246e-07 4595380.772249547 602
24 1.752760923828244e-07 2.043210118371109e-07 4422696.93768893 762
27 2.746843303883865e-07 3.523673271115142e-07 4318911.13475456 1142
30 2.908624113704144e-07 3.83466990692266e-07 3814824.088309657 1250
33 3.681571561032411e-07 4.634093058064865e-07 3672373.951012713 1458
36 4.615647716859482e-07 5.798478209717168e-07 3388364.254072484 1814
39 5.806318080342391e-07 7.65238299594965e-07 3359947.870364637 2178
42 6.602101498098163e-07 9.049490729069161e-07 3157993.905256188 2498
45 6.948943671651842e-07 9.659281183840448e-07 2977321.899469127 2622
48 8.654002993063406e-07 1.26037928246195e-06 2929001.052723251 3191
51 8.003792744163019e-07 1.263068192883541e-06 2794149.656789842 3044
54 7.491311121813487e-07 1.146073062940288e-06 2699231.158763524 2736
57 6.533094821896593e-07 9.056487535251402e-07 2539648.824409422 2276
60 5.422387125315738e-07 8.987531635581238e-07 2494960.393011541 2016
63 4.28417920745238e-07 7.257190342665614e-07 2335406.205179156 1640
66 2.981321296945715e-07 4.806884369512449e-07 2341095.476195773 1056
69 2.14024041227865e-07 3.161052539398447e-07 2366879.662790248 683
72 9.151336868617654e-08 1.639883151925277e-07 2109073.668521627 350
75 5.433274719179745e-08 1.025276352294943e-07 2257112.379495569 192
78 1.306858563215609e-08 2.469400109892233e-08 2278077.396903637 44
81 5.827764963906549e-09 7.741629443547249e-09 1417742.316646847 25


3 7.067904572944479e-10 1.661758648660037e-09 9174201.220615979 18
6 7.462952021345248e-09 7.79329724512568e-09 8853306.857396554 62
9 1.516036663710917e-08 1.369568128740435e-08 7104504.796502306 98
12 4.121793965135233e-08 5.000396687068361e-08 7766494.748431515 210
15 6.842381124075425e-08 7.903907798409647e-08 6038358.679779108 350
18 9.089181608589316e-08 1.224670871737794e-07 5625628.513491666 450
21 1.202806566325606e-07 1.484184671898792e-07 4556460.826614806 602
24 1.656779638012762e-07 2.207065304756753e-07 4513571.959466525 762
27 2.725259731946906e-07 3.533954266220003e-07 4341930.889141804 1142
30 2.923114941685747e-07 3.718016218545845e-07 3791078.576662162 1250
33 3.568932379605278e-07 4.684071487135687e-07 3666240.429709942 1458
36 4.537659329404633e-07 5.912015564083911e-07 3421004.721821974 1814
39 5.636067307328466e-07 7.677097443046486e-07 3343340.596903401 2178
42 6.510313925640842e-07 9.064806110992883e-07 3162847.053997975 2498
45 6.890844669740902e-07 9.591758760236771e-07 2975792.746658427 2622
48 8.726491469026195e-07 1.263971321422757e-06 2964935.665532633 3191
51 7.959252205646157e-07 1.253946566953244e-06 2793311.566219096 3044
54 7.337030247853959e-07 1.132272801297267e-06 2673735.156068855 2736
57 6.29177619519232e-07 9.376358341316568e-07 2560845.397899295 2276
60 5.644237698628555e-07 8.542975942146094e-07 2484170.73120448 2016
63 4.340391151078834e-07 7.178286816222686e-07 2348039.440116918 1640
66 3.08323805115278e-07 4.397490535265517e-07 2280223.268284809 1056
69 2.065664023894009e-07 3.277738259644231e-07 2391767.469735161 683
72 9.395408113451267e-08 1.53528589464696e-07 2066838.869384883 350
75 5.016076914252151e-08 1.048491605705766e-07 2228029.431094696 192
78 1.31503211881935e-08 2.666470682588572e-08 2403737.219520696 44
81 5.018589390847401e-09 1.045244866815956e-08 1579002.933722549 25


3 6.624578945250139e-10 1.516666175054175e-09 8469093.038862525 18
6 7.254935015101878e-09 8.107983724925804e-09 8971197.992760807 62
9 1.411332961820191e-08 1.351451645011107e-08 6857654.655900732 98
12 4.232544046372245e-08 5.041889719426001e-08 7969131.58959076 210
15 6.710679168002688e-08 7.796317391790029e-08 5991100.175508088 350
18 8.520383414064803e-08 1.22380126873014e-07 5495769.681493169 450
21 1.16708660740155e-07 1.514257784639733e-07 4572256.910357242 602
24 1.551552803176639e-07 2.316066249294622e-07 4525116.552333109 762
27 2.710410582688994e-07 3.540666076549655e-07 4368479.770586049 1142
30 2.899914565888786e-07 3.737824865803733e-07 3816754.474130346 1250
33 3.496420170935384e-07 4.658390797869307e-07 3647835.340335268 1458
36 4.431827149700605e-07 5.977770501145867e-07 3428054.161990607 1814
39 5.55235336976006e-07 7.676759914660734e-07 3344396.532417994 2178
42 6.278473197984652e-07 9.070420698234933e-07 3133179.417225068 2498
45 6.760324848952651e-07 9.97857058990087e-07 3033864.444440303 2622
48 8.800770867933089e-07 1.215030225267217e-06 2936619.24450911 3191
51 8.128489292053864e-07 1.194422768320029e-06 2764785.013218614 3044
54 7.372715283303659e-07 1.132816547491862e-06 2698343.094215044 2736
57 5.89449109861578e-07 9.783748821639595e-07 2562671.386423859 2276
60 5.766579167890414e-07 8.293391171615843e-07 2487571.292430573 2016
63 4.554923830301795e-07 7.057310071360986e-07 2392633.406328015 1640
66 2.856575902901661e-07 4.561821701101703e-07 2260336.306520201 1056
69 1.901448941130733e-07 3.456388752554815e-07 2391335.968694777 683
72 8.864285367485922e-08 1.502577397324762e-07 2003065.055420835 350
75 5.294968887323e-08 9.552236731060728e-08 2167571.533087687 192
78 1.534186376506857e-08 2.340811647794584e-08 2403388.33671894 44
81 6.71676362360009e-09 1.005093870547685e-08 1765077.96957447 25


3 8.214229907128873e-10 1.628108259097413e-09 9630630.215205353 18
6 6.656044691243964e-09 7.636702652553223e-09 8409952.463037625 62
9 1.389555687070951e-08 1.409468467420123e-08 6995540.109050123 98
12 4.307528611180348e-08 4.93698434710355e-08 8030229.331182732 210
15 6.693600664788234e-08 7.420823427406372e-08 5896680.676594431 350
18 8.377210485274081e-08 1.234703841125147e-07 5519087.097449809 450
21 1.153179170066333e-07 1.471990487169453e-07 4517273.6917313 602
24 1.464296587525271e-07 2.292976106080346e-07 4415055.13204471 762
27 2.677660060927398e-07 3.509805753311247e-07 4358153.871910233 1142
30 2.925266077023308e-07 3.763018136369301e-07 3877900.102649033 1250
33 3.451415939923154e-07 4.599519541326092e-07 3630138.135081195 1458
36 4.292758250614902e-07 5.952381189921079e-07 3394832.689317659 1814
39 5.442381982476104e-07 7.738725984134444e-07 3352272.725130599 2178
42 6.333268583164723e-07 9.07909007557068e-07 3171525.8733461 2498
45 6.581816892333734e-07 1.011966097249975e-06 3041477.383673647 2622
48 8.539960259743809e-07 1.20470011074296e-06 2904151.368837745 3191
51 8.061359088978041e-07 1.189554251961986e-06 2768776.057112475 3044
54 7.295547016314613e-07 1.139749422894039e-06 2713743.974706912 2736
57 5.746795249976788e-07 9.789387063407055e-07 2552246.992223679 2276
60 5.385109931098279e-07 8.951082254511585e-07 2529295.996758111 2016
63 4.509132941633177e-07 7.064667550937088e-07 2400347.023169676 1640
66 2.634987035390291e-07 4.7681447204449e-07 2250728.82607343 1056
69 1.810116714173741e-07 3.694002826306874e-07 2451365.824278759 683
72 8.319155371874519e-08 1.605218418325624e-07 2036959.634476817 350
75 5.643903219574005e-08 8.029696376892627e-08 2049050.40964691 192
78 1.587656905794841e-08 2.362106131724082e-08 2474019.960614089 44
81 5.641922919431102e-09 1.128944818938417e-08 1752431.740440458 25


3 8.972406999719369e-10 1.325744299478078e-09 8951639.482618663 18
6 6.613535354950092e-09 7.672933520703407e-09 8472580.203751106 62
9 1.392046323667577e-08 1.342412413719666e-08 6915514.469200471 98
12 4.38794208858259e-08 4.949412851126085e-08 8188041.030141316 210
15 6.576381332361059e-08 7.27660973515404e-08 5838074.490672348 350
18 8.417713950568382e-08 1.165762463643937e-07 5409354.976679711 450
21 1.155236297472367e-07 1.461873075611453e-07 4543166.404399282 602
24 1.429880430725735e-07 2.261931390420716e-07 4369742.700889273 762
27 2.650654068297866e-07 3.514947686766359e-07 4375545.997210846 1142
30 2.834624108522643e-07 3.841507663859927e-07 3890076.205283242 1250
33 3.454731693857211e-07 4.750482881170912e-07 3722722.511065255 1458
36 4.19032662365542e-07 5.883763991487657e-07 3362627.005798604 1814
39 5.407923958977687e-07 7.535572087068858e-07 3323091.993982741 2178
42 6.317811186679031e-07 8.868061035661934e-07 3154765.101941034 2498
45 6.670932839017632e-07 9.925770556583201e-07 3053394.008241769 2622
48 8.10160713481246e-07 1.273722290263334e-06 2941477.71789341 3191
51 7.689198868299626e-07 1.226594875487019e-06 2775573.529891633 3044
54 7.369053419342585e-07 1.144281982718507e-06 2754038.840235117 2736
57 5.71297815067091e-07 9.608196913688396e-07 2539054.721164603 2276
60 5.055485283944067e-07 8.921453014669133e-07 2474507.304557144 2016
63 4.331347421429308e-07 7.448819023434288e-07 2445277.169587216 1640
66 2.506232762173185e-07 4.979017918979354e-07 2277333.515295271 1056
69 1.98675424735591e-07 3.09795234528333e-07 2330476.619741874 683
72 8.481201568343847e-08 1.581093784928939e-07 2051661.597336374 350
75 5.013938574985649e-08 8.72142581186906e-08 2040418.801136781 192
78 1.445601473269838e-08 2.467977585167966e-08 2442114.743640908 44
81 4.179634994331139e-09 1.312813734554736e-08 1742841.51326393 25


3 1.063642886942542e-09 1.302539789998969e-09 9713132.708335077 18
6 6.006288368404282e-09 7.263090107331776e-09 7914073.790476292 62
9 1.418541405019431e-08 1.442706609886895e-08 7266651.215909166 98
12 4.19499402438913e-08 4.752541587693209e-08 7905282.233664573 210
15 6.641221108301628e-08 7.198165926303005e-08 5884378.548358119 350
18 8.513193066824491e-08 1.086934888015608e-07 5292205.429301344 450
21 1.150368713538004e-07 1.531207576933882e-07 4680082.781986735 602
24 1.421832936241558e-07 2.224622638350435e-07 4358399.601198142 762
27 2.65323795062525e-07 3.401911391177229e-07 4342056.23676124 1142
30 2.805638642627906e-07 3.722361352777782e-07 3841026.179057096 1250
33 3.422652451169592e-07 4.597638035896115e-07 3675130.143947128 1458
36 4.019415627075218e-07 6.158931162522534e-07 3408503.712373936 1814
39 5.379722099499596e-07 7.394698505185697e-07 3310584.102808767 2178
42 6.35429253020916e-07 8.734228137174324e-07 3165607.056296136 2498
45 6.925340754936048e-07 9.522805153046751e-07 3068220.171975017 2622
48 8.033967929206177e-07 1.265062074444504e-06 2945695.016529938 3191
51 7.553424078300928e-07 1.20978752482242e-06 2757264.954184777 3044
54 7.222452870498286e-07 1.15619304219343e-06 2768674.023322741 2736
57 5.902324465522427e-07 9.062319204050775e-07 2518561.756645628 2276
60 5.102996254248785e-07 8.725174548471437e-07 2476539.598827057 2016
63 4.213298583408609e-07 7.494820003124956e-07 2446820.387188206 1640
66 2.667414153973741e-07 4.629202536391755e-07 2263632.893304638 1056
69 1.964006267889863e-07 3.049462336622225e-07 2318573.37136297 683
72 8.961510715608884e-08 1.500484948585627e-07 2060084.330014477 350
75 4.727650059954985e-08 9.745983000814584e-08 2141282.549769587 192
78 1.35172884230556e-08 2.577924458743823e-08 2452525.504712299 44
81 7.919562577745154e-09 8.26894294112709e-09 1801324.141289458 25


3 1.09050288206193e-09 1.272639409381801e-09 9801652.665904325 18
6 5.966106565150114e-09 7.343659382981765e-09 7996295.416714847 62
9 1.383163647626199e-08 1.523199218265921e-08 7401670.095722804 98
12 3.852773038770571e-08 4.49095144265159e-08 7416890.885836964 210
15 6.89692989379562e-08 7.762295240546824e-08 6265634.919320015 350
18 8.438240119802188e-08 1.078619638599287e-07 5293681.512828816 450
21 1.185681518985341e-07 1.373230497642173e-07 4536236.285934785 602
24 1.421177560174182e-07 2.085851436380671e-07 4248467.938106747 762
27 2.688316992023227e-07 3.306533390721684e-07 4344418.264459508 1142
30 2.80098913921507e-07 3.641308958573432e-07 3827934.994029579 1250
33 3.425441063797557e-07 4.47819371120675e-07 3658971.486556677 1458
36 3.877984853607189e-07 6.080482966041161e-07 3364508.108407659 1814
39 5.332503979882401e-07 7.19284721393032e-07 3278509.313406559 2178
42 6.305340051023699e-07 8.824985558543166e-07 3199622.974809495 2498
45 6.908194029218496e-07 9.580236866542465e-07 3101590.311324974 2622
48 8.126700459052656e-07 1.222696215854397e-06 2935351.797255102 3191
51 7.638872743972737e-07 1.179002636016106e-06 2759745.59609566 3044
54 7.260331565780915e-07 1.11871417914544e-06 2752770.517462492 2736
57 5.871024199013283e-07 9.012537300288402e-07 2529105.811615587 2276
60 5.403928976476724e-07 8.282733458233595e-07 2493947.595071526 2016
63 4.283813772383523e-07 7.361460983460483e-07 2465402.175936755 1640
66 2.776977966714969e-07 4.250841050922524e-07 2221410.271788719 1056
69 1.866817450832941e-07 3.247690169823394e-07 2369359.359219519 683
72 8.771055522844218e-08 1.535912451723687e-07 2088539.135321032 350
75 5.270179944944741e-08 8.797386937390859e-08 2136808.786541628 192
78 1.347972521402978e-08 2.5616457324644e-08 2467405.027179841 44
81 7.168601237884439e-09 8.667836267058364e-09 1751851.0635411 25


3 1.160596621916215e-09 1.183087231193508e-09 9846569.677545218 18
6 6.187488259436806e-09 7.75513523937817e-09 8444251.210809931 62
9 1.355011374550431e-08 1.527413749197526e-08 7389457.249657203 98
12 3.765394110271981e-08 4.224403418195832e-08 7169371.162911816 210
15 6.715090991675499e-08 8.032653532916454e-08 6337638.373945381 350
18 8.454899514478357e-08 1.060289766569339e-07 5299092.079258174 450
21 1.158448442444829e-07 1.351275974060636e-07 4482993.751899156 602
24 1.483962376830701e-07 2.035067438873161e-07 4318966.904466866 762
27 2.660801960626441e-07 3.265969862862417e-07 4332025.633880881 1142
30 2.806184908992588e-07 3.554110948901522e-07 3817502.232327321 1250
33 3.459496771347674e-07 4.376305685601986e-07 3665493.848065231 1458
36 3.931686542974237e-07 5.806948950038832e-07 3334838.483170681 1814
39 5.113064904623023e-07 7.304892599279581e-07 3272764.022108813 2178
42 6.244180925020825e-07 8.629979306533806e-07 3177689.766350625 2498
45 6.680808235196354e-07 9.723589996635862e-07 3108381.002649254 2622
48 8.187532893308252e-07 1.19418566377535e-06 2937233.043441732 3191
51 7.877758649637361e-07 1.14406115363856e-06 2781006.089717632 3044
54 7.4636030533996e-07 1.082878855808627e-06 2766281.003661138 2736
57 5.794866243419671e-07 8.958130018934383e-07 2531880.406157957 2276
60 5.461847139291184e-07 8.210984673278098e-07 2519378.110874091 2016
63 4.50114795304275e-07 6.675775045234033e-07 2412140.466454727 1640
66 2.806304634602626e-07 4.269331403907399e-07 2259625.550517999 1056
69 1.783678849636712e-07 3.357989558984949e-07 2398148.234410239 683
72 9.005003429888097e-08 1.494118768009521e-07 2102525.54930612 350
75 5.051978613900748e-08 9.244220836100417e-08 2182369.206490113 192
78 1.525174737422169e-08 2.206950608256758e-08 2424907.441570061 44
81 4.634431064099163e-09 1.37145650828155e-08 1932603.786763833 25


3 1.222786867845916e-09 1.069392277533388e-09 9738041.843085792 18
6 6.249409949012083e-09 7.840498711430279e-09 8611531.39955885 62
9 1.341537116241726e-08 1.508607664860435e-08 7366602.872191118 98
12 3.797063323622263e-08 4.132868394315571e-08 7178707.936682526 210
15 6.540563839003056e-08 7.754591788544224e-08 6197891.344940355 350
18 8.486742362568666e-08 1.02719299853746e-07 5268456.302715566 450
21 1.150708562307523e-07 1.339951295461202e-07 4486422.289046271 602
24 1.541305667306819e-07 1.968596565760429e-07 4359120.541310744 762
27 2.660476302836719e-07 3.194384951511348e-07 4319947.225118176 1142
30 2.825681175286107e-07 3.470066625275568e-07 3816488.346811462 1250
33 3.458446110212937e-07 4.284992476401922e-07 3657195.414201683 1458
36 4.121926949965658e-07 5.49904440755352e-07 3339729.593675674 1814
39 5.115453451779403e-07 7.16981632522774e-07 3272362.291682703 2178
42 6.204092390658636e-07 8.298553582294327e-07 3131805.516569238 2498
45 6.568627377996198e-07 9.732302871760714e-07 3117918.262146089 2622
48 8.274798465873465e-07 1.153092730818504e-06 2923985.370422828 3191
51 8.060916216915632e-07 1.100012960181734e-06 2777922.368947507 3044
54 7.508755001756821e-07 1.075032863968817e-06 2789878.437872672 2736
57 5.775200245306531e-07 8.723049816099227e-07 2516327.401785894 2276
60 5.429786217551487e-07 8.099808032290088e-07 2518752.111014237 2016
63 4.633310765721009e-07 6.225379830323432e-07 2377160.241019812 1640
66 2.750767831419756e-07 4.445382459497131e-07 2314342.774320107 1056
69 1.944948770190982e-07 3.138820557361631e-07 2416917.508607151 683
72 9.018002100638381e-08 1.516951814384189e-07 2144564.324291671 350
75 5.224309041615853e-08 8.503533612140787e-08 2132409.646669062 192
78 1.434089696980523e-08 2.132196385335279e-08 2334651.868675115 44
81 5.210713213978116e-09 1.278738058298794e-08 1942157.490725103 25


3 1.196459668337234e-09 1.056553249157044e-09 9638813.915060308 18
6 6.058722649327416e-09 7.468369095583479e-09 8342432.954481963 62
9 1.334289687841757e-08 1.482998637510495e-08 7343131.727080362 98
12 3.746182084363282e-08 4.09953871790726e-08 7158815.686447802 210
15 6.542027291650947e-08 7.648512548915919e-08 6206247.280828872 350
18 8.568003686224962e-08 9.882874054326539e-08 5231942.079036638 450
21 1.156683754880047e-07 1.313624225031263e-07 4489484.776258409 602
24 1.588422323945772e-07 1.901644487009714e-07 4379154.248530474 762
27 2.665453728375443e-07 3.091605084490178e-07 4287347.58712562 1142
30 2.770514877732272e-07 3.442711720660733e-07 3797207.445461905 1250
33 3.411848803336988e-07 4.28181572145257e-07 3663253.276973692 1458
36 4.240100796547516e-07 5.196517337772951e-07 3312536.565651224 1814
39 5.144503370632845e-07 7.09048576997336e-07 3289814.608534364 2178
42 6.092648357135049e-07 8.306542305958501e-07 3134781.046874892 2498
45 6.62286851085921e-07 9.598769536380145e-07 3133331.705089726 2622
48 8.296899245383663e-07 1.133218683902928e-06 2925551.072474281 3191
51 8.032932067424726e-07 1.078534648604551e-06 2768054.928098497 3044
54 7.381320170930138e-07 1.082451101854216e-06 2804010.663052043 2736
57 5.778523354641114e-07 8.603456975978895e-07 2520209.323835189 2276
60 5.177825653665291e-07 8.26631835583583e-07 2518500.18663927 2016
63 4.310238592382567e-07 6.570986945525658e-07 2389546.25912171 1640
66 2.791543549243986e-07 4.381601937164222e-07 2331243.919328733 1056
69 2.006319410780132e-07 2.974830077444955e-07 2399082.610617524 683
72 9.291313151517439e-08 1.473299964798358e-07 2155943.236034151 350
75 5.473981121750225e-08 8.018332747123211e-08 2126097.736333215 192
78 1.244058413441589e-08 2.506826837245582e-08 2438720.49723992 44
81 7.280593336514684e-09 1.030253360636803e-08 1973129.724725503 25


3 1.172198817547908e-09 9.651274154684139e-10 9239036.838568661 18
6 5.800348558728428e-09 7.252717969842421e-09 8109737.508879945 62
9 1.312155438124045e-08 1.43201287245224e-08 7213219.749921918 98
12 3.677585302389804e-08 4.022564040433278e-08 7082964.554905422 210
15 6.453197491721562e-08 7.631210701505616e-08 6206779.904819014 350
18 8.638154704932806e-08 9.772454780375099e-08 5264868.412360762 450
21 1.170757478694246e-07 1.291610303355499e-07 4514453.180863237 602
24 1.631958702999741e-07 1.803343988959143e-07 4354041.549554662 762
27 2.655166428608417e-07 3.01313844419823e-07 4257541.845474337 1142
30 2.73537734359736e-07 3.415121575000324e-07 3787696.141790213 1250
33 3.304826167960374e-07 4.373911437590642e-07 3678698.944262397 1458
36 4.244565988445482e-07 5.025527201139441e-07 3283163.238949404 1814
39 5.190132451279911e-07 7.004734970546009e-07 3306139.633209218 2178
42 5.996605081560311e-07 8.391416029744593e-07 3153477.305040025 2498
45 6.683214256134192e-07 9.469828953357941e-07 3145924.799916661 2622
48 8.232714490069535e-07 1.124644487972585e-06 2925398.60802734 3191
51 7.746992178402908e-07 1.097519960064207e-06 2769488.675016803 3044
54 7.214805684364772e-07 1.093958334903207e-06 2813443.172269894 2736
57 5.795956180958702e-07 8.58472600859343e-07 2539420.619914087 2276
60 5.007412122941231e-07 8.38443046587186e-07 2522190.332076136 2016
63 3.901970238971707e-07 7.08774650898115e-07 2413006.46588442 1640
66 2.79094985533783e-07 4.378687905484935e-07 2347497.984234089 1056
69 1.878376154493316e-07 3.075114387918469e-07 2392449.976912303 683
72 9.039551788600782e-08 1.484779648211906e-07 2155858.252727586 350
75 4.829592734588181e-08 9.060096993684131e-08 2177357.184575513 192
78 1.290116974864603e-08 2.247075337433871e-08 2334018.099633312 44
81 8.574919825732062e-09 8.955703869585817e-09 2017167.91264403 25


3 1.142061854685961e-09 8.58822429720018e-10 8767963.007498613 18
6 5.569780993673088e-09 7.160543626222771e-09 7957927.506209126 62
9 1.283608859616197e-08 1.409732296827218e-08 7136893.267666455 98
12 3.530058650528959e-08 3.990748643265872e-08 6967660.747601328 210
15 6.35406914327054e-08 7.63587325877804e-08 6208755.65423508 350
18 8.849362693651371e-08 9.637981402550016e-08 5336445.550176812 450
21 1.161537589925133e-07 1.285000649100229e-07 4522079.400436483 602
24 1.650100751966463e-07 1.752834008163239e-07 4354960.360962813 762
27 2.643898751414231e-07 2.993127444908127e-07 4268609.853385177 1142
30 2.673151786955761e-07 3.406960725507199e-07 3768690.021283081 1250
33 3.236809630740741e-07 4.481236463490052e-07 3716399.11001126 1458
36 4.175218760158863e-07 4.895560222589098e-07 3238927.897507295 1814
39 5.248673345068362e-07 6.898376241576402e-07 3319023.661935555 2178
42 5.946358313608506e-07 8.292610815554758e-07 3141581.27089683 2498
45 6.756147101216955e-07 9.365253075830505e-07 3163006.522671047 2622
48 8.164464865053638e-07 1.112670406678181e-06 2917201.301600683 3191
51 7.47598855577481e-07 1.118001139016749e-06 2770989.27497439 3044
54 7.082340363554944e-07 1.06931290375478e-06 2772070.441017617 2736
57 5.839116107320171e-07 8.482811226219963e-07 2547489.315598333 2276
60 5.103526144547418e-07 8.142992424680058e-07 2514500.501973074 2016
63 3.977591782032537e-07 6.945877409557479e-07 2415205.313041718 1640
66 2.771242485102653e-07 4.444310776904763e-07 2374170.69293885 1056
69 1.848204523639248e-07 2.997332091730253e-07 2355313.39667731 683
72 8.495948891145369e-08 1.527196968385632e-07 2146729.560091014 350
75 4.763785927872343e-08 8.941700826048491e-08 2159341.157682301 192
78 1.416640731646077e-08 2.027602886824878e-08 2313398.124192405 44
81 6.07116818175559e-09 1.418532771304055e-08 2236329.17869147 25


3 1.146359423125002e-09 8.034789432579849e-10 8680293.414165678 18
6 5.358413964715694e-09 7.303355764587746e-09 7949230.606857443 62
9 1.235068162353925e-08 1.329330339298859e-08 6860378.830801514 98
12 3.419639126840007e-08 3.975925341982963e-08 6900689.626526401 210
15 6.207838089202303e-08 7.732432225549946e-08 6224526.229601573 350
18 8.787662871061047e-08 9.636075495846161e-08 5363412.151307488 450
21 1.125417866244256e-07 1.291513097413865e-07 4498541.528742911 602
24 1.663686021714301e-07 1.71814529250299e-07 4373430.791593796 762
27 2.597060089635449e-07 2.9728739789302e-07 4251436.216339359 1142
30 2.572798194421967e-07 3.477068368488547e-07 3766450.92623882 1250
33 3.207180839064247e-07 4.559439537046726e-07 3758898.977487966 1458
36 4.160819814309724e-07 4.781758314945239e-07 3222718.513919642 1814
39 5.248597508686745e-07 6.878485288018071e-07 3337459.165818586 2178
42 5.822825682986261e-07 8.272221500670208e-07 3127006.207946797 2498
45 6.72113499206618e-07 9.291385030131964e-07 3162912.556756574 2622
48 7.999010529746675e-07 1.119306184261006e-06 2917882.609415077 3191
51 7.303576749961433e-07 1.120480523727376e-06 2761571.037391649 3044
54 7.09534908995283e-07 1.064127591806023e-06 2783587.515748032 2736
57 5.704604731136818e-07 8.707010329819555e-07 2572347.889029577 2276
60 5.308158088871167e-07 7.680035210868389e-07 2493871.062755463 2016
63 4.313021111520457e-07 6.416719460515928e-07 2407305.099680698 1640
66 2.720521335933212e-07 4.557623659418504e-07 2401727.994266905 1056
69 1.796137940453963e-07 2.930978358363086e-07 2309784.259478386 683
72 8.270940554560843e-08 1.446502754875826e-07 2067154.801828118 350
75 5.118319992242351e-08 8.804816053972097e-08 2216639.119837877 192
78 1.401100993750705e-08 2.376600706922014e-08 2524490.344417148 44
81 5.580747288888755e-09 1.675417081002302e-08 2433674.847303743 25


3 1.130510051230819e-09 8.015366953495018e-10 8708373.341729794 18
6 5.264792337846925e-09 6.992325987752292e-09 7758956.829345742 62
9 1.177105702569257e-08 1.476685493052499e-08 7105187.833742285 98
12 3.371477436535429e-08 4.005040043264122e-08 6932857.669286886 210
15 6.269378189399349e-08 7.606927039020618e-08 6253215.711169012 350
18 8.676006619991496e-08 9.53950353942716e-08 5349767.261549918 450
21 1.086369109643723e-07 1.309325699479721e-07 4485103.646514305 602
24 1.616563272644527e-07 1.691712007929855e-07 4316113.132273661 762
27 2.595865884982922e-07 2.948359693975548e-07 4270416.11262945 1142
30 2.548451719297717e-07 3.538028779353726e-07 3810540.957202794 1250
33 3.168078201976598e-07 4.39499038240118e-07 3690312.884697136 1458
36 4.034239147182125e-07 5.096074602181891e-07 3300248.717510893 1814
39 5.132365239810695e-07 6.921367367734894e-07 3336523.027879858 2178
42 5.849861058821762e-07 8.112792627890915e-07 3123592.533800761 2498
45 6.637543365947023e-07 9.074299238243782e-07 3127920.365868836 2622
48 7.861360161055147e-07 1.12297593434756e-06 2919308.818751778 3191
51 7.385027391377875e-07 1.089641635794291e-06 2752004.957541368 3044
54 7.184686376637848e-07 1.035870126838216e-06 2778702.856467726 2736
57 5.454764227396223e-07 9.00282171248768e-07 2583796.416635999 2276
60 5.147340533418981e-07 7.796450641501369e-07 2494796.555613944 2016
63 4.402424188363363e-07 6.480615049022959e-07 2460265.902550268 1640
66 2.753774548615018e-07 4.523492180077272e-07 2419167.958828423 1056
69 1.643384114201394e-07 3.086546457592171e-07 2301914.907646618 683
72 8.218978229223084e-08 1.343087212210334e-07 1989821.665289945 350
75 5.37113372154166e-08 8.632792339733912e-08 2254477.951100885 192
78 1.351619531608213e-08 2.512179522879571e-08 2579637.541798869 44
81 7.771639273481029e-09 1.146957833967798e-08 2217416.896757578 25


3 1.128653462873312e-09 8.599847744750706e-10 9023907.122292263 18
6 5.414640635588809e-09 7.066484959556945e-09 7968898.683717297 62
9 1.136411960072858e-08 1.459814718283272e-08 6996792.240184005 98
12 3.449242573720556e-08 4.068036169197562e-08 7126282.100879164 210
15 5.981054222128517e-08 7.615977196531543e-08 6159261.528647549 350
18 8.660284777815749e-08 9.554271999386877e-08 5394491.28797145 450
21 1.083479034010501e-07 1.303436340552704e-07 4505735.422036135 602
24 1.567141364179095e-07 1.670370641209781e-07 4256430.620719602 762
27 2.581047486882272e-07 3.047751753626483e-07 4361645.822489377 1142
30 2.512815860888462e-07 3.432069516650293e-07 3753648.036787963 1250
33 3.125448788238256e-07 4.274584648054974e-07 3641248.213141354 1458
36 3.880879540477906e-07 5.336968216239622e-07 3340206.653207029 1814
39 4.95106406174067e-07 7.080490650079695e-07 3343275.833025613 2178
42 5.811185716934561e-07 8.03326582199795e-07 3121350.701259534 2498
45 6.420846626263939e-07 9.19737159966476e-07 3123331.72490842 2622
48 7.627339291324519e-07 1.13465103812876e-06 2915072.475471477 3191
51 7.307136136836293e-07 1.086946131863522e-06 2754857.940502647 3044
54 6.946640113516052e-07 1.091168572499738e-06 2832532.786478739 2736
57 5.407203632092632e-07 8.834845886670733e-07 2564851.207994163 2276
60 4.800812457953798e-07 8.135261717618565e-07 2491129.185664658 2016
63 4.224358604169651e-07 6.776931034132309e-07 2489435.194661937 1640
66 2.812604754004801e-07 4.397633994379328e-07 2422914.777542317 1056
69 1.663860324095233e-07 3.018345178804965e-07 2299779.539207302 683
72 8.180851228525239e-08 1.427447295906512e-07 2067757.483957078 350
75 5.298590998998957e-08 8.190252858486558e-08 2194504.302603771 192
78 1.233527285636723e-08 2.643405555968464e-08 2575774.752046166 44
81 7.006278720521846e-09 1.05183288943624e-08 2031459.089820527 25


3 1.185005579844892e-09 8.123714999171717e-10 9184812.542808034 18
6 5.729565445168667e-09 6.764496212856153e-09 8087000.835668231 62
9 1.175885261839085e-08 1.565514124995536e-08 7431179.291373826 98
12 3.387669658654297e-08 3.964546930343841e-08 7027491.359643587 210
15 5.815627479377804e-08 7.383818733423571e-08 6027533.504884757 350
18 8.804169830709402e-08 9.685727242935511e-08 5519413.648479873 450
21 1.066139077360446e-07 1.215875147898076e-07 4355367.192979585 602
24 1.565272889157295e-07 1.723009577972432e-07 4348095.158565804 762
27 2.479240404661979e-07 3.083289253997942e-07 4330277.244436954 1142
30 2.473425479816565e-07 3.431495502105768e-07 3754563.396117699 1250
33 3.121221734719078e-07 4.228403710849635e-07 3647410.464513932 1458
36 3.721603765853837e-07 5.41842724840188e-07 3326407.645399848 1814
39 5.016183108536647e-07 6.982810135484291e-07 3366742.493211661 2178
42 5.712130909267265e-07 7.933855187671363e-07 3100124.840794265 2498
45 6.366481937427171e-07 9.257900315378609e-07 3146347.701890587 2622
48 7.538796148900262e-07 1.130675004030178e-06 2916995.131711214 3191
51 7.245160943737415e-07 1.072437102485703e-06 2746188.273265596 3044
54 6.743460530828037e-07 1.07462684915283e-06 2793690.918350267 2736
57 5.585814079343969e-07 8.42300601009407e-07 2557787.425544265 2276
60 4.70631880634155e-07 8.168431298313662e-07 2495208.102752286 2016
63 3.961116362442147e-07 6.935319995141727e-07 2469719.916091223 1640
66 2.763427425840312e-07 4.518717107921484e-07 2458295.932960771 1056
69 1.710227448936468e-07 2.771218565298533e-07 2238298.896928275 683
72 8.237814165000045e-08 1.587853397610478e-07 2221625.421582974 350
75 4.920535568556195e-08 9.045199468786736e-08 2258301.341078234 192
78 1.368375349673565e-08 2.700774590857859e-08 2744253.858134639 44
81 4.615213702987946e-09 1.293751380129185e-08 1951411.340770544 25


3 1.12391510280128e-09 8.080627917084367e-10 8897944.012054401 18
6 5.670242034707764e-09 6.899951712394468e-09 8184602.427511854 62
9 1.231015629554202e-08 1.56380661938823e-08 7657262.942743044 98
12 3.242457485284255e-08 4.147668623184694e-08 7083415.817515777 210
15 5.885847402613738e-08 7.11384098515912e-08 5998992.34892449 350
18 8.59135096941551e-08 9.336738187647662e-08 5392441.521369161 450
21 1.024732717950507e-07 1.200552552156536e-07 4271514.953820644 602
24 1.561770867245395e-07 1.629295889345752e-07 4261012.551652352 762
27 2.463826353090069e-07 3.129538512065422e-07 4383097.126673767 1142
30 2.525196902603855e-07 3.291790229858818e-07 3742856.641480396 1250
33 3.135820769088431e-07 4.080871000712993e-07 3619301.118248361 1458
36 3.64535057231222e-07 5.489204217373094e-07 3347361.016423441 1814
39 5.0582957425978e-07 6.736153827007796e-07 3345803.670373506 2178
42 5.77094297048515e-07 7.970469820646466e-07 3148998.21588358 2498
45 6.170350238919283e-07 9.288070677423499e-07 3133496.172540237 2622
48 7.473284915356793e-07 1.10425660159758e-06 2893910.689712681 3191
51 7.122014419630733e-07 1.08857094468563e-06 2770480.360711384 3044
54 6.7029986581945e-07 1.051140228125822e-06 2777713.122176052 2736
57 5.711888093532677e-07 8.383781807612903e-07 2600677.67272424 2276
60 4.745107763046471e-07 8.014057618611878e-07 2501121.124539193 2016
63 3.957957785235614e-07 6.933287121543406e-07 2492328.70637876 1640
66 2.52327329836391e-07 4.668721045776253e-07 2429505.883801216 1056
69 1.660055346495224e-07 2.773703165605857e-07 2229632.135530741 683
72 8.587316079339284e-08 1.494278581503285e-07 2205453.622627457 350
75 4.787623340495423e-08 9.501575202656934e-08 2320367.928671836 192
78 1.786616861550654e-08 1.897277692716107e-08 2632196.163712018 44
81 7.494452100760881e-09 8.114499933907365e-09 1888196.254896936 25


3 1.040460612907397e-09 7.873199246631149e-10 8420735.197903281 18
6 5.572325578145855e-09 6.882711575602563e-09 8169368.233913662 62
9 1.248217878574594e-08 1.61259231760571e-08 7898701.793467862 98
12 3.102601308720586e-08 4.109432516931305e-08 6961773.648218317 210
15 6.039299850377583e-08 7.003625405732657e-08 6076511.041829502 350
18 8.429764734735762e-08 8.794169599678815e-08 5224055.912203061 450
21 9.963447166782795e-08 1.158252465708922e-07 4168138.201533362 602
24 1.531655561415512e-07 1.646600423707201e-07 4264548.256618053 762
27 2.442267152511257e-07 3.084093924878161e-07 4367633.721578812 1142
30 2.545344958325872e-07 3.194708068546591e-07 3731126.55430008 1250
33 3.173057970827712e-07 4.032547002483773e-07 3648284.466273943 1458
36 3.650407644330822e-07 5.423132094114545e-07 3360400.062597955 1814
39 5.1048061183374e-07 6.506259650707783e-07 3329066.965105141 2178
42 5.753325055307848e-07 8.002551419673943e-07 3179543.211002658 2498
45 6.08293253614674e-07 9.074228547698354e-07 3104057.50574403 2622
48 7.493208855460277e-07 1.089038688030462e-06 2903170.23755398 3191
51 7.035294896919721e-07 1.070376800530518e-06 2756752.904037251 3044
54 6.759330360288946e-07 1.028880824294179e-06 2782938.998446683 2736
57 5.649949448131001e-07 8.225748478422792e-07 2584931.028809833 2276
60 4.958877270179577e-07 7.634796070570189e-07 2507875.014227327 2016
63 4.049018188428365e-07 6.57035644967679e-07 2467444.801185348 1640
66 2.595582808286506e-07 4.509736973484699e-07 2436622.998211429 1056
69 1.719871047372729e-07 2.626526988098597e-07 2220320.534986869 683
72 8.156801921002731e-08 1.440301015054495e-07 2134999.878720361 350
75 5.203137552672938e-08 9.020154721894513e-08 2356867.17673618 192
78 1.405424518917613e-08 2.559211126695063e-08 2745736.73493561 44
81 6.72255514236023e-09 1.05176800705945e-08 2043639.652887358 25


3 1.017228833883745e-09 8.226284976793486e-10 8487433.243895458 18
6 5.393628928964726e-09 7.033375952463919e-09 8208307.570815695 62
9 1.24062366798343e-08 1.590682393876172e-08 7890258.667737333 98
12 3.05467353543495e-08 4.010125826491902e-08 6885437.566955719 210
15 6.113596566255864e-08 6.762488753873557e-08 6054452.448452223 350
18 8.217609082161852e-08 8.918313954753697e-08 5225563.129733866 450
21 9.868280441026093e-08 1.137742781065748e-07 4143336.913792694 602
24 1.532365645426433e-07 1.668495685147199e-07 4322884.513599871 762
27 2.402691175755917e-07 3.063981716819546e-07 4356656.981665515 1142
30 2.567388492892581e-07 3.102566861772178e-07 3721860.417101758 1250
33 3.192054776972563e-07 3.897027044045736e-07 3625422.634152157 1458
36 3.67408550685222e-07 5.346595423885098e-07 3377904.582669882 1814
39 5.011551732561407e-07 6.589975088424271e-07 3351117.21406844 2178
42 5.77011681464813e-07 7.797053923301662e-07 3169171.652084875 2498
45 6.112856465462857e-07 8.78743512109828e-07 3087064.900035612 2622
48 7.536674577213138e-07 1.084863418060209e-06 2933207.517326246 3191
51 7.079312661184875e-07 1.034645191247055e-06 2740460.91668612 3044
54 6.866678594550766e-07 1.004387653188002e-06 2793402.630127915 2736
57 5.305392920112481e-07 8.47687427887584e-07 2581765.787581812 2276
60 5.080095530773943e-07 7.309653997351157e-07 2500042.337871395 2016
63 4.197325004432483e-07 6.331642037672955e-07 2480999.993644922 1640
66 2.76873655507375e-07 4.215801804732342e-07 2437714.136922102 1056
69 1.683745815192946e-07 2.75310596341014e-07 2280734.023042193 683
72 8.283484292764915e-08 1.357335050347056e-07 2099827.065940444 350
75 5.223729161287423e-08 9.052152028484139e-08 2391466.792722173 192
78 1.345896578723607e-08 2.666352607599078e-08 2797647.802171397 44
81 6.673438095032689e-09 1.221555626850728e-08 2240203.353182107 25


3 1.03127244627376e-09 8.148727006529963e-10 8565446.675881393 18
6 5.288600611327882e-09 7.165803018848042e-09 8294681.579178162 62
9 1.224309002129396e-08 1.515143132486766e-08 7708460.187823601 98
12 3.013103263128196e-08 3.973025081217072e-08 6870356.730766231 210
15 6.105715550515382e-08 6.512740229347267e-08 5983938.956997953 350
18 8.211527957881424e-08 8.803599004537911e-08 5229392.752328791 450
21 9.946596658773314e-08 1.124192320532588e-07 4167332.494271929 602
24 1.532119451244899e-07 1.646278777372533e-07 4326293.460142754 762
27 2.353044900447842e-07 3.070482853688445e-07 4357905.121203098 1142
30 2.586606187552664e-07 3.056365966689536e-07 3737136.030219109 1250
33 3.196055445428311e-07 3.839878576476303e-07 3629893.681711944 1458
36 3.707952255837753e-07 5.219573377181003e-07 3378649.538455275 1814
39 4.896565546972788e-07 6.608561127582713e-07 3350404.501386138 2178
42 5.756389262491541e-07 7.679617561748198e-07 3168204.73736633 2498
45 6.310219828675014e-07 8.375971199912556e-07 3079179.10086056 2622
48 7.593100884365824e-07 1.074485562057831e-06 2954984.491310196 3191
51 7.221573246385869e-07 9.849611894661172e-07 2716571.855952759 3044
54 6.965158026135577e-07 9.674487201858144e-07 2779712.778280796 2736
57 5.290700884213799e-07 8.351619429157826e-07 2582543.770116006 2276
60 5.062531923491383e-07 7.226674033245399e-07 2503323.742565887 2016
63 4.386167279303362e-07 6.027165719526992e-07 2486380.367012886 1640
66 2.815052351030274e-07 4.032922498894743e-07 2418919.337259142 1056
69 1.607850005551086e-07 2.876988528602709e-07 2319550.932170843 683
72 8.400275423862162e-08 1.309742200994355e-07 2090530.214352913 350
75 5.34124059060697e-08 8.902828359512094e-08 2414957.202203731 192
78 1.51370511919734e-08 2.353801999657392e-08 2759030.804312497 44
81 6.276963834792125e-09 1.384997728211449e-08 2390529.807249767 25


3 1.083575928637067e-09 7.994165736870537e-10 8811203.031253129 18
6 5.418410729067599e-09 7.278652624373206e-09 8525636.921495292 62
9 1.224975250514605e-08 1.434434569922314e-08 7550699.402359782 98
12 2.992874475345649e-08 3.944698305867689e-08 6877245.96262194 210
15 6.005237012494586e-08 6.37757578319671e-08 5917936.267174416 350
18 8.160502037043e-08 8.615464104633825e-08 5197198.868724087 450
21 9.982032601188801e-08 1.112062717750872e-07 4184004.382335145 602
24 1.50917446214871e-07 1.634227148443979e-07 4310800.032803404 762
27 2.3160728034143e-07 3.066135372223288e-07 4357825.98965715 1142
30 2.59684621628484e-07 3.016273182505679e-07 3747979.813917209 1250
33 3.184315204001386e-07 3.803293151002022e-07 3633736.391431094 1458
36 3.780701721783371e-07 5.018098385682792e-07 3361888.532953681 1814
39 4.835041265136705e-07 6.565847592132241e-07 3346083.42115245 2178
42 5.762029834295323e-07 7.541003171527777e-07 3163563.313818648 2498
45 6.438262096450526e-07 8.101751999096173e-07 3077609.787792592 2622
48 7.672857649196934e-07 1.045669911701481e-06 2948312.302569287 3191
51 7.305401912458043e-07 9.636780710316265e-07 2720455.887021935 3044
54 6.876214463432515e-07 9.531966216121823e-07 2763107.426446547 2736
57 5.416779363048977e-07 8.112136392005626e-07 2586791.214472671 2276
60 4.84269436124947e-07 7.474085400798186e-07 2521787.691003479 2016
63 4.344913098150089e-07 6.008565786371289e-07 2491019.861930104 1640
66 2.753489903971662e-07 4.045298906859594e-07 2418207.761599903 1056
69 1.655836083656085e-07 2.754958528135425e-07 2307227.020184875 683
72 8.474515188881988e-08 1.266283193541195e-07 2076002.905188366 350
75 5.216623581338701e-08 8.937946002809699e-08 2416395.556670826 192
78 1.516877347445396e-08 2.293225420040114e-08 2743568.240573025 44
81 7.460030665556924e-09 1.205421902425861e-08 2372962.543694216 25


3 1.148325675567972e-09 7.822989678867048e-10 9140090.477010729 18
6 5.420574379483478e-09 7.297265668774094e-09 8595142.504066501 62
9 1.203479784573995e-08 1.418055656338265e-08 7496472.964334402 98
12 2.908395989653474e-08 3.934782225282422e-08 6824536.864693835 210
15 5.8443388825503e-08 6.287961337241131e-08 5841871.63295857 350
18 7.997009292601677e-08 8.679012818737549e-08 5203228.170101117 450
21 9.878269375436147e-08 1.120370199243251e-07 4209771.653824257 602
24 1.464027323324948e-07 1.653000005418206e-07 4302926.94730157 762
27 2.284331508714097e-07 3.086080321033752e-07 4375129.982361132 1142
30 2.605139819889193e-07 2.984145136789899e-07 3761391.009656554 1250
33 3.140396294983932e-07 3.803342576362146e-07 3635838.007768097 1458
36 3.86638776125291e-07 4.815235140364206e-07 3346240.208867034 1814
39 4.775028198948445e-07 6.621422037873879e-07 3364992.030245549 2178
42 5.709074886670503e-07 7.465420157723074e-07 3154779.499357315 2498
45 6.457714780167696e-07 7.98456772258707e-07 3080635.247576533 2622
48 7.639609392446825e-07 1.024373174294157e-06 2929685.927971759 3191
51 7.250460072983908e-07 9.720242881356411e-07 2742375.802665365 3044
54 6.651763200282249e-07 9.601458418435424e-07 2751239.652157294 2736
57 5.515815300655371e-07 7.78167213131246e-07 2565039.045496845 2276
60 4.709335946486035e-07 7.58032930814701e-07 2527852.370996454 2016
63 4.05930360929576e-07 6.293830683673579e-07 2495657.162714564 1640
66 2.606827956826528e-07 4.158462376472249e-07 2413354.079049799 1056
69 1.776148360212567e-07 2.628487836892416e-07 2330853.499307918 683
72 8.276004499470505e-08 1.296856987683306e-07 2095534.152486102 350
75 5.25842274046574e-08 8.626967217691994e-08 2390176.646706864 192
78 1.362426254267754e-08 2.737863573206213e-08 2928944.703714594 44
81 7.869420725999393e-09 1.124548563891801e-08 2355157.12174796 25


3 1.189006399886263e-09 8.665250248305036e-10 9832110.351678422 18
6 5.341906111774776e-09 7.104278249770667e-09 8464524.998646254 62
9 1.183524928676126e-08 1.413239171164393e-08 7475682.198176326 98
12 2.839949783870155e-08 3.980526760322054e-08 6833405.427068306 210
15 5.650300774481022e-08 6.315008743932215e-08 5800581.009933164 350
18 7.699189086817676e-08 8.714203925618937e-08 5154836.880801421 450
21 9.728859925042086e-08 1.125444919612437e-07 4219154.913149061 602
24 1.394449519879987e-07 1.699800394230629e-07 4292243.319879801 762
27 2.225217471405859e-07 3.079220139672509e-07 4343426.826632123 1142
30 2.578720823804819e-07 3.01092421708184e-07 3787555.256164864 1250
33 3.067865042156773e-07 3.845239869780011e-07 3640701.796656405 1458
36 3.92976217142313e-07 4.769470031695398e-07 3379697.657495962 1814
39 4.763239387294536e-07 6.593546655511006e-07 3373449.508293624 2178
42 5.600494197080113e-07 7.480268005583267e-07 3149953.063414817 2498
45 6.330533765080087e-07 8.030423798077914e-07 3081588.069162053 2622
48 7.494052851407058e-07 1.028202551013955e-06 2927729.515385759 3191
51 7.060937214131868e-07 9.967631838849221e-07 2762889.894509543 3044
54 6.452819841088622e-07 9.836596720002027e-07 2766325.471556431 2736
57 5.453942296561823e-07 7.605648858807095e-07 2536009.512349807 2276
60 4.699435689177045e-07 7.420415325580613e-07 2507858.92987078 2016
63 3.815834112131616e-07 6.577365493806863e-07 2505241.360420956 1640
66 2.558787621818046e-07 4.225622927996714e-07 2428471.876206011 1056
69 1.848220269232054e-07 2.551558929554612e-07 2351348.992030317 683
72 7.574237485448036e-08 1.361099036920148e-07 2085047.309207046 350
75 5.396138622477136e-08 8.015676385157205e-08 2334618.018390218 192
78 1.555026917590232e-08 2.477092871198752e-08 2931610.645555485 44
81 6.823716080603569e-09 1.249909216262089e-08 2359081.581788963 25


3 1.276386422482997e-09 9.213816678696216e-10 10648573.20469564 18
6 5.240910218854142e-09 6.885635897910075e-09 8303748.415190743 62
9 1.141235493005582e-08 1.352500051321361e-08 7234793.665783718 98
12 2.925276635931156e-08 3.948172301218703e-08 6938211.009167803 210
15 5.567251874509246e-08 6.132766309330104e-08 5722006.68332768 350
18 7.50206122195747e-08 8.803674942735869e-08 5153656.249337577 450
21 9.819786486755957e-08 1.090583945256576e-07 4208082.574766809 602
24 1.36463418756595e-07 1.709969717688344e-07 4290678.75821508 762
27 2.211195445265088e-07 2.989339607956172e-07 4288979.667849581 1142
30 2.527407579129652e-07 3.092948684293226e-07 3829364.764781496 1250
33 3.050693696778076e-07 3.849987748216614e-07 3658872.977611326 1458
36 3.907395348934001e-07 4.870899559746673e-07 3431299.238784881 1814
39 4.744102825416825e-07 6.446125548725697e-07 3347865.548285318 2178
42 5.387559355216949e-07 7.488130257038118e-07 3114586.852130504 2498
45 6.06996643558952e-07 8.444088825730798e-07 3121309.78024883 2622
48 7.374195842057564e-07 1.045947585055484e-06 2950872.04254906 3191
51 6.819126783323716e-07 1.007461728547577e-06 2751153.282323279 3044
54 6.417522204432575e-07 9.961585409781253e-07 2794258.41705206 2736
57 5.254255137224008e-07 7.708825899872033e-07 2526060.70548574 2276
60 4.777776633783323e-07 7.294153505845816e-07 2516517.840433873 2016
63 3.818828002185313e-07 6.399407101756518e-07 2478822.60436552 1640
66 2.578148107702282e-07 4.166090480994751e-07 2429801.447660096 1056
69 1.670917004851788e-07 2.862139769997828e-07 2405191.408416244 683
72 7.460928382754232e-08 1.34825972593365e-07 2069997.541967022 350
75 4.872822449489313e-08 8.592465614619187e-08 2331274.69270823 192
78 1.622895423657052e-08 2.381346691496264e-08 2945129.5189191 44
81 5.805659710260577e-09 1.397902755524148e-08 2382780.689149952 25


3 1.231258956070374e-09 9.700742649944819e-10 10741961.77754134 18
6 5.17857815386865e-09 6.285868652351265e-09 7938229.222925387 62
9 1.17049579544934e-08 1.282824894468639e-08 7202963.481251236 98
12 2.95293964085018e-08 3.993160945399975e-08 7058385.858080658 210
15 5.535923366494162e-08 6.150239689828978e-08 5760595.905732457 350
18 7.329414793495789e-08 8.811947771520326e-08 5135414.061697325 450
21 9.669337413821563e-08 1.076005469106463e-07 4182206.581486925 602
24 1.346521512023051e-07 1.81079892128404e-07 4421621.858117362 762
27 2.232619121702929e-07 2.885351996243464e-07 4260542.860066281 1142
30 2.488179812961748e-07 3.091587203866472e-07 3827606.106769437 1250
33 2.92608470322298e-07 3.898045451168937e-07 3633831.428772317 1458
36 3.833250424030666e-07 5.066680396295229e-07 3493181.522504916 1814
39 4.640775970767181e-07 6.225613822602189e-07 3276033.050424583 2178
42 5.202595845187042e-07 7.69963198784244e-07 3130462.179689909 2498
45 5.884828544275471e-07 8.394054465050776e-07 3086992.677191856 2622
48 7.37024725110533e-07 1.022058662187102e-06 2934405.609588856 3191
51 6.65744288280832e-07 1.027639787375897e-06 2767841.79090519 3044
54 6.450645717864273e-07 9.731524185049657e-07 2782761.17667929 2736
57 5.10743610092554e-07 7.927480354074101e-07 2547350.948280043 2276
60 4.768977563844649e-07 7.29148701236049e-07 2529849.513220975 2016
63 3.932586519253959e-07 6.319683064333443e-07 2508577.698482758 1640
66 2.578340808439039e-07 4.02495674792659e-07 2399318.357178444 1056
69 1.608639120562353e-07 2.852023062221856e-07 2374654.646465927 683
72 8.521301720791695e-08 1.27583671023446e-07 2143967.002255828 350
75 4.436778823740568e-08 7.613670624368461e-08 2102449.740622904 192
78 1.509015298757782e-08 2.70651016271552e-08 3074166.912488285 44
81 7.756682037530864e-09 1.031253413402093e-08 2286190.447117498 25


3 1.08788656665132e-09 9.525522665254495e-10 9989258.756417088 18
6 5.312754278105926e-09 6.154532292010042e-09 8022141.713721944 62
9 1.144269681520256e-08 1.231289804308549e-08 7037553.632452982 98
12 2.81690645103162e-08 4.187242463863737e-08 7131069.904713914 210
15 5.434232465157583e-08 6.172523332912459e-08 5759578.17668689 350
18 7.280034118535755e-08 9.13948154920215e-08 5250981.457932962 450
21 9.665693680437176e-08 1.090263386133107e-07 4240821.209357085 602
24 1.319771050606369e-07 1.826646513120293e-07 4431134.620071893 762
27 2.209781352539264e-07 2.900266575257147e-07 4281737.451480832 1142
30 2.446849188545801e-07 3.034307771795584e-07 3788921.255170274 1250
33 2.827614507550337e-07 3.965851183682777e-07 3632924.628685013 1458
36 3.690517273075867e-07 5.143865899547521e-07 3481828.58183206 1814
39 4.594088483119278e-07 6.141399810567793e-07 3261210.196913974 2178
42 5.203673667742407e-07 7.641866008825783e-07 3140343.391584545 2498
45 5.707421121687489e-07 8.599664055826828e-07 3104487.845902779 2622
48 7.155885724925627e-07 1.034113092986946e-06 2932126.88326568 3191
51 6.502435176378509e-07 1.039151004839824e-06 2774330.205703447 3044
54 6.46470009652957e-07 9.391499475226018e-07 2753106.836528738 2736
57 4.969576066034495e-07 8.194118704420524e-07 2579892.092826908 2276
60 4.762524138781041e-07 7.245791250995036e-07 2537660.323565129 2016
63 3.962911943334627e-07 6.075573170581704e-07 2481736.610049982 1640
66 2.518815876802804e-07 4.154186631963311e-07 2431979.497440994 1056
69 1.634021356324473e-07 2.871901035249472e-07 2416414.108862891 683
72 7.765701554341197e-08 1.439316115092039e-07 2212358.841548038 350
75 4.14569300510163e-08 8.422507632740446e-08 2179611.852565691 192
78 1.254851380764142e-08 2.994003260546037e-08 3052629.586745046 44
81 7.149838066410696e-09 1.12906362607988e-08 2317536.473566434 25


3 9.826492779129764e-10 8.846529990661047e-10 9191160.395457435 18
6 5.568915457172371e-09 5.560803022684633e-09 7907124.619453235 62
9 1.098827228611902e-08 1.340700026512115e-08 7229687.188654076 98
12 2.665250241163002e-08 3.93876127585955e-08 6778557.66656822 210
15 5.324612056390426e-08 6.113323185094525e-08 5713906.108538229 350
18 7.419278477584558e-08 8.62709016529126e-08 5192580.406089256 450
21 9.791814745586524e-08 1.115716247805189e-07 4348506.869234338 602
24 1.302725957312699e-07 1.839619840533665e-07 4454482.639960611 762
27 2.185197582301165e-07 2.898474316531637e-07 4289283.11030158 1142
30 2.321387238500498e-07 3.05067983077192e-07 3728653.296055446 1250
33 2.889309095961776e-07 3.901773441816364e-07 3667760.34161042 1458
36 3.728560360580125e-07 4.979733622832935e-07 3467385.436456125 1814
39 4.61775978440324e-07 6.188734577117621e-07 3307134.403551315 2178
42 5.264607244678442e-07 7.374826477685448e-07 3122979.264956811 2498
45 5.722031160241471e-07 8.550593564033804e-07 3122781.165095679 2622
48 6.799193011449304e-07 1.063898503200276e-06 2929962.999045609 3191
51 6.622389412479869e-07 9.93014161498865e-07 2750965.643880228 3044
54 6.296685185227839e-07 9.628142712998555e-07 2776806.459198587 2736
57 4.91661845449778e-07 8.090728982952622e-07 2569793.903732286 2276
60 4.691631279267751e-07 7.339194426693293e-07 2557205.738318189 2016
63 3.897940521837763e-07 6.101326911546299e-07 2487504.052022818 1640
66 2.505208759721578e-07 4.044066636734572e-07 2409337.281188339 1056
69 1.623354757363769e-07 2.648000946061843e-07 2321382.538964216 683
72 8.220672320246747e-08 1.340529424694243e-07 2197403.122737503 350
75 4.824606514609573e-08 8.299827692859365e-08 2323395.128254695 192
78 1.586906638564876e-08 1.788715415594261e-08 2592511.024347034 44
81 5.852860097327058e-09 8.930532138861224e-09 1877394.173370392 25


3 9.044051827976927e-10 8.558857774831918e-10 8690910.181211056 18
6 5.483954843152632e-09 5.933462879222309e-09 8129518.173426228 62
9 1.144066850049692e-08 1.248099675804281e-08 7181162.462003259 98
12 2.530242746164237e-08 3.889186689458797e-08 6633558.082573812 210
15 5.195262508621443e-08 6.022542133322985e-08 5640678.707957506 350
18 7.548435369170127e-08 8.090327904613308e-08 5117276.533818949 450
21 9.956986699752227e-08 1.117796093483346e-07 4420918.25368282 602
24 1.337743474963459e-07 1.762274449138466e-07 4446468.127862365 762
27 2.189633417342711e-07 2.817731772423009e-07 4264930.661654964 1142
30 2.315735517349705e-07 2.970498340984629e-07 3702383.690552238 1250
33 2.844646821086564e-07 3.920623200568038e-07 3678884.789726514 1458
36 3.803942467572283e-07 4.851045676946408e-07 3481865.763588753 1814
39 4.564943434426271e-07 6.187507033636678e-07 3314418.810658542 2178
42 5.229662427262142e-07 7.20405563864927e-07 3099884.145580945 2498
45 5.817352882795595e-07 8.268763529160586e-07 3116875.389540119 2622
48 6.869777627888265e-07 1.042954662953811e-06 2937146.201176486 3191
51 6.745717860846797e-07 9.593512080387351e-07 2746938.070055914 3044
54 6.260533566910944e-07 9.647829940814138e-07 2796223.988281493 2736
57 5.010642203946954e-07 7.600604951000865e-07 2526280.689216993 2276
60 4.692199881238748e-07 7.362768909773703e-07 2583727.191288113 2016
63 3.769548513677893e-07 6.084668099349436e-07 2467418.314509043 1640
66 2.458863549739237e-07 4.009103370426799e-07 2398458.093128989 1056
69 1.550617384781296e-07 2.767305205063247e-07 2352909.530131543 683
72 7.922946943379871e-08 1.32773785092292e-07 2168461.794005767 350
75 5.128159586360277e-08 8.254599325542579e-08 2401456.726837089 192
78 1.229902549391435e-08 2.03657337176492e-08 2453045.271107306 44
81 3.417963035785123e-09 1.333889695473774e-08 2016136.932980672 25


3 8.010904630576388e-10 9.693373806798118e-10 8703171.094628623 18
6 5.290459409839913e-09 6.808116614460731e-09 8612519.512542687 62
9 1.132288667632332e-08 1.268184147695532e-08 7246094.39018108 98
12 2.61081263066857e-08 3.818217098293497e-08 6722057.061700067 210
15 5.15094866007473e-08 5.906647022921711e-08 5602324.910879983 350
18 7.516948338016972e-08 8.043648785209249e-08 5124551.977356467 450
21 9.929993455837886e-08 1.1025541298912e-07 4415228.138495093 602
24 1.313489257628142e-07 1.712563646621585e-07 4378321.873012348 762
27 2.249782164523914e-07 2.733843016646213e-07 4289250.753705175 1142
30 2.325990811214294e-07 2.979524290801091e-07 3745876.412883698 1250
33 2.803196611235138e-07 3.811315170572402e-07 3630168.735686367 1458
36 3.868150251361785e-07 4.709565065997195e-07 3485129.386675853 1814
39 4.60997481984475e-07 5.965746454016453e-07 3294290.661135552 2178
42 5.167835968676462e-07 7.094449406985939e-07 3083661.710600411 2498
45 5.854094734456085e-07 8.108341808487043e-07 3120401.777990194 2622
48 7.096519145053552e-07 9.751437328184088e-07 2901205.880296845 3191
51 6.942704492813779e-07 9.275041590388458e-07 2758735.25724905 3044
54 6.440204182977129e-07 9.360727039430812e-07 2811686.532502309 2736
57 5.103320973325491e-07 7.342960102156134e-07 2522983.023900306 2276
60 4.524882689101695e-07 7.612755532071571e-07 2616088.653528011 2016
63 3.746333398766198e-07 6.082521318667326e-07 2483800.489105038 1640
66 2.499562665793773e-07 3.88727553276404e-07 2397500.35273853 1056
69 1.630581398763965e-07 2.557746746738906e-07 2323189.735183319 683
72 7.395637628091794e-08 1.31181439927514e-07 2111376.48117875 350
75 5.543857275423208e-08 7.804637958544433e-08 2437749.420962227 192
78 9.931314765586187e-09 1.926040746012508e-08 2191198.521837345 44
81 6.147558283368989e-09 8.361356320058828e-09 1888874.970191773 25


3 7.987207648237628e-10 1.081019666473173e-09 9285706.194864705 18
6 5.19005107151012e-09 6.590226108124182e-09 8461640.073599204 62
9 1.145297949664399e-08 1.293041277053576e-08 7411660.399157869 98
12 2.758271872895583e-08 3.694819848675497e-08 6831363.183713498 210
15 5.195573365179114e-08 5.822875868177469e-08 5627606.525912958 350
18 7.45381559442181e-08 7.728756536579653e-08 5038187.797775691 450
21 9.872553817859134e-08 1.086457332085182e-07 4401081.745159886 602
24 1.316678124061885e-07 1.689344923688623e-07 4389101.495968914 762
27 2.275364506588054e-07 2.634381557734654e-07 4265543.315682489 1142
30 2.340426820011983e-07 2.885133763747739e-07 3725042.638772697 1250
33 2.810258777255637e-07 3.739484300294468e-07 3629422.482366117 1458
36 3.841102631047895e-07 4.654080875651615e-07 3479022.69624731 1814
39 4.628188815992002e-07 5.806097370560587e-07 3281041.385982221 2178
42 5.202649412436523e-07 6.935972396563745e-07 3083061.060756452 2498
45 5.955154894642437e-07 7.819737543484804e-07 3112282.121822723 2622
48 7.306594199669452e-07 9.193154972027564e-07 2876118.852129138 3191
51 6.889575508656272e-07 9.210931163894512e-07 2761779.843349765 3044
54 6.601933943871448e-07 9.128032159413686e-07 2830733.499298277 2736
57 5.130166880550333e-07 7.160420259213905e-07 2517249.266916225 2276
60 4.683417806349475e-07 7.319593331826679e-07 2622775.807711779 2016
63 3.815523035861648e-07 5.891478626955473e-07 2483420.879983754 1640
66 2.540217531402106e-07 3.809700366322131e-07 2410617.276971581 1056
69 1.644072965860354e-07 2.475589211703362e-07 2311598.992046355 683
72 7.752102995751377e-08 1.249742612112856e-07 2116594.762193831 350
75 4.759217898780009e-08 9.142409271394141e-08 2518170.09050543 192
78 9.042261830175175e-09 1.880020674732701e-08 2105733.512579487 44
81 8.163478485056903e-09 4.745894318920699e-09 1777264.438615879 25


3 8.158171307697464e-10 9.238358053254864e-10 8703075.839155944 18
6 5.166173043827541e-09 6.211355241325966e-09 8250983.715221576 62
9 1.165148418870327e-08 1.243518407212423e-08 7385503.737857589 98
12 2.829811261667265e-08 3.532657920695565e-08 6805517.817550327 210
15 5.235314348028302e-08 5.720519170372201e-08 5640521.059146505 350
18 7.442575040591948e-08 7.726838780711078e-08 5068149.813573168 450
21 9.833177481894099e-08 1.079867945696832e-07 4410926.367474476 602
24 1.33494194619833e-07 1.66483797906037e-07 4420047.263579157 762
27 2.269095047901672e-07 2.593836229264012e-07 4258473.747615684 1142
30 2.349537706546268e-07 2.831329748162761e-07 3725244.72656371 1250
33 2.850897363328378e-07 3.644729319958369e-07 3634392.816460759 1458
36 3.748302777131086e-07 4.689074272623011e-07 3479640.188738849 1814
39 4.643868747110327e-07 5.687674116963742e-07 3277370.606771176 2178
42 5.285406365287645e-07 6.739855838806103e-07 3084442.88254294 2498
45 6.028886419842838e-07 7.593950963398696e-07 3107722.956239605 2622
48 7.210210120392416e-07 9.145241293973343e-07 2873063.361647642 3191
51 6.661973311952065e-07 9.323874488203715e-07 2761074.772808714 3044
54 6.555273633495318e-07 9.099301431180684e-07 2841091.983343483 2736
57 5.030211544382061e-07 7.191773743525271e-07 2522673.710068218 2276
60 4.893164995057271e-07 6.872225766310645e-07 2605523.800493214 2016
63 3.80459175215891e-07 5.816765937859791e-07 2485323.018650757 1640
66 2.492161399568233e-07 3.819069732903031e-07 2415366.051388116 1056
69 1.596249696966179e-07 2.456835546594762e-07 2292494.341714873 683
72 7.77919920098502e-08 1.260845226534836e-07 2150537.625426617 350
75 4.62453898940021e-08 8.982496388086656e-08 2489895.937292307 192
78 9.695385371168708e-09 1.884988279734948e-08 2189594.864998323 44
81 5.521680127460353e-09 9.114803377011623e-09 1915662.4275938 25


3 7.632834133948848e-10 8.683585148495264e-10 8222917.407207046 18
6 4.942850313535324e-09 5.956380895494424e-09 7963925.249745844 62
9 1.159414162876599e-08 1.233123752547482e-08 7390188.019324774 98
12 2.826579856189051e-08 3.552989668997636e-08 6875599.593815248 210
15 5.219025333189154e-08 5.62260823416841e-08 5624403.476439135 350
18 7.453877065274747e-08 7.819471984025943e-08 5138723.936212763 450
21 9.947210378893317e-08 1.060674259481182e-07 4429310.222747231 602
24 1.346096345420541e-07 1.647963067894184e-07 4447279.211832553 762
27 2.264252226618765e-07 2.52517723858159e-07 4227637.209897393 1142
30 2.334395884658655e-07 2.801872825274772e-07 3721490.911919983 1250
33 2.847083684406822e-07 3.563774380835147e-07 3616475.885484138 1458
36 3.684253106179268e-07 4.70286309038667e-07 3483682.198631323 1814
39 4.585152202757777e-07 5.603599423748929e-07 3256759.679429639 2178
42 5.333924925828086e-07 6.61826526566629e-07 3091492.637369554 2498
45 6.006647625587433e-07 7.497485145349926e-07 3104908.512021762 2622
48 6.998023229043042e-07 9.337048658587353e-07 2887075.70277702 3191
51 6.456046331889315e-07 9.431166886476791e-07 2762044.477356674 3044
54 6.386320124166209e-07 9.182612373482499e-07 2844447.523108521 2736
57 4.924186714069178e-07 7.245285477027701e-07 2529215.223972142 2276
60 4.9583397459476e-07 6.671151830933717e-07 2599468.240273859 2016
63 3.80007133731446e-07 5.74521166609315e-07 2486480.319147274 1640
66 2.406432170512296e-07 3.887301918817181e-07 2423083.85271075 1056
69 1.548776353972065e-07 2.477864923386981e-07 2292183.278824094 683
72 7.840788033449807e-08 1.256505326999028e-07 2170935.544480014 350
75 5.463110236302175e-08 7.801196467947466e-08 2480872.818723565 192
78 1.138241445756678e-08 1.587756059435929e-08 2140840.603091759 44
81 2.571228774181901e-09 1.383457784447617e-08 2069128.08610911 25


3 6.8687977790807e-10 8.549951067289578e-10 7810409.242672691 18
6 4.89348249846817e-09 6.132224996312935e-09 8105073.242787281 62
9 1.155590800655169e-08 1.244121105505103e-08 7465083.785391428 98
12 2.799495910654459e-08 3.545673902518827e-08 6883831.449633381 210
15 5.152719986072872e-08 5.616074928120469e-08 5626195.923499286 350
18 7.368792720521156e-08 7.822350025972017e-08 5147732.270779392 450
21 9.908279865342313e-08 1.061428373339859e-07 4454845.076731487 602
24 1.3341750857281e-07 1.628537193552022e-07 4431501.479915118 762
27 2.237860389490532e-07 2.494732873868632e-07 4207830.129635594 1142
30 2.305830815791055e-07 2.804210168102531e-07 3727180.025051467 1250
33 2.83533045056633e-07 3.49623508209115e-07 3597793.521131801 1458
36 3.590027309810312e-07 4.721403889626011e-07 3472921.454225873 1814
39 4.503405137591982e-07 5.659820405651091e-07 3268641.145253779 2178
42 5.240738719718736e-07 6.604363193033574e-07 3083646.514345916 2498
45 5.855471929148353e-07 7.636370126134068e-07 3119346.076468965 2622
48 6.780353621535982e-07 9.557221928629667e-07 2901845.846375213 3191
51 6.318195183813308e-07 9.505943345080508e-07 2766189.085024783 3044
54 6.202516329180252e-07 9.241691104831269e-07 2836616.91832585 2736
57 4.808216640393706e-07 7.298705444144222e-07 2529701.933531459 2276
60 4.831775083585902e-07 6.771576430346582e-07 2607142.447218965 2016
63 3.830724284434729e-07 5.578672309886255e-07 2470655.985502954 1640
66 2.418981250680466e-07 3.846514100643717e-07 2429031.417122125 1056
69 1.526173496266073e-07 2.490949895791052e-07 2299352.684019849 683
72 8.09395577506284e-08 1.233008982575228e-07 2191760.279048927 350
75 5.833537817453213e-08 7.223884202484292e-08 2475453.372311971 192
78 1.23106273615732e-08 1.584737483033565e-08 2235392.177346217 44
81 4.46246617588199e-09 1.089200902383527e-08 2002425.30916018 25


3 6.495682215754293e-10 8.386158538322391e-10 7577727.680816872 18
6 4.860978701870602e-09 6.231089818603325e-09 8199521.140290143 62
9 1.123197805083717e-08 1.310419806355736e-08 7609109.470509002 98
12 2.78477763785851e-08 3.503608602166799e-08 6866018.038017724 210
15 5.046671540476737e-08 5.754800967764806e-08 5677447.097173905 350
18 7.223613881840107e-08 7.759207699224087e-08 5114333.303942511 450
21 9.671569227337866e-08 1.055016878864161e-07 4420588.113780305 602
24 1.326071321219015e-07 1.617808549456429e-07 4432464.747251255 762
27 2.179325675504159e-07 2.51215017405252e-07 4197243.67219285 1142
30 2.307615422361269e-07 2.847607291440508e-07 3783395.08388987 1250
33 2.794759915840695e-07 3.512776057433708e-07 3605355.944031058 1458
36 3.510474604454535e-07 4.692567181972289e-07 3446616.440958478 1814
39 4.426966555247559e-07 5.840009393559363e-07 3317570.123291824 2178
42 5.091679358699438e-07 6.653722082141888e-07 3073413.672989121 2498
45 5.682227749227888e-07 7.741038774514791e-07 3117742.432866686 2622
48 6.667965264242277e-07 9.578281704672218e-07 2900063.290136373 3191
51 6.345190168636069e-07 9.339540008008191e-07 2758902.632307593 3044
54 6.144756528459439e-07 9.160012837754775e-07 2826257.450271062 2736
57 4.763090805791676e-07 7.231983553051521e-07 2519750.637179958 2276
60 4.561311032017729e-07 7.051276272117004e-07 2613117.23390956 2016
63 3.827424275817223e-07 5.4901103784442e-07 2462471.518951674 1640
66 2.473668546424894e-07 3.738097285946843e-07 2426750.341912678 1056
69 1.515746934299084e-07 2.51525482152688e-07 2317132.257601781 683
72 7.937731201468917e-08 1.263537948380248e-07 2215066.112177651 350
75 5.087791251093416e-08 8.398599460545469e-08 2534671.449786716 192
78 1.066597659684328e-08 2.129920035508985e-08 2493356.159770892 44
81 7.323290291176037e-09 5.193884047651158e-09 1756704.009391472 25


3 6.506429435612961e-10 8.530415887715178e-10 7698443.533254985 18
6 4.73891806811965e-09 6.042926743714791e-09 8021572.773953887 62
9 1.123617519058497e-08 1.298656272638659e-08 7630926.949142347 98
12 2.748501390231485e-08 3.460727300827447e-08 6822699.338939405 210
15 4.848481996188596e-08 6.034507372298748e-08 5742037.953140123 350
18 7.028946230327167e-08 7.767826116662711e-08 5085147.817771897 450
21 9.539773298494295e-08 1.022091924166315e-07 4357111.867986186 602
24 1.324163391732268e-07 1.631390073487436e-07 4478430.454735102 762
27 2.100017947776303e-07 2.504242854287385e-07 4143533.768644924 1142
30 2.317696214798668e-07 2.831079689774504e-07 3805859.711766726 1250
33 2.708605822514312e-07 3.534996778567688e-07 3586393.377275425 1458
36 3.480942097901991e-07 4.709610596969479e-07 3460335.4366941 1814
39 4.306778792866088e-07 5.958960637208833e-07 3330443.25990244 2178
42 4.94281693026187e-07 6.871970710921385e-07 3102103.993900826 2498
45 5.575896839085574e-07 7.770927611500133e-07 3115243.239645127 2622
48 6.594001313973999e-07 9.482697431385401e-07 2885659.115237873 3191
51 6.398533564906893e-07 9.111846614124741e-07 2747595.545969789 3044
54 6.128437258042799e-07 9.180507892085382e-07 2841469.111792862 2736
57 4.749704641973907e-07 7.219502066292912e-07 2527398.162907268 2276
60 4.390193695738292e-07 7.143225884673516e-07 2601525.180594102 2016
63 3.790868730287958e-07 5.485716511677969e-07 2464862.779060182 1640
66 2.444694116641905e-07 3.813421438009551e-07 2453809.78381423 1056
69 1.540441154465517e-07 2.397279081080502e-07 2282958.744091612 683
72 7.415079600934546e-08 1.350716417347553e-07 2246125.531913859 350
75 4.310044592391629e-08 9.44065090851968e-08 2553257.834014539 192
78 1.105606198962848e-08 2.016380102346779e-08 2458002.443232981 44
81 6.92875696181681e-09 6.178961336515723e-09 1833863.547394042 25


3 6.034359499682616e-10 9.14826250346211e-10 7768571.643851779 18
6 4.745228500065589e-09 5.42596533697074e-09 7658227.666969217 62
9 1.191995207305571e-08 1.21814923331026e-08 7695398.508292116 98
12 2.672060540257606e-08 3.505089466140593e-08 6819849.252156083 210
15 4.757696727098922e-08 6.06883044998139e-08 5744975.270383892 350
18 6.751009859695849e-08 8.014060606915561e-08 5096138.484866821 450
21 9.811087777983465e-08 1.01759669084773e-07 4450268.94091035 602
24 1.326187403515438e-07 1.625702990514683e-07 4505576.472320914 762
27 2.066732315805753e-07 2.504096948347304e-07 4140254.714342594 1142
30 2.267217834287476e-07 2.812227437438169e-07 3778457.964904759 1250
33 2.699263680057426e-07 3.507118218382641e-07 3589638.995538134 1458
36 3.441891942946235e-07 4.653023527043885e-07 3441956.085530098 1814
39 4.160299191590283e-07 6.006026977716908e-07 3311285.378862275 2178
42 4.84699223332823e-07 6.970386402354914e-07 3116448.350292062 2498
45 5.517123250108116e-07 7.743554691408034e-07 3113330.841927937 2622
48 6.563291911983823e-07 9.589429669925317e-07 2914319.411803437 3191
51 6.243691474552644e-07 9.018262974963535e-07 2718087.770486734 3044
54 6.051235057971986e-07 9.119695486137689e-07 2831364.427579122 2736
57 4.811854931860742e-07 7.117315940603986e-07 2537813.387796014 2276
60 4.382811270097868e-07 7.041081181847067e-07 2592645.685059743 2016
63 3.637879630273834e-07 5.728023252961107e-07 2490759.778781991 1640
66 2.451989976116565e-07 3.871046554791118e-07 2491679.157893012 1056
69 1.520655876899917e-07 2.363652048513472e-07 2265330.875294082 683
72 7.969356681429147e-08 1.247682302288945e-07 2228273.968146716 350
75 4.400438799882309e-08 8.316425939418065e-08 2393372.337701845 192
78 1.138631021367724e-08 1.487584448357165e-08 2127945.582361346 44
81 5.264031886392935e-09 1.019340773722361e-08 2062189.552393257 25


3 5.420078996803325e-10 1.211732725234375e-09 8856295.300074002 18
6 4.569139485564377e-09 4.899954122444664e-09 7207499.61293363 62
9 1.171399211552351e-08 1.197085218697462e-08 7623492.080093732 98
12 2.523795775826697e-08 3.589127606004039e-08 6766387.399758552 210
15 4.63756311889979e-08 6.046414203985879e-08 5702493.005249348 350
18 6.483174594912121e-08 8.242602901451633e-08 5101135.82038587 450
21 1.004553803688648e-07 1.08065708362702e-07 4670775.854986459 602
24 1.300349780385369e-07 1.577600913826892e-07 4427073.911153957 762
27 2.046583555382419e-07 2.548227714089098e-07 4186068.162635277 1142
30 2.19439643752998e-07 2.848769482456833e-07 3768761.025331198 1250
33 2.663610644913467e-07 3.510127614711391e-07 3592837.446190849 1458
36 3.386137746453325e-07 4.727053058665342e-07 3466875.99291571 1814
39 4.173290939640659e-07 5.952427452359559e-07 3322038.168442883 2178
42 4.807864867560673e-07 6.777931761283841e-07 3079193.80743669 2498
45 5.333073632137878e-07 7.931593911561118e-07 3124216.485421665 2622
48 6.665305024431416e-07 9.336548330272766e-07 2913643.608775665 3191
51 6.183224528871306e-07 8.823181840902758e-07 2692411.495629054 3044
54 5.960678886295805e-07 9.080628839509779e-07 2823371.809469512 2736
57 4.950098194248527e-07 6.981307408489159e-07 2562974.807062787 2276
60 4.364951653843061e-07 6.962150737795916e-07 2588008.956204795 2016
63 3.61889497662549e-07 5.820764260268221e-07 2522775.364542075 1640
66 2.436730948958377e-07 3.795670535045288e-07 2473946.796612005 1056
69 1.446627450258513e-07 2.44925903459886e-07 2273027.955474364 683
72 7.932820598135298e-08 1.334608807830805e-07 2321891.460809664 350
75 5.004397431489776e-08 6.722611679754877e-08 2276637.778875364 192
78 8.018525921859813e-09 1.980722151240334e-08 2166859.268418376 44
81 3.428492029747612e-09 1.296507614633452e-08 2103957.803708037 25


3 5.558131344558068e-10 1.279584348626802e-09 9320286.804454733 18
6 4.162045639007079e-09 4.682250429109491e-09 6763159.876433715 62
9 1.132463861134931e-08 1.193003382382739e-08 7526857.259142339 98
12 2.462736819395823e-08 3.453562768736177e-08 6600516.561877633 210
15 4.724513750615449e-08 6.064451115102561e-08 5804734.745540628 350
18 6.589990930662928e-08 7.970575231778782e-08 5093982.473815679 450
21 1.024414560189005e-07 1.049817514633416e-07 4692383.982677421 602
24 1.289735786789534e-07 1.493899988111069e-07 4323907.368715853 762
27 2.085400825408776e-07 2.470161384979999e-07 4191841.671104599 1142
30 2.11822767138129e-07 2.85878063738161e-07 3737673.009473937 1250
33 2.671443979779083e-07 3.429305810141466e-07 3581178.530897759 1458
36 3.383439152736273e-07 4.707800662505361e-07 3482795.181678505 1814
39 4.187880575873603e-07 5.855056201778148e-07 3322318.809781709 2178
42 4.810250928711195e-07 6.660423581065079e-07 3073645.630962459 2498
45 5.248439695664563e-07 7.916899151839978e-07 3120260.662434703 2622
48 6.701436598276422e-07 9.30231575793853e-07 2936405.39072159 3191
51 6.174043280553112e-07 8.889507203569943e-07 2720352.226501506 3044
54 5.900601035970836e-07 8.703669513875653e-07 2766620.414044396 2736
57 4.890202911082251e-07 7.37268374379779e-07 2641255.65928649 2276
60 4.407692387801653e-07 6.636540559644752e-07 2551087.376252707 2016
63 3.596886857613252e-07 5.997908352882105e-07 2576143.843841038 1640
66 2.337057671124179e-07 3.731853489106101e-07 2421934.982930228 1056
69 1.429995098897952e-07 2.43269202337668e-07 2268896.796033329 683
72 7.732422890704363e-08 1.307357301018191e-07 2285623.107936429 350
75 4.709338766786193e-08 7.493989456213125e-08 2355547.457950503 192
78 9.837796745423177e-09 1.464383631969401e-08 1992756.691975614 44
81 5.452760780969941e-09 7.423643597334248e-09 1788911.020356318 25


3 4.825744516795506e-10 7.041489097341356e-10 6213245.881995314 18
6 4.082386137480585e-09 5.583141390599152e-09 7369943.07768154 62
9 1.050215722972859e-08 1.25620695584709e-08 7466555.794159053 98
12 2.503702951679976e-08 3.210606383459348e-08 6452747.102584766 210
15 4.651126428752667e-08 6.135327907975916e-08 5837847.657002756 350
18 6.521950661084644e-08 7.879579858923072e-08 5074167.823886923 450
21 1.039008069072559e-07 1.061558593125149e-07 4782678.858946254 602
24 1.276691132333929e-07 1.477051870627825e-07 4307066.722848793 762
27 2.048195162094955e-07 2.420109144169707e-07 4140542.083889938 1142
30 2.089812481701404e-07 2.865797778751098e-07 3746308.810233715 1250
33 2.591225068858686e-07 3.433524331394881e-07 3556092.618155442 1458
36 3.417837560845087e-07 4.706273206746156e-07 3525448.046027717 1814
39 4.247745367556464e-07 5.618852818696866e-07 3298774.246395859 2178
42 4.818071817981661e-07 6.734832804744546e-07 3117289.788212412 2498
45 5.421708322380898e-07 7.479538382702558e-07 3097453.295599479 2622
48 6.565530862199845e-07 9.403724760505299e-07 2946594.127888644 3191
51 6.182382508527385e-07 8.684936801288117e-07 2709355.43848031 3044
54 6.0026331507734e-07 8.508193812024607e-07 2776731.778165293 2736
57 4.770248825751068e-07 7.662518757362552e-07 2688151.504319627 2276
60 4.298488764686997e-07 6.422495914010716e-07 2496734.084375676 2016
63 3.721270234061806e-07 5.813176215246056e-07 2591545.170773436 1640
66 2.281519206056644e-07 3.810629098120925e-07 2443291.502255244 1056
69 1.421193458741626e-07 2.376356008429899e-07 2251363.532094837 683
72 7.682375539357462e-08 1.2433466836593e-07 2234300.25965827 350
75 4.397665897882797e-08 8.381351465784228e-08 2454871.443521759 192
78 1.042861911042013e-08 1.571533053306737e-08 2141870.483651655 44
81 5.16799085030473e-09 7.162164303486155e-09 1722581.56236343 25


3 4.081079835511827e-10 8.415473096515801e-10 6511074.287051344 18
6 4.089405137396311e-09 4.760866183289598e-09 6848489.046681573 62
9 1.028894159011437e-08 1.255484849867598e-08 7441362.985068517 98
12 2.516307192249145e-08 3.115508335861417e-08 6417559.81422559 210
15 4.580878149714548e-08 6.20107332270574e-08 5874856.774996062 350
18 6.57958588020356e-08 7.606549512878131e-08 5043411.728584718 450
21 1.010902095765828e-07 1.063327181902237e-07 4743983.312815247 602
24 1.290537003984686e-07 1.400095648043202e-07 4248678.444611203 762
27 2.030086104131653e-07 2.388714839205273e-07 4123664.984727666 1142
30 2.086761395553898e-07 2.858749894566139e-07 3769011.120027207 1250
33 2.573076575805099e-07 3.432170646513672e-07 3571032.553512065 1458
36 3.439992176722677e-07 4.584247484743491e-07 3515390.084500521 1814
39 4.347959614348312e-07 5.4324319472732e-07 3303996.18807127 2178
42 4.944269445593429e-07 6.552791597669352e-07 3135381.609373987 2498
45 5.551697564864744e-07 7.124705267863568e-07 3078634.06309648 2622
48 6.45581053706549e-07 9.254567444345921e-07 2922465.307748726 3191
51 6.313036708147763e-07 8.490428810102073e-07 2725406.082779798 3044
54 5.941429672035549e-07 8.450015369139432e-07 2775445.451004469 2736
57 4.840637320302206e-07 7.385815979373528e-07 2674625.462465405 2276
60 4.140830225600209e-07 6.450263503924326e-07 2481233.540458215 2016
63 3.782806169317975e-07 5.624023980560787e-07 2586146.829401443 1640
66 2.334478981548495e-07 3.620487279701484e-07 2420324.620166605 1056
69 1.425879876896169e-07 2.419813556702917e-07 2298461.722881983 683
72 7.697363216394164e-08 1.247510884696782e-07 2259849.466200363 350
75 4.350014231680463e-08 7.885651629392629e-08 2381065.286081768 192
78 1.075438260613571e-08 1.421247091080163e-08 2079857.412200127 44
81 4.894212287234636e-09 7.46806467943452e-09 1728580.327803591 25


3 4.477447829013157e-10 8.227583346383323e-10 6725789.929228533 18
6 3.85015388067276e-09 4.825705024513592e-09 6745604.269834561 62
9 1.012797179740765e-08 1.231861059264632e-08 7368522.66974486 98
12 2.616834247538298e-08 3.065173879642301e-08 6536335.957733993 210
15 4.64261263372811e-08 6.072142422350916e-08 5894898.326291412 350
18 6.497455838852099e-08 7.523050532944448e-08 5019216.663989048 450
21 1.013184686352408e-07 1.022535448522146e-07 4690790.76782633 602
24 1.293273375051087e-07 1.373998312551167e-07 4241597.340363296 762
27 2.03177692413756e-07 2.397406880829847e-07 4162362.28957826 1142
30 2.113552806472849e-07 2.803214239332291e-07 3783458.860366059 1250
33 2.580754954276282e-07 3.360719968921788e-07 3565449.755162166 1458
36 3.373326638580021e-07 4.529990224903991e-07 3489811.202479582 1814
39 4.272695271085114e-07 5.546224872661449e-07 3337101.572031589 2178
42 4.983709582773287e-07 6.332592244948247e-07 3116090.760688855 2498
45 5.610852064027644e-07 6.954700186931998e-07 3079546.966242197 2622
48 6.505378988846959e-07 9.141862975443388e-07 2938505.343144497 3191
51 6.1832224792172e-07 8.579964805153842e-07 2736173.52669494 3044
54 5.843065435621868e-07 8.395655691364383e-07 2768102.714802566 2736
57 5.021602153886791e-07 7.078574063357482e-07 2680671.569749443 2276
60 4.048429118083814e-07 6.386458781739358e-07 2465816.163992819 2016
63 3.75826412213138e-07 5.428325305823234e-07 2551177.775312189 1640
66 2.309921328961238e-07 3.615931787591464e-07 2429134.084282512 1056
69 1.530369672350443e-07 2.262795031648581e-07 2305433.12790331 683
72 7.377758108970806e-08 1.322820250400535e-07 2317645.165940635 350
75 4.453540822756266e-08 7.359040308416545e-08 2333814.963923866 192
78 8.486156668827683e-09 1.907488495528594e-08 2245599.926307239 44
81 4.974775271990684e-09 8.126403052843453e-09 1839940.550811036 25


3 4.843624922021722e-10 7.880622961323121e-10 6830402.208303927 18
6 3.901938030060257e-09 4.476417173631684e-09 6580316.604101228 62
9 1.052466853961615e-08 1.115705662670359e-08 7195860.261614876 98
12 2.69424914457332e-08 2.97079095916504e-08 6574623.430384364 210
15 4.795122579574944e-08 5.823744309068589e-08 5901658.458098328 350
18 6.375905837448503e-08 7.449348437445733e-08 4984496.271238502 450
21 1.013496234711937e-07 1.013679978235426e-07 4700640.085280608 602
24 1.298648619687873e-07 1.369995480333235e-07 4272279.446561599 762
27 2.028233189262678e-07 2.357914576152319e-07 4154138.84851513 1142
30 2.125674567906924e-07 2.725900377577592e-07 3768085.826445879 1250
33 2.661193526212828e-07 3.139044081137454e-07 3518976.223706633 1458
36 3.334462354228397e-07 4.546963022703877e-07 3508039.675299032 1814
39 4.180833962829375e-07 5.482418559932842e-07 3309898.932216325 2178
42 4.921497654337107e-07 6.329665400044666e-07 3121398.550278104 2498
45 5.573354396093064e-07 6.919292930672169e-07 3084837.603901649 2622
48 6.610518349077743e-07 8.869782850604912e-07 2936819.475491807 3191
51 6.049435203532973e-07 8.63933624243749e-07 2742818.79147068 3044
54 5.749670876576654e-07 8.462102580467316e-07 2784630.367857425 2736
57 5.042042621776307e-07 6.905295670724091e-07 2672173.734520225 2276
60 4.135391307578944e-07 6.098678961888836e-07 2447402.46459857 2016
63 3.676321029128311e-07 5.477449559559265e-07 2560700.812199789 1640
66 2.30754624855542e-07 3.6490396521768e-07 2463166.491148918 1056
69 1.548110559366849e-07 2.237431808310007e-07 2322926.921739954 683
72 7.62128436925514e-08 1.286463365178306e-07 2333758.852830496 350
75 4.770722799624883e-08 6.699259138582248e-08 2305015.777658096 192
78 9.016419408799186e-09 1.790202599614662e-08 2231735.337134335 44
81 3.884915320604119e-09 8.901641411764089e-09 1783186.256384427 25


3 4.822077777394133e-10 7.48893067856629e-10 6673539.268660621 18
6 3.891891547637513e-09 4.209840899588845e-09 6416325.364111669 62
9 1.050699232214468e-08 1.061503160729139e-08 7064407.027388122 98
12 2.657822114600829e-08 2.959191905854407e-08 6563814.852054906 210
15 4.80736026025269e-08 5.731252048489711e-08 5903449.242856933 350
18 6.308638961208542e-08 7.433911906417727e-08 4990355.72416121 450
21 1.010616719839316e-07 1.036044179495863e-07 4774651.674383009 602
24 1.293754517295543e-07 1.366856607226034e-07 4288367.799322875 762
27 2.011297454135826e-07 2.362967835754762e-07 4172177.425769831 1142
30 2.107440445086023e-07 2.672272974423348e-07 3742041.878496745 1250
33 2.680495899931356e-07 3.095228930250729e-07 3531498.302497445 1458
36 3.316902387494892e-07 4.478514642230127e-07 3498496.47587728 1814
39 4.179493146240607e-07 5.345991142344976e-07 3290279.841538052 2178
42 4.830694546331562e-07 6.353730461800256e-07 3124921.157906789 2498
45 5.446580874675752e-07 6.993411134280997e-07 3091994.427501006 2622
48 6.668130206892554e-07 8.666231829408866e-07 2934619.513612969 3191
51 6.035557888009057e-07 8.55111697693729e-07 2746541.989546373 3044
54 5.779364964406196e-07 8.366823281392478e-07 2796056.088962767 2736
57 4.926867394688476e-07 6.926553445375461e-07 2669684.123149864 2276
60 4.214785610849007e-07 5.911790437879332e-07 2445627.965670127 2016
63 3.638183293178089e-07 5.475722727330287e-07 2569512.502713833 1640
66 2.343396434872622e-07 3.504018625749755e-07 2443468.159969446 1056
69 1.45900583585927e-07 2.347822266239707e-07 2344766.997037649 683
72 8.084077535951073e-08 1.202143110463781e-07 2322075.564339319 350
75 4.446578113335535e-08 7.097430991709786e-08 2324955.365431622 192
78 1.044393602168769e-08 1.530892259589717e-08 2183584.154300964 44
81 4.431525796421389e-09 7.62261799919457e-09 1719064.375720071 25


3 4.820946561209556e-10 7.292397229073474e-10 6614215.816994587 18
6 3.786736774001506e-09 4.239121853964732e-09 6396723.56326781 62
9 1.028230586450272e-08 1.046054903619968e-08 6985274.373140192 98
12 2.57451339523964e-08 2.94071298823537e-08 6486679.312146645 210
15 4.855774421305775e-08 5.818296216222106e-08 6020285.930489222 350
18 6.30927360209703e-08 7.364769928470084e-08 5000980.775957717 450
21 1.006131265153314e-07 1.040093014157979e-07 4806300.761973831 602
24 1.277375161492975e-07 1.346507945127188e-07 4258996.902206617 762
27 1.981270584597327e-07 2.36308195700609e-07 4171127.08288547 1142
30 2.091486745007795e-07 2.642454245404848e-07 3732196.282913148 1250
33 2.667154475876108e-07 3.099932136479911e-07 3550239.752725708 1458
36 3.306858071666287e-07 4.372382838158193e-07 3471967.494656703 1814
39 4.179279310922034e-07 5.312054879687498e-07 3301761.278628137 2178
42 4.760975462863912e-07 6.369232631338158e-07 3129929.07770651 2498
45 5.260036728665684e-07 7.118210761948733e-07 3093531.450565437 2622
48 6.711932200757023e-07 8.524541520344235e-07 2938057.501069268 3191
51 6.011529564019332e-07 8.509813484611367e-07 2753228.761885708 3044
54 5.80464287684983e-07 8.211735885612207e-07 2791570.739210712 2736
57 4.791946255769277e-07 7.013634878460631e-07 2673803.859670904 2276
60 4.191797131887513e-07 5.867718465111454e-07 2446407.698552563 2016
63 3.618138680164469e-07 5.405578263197187e-07 2562348.782776307 1640
66 2.371674371688505e-07 3.331377844921339e-07 2405247.73448101 1056
69 1.423803556255672e-07 2.386892644239705e-07 2359685.841598587 683
72 8.229464342370165e-08 1.16700801883098e-07 2318649.95241918 350
75 4.006568778206965e-08 7.289635551754875e-08 2278290.88071302 192
78 1.19044171529439e-08 1.372156647999064e-08 2211884.825339521 44
81 4.981181102090715e-09 6.143187299447256e-09 1622301.099842814 25


3 5.152529997765797e-10 7.023128491378502e-10 6698469.429343257 18
6 3.672365297547161e-09 4.423241715987234e-09 6484846.114960508 62
9 1.029851080205215e-08 1.040616255359541e-08 7024844.474292473 98
12 2.562322624656519e-08 2.879563902438811e-08 6445876.936928328 210
15 4.84307869026239e-08 5.841785843539068e-08 6064154.781204885 350
18 6.299751677055773e-08 7.38173576896478e-08 5036268.251963001 450
21 9.848363823219493e-08 1.046074451103895e-07 4801746.817176271 602
24 1.264747510825681e-07 1.323092615773439e-07 4231584.721940682 762
27 1.956345631749455e-07 2.368099880125553e-07 4177443.824438322 1142
30 2.039846956896672e-07 2.657585870864325e-07 3723289.318604006 1250
33 2.619945259748236e-07 3.114759180651461e-07 3551677.646354647 1458
36 3.32878239547102e-07 4.25428097205917e-07 3452651.964967246 1814
39 4.150612654505238e-07 5.261456538870128e-07 3294988.978697633 2178
42 4.690017846414772e-07 6.432623033624917e-07 3144163.162895614 2498
45 5.128058660219208e-07 7.17770331765701e-07 3090461.00493715 2622
48 6.615728898881289e-07 8.480177761459822e-07 2928498.931116753 3191
51 6.020144887096204e-07 8.512757701945049e-07 2771600.543930057 3044
54 5.833530724912638e-07 8.038693541362656e-07 2781735.942846661 2736
57 4.749461843867977e-07 7.002466661440562e-07 2676189.752278488 2276
60 4.110338636108365e-07 5.890398825351343e-07 2444417.6674792 2016
63 3.622353517648933e-07 5.262260183448731e-07 2540157.009795384 1640
66 2.324851302544937e-07 3.316304233667213e-07 2391924.672122061 1056
69 1.460992825544675e-07 2.290543452724366e-07 2342053.211419421 683
72 7.784126262161093e-08 1.220051380644109e-07 2331933.340934501 350
75 4.228284068678283e-08 6.898962046056443e-08 2266900.67426323 192
78 1.125226214376838e-08 1.652694887051187e-08 2385354.756125217 44
81 4.471184842654597e-09 6.518406586068442e-09 1599536.986430831 25


3 5.659985675390538e-10 6.920259056829962e-10 6981660.420106541 18
6 3.757232784276736e-09 4.585241400605847e-09 6721835.034427172 62
9 1.026535795836936e-08 1.080509843226595e-08 7195361.812067887 98
12 2.554440738400482e-08 2.772612054027205e-08 6360944.643731557 210
15 4.717436033399206e-08 5.933558312501156e-08 6074526.560190663 350
18 6.222597933204042e-08 7.529274102684397e-08 5089983.243963234 450
21 9.553658619148654e-08 1.040115275556302e-07 4749161.807781917 602
24 1.240559314392173e-07 1.318175680117983e-07 4213511.683133026 762
27 1.929518709491114e-07 2.394700047941426e-07 4200089.422040761 1142
30 1.970595614533642e-07 2.663637850234291e-07 3689505.844004866 1250
33 2.562847070725129e-07 3.158724322354151e-07 3562112.399459987 1458
36 3.364951180703813e-07 4.125386464389232e-07 3436366.102608543 1814
39 4.103828366783235e-07 5.229975202594093e-07 3286879.697325641 2178
42 4.581799368094244e-07 6.538793522184562e-07 3155873.90858433 2498
45 5.009869637044927e-07 7.209562810719321e-07 3081748.45216318 2622
48 6.406960639300192e-07 8.705286964565548e-07 2942385.558585518 3191
51 6.096079801891685e-07 8.372969830052992e-07 2777795.715552333 3044
54 5.84354101359207e-07 7.982592844689932e-07 2789228.323603638 2736
57 4.761984945063947e-07 6.892169283064018e-07 2669870.573829043 2276
60 4.050738461101477e-07 5.91836853345915e-07 2447698.947349308 2016
63 3.544275969999473e-07 5.239871445420247e-07 2522754.066104427 1640
66 2.192117852005876e-07 3.530655033423983e-07 2425236.878141007 1056
69 1.504486883408403e-07 2.251414122280952e-07 2361988.527175049 683
72 7.177555577443552e-08 1.301247829305418e-07 2349625.43555354 350
75 4.328731695237145e-08 6.502721507598594e-08 2227234.55517507 192
78 9.605441333362577e-09 2.225416304286896e-08 2683153.653411087 44
81 4.120901004167382e-09 7.106212366986382e-09 1627502.896062744 25


3 5.651146026032219e-10 5.986314817046746e-10 6538467.485660316 18
6 4.04254828464677e-09 4.214201967965241e-09 6739740.585490223 62
9 9.79417190824198e-09 1.04128913250369e-08 6951526.288779614 98
12 2.598534183451528e-08 2.776443384177019e-08 6470523.2622196 210
15 4.551598985707135e-08 5.900285608593173e-08 5990533.899915598 350
18 6.015065334609713e-08 7.660357403705392e-08 5083898.350563327 450
21 9.353326705110323e-08 1.04615566211194e-07 4745869.563628795 602
24 1.188390854911356e-07 1.367781733529406e-07 4227073.724794091 762
27 1.86424820142399e-07 2.417957759986442e-07 4177889.665983051 1142
30 1.94242618012349e-07 2.599070759490966e-07 3638090.572474087 1250
33 2.553095624455999e-07 3.100783252830555e-07 3545430.904225127 1458
36 3.411382465157161e-07 4.02070864922788e-07 3438527.473056457 1814
39 4.072323320956505e-07 5.218675575225454e-07 3291639.312753759 2178
42 4.599082971474143e-07 6.546376519372286e-07 3180526.46503975 2498
45 4.873922642059831e-07 7.239997700083187e-07 3066878.874974714 2622
48 6.289987374430403e-07 8.792005178519355e-07 2949659.976072549 3191
51 6.156392497238347e-07 8.259080068219334e-07 2787160.798395584 3044
54 5.806767923435351e-07 7.983901591757704e-07 2797698.941851282 2736
57 4.765334705896638e-07 6.85419330458427e-07 2677601.437974663 2276
60 4.001061115207379e-07 5.972883818407076e-07 2459493.993179061 2016
63 3.331328508271633e-07 5.493228479016763e-07 2532642.539378385 1640
66 2.154265912384176e-07 3.572859821850741e-07 2434887.599639966 1056
69 1.497234086042802e-07 2.291862381663412e-07 2392747.197753684 683
72 7.534085985160693e-08 1.181767069418016e-07 2281327.777326326 350
75 4.038638154005189e-08 6.685929565207953e-08 2204087.42083636 192
78 1.125105863918618e-08 2.137128892851992e-08 2787917.274695405 44
81 4.017311093349072e-09 8.202533196718155e-09 1760633.274663998 25


3 5.326993984976581e-10 4.983521824701353e-10 5871484.672211913 18
6 4.018481852241316e-09 4.346770630484106e-09 6868955.344339173 62
9 9.860686934363143e-09 9.232446322003288e-09 6659103.631589144 98
12 2.452520415832489e-08 3.035305626848309e-08 6609379.331234688 210
15 4.549939855468129e-08 5.936240256884636e-08 6046570.430655153 350
18 5.737786106925217e-08 7.597729062216427e-08 4980392.98513081 450
21 9.358219354584075e-08 1.058556391223416e-07 4809273.055381695 602
24 1.152756635639762e-07 1.421854816236202e-07 4273386.261352777 762
27 1.784072579112147e-07 2.371438602342866e-07 4075349.311003926 1142
30 1.956181660350631e-07 2.555299613199173e-07 3641145.27391003 1250
33 2.528897227155153e-07 3.126236057041745e-07 3567352.799376808 1458
36 3.344728536925769e-07 4.077209125332855e-07 3451959.299569381 1814
39 4.011791179197701e-07 5.283501188101566e-07 3310022.88984134 2178
42 4.659817680627234e-07 6.315159088330832e-07 3159056.776331814 2498
45 4.935445219620521e-07 6.995663378966103e-07 3045862.369555682 2622
48 6.153086062816617e-07 8.944328167732435e-07 2964246.566647808 3191
51 6.187142755034928e-07 8.179419381620702e-07 2797921.891901919 3044
54 5.632817307447208e-07 8.027219150945489e-07 2782768.827055732 2736
57 4.756094384704394e-07 6.798717790389578e-07 2679869.810567419 2276
60 3.998052260607839e-07 5.894433599744135e-07 2455657.198097034 2016
63 3.424312431650267e-07 5.200873431291848e-07 2501478.433996333 1640
66 2.221814368768046e-07 3.548834022182362e-07 2472438.524482022 1056
69 1.455521690021898e-07 2.240199270643573e-07 2346633.735240026 683
72 7.936568090607821e-08 1.083234186857369e-07 2246360.792751952 350
75 4.136725561435942e-08 6.990292115300696e-08 2296292.605523823 192
78 1.343893408101669e-08 1.610389267016291e-08 2620583.407529498 44
81 4.47490157998711e-09 9.359036566183989e-09 1999034.53851693 25


3 5.231371126257643e-10 5.118127640030288e-10 5924943.628387404 18
6 3.653551966225555e-09 4.774918683731918e-09 6904235.462831234 62
9 9.727605616563133e-09 9.514750000264297e-09 6746917.396768094 98
12 2.279840927308998e-08 3.039059971161358e-08 6425247.235270588 210
15 4.448149245899013e-08 6.052615890013024e-08 6082237.960410509 350
18 5.823854102582382e-08 7.709310575002728e-08 5087821.002236592 450
21 9.158192517002765e-08 1.039228061984666e-07 4746997.078767011 602
24 1.140914302170435e-07 1.338694454663165e-07 4154867.193933712 762
27 1.738296225955351e-07 2.404198213416007e-07 4080960.881152648 1142
30 1.956796964303937e-07 2.565954385730008e-07 3673943.072041747 1250
33 2.504853533910017e-07 3.20802317646539e-07 3621436.030392384 1458
36 3.208821888529212e-07 4.160524282232884e-07 3439308.369861643 1814
39 3.940244134626979e-07 5.421139104747835e-07 3347642.585887419 2178
42 4.656691781573975e-07 6.065680412120399e-07 3113923.197367056 2498
45 4.997085299931773e-07 6.71080906212201e-07 3017895.031787959 2622
48 6.132716177365948e-07 9.089888673536971e-07 3004791.880202753 3191
51 5.954357138252106e-07 8.542944534716694e-07 2828308.028402455 3044
54 5.447609386418759e-07 8.112238010827692e-07 2772987.716164793 2736
57 4.612468816597352e-07 6.833009475625718e-07 2665916.629334649 2276
60 3.868095847909168e-07 6.064191407349176e-07 2471830.810445003 2016
63 3.415157273726994e-07 5.177283261892603e-07 2508339.503787784 1640
66 2.267980897973419e-07 3.461752499366731e-07 2477950.300276934 1056
69 1.440322535706647e-07 2.344517713098173e-07 2409539.868943568 683
72 7.100653685020309e-08 1.215148536125299e-07 2283335.347928481 350
75 4.484226837912789e-08 6.698587460958653e-08 2342709.133144207 192
78 1.148936477175898e-08 1.509890297743474e-08 2358684.25602998 44
81 6.039965134489793e-09 7.211474880768075e-09 2007506.273537976 25


3 5.104602471467432e-10 6.849849381002009e-10 6782103.68252586 18
6 3.566394103336379e-09 4.068313957083054e-09 6340051.804862609 62
9 9.851220235520984e-09 1.000987603096196e-08 6996289.907309516 98
12 2.244766385515497e-08 2.970770517157719e-08 6346344.730064722 210
15 4.27835643721072e-08 5.963151423656064e-08 5966113.213963388 350
18 5.77752595141233e-08 7.783603286471025e-08 5129009.600525759 450
21 8.821272037053626e-08 1.065419702824148e-07 4745438.89723887 602
24 1.123766606137314e-07 1.316067560174424e-07 4116319.525886364 762
27 1.693682230034855e-07 2.370642846727726e-07 4029363.368060166 1142
30 1.987532338352804e-07 2.567284493267763e-07 3728461.045053595 1250
33 2.526833498066816e-07 3.107413916975043e-07 3603953.963231876 1458
36 3.145781004937736e-07 4.143849036850832e-07 3422529.38443212 1814
39 3.92703180637296e-07 5.349325855272786e-07 3342135.72595294 2178
42 4.629310461014349e-07 5.920295800079394e-07 3087957.671658191 2498
45 5.049211336221327e-07 6.652656434060606e-07 3040428.066688081 2622
48 6.198563580168843e-07 8.919353461985269e-07 3010186.990311961 3191
51 5.761813304294098e-07 8.548602515101671e-07 2805743.224454932 3044
54 5.421330034522226e-07 8.174106274937943e-07 2797650.088042992 2736
57 4.510217094019338e-07 7.05808949599367e-07 2704277.797330619 2276
60 3.803845967009645e-07 6.07953450910642e-07 2474065.294871332 2016
63 3.376777656783614e-07 4.98489938571609e-07 2462232.751047816 1640
66 2.259797376860149e-07 3.411048856284703e-07 2471408.960051673 1056
69 1.451840680948811e-07 2.500109192348993e-07 2524330.689526185 683
72 6.504682700612216e-08 1.232795065498506e-07 2234333.483730114 350
75 4.266339447423064e-08 6.742675567410468e-08 2313022.995540522 192
78 9.868724378879763e-09 1.904579400938367e-08 2512489.713789221 44
81 7.056336607712552e-09 7.496980442678923e-09 2238560.138792115 25


3 4.816682252931024e-10 5.055843052527578e-10 5704769.362395935 18
6 3.684544164323121e-09 3.770519795452413e-09 6261519.526197117 62
9 1.040644616898902e-08 1.009912343732123e-08 7281317.490381001 98
12 2.28676969349855e-08 2.938044596629079e-08 6412127.965500528 210
15 4.113524591580066e-08 5.76801384130709e-08 5797908.626543585 350
18 5.608918165895836e-08 7.525973299425764e-08 5005026.182220956 450
21 8.627057494536755e-08 1.034841042273266e-07 4656429.636943545 602
24 1.14788680981517e-07 1.313922134230628e-07 4185365.221651676 762
27 1.682453852443717e-07 2.37910490409918e-07 4054682.463338424 1142
30 1.98992395254885e-07 2.527771432724866e-07 3727101.203998446 1250
33 2.537029125170369e-07 3.107043737531597e-07 3635476.698427041 1458
36 3.095698695515213e-07 4.123165110804774e-07 3411520.115927059 1814
39 3.935867028865258e-07 5.187270656914414e-07 3316276.314905347 2178
42 4.647953518968228e-07 5.798366938296469e-07 3082852.679249867 2498
45 4.980254609548548e-07 6.573064356506829e-07 3022680.203559956 2622
48 6.130360499413344e-07 8.926967181332265e-07 3018520.342541764 3191
51 5.662785505219542e-07 8.524359106068957e-07 2800419.853412218 3044
54 5.438828115921192e-07 7.993064254614824e-07 2789000.28474566 2736
57 4.573995906252099e-07 7.147463295723098e-07 2761566.173454097 2276
60 3.907925288743356e-07 5.977342951752185e-07 2500281.976604278 2016
63 3.243832853851029e-07 4.997907935631753e-07 2438687.99426652 1640
66 2.203391309717221e-07 3.576792573624464e-07 2526752.93233731 1056
69 1.515302178350724e-07 2.379958361599919e-07 2522506.778112248 683
72 6.996428838786017e-08 1.067478502153515e-07 2143451.36139979 350
75 3.771275797787738e-08 7.238997847790606e-08 2301805.837591502 192
78 7.596340065188736e-09 2.119815273563883e-08 2467120.80903099 44
81 6.109465081340846e-09 1.063310122690372e-08 2502336.650355946 25


3 4.686582700519996e-10 4.750417216972425e-10 5492673.423065532 18
6 3.819478853725104e-09 3.983932755802204e-09 6586921.286681168 62
9 1.068455212497841e-08 9.383067950962161e-09 7190453.071499002 98
12 2.385807553172814e-08 2.868688261196776e-08 6512674.966414414 210
15 4.069121050016128e-08 5.336612838767219e-08 5577275.872140437 350
18 5.716066213284044e-08 7.06664412307699e-08 4923848.365878839 450
21 8.590928669348415e-08 1.010239867421003e-07 4622272.682916995 602
24 1.156651065682636e-07 1.251748105098376e-07 4130250.240172589 762
27 1.720591106093455e-07 2.319434751021534e-07 4073369.088773279 1142
30 1.973936085236257e-07 2.568117882255967e-07 3770503.747640845 1250
33 2.513909723354321e-07 3.160015371467023e-07 3675961.147117729 1458
36 3.05342691361716e-07 4.047482623380382e-07 3381695.239632202 1814
39 3.900104113100333e-07 5.099903887710102e-07 3296846.358597416 2178
42 4.602121221220194e-07 5.78400395422215e-07 3085390.093405196 2498
45 4.87130574384735e-07 6.526506330214963e-07 3001813.521912654 2622
48 6.231179424410103e-07 8.594704580313157e-07 3003545.458587206 3191
51 5.778044837753134e-07 8.276025939350379e-07 2803586.20499738 3044
54 5.338488767444201e-07 7.907553326419629e-07 2771347.046955468 2736
57 4.620395269752294e-07 6.946122353987668e-07 2753270.124297887 2276
60 4.046066537159812e-07 5.833154495788831e-07 2526872.26461241 2016
63 3.207040726195001e-07 5.11489450030424e-07 2478132.503624371 1640
66 2.308058790989184e-07 3.359436461701769e-07 2513392.747514651 1056
69 1.478706196075141e-07 2.385425819999243e-07 2519209.810102374 683
72 6.859407887566206e-08 1.016768474882277e-07 2085148.521676943 350
75 4.070166475231334e-08 7.188451457817263e-08 2387680.657936465 192
78 9.676010104655179e-09 1.987032934145361e-08 2604840.363326716 44
81 5.640488379429247e-09 1.414319003595254e-08 2920294.404500651 25


3 4.781611296160368e-10 4.939944703013182e-10 5687447.39623535 18
6 3.958602161863863e-09 3.916815235965487e-09 6697727.243671535 62
9 1.088528041586927e-08 8.933880447272127e-09 7147012.35864378 98
12 2.448808563672101e-08 2.690901453463194e-08 6433054.742438462 210
15 4.162471155318465e-08 5.216768057818158e-08 5613019.378355484 350
18 5.584052897333366e-08 7.20639709237945e-08 4956751.266962463 450
21 8.56430957027966e-08 9.865861799255854e-08 4591719.561297014 602
24 1.139358337940807e-07 1.264435726900843e-07 4144626.168370466 762
27 1.703378552303003e-07 2.313540050714934e-07 4081707.386712487 1142
30 1.959534542911076e-07 2.558531481076966e-07 3779158.655760698 1250
33 2.488000929989821e-07 3.14939814302029e-07 3678484.014336959 1458
36 3.042100345224359e-07 4.035444728852256e-07 3396862.639786333 1814
39 3.861059151341952e-07 5.045893016386331e-07 3287853.312840056 2178
42 4.528629667079638e-07 5.800625000212364e-07 3088715.466974752 2498
45 4.758857712824557e-07 6.510852046263416e-07 2988878.486866768 2622
48 6.306907265523963e-07 8.390718877698156e-07 3005507.097373491 3191
51 5.752420473576249e-07 8.121348205603276e-07 2792033.16615857 3044
54 5.307811940847465e-07 7.905633671299194e-07 2787383.723018659 2736
57 4.710815924348885e-07 6.680066944700101e-07 2741375.466523966 2276
60 4.084605777419718e-07 5.706388570748168e-07 2528158.834123791 2016
63 3.216012149429688e-07 5.082628978068382e-07 2494265.494851378 1640
66 2.279217517059134e-07 3.341707522554648e-07 2512062.462213919 1056
69 1.530899327680429e-07 2.305002747416814e-07 2531337.710297101 683
72 6.591810412223296e-08 1.081022830335236e-07 2137691.3889173 350
75 4.852031312309632e-08 6.126058732638819e-08 2391084.08834643 192
78 1.333493679872983e-08 1.407843699647427e-08 2529783.799525641 44
81 7.441562028402373e-09 1.035726781895971e-08 2741827.363934691 25


3 5.003100851536284e-10 5.37343897785988e-10 6103217.485880997 18
6 3.911564245507609e-09 3.815694113959264e-09 6612689.846947005 62
9 1.071961856435643e-08 9.018314957381993e-09 7146550.180602212 98
12 2.502773191216903e-08 2.660932024562369e-08 6510876.903990716 210
15 4.228800794668541e-08 5.179181560398005e-08 5675746.824175986 350
18 5.473978802244025e-08 7.164983911910506e-08 4934544.79943308 450
21 8.494918354352466e-08 9.496665471084692e-08 4516799.228642085 602
24 1.137841957351925e-07 1.250424050241244e-07 4146326.177764557 762
27 1.697488833038393e-07 2.281496606454658e-07 4076909.080450175 1142
30 1.993551670448851e-07 2.470591603523182e-07 3768131.487376516 1250
33 2.463310064414667e-07 3.11516790613624e-07 3667519.864465987 1458
36 3.055779661749745e-07 3.962503083161554e-07 3396899.246306745 1814
39 3.893345766961589e-07 4.911881652522694e-07 3278562.193008408 2178
42 4.379756998513201e-07 5.820981223555444e-07 3069854.325084678 2498
45 4.695507477697843e-07 6.519073671282428e-07 2996521.797149081 2622
48 6.321763826027273e-07 8.337269149734316e-07 3021541.661420708 3191
51 5.713781853875762e-07 7.990955102718904e-07 2781148.094885564 3044
54 5.404000348385796e-07 7.685762399858751e-07 2788847.882999387 2736
57 4.832362099352589e-07 6.429604637454232e-07 2738258.319895643 2276
60 4.017165678182858e-07 5.778129887194185e-07 2546393.845951055 2016
63 3.30451233802113e-07 4.909264836198839e-07 2495971.535548398 1640
66 2.225452314066625e-07 3.407757634501582e-07 2533529.750947018 1056
69 1.537111348681625e-07 2.273199796284293e-07 2536971.23484432 683
72 6.647265791467033e-08 1.087026396632159e-07 2170954.61357575 350
75 4.705941230872226e-08 6.154964678630781e-08 2377882.265088956 192
78 1.187456543944633e-08 1.447475543525751e-08 2428257.456350446 44
81 7.193263198808163e-09 1.031139842828918e-08 2712368.589376445 25


3 5.347903360472878e-10 5.579296152939067e-10 6473249.854214091 18
6 3.882341193771408e-09 3.974355884276448e-09 6759902.804875795 62
9 1.072431010383367e-08 8.842009324399559e-09 7128104.047040392 98
12 2.552792249804919e-08 2.678885773647384e-08 6641788.971098809 210
15 4.17673370104791e-08 5.099518587737105e-08 5636378.740104152 350
18 5.451484832367616e-08 7.024999089247003e-08 4908461.20044709 450
21 8.511564150454208e-08 9.433848817480447e-08 4536522.34151303 602
24 1.122622007986998e-07 1.242607120829469e-07 4133239.266292301 762
27 1.729069006197927e-07 2.200737818328045e-07 4061139.498146574 1142
30 2.018849519577801e-07 2.419852243034316e-07 3776106.296221365 1250
33 2.441682808133728e-07 3.116138732682323e-07 3679386.709618589 1458
36 3.032052812209802e-07 3.891325636721263e-07 3376081.707895664 1814
39 3.887902720203266e-07 4.86593254255039e-07 3283306.9107988 2178
42 4.24331199655425e-07 5.902119725625921e-07 3071918.046048484 2498
45 4.620568708959387e-07 6.55081467943854e-07 3005514.028864393 2622
48 6.317742386141388e-07 8.193211029847887e-07 3014089.25199114 3191
51 5.739056814436513e-07 7.805871919264567e-07 2771394.605360365 3044
54 5.482560125901215e-07 7.478632167083716e-07 2785626.101955286 2736
57 4.880776180332073e-07 6.306075035433742e-07 2742146.601810932 2276
60 3.980504264042159e-07 5.822657686897944e-07 2565998.955906969 2016
63 3.366032880997327e-07 4.712024478445254e-07 2478381.417675873 1640
66 2.222694646641706e-07 3.393000129112097e-07 2545198.445146995 1056
69 1.539020477832798e-07 2.261687427064786e-07 2550057.179359703 683
72 6.87844982666303e-08 1.019552322814242e-07 2140771.80235792 350
75 4.070763267868929e-08 6.973919678375887e-08 2407642.304130756 192
78 9.571551119463291e-09 1.662813647052914e-08 2393363.30746313 44
81 5.69152593271814e-09 1.130392949036643e-08 2614787.745924719 25


3 5.586063367373034e-10 5.799720322297232e-10 6790706.60545524 18
6 3.743806676092652e-09 4.129419457496659e-09 6809873.129443115 62
9 1.071619998827259e-08 8.796724855504022e-09 7158088.616090173 98
12 2.569647782164453e-08 2.644889040002695e-08 6666797.262968875 210
15 4.129793571061249e-08 4.953095872596981e-08 5557155.320527685 350
18 5.472911060192998e-08 6.897328767019949e-08 4900744.781247793 450
21 8.67323485336213e-08 9.425992433374608e-08 4607752.035248113 602
24 1.095754483888928e-07 1.242675056488729e-07 4111457.066274502 762
27 1.752857209528974e-07 2.110953999880925e-07 4024075.986901385 1142
30 2.029439445672817e-07 2.40782542411222e-07 3800708.345039712 1250
33 2.39922546951628e-07 3.125401908041063e-07 3679646.144543792 1458
36 3.001467307835355e-07 3.86997003125313e-07 3372381.461934098 1814
39 3.822137971008663e-07 4.84318233429975e-07 3270476.41822441 2178
42 4.190963643932356e-07 5.919700450816494e-07 3080166.775828069 2498
45 4.610387067600202e-07 6.498690161668012e-07 3008743.364559193 2622
48 6.263489876426513e-07 8.139185378354856e-07 3011083.483798354 3191
51 5.757000671002819e-07 7.708053230296086e-07 2774414.735578348 3044
54 5.560578467906147e-07 7.333135486573871e-07 2792254.626356324 2736
57 4.792001910229663e-07 6.386664936849147e-07 2755321.514861254 2276
60 3.997022117657731e-07 5.771667050557139e-07 2574809.953009039 2016
63 3.340721208307638e-07 4.632048762337484e-07 2462913.973481469 1640
66 2.250488895651064e-07 3.318566099449126e-07 2543774.061224912 1056
69 1.5035333694228e-07 2.281007254496681e-07 2552663.822159914 683
72 6.804076190777884e-08 9.999574281779904e-08 2121339.496891786 350
75 3.697644500922462e-08 7.498525707800014e-08 2439911.081275543 192
78 8.486880504825805e-09 1.714299768616919e-08 2341696.979702695 44
81 6.091009123407512e-09 9.789151175309697e-09 2482102.713252903 25


3 6.260742612239226e-10 5.644479112690931e-10 7172996.461411906 18
6 3.623727172924724e-09 4.429188679475222e-09 6994329.425309971 62
9 1.056556806802355e-08 8.600271984776636e-09 7087735.722118233 98
12 2.531859766541175e-08 2.565359762959784e-08 6564213.009912593 210
15 4.030702636823421e-08 4.756647856415484e-08 5411943.229340605 350
18 5.521235445082139e-08 6.89065486946942e-08 4948027.947797394 450
21 8.691543569597267e-08 9.461108530720269e-08 4652047.875505717 602
24 1.070765367740421e-07 1.241402545325121e-07 4089380.626226653 762
27 1.759338255775984e-07 2.059627473479905e-07 4005248.769486351 1142
30 2.026773373395005e-07 2.407565169624814e-07 3822157.473671365 1250
33 2.349620941076588e-07 3.118490627214714e-07 3661787.919857383 1458
36 2.985551380728881e-07 3.838543150181424e-07 3369535.27584974 1814
39 3.75847191972628e-07 4.838341714984556e-07 3262893.703952318 2178
42 4.22202171359055e-07 5.846168005936241e-07 3086535.845328784 2498
45 4.638526701760865e-07 6.35330838479847e-07 2996711.337696664 2622
48 6.182469479505861e-07 8.109683720920856e-07 3005156.284260201 3191
51 5.77005738902381e-07 7.628394463116045e-07 2778355.000895878 3044
54 5.555171793222419e-07 7.286692678157743e-07 2798362.014029765 2736
57 4.589213551472417e-07 6.591475230893567e-07 2764793.524889668 2276
60 4.014986789865204e-07 5.702284707260759e-07 2577592.522489904 2016
63 3.250775395021766e-07 4.732925039746215e-07 2476092.040041963 1640
66 2.255234661126052e-07 3.296370097408901e-07 2551227.40132957 1056
69 1.492333338284991e-07 2.189264330164385e-07 2500825.795693512 683
72 6.624298251815608e-08 1.023621864683872e-07 2136114.19119606 350
75 3.993660018251696e-08 6.720775981905369e-08 2365417.180360486 192
78 8.053704156513549e-09 1.58085239694758e-08 2193398.58202232 44
81 6.55706672817659e-09 9.473460868848692e-09 2532765.673549144 25


3 6.674555059532697e-10 5.777820701219054e-10 7572679.969651049 18
6 3.567028929815438e-09 4.824094505774011e-09 7309432.343382459 62
9 1.026545923078557e-08 8.680847569986859e-09 7060080.467863094 98
12 2.423245361351006e-08 2.535709258238405e-08 6426145.287012963 210
15 3.91871653636615e-08 4.605078551534781e-08 5283085.029287313 350
18 5.55283034907347e-08 6.983765834024117e-08 5025824.487445164 450
21 8.501453233711661e-08 9.506588313020778e-08 4642485.306816149 602
24 1.044432028510836e-07 1.251202708937099e-07 4081758.993947268 762
27 1.741710328836693e-07 1.992408822011147e-07 3944173.18643508 1142
30 2.025870350107993e-07 2.407145216222237e-07 3844982.935637198 1250
33 2.328500800037933e-07 3.063321762456885e-07 3631857.253718129 1458
36 2.92047260716081e-07 3.892710574996181e-07 3379273.439754624 1814
39 3.682410534618248e-07 4.86144058131015e-07 3258638.259409484 2178
42 4.30042368977452e-07 5.734593189790541e-07 3097229.592430224 2498
45 4.697134064205348e-07 6.214302930509891e-07 2995042.735398164 2622
48 6.10025974025984e-07 8.116431363654962e-07 3004886.104592354 3191
51 5.701939089586518e-07 7.64084487548507e-07 2781230.850165247 3044
54 5.413860660004844e-07 7.349556576617945e-07 2793502.36839432 2736
57 4.416824976771198e-07 6.781497398657158e-07 2775943.956144073 2276
60 4.022676296568362e-07 5.629060816812216e-07 2575820.750322939 2016
63 3.211873501016796e-07 4.897898391851989e-07 2523233.351952046 1640
66 2.239780317718799e-07 3.263629071716205e-07 2542974.348647289 1056
69 1.446519832117187e-07 2.214376088599259e-07 2494884.533323639 683
72 6.666945392470639e-08 1.035161057962825e-07 2166619.893311616 350
75 4.558885358216264e-08 5.470379578413044e-08 2264383.004788956 192
78 8.630246680542043e-09 1.246123687752449e-08 1978067.613977954 44
81 6.54273396113401e-09 1.046157696807245e-08 2686536.510532185 25


3 6.556625914820289e-10 6.294170253475732e-10 7852790.997522556 18
6 3.722831201129582e-09 4.636070779476519e-09 7343300.540611368 62
9 1.000836948627502e-08 8.944325673836722e-09 7110971.889056239 98
12 2.29160527359114e-08 2.564187114971462e-08 6322022.455809408 210
15 3.878725784125642e-08 4.573412486752283e-08 5271688.413682399 350
18 5.646753216715343e-08 6.881832866026214e-08 5058618.838087215 450
21 8.244188060368816e-08 9.18861217985074e-08 4525521.408602805 602
24 1.039250108618023e-07 1.274666276990995e-07 4136391.700873979 762
27 1.693533784264889e-07 1.972729794889644e-07 3895480.488452198 1142
30 2.042407960419263e-07 2.425194317005905e-07 3900000.01431228 1250
33 2.279482856177009e-07 3.047706447107442e-07 3606238.666324131 1458
36 2.864871431221366e-07 3.932598447803425e-07 3386157.91992435 1814
39 3.605112275246387e-07 4.89744576233604e-07 3257356.760695389 2178
42 4.348103306316128e-07 5.687425435243211e-07 3117652.508992884 2498
45 4.68108028889498e-07 6.087676817770702e-07 2975257.553222373 2622
48 6.03961728995753e-07 8.136593482044206e-07 3011828.132457419 3191
51 5.624240952778577e-07 7.634950037939641e-07 2777973.829891249 3044
54 5.303411018221454e-07 7.30217266652866e-07 2772746.451925553 2736
57 4.45397766071304e-07 6.685606811540907e-07 2777975.625588492 2276
60 3.949168693015684e-07 5.668615193827967e-07 2577605.66571779 2016
63 3.252848896641152e-07 4.905366722600157e-07 2552535.5532919 1640
66 2.210109886057879e-07 3.278840475992288e-07 2547403.234723536 1056
69 1.405437640593326e-07 2.234880471267444e-07 2488216.753063328 683
72 6.657004062948091e-08 1.046112933467787e-07 2188782.267854081 350
75 4.308151152622074e-08 5.624574974082156e-08 2246386.37577842 192
78 1.031477633465893e-08 1.120391813890178e-08 2065599.534962927 44
81 6.686456927827612e-09 1.20885520345125e-08 2959094.702349533 25


3 5.93285447166775e-10 7.421020620506495e-10 8128725.160948155 18
6 3.933173171870641e-09 4.381808433009427e-09 7386809.018803619 62
9 9.608838060721292e-09 9.715923592300434e-09 7270963.136759982 98
12 2.22598362700835e-08 2.632531966189078e-08 6353507.703111835 210
15 3.841148955291208e-08 4.528284118134691e-08 5254612.576593786 350
18 5.70157914301174e-08 6.630960489488115e-08 5021954.485887721 450
21 7.913779074918681e-08 9.255964459002192e-08 4478253.918517053 602
24 1.046934690047139e-07 1.305757137710199e-07 4229244.51339632 762
27 1.631655358327264e-07 2.015156644171282e-07 3890083.955953428 1142
30 2.001167029830943e-07 2.522638471838739e-07 3963741.087221836 1250
33 2.206762886004838e-07 3.032030910281111e-07 3562606.140927064 1458
36 2.892567284367381e-07 3.865252535606774e-07 3390304.249320743 1814
39 3.579515040416022e-07 4.836756602359053e-07 3244038.312985206 2178
42 4.271534940189445e-07 5.698529217961444e-07 3113068.896484925 2498
45 4.618902649340392e-07 6.055231106931005e-07 2966065.953074867 2622
48 5.960607143024284e-07 8.310092046361546e-07 3044512.809545469 3191
51 5.600178938486934e-07 7.580861326388138e-07 2778493.37600987 3044
54 5.145483901307511e-07 7.285081428131711e-07 2746159.537657524 2736
57 4.522353972090951e-07 6.662566128629435e-07 2807378.537111556 2276
60 3.79013233105626e-07 5.738466907434665e-07 2560474.045320718 2016
63 3.300076505981267e-07 4.891199070784481e-07 2579566.873876544 1640
66 2.178638375793149e-07 3.3268489458048e-07 2564988.348231107 1056
69 1.35887447662026e-07 2.236645483329372e-07 2465340.059154182 683
72 6.513648990440361e-08 1.092531540394847e-07 2232642.213912465 350
75 3.681601773882658e-08 6.351225932268482e-08 2242607.459696449 192
78 9.996157811706834e-09 1.513390298166765e-08 2376275.20542104 44
81 6.639823623236414e-09 1.259636317941198e-08 3036341.926175481 25


3 6.361272234620608e-10 6.361923062337452e-10 7879285.214964496 18
6 4.000391279784819e-09 4.320924411742505e-09 7453880.675696362 62
9 8.744293075759682e-09 9.764211216597296e-09 6980535.921188973 98
12 2.252799768007889e-08 2.702960400078402e-08 6519215.895615663 210
15 3.784398546315795e-08 4.51072424915373e-08 5239751.260680307 350
18 5.633634598840466e-08 6.690456789223489e-08 5046791.1793979 450
21 7.817701910832919e-08 9.542430325836962e-08 4548421.303331047 602
24 1.03191313221245e-07 1.316956411188536e-07 4244670.842192005 762
27 1.642239421150457e-07 2.03159151522685e-07 3944058.424143105 1142
30 1.958121179969843e-07 2.52811157295223e-07 3951232.742978104 1250
33 2.111830524524156e-07 3.042364521235445e-07 3517937.665488296 1458
36 2.941582931854392e-07 3.797379201384154e-07 3408175.920722548 1814
39 3.541677026786114e-07 4.859827793151572e-07 3255818.386119936 2178
42 4.19166006194779e-07 5.560981957978836e-07 3065246.272913916 2498
45 4.665853682661459e-07 5.979738834847065e-07 2980673.440270527 2622
48 5.983458291648115e-07 8.247246286423665e-07 3056631.009275473 3191
51 5.537629483173233e-07 7.693237450868021e-07 2802279.743718949 3044
54 4.976928750912061e-07 7.25129389949019e-07 2713488.837615455 2736
57 4.496722688866572e-07 6.683858058439755e-07 2821689.106277289 2276
60 3.58946196204599e-07 5.870114403645353e-07 2545232.879785318 2016
63 3.333503451348851e-07 4.821984926342844e-07 2587745.166526278 1640
66 2.171434536253645e-07 3.244958802198235e-07 2542032.421091843 1056
69 1.305993040318495e-07 2.264413294975362e-07 2454104.220755968 683
72 6.617710232801463e-08 1.131983213601722e-07 2306692.913558098 350
75 3.175072095420841e-08 7.264020273082381e-08 2304452.246575875 192
78 8.966367653191922e-09 1.638190823505107e-08 2380597.22427545 44
81 7.286034897076157e-09 1.13447827920764e-08 2997912.042044092 25


3 6.581416326985925e-10 7.03492359901617e-10 8459982.03332518 18
6 3.779669558273055e-09 4.156785376813232e-09 7149712.012149079 62
9 8.149232498062067e-09 9.633448986341372e-09 6732305.042594166 98
12 2.375163254494737e-08 2.639472862619917e-08 6664535.657176589 210
15 3.796846461643528e-08 4.317331045041922e-08 5170815.364872862 350
18 5.635065926642038e-08 6.510029185520004e-08 5012618.082245023 450
21 7.838956369586343e-08 9.833435345307382e-08 4654065.760163817 602
24 1.01516814016889e-07 1.305610923445562e-07 4219644.683195729 762
27 1.652454268566916e-07 1.996936727676787e-07 3948082.169572127 1142
30 1.910922818929744e-07 2.502661797162829e-07 3909698.851313462 1250
33 2.069344812583273e-07 3.05386473927006e-07 3515253.443388578 1458
36 2.985394155697191e-07 3.688335950834036e-07 3405077.426199535 1814
39 3.600288727475724e-07 4.71486572330468e-07 3251491.221789038 2178
42 4.192310592268436e-07 5.295183749641758e-07 3009391.956658609 2498
45 4.64357631256801e-07 6.130481286367279e-07 3031237.432824046 2622
48 5.853321792969427e-07 8.303481089460901e-07 3055592.288332121 3191
51 5.432119839985526e-07 7.808208680448239e-07 2816998.399943971 3044
54 4.884130648625309e-07 7.417058449911016e-07 2740834.697956711 2736
57 4.384371936252916e-07 6.618422622377828e-07 2792337.819666766 2276
60 3.678420738280051e-07 5.528782218985047e-07 2506264.789274952 2016
63 3.315293543784402e-07 4.882850748689053e-07 2615227.833160918 1640
66 2.064770207408858e-07 3.274302088057134e-07 2512575.001136155 1056
69 1.383891112393755e-07 2.117278096184095e-07 2441808.832030723 683
72 6.781589984358134e-08 1.143609928553641e-07 2360202.990014546 350
75 3.715854040478157e-08 6.833139694266559e-08 2377198.938585214 192
78 9.678643040577881e-09 1.81446506750703e-08 2626018.97133908 44
81 7.933020389400417e-09 1.001971547307127e-08 2951801.59159789 25


3 6.364406354277263e-10 7.208387294368327e-10 8462197.805895939 18
6 3.916372637591396e-09 3.704865659813403e-09 6955163.350468356 62
9 8.15256164787428e-09 8.838995948600437e-09 6499801.75072109 98
12 2.418121107554785e-08 2.669630012891363e-08 6805537.316245049 210
15 3.843731685406637e-08 4.233717423383491e-08 5187256.693052856 350
18 5.433878419841559e-08 6.58954030425199e-08 4982615.701639567 450
21 7.787844370931505e-08 1.002452778334635e-07 4716355.494732279 602
24 9.834786192994346e-08 1.272566165224729e-07 4128199.440082934 762
27 1.690619312792195e-07 1.990379515145591e-07 4012953.860895684 1142
30 1.875357597349092e-07 2.407434593030653e-07 3823113.532612141 1250
33 2.102221382999668e-07 2.988149689230925e-07 3524099.980417689 1458
36 3.013672261153268e-07 3.702409249360195e-07 3449928.976528756 1814
39 3.556276908708019e-07 4.670855404197401e-07 3238113.33920494 2178
42 4.136759336329142e-07 5.35487042874398e-07 3026606.764921601 2498
45 4.595903130052462e-07 6.072826841208561e-07 3021580.265825349 2622
48 5.789774982017609e-07 8.320613945382934e-07 3064620.633421221 3191
51 5.28913799707534e-07 7.900433454144542e-07 2819911.73481221 3044
54 4.824706750800019e-07 7.521344175400197e-07 2766515.796548205 2736
57 4.339352824480194e-07 6.325218609300677e-07 2731085.410230677 2276
60 3.755491558967058e-07 5.514906520820312e-07 2544634.485586525 2016
63 3.184070421796235e-07 5.171713396192865e-07 2668764.518112839 1640
66 2.023603761863949e-07 3.344181803790772e-07 2538058.340720165 1056
69 1.467985624527674e-07 1.944394361360861e-07 2418136.319736435 683
72 6.855381959761318e-08 1.066594671432922e-07 2298255.335332796 350
75 4.296146808570496e-08 5.576507423588718e-08 2292681.222274005 192
78 1.055503661575844e-08 1.470328828702775e-08 2449230.377862458 44
81 7.840439602806694e-09 7.739419952516437e-09 2621457.954914792 25


3 6.553146557397875e-10 7.31467823318383e-10 8704516.933784548 18
6 3.950907972634915e-09 3.559436604126039e-09 6901587.685202484 62
9 8.442046891639512e-09 8.199526033914696e-09 6430995.673991635 98
12 2.36899223663142e-08 2.762086288652929e-08 6890184.568502473 210
15 3.856739666869209e-08 4.209536365271984e-08 5212892.033737635 350
18 5.482688977777285e-08 6.494452525517793e-08 5000916.866522498 450
21 7.633832970440469e-08 9.855939577415519e-08 4662739.926210154 602
24 9.387390372374826e-08 1.208614226696787e-07 3957616.504504174 762
27 1.723264533418427e-07 2.009058771580208e-07 4096493.90635605 1142
30 1.88837917684683e-07 2.366292338921122e-07 3828126.749036122 1250
33 2.177190036111793e-07 2.865457736005823e-07 3528861.397945713 1458
36 3.050547450191181e-07 3.640752890900354e-07 3464180.249994875 1814
39 3.571628843135724e-07 4.497786553516241e-07 3204213.453537898 2178
42 4.059153141508436e-07 5.304831943086181e-07 3005109.615728402 2498
45 4.557013909745635e-07 6.148932258044451e-07 3050298.383020966 2622
48 5.838581621238108e-07 8.053705930177614e-07 3045633.720153147 3191
51 5.282594819633016e-07 7.939891056115872e-07 2847839.43935713 3044
54 4.905912248311729e-07 7.241586204829707e-07 2750889.945247426 2736
57 4.283047853301887e-07 6.338384545441929e-07 2738223.319783578 2276
60 3.727203702466199e-07 5.490277893151398e-07 2548580.254820516 2016
63 3.245257697440182e-07 4.994405550774088e-07 2660382.721084498 1640
66 2.055999120180979e-07 3.22793336482294e-07 2525594.081083292 1056
69 1.388997907218049e-07 2.043602068613482e-07 2434245.2045367 683
72 6.806345698379628e-08 9.643932164254066e-08 2185922.325342984 350
75 4.55157379873295e-08 5.401783628927083e-08 2338869.095379863 192
78 9.12214489612382e-09 1.475004272410887e-08 2309813.453144773 44
81 4.559841257003675e-09 1.073255780382783e-08 2451891.560639096 25


3 5.814917230060017e-10 7.853243714375083e-10 8582519.145533189 18
6 4.016168505890685e-09 3.480299640921344e-09 6927928.579809904 62
9 8.629996625420619e-09 7.920357589776035e-09 6439565.448302534 98
12 2.350124583431773e-08 2.688891850166251e-08 6814885.825319046 210
15 3.774653666004432e-08 4.26335146475852e-08 5220313.695531504 350
18 5.496063435543842e-08 6.443180069301067e-08 5019858.802545698 450
21 7.509706031890681e-08 9.688042346914848e-08 4618671.479659752 602
24 9.218921422435556e-08 1.192735094603841e-07 3925123.649864764 762
27 1.717617608215523e-07 1.983112866111225e-07 4089404.103961055 1142
30 1.910746880263376e-07 2.362197073314893e-07 3873339.908146542 1250
33 2.289912173744524e-07 2.739688838060238e-07 3557493.311590745 1458
36 3.014074543577513e-07 3.634892420773449e-07 3463611.40253485 1814
39 3.593788740815686e-07 4.311232012859216e-07 3166414.28702016 2178
42 3.982712859824088e-07 5.238204012696207e-07 2979931.429095196 2498
45 4.537550029386415e-07 6.159121844450027e-07 3069684.40656929 2622
48 5.85992899945877e-07 7.758748576452354e-07 3013161.790019243 3191
51 5.378692930410104e-07 7.903252301380894e-07 2886773.532990019 3044
54 4.986643546119749e-07 7.045443885601643e-07 2751607.042493131 2736
57 4.394412769940847e-07 6.005999440074349e-07 2711912.876454816 2276
60 3.778471625762375e-07 5.399273095731406e-07 2561111.366504915 2016
63 3.273368779492318e-07 4.856213133844162e-07 2650746.694842631 1640
66 2.055948339835722e-07 3.111325196882455e-07 2494608.470957451 1056
69 1.287997431362712e-07 2.17850254853145e-07 2460880.105818488 683
72 6.344744606577285e-08 9.79018637776293e-08 2150631.386772632 350
75 4.328672575454636e-08 6.300820250767679e-08 2485841.303092903 192
78 9.160137360388971e-09 1.489515243286842e-08 2346092.198140854 44
81 4.255773111749387e-09 9.054769968346283e-09 2168581.412889754 25


3 5.436146077305663e-10 7.176497011792635e-10 7986760.728704964 18
6 3.922907185831273e-09 3.641904774373827e-09 7011333.930167246 62
9 8.581933089415657e-09 7.629321662930096e-09 6343266.27666081 98
12 2.346510762612288e-08 2.64386212260405e-08 6796213.493431395 210
15 3.739146614843895e-08 4.109351860360081e-08 5133721.857603678 350
18 5.49173467663407e-08 6.28794189000661e-08 4989216.571410034 450
21 7.524714318975828e-08 9.278516012135718e-08 4551664.025067355 602
24 9.38811611012643e-08 1.185776634840208e-07 3975688.605357304 762
27 1.697297407215244e-07 1.991490773231663e-07 4101511.904082389 1142
30 1.914632300921385e-07 2.342117331566768e-07 3887247.740103525 1250
33 2.373203180250396e-07 2.654331070475974e-07 3586898.082242587 1458
36 2.959300341281463e-07 3.646144462372235e-07 3462558.691415648 1814
39 3.562420038668426e-07 4.24813809067357e-07 3150385.014139387 2178
42 3.965849172711653e-07 5.197283783658715e-07 2983735.038540048 2498
45 4.450475836866847e-07 6.142120042843557e-07 3061614.584594385 2622
48 5.884497989771361e-07 7.617981675695703e-07 3011880.242143157 3191
51 5.483997342757137e-07 7.640295939300785e-07 2880948.779367653 3044
54 5.114023148062897e-07 6.818623952968029e-07 2755796.090542736 2736
57 4.389078184320845e-07 5.920803254789305e-07 2709882.735358656 2276
60 3.862620828554281e-07 5.315966395806075e-07 2585015.661369202 2016
63 3.304903013021327e-07 4.673561350935179e-07 2627306.964200434 1640
66 2.122059654676893e-07 2.975868586323549e-07 2488735.184325566 1056
69 1.29777897766953e-07 2.10323136815016e-07 2440230.362430963 683
72 6.146178567482262e-08 9.847616181673113e-08 2145901.058806593 350
75 3.885817377957125e-08 7.193346366426532e-08 2583641.391785737 192
78 9.398427591592179e-09 1.495514402611629e-08 2397690.484122621 44
81 4.74462819647155e-09 7.599086312459038e-09 2058417.323576406 25


3 5.534841434939891e-10 7.019128706158855e-10 8014448.383760665 18
6 3.834216957255104e-09 3.760305823231424e-09 7071345.094780342 62
9 8.684585524768226e-09 7.555658175994569e-09 6390929.848044122 98
12 2.348130673062738e-08 2.665054783293147e-08 6871398.064653102 210
15 3.582169523683661e-08 4.078196211347e-08 5039804.894888664 350
18 5.546918030571952e-08 6.237625349015554e-08 5026204.639231866 450
21 7.593968038449636e-08 8.923339044346157e-08 4509860.142167605 602
24 9.453336794125365e-08 1.156807883124605e-07 3964344.533324594 762
27 1.689640889488415e-07 1.95978468444725e-07 4086151.934207503 1142
30 1.914839075672556e-07 2.299102525867454e-07 3876479.645056623 1250
33 2.397135655589081e-07 2.578432189493496e-07 3575788.10174017 1458
36 2.961785900190306e-07 3.595003909523871e-07 3462186.153888592 1814
39 3.502060762682669e-07 4.237837094853982e-07 3141904.014696302 2178
42 3.97415314454786e-07 5.185931626874609e-07 3004679.626561758 2498
45 4.3930334224976e-07 6.13780218062823e-07 3065633.755916648 2622
48 5.887503376789177e-07 7.530519685167891e-07 3015338.670358048 3191
51 5.561400670818724e-07 7.369500354352097e-07 2863731.346485205 3044
54 5.227083769160624e-07 6.590495547867356e-07 2753412.757444072 2736
57 4.361749350389986e-07 5.921107176053088e-07 2721820.45240097 2276
60 3.850816287039673e-07 5.327265062088983e-07 2603320.15708359 2016
63 3.358387718054422e-07 4.516086402432255e-07 2616672.634307399 1640
66 2.120371560043259e-07 2.945054240689436e-07 2491806.632799481 1056
69 1.366556994044072e-07 1.984362715736631e-07 2433241.448472469 683
72 6.104108815687519e-08 9.404236617283574e-08 2100369.985089552 350
75 3.802466313189464e-08 7.318512690850661e-08 2612006.850543687 192
78 9.694713805220214e-09 1.337897833954045e-08 2302968.034804589 44
81 5.769833653378336e-09 5.763278057172974e-09 1978415.132185421 25


3 5.630526422628818e-10 6.837466922893424e-10 8017566.29274023 18
6 3.763536382148203e-09 3.799471433834751e-09 7082760.657988184 62
9 8.70831593156648e-09 7.567321027713426e-09 6444361.427666648 98
12 2.355567981751441e-08 2.622294529645844e-08 6869095.598328144 210
15 3.490620525224469e-08 4.12697912432827e-08 5040772.884731973 350
18 5.539145993216491e-08 6.285432274504558e-08 5074852.508853376 450
21 7.643402838615512e-08 8.871915415081696e-08 4539480.756919075 602
24 9.434710616050802e-08 1.135959077935388e-07 3948245.776768105 762
27 1.683331806496601e-07 1.920435087596755e-07 4062341.845381987 1142
30 1.891664993418581e-07 2.276325414220051e-07 3858923.162861507 1250
33 2.401173878438847e-07 2.547998430809326e-07 3580403.779506945 1458
36 2.931223413962343e-07 3.566303074553373e-07 3452977.882753003 1814
39 3.440925292857893e-07 4.256292868673665e-07 3143273.38547945 2178
42 3.979987603214961e-07 5.162155739899553e-07 3018915.745944823 2498
45 4.407865532653359e-07 6.101583145947308e-07 3080437.340446749 2622
48 5.825521437179442e-07 7.508951410949386e-07 3015526.637413695 3191
51 5.623396060520635e-07 7.182699372433864e-07 2857530.624615264 3044
54 5.194614462425529e-07 6.556963762922299e-07 2755700.736450674 2736
57 4.270308561074765e-07 6.005048965780687e-07 2734891.613188364 2276
60 3.741285587921831e-07 5.395048270463339e-07 2605245.368021958 2016
63 3.303458379430952e-07 4.548934411957393e-07 2624392.749965363 1640
66 2.057703407824584e-07 2.98009269774416e-07 2490993.116976954 1056
69 1.426812256983143e-07 1.890283891442609e-07 2432525.437365189 683
72 5.966029352200897e-08 9.131146064613303e-08 2058871.815675949 350
75 4.251973564691984e-08 6.502737395629405e-08 2565673.621709035 192
78 9.390070527618825e-09 1.298905695129036e-08 2247929.996843711 44
81 5.599056369953567e-09 6.062054891927232e-09 2005513.248750038 25


3 5.723651587926389e-10 6.932262043039057e-10 8187361.10965642 18
6 3.545192634247367e-09 3.892444160790207e-09 6999440.459808301 62
9 8.553072267463202e-09 7.565881427865766e-09 6425075.813834434 98
12 2.366665554177196e-08 2.546166325876308e-08 6826277.443176834 210
15 3.401954831637251e-08 4.138578509043765e-08 5017075.020747066 350
18 5.533288419559716e-08 6.341130484766194e-08 5126764.427971199 450
21 7.664464128742139e-08 8.875025235586289e-08 4574185.234763283 602
24 9.330824591184111e-08 1.133539749002082e-07 3946723.954309764 762
27 1.665505604948784e-07 1.892391378040839e-07 4035832.069683775 1142
30 1.876740513619694e-07 2.245521574976845e-07 3840133.804442593 1250
33 2.382465879376077e-07 2.525291549465342e-07 3573383.11132569 1458
36 2.867870066301725e-07 3.551015403539409e-07 3430240.687579538 1814
39 3.388373211346339e-07 4.337928426292852e-07 3171236.995170935 2178
42 4.000189390161767e-07 5.155553011322588e-07 3041613.511954688 2498
45 4.404764202001027e-07 6.047949856201418e-07 3081856.813211372 2622
48 5.706912372294872e-07 7.504023634504545e-07 3003501.775160673 3191
51 5.633697158521198e-07 7.06858090470735e-07 2852727.630644758 3044
54 5.066664110617361e-07 6.693002268623033e-07 2770169.235808331 2736
57 4.186934789037123e-07 6.009496537112255e-07 2727565.487993147 2276
60 3.684023559955205e-07 5.413353228705606e-07 2607151.56297879 2016
63 3.246447381312681e-07 4.550966723414231e-07 2619479.294185079 1640
66 2.023598184482715e-07 3.019906640064096e-07 2505247.75635559 1056
69 1.435542474506382e-07 1.86595595031313e-07 2437233.212330071 683
72 6.009431027453661e-08 8.810226236814823e-08 2035753.112166509 350
75 4.766202226266472e-08 5.74560983903965e-08 2546985.546718499 192
78 8.393912031328915e-09 1.452310284277704e-08 2293432.728490962 44
81 4.985441195843491e-09 6.760214649333521e-09 2012622.102375685 25


3 5.777803055307191e-10 7.015725576259573e-10 8322588.79229106 18
6 3.281378878894421e-09 4.066435267161881e-09 6936373.220922183 62
9 8.451526311170554e-09 7.700633139153366e-09 6483637.717272965 98
12 2.299317274235107e-08 2.501952600157009e-08 6712369.120019116 210
15 3.314669933971675e-08 4.198830312918546e-08 5021739.146204956 350
18 5.556632953188681e-08 6.279929420085094e-08 5143314.822012071 450
21 7.57902276614678e-08 9.009307422765005e-08 4611807.72972616 602
24 9.161449622848248e-08 1.163968600421064e-07 3989951.616452882 762
27 1.646880471353585e-07 1.849120627326242e-07 3991435.370211746 1142
30 1.874793740457211e-07 2.197622362975769e-07 3818145.875617442 1250
33 2.328100807293039e-07 2.543673357015712e-07 3567486.486153887 1458
36 2.803845418626613e-07 3.519586852161998e-07 3396847.420858182 1814
39 3.318457109468737e-07 4.410017910028819e-07 3185571.844607253 2178
42 3.990066111050965e-07 5.121175017166973e-07 3043687.519751921 2498
45 4.362981443929919e-07 6.01970440646482e-07 3076146.509076546 2622
48 5.610138002034256e-07 7.489218417930764e-07 2992532.738650882 3191
51 5.581810041686697e-07 7.079403590202843e-07 2858589.232838323 3044
54 4.903537342913211e-07 6.936501668665827e-07 2796976.957498097 2736
57 4.187719000310126e-07 5.973597216827386e-07 2732202.201936984 2276
60 3.661700589345501e-07 5.454128654390988e-07 2623596.587974947 2016
63 3.154639399447739e-07 4.6082687650201e-07 2616848.210808054 1640
66 2.014822020423494e-07 2.986086422745291e-07 2496785.30939689 1056
69 1.351027830157765e-07 1.951775046223591e-07 2440520.628684996 683
72 5.926770353874679e-08 8.86070169627168e-08 2039648.361913515 350
75 4.794794859681737e-08 6.004897849989703e-08 2628153.793289272 192
78 8.69429581801286e-09 1.437351835284406e-08 2323279.284528497 44
81 3.739631503637344e-09 8.059196991233324e-09 1987262.740707973 25


3 5.433889005881054e-10 6.52690019136871e-10 7828081.331574263 18
6 2.928721848428489e-09 4.210044653692542e-09 6742205.866913671 62
9 8.731568511519823e-09 7.577450776298134e-09 6610433.723065031 98
12 2.165625828601917e-08 2.501460168777477e-08 6554398.62659613 210
15 3.280786800543511e-08 4.24747337852765e-08 5054915.806519382 350
18 5.489701781536573e-08 6.322374883965161e-08 5161696.728901984 450
21 7.424900427438357e-08 9.279526470961541e-08 4663291.401173559 602
24 9.019574925694429e-08 1.181948036667932e-07 4014417.059113492 762
27 1.636219218884674e-07 1.80933442229117e-07 3961407.579854559 1142
30 1.867574713673293e-07 2.182050660427299e-07 3820436.998241994 1250
33 2.261538446777629e-07 2.642116772578745e-07 3605517.876580821 1458
36 2.786979684263165e-07 3.517691921782496e-07 3405092.454118863 1814
39 3.215552035281937e-07 4.496080434803084e-07 3188718.694437585 2178
42 3.923667275831284e-07 5.030795052352528e-07 3007924.075471703 2498
45 4.346091489246488e-07 6.036309648073732e-07 3090568.440539088 2622
48 5.564002803834286e-07 7.31227265827321e-07 2959099.834640045 3191
51 5.519277237369073e-07 7.099020749047286e-07 2863391.024116634 3044
54 4.779500503836936e-07 7.079768689796513e-07 2809504.290767452 2736
57 4.205210213764747e-07 5.929495585686259e-07 2739871.921743028 2276
60 3.702026449057739e-07 5.383049054359652e-07 2629875.173391703 2016
63 3.094744313610565e-07 4.65102194849067e-07 2620045.683364426 1640
66 2.00338017950868e-07 2.943086159858087e-07 2482474.695914449 1056
69 1.25623861039906e-07 2.03771664945959e-07 2431694.577876105 683
72 5.648067922796774e-08 8.959615428137206e-08 2018239.907630814 350
75 4.466702881576845e-08 6.591975908070753e-08 2683134.724571532 192
78 9.573275954874308e-09 1.280178363720012e-08 2290242.393621696 44
81 3.324590830711395e-09 7.012110856670131e-09 1747672.134189506 25


3 4.653546479054336e-10 6.225213745411445e-10 7130829.421416329 18
6 2.647687426982234e-09 4.336349450422749e-09 6592836.300131666 62
9 8.752307926526193e-09 7.462757289592922e-09 6632142.954673849 98
12 2.105817815918541e-08 2.603862561597757e-08 6637478.149695151 210
15 3.170573966921943e-08 4.11641928364367e-08 4919464.768872164 350
18 5.494987402475603e-08 6.525095448376542e-08 5279272.758959068 450
21 7.341292456390959e-08 9.41798126447771e-08 4700558.142808857 602
24 8.835822114324621e-08 1.156327747241704e-07 3951547.259516981 762
27 1.61154344863718e-07 1.841315008232419e-07 3990679.314587361 1142
30 1.809772986442107e-07 2.213397135064198e-07 3811718.374668888 1250
33 2.191994699801987e-07 2.737194146558427e-07 3636332.741474428 1458
36 2.772011569449855e-07 3.57656066526903e-07 3445346.28656101 1814
39 3.152953951883762e-07 4.521326516724052e-07 3185969.781017061 2178
42 3.829588913368169e-07 5.020094980998183e-07 2986769.066922228 2498
45 4.433237330246498e-07 5.931621445718194e-07 3107319.410618869 2622
48 5.510658566446628e-07 7.274320566051452e-07 2954150.326395067 3191
51 5.401111636193131e-07 7.277232099194268e-07 2887019.710505972 3044
54 4.699139892555142e-07 7.0469185562442e-07 2794701.295638704 2736
57 4.135771959648312e-07 5.95132473686009e-07 2738513.95763098 2276
60 3.77404439510288e-07 5.336686666234169e-07 2654868.418510055 2016
63 3.056130448569469e-07 4.618597110275137e-07 2608140.233139335 1640
66 1.972055818771323e-07 2.930776548869154e-07 2471660.165466479 1056
69 1.209873760368304e-07 2.062632047424039e-07 2420052.064065458 683
72 5.505672620375879e-08 8.695229844270683e-08 1971889.308357853 350
75 3.812220422855724e-08 7.563517283102944e-08 2725914.052521862 192
78 8.47838549847373e-09 1.320394059302652e-08 2210939.353925543 44
81 5.048213491937343e-09 5.044779376876155e-09 1795448.932490688 25


3 3.766323420832083e-10 6.368537811867261e-10 6611137.983039324 18
6 2.707544455503508e-09 4.102020291149789e-09 6481774.62866153 62
9 8.477172456888952e-09 8.025387533216708e-09 6769686.365152026 98
12 2.104690776119913e-08 2.441332734559094e-08 6465352.238990042 210
15 3.178955145645795e-08 3.892202038050522e-08 4815101.337969569 350
18 5.434602858028968e-08 6.67232943940021e-08 5342440.321597248 450
21 7.257359000813364e-08 9.316610416474874e-08 4676063.232946237 602
24 8.898935915022871e-08 1.101882290578132e-07 3891332.587984397 762
27 1.569030086466282e-07 1.887384050059654e-07 4010660.743008463 1142
30 1.770618166439e-07 2.214802423110632e-07 3795196.04580295 1250
33 2.133559493652236e-07 2.75961586952016e-07 3625499.44851801 1458
36 2.718831048425615e-07 3.662589263010281e-07 3476283.45570786 1814
39 3.18077214982718e-07 4.406630095407972e-07 3172922.775728011 2178
42 3.805915023433572e-07 4.967794696922055e-07 2979414.113517685 2498
45 4.586045096124788e-07 5.582698937373052e-07 3081968.928494644 2622
48 5.439831575018186e-07 7.370927502810533e-07 2973480.527018243 3191
51 5.221440520606854e-07 7.485237047719867e-07 2900521.957054725 3044
54 4.711854722122775e-07 6.911209034371613e-07 2783930.174790605 2736
57 4.013991952742942e-07 6.03253530107415e-07 2736088.726392216 2276
60 3.751737456862895e-07 5.463897825241559e-07 2696175.100826936 2016
63 3.001156462051714e-07 4.668830018903914e-07 2616296.451353915 1640
66 1.927366135760988e-07 3.044583464094871e-07 2511158.676543714 1056
69 1.251250998567683e-07 1.962394645954965e-07 2400840.048255004 683
72 5.466336898218584e-08 8.835966812211709e-08 1993761.252466463 350
75 3.86265683251524e-08 7.233358509365111e-08 2680708.544683794 192
78 6.502008643678907e-09 1.443769688179403e-08 2098754.074432076 44
81 6.436913538364475e-09 5.381940471650791e-09 2143728.757091039 25


3 3.61428657551003e-10 5.576487584667351e-10 6056154.035121458 18
6 2.827116795484131e-09 3.781296289281629e-09 6364763.521291899 62
9 8.258730342229327e-09 8.214761213810134e-09 6786055.352203473 98
12 2.097780001519828e-08 2.283352879638217e-08 6289281.533784436 210
15 3.33744004916347e-08 3.693689078764656e-08 4841163.62424162 350
18 5.265476608462399e-08 6.668820540153695e-08 5291073.321252923 450
21 7.179540615647681e-08 9.379912755228911e-08 4696773.243523754 602
24 9.239765883583535e-08 1.07939631470432e-07 3949586.190399747 762
27 1.515722528772787e-07 1.855130481565037e-07 3932421.253630574 1142
30 1.785736804638187e-07 2.120217374422134e-07 3752483.072506129 1250
33 2.143388126844566e-07 2.773078830409162e-07 3665256.309843805 1458
36 2.717384462013218e-07 3.634385626539432e-07 3482712.462742587 1814
39 3.2035347159435e-07 4.340775927669422e-07 3177913.643299888 2178
42 3.758396036639636e-07 4.990557646828276e-07 2986605.420631712 2498
45 4.601090567828368e-07 5.590064975030019e-07 3108340.872090002 2622
48 5.335594784505206e-07 7.507470776549692e-07 2993066.155357188 3191
51 5.024634279040189e-07 7.484418263662678e-07 2866712.276350557 3044
54 4.759854227131007e-07 6.777544710772924e-07 2784923.144608251 2736
57 4.085136945347782e-07 5.739326634878956e-07 2702446.78366143 2276
60 3.702591479210122e-07 5.463297687614178e-07 2695843.173809709 2016
63 3.015923927511969e-07 4.760374818702255e-07 2666308.863536086 1640
66 1.952545578858267e-07 2.980857258922793e-07 2512049.189022757 1056
69 1.240282837908927e-07 1.907599513286734e-07 2368811.519025726 683
72 5.571330699362629e-08 8.826272098466416e-08 2021806.126536277 350
75 4.103439024327743e-08 6.817475043681029e-08 2674633.060446329 192
78 7.267585450053313e-09 1.289543283915827e-08 2062191.70476765 44
81 6.2816890957445e-09 7.880419225458083e-09 2512830.279229299 25


3 4.065880765566108e-10 5.650018053575164e-10 6475920.560048692 18
6 2.806306562581864e-09 3.821911131572409e-09 6419966.359659934 62
9 8.319145149138385e-09 7.538012184622468e-09 6597070.468773432 98
12 2.203582935387611e-08 2.14060023784325e-08 6305740.044469699 210
15 3.307431884676066e-08 3.523484791567002e-08 4739584.395295316 350
18 5.224356254364101e-08 6.603470702371793e-08 5277589.958137792 450
21 7.248131186845756e-08 9.269846797910476e-08 4719725.21155048 602
24 9.216796998323651e-08 1.075552870093233e-07 3961699.338551768 762
27 1.500714901163398e-07 1.840373613189751e-07 3921617.15764043 1142
30 1.738938640082536e-07 2.1120358991722e-07 3718293.911190426 1250
33 2.149121414256256e-07 2.678689112234313e-07 3628624.440175679 1458
36 2.782844022419113e-07 3.547261612475756e-07 3501462.194117702 1814
39 3.327941165177749e-07 4.170184647032549e-07 3191369.816011965 2178
42 3.722121100079699e-07 5.017285975912654e-07 3000150.085829981 2498
45 4.549688160783135e-07 5.557231530475935e-07 3100726.773127041 2622
48 5.276083453644871e-07 7.576716551376414e-07 3011711.453481128 3191
51 4.986588931598624e-07 7.440756293128797e-07 2866736.687713733 3044
54 4.717376545865811e-07 6.605944406771302e-07 2753629.950653854 2736
57 4.094835367285009e-07 5.833034750371675e-07 2746455.344037342 2276
60 3.575887316415308e-07 5.618920844244882e-07 2712535.524627614 2016
63 3.051610569050647e-07 4.664000356253442e-07 2668320.872501755 1640
66 1.966422554417794e-07 3.038318789145065e-07 2563472.175215322 1056
69 1.219939818919453e-07 1.839560443164307e-07 2320409.879973359 683
72 5.798566919999131e-08 8.789031916365696e-08 2067912.830978754 350
75 4.384880509674616e-08 6.036227917485588e-08 2600701.243860663 192
78 8.01178619058737e-09 1.139348530787256e-08 2027519.640503085 44
81 3.484073645714376e-09 1.247418149222008e-08 2672514.142651379 25


3 4.889029817181626e-10 5.206274013469592e-10 6847360.081061354 18
6 2.79240529933672e-09 3.67743084768409e-09 6318383.172658549 62
9 8.433303954344601e-09 7.356038920372692e-09 6609517.497345943 98
12 2.193663718070928e-08 2.106992100706951e-08 6276990.199894657 210
15 3.202499959491533e-08 3.501854177340375e-08 4672862.927605959 350
18 5.048575330791156e-08 6.632895851164427e-08 5238308.958580366 450
21 7.207188860628572e-08 9.186613791816252e-08 4715709.369567648 602
24 9.395916091643016e-08 1.053591334751608e-07 3984198.892762719 762
27 1.48966300800135e-07 1.877675226545642e-07 3972897.728974104 1142
30 1.728354061907828e-07 2.09793000301788e-07 3717707.569944371 1250
33 2.131625192045935e-07 2.581128216258424e-07 3569248.011079017 1458
36 2.765647506439753e-07 3.541125946693598e-07 3510496.822859508 1814
39 3.416667012109308e-07 4.024333114390129e-07 3196101.824771609 2178
42 3.741587814730565e-07 5.001425161373377e-07 3022868.468778335 2498
45 4.465289124238724e-07 5.608312846441074e-07 3105578.888324846 2622
48 5.37427263126898e-07 7.265829906057059e-07 2991324.357652709 3191
51 5.085006243232712e-07 7.190665368777033e-07 2859677.961733935 3044
54 4.730699549588748e-07 6.445275533010552e-07 2740189.011306311 2736
57 4.08656166092952e-07 5.980273131596746e-07 2800417.549578756 2276
60 3.593947106325203e-07 5.494669685665858e-07 2704978.120554961 2016
63 3.036416746720233e-07 4.435099205553492e-07 2608897.260996766 1640
66 1.996535444973859e-07 3.080296978380433e-07 2619532.905478472 1056
69 1.226947747345137e-07 1.764260183854323e-07 2290797.324774647 683
72 6.154382706502494e-08 8.205218663181173e-08 2065203.419823167 350
75 4.366202790670666e-08 5.531802996369571e-08 2498547.097773125 192
78 8.995641174847042e-09 1.087096011354755e-08 2110332.131145337 44
81 4.514588811311549e-09 8.274009237845554e-09 2244529.990468907 25


3 5.278748766956348e-10 5.644967722764258e-10 7449531.634864779 18
6 2.728209035393287e-09 3.680084678725114e-09 6298218.363029917 62
9 8.541192398206727e-09 7.061611034837184e-09 6569564.604697714 98
12 2.161116054410989e-08 2.006399656302364e-08 6118777.482014405 210
15 3.20263029658869e-08 3.499284058323241e-08 4698175.336911112 350
18 5.041892935428436e-08 6.364269129370983e-08 5157955.308679226 450
21 7.142752115775947e-08 9.076830066361699e-08 4698065.985821206 602
24 9.321796287182844e-08 1.050452947466161e-07 3985804.746324501 762
27 1.512377552102656e-07 1.852031761731805e-07 4000184.200847583 1142
30 1.716444219330365e-07 2.11081157189304e-07 3740897.777299042 1250
33 2.150695247254954e-07 2.594164667098884e-07 3617095.349052061 1458
36 2.69616849951837e-07 3.556525641896634e-07 3500195.103657273 1814
39 3.430513302537848e-07 3.941975965572447e-07 3189077.52901956 2178
42 3.755380118794449e-07 4.909510819914607e-07 3019517.763854588 2498
45 4.415995383677103e-07 5.591255356321098e-07 3104373.592598038 2622
48 5.427476426704225e-07 6.984221216874807e-07 2963897.323358448 3191
51 5.178306089446189e-07 7.057078397963679e-07 2875587.374209996 3044
54 4.749560212071189e-07 6.32694815232109e-07 2737520.328064071 2736
57 4.10673441969042e-07 5.813717287140302e-07 2784414.345370139 2276
60 3.683915169283191e-07 5.332664923690414e-07 2710992.051144524 2016
63 3.105990423283474e-07 4.239105365226124e-07 2591864.79003782 1640
66 1.986669471295804e-07 3.062351410163622e-07 2625449.013775636 1056
69 1.190061077464854e-07 1.762204190194175e-07 2273949.886057121 683
72 5.997906978808575e-08 8.213628956747556e-08 2054587.601959028 350
75 4.052291920254272e-08 5.920373207240898e-08 2514015.557057736 192
78 8.49193540447783e-09 1.294057801645701e-08 2261281.280354469 44
81 4.430810701693854e-09 8.315639484900742e-09 2253421.509172435 25


3 5.445556045402829e-10 6.032262261082051e-10 7866031.768182339 18
6 2.643944462481976e-09 3.574294321724785e-09 6156946.741385993 62
9 8.645886350145193e-09 7.187769598110611e-09 6692081.751211716 98
12 2.069067404174194e-08 2.009569330679048e-08 6009961.365466843 210
15 3.258437465662556e-08 3.490509052046456e-08 4761671.592837117 350
18 4.965127142877517e-08 6.217594223691113e-08 5093302.508237578 450
21 7.213455513336992e-08 8.879151491162894e-08 4697924.72548163 602
24 9.3196348164529e-08 1.012608960904201e-07 3937039.425416499 762
27 1.51813234643233e-07 1.864747444620853e-07 4048835.459365593 1142
30 1.714324672977944e-07 2.062453817283288e-07 3718711.336446615 1250
33 2.19597301097359e-07 2.545153754557361e-07 3642179.09243432 1458
36 2.713675586150788e-07 3.468839330778784e-07 3489067.722209566 1814
39 3.398431723347166e-07 3.92714778414596e-07 3187741.591968079 2178
42 3.789825524108641e-07 4.811700997505704e-07 3021395.102694771 2498
45 4.308518952470499e-07 5.5519635323734e-07 3077890.298327677 2622
48 5.520662580162265e-07 6.807761491907364e-07 2968493.518605606 3191
51 5.222758261346599e-07 6.831552571552267e-07 2857643.374183126 3044
54 4.747591195418291e-07 6.391928904615604e-07 2771459.723385276 2736
57 4.139768341159271e-07 5.680231544296878e-07 2779933.084628845 2276
60 3.75869546491684e-07 5.041574016558916e-07 2673687.048099828 2016
63 3.107280820464623e-07 4.150487597070547e-07 2581376.159317296 1640
66 2.028434960620807e-07 2.961758206403856e-07 2621150.81553815 1056
69 1.183382787860661e-07 1.827427249032334e-07 2332501.490421775 683
72 5.572654344565872e-08 8.681563264976526e-08 2063411.061754974 350
75 3.658954019520888e-08 6.67640035917998e-08 2598771.967614342 192
78 7.747691761482911e-09 1.312007031097304e-08 2207636.746686202 44
81 4.707869410960532e-09 6.302769793726425e-09 1996198.913777586 25


3 5.480780880103627e-10 6.170771584146196e-10 8032400.044882338 18
6 2.647880071147623e-09 3.653758295701647e-09 6282835.375096902 62
9 8.797060558401413e-09 7.03591391841921e-09 6727470.171404336 98
12 2.004176922516783e-08 1.997248547974328e-08 5925455.091280856 210
15 3.283685687668441e-08 3.458028938439624e-08 4786739.637756748 350
18 4.886773792529457e-08 6.106806403379239e-08 5041777.966825064 450
21 7.125333920704741e-08 8.994770627327334e-08 4735326.082864327 602
24 9.144307488107213e-08 1.027816372160955e-07 3953225.530423646 762
27 1.541102305005175e-07 1.838658078143382e-07 4074906.706415784 1142
30 1.711594368790928e-07 2.044962928367586e-07 3723761.079507438 1250
33 2.192858858134607e-07 2.503370392648917e-07 3631913.33560025 1458
36 2.735875464076812e-07 3.352712064520148e-07 3463254.553769055 1814
39 3.371027562752222e-07 3.901384964435906e-07 3184436.629091199 2178
42 3.846682910507769e-07 4.756897428087746e-07 3044774.553083951 2498
45 4.221136089920508e-07 5.539269408410216e-07 3066074.749306812 2622
48 5.483963380827083e-07 6.773585051439101e-07 2970716.292671769 3191
51 5.295818882154636e-07 6.603831619277014e-07 2844370.183729756 3044
54 4.742860929809833e-07 6.372269508376586e-07 2784966.5332364 2736
57 4.161308899173245e-07 5.578207645669063e-07 2778715.673823278 2276
60 3.769621398680358e-07 4.883117483762297e-07 2650105.178140141 2016
63 3.004323086399861e-07 4.222501178279669e-07 2583502.088310452 1640
66 2.071568845142681e-07 2.833201857459955e-07 2601173.42607036 1056
69 1.17974013500625e-07 1.875059345600509e-07 2382003.772151139 683
72 5.286762648901363e-08 9.348680401960778e-08 2124515.63497078 350
75 3.615335683857412e-08 6.530362624774473e-08 2573554.619771707 192
78 7.460056554388659e-09 1.219324016081954e-08 2098732.446384395 44
81 5.680410324223864e-09 4.864599428644084e-09 1962652.838963065 25


3 5.591629915500967e-10 6.19776099196667e-10 8180457.050795945 18
6 2.617052367029882e-09 3.68965035116647e-09 6328337.455537623 62
9 8.508203647497301e-09 7.134096469421846e-09 6676516.7574725 98
12 2.009712474628787e-08 1.97813000263321e-08 5941403.088813253 210
15 3.311169401331977e-08 3.487573125791783e-08 4856407.926484453 350
18 4.858812934955664e-08 5.979277495471529e-08 5004123.315066271 450
21 7.038831444295741e-08 9.022126920887902e-08 4747522.486132761 602
24 8.915588647128065e-08 1.037694425952192e-07 3948597.517714129 762
27 1.554072680080208e-07 1.81972640629384e-07 4095049.219488258 1142
30 1.708550207258948e-07 2.039396718071144e-07 3738920.416344248 1250
33 2.179929947371893e-07 2.467061101068655e-07 3616848.918717423 1458
36 2.753251770296096e-07 3.285401577384564e-07 3458828.39516422 1814
39 3.334196063638335e-07 3.869693993710385e-07 3173895.326653051 2178
42 3.891927908274742e-07 4.648107904985838e-07 3044123.011267771 2498
45 4.169493971433087e-07 5.563080144545518e-07 3076166.290852454 2622
48 5.38225088705698e-07 6.764161794995606e-07 2961256.047058051 3191
51 5.350824315797516e-07 6.443121272509986e-07 2839734.596698379 3044
54 4.714612365683331e-07 6.320890076086383e-07 2783382.952834493 2736
57 4.111148224298361e-07 5.533880699577636e-07 2769459.287581425 2276
60 3.72112135732492e-07 4.851678236902725e-07 2641987.96555075 2016
63 2.939852801687807e-07 4.31449724434626e-07 2607052.310952909 1640
66 2.072955320948265e-07 2.755915872916064e-07 2580106.449841977 1056
69 1.20253411974907e-07 1.82379472020114e-07 2380013.045167342 683
72 5.384210304565587e-08 9.006558108491775e-08 2108214.202972199 350
75 3.955165544410171e-08 5.94034589425424e-08 2545602.017924983 192
78 7.312149515511588e-09 1.18425355593034e-08 2060454.796987808 44
81 5.720571555663692e-09 5.308517948984052e-09 2056358.924213967 25


3 5.481602664943294e-10 6.275828577067491e-10 8203226.705520468 18
6 2.530876451000785e-09 3.682946430044902e-09 6268307.806142151 62
9 8.169315773074689e-09 7.36725984113113e-09 6664618.432013478 98
12 1.9730414631814e-08 1.941905726137148e-08 5868691.163724501 210
15 3.340432781118142e-08 3.547338756452211e-08 4949265.718688201 350
18 4.795244092711487e-08 5.9018856499585e-08 4968517.091838817 450
21 6.995749777584675e-08 8.938750753168482e-08 4738461.931745471 602
24 8.672033585836258e-08 1.038587828998944e-07 3921936.587823224 762
27 1.545545427079366e-07 1.822458932842077e-07 4112038.828089355 1142
30 1.693346841535781e-07 2.050139932864364e-07 3755832.527495199 1250
33 2.15721008494032e-07 2.450822436781135e-07 3607926.324670761 1458
36 2.766031672295877e-07 3.239675180732352e-07 3462063.34243463 1814
39 3.260516453051578e-07 3.937385410955662e-07 3187467.763804335 2178
42 3.898994543915821e-07 4.606727039266883e-07 3050917.341165947 2498
45 4.11821196225934e-07 5.616171863613109e-07 3093380.35205839 2622
48 5.270061547624758e-07 6.772527350587936e-07 2951821.989216344 3191
51 5.251479228932401e-07 6.467205183483769e-07 2836830.030123985 3044
54 4.710939365680814e-07 6.274832300269956e-07 2787862.502744865 2736
57 4.059163776381225e-07 5.472990051475886e-07 2753227.636489714 2276
60 3.563936898114249e-07 4.969860437347354e-07 2640193.495780462 2016
63 2.911839063893206e-07 4.365118602125803e-07 2628888.871446614 1640
66 2.029291148721909e-07 2.77971979504825e-07 2582211.667286893 1056
69 1.24771843383885e-07 1.741171765821824e-07 2371357.333148396 683
72 5.926365343519084e-08 8.117130518071813e-08 2084536.170937074 350
75 4.325786230866183e-08 5.365699461840602e-08 2526485.050432944 192
78 7.491537608824652e-09 1.085910110187063e-08 1994379.707461283 44
81 4.612778890648025e-09 7.626840256047905e-09 2241264.654139328 25


3 5.383177998289075e-10 6.221936341525602e-10 8141961.305050094 18
6 2.473503095508447e-09 3.719427237692686e-09 6272482.631960466 62
9 7.879270933181187e-09 7.709326042766797e-09 6720861.770634981 98
12 1.928636464381357e-08 1.866420365659924e-08 5727973.083692296 210
15 3.321860926333619e-08 3.56948979423188e-08 4981002.317217527 350
18 4.714693065476297e-08 5.848611546474536e-08 4932482.238313073 450
21 6.932125094810759e-08 8.830006627172434e-08 4712593.818033919 602
24 8.493817791847759e-08 1.035260537782356e-07 3898708.232636154 762
27 1.526380139353036e-07 1.833092984370185e-07 4123286.225371223 1142
30 1.689956883995281e-07 2.065251815198017e-07 3787934.942698719 1250
33 2.125489666631741e-07 2.432465346096823e-07 3589155.102151034 1458
36 2.752898472734067e-07 3.182288948605791e-07 3442414.986854147 1814
39 3.175038323428137e-07 4.017601915929824e-07 3199156.398555095 2178
42 3.889545830130128e-07 4.620739832053578e-07 3069744.629981569 2498
45 4.08779359398958e-07 5.602397854256572e-07 3094934.832407637 2622
48 5.175609449516767e-07 6.798048872643349e-07 2949052.855323995 3191
51 5.119526804131536e-07 6.571464058943637e-07 2842470.269521459 3044
54 4.673011943115197e-07 6.288332941403105e-07 2795671.544931345 2736
57 4.007268472185262e-07 5.468357913511212e-07 2750412.397002966 2276
60 3.444764272076701e-07 5.027236242003726e-07 2630658.413846594 2016
63 2.925860004063809e-07 4.321348513171723e-07 2632601.219300513 1640
66 1.970637771268482e-07 2.824915252352312e-07 2584362.601101966 1056
69 1.256345759007327e-07 1.710210046120335e-07 2368437.986872591 683
72 6.105336148352105e-08 7.738191598012932e-08 2072505.170471519 350
75 4.37132978237273e-08 5.229124219909339e-08 2521212.788997298 192
78 7.632208528746292e-09 1.064863875278716e-08 2000564.365706305 44
81 3.624277284821425e-09 9.92794701763188e-09 2442230.993486923 25


3 5.265204446870017e-10 5.844365596050839e-10 7847659.728359418 18
6 2.48351464553994e-09 3.657402001761039e-09 6247978.636075072 62
9 7.537950582150573e-09 8.031090484270158e-09 6742062.382684163 98
12 1.889804134271696e-08 1.812730187045895e-08 5628538.623959959 210
15 3.315146066750753e-08 3.589364313592992e-08 5020623.104154911 350
18 4.560145285741182e-08 5.796432826692626e-08 4858071.491253881 450
21 6.834124981647922e-08 8.845347136806997e-08 4709663.442358728 602
24 8.290049761740822e-08 1.040274377129839e-07 3884524.30894508 762
27 1.506650236161154e-07 1.841004717859006e-07 4129419.479307867 1142
30 1.698822600844295e-07 2.062937400452465e-07 3816015.055333533 1250
33 2.100985572250659e-07 2.391667757970233e-07 3559262.94758878 1458
36 2.698000791069394e-07 3.195312364543691e-07 3435403.054476128 1814
39 3.128923274231593e-07 4.003781356254443e-07 3188104.610041778 2178
42 3.869576588282496e-07 4.657703343683989e-07 3092092.367129801 2498
45 4.027482166404746e-07 5.628766315541195e-07 3096858.566237529 2622
48 5.036983937400269e-07 6.87716569703345e-07 2945310.894203316 3191
51 4.978040805320112e-07 6.716618751627374e-07 2853116.203200008 3044
54 4.607743834951065e-07 6.296267130156953e-07 2793448.419257123 2736
57 3.922489557888325e-07 5.565422164974396e-07 2763445.999927957 2276
60 3.416104873429027e-07 5.0207404901406e-07 2631115.223390202 2016
63 2.961466987201091e-07 4.204591845352036e-07 2619455.078804976 1640
66 1.94039619821737e-07 2.864383204827291e-07 2598503.919006982 1056
69 1.223883383157899e-07 1.736026147848363e-07 2370905.71767176 683
72 5.74912875450469e-08 8.347826242512492e-08 2108767.54041461 350
75 4.137185648564531e-08 5.373016824121008e-08 2502423.744415547 192
78 7.428071653916111e-09 1.143601921056399e-08 2064885.358762021 44
81 4.120727249696475e-09 9.129959586923092e-09 2414433.654159122 25


3 5.079710650012475e-10 5.31213966184499e-10 7401729.492476474 18
6 2.462409392689824e-09 3.427880705942468e-09 6029407.720758157 62
9 7.317245747073007e-09 8.320927636876315e-09 6799997.911944678 98
12 1.82667234700534e-08 1.851746463351526e-08 5621269.056956419 210
15 3.35439339381663e-08 3.674955638510374e-08 5141848.814810675 350
18 4.47803362417301e-08 5.557495362965368e-08 4736285.927126389 450
21 6.915226635435516e-08 8.856446605667734e-08 4763506.438373527 602
24 8.049565098952162e-08 1.049086398941121e-07 3868045.21226956 762
27 1.495545723643564e-07 1.813178840266525e-07 4105369.007235019 1142
30 1.713559761978608e-07 2.032238017134611e-07 3824717.951729262 1250
33 2.069648608138817e-07 2.396968325886156e-07 3557835.26871609 1458
36 2.635676897889992e-07 3.271581439320299e-07 3457184.055931721 1814
39 3.054060092867042e-07 4.018509288850321e-07 3174459.442048077 2178
42 3.804604692906798e-07 4.753160298318147e-07 3116234.763332185 2498
45 3.984297537505005e-07 5.649646569411988e-07 3102607.995293774 2622
48 4.905910570732003e-07 6.921333573169218e-07 2934227.312357049 3191
51 4.833222893547707e-07 6.817928430463581e-07 2851357.634780655 3044
54 4.551748380916419e-07 6.306123563954094e-07 2793902.928175802 2736
57 3.833987025648125e-07 5.577200962078439e-07 2751146.577177932 2276
60 3.432928524275891e-07 4.925237331573102e-07 2621666.416451999 2016
63 2.956073820778645e-07 4.139788557962952e-07 2608244.416726763 1640
66 1.979755843822853e-07 2.882219503713207e-07 2643626.933040046 1056
69 1.163138407481467e-07 1.774760953225446e-07 2356129.943920927 683
72 5.384282633017128e-08 9.20248532912297e-08 2174001.130251657 350
75 3.531484076233697e-08 6.122758411484193e-08 2514674.825382383 192
78 7.956354834384367e-09 1.162196289720735e-08 2159291.780542968 44
81 5.462526741132517e-09 6.55194342502041e-09 2271698.406672667 25


3 5.153041563272823e-10 5.393371702143574e-10 7561764.961750228 18
6 2.317635899794594e-09 3.574488957869778e-09 6035743.923031703 62
9 6.957902899698808e-09 8.488343990216349e-09 6738083.536789907 98
12 1.761665231978151e-08 1.91413969906738e-08 5639392.301052505 210
15 3.436570814921113e-08 3.705171590269064e-08 5260939.231090905 350
18 4.485436314442913e-08 5.326881865824263e-08 4665791.290338421 450
21 7.016433331088365e-08 8.786714338861621e-08 4803763.944131736 602
24 7.912960760931046e-08 1.070951089380317e-07 3899816.528691928 762
27 1.463166771220579e-07 1.817123324274203e-07 4089484.033266366 1142
30 1.703993116809024e-07 1.998615670682918e-07 3805032.941420338 1250
33 2.028430821299099e-07 2.417991450582556e-07 3558795.615007211 1458
36 2.61244729980878e-07 3.294025767869434e-07 3474107.796773871 1814
39 2.950299650277374e-07 4.112619871927557e-07 3178842.979780812 2178
42 3.66222581891709e-07 4.933013965210254e-07 3136639.517710155 2498
45 4.033423819015109e-07 5.479936296087887e-07 3085586.703224722 2622
48 4.854960762617076e-07 6.911571115976674e-07 2932813.019120659 3191
51 4.797759569494107e-07 6.854090345207697e-07 2864380.54271213 3044
54 4.486650759657686e-07 6.317806700506006e-07 2792456.415019216 2736
57 3.761023346542674e-07 5.479900355537226e-07 2714725.116859562 2276
60 3.407757986847098e-07 4.93740542121276e-07 2629621.270656662 2016
63 2.858633301182459e-07 4.22392621332394e-07 2609488.258243864 1640
66 1.969111192284214e-07 2.886071560896942e-07 2652426.67873395 1056
69 1.17921759738146e-07 1.749052022919811e-07 2363764.88581915 683
72 5.491004997346634e-08 9.171129985723577e-08 2197715.374719108 350
75 3.180565089582176e-08 6.369066437286218e-08 2477744.640857441 192
78 6.580454421943677e-09 1.293602511104602e-08 2125406.214061524 44
81 6.046640615971837e-09 4.665449881699358e-09 2095729.288851418 25


3 5.41991993306214e-10 4.286727934629043e-10 7091065.28483408 18
6 2.277905060796826e-09 3.724127387901681e-09 6164291.982094636 62
9 6.590807806639193e-09 8.584483485969154e-09 6639468.35709624 98
12 1.725215412492191e-08 1.75883142311671e-08 5394207.172742728 210
15 3.461988306925693e-08 3.598092256749618e-08 5242211.26847922 350
18 4.610250065907927e-08 5.531593064999822e-08 4849052.66164553 450
21 6.815744734831951e-08 8.550858113839862e-08 4697882.393469673 602
24 7.910756834559012e-08 1.084585320628453e-07 3947542.956576014 762
27 1.441605442796765e-07 1.831525638476259e-07 4100157.237247211 1142
30 1.659052879435283e-07 2.034627840625863e-07 3810712.318628157 1250
33 1.963407765736425e-07 2.409332079744955e-07 3515952.232901007 1458
36 2.638528458367469e-07 3.26309840742973e-07 3494875.691283352 1814
39 2.955347721967138e-07 4.084152882863815e-07 3187255.613291061 2178
42 3.562210667314257e-07 5.040394307145503e-07 3149365.494718816 2498
45 4.019189467792112e-07 5.27891371881144e-07 3038065.557811511 2622
48 4.982613255105303e-07 6.856066992287877e-07 2972370.605339919 3191
51 4.7792412241394e-07 6.923873790627516e-07 2890758.228066797 3044
54 4.366463614255092e-07 6.452271499963959e-07 2804461.303680278 2736
57 3.719101385940065e-07 5.421346433342719e-07 2699925.01556482 2276
60 3.309456597009228e-07 5.083880382193175e-07 2650736.30573501 2016
63 2.793637698722123e-07 4.095807036894197e-07 2553444.120716929 1640
66 1.910633874873767e-07 2.975096109043736e-07 2674413.718401665 1056
69 1.162766547508191e-07 1.846209979513172e-07 2432348.259161706 683
72 5.763957134916487e-08 8.412550577392819e-08 2153624.82366307 350
75 3.479629586286811e-08 5.608449320787467e-08 2400698.155655757 192
78 5.978113876503641e-09 1.299944029395219e-08 2064229.854790792 44
81 5.01220062997112e-09 5.628455535133243e-09 2045589.586328398 25


3 4.991061501326238e-10 3.243933668661077e-10 6102122.100887856 18
6 2.266771448804701e-09 3.82347891147388e-09 6283790.026905816 62
9 6.129742918130401e-09 8.664142214026786e-09 6487564.169616008 98
12 1.721622848695773e-08 1.795562057388233e-08 5472384.206341478 210
15 3.491640118403456e-08 3.447880543744814e-08 5195348.757596419 350
18 4.595961010513547e-08 5.77204541248754e-08 4976343.186784474 450
21 6.629864743530893e-08 8.046200267560152e-08 4520395.007596469 602
24 7.926140278051275e-08 1.090444899799742e-07 3986078.98446126 762
27 1.443894151422587e-07 1.819409879273563e-07 4113785.777948622 1142
30 1.636309345627787e-07 2.07316852234059e-07 3843896.361751161 1250
33 1.958034313371264e-07 2.369070612558104e-07 3502377.01191478 1458
36 2.666876426011194e-07 3.138787733009365e-07 3466903.262387018 1814
39 2.920989724185462e-07 4.110689451795642e-07 3199829.461781212 2178
42 3.542211771937254e-07 5.01337137128268e-07 3150793.792289457 2498
45 4.072876079153245e-07 5.192998045314379e-07 3050209.094841527 2622
48 5.052272616202553e-07 6.638617691642362e-07 2959848.415304863 3191
51 4.845129866844517e-07 6.851947182804399e-07 2910214.382087732 3044
54 4.345004539782e-07 6.408966894395806e-07 2804618.419949963 2736
57 3.676906289492599e-07 5.323273236664538e-07 2675347.045021669 2276
60 3.315110311819416e-07 4.999761620439018e-07 2644383.392444883 2016
63 2.758716261460608e-07 3.98943056328811e-07 2517967.568084134 1640
66 1.914256677669111e-07 2.94723324085275e-07 2678800.441878298 1056
69 1.146881063220738e-07 1.929321779105826e-07 2493114.617744407 683
72 5.65515586456373e-08 8.632284054604667e-08 2177365.012529576 350
75 3.721719907966461e-08 5.264740650816439e-08 2407671.688107754 192
78 6.965867281005977e-09 1.155495200779565e-08 2060669.852395729 44
81 3.662996865064588e-09 7.32680484619388e-09 2046892.271491559 25


3 4.981042615389299e-10 3.034778939435987e-10 5978465.294020722 18
6 2.484863527677896e-09 3.689394259215791e-09 6448173.866097772 62
9 5.647773339557439e-09 8.964943618880219e-09 6419461.472479967 98
12 1.769830082830616e-08 1.842626171826209e-08 5652189.914862083 210
15 3.376853033822698e-08 3.40034314853679e-08 5096636.778826637 350
18 4.530387699045721e-08 5.562512020053378e-08 4878591.565737819 450
21 6.759125356301272e-08 8.242832833706783e-08 4647455.911931885 602
24 7.805604819262754e-08 1.081683222267253e-07 3965912.897613137 762
27 1.439710707989216e-07 1.773966696450675e-07 4079910.585841782 1142
30 1.657608841546802e-07 2.065985469636207e-07 3884910.949058163 1250
33 1.946365060680635e-07 2.345339732331775e-07 3495000.41961615 1458
36 2.645701259161359e-07 3.109197666130408e-07 3456861.929190425 1814
39 2.933465819711305e-07 4.101707041646725e-07 3222904.794769081 2178
42 3.476085148259569e-07 4.914478929966676e-07 3110007.72202845 2498
45 4.117893702546342e-07 5.23482936877472e-07 3097879.102483662 2622
48 5.086706946112199e-07 6.610163634914026e-07 2981191.168724998 3191
51 4.870679721509023e-07 6.741442298864105e-07 2910592.189051539 3044
54 4.373953099788745e-07 6.194528849058166e-07 2779857.825712149 2736
57 3.671582722784506e-07 5.049750656979845e-07 2616042.428161214 2276
60 3.394226939963644e-07 4.827633951644352e-07 2640043.483456556 2016
63 2.761972661916091e-07 4.078478045069304e-07 2565708.509812688 1640
66 1.859336008030798e-07 2.840299870446079e-07 2607689.511143918 1056
69 1.242144575471554e-07 1.824840733429772e-07 2521749.133067221 683
72 5.72505587770888e-08 8.528387218631346e-08 2189370.081307741 350
75 3.85781464480278e-08 4.838806313599182e-08 2361551.967201555 192
78 8.145898737711612e-09 1.197072181138485e-08 2269894.531889457 44
81 2.666458205083266e-09 8.497095198853359e-09 2042004.045983667 25


3 5.35602246235168e-10 3.198939592316647e-10 6400505.270186365 18
6 2.560480370871005e-09 3.507495437230451e-09 6400903.188432602 62
9 5.660283567754195e-09 8.442057661249803e-09 6255877.358952685 98
12 1.788463502619546e-08 1.737586691047009e-08 5560042.946642859 210
15 3.296326596701541e-08 3.689992068183732e-08 5260195.449478745 350
18 4.51174652746777e-08 4.984411464582488e-08 4636563.119296798 450
21 7.049621590663487e-08 8.167590806749697e-08 4752087.195977043 602
24 7.674876728821953e-08 1.076084814372099e-07 3951123.892981844 762
27 1.440674738654844e-07 1.794511704991794e-07 4130768.368914165 1142
30 1.669840992562852e-07 2.019896534533932e-07 3878000.563589247 1250
33 1.920237122118709e-07 2.315828660323836e-07 3470257.252018123 1458
36 2.548910587924499e-07 3.24261890195758e-07 3487968.032198143 1814
39 2.972990025954502e-07 4.01651964537153e-07 3228243.370606867 2178
42 3.503366442725331e-07 4.768433357898762e-07 3091782.57112517 2498
45 4.124757248051923e-07 5.229303928552224e-07 3117940.287251519 2622
48 5.157518651002666e-07 6.321377875699892e-07 2951693.084067616 3191
51 4.872762155728147e-07 6.577057363800338e-07 2892143.008182772 3044
54 4.496121655529096e-07 6.016775519166099e-07 2791068.514098293 2736
57 3.62387951698015e-07 4.973601698015623e-07 2596002.097837156 2276
60 3.449965050577012e-07 4.824203272830595e-07 2676767.377286847 2016
63 2.695948534978636e-07 4.120580698150358e-07 2569925.56779365 1640
66 1.83955318742891e-07 2.818430225202422e-07 2602303.057647288 1056
69 1.284451087455476e-07 1.806044608164165e-07 2564052.430490107 683
72 5.614604893933815e-08 8.47225102895655e-08 2176999.254829355 350
75 3.551111605656674e-08 5.327321474164615e-08 2401094.296456121 192
78 8.807347101842041e-09 1.034107587571515e-08 2202899.091930434 44
81 3.654647337721024e-09 6.185326102841732e-09 1878767.83461006 25


3 5.509861453406055e-10 3.400071607651776e-10 6672062.299326529 18
6 2.539948293350797e-09 3.454549326909037e-09 6369559.544809075 62
9 5.460719060106611e-09 8.467715862017534e-09 6218898.384534528 98
12 1.727621364424249e-08 1.700982156106154e-08 5430341.150340449 210
15 3.236079788416725e-08 3.773155356556464e-08 5301389.658502076 350
18 4.574755699908463e-08 4.776679602821613e-08 4599636.540075855 450
21 7.128716414010499e-08 8.068586997713483e-08 4777548.981207928 602
24 7.599715214596536e-08 1.104103605344457e-07 4019460.620386911 762
27 1.446944581677536e-07 1.734294887251766e-07 4092940.796980875 1142
30 1.684385578755459e-07 1.988628430035492e-07 3887434.031023636 1250
33 1.905577179725843e-07 2.297508104826793e-07 3464453.242680048 1458
36 2.470575719806255e-07 3.193976677160772e-07 3431783.159701734 1814
39 3.044704726110929e-07 3.912664190388324e-07 3241021.718187687 2178
42 3.529082538668617e-07 4.648838353764773e-07 3081283.334148853 2498
45 4.091179707895931e-07 5.195338546918307e-07 3115020.748248184 2622
48 5.216164339952334e-07 6.301295791829362e-07 2981412.926277047 3191
51 4.828696744485588e-07 6.518790324264244e-07 2885573.944895451 3044
54 4.584032438421565e-07 5.784642061346805e-07 2777539.067138661 2736
57 3.662328437876825e-07 4.930444268620673e-07 2614204.364924052 2276
60 3.486661962360703e-07 4.680395814441573e-07 2664769.88640908 2016
63 2.734967969712709e-07 4.078313170884234e-07 2590432.309961035 1640
66 1.874781943214803e-07 2.6409268389886e-07 2550832.942646867 1056
69 1.2660539597109e-07 1.789611834877632e-07 2551635.044929052 683
72 5.540667045106279e-08 8.563079394492752e-08 2192724.833139348 350
75 3.462406964012074e-08 5.43807435641515e-08 2418762.996756906 192
78 8.116597710352824e-09 9.919304072457622e-09 2081940.356990474 44
81 4.291856378204195e-09 5.737129696882624e-09 1953251.081713948 25


3 5.528202139202572e-10 3.672765849486124e-10 6893516.321629493 18
6 2.40107101758416e-09 3.317606534267927e-09 6118063.191327155 62
9 5.504912741447687e-09 8.41694032364989e-09 6268061.282987083 98
12 1.637491866123549e-08 1.727049359430962e-08 5347286.999095075 210
15 3.278221609244069e-08 3.688673232795499e-08 5306445.331134671 350
18 4.613514495990458e-08 4.787171387288914e-08 4649677.888048179 450
21 7.098051852488497e-08 8.020057728528932e-08 4781185.028894536 602
24 7.741645290013129e-08 1.049658707490058e-07 3969247.020874426 762
27 1.444563544396073e-07 1.725230427798973e-07 4104325.785585125 1142
30 1.686068327473629e-07 1.960730929471714e-07 3885140.187389498 1250
33 1.874590862252494e-07 2.344818174542985e-07 3496397.699605556 1458
36 2.440909419970221e-07 3.157393046323006e-07 3414494.272896971 1814
39 3.057951413986023e-07 3.795703615643084e-07 3217205.251657973 2178
42 3.557039098330193e-07 4.540557361888706e-07 3074645.918135905 2498
45 4.115104450578197e-07 5.110240669414336e-07 3116898.54420469 2622
48 5.194798463892436e-07 6.187431178501639e-07 2965942.158856331 3191
51 4.908466849422613e-07 6.411465587690306e-07 2901473.197395222 3044
54 4.565544298198541e-07 5.727819481735978e-07 2775559.31446364 2736
57 3.671723503361638e-07 4.88246238387283e-07 2621249.663251521 2276
60 3.435407471512487e-07 4.729306765919788e-07 2679522.633610124 2016
63 2.826849972793898e-07 3.909359020297163e-07 2587171.707341233 1640
66 1.89148227964936e-07 2.561868575234179e-07 2536948.242182249 1056
69 1.229159063548699e-07 1.815536499420787e-07 2555712.926949614 683
72 5.638410379512683e-08 8.399416982877451e-08 2202113.261144316 350
75 3.315209382967672e-08 5.441016191095505e-08 2392947.921519982 192
78 6.174102746128661e-09 1.272095122987977e-08 2144657.292364434 44
81 5.173220296320005e-09 5.906192206366735e-09 2187545.17186923 25


3 5.494554580020283e-10 3.506585310128264e-10 6771617.379988287 18
6 2.336039219634847e-09 3.31941293476011e-09 6090391.954477973 62
9 5.535737643173002e-09 8.600277741506626e-09 6410789.55966948 98
12 1.567031538446619e-08 1.705427842440408e-08 5227616.642844081 210
15 3.304622747790453e-08 3.680233942220844e-08 5353172.13231455 350
18 4.614603878658117e-08 4.778634362437026e-08 4672217.824034071 450
21 7.063703337437191e-08 7.986221044405804e-08 4788265.54831028 602
24 7.840440088170017e-08 1.033331772820134e-07 3984851.932123132 762
27 1.439060308114967e-07 1.712271823818775e-07 4106387.390791651 1142
30 1.683898969613485e-07 1.899898701390126e-07 3843898.432284481 1250
33 1.842824923512579e-07 2.358236844939127e-07 3502058.535669716 1458
36 2.435357067471059e-07 3.142863583138973e-07 3425023.990822954 1814
39 3.094591349737967e-07 3.699058823410537e-07 3212331.614822699 2178
42 3.601004552050828e-07 4.430293613936376e-07 3072151.300115556 2498
45 4.131860026183393e-07 5.037863009614892e-07 3119284.137303137 2622
48 5.074776061613713e-07 6.195519441589849e-07 2952856.73759781 3191
51 4.946400032422626e-07 6.332855966856234e-07 2911634.457849712 3044
54 4.537677631283932e-07 5.708677290436938e-07 2780193.560590793 2736
57 3.621119615677238e-07 4.90632796727155e-07 2628851.347612336 2276
60 3.396420826894558e-07 4.678707496325495e-07 2667967.407978957 2016
63 2.864062364458338e-07 3.832164556648655e-07 2591911.709441537 1640
66 1.894477681143474e-07 2.540507737765513e-07 2544005.358144027 1056
69 1.2162192596471e-07 1.778726895226761e-07 2532392.649528979 683
72 5.776030419792652e-08 8.291402601382368e-08 2225182.025366253 350
75 3.177362612403089e-08 5.53601840277505e-08 2393659.085684958 192
78 5.966899429674622e-09 1.383690573826122e-08 2257349.648326944 44
81 5.309277680718155e-09 5.345379753479296e-09 2126529.126723107 25


3 5.696938443652714e-10 3.246587090814397e-10 6772319.079361826 18
6 2.308849594437434e-09 3.208567474895089e-09 5981852.768986616 62
9 5.525738120246204e-09 8.781129941820436e-09 6528432.562413182 98
12 1.537701581866748e-08 1.675124029109194e-08 5162377.171086749 210
15 3.329976934152632e-08 3.682417491375947e-08 5406678.56643302 350
18 4.568841117333936e-08 4.740517920556177e-08 4657052.65401709 450
21 7.026162584737806e-08 7.99310925346389e-08 4806332.555034038 602
24 7.825533545686283e-08 1.038029492848245e-07 4016308.666575227 762
27 1.428611469625836e-07 1.704850029741511e-07 4107471.90181718 1142
30 1.677961931448493e-07 1.862415806152152e-07 3820984.603747899 1250
33 1.823403796714745e-07 2.347936895568761e-07 3498288.703691129 1458
36 2.42176265162799e-07 3.12196451476716e-07 3424918.611054089 1814
39 3.128832872236867e-07 3.624112192389013e-07 3214440.048256323 2178
42 3.622037537705211e-07 4.341212968400955e-07 3066354.12820028 2498
45 4.090441363400793e-07 5.05832950825083e-07 3129873.264210578 2622
48 4.933554831452985e-07 6.313022979696095e-07 2960970.712943828 3191
51 4.916373750579962e-07 6.287128797825748e-07 2909820.226845527 3044
54 4.49534575684927e-07 5.756413754669013e-07 2797176.68554691 2736
57 3.581528717126979e-07 4.872798070868526e-07 2622156.42801171 2276
60 3.395421126902053e-07 4.60648434406015e-07 2661383.577186383 2016
63 2.878365389172809e-07 3.766387095521073e-07 2589541.102626799 1640
66 1.844402346685392e-07 2.560489262182323e-07 2539413.219057568 1056
69 1.201524103900155e-07 1.75437969190494e-07 2515254.868934863 683
72 5.689319452951927e-08 8.248663160017224e-08 2217686.24578995 350
75 3.455557327739742e-08 5.079433968180994e-08 2374555.894324259 192
78 7.400770608278782e-09 1.223726408655715e-08 2281646.817966021 44
81 4.348813661211865e-09 5.814120425323413e-09 2016432.014917511 25


3 5.840980761653269e-10 3.072689969260562e-10 6803644.515510779 18
6 2.305895148134728e-09 3.079038630625442e-09 5873918.176437214 62
9 5.569467447419451e-09 8.758896399820379e-09 6573587.483222406 98
12 1.521398700532502e-08 1.674294412121187e-08 5163664.719619129 210
15 3.312533165139018e-08 3.699534119042558e-08 5436650.665955008 350
18 4.506521017508729e-08 4.670598464274155e-08 4617954.625319971 450
21 6.927267922774829e-08 8.024014120636002e-08 4810377.959066188 602
24 7.782026074704942e-08 1.040436644902638e-07 4033599.489271438 762
27 1.415401648564451e-07 1.69915081579391e-07 4105374.925624679 1142
30 1.671773877812714e-07 1.822221962796814e-07 3794143.950059812 1250
33 1.802056968255091e-07 2.329582962334552e-07 3484057.636883596 1458
36 2.419388383679534e-07 3.106913025764188e-07 3433530.225525681 1814
39 3.139256438638551e-07 3.588275887599357e-07 3221677.395362237 2178
42 3.587763632358246e-07 4.29929244841288e-07 3054312.355683072 2498
45 4.051296854964709e-07 5.068803803717542e-07 3136817.271722003 2622
48 4.810645276144999e-07 6.434229293787876e-07 2973792.914782668 3191
51 4.872485150800317e-07 6.26058561372828e-07 2907435.732461846 3044
54 4.40877602605066e-07 5.811191607141108e-07 2801931.826386116 2736
57 3.550641462614016e-07 4.866376822718819e-07 2624553.437205344 2276
60 3.366122253101184e-07 4.587060709940217e-07 2659569.030791942 2016
63 2.849289984174706e-07 3.768145972294784e-07 2592512.837758669 1640
66 1.779252217832395e-07 2.619562432709148e-07 2545085.790213929 1056
69 1.207441315621234e-07 1.726327963227277e-07 2512009.127261151 683
72 5.595101708847583e-08 8.110346812303742e-08 2192779.197226684 350
75 3.646545928306669e-08 4.871899555277454e-08 2391610.464969044 192
78 8.784272384361737e-09 1.098300515444582e-08 2334403.951488322 44
81 3.544514753513578e-09 6.854280516233699e-09 2044798.393292931 25


3 5.702153990271459e-10 2.909406857411796e-10 6636093.467088429 18
6 2.291201489595876e-09 2.893175215513084e-09 5689294.018043321 62
9 5.575132905598026e-09 8.779295309193342e-09 6612266.25774884 98
12 1.475010016862867e-08 1.621902201760008e-08 5032761.121676827 210
15 3.289618802364056e-08 3.772751365911312e-08 5503348.063695733 350
18 4.47220239789176e-08 4.69964005983233e-08 4641570.281437051 450
21 6.764536157605111e-08 8.043948387732192e-08 4787767.800697293 602
24 7.755489698383807e-08 1.036784017400293e-07 4039239.832294417 762
27 1.386899854767173e-07 1.698298771558736e-07 4086576.033619629 1142
30 1.65896977328874e-07 1.798642102296659e-07 3776956.009409863 1250
33 1.773995677606884e-07 2.316808798205425e-07 3466235.911352366 1458
36 2.429883991079162e-07 3.088566451798716e-07 3447157.582294422 1814
39 3.110891652913515e-07 3.584043165368953e-07 3223460.816868084 2178
42 3.558260147870708e-07 4.311597832453382e-07 3063324.334186877 2498
45 4.020472957907592e-07 5.066267262142124e-07 3141216.807723597 2622
48 4.729923736264177e-07 6.493581759214234e-07 2980741.825787389 3191
51 4.845052367128523e-07 6.229846898324077e-07 2907263.307502143 3044
54 4.302124639760781e-07 5.823461609941831e-07 2787904.774786808 2736
57 3.524042231131299e-07 4.828502090700408e-07 2617466.481558337 2276
60 3.345185382129317e-07 4.561404735808194e-07 2657249.977188757 2016
63 2.782102329933715e-07 3.818870337119095e-07 2595990.391005931 1640
66 1.732598682822788e-07 2.63311724048394e-07 2535054.554530687 1056
69 1.210553405588818e-07 1.704773074938245e-07 2509951.173873904 683
72 5.56416048916825e-08 7.938336943083499e-08 2172265.052391406 350
75 3.691281222747555e-08 4.974210189627171e-08 2444795.490562909 192
78 9.426388778081851e-09 9.596964272497292e-09 2279411.657017915 44
81 3.23086162820534e-09 8.133511488547812e-09 2219837.42010212 25


3 5.619992726326969e-10 2.519324849191317e-10 6357031.122219723 18
6 2.3427061988006e-09 2.771557942998778e-09 5650385.903081652 62
9 5.422683388911071e-09 8.780205353960478e-09 6560972.525064523 98
12 1.413007500159471e-08 1.596988980825625e-08 4916063.100059683 210
15 3.2981937362805e-08 3.814272190191353e-08 5571900.404462621 350
18 4.513188032704373e-08 4.733039677757371e-08 4708110.094586272 450
21 6.549427482252211e-08 8.04610221488017e-08 4739690.471252987 602
24 7.675392316951375e-08 1.05773913458721e-07 4083363.209019837 762
27 1.363788928107644e-07 1.716410739845349e-07 4097828.810445112 1142
30 1.616709824395221e-07 1.830349974579578e-07 3782748.360037347 1250
33 1.762770228774652e-07 2.274026622909569e-07 3438452.152854952 1458
36 2.442053310308256e-07 3.019886441681225e-07 3432149.855718902 1814
39 3.048377360586003e-07 3.630207639362333e-07 3230179.242261914 2178
42 3.542060075053455e-07 4.315384169257679e-07 3074365.151744954 2498
45 3.976921406274179e-07 5.088959132883408e-07 3148490.689140359 2622
48 4.70366052045021e-07 6.493710813031249e-07 2987170.026238941 3191
51 4.798840890924258e-07 6.281996597025562e-07 2921711.603422195 3044
54 4.177787492450173e-07 5.864342055552615e-07 2774451.742772221 2736
57 3.452027694498865e-07 4.894098090812226e-07 2624492.33142088 2276
60 3.283628175684464e-07 4.62986380202589e-07 2668874.103127684 2016
63 2.70431771272143e-07 3.82854804412594e-07 2578362.641781559 1640
66 1.723214791902383e-07 2.559958188706664e-07 2500309.083740285 1056
69 1.171174401212102e-07 1.740086481115215e-07 2512481.491909764 683
72 5.491812057456549e-08 8.004190568789186e-08 2179411.7407884 350
75 3.756246433688756e-08 5.033181481393125e-08 2493111.328851124 192
78 8.668537909988196e-09 1.015847527859846e-08 2254992.878630369 44
81 3.899089825881927e-09 7.161918549977169e-09 2196321.000706581 25


3 5.708036725769434e-10 2.280992729178108e-10 6329195.707397064 18
6 2.406047689967019e-09 2.712658205692163e-09 5695672.141630596 62
9 5.513979266832413e-09 8.830261642130928e-09 6652323.927856276 98
12 1.353246047667368e-08 1.581611784932128e-08 4815407.3147348 210
15 3.292503751466157e-08 3.745927108369802e-08 5548219.187611856 350
18 4.591281988646642e-08 4.705358721882504e-08 4767230.399098223 450
21 6.32968977523072e-08 8.148448655164476e-08 4718704.983492328 602
24 7.563442917400996e-08 1.082238208243486e-07 4126563.704875554 762
27 1.357056117686785e-07 1.71192534118024e-07 4103749.342288274 1142
30 1.556107628008289e-07 1.899759557400509e-07 3803846.428008193 1250
33 1.76068003212055e-07 2.212142702623338e-07 3404471.121158884 1458
36 2.477699479523456e-07 2.869277752293019e-07 3386401.389059698 1814
39 2.973959294187123e-07 3.714607775023391e-07 3246976.515408975 2178
42 3.505780409670407e-07 4.303920386872773e-07 3071434.090628081 2498
45 3.905670321065143e-07 5.174592929721622e-07 3165372.187689157 2622
48 4.707673683274751e-07 6.531780426474437e-07 3012106.159247983 3191
51 4.691610129411529e-07 6.329973103526029e-07 2917169.040043071 3044
54 4.070880954658302e-07 6.012593465038179e-07 2792890.292601444 2736
57 3.4346513380973e-07 4.850971969421276e-07 2618233.282568845 2276
60 3.207618035336994e-07 4.625702082651226e-07 2651716.078876662 2016
63 2.613752840153652e-07 3.858706556090675e-07 2561680.674233726 1640
66 1.738520517567039e-07 2.490571135678005e-07 2484346.030938048 1056
69 1.155352548703308e-07 1.76055017719544e-07 2524883.885197255 683
72 5.587514772338994e-08 8.029027954482936e-08 2210872.406068397 350
75 3.770613932591913e-08 5.012125390681615e-08 2505306.018912043 192
78 6.998214379786145e-09 1.250762229590782e-08 2297343.562015567 44
81 4.881594516768486e-09 5.568760744439871e-09 2137910.751341053 25


