3 8.820259262731157e-13 6.757076717582495e-10 0.326573072650376 18
6 9.439891066396232e-12 6.871303449349241e-09 0.4903004995371951 62
9 2.586074087226488e-11 1.256775486901182e-08 0.4661556208439264 98
12 6.27064296835968e-11 4.335970852647506e-08 0.4665606745792764 210
15 1.508432023663206e-10 1.081413868467474e-07 0.5507029196617363 350
18 6.94113494734439e-11 7.296495764045792e-08 0.2040233802301051 450
21 2.055471887755696e-42 1.546332078812577e-39 3.134306670968055e-33 602
24 2.354124368298723e-42 1.56058348948846e-39 2.638609023066695e-33 762
27 2.926786368893587e-42 2.014952868081495e-39 1.970167542466284e-33 1142
30 3.257399020130152e-42 2.599664893464401e-39 1.865592257626436e-33 1250
33 4.088277381798331e-42 3.100384024697245e-39 1.709613533445171e-33 1458
36 5.613448850831825e-42 3.756726856147572e-39 1.624410556722496e-33 1814
39 5.716732997286012e-42 5.221662778866513e-39 1.445335015386378e-33 2178
42 6.431195422493716e-42 4.516461931128678e-39 1.251755494263777e-33 2498
45 7.866795880949687e-42 5.212598385759673e-39 1.34008338047906e-33 2622
48 7.133136650449182e-42 5.146901994442514e-39 9.597536779343983e-34 3191
51 5.533225921278466e-42 3.635651432551124e-39 7.149171590725545e-34 3044
54 3.579751705171924e-42 2.937661038965494e-39 5.215774896082018e-34 2736
57 3.350055336818447e-42 2.327163527034575e-39 5.367685728722694e-34 2276
60 2.611280660262343e-42 1.941292985155149e-39 4.656130747718481e-34 2016
63 2.268181984982469e-42 1.69931785287453e-39 4.660038410213771e-34 1640
66 1.340823855744109e-42 9.36918145289845e-40 3.893342710020719e-34 1056
69 7.110427034182325e-43 5.241102879496972e-40 3.447388319362689e-34 683
72 3.867796561935794e-43 3.025884673893879e-40 3.277873752824017e-34 350
75 2.523404200734411e-43 1.727786850322436e-40 3.838653518266689e-34 192
78 4.268223918775155e-44 3.390183003217626e-41 3.020480417979942e-34 44
81 2.521503113079464e-44 2.88718405058796e-41 2.430272604588921e-34 25


3 8.853177798265767e-13 5.094293451111541e-12 0.4993510236861604 18
6 4.401042164832947e-12 9.407698832572396e-11 0.5142759211171622 62
9 6.787619987887312e-12 2.80311783398734e-10 0.4648605661415409 98
12 1.720623966659602e-11 9.489307604471916e-10 0.4855058729309223 210
15 3.752262006482667e-11 2.597919846063417e-09 0.5849186584329442 350
18 1.911614694467587e-11 1.575521455304166e-09 0.215509917159421 450
21 4.458393122494259e-20 4.014401868640063e-18 3.379891180789063e-10 602
24 3.243398941399109e-20 3.883580373086409e-18 2.05918931617512e-10 762
27 2.324528796784464e-20 3.471426548983647e-18 1.014310077847658e-10 1142
30 9.974426616003347e-21 1.744923972373444e-18 3.96481657619477e-11 1250
33 2.867024632634685e-21 6.000888323214648e-19 1.001280717886079e-11 1458
36 1.204577549345783e-22 2.41929872476875e-20 2.940687235350555e-13 1814
39 3.284208676955089e-30 8.349747049478275e-28 7.251313346704752e-21 2178
42 1.208803156473921e-30 3.554837865526915e-28 2.372846374461848e-21 2498
45 3.576384654729789e-31 1.109847420679484e-28 6.371129388204678e-22 2622
48 9.412917754294702e-32 3.204346415357533e-29 1.359499921169834e-22 3191
51 8.109755721176161e-33 2.601507047987519e-30 1.07720659429259e-23 3044
54 2.629641244156285e-35 9.465166579190847e-33 3.927483135876157e-26 2736
57 6.776943831974145e-41 2.594901028259443e-38 1.187377396499779e-31 2276
60 2.615038369630571e-41 1.007274925833267e-38 4.81681119960591e-32 2016
63 1.529482600595907e-41 6.378990917063759e-39 3.422377963621684e-32 1640
66 8.677229693375557e-42 3.979338381115195e-39 3.064971908127085e-32 1056
69 5.554267136171938e-42 2.789955846070051e-39 3.06120163386734e-32 683
72 2.97048802436178e-42 1.76050864454951e-39 3.412171808657681e-32 350
75 1.486814635538144e-42 1.048156105523869e-39 3.437772569501795e-32 192
78 4.619728089811242e-43 2.211767387586083e-40 3.118348827853612e-32 44
81 2.410588001048232e-43 1.449623441773572e-40 3.353061103297698e-32 25


3 1.537944580209373e-13 1.689902712861943e-11 1.302202841746866 18
6 1.80133599800059e-12 3.564133673695424e-11 0.5717868932619705 62
9 3.697404181563585e-12 6.965281286453642e-11 0.4729269165142632 98
12 1.000702501007075e-11 2.158513747501171e-10 0.4855051861089305 210
15 2.121554555659258e-11 6.134588675329842e-10 0.593076365770952 350
18 9.449772856114881e-12 4.238433677641025e-10 0.231230798295714 450
21 3.622965264330066e-20 1.893684462902383e-18 6.263309430824524e-10 602
24 2.251385586903877e-20 1.656943531637793e-18 3.440743852248634e-10 762
27 1.882378988921406e-20 1.210721519295217e-18 1.491057643912241e-10 1142
30 7.494906258447141e-21 5.421182251858995e-19 5.210229945403353e-11 1250
33 2.171493870167154e-21 2.357219170534012e-19 1.587957722195701e-11 1458
36 1.771352094234841e-22 1.945229718188511e-20 9.354127226639431e-13 1814
39 2.42149567556644e-30 2.971075794898927e-28 1.047523387243078e-20 2178
42 7.503084869842999e-31 1.118248760792263e-28 2.997364767230585e-21 2498
45 2.127115650842927e-31 3.398727264765414e-29 7.784303447757923e-22 2622
48 5.636280504409802e-32 8.723008575852418e-30 1.505129945073631e-22 3191
51 6.06369272278472e-33 1.036463631050061e-30 1.685449529800074e-23 3044
54 3.789712763647478e-35 6.696820324801112e-33 1.1074954759861e-25 2736
57 5.671490915249259e-41 1.066521072146022e-38 1.940546930945936e-31 2276
60 2.51521624975995e-41 4.787492092311253e-39 9.065526639409365e-32 2016
63 1.573729835844599e-41 3.220797367756708e-39 6.888610263735153e-32 1640
66 9.528414496112264e-42 2.073744463590646e-39 6.365465792639606e-32 1056
69 6.739720458625832e-42 1.308193138458013e-39 5.920146886875689e-32 683
72 3.408883914342119e-42 8.586662812930078e-40 6.798819478864032e-32 350
75 1.942558005378226e-42 5.056928449645613e-40 6.772144244137835e-32 192
78 4.324917504366805e-43 1.575634318258073e-40 8.148573893485224e-32 44
81 2.617442305315904e-43 6.357513477246069e-41 5.974414082242391e-32 25


3 2.133751519399687e-12 6.989742795310366e-13 2.004432522785682 18
6 2.645883998985497e-12 1.19512609610206e-11 0.7378416909401364 62
9 2.567767318604503e-12 2.74473992408423e-11 0.5235133692083038 98
12 6.591224884545955e-12 8.670679478320675e-11 0.5375753680146997 210
15 1.416955993942869e-11 2.41877608133546e-10 0.6561708814458775 350
18 6.835676777375444e-12 1.548819253688879e-10 0.2472752807145507 450
21 3.407417527954137e-20 9.450375654692634e-19 8.970839024193256e-10 602
24 2.563701792965177e-20 8.240366674441126e-19 5.05543887327501e-10 762
27 1.711827390654953e-20 7.2650492165648e-19 2.411099687286813e-10 1142
30 7.023002935351129e-21 3.198165723122726e-19 8.257192149488769e-11 1250
33 1.783849230477512e-21 1.119668960110318e-19 2.055126903673721e-11 1458
36 1.690813540810104e-22 8.253580393019858e-21 1.121844306956079e-12 1814
39 2.531985560050665e-30 1.860574248113319e-28 1.74075047147516e-20 2178
42 7.155182734955027e-31 6.039646975361222e-29 4.307821420491241e-21 2498
45 1.930669161718663e-31 1.710199596491762e-29 1.039049739155531e-21 2622
48 3.518324809441168e-32 3.353004331967932e-30 1.498616852490864e-22 3191
51 2.700478357362498e-33 2.867256271285867e-31 1.200605943816641e-23 3044
54 1.852681878860163e-35 2.464060185950751e-33 1.012422283124359e-25 2736
57 4.454956333606716e-41 4.787642732772026e-39 2.255351130895565e-31 2276
60 2.150272351693276e-41 2.581236640815336e-39 1.242609170866084e-31 2016
63 1.512755347850143e-41 1.873035801364971e-39 1.020797476523263e-31 1640
66 9.776070244150552e-42 1.267300558518051e-39 9.87447651785413e-32 1056
69 6.291167856639231e-42 9.56013458020282e-40 1.043599658900932e-31 683
72 3.505340137635174e-42 5.031744803730083e-40 1.021394160130974e-31 350
75 1.889392178871439e-42 3.280154607635303e-40 1.095884212105251e-31 192
78 4.792100550936353e-43 1.100440997803838e-40 1.413309788884457e-31 44
81 2.22475849495895e-43 5.075589399512735e-41 1.097407325923436e-31 25


3 3.626564848246785e-12 2.581505578316692e-13 3.863126792119199 18
6 4.0510096287129e-12 4.422519252601936e-12 0.9458953606320852 62
9 2.272407670902659e-12 1.153713964193036e-11 0.5122295405994526 98
12 5.202592922740611e-12 4.171879360577806e-11 0.5589321949479288 210
15 1.106489452618683e-11 1.148095353370813e-10 0.6700457002057214 350
18 5.217852196504961e-12 7.538922365951999e-11 0.2542132928601294 450
21 3.35830596176778e-20 6.425547582272163e-19 1.260173577587996e-09 602
24 2.742306040845152e-20 6.108708294996782e-19 7.691554378410322e-10 762
27 1.862391388384844e-20 5.435854947160683e-19 3.688513036563475e-10 1142
30 8.012510542354049e-21 2.599778288523228e-19 1.355005048616732e-10 1250
33 2.217435559824614e-21 8.445674801089646e-20 3.196716944007697e-11 1458
36 1.949754763278063e-22 6.555236899014097e-21 1.791195201485395e-12 1814
39 4.207537315168652e-30 2.291762926217164e-28 4.261627179594568e-20 2178
42 1.322660203420479e-30 7.15321361894874e-29 1.033056923316775e-20 2498
45 3.147887440523785e-31 2.071345136073273e-29 2.483124968774972e-21 2622
48 5.270385636269482e-32 3.853483764596773e-30 3.372358976209263e-22 3191
51 3.710831854368573e-33 2.804745115970116e-31 2.322441802400597e-23 3044
54 2.689660746994683e-35 2.217474106881259e-33 1.837163739268501e-25 2736
57 4.136265640572518e-41 3.324652128798125e-39 3.049312450349901e-31 2276
60 2.021210012831448e-41 1.802226344719012e-39 1.690769282390732e-31 2016
63 1.408384270706875e-41 1.317203521442382e-39 1.392776486815285e-31 1640
66 9.210538334678572e-42 8.921700989599638e-40 1.352974958871672e-31 1056
69 6.2538791305268e-42 6.298720250701594e-40 1.371028010511621e-31 683
72 3.206813631864338e-42 3.327343255685224e-40 1.311155788234522e-31 350
75 1.863766181440825e-42 1.937627761633815e-40 1.312368304868546e-31 192
78 4.830975174328938e-43 7.148078593734675e-41 1.836372720595269e-31 44
81 3.637992112508109e-43 3.469981240660229e-41 1.638594857823603e-31 25


3 4.082474757564181e-13 2.984525712340384e-12 4.611924625672033 18
6 4.573627834738688e-12 2.42891291208323e-12 1.130233064846482 62
9 2.163268772861309e-12 5.542608586674012e-12 0.5384316256804458 98
12 4.310748448068326e-12 2.218978983032017e-11 0.611471514824127 210
15 9.617477327809346e-12 5.929042221719422e-11 0.7013978743608563 350
18 4.075372107248889e-12 4.344456281219436e-11 0.2821663766881267 450
21 3.237086002645364e-20 4.49303528906193e-19 1.673690054971125e-09 602
24 2.560959199069276e-20 4.631738431288016e-19 1.072536091018352e-09 762
27 1.981067122898294e-20 4.055683111998957e-19 5.102788782380843e-10 1142
30 8.659497351293721e-21 2.313408736748264e-19 2.161657007657418e-10 1250
33 2.675152356813792e-21 7.852642680917796e-20 5.330700572518832e-11 1458
36 2.307722826402299e-22 6.246077563134973e-21 3.001815254436007e-12 1814
39 6.774492086544395e-30 2.620678821600276e-28 8.719548648332922e-20 2178
42 2.220094355868257e-30 8.889411797299027e-29 2.271947170215707e-20 2498
45 5.776232592090012e-31 2.691698040419215e-29 5.729258669703869e-21 2622
48 9.636233156630969e-32 4.728777778588909e-30 7.379863035553243e-22 3191
51 5.593085350462851e-33 3.415374483525264e-31 4.892190756889699e-23 3044
54 3.967959630597269e-35 3.160683714292567e-33 4.414038989003868e-25 2736
57 5.017981741860503e-41 2.951436675317688e-39 4.736630903934855e-31 2276
60 2.120939960092642e-41 1.329832263001075e-39 2.194020010015112e-31 2016
63 1.482256712087875e-41 9.924691339351554e-40 1.838154849850536e-31 1640
66 9.169168148829284e-42 6.687164808251418e-40 1.762296643456436e-31 1056
69 6.136409212410089e-42 5.161054291884157e-40 1.895641983203174e-31 683
72 3.058407598660891e-42 2.620435545986444e-40 1.748476671511911e-31 350
75 1.82929985559739e-42 1.500123573225946e-40 1.730791339468188e-31 192
78 5.114169397879506e-43 5.527516546816821e-41 2.48703357521829e-31 44
81 2.426670515663005e-43 2.314786816668394e-41 1.729191767432917e-31 25


3 3.839862799138732e-12 4.015737325170406e-13 4.654089548375684 18
6 3.874478962365382e-12 2.674217517672239e-12 1.4975799767296 62
9 2.045508379033525e-12 2.99829089736515e-12 0.5438829202576639 98
12 4.134397074683874e-12 1.194563456395929e-11 0.5954447401835987 210
15 6.749848011286262e-12 4.314943707501125e-11 0.8218647217623216 350
18 3.288633892712506e-12 2.766306818791303e-11 0.2970634364797818 450
21 3.114466828574325e-20 3.076181324406773e-19 1.895253463404521e-09 602
24 2.369164008646024e-20 3.281272339261994e-19 1.236314285575266e-09 762
27 1.822749404609905e-20 3.095371931470315e-19 6.224906448952275e-10 1142
30 9.021389245680374e-21 1.790693128261088e-19 2.698679560964431e-10 1250
33 2.891366324358043e-21 6.961277043757134e-20 7.492894378247287e-11 1458
36 2.357054311768467e-22 5.946627558111575e-21 4.422742834534282e-12 1814
39 9.185977849805235e-30 2.820471008585524e-28 1.486804431722178e-19 2178
42 3.11046126391379e-30 1.018463631218007e-28 4.090585471538698e-20 2498
45 8.316913793199385e-31 3.511104247866269e-29 1.157605488747229e-20 2622
48 1.674471916518787e-31 5.902158091506052e-30 1.473783946418048e-21 3191
51 9.544985623744164e-33 4.692837282928474e-31 1.055191017568742e-22 3044
54 8.147025859260619e-35 3.148025537568248e-33 7.441753577201405e-25 2736
57 6.818331955234761e-41 3.278980739837813e-39 8.210430877381685e-31 2276
60 2.528074839907789e-41 1.232726590742089e-39 3.207511876195131e-31 2016
63 1.59475551384298e-41 8.625185997360937e-40 2.493584929386941e-31 1640
66 9.646002506279931e-42 5.895628974394535e-40 2.404991230877529e-31 1056
69 6.608857961391748e-42 4.157341139647175e-40 2.418333527896536e-31 683
72 2.988274574639493e-42 2.057294917169712e-40 2.149398203902733e-31 350
75 1.704318279017337e-42 1.42013014723114e-40 2.447225396916675e-31 192
78 4.545895927477636e-43 4.937814286802263e-41 3.331090411872345e-31 44
81 2.881114293382889e-43 1.419817957254015e-41 1.875547051355422e-31 25


3 6.47067633124059e-12 2.067134327071439e-13 5.789992120212739 18
6 2.267731846240641e-12 1.445326184997026e-12 1.349225278839387 62
9 1.012995462416849e-12 3.470227407480537e-12 0.9463975421496322 98
12 3.515869835080026e-12 8.027213125150025e-12 0.6637733864569345 210
15 6.562417970576196e-12 2.578951977294649e-11 0.8152744361270967 350
18 2.673440188492215e-12 1.932570854096649e-11 0.3227909461950867 450
21 2.668531546891393e-20 2.385242425418434e-19 2.239431622927881e-09 602
24 2.153837080209308e-20 2.344195098865667e-19 1.355247407950712e-09 762
27 1.687610836695131e-20 2.277311227226303e-19 6.954654675417683e-10 1142
30 8.426071341407954e-21 1.363482911073917e-19 3.090687574052906e-10 1250
33 2.897563539915623e-21 5.529219032306568e-20 8.945581577475033e-11 1458
36 2.203671477134819e-22 4.78412532388149e-21 5.277370883170499e-12 1814
39 1.158170752624218e-29 2.711294313298707e-28 2.146372892495431e-19 2178
42 3.74501466534969e-30 1.148857194145796e-28 6.728950493606973e-20 2498
45 1.147324920886415e-30 3.947050068450941e-29 1.927544196552183e-20 2622
48 2.385409167434669e-31 7.373294837762721e-30 2.691134362012432e-21 3191
51 1.568072132026171e-32 5.527400304543081e-31 1.87098786359246e-22 3044
54 9.808085225504128e-35 4.556617466218802e-33 1.495919104851222e-24 2736
57 9.218593737057475e-41 3.966632962631685e-39 1.443536883849822e-30 2276
60 3.014852668153123e-41 1.351970501774707e-39 5.069354116955269e-31 2016
63 1.700205839855174e-41 7.371216724152754e-40 3.147156681430499e-31 1640
66 1.131948868442768e-41 4.95455678297652e-40 3.044668371394171e-31 1056
69 6.766544706494919e-42 3.813138900088356e-40 3.213287067404167e-31 683
72 3.628206769053762e-42 1.875338119532239e-40 2.916234406186013e-31 350
75 2.01450590420162e-42 1.124419892445219e-40 2.950107581490443e-31 192
78 5.284102323760626e-43 2.80937282387176e-41 3.07483997962651e-31 44
81 3.515429659846148e-43 1.136780360731486e-41 2.351331941084594e-31 25


3 9.505046635506312e-12 2.123767009287785e-12 39.59382417554862 18
6 1.078047326958423e-12 1.067658505727745e-12 1.451249047029246 62
9 1.634676481804001e-12 1.381289683960499e-12 0.630737007813458 98
12 2.748139965500503e-12 6.225980159967084e-12 0.7290729691098625 210
15 5.404054669031923e-12 1.917704163748936e-11 0.859099091175816 350
18 2.609284017522036e-12 1.197095515469486e-11 0.2940883586417116 450
21 2.421387688852264e-20 1.678692383512548e-19 2.249184083753948e-09 602
24 1.992749455455763e-20 1.717203794918078e-19 1.408666556695102e-09 762
27 1.51392254308663e-20 1.762912048772929e-19 7.545892654696335e-10 1142
30 7.607575306818648e-21 1.032315820421852e-19 3.286602593896293e-10 1250
33 2.511301701179892e-21 4.32936855046777e-20 9.734636365582621e-11 1458
36 2.03147747278158e-22 3.02481664666379e-21 4.80477320248754e-12 1814
39 1.145762554264873e-29 2.743733776192473e-28 2.963747466858089e-19 2178
42 4.456272479527508e-30 1.108740330565673e-28 9.122211928290228e-20 2498
45 1.434367092962919e-30 4.013181523530837e-29 2.753647166843124e-20 2622
48 2.871308355620141e-31 8.834529433996742e-30 4.402678462658974e-21 3191
51 2.048559427851917e-32 6.633743159374039e-31 3.097083541725872e-22 3044
54 1.28682955254133e-34 4.74603077890492e-33 2.193890222485411e-24 2736
57 1.32369426950679e-40 4.843205798151437e-39 2.457592171561136e-30 2276
60 3.73211488999208e-41 1.461590924209623e-39 7.603975494776614e-31 2016
63 1.948378299795289e-41 7.515083041444681e-40 4.441510690204064e-31 1640
66 1.180568698208839e-41 4.868912168060098e-40 4.075620413813847e-31 1056
69 8.19020583181812e-42 3.391641364758606e-40 4.091022025722471e-31 683
72 4.349662007784002e-42 1.741161766768277e-40 3.854899552265074e-31 350
75 2.439729708087178e-42 1.094218041719664e-40 4.036227935223414e-31 192
78 4.336108865353217e-43 3.028185069174198e-41 4.239545922684366e-31 44
81 4.088540056099209e-43 9.135312420979917e-42 2.83929141347979e-31 25


3 1.17963353642234e-11 1.004935938766103e-11 171.6568695122963 18
6 8.508692058728103e-13 8.033967163892478e-13 1.371448881805422 62
9 7.898658954883297e-13 1.764226673660526e-12 0.9243750925556092 98
12 2.413581776266141e-12 4.890895533973159e-12 0.7486731635453384 210
15 4.571204884697284e-12 1.447486609595833e-11 0.854761034464661 350
18 2.243241175970642e-12 9.029708610668654e-12 0.2932345374473501 450
21 2.094100285819642e-20 1.392043393966391e-19 2.453383963366048e-09 602
24 1.777341440824922e-20 1.375369276529269e-19 1.498729948152912e-09 762
27 1.425811361237868e-20 1.370577437291688e-19 7.877775614796731e-10 1142
30 6.799142731768239e-21 8.116890665040368e-20 3.443831718289801e-10 1250
33 2.222125931501145e-21 3.108471693266177e-20 9.415906263762599e-11 1458
36 1.533762463120101e-22 2.053230572661485e-21 4.340468604297473e-12 1814
39 1.237231672941294e-29 2.275617968452625e-28 3.339405800385369e-19 2178
42 5.002671538301078e-30 1.013641543874322e-28 1.126118497354617e-19 2498
45 1.69492702032504e-30 3.774529978596106e-29 3.507725105746248e-20 2622
48 3.634522332290439e-31 8.683390178484259e-30 5.886615272351784e-21 3191
51 2.595680467183351e-32 6.863425856670435e-31 4.330656916202163e-22 3044
54 1.4876338384118e-34 4.571999101195968e-33 2.844314312026513e-24 2736
57 1.787716674689465e-40 5.828590585009713e-39 3.946967169747028e-30 2276
60 5.235200113394053e-41 1.748043590594049e-39 1.220936988118035e-30 2016
63 2.739642031386019e-41 8.297836333275956e-40 6.700488608202421e-31 1640
66 1.598222709421289e-41 5.370436422127107e-40 6.110694520380161e-31 1056
69 1.024397730028684e-41 4.04167129312719e-40 6.423197869169895e-31 683
72 5.081945516394354e-42 2.254850067375675e-40 6.369340256016544e-31 350
75 3.050451974069979e-42 1.242873806758447e-40 6.069238125683962e-31 192
78 6.850470956375975e-43 2.67299488400706e-41 5.388456346588952e-31 44
81 3.365073250649923e-43 1.798180628988302e-41 5.636572038069171e-31 25


3 5.268153689500393e-12 2.983567133421001e-11 440.8731670988143 18
6 8.620277738896314e-13 9.505951525327984e-13 1.789761710358743 62
9 1.230510470628629e-12 8.792663793104496e-13 0.6390789098431792 98
12 1.763549345282036e-12 4.291785488925416e-12 0.7748915285099013 210
15 3.577395849134381e-12 1.223921907369769e-11 0.8850268893511846 350
18 1.85346113388109e-12 7.375155749618943e-12 0.2996315736304521 450
21 2.382279559573399e-20 1.464920458869876e-19 3.277181054483876e-09 602
24 1.425184475225218e-20 1.203775572099574e-19 1.639877569675846e-09 762
27 1.3380824201714e-20 1.085594146785996e-19 8.07248323773212e-10 1142
30 6.156540776029203e-21 6.487170317163758e-20 3.550581884163439e-10 1250
33 1.971131852421562e-21 2.2598440966415e-20 8.929458781892216e-11 1458
36 1.138275276302622e-22 1.52601990583788e-21 4.100011498405609e-12 1814
39 1.193846788537417e-29 1.937433873017601e-28 3.680426207950137e-19 2178
42 5.313551340520226e-30 8.610876262073205e-29 1.256624578866259e-19 2498
45 1.679413326980477e-30 3.68221221602216e-29 4.373469439782729e-20 2622
48 3.827520997714894e-31 8.912891243911383e-30 7.730333225243068e-21 3191
51 2.93432389836788e-32 6.77609892418899e-31 5.558754736807442e-22 3044
54 1.467781289963992e-34 4.769661199491323e-33 3.762546389873095e-24 2736
57 2.509155137969747e-40 6.782842726374418e-39 6.026427606515184e-30 2276
60 8.789314015849142e-41 2.325510705129524e-39 2.147091867319822e-30 2016
63 4.457869593443698e-41 1.412480334640105e-39 1.441356187510306e-30 1640
66 2.777723504242808e-41 8.370334382709956e-40 1.23450005819352e-30 1056
69 1.804136850843932e-41 6.39188649047208e-40 1.32009332486102e-30 683
72 9.133124614079062e-42 3.482162931250123e-40 1.29725720316117e-30 350
75 5.099834533237534e-42 1.988024899040041e-40 1.253954104489122e-30 192
78 1.322820266308563e-42 4.503613690910398e-41 1.204309731489062e-30 44
81 4.540931991645802e-43 2.628137293948572e-41 1.054508272865685e-30 25


3 8.515424462909771e-13 4.739901760467717e-11 596.4910120794955 18
6 7.066561403329946e-13 1.579269708359395e-12 2.816898297972586 62
9 1.208744441132393e-12 6.33324135075023e-13 0.5612949641037517 98
12 1.982958842039448e-12 2.741083551453857e-12 0.6176112193543341 210
15 3.375234326185169e-12 9.287881689693736e-12 0.8047082987652849 350
18 1.572793031267793e-12 6.050097588592154e-12 0.2939340571973474 450
21 3.50589060457302e-20 2.072985543529572e-19 5.612068499731414e-09 602
24 1.510617552516203e-20 8.357110912022778e-20 1.454845988679131e-09 762
27 1.165799580072735e-20 9.294761384251373e-20 8.461282706511113e-10 1142
30 5.725021170758227e-21 5.118895440655992e-20 3.510730687759739e-10 1250
33 1.688040974813811e-21 1.796813255476188e-20 8.82017213712257e-11 1458
36 9.299964024303848e-23 1.275220412701405e-21 4.214004748734636e-12 1814
39 1.176984620748568e-29 1.615012265456298e-28 3.878961115893638e-19 2178
42 5.201215240068483e-30 7.652114600357792e-29 1.401534242810697e-19 2498
45 1.779712620889673e-30 3.170197098526542e-29 4.801646390734082e-20 2622
48 4.360307440505493e-31 7.774685006857609e-30 8.687861622386095e-21 3191
51 2.984477631609719e-32 6.853354869434346e-31 6.981818187370115e-22 3044
54 1.764498830087754e-34 4.242344761888873e-33 4.331650042162946e-24 2736
57 3.792033104134008e-40 8.523383374443068e-39 9.68170804473725e-30 2276
60 1.492932749544509e-40 4.07078466637119e-39 4.653159263426481e-30 2016
63 9.522795273158268e-41 2.681446185113675e-39 3.472226453491436e-30 1640
66 5.662636118218289e-41 1.733629294796251e-39 3.165770967272093e-30 1056
69 4.11821673096571e-41 1.053826479266467e-39 2.869675661071658e-30 683
72 2.123256396233063e-41 6.481019605811583e-40 3.11063441471453e-30 350
75 1.222434147384584e-41 3.825511713227668e-40 3.112950859087925e-30 192
78 2.479329058640266e-42 9.01684557122691e-41 2.912731178222689e-30 44
81 1.331752109570438e-42 3.63855242347128e-41 2.098853512302309e-30 25


3 3.016967467485891e-11 2.928980006111383e-11 445.3320705549353 18
6 4.910485843642257e-13 2.448501440210185e-12 4.471302699398193 62
9 9.324888901327709e-13 6.505665516000585e-13 0.6097025133997799 98
12 1.664108192697173e-12 2.334038792596331e-12 0.6017815418126471 210
15 2.820709134353513e-12 7.891445219697523e-12 0.7986927376353489 350
18 1.334458815110983e-12 5.070812774031763e-12 0.2916822765122711 450
21 5.271907243300933e-20 2.921321452725987e-19 9.505531427920431e-09 602
24 1.278687195347536e-20 7.403867185005276e-20 1.534090783278058e-09 762
27 1.028243087334641e-20 7.928642212599753e-20 8.724347901375408e-10 1142
30 5.065756854183388e-21 4.264267137037785e-20 3.563533704752557e-10 1250
33 1.501317862767554e-21 1.439644613190944e-20 8.68433416714117e-11 1458
36 9.314911406335863e-23 1.021495143069201e-21 4.224414719816323e-12 1814
39 1.080348485768375e-29 1.475870859461951e-28 4.315514029340131e-19 2178
42 4.699884477477577e-30 7.16484571388474e-29 1.58916643881959e-19 2498
45 1.773858529010898e-30 2.793071611843611e-29 5.244235313843704e-20 2622
48 4.275995954390758e-31 7.446585268872622e-30 1.017540957493274e-20 3191
51 3.167600022642522e-32 6.227545905725407e-31 7.921149479364782e-22 3044
54 1.99756896272855e-34 4.003167492917744e-33 5.135435303615179e-24 2736
57 5.234253833142398e-40 1.091765882610927e-38 1.531275050617632e-29 2276
60 2.517021795088023e-40 5.728184228488054e-39 8.208484029648031e-30 2016
63 1.826169637316221e-40 4.175211079370271e-39 6.799123812447413e-30 1640
66 1.073153580156466e-40 2.845195252230718e-39 6.494901546518116e-30 1056
69 7.14036881520061e-41 1.734851722273403e-39 5.806610584497726e-30 683
72 3.894496120160215e-41 1.121644986018958e-39 6.619060069043585e-30 350
75 2.225739286537284e-41 5.723845789946184e-40 5.885993014095427e-30 192
78 3.724314037482712e-42 1.229160245318659e-40 4.976721968902858e-30 44
81 1.767347297276998e-42 9.075319366162616e-41 5.655201323100871e-30 25


3 4.410381333285381e-11 4.896951412544717e-13 152.3874624750915 18
6 8.53649801324005e-13 2.833904164456636e-12 5.543064554333823 62
9 6.787857687599384e-13 7.492272879329285e-13 0.6990427863471547 98
12 1.246745485531588e-12 2.312956346379381e-12 0.63768711710308 210
15 2.933986775631726e-12 5.50106468247711e-12 0.6786948995395321 350
18 1.309470169594439e-12 3.786639447389211e-12 0.2609659027837493 450
21 5.855703176602817e-20 3.206692717036894e-19 1.210949943366126e-08 602
24 1.134531249015871e-20 6.455115156011001e-20 1.567283444091389e-09 762
27 1.002042296367843e-20 6.295512376991865e-20 8.373577049164468e-10 1142
30 4.55724912848685e-21 3.539375116489853e-20 3.531292686041607e-10 1250
33 1.376473449193715e-21 1.157457670884502e-20 8.42984840621246e-11 1458
36 9.189259620142746e-23 8.283050042040087e-22 4.186927043873485e-12 1814
39 1.115523987934495e-29 1.180826476889815e-28 4.263104672341547e-19 2178
42 4.775265548846816e-30 5.899533606851469e-29 1.608447445682867e-19 2498
45 1.774961098584034e-30 2.394451160535825e-29 5.495499133904099e-20 2622
48 4.278975843923575e-31 6.753686180794367e-30 1.120168950833474e-20 3191
51 3.405475148375551e-32 5.403132928734542e-31 8.500832030545168e-22 3044
54 2.26612387142963e-34 3.664590135426234e-33 5.824492735389015e-24 2736
57 6.238529374955296e-40 1.14306528689807e-38 1.960421585631578e-29 2276
60 3.193859227106801e-40 6.064887923846424e-39 1.075645419431551e-29 2016
63 2.472415437527697e-40 4.318462549351434e-39 8.856732885616219e-30 1640
66 1.375083945145833e-40 3.129675969891547e-39 8.793764358749676e-30 1056
69 8.756258106441109e-41 2.024281965219128e-39 8.17475630401564e-30 683
72 4.572638956630477e-41 1.261438558593093e-39 8.966607856518136e-30 350
75 2.517844462448756e-41 7.17997885411487e-40 8.648933742607102e-30 192
78 5.58564769058591e-42 1.581924225073223e-40 7.872018424387115e-30 44
81 2.565654944151602e-42 1.001126628233136e-40 7.818548279716617e-30 25


3 2.13294127970349e-12 1.416677481518772e-11 217.203149525294 18
6 1.833665340124906e-12 2.338051465383005e-12 5.747591590104471 62
9 4.036333432755831e-13 9.744518432031922e-13 0.8940544787740305 98
12 1.179547866621365e-12 1.89453540307492e-12 0.6135702847497374 210
15 2.000445645901869e-12 6.04358429732093e-12 0.7890981407696036 350
18 1.270400224111442e-12 2.960741828584112e-12 0.2465182448377181 450
21 5.120710367606466e-20 2.598444531605008e-19 1.14975751787305e-08 602
24 1.034220024952773e-20 5.605830799594637e-20 1.599870916048155e-09 762
27 9.26835237658384e-21 5.310150519139707e-20 8.381224982551315e-10 1142
30 4.073111046892121e-21 3.003963584316646e-20 3.545869971801443e-10 1250
33 1.241239924242333e-21 9.682205603330746e-21 8.392206719723177e-11 1458
36 8.273723146852486e-23 6.841058717834697e-22 4.129131895000848e-12 1814
39 1.017800595844889e-29 1.088286762107362e-28 4.629579561667903e-19 2178
42 4.379860824087693e-30 5.294990541320174e-29 1.711302618455546e-19 2498
45 1.633794803055632e-30 2.230591171716873e-29 6.045894835523248e-20 2622
48 4.2013762091586e-31 6.098662611121027e-30 1.212268419003295e-20 3191
51 3.399155967541558e-32 4.938147039611097e-31 9.328540767852341e-22 3044
54 2.277519374423788e-34 3.629829778989055e-33 6.842554643420057e-24 2736
57 6.096868780664004e-40 1.097455652388358e-38 2.233997888326393e-29 2276
60 2.937905581927048e-40 5.656929052793482e-39 1.186218222255532e-29 2016
63 2.12307523470515e-40 3.864553106726123e-39 9.283616239797034e-30 1640
66 1.243772065318045e-40 2.579272785542302e-39 8.748649663808404e-30 1056
69 8.347564158257091e-41 1.625302347071806e-39 8.037243510370408e-30 683
72 4.706512237705934e-41 9.96179064848935e-40 8.843048925200559e-30 350
75 2.392344550281112e-41 6.262843402929268e-40 9.098880268246596e-30 192
78 4.612022962111362e-42 1.455544617836109e-40 8.387163024918821e-30 44
81 2.059927547420363e-42 8.389944492229444e-41 7.737752733712282e-30 25


3 3.169201601815315e-11 8.163373649186175e-12 276.6867587214759 18
6 2.796320017892512e-12 1.320449729326398e-12 4.881196100132273 62
9 1.796060598090811e-13 1.271535284893556e-12 1.171612712562956 98
12 1.043061256458238e-12 1.641064548722227e-12 0.6001806783366501 210
15 2.30343576246617e-12 4.109897431830097e-12 0.6686438911317367 350
18 8.775160982422674e-13 3.222872348160031e-12 0.2818764552020818 450
21 4.782497053365299e-20 2.020804916578429e-19 1.047720650158375e-08 602
24 9.633913530493929e-21 4.774205660235145e-20 1.585939154737333e-09 762
27 8.384306430833549e-21 4.639631865660742e-20 8.486736082548864e-10 1142
30 3.907581312993678e-21 2.370864735912637e-20 3.333249212854343e-10 1250
33 1.100700458482975e-21 8.413875191687947e-21 8.483699327206012e-11 1458
36 6.835198354296934e-23 5.933977599317852e-22 4.130952562582872e-12 1814
39 9.68329338038904e-30 9.768766114601101e-29 4.881114230502417e-19 2178
42 4.071958916454706e-30 4.693284576211169e-29 1.781372001892457e-19 2498
45 1.676795439094534e-30 1.811742232299481e-29 5.937631706300073e-20 2622
48 4.216532111946472e-31 5.299779440550844e-30 1.258780326876697e-20 3191
51 3.030197688082698e-32 4.980985322646072e-31 1.07909954316328e-21 3044
54 2.390061216224157e-34 3.327622981940051e-33 7.503329585816581e-24 2736
57 6.191039861793123e-40 1.021724756193236e-38 2.469109418377172e-29 2276
60 2.795585851269075e-40 4.934381810558881e-39 1.227098513970285e-29 2016
63 1.884923415022795e-40 3.123620158610569e-39 8.936321200241708e-30 1640
66 1.071861951449871e-40 2.009080047898686e-39 8.103723740472777e-30 1056
69 6.713289254827183e-41 1.492618666195707e-39 8.403209261260414e-30 683
72 3.794833736269644e-41 8.671416954889901e-40 8.867324216408261e-30 350
75 2.267760203978357e-41 4.786754529275827e-40 8.475840778686453e-30 192
78 5.629339324659821e-42 8.17625837696143e-41 6.540333743186258e-30 44
81 2.873970033672744e-42 2.941979314682957e-41 4.443502726340038e-30 25


3 2.080361818886645e-11 3.576366792219875e-12 183.7334407477144 18
6 3.305505947321219e-12 4.360119297532238e-13 3.842825828793781 62
9 2.741029923151223e-13 1.368486371195796e-12 1.446652203997882 98
12 8.663581121793559e-13 1.505208989725577e-12 0.612256598853834 210
15 1.850717270583206e-12 3.985417261879112e-12 0.7094122840587629 350
18 1.079472308459884e-12 2.036480126118834e-12 0.2310512570100673 450
21 5.509188985718869e-20 1.488967493743683e-19 9.577546325562423e-09 602
24 9.140457585489982e-21 4.067836121946585e-20 1.580537457100246e-09 762
27 7.387913622402019e-21 4.211157849153398e-20 8.850487750516082e-10 1142
30 3.367286195216896e-21 2.183821117813696e-20 3.510178308802295e-10 1250
33 1.014709182209963e-21 7.149814877682129e-21 8.437627569984386e-11 1458
36 6.030149325143199e-23 5.086976348288892e-22 4.115325317217439e-12 1814
39 9.382963882851558e-30 8.668051972102568e-29 5.084189713549829e-19 2178
42 3.877837748554967e-30 4.068548495081805e-29 1.815809400123878e-19 2498
45 1.453903993996357e-30 1.734897811206285e-29 6.49335415707116e-20 2622
48 4.04905908754242e-31 4.749190834759345e-30 1.322442110875824e-20 3191
51 3.347477380136607e-32 3.937638630009556e-31 1.043539587476057e-21 3044
54 2.272974697442532e-34 3.180171492398385e-33 8.315356812421926e-24 2736
57 6.528433583206773e-40 9.342319525122897e-39 2.68439660817532e-29 2276
60 2.888826791668078e-40 4.334998822628703e-39 1.286985807798656e-29 2016
63 1.713231446146982e-40 2.869820722496514e-39 9.506990429568169e-30 1640
66 9.82040937071154e-41 1.749281054636326e-39 8.268782583241114e-30 1056
69 6.458893275757906e-41 1.280643974247855e-39 8.553009204543818e-30 683
72 3.62392899678107e-41 7.148239335388854e-40 8.706373216830867e-30 350
75 1.817390457042408e-41 4.443719283130217e-40 8.886099604775292e-30 192
78 3.202520352906604e-42 1.079623612002956e-40 8.441831475001788e-30 44
81 1.203357689173344e-42 5.494166108610612e-41 6.888992099175111e-30 25


3 1.495630235655141e-11 7.589891196039524e-12 239.4086250370135 18
6 1.754655576767417e-12 7.402323467265775e-13 3.75473832243629 62
9 9.442170457378498e-13 1.02083873967387e-12 1.511064476141809 98
12 7.225068109739231e-13 1.428678357352697e-12 0.6381552111142693 210
15 1.585956333543119e-12 3.676356020258979e-12 0.7317323859651903 350
18 7.261461970647639e-13 2.399454316512563e-12 0.2771854923529956 450
21 4.472575388017508e-20 1.44252388958196e-19 1.022629856363029e-08 602
24 8.374252050507412e-21 3.634799935296069e-20 1.616693903703655e-09 762
27 6.861368543251361e-21 3.635164703587219e-20 8.828060919135243e-10 1142
30 3.189094649446009e-21 1.833303059096861e-20 3.435487080446013e-10 1250
33 9.570672385516514e-22 5.923378801822635e-21 8.172090066935987e-11 1458
36 5.97599827103787e-23 4.143646277582328e-22 3.962044135636486e-12 1814
39 8.733940289473283e-30 7.712003552618427e-29 5.228162865669002e-19 2178
42 3.767788777855799e-30 3.478041024227569e-29 1.817971935947347e-19 2498
45 1.374823246692732e-30 1.505825118096477e-29 6.563705159308565e-20 2622
48 3.844732273962929e-31 4.270550254300707e-30 1.379180561895123e-20 3191
51 2.971354822893327e-32 3.84526178289722e-31 1.153380496947441e-21 3044
54 2.088971761712702e-34 2.942139818611295e-33 8.837467884985265e-24 2736
57 6.439800118518961e-40 9.147409928592875e-39 3.028212138108592e-29 2276
60 2.748552075054722e-40 4.176090532635606e-39 1.423316584543022e-29 2016
63 1.797019768299711e-40 2.467215408636532e-39 9.743211069507962e-30 1640
66 9.969129585827386e-41 1.564911255747633e-39 8.697734609510698e-30 1056
69 7.045655121190131e-41 1.049574992723693e-39 8.514244197419466e-30 683
72 3.869252243196289e-41 6.75567326160041e-40 9.695536291732026e-30 350
75 2.329563510867579e-41 3.565267712067795e-40 9.002173373755063e-30 192
78 4.509531018901775e-42 7.517641584745132e-41 7.720293806142145e-30 44
81 2.751046510385647e-42 2.59167124136532e-41 5.252421445621943e-30 25


3 2.51744492705852e-11 2.162898824137206e-12 226.2359672891455 18
6 1.093373872477068e-12 9.685176335814878e-13 4.186488596291809 62
9 1.845602312788224e-12 4.020445134888507e-13 1.339249711930332 98
12 7.003036767348289e-13 1.312742781686535e-12 0.6721748697930522 210
15 1.576483889761743e-12 2.944126675098222e-12 0.6947453240033973 350
18 8.337825717416422e-13 1.704160520403213e-12 0.2450575114803458 450
21 4.423394000313673e-20 1.19076912384444e-19 9.924838004466457e-09 602
24 7.89018971638878e-21 3.249681737525553e-20 1.665029633767042e-09 762
27 6.502095972148958e-21 3.113570590533646e-20 8.781222836727546e-10 1142
30 3.104522594817818e-21 1.516940291015233e-20 3.334963644738985e-10 1250
33 8.674720285172166e-22 5.199041926389777e-21 8.244480820387887e-11 1458
36 5.348924578752548e-23 3.822066464781167e-22 4.162050795100521e-12 1814
39 8.55718263078351e-30 6.41200050925725e-29 5.099739052735663e-19 2178
42 3.614610601004505e-30 3.025036331597656e-29 1.838261752632075e-19 2498
45 1.353452897906127e-30 1.276208410075217e-29 6.516597287073646e-20 2622
48 3.791346087186351e-31 3.646926510028034e-30 1.379890027023609e-20 3191
51 2.966254532889852e-32 3.42833953974571e-31 1.19875280546827e-21 3044
54 2.155599663326657e-34 2.381393697298122e-33 8.52406835386118e-24 2736
57 6.653378420525522e-40 8.432186741189894e-39 3.255513990579636e-29 2276
60 2.791658156642527e-40 3.685166870305957e-39 1.472363887208562e-29 2016
63 1.633754056267036e-40 2.390065641114169e-39 1.0645683104979e-29 1640
66 9.251101021332899e-41 1.451619466771339e-39 9.226386860947791e-30 1056
69 6.575618687919221e-41 9.662477325711922e-40 8.977996954345224e-30 683
72 3.792251295041957e-41 6.256048083996091e-40 1.0344613538206e-29 350
75 2.645028817541289e-41 3.248444809148663e-40 9.838407201181312e-30 192
78 5.363963442945407e-42 5.623078047076423e-41 7.400053519888165e-30 44
81 2.415135731884893e-42 2.589025305616166e-41 5.666125334918156e-30 25


3 1.289957197028496e-11 4.871653249113894e-12 217.6556211431047 18
6 2.402069216171525e-12 3.173776956566666e-13 3.807836746079768 62
9 1.870095841231327e-12 2.137661190497692e-13 1.237578173846186 98
12 8.686910502127372e-13 1.099097421320069e-12 0.6872370903728934 210
15 1.400885168878198e-12 2.706682660826328e-12 0.7180845345786668 350
18 7.711865653447765e-13 1.496908452222396e-12 0.245477897156916 450
21 3.762624565554438e-20 1.118989322048352e-19 1.04179017401321e-08 602
24 8.123326012071836e-21 2.686688162830662e-20 1.618677357893231e-09 762
27 6.075426193306988e-21 2.714791245299192e-20 8.79583332885659e-10 1142
30 2.931232586864358e-21 1.311036185863471e-20 3.321786107378501e-10 1250
33 7.989348915960235e-22 4.543534691050774e-21 8.261411106845217e-11 1458
36 5.235898477509256e-23 3.238169293466593e-22 4.101519020691109e-12 1814
39 8.107978477240439e-30 5.653295492782353e-29 5.173771581499425e-19 2178
42 3.367454084613072e-30 2.751637124627997e-29 1.908310701388845e-19 2498
45 1.331781166617331e-30 1.078570174293538e-29 6.418550692869892e-20 2622
48 3.683093332045321e-31 3.172940716552378e-30 1.389970091718107e-20 3191
51 2.956669818500453e-32 3.003343665577229e-31 1.219234474127342e-21 3044
54 1.879071064709457e-34 2.241663829609129e-33 8.996176449309326e-24 2736
57 6.760166006485032e-40 7.881153497208019e-39 3.506542351617708e-29 2276
60 2.683495120762592e-40 3.670109634825249e-39 1.655019001292478e-29 2016
63 1.671673849356964e-40 2.244983108882125e-39 1.155159414989303e-29 1640
66 9.734830294131537e-41 1.303866594594914e-39 9.677202970286253e-30 1056
69 6.567402990849806e-41 9.785088403756283e-40 1.027823509468136e-29 683
72 3.690800059502246e-41 5.795179247636436e-40 1.098942713103398e-29 350
75 2.47345857265636e-41 3.176436773039049e-40 1.076491118254567e-29 192
78 5.019673575518194e-42 5.158970799713466e-41 7.657101619127422e-30 44
81 2.215963070947963e-42 2.633294041754788e-41 6.295248247372147e-30 25


3 1.792564754050384e-11 3.149599714760677e-12 239.1585140275992 18
6 1.574361573715069e-12 5.302133398785263e-13 4.136190412724472 62
9 9.659253312060983e-13 5.438483598740894e-13 1.444474906601914 98
12 1.230543518194189e-12 7.719003245974684e-13 0.6661049920574243 210
15 1.244757560010498e-12 2.522955396561162e-12 0.7583907542850514 350
18 5.980731884028016e-13 1.567105166710163e-12 0.2783331908166151 450
21 3.717419244918056e-20 9.484078278191008e-20 1.031652742851216e-08 602
24 7.9588315178709e-21 2.34015136033816e-20 1.638554442545716e-09 762
27 5.858620729145087e-21 2.356570295884494e-20 8.831613416238979e-10 1142
30 2.742312757339701e-21 1.14552621051177e-20 3.335921180720118e-10 1250
33 7.643952305814914e-22 3.868527505368448e-21 8.140339850526438e-11 1458
36 4.943698123377809e-23 2.724910943045053e-22 3.989980791504383e-12 1814
39 7.656648377452454e-30 5.182104960388237e-29 5.407512196479363e-19 2178
42 3.29594510406078e-30 2.398775945655433e-29 1.921989501446305e-19 2498
45 1.239809478158177e-30 9.798381534064824e-30 6.637071599560355e-20 2622
48 3.44102110919671e-31 2.856859980240702e-30 1.426466497309018e-20 3191
51 2.900218641737e-32 2.680809276084756e-31 1.251993924641142e-21 3044
54 1.667804340859292e-34 2.071422733707974e-33 9.368699681421107e-24 2736
57 6.691799153646507e-40 7.470322295484946e-39 3.788072229223571e-29 2276
60 2.854857969919462e-40 3.20451840980967e-39 1.691537092466809e-29 2016
63 1.656473857648762e-40 1.973647009276686e-39 1.174779021465442e-29 1640
66 9.17950950968592e-41 1.181878408287836e-39 9.986699287858698e-30 1056
69 5.901411899648174e-41 9.408588470012735e-40 1.10352730117244e-29 683
72 3.412121671025895e-41 5.483740251819738e-40 1.168937325304421e-29 350
75 2.040702663316729e-41 3.259688689435101e-40 1.189557616870646e-29 192
78 4.06391190121527e-42 5.65873467541019e-41 8.765943203669011e-30 44
81 2.59048238301836e-42 2.030856935781069e-41 6.153241512303442e-30 25


3 1.949709036803839e-11 1.847807006372869e-12 216.4240537512426 18
6 9.347108909815496e-13 6.0472235565297e-13 4.119940007081554 62
9 6.437007998739372e-13 5.955347613874902e-13 1.536037186290713 98
12 1.55816100881191e-12 4.9412212252475e-13 0.6310204185531414 210
15 1.197043796033152e-12 2.209957870983683e-12 0.7686593475408302 350
18 6.217535106749912e-13 1.246370312705314e-12 0.2632131335919874 450
21 3.434624454211578e-20 8.609626609804241e-20 1.066180887250868e-08 602
24 7.124523542123374e-21 2.234729397262818e-20 1.755652266680705e-09 762
27 5.774011760136719e-21 1.993508879091973e-20 8.667969621199943e-10 1142
30 2.554355787421321e-21 1.015341866841469e-20 3.372454516255276e-10 1250
33 7.202978720633253e-22 3.395282567021883e-21 8.168516276259837e-11 1458
36 4.352673983137e-23 2.5240906985904e-22 4.144228837787366e-12 1814
39 7.71449958609664e-30 4.435191915916509e-29 5.361550076655021e-19 2178
42 3.147730446234264e-30 2.153214019324286e-29 1.966162215040722e-19 2498
45 1.136295465006381e-30 9.123742164394556e-30 6.953322501095093e-20 2622
48 3.188008431151099e-31 2.614345561146242e-30 1.473788390088199e-20 3191
51 2.86787967512321e-32 2.383156200573889e-31 1.276339519967315e-21 3044
54 1.610342874347489e-34 1.811908548180948e-33 9.379855006266339e-24 2736
57 6.91954649388876e-40 6.883059020191948e-39 4.009807022905142e-29 2276
60 2.906014665890986e-40 3.016688341947164e-39 1.817220964178544e-29 2016
63 1.690025901000996e-40 1.835532494697225e-39 1.247400299848959e-29 1640
66 9.067628472739765e-41 1.145370973904338e-39 1.092910488988549e-29 1056
69 6.97976636472583e-41 7.787432202894782e-40 1.098985168616468e-29 683
72 3.68177355656599e-41 5.0093361402901e-40 1.238566539175169e-29 350
75 1.774393938509222e-41 3.262514563468124e-40 1.304428820392212e-29 192
78 3.260997558948529e-42 5.741756525092163e-41 9.466883713157228e-30 44
81 2.48784800475311e-42 2.402429236952667e-41 7.618426473902707e-30 25


3 5.340379833603645e-12 4.621457452773623e-12 246.5409011466319 18
6 2.130340019040285e-12 1.7408536807223e-13 3.615441205073698 62
9 1.061131320206214e-12 3.350196115955824e-13 1.367696833624909 98
12 1.566287291090727e-12 4.38999174150832e-13 0.6584309041695784 210
15 1.243151389539489e-12 1.83478408381881e-12 0.7599475962444378 350
18 6.524850903120253e-13 9.914975514871241e-13 0.2510220511923887 450
21 3.479149741956812e-20 7.303400347864772e-20 1.062589733490725e-08 602
24 7.071977214781668e-21 1.940272793006834e-20 1.770795989974638e-09 762
27 5.490756832135693e-21 1.774067938313766e-20 8.848818556087781e-10 1142
30 2.346135236498746e-21 9.194626623155232e-21 3.466770806200033e-10 1250
33 6.791700541372145e-22 3.02533211815046e-21 8.30226191159311e-11 1458
36 4.035554003136054e-23 2.25363678506655e-22 4.206293936669181e-12 1814
39 6.927357460658509e-30 4.26562674363699e-29 5.754252309038113e-19 2178
42 3.003495026822709e-30 1.953398442261427e-29 2.024974653141172e-19 2498
45 1.131296171800101e-30 7.859169395885994e-30 6.894784444433317e-20 2622
48 3.153214348941289e-31 2.26616519343057e-30 1.467970469507625e-20 3191
51 2.782653409217016e-32 2.153809572222162e-31 1.31129447276588e-21 3044
54 1.457207246016046e-34 1.659889527918538e-33 9.646664300758018e-24 2736
57 6.907356099269258e-40 6.359159210589609e-39 4.209821212029424e-29 2276
60 2.826663047736868e-40 2.863844122982077e-39 1.941896960498774e-29 2016
63 1.579576316698767e-40 1.764316005182617e-39 1.336248901809856e-29 1640
66 9.216627086457993e-41 1.000648311245714e-39 1.099059641777997e-29 1056
69 6.026969462008113e-41 8.034290609950839e-40 1.224256363117607e-29 683
72 3.446342512920982e-41 4.652730111808018e-40 1.290323686334144e-29 350
75 2.031711591025312e-41 2.468157603078278e-40 1.193233010986864e-29 192
78 3.548371895032375e-42 4.283146314812024e-41 8.531448571189082e-30 44
81 1.291279299321735e-42 3.525220122293642e-41 1.006886953889738e-29 25


3 2.672326068161522e-11 2.209126390199595e-14 207.3418076741681 18
6 4.772165803442756e-13 6.21120528211541e-13 5.067873644396772 62
9 7.729083733459537e-13 4.004971676684609e-13 1.563944970064347 98
12 1.245954013311446e-12 5.674532413971136e-13 0.7799846803768158 210
15 1.352456652178791e-12 1.477427937120739e-12 0.7372558441446907 350
18 6.177256658114823e-13 8.99188585440755e-13 0.2603922115473865 450
21 3.483043617834857e-20 6.426807248036733e-20 1.082010499696299e-08 602
24 6.852487944836796e-21 1.737065905567274e-20 1.817472738421274e-09 762
27 5.030951235893686e-21 1.644092157663982e-20 9.253468382863892e-10 1142
30 2.143730624258444e-21 8.346598480657251e-21 3.553127178978496e-10 1250
33 6.394256622834429e-22 2.700428895183142e-21 8.408957746013404e-11 1458
36 4.022414779444486e-23 1.966198881374911e-22 4.20755033732841e-12 1814
39 6.750169400979718e-30 3.750779710067725e-29 5.770352861385772e-19 2178
42 2.921043534456467e-30 1.740883256899709e-29 2.051125308776842e-19 2498
45 1.030904518129343e-30 7.426596248797181e-30 7.260273052312582e-20 2622
48 2.718005511339363e-31 2.262744791242311e-30 1.603660781744389e-20 3191
51 2.482917410960486e-32 2.115004776647567e-31 1.417467089120473e-21 3044
54 1.522328672162985e-34 1.422665232637767e-33 9.515962560848274e-24 2736
57 6.930028457300761e-40 6.033599438388982e-39 4.50248489102326e-29 2276
60 2.834536253259179e-40 2.76696060118234e-39 2.105212333400234e-29 2016
63 1.583235121304867e-40 1.660089753910913e-39 1.417823815989932e-29 1640
66 9.326591102063882e-41 9.699426601629672e-40 1.195460642331329e-29 1056
69 6.403677422473606e-41 7.556876622066411e-40 1.311389284184399e-29 683
72 3.635046648123876e-41 4.210898283252032e-40 1.336238890898057e-29 350
75 1.855529178894684e-41 2.448585222046667e-40 1.294236006463277e-29 192
78 3.474706482015217e-42 3.926265564206527e-41 8.829540516001103e-30 44
81 2.678703788786324e-42 2.139951598365316e-41 8.774182507165553e-30 25


3 5.694368439904319e-13 4.035874940957971e-12 267.4697977538964 18
6 1.879354849298219e-12 1.142868860017605e-13 3.133641820889182 62
9 6.645379294519464e-13 3.616529317578038e-13 1.599856463704852 98
12 1.022180648610869e-12 6.258630877994581e-13 0.9021611406489114 210
15 1.515461912722202e-12 1.144675380438713e-12 0.7057620088654886 350
18 5.803927100653949e-13 8.198743428212672e-13 0.2729223476907726 450
21 2.786374097859477e-20 6.3687397381364e-20 1.186455508835897e-08 602
24 6.532036224610242e-21 1.615191729610807e-20 1.928213434662629e-09 762
27 4.883414919267466e-21 1.455380378357948e-20 9.394129570720754e-10 1142
30 2.093390749121117e-21 7.294668983784499e-21 3.559114768238284e-10 1250
33 6.044784960374801e-22 2.414088422439385e-21 8.528782574862265e-11 1458
36 3.913545717154524e-23 1.717095918520085e-22 4.192243594769289e-12 1814
39 6.835592511913974e-30 3.228630770525249e-29 5.702826362426391e-19 2178
42 2.863399725107014e-30 1.53049579500915e-29 2.050848451964559e-19 2498
45 1.075179812817658e-30 6.153409871867836e-30 6.96579347014501e-20 2622
48 2.938460178280577e-31 1.803070803702386e-30 1.495081576293445e-20 3191
51 2.401479919986995e-32 1.906474372038805e-31 1.440130961190931e-21 3044
54 1.497335415038209e-34 1.26964059891113e-33 9.612261765012603e-24 2736
57 6.847450962250557e-40 5.768050792867639e-39 4.816608795401834e-29 2276
60 2.833400633425051e-40 2.503732983611759e-39 2.155194818484452e-29 2016
63 1.601371731594596e-40 1.483151622330673e-39 1.437673989975766e-29 1640
66 8.855023099193147e-41 9.68299910463763e-40 1.311074355282363e-29 1056
69 6.597730652646877e-41 6.572032521419633e-40 1.307195342805662e-29 683
72 3.582339967123525e-41 4.052579836892612e-40 1.433925936578884e-29 350
75 2.0663425488917e-41 2.099800659929377e-40 1.299002633573941e-29 192
78 3.593788465619919e-42 4.141877115586209e-41 1.026550209106857e-29 44
81 1.433520188769179e-42 3.415811177368451e-41 1.245762268225563e-29 25


3 1.854547096136515e-11 1.281412310167401e-12 239.0665632451454 18
6 4.8871172619085e-13 4.913365492438821e-13 6.009519514751831 62
9 8.512609894623645e-13 2.659003927498376e-13 1.559410359264819 98
12 9.981205145040899e-13 5.954918815631508e-13 0.9912853322566861 210
15 1.680391059298393e-12 8.742758891333425e-13 0.6688226664889587 350
18 5.679122705353503e-13 7.146656095092824e-13 0.2760424172108987 450
21 2.901526361181103e-20 5.217089622377974e-20 1.141992179690513e-08 602
24 6.564183814264277e-21 1.396408583862292e-20 1.923177606809918e-09 762
27 4.867565962775072e-21 1.262945188295274e-20 9.354476265861877e-10 1142
30 2.017790643841768e-21 6.503355458000215e-21 3.599955919767384e-10 1250
33 5.766833531767041e-22 2.159661372711418e-21 8.618080596098818e-11 1458
36 3.69381394892907e-23 1.502111786409873e-22 4.141182129546599e-12 1814
39 6.486353436911903e-30 2.984597245298714e-29 5.897108095631688e-19 2178
42 2.637563364042592e-30 1.444397523902301e-29 2.146581352572251e-19 2498
45 9.757465136522775e-31 5.952350017060689e-30 7.414611736966465e-20 2622
48 2.498335138344065e-31 1.83159904785331e-30 1.642568588115701e-20 3191
51 2.455516088192251e-32 1.594344750033385e-31 1.380163538350019e-21 3044
54 1.580472217912714e-34 1.105251477601203e-33 9.571096725465937e-24 2736
57 6.698986777392517e-40 5.518817854070238e-39 5.123824957750303e-29 2276
60 2.803349261672135e-40 2.372526274794723e-39 2.277400775357743e-29 2016
63 1.533605444345867e-40 1.414369556105362e-39 1.519365781854375e-29 1640
66 8.690017627343448e-41 8.98738157557013e-40 1.362097054462036e-29 1056
69 6.275240534056991e-41 6.15790093059512e-40 1.356244252071561e-29 683
72 3.320586168061501e-41 3.897792275581791e-40 1.509138064714425e-29 350
75 1.713224673753914e-41 2.334622801162336e-40 1.505204863608036e-29 192
78 2.785996384040191e-42 4.769721206796583e-41 1.215659126671394e-29 44
81 2.756628693018172e-42 1.870238815068464e-41 9.726093929370405e-30 25


3 1.43432851371182e-11 1.045127232888203e-12 193.4431403454503 18
6 1.531896848911832e-12 1.347423459299463e-13 3.385686107935544 62
9 4.436936285885838e-13 3.754079351925103e-13 2.199197338946283 98
12 7.802001600081772e-13 6.750255534354273e-13 1.245959745772783 210
15 1.756030874579778e-12 7.259324757930649e-13 0.6696466659240035 350
18 5.728791875420103e-13 6.05062229072727e-13 0.2743928573600875 450
21 3.303890977334425e-20 4.275721612086349e-20 1.114485351440052e-08 602
24 6.046490167983688e-21 1.309166927286366e-20 2.033912934252439e-09 762
27 4.470473263892441e-21 1.196500968781974e-20 9.93426864740166e-10 1142
30 1.909549190969758e-21 5.907874715063228e-21 3.685056020788245e-10 1250
33 5.551221153152979e-22 1.937558320993682e-21 8.722381971785466e-11 1458
36 3.50496570737055e-23 1.356093578801364e-22 4.196139395495186e-12 1814
39 6.081889374418193e-30 2.754468942733746e-29 6.066706992036681e-19 2178
42 2.499643057816521e-30 1.320113598201877e-29 2.190637107320562e-19 2498
45 9.506148465506675e-31 5.304098770427839e-30 7.42670707325538e-20 2622
48 2.704789785539685e-31 1.470429251341459e-30 1.528045120294354e-20 3191
51 2.226375186610956e-32 1.527179552758845e-31 1.44956551065731e-21 3044
54 1.421972817999675e-34 1.109931226740565e-33 1.044275807396518e-23 2736
57 6.78581790165865e-40 5.198512966565678e-39 5.392645636813429e-29 2276
60 2.781746060223186e-40 2.333073290079596e-39 2.476545359677213e-29 2016
63 1.585992633755383e-40 1.370167279597824e-39 1.641184986055796e-29 1640
66 9.07613409920539e-41 8.354891196927643e-40 1.423469021261219e-29 1056
69 6.205726310324406e-41 6.115173278242526e-40 1.480401744781906e-29 683
72 3.362526600019096e-41 3.684306041612785e-40 1.593857294057594e-29 350
75 1.776055352408255e-41 2.301332011143036e-40 1.647301747408527e-29 192
78 3.347016152046966e-42 4.242629300262706e-41 1.246349844747736e-29 44
81 2.106060927973509e-42 1.515973633070741e-41 8.481263436334685e-30 25


3 1.062367279390222e-12 3.099005466050305e-12 469.0788636737397 18
6 5.987788623379793e-13 3.558585133033886e-13 7.09090463964698 62
9 7.721192916414061e-13 1.894978205697332e-13 1.571812998448923 98
12 5.224406778523764e-13 7.06690638772501e-13 1.470008278514967 210
15 1.652566412691585e-12 7.447915970530189e-13 0.7600181600755669 350
18 5.827694222087501e-13 5.089726271823843e-13 0.2690090322462593 450
21 2.938944112217969e-20 3.981332292454199e-20 1.156945336176723e-08 602
24 6.029508262632929e-21 1.12901756934941e-20 2.003781604951901e-09 762
27 4.440736129254538e-21 1.047713460658601e-20 9.862274231294109e-10 1142
30 1.822793536173773e-21 5.309739607278413e-21 3.714549874609786e-10 1250
33 5.293908112177796e-22 1.758322611711469e-21 8.844532325209347e-11 1458
36 3.224781629913471e-23 1.296792554282079e-22 4.422822150914902e-12 1814
39 5.958791085314386e-30 2.477124319369754e-29 6.105933955171018e-19 2178
42 2.407572578451376e-30 1.201012166958584e-29 2.218960979766505e-19 2498
45 9.202925414820891e-31 4.789312684002177e-30 7.469848557045547e-20 2622
48 2.441113855617577e-31 1.424901765542047e-30 1.612140350686767e-20 3191
51 2.160154464476891e-32 1.362636812498522e-31 1.442081148912446e-21 3044
54 1.493662891789457e-34 9.696348176465089e-34 1.032848655032909e-23 2736
57 6.648838804997975e-40 4.871456047886262e-39 5.594159460104995e-29 2276
60 2.678707768503712e-40 2.245760900335872e-39 2.618707385636521e-29 2016
63 1.462714650002043e-40 1.322918313979709e-39 1.725121012676131e-29 1640
66 8.614078848059621e-41 7.773055169925302e-40 1.459192510202541e-29 1056
69 6.116265334141529e-41 5.360239128618695e-40 1.454460749301549e-29 683
72 3.271112234502488e-41 3.207925309400209e-40 1.555287782882865e-29 350
75 1.917750405425025e-41 2.008435968289246e-40 1.638088102710477e-29 192
78 4.610869197314447e-42 3.171544219282319e-41 1.172873646201425e-29 44
81 1.455029059867373e-42 2.301863327004166e-41 1.200660747554623e-29 25


3 1.94096578048705e-11 2.399058016677523e-13 137.9081530280045 18
6 1.154160936565345e-12 1.626935931103852e-13 4.825877621960384 62
9 5.043335079503114e-13 2.824459997234919e-13 2.537574916613393 98
12 7.718330683626775e-13 4.44739554859633e-13 1.167693219158018 210
15 1.399430832075198e-12 8.849879069798118e-13 0.9644024053961566 350
18 5.911700422945113e-13 4.300651933163219e-13 0.2636727261972409 450
21 2.473893383212913e-20 3.900384134809009e-20 1.248908700840753e-08 602
24 5.715618987260951e-21 1.060721708904112e-20 2.103575661417146e-09 762
27 4.154373505597834e-21 9.673626911910508e-21 1.014809124324292e-09 1142
30 1.735261400331795e-21 4.781465426225605e-21 3.732322133804743e-10 1250
33 4.954152168403481e-22 1.616729842187881e-21 9.010379318958579e-11 1458
36 2.859289000941994e-23 1.268545973677595e-22 4.721437539886982e-12 1814
39 5.857179158772373e-30 2.245557229885137e-29 6.165834280650782e-19 2178
42 2.327478517312507e-30 1.09284189681545e-29 2.240023672690302e-19 2498
45 8.426477519811276e-31 4.595643169973145e-30 7.827490166294817e-20 2622
48 2.28913554499277e-31 1.328511506341317e-30 1.652085465878643e-20 3191
51 2.094031958623875e-32 1.233998989516902e-31 1.447603525640715e-21 3044
54 1.408232639181471e-34 9.007077114889021e-34 1.053306196588679e-23 2736
57 6.53433624660855e-40 4.646221971458915e-39 5.873487542233845e-29 2276
60 2.744374188826223e-40 2.097584653606832e-39 2.716749217508167e-29 2016
63 1.583364370007922e-40 1.163206940613088e-39 1.718576318454503e-29 1640
66 8.769379150022308e-41 7.321100496250291e-40 1.523220714872173e-29 1056
69 5.870642075536529e-41 5.293638348191818e-40 1.562870087139414e-29 683
72 3.215767955305177e-41 3.058573826257334e-40 1.625861274068809e-29 350
75 2.00792525322509e-41 1.839607442586731e-40 1.680111603759584e-29 192
78 4.911075656824124e-42 2.645349337041527e-41 1.142939095165695e-29 44
81 1.518438886345393e-42 2.738652808368311e-41 1.521179541535981e-29 25


3 9.39909544337878e-12 1.333187114308915e-12 438.5387619320732 18
6 7.94166455799723e-13 2.485633403969838e-13 8.355249126921827 62
9 5.281205963896858e-13 2.244293086375794e-13 2.395906297362903 98
12 9.189729637173408e-13 3.014839313115886e-13 0.9804262053547583 210
15 1.141430486237626e-12 1.027765615494205e-12 1.205152236493998 350
18 5.924524118424196e-13 3.706630668924578e-13 0.2587188964536392 450
21 2.436818234730787e-20 3.725488523238234e-20 1.329214393326573e-08 602
24 5.543058855676151e-21 9.755380419409157e-21 2.151300561875969e-09 762
27 4.132136830813944e-21 8.657647887481456e-21 1.012455930978584e-09 1142
30 1.665815852350408e-21 4.324866720549158e-21 3.737873919880983e-10 1250
33 4.786153709738209e-22 1.447297694766847e-21 8.935327872708567e-11 1458
36 2.757380492708248e-23 1.137485424858284e-22 4.678579838081585e-12 1814
39 5.449760520927196e-30 2.077079849182897e-29 6.246934705836209e-19 2178
42 2.247044792935241e-30 9.995689427512418e-30 2.257548582217697e-19 2498
45 8.363497450747979e-31 4.070779066599028e-30 7.700923426183246e-20 2622
48 2.239541249933429e-31 1.200797249579016e-30 1.649974378329624e-20 3191
51 2.034348321991707e-32 1.124583240799529e-31 1.4536806670805e-21 3044
54 1.294552442101503e-34 8.619017614654007e-34 1.09346123623221e-23 2736
57 6.696030174051115e-40 4.352454225857322e-39 6.088394574655762e-29 2276
60 2.942226606444159e-40 1.867842172077058e-39 2.722457538826763e-29 2016
63 1.561060741636205e-40 1.089775439085505e-39 1.771500766108558e-29 1640
66 9.22959018436631e-41 6.822339379480682e-40 1.577707751632727e-29 1056
69 6.343724289913115e-41 4.826456939887062e-40 1.598875291869532e-29 683
72 3.173150614205244e-41 3.137370230253772e-40 1.804551644620776e-29 350
75 1.965975063995741e-41 1.724350236507255e-40 1.726319467940922e-29 192
78 4.936461658046248e-42 2.65475604740547e-41 1.240904252032163e-29 44
81 1.27610954835432e-42 2.840300255342415e-41 1.676553984574954e-29 25


3 1.510714546812603e-12 2.169301779686957e-12 995.1966285842525 18
6 8.811474732714439e-13 1.60443228034052e-13 6.572577759635298 62
9 6.37388371236022e-13 1.64226816884121e-13 2.132724478191888 98
12 5.577250193531297e-13 4.634670825632628e-13 1.528137613993907 210
15 9.890064372458988e-13 1.094622602394502e-12 1.395612887934927 350
18 5.779345136392253e-13 3.369389358393318e-13 0.2611571493244081 450
21 2.474672855271276e-20 3.210800879569338e-20 1.280784721874076e-08 602
24 5.687894823081443e-21 8.473707837267582e-21 2.085852251428087e-09 762
27 3.843092382015347e-21 8.14561828872065e-21 1.039689908284699e-09 1142
30 1.576352345781476e-21 4.028885553284588e-21 3.807306449699477e-10 1250
33 4.582173531721509e-22 1.320986930568241e-21 8.947191350255679e-11 1458
36 3.046791087229642e-23 8.840274499830762e-23 4.142398096576224e-12 1814
39 5.132964214934386e-30 1.93906093928907e-29 6.357323734534529e-19 2178
42 2.17981123343375e-30 9.176497384286222e-30 2.272790814320969e-19 2498
45 8.372107320366655e-31 3.598686656791127e-30 7.539349823371082e-20 2622
48 2.219551147254581e-31 1.073151562822131e-30 1.628057981996311e-20 3191
51 1.880908367129506e-32 1.073993581565696e-31 1.50170819395912e-21 3044
54 1.270440098697745e-34 7.715906416389287e-34 1.078407066130362e-23 2736
57 6.453597502064042e-40 4.16828169328613e-39 6.338141774197836e-29 2276
60 2.585421673662696e-40 1.95313969429342e-39 3.00289862744996e-29 2016
63 1.473654639816016e-40 1.066046853665322e-39 1.869302025913311e-29 1640
66 8.617093545016438e-41 6.532497420132979e-40 1.633139880300719e-29 1056
69 5.721450397352405e-41 4.876321025154848e-40 1.719160631758535e-29 683
72 2.866159318006653e-41 3.091347820599655e-40 1.902792503823405e-29 350
75 1.745979913316612e-41 1.791541258173249e-40 1.88629025745814e-29 192
78 4.900582126135748e-42 2.579440533655832e-41 1.303572036747675e-29 44
81 1.358572039047683e-42 2.598793769740363e-41 1.701284758256478e-29 25


3 1.698828809571387e-11 1.368588078636993e-13 121.076575519307 18
6 7.101911883246599e-13 2.164051539034472e-13 9.271461605682472 62
9 3.477835468780936e-13 2.415688813503589e-13 3.078484696017131 98
12 5.689757931383998e-13 4.250987325060211e-13 1.512597939247112 210
15 8.719618221798005e-13 1.121618315130803e-12 1.529353906898652 350
18 5.346216338414051e-13 3.388191846175044e-13 0.2800124788203339 450
21 2.576186139485973e-20 2.810801979084259e-20 1.23948570030068e-08 602
24 5.252258589542318e-21 8.1014174559627e-21 2.148213807074506e-09 762
27 3.718672148783173e-21 7.555887338610093e-21 1.049806772413612e-09 1142
30 1.570145593809372e-21 3.643812034679623e-21 3.77388043422801e-10 1250
33 4.416367124011794e-22 1.215615405639475e-21 8.969119041883997e-11 1458
36 3.004084589175055e-23 7.873823274978111e-23 4.058269006541226e-12 1814
39 5.048252010996488e-30 1.76343703565739e-29 6.326100107199798e-19 2178
42 2.140267122292504e-30 8.328985064010118e-30 2.257880422294383e-19 2498
45 8.055192795107485e-31 3.333135644294426e-30 7.599060036660133e-20 2622
48 2.156584506996841e-31 9.76530717501722e-31 1.619078277781758e-20 3191
51 1.788062253933512e-32 1.00375181530538e-31 1.523430798321014e-21 3044
54 1.163619811033027e-34 7.611172375873379e-34 1.139781052441118e-23 2736
57 6.487099443240749e-40 3.862739604282522e-39 6.437993997610615e-29 2276
60 2.839418860486547e-40 1.69490638447154e-39 2.928918840707502e-29 2016
63 1.448056091614243e-40 1.017074844405064e-39 1.937353681053117e-29 1640
66 8.574554519640853e-41 6.357390926299572e-40 1.724835547224805e-29 1056
69 5.657967002307989e-41 4.728918267804598e-40 1.806571501395527e-29 683
72 2.992072329996564e-41 2.835657532922382e-40 1.925806728204268e-29 350
75 1.650627470829454e-41 1.775769982701837e-40 2.012336324359432e-29 192
78 4.944431820914093e-42 2.514325257994755e-41 1.384135004702078e-29 44
81 1.441406383831884e-42 2.444995771947644e-41 1.761480738940244e-29 25


3 1.0444242930938e-11 9.436974448343397e-13 374.2956846890334 18
6 1.111010606131956e-12 8.511890974029336e-14 4.081902183798708 62
9 6.92742206421014e-13 1.005958812108629e-13 1.567321398515387 98
12 7.56614539429404e-13 2.699776323519618e-13 1.080654817195156 210
15 7.683450500964252e-13 1.105193331674308e-12 1.577963090328807 350
18 4.534150679524582e-13 3.818574867859718e-13 0.3228259862531471 450
21 2.486343120954352e-20 2.392197089048143e-20 1.146629744191075e-08 602
24 4.781039986930414e-21 7.85501939891296e-21 2.21666870646605e-09 762
27 3.801555075768028e-21 6.546177850175386e-21 9.963573775930413e-10 1142
30 1.477937116791478e-21 3.491446662105481e-21 3.877708571876027e-10 1250
33 4.202632995242187e-22 1.138918924059772e-21 9.058331036731184e-11 1458
36 2.370390291360969e-23 8.987783919737134e-23 4.756176841212382e-12 1814
39 4.754309911739255e-30 1.672585364424922e-29 6.457147242021405e-19 2178
42 2.102524897623746e-30 7.617327967940651e-30 2.247566353142664e-19 2498
45 7.679346487908617e-31 3.133737782618801e-30 7.71252462623348e-20 2622
48 2.042344671309649e-31 9.121814549995832e-31 1.632897183987383e-20 3191
51 1.771317184082796e-32 8.97280326848744e-32 1.490609009522268e-21 3044
54 1.304655647440386e-34 6.29046899126777e-34 1.064871244526815e-23 2736
57 6.33973609164939e-40 3.734763306223896e-39 6.720368570036001e-29 2276
60 2.643630795060214e-40 1.783407398086747e-39 3.255614698088916e-29 2016
63 1.570230048544155e-40 9.322865761386119e-40 1.972790926936295e-29 1640
66 8.823118329650891e-41 5.896563920066437e-40 1.757124276737887e-29 1056
69 6.190231511659692e-41 4.323863460896441e-40 1.838062344813896e-29 683
72 3.417355286673749e-41 2.260556006463533e-40 1.771172390720858e-29 350
75 1.85719822147374e-41 1.724504415117251e-40 2.155663286108802e-29 192
78 4.006571588819899e-42 3.718798673324259e-41 1.909409044481297e-29 44
81 2.043008605301946e-42 1.903534402358614e-41 1.623306015580432e-29 25


3 2.662473508998394e-13 1.751473021775344e-12 543.2536045962365 18
6 2.290059164856629e-13 2.484483612836359e-13 9.129997735192665 62
9 2.622955533323365e-13 2.229729434922814e-13 2.847131083966375 98
12 5.707071816931441e-13 3.15856531522271e-13 1.239448425075005 210
15 8.742771880174933e-13 9.25639562458414e-13 1.403059363211125 350
18 3.417239296963883e-13 4.55657271639411e-13 0.3868297330780774 450
21 2.433825093921788e-20 2.20633687918706e-20 1.131484627545886e-08 602
24 4.720974728516919e-21 7.076406941634748e-21 2.149341593447552e-09 762
27 3.397151022759642e-21 6.467916878767523e-21 1.036904923319637e-09 1142
30 1.462454286499169e-21 3.184957806993444e-21 3.822161727479334e-10 1250
33 4.105403529224254e-22 1.030462739760324e-21 8.862063993024666e-11 1458
36 2.592286212234156e-23 7.40822698567711e-23 4.343133589436055e-12 1814
39 4.481813696095685e-30 1.569665151478941e-29 6.502893253788703e-19 2178
42 1.997357258814041e-30 7.136795968702232e-30 2.264686048140802e-19 2498
45 7.385095893568036e-31 2.9137205117768e-30 7.73691598777314e-20 2622
48 1.932935348745319e-31 8.579638576571527e-31 1.651039776638796e-20 3191
51 1.758543814841023e-32 8.030967484498917e-32 1.456240796047162e-21 3044
54 1.305080950373821e-34 5.768133127207863e-34 1.064216256303925e-23 2736
57 6.338612009240295e-40 3.468876511532512e-39 6.789450242680932e-29 2276
60 2.847945000388112e-40 1.538724712375631e-39 3.133574564417912e-29 2016
63 1.414246905298211e-40 9.51823388263949e-40 2.114501237507946e-29 1640
66 8.049855933491477e-41 5.89250875383577e-40 1.857441282649494e-29 1056
69 5.636434113389897e-41 4.26695060156525e-40 1.918708552444436e-29 683
72 2.884009067436924e-41 2.453563592884417e-40 1.972715875137303e-29 350
75 2.145080704803929e-41 1.373089065691116e-40 1.988175947667227e-29 192
78 2.543610960482039e-42 4.548277118229569e-41 2.286958901010393e-29 44
81 2.306534624515277e-42 1.320590062532516e-41 1.341400617604857e-29 25


3 1.23641160371326e-11 3.24537427793399e-13 180.5007935091055 18
6 1.328780266469293e-12 2.644139347637465e-14 2.495508109907784 62
9 6.89807416277732e-13 7.225862389822856e-14 1.270744671212482 98
12 5.715395218201448e-13 2.964110591469544e-13 1.18191812357394 210
15 1.140367202933623e-12 6.406081172797468e-13 1.073009951420707 350
18 2.406359228832448e-13 5.218638046343108e-13 0.4450851092537016 450
21 2.394556055269005e-20 2.144926739840771e-20 1.159376685816943e-08 602
24 4.790139242072433e-21 6.220822997014301e-21 2.032639328905275e-09 762
27 3.142369770713559e-21 6.341337900360334e-21 1.071631106902671e-09 1142
30 1.399854643803195e-21 3.000639644713485e-21 3.834562616756706e-10 1250
33 3.83119814989742e-22 9.774910984759236e-22 8.935555391725417e-11 1458
36 2.572513869480178e-23 6.452241481090538e-23 4.115004995980543e-12 1814
39 4.642333663180103e-30 1.367581277602437e-29 6.196487646194939e-19 2178
42 1.894426608253183e-30 6.794384464881518e-30 2.303016951881226e-19 2498
45 7.205194001085604e-31 2.673386044100783e-30 7.661942036322671e-20 2622
48 1.861338819410742e-31 7.993815294932353e-31 1.654319989043189e-20 3191
51 1.685233550895858e-32 7.479606201946035e-32 1.45802162453794e-21 3044
54 1.197149878434162e-34 5.905866103386752e-34 1.144670312669122e-23 2736
57 6.415073192412654e-40 3.21980528809267e-39 6.846958982778473e-29 2276
60 2.664711550258432e-40 1.540152076402379e-39 3.3202248776065e-29 2016
63 1.497804965229534e-40 8.32180559159414e-40 2.050021195852632e-29 1640
66 8.770571536629455e-41 5.11673065962297e-40 1.79924705973862e-29 1056
69 5.718833559091188e-41 4.018538210504248e-40 1.965746017955025e-29 683
72 2.825528649976509e-41 2.322145210333351e-40 2.009661073616455e-29 350
75 1.873813233174576e-41 1.471464665911731e-40 2.186721419083506e-29 192
78 4.506727989685439e-42 2.867790820626205e-41 1.82711847994799e-29 44
81 1.974914080147019e-42 1.371853666342388e-41 1.433715628405136e-29 25


3 1.416639341512466e-11 3.093249515992026e-13 191.8896516280878 18
6 3.882778600472771e-13 1.879263084880311e-13 6.356096792044998 62
9 2.280705404945764e-13 1.933525285744275e-13 2.395568920258025 98
12 6.427893518304175e-13 2.283996513206453e-13 0.9858282866888666 210
15 1.119124308123e-12 5.407610243774931e-13 0.9653675681295799 350
18 2.163915715640668e-13 5.22679730381406e-13 0.4598873268625578 450
21 2.222591902762889e-20 2.047260620396797e-20 1.15768919002123e-08 602
24 4.572360027011144e-21 5.845340293645861e-21 2.017978840000579e-09 762
27 3.438524447070988e-21 5.252968207822323e-21 9.736184601937095e-10 1142
30 1.343139931679567e-21 2.836087651103216e-21 3.854558287153476e-10 1250
33 3.794068062975025e-22 8.773545592272812e-22 8.636772901583435e-11 1458
36 2.107287720436755e-23 6.866556987188856e-23 4.499901400826589e-12 1814
39 4.454520990945847e-30 1.30952431832151e-29 6.326458727880584e-19 2178
42 1.876064654135923e-30 6.234287757782385e-30 2.27862503951503e-19 2498
45 7.064108066309483e-31 2.44681571793787e-30 7.564417734372211e-20 2622
48 1.834390390580251e-31 7.335826284202153e-31 1.638806287283199e-20 3191
51 1.589101632285563e-32 7.104717191448265e-32 1.477541540186112e-21 3044
54 1.127886551063932e-34 5.663335691129248e-34 1.170064253519864e-23 2736
57 6.085798252025564e-40 3.194471012706716e-39 7.20484440475127e-29 2276
60 2.640282974887276e-40 1.512509279409249e-39 3.490726821523453e-29 2016
63 1.400135069518562e-40 8.743685273229818e-40 2.254800213377112e-29 1640
66 8.574983647716848e-41 5.203240464424036e-40 1.940720605052035e-29 1056
69 6.147549855953841e-41 3.677689579701858e-40 1.982022236509001e-29 683
72 3.238838823454934e-41 2.034444101516504e-40 1.979936722962536e-29 350
75 1.790782922179481e-41 1.497375344994155e-40 2.352854213561653e-29 192
78 5.219273347303327e-42 2.641986804740076e-41 1.914423442025368e-29 44
81 1.378512022767441e-42 1.668801753285974e-41 1.6809590354482e-29 25


3 1.528531594170109e-12 1.326844955421888e-12 313.7868997399502 18
6 5.868325983575099e-13 1.161058481082412e-13 4.557275160762027 62
9 6.551969883743995e-13 5.894685599812303e-14 1.184611487575836 98
12 5.100649336312932e-13 2.556756139122368e-13 1.066262660434087 210
15 8.958848820738702e-13 5.94947312387029e-13 1.043170576142377 350
18 3.117275809663094e-13 4.234205406347223e-13 0.4012584031444989 450
21 1.964854823134777e-20 2.011257228742937e-20 1.171490258243195e-08 602
24 4.219534079363626e-21 5.815906555270393e-21 2.087678520229805e-09 762
27 3.261141754256566e-21 4.999507711452253e-21 9.757898120748115e-10 1142
30 1.353692259338868e-21 2.54482123317783e-21 3.713728522009119e-10 1250
33 3.499040293365712e-22 8.495712590289309e-22 8.80212186933641e-11 1458
36 2.446849580180369e-23 5.455788850270496e-23 3.998150763685732e-12 1814
39 4.067936676325513e-30 1.296143793218429e-29 6.57823648601733e-19 2178
42 1.786344522515763e-30 5.965974161455553e-30 2.31781445228468e-19 2498
45 6.676013087103388e-31 2.337818533548987e-30 7.679718152285148e-20 2622
48 1.83309906573993e-31 6.730090479844874e-31 1.623119748555624e-20 3191
51 1.511808985509452e-32 6.686248882396308e-32 1.484174909220132e-21 3044
54 1.086594491229269e-34 5.208349795872504e-34 1.155637586551321e-23 2736
57 5.864194704360242e-40 3.057397168584118e-39 7.36267568484446e-29 2276
60 2.607832638627675e-40 1.430775913890774e-39 3.549684966743489e-29 2016
63 1.407908027005934e-40 8.044508385785989e-40 2.249423652955145e-29 1640
66 7.987338193505033e-41 5.21489021361113e-40 2.051308018003628e-29 1056
69 5.564199888979427e-41 3.840371861323604e-40 2.150754353180974e-29 683
72 2.862163575786168e-41 2.238932994416377e-40 2.233005196940093e-29 350
75 1.959063251034834e-41 1.300922028198703e-40 2.27235579936742e-29 192
78 2.593400884392818e-42 4.390358393322714e-41 2.744714353732346e-29 44
81 2.172066747655493e-42 9.584185474722318e-42 1.280070257461513e-29 25


3 4.646330400148768e-12 8.051496253137615e-13 239.0274299075259 18
6 1.182957314856367e-12 3.593491703168505e-14 3.195598124398813 62
9 2.288481815762749e-13 1.619992787450985e-13 2.054721634633478 98
12 5.979932907733668e-13 1.996087987082726e-13 0.9222027698330374 210
15 9.539298664211347e-13 5.2924382810391e-13 0.9907354965188145 350
18 4.757328441764995e-13 2.648138925281457e-13 0.2976243487320696 450
21 1.758053925625443e-20 1.973671650147435e-20 1.190362128600832e-08 602
24 3.823056125167645e-21 5.861404830809043e-21 2.185229969191185e-09 762
27 2.854767854919407e-21 5.149609313558275e-21 1.038163215326343e-09 1142
30 1.206326462295131e-21 2.612867359148396e-21 3.958732200702179e-10 1250
33 3.495001535022253e-22 7.708218908122475e-22 8.57590509018582e-11 1458
36 2.013833602146894e-23 6.17403312313226e-23 4.591294391500066e-12 1814
39 4.085718612140908e-30 1.160460392366042e-29 6.353919745351114e-19 2178
42 1.688649856709628e-30 5.707835216947816e-30 2.352167555289283e-19 2498
45 6.231981813979411e-31 2.27479796572311e-30 7.89695450760475e-20 2622
48 1.752813227114111e-31 6.383090295969157e-31 1.639999637785919e-20 3191
51 1.464100079293726e-32 6.209173391638264e-32 1.47670743350412e-21 3044
54 1.028167672161409e-34 4.898317950140956e-34 1.158170931226446e-23 2736
57 5.726417639334925e-40 2.88709316453281e-39 7.445234882334862e-29 2276
60 2.53977620578409e-40 1.358676899591033e-39 3.603522577354241e-29 2016
63 1.429358792484454e-40 7.252242447687708e-40 2.203858603780457e-29 1640
66 7.876174362525306e-41 4.89249106504019e-40 2.066124395192162e-29 1056
69 5.879607261079501e-41 3.327256701650767e-40 2.057040708009521e-29 683
72 3.22538714649967e-41 1.806859516704391e-40 2.041553833956421e-29 350
75 1.848526957724777e-41 1.30085837114444e-40 2.401704565229558e-29 192
78 6.127996407690806e-42 1.622369258946043e-41 1.638933335328011e-29 44
81 1.411864583862571e-42 1.278183150236953e-41 1.539463755385643e-29 25


3 1.481774536540744e-11 1.166666226480581e-14 198.5645635191968 18
6 1.053626680592291e-13 1.804837787455836e-13 5.631326004032833 62
9 5.846544716665986e-13 5.688856077312084e-14 1.218572054083358 98
12 5.233883050544276e-13 2.037320524013447e-13 0.9482295539048595 210
15 9.109346538731839e-13 5.086901486705063e-13 0.9918315648417896 350
18 5.589115428069016e-13 1.618194663533761e-13 0.2281483997498071 450
21 1.607036616685179e-20 1.995825675131753e-20 1.245142031148208e-08 602
24 3.525365930291571e-21 5.763434199775536e-21 2.24324234742367e-09 762
27 2.707629976713499e-21 4.881392694767269e-21 1.038345634526887e-09 1142
30 1.230266853990816e-21 2.362821926082954e-21 3.844990402221095e-10 1250
33 3.334924120591504e-22 7.313239916805374e-22 8.612722711254375e-11 1458
36 2.363698101833506e-23 4.876585243718129e-23 4.064974966684196e-12 1814
39 4.01313616896904e-30 1.069286569805218e-29 6.269056933402859e-19 2178
42 1.741676039469861e-30 5.058750851647682e-30 2.262828405332051e-19 2498
45 5.966477067825259e-31 2.167552511605907e-30 7.99443923294018e-20 2622
48 1.648933327056286e-31 6.214528914544672e-31 1.686795415716679e-20 3191
51 1.444084501685632e-32 5.712078003013672e-32 1.459732456452757e-21 3044
54 9.777102966758153e-35 4.530363723913538e-34 1.143337599080581e-23 2736
57 5.62226212336694e-40 2.755495697834008e-39 7.590128430393885e-29 2276
60 2.577856546173659e-40 1.295572369213926e-39 3.692168009974812e-29 2016
63 1.336540878689666e-40 7.479156267843578e-40 2.375297438695224e-29 1640
66 8.416384651091662e-41 4.579588356462596e-40 2.107068470056753e-29 1056
69 5.562359267938644e-41 3.27314995305605e-40 2.136351398270343e-29 683
72 2.6869548042358e-41 2.095284977145823e-40 2.369730330759316e-29 350
75 1.860670670996228e-41 1.275485404723906e-40 2.514822389197413e-29 192
78 2.219469339315454e-42 4.279446383356128e-41 3.010854266417e-29 44
81 1.613532194473811e-42 1.181061228323385e-41 1.571577635119737e-29 25


3 8.666408266498297e-12 5.173605888997161e-13 235.3290330923178 18
6 9.304007700441202e-13 3.737420093209755e-14 3.250201513821109 62
9 2.739853452085241e-13 1.27046842576334e-13 1.799880854311455 98
12 5.040701048802471e-13 1.917928277527027e-13 0.9339446637049724 210
15 7.023209672930035e-13 5.523477665563833e-13 1.068598572051053 350
18 4.59349461879403e-13 1.92291580024442e-13 0.2568940488298342 450
21 1.538533798838576e-20 1.919068239319832e-20 1.2599353368457e-08 602
24 3.351063342846653e-21 5.493348140280381e-21 2.257335399694094e-09 762
27 2.722865397686964e-21 4.418466780143044e-21 1.007720678820348e-09 1142
30 1.2588138984071e-21 2.103948133246043e-21 3.695876672548508e-10 1250
33 3.184956901393004e-22 7.026557654730333e-22 8.764026146138149e-11 1458
36 1.874640401229151e-23 5.418209334536731e-23 4.559995215157475e-12 1814
39 3.757494359194177e-30 1.047979705123529e-29 6.473444616700752e-19 2178
42 1.631114063451368e-30 4.887907169215348e-30 2.309381179909547e-19 2498
45 5.818324822925477e-31 2.022949125402854e-30 7.972313546408675e-20 2622
48 1.529632510256139e-31 6.114433390882854e-31 1.747170504793785e-20 3191
51 1.399155800136389e-32 5.345770823146157e-32 1.459425189999829e-21 3044
54 9.624250828258865e-35 4.018597776338387e-34 1.095495740177762e-23 2736
57 5.507844597414944e-40 2.649358089880381e-39 7.778184846304263e-29 2276
60 2.609940344750947e-40 1.221858077543659e-39 3.746803836073312e-29 2016
63 1.366583597875949e-40 7.106111698808097e-40 2.428487381980604e-29 1640
66 8.803683059487584e-41 4.330228483141979e-40 2.157601498464364e-29 1056
69 5.213742050820045e-41 3.311258612159567e-40 2.265284931860378e-29 683
72 3.096948859122791e-41 1.838806074257361e-40 2.320936786667979e-29 350
75 1.934981796350411e-41 1.22247343457126e-40 2.606219952990182e-29 192
78 5.397759373900829e-42 1.837852606515835e-41 1.896372265734249e-29 44
81 1.651775859170362e-42 1.137152002174096e-41 1.62662604759775e-29 25


3 1.221717283411418e-13 1.015463458363229e-12 239.1242038854179 18
6 7.27087847619264e-13 7.776527400846273e-14 4.137289666387938 62
9 4.666391756556225e-13 6.686761959139983e-14 1.348354789561408 98
12 5.557561111518807e-13 1.557084892339673e-13 0.8575387660445482 210
15 9.857387181698452e-13 3.619598472220995e-13 0.846307911392242 350
18 2.82351934281019e-13 2.839685907261924e-13 0.3381038313280156 450
21 1.502988396794749e-20 1.809890974572815e-20 1.258432757115586e-08 602
24 3.27118658563385e-21 5.151367806893914e-21 2.247851193551216e-09 762
27 2.711471148526538e-21 4.036983012800962e-21 9.854408090790324e-10 1142
30 1.120286698752468e-21 2.157795841346838e-21 3.930832377131445e-10 1250
33 3.23088084755881e-22 6.321584591387766e-22 8.494888169840852e-11 1458
36 2.097835292767125e-23 4.309257524205753e-23 4.037416687125023e-12 1814
39 3.70884852315966e-30 9.695288892226745e-30 6.409908884534744e-19 2178
42 1.571205416561518e-30 4.655392855786204e-30 2.336919962793659e-19 2498
45 5.87644090064046e-31 1.824478554246725e-30 7.760039255966977e-20 2622
48 1.522633415737736e-31 5.610857743789572e-31 1.721378253339107e-20 3191
51 1.314463649080513e-32 5.202265359014483e-32 1.498761940282952e-21 3044
54 9.675065278346415e-35 3.564151078395949e-34 1.053606600739224e-23 2736
57 5.368993244733427e-40 2.504399348586055e-39 7.844868070085624e-29 2276
60 2.590297735628835e-40 1.14374384326286e-39 3.760804641552942e-29 2016
63 1.411452784078042e-40 6.366579163729321e-40 2.369834852471399e-29 1640
66 8.558771378875933e-41 4.171723601805641e-40 2.206352268265577e-29 1056
69 5.348123396488207e-41 3.017638499232722e-40 2.237078679302007e-29 683
72 3.094562081430606e-41 1.65568456169587e-40 2.258955942423015e-29 350
75 1.867069481576977e-41 1.134531509927106e-40 2.584135707198061e-29 192
78 3.353880971445194e-42 3.298121893975454e-41 2.830757678928817e-29 44
81 1.90396688423278e-42 9.186040778524294e-42 1.51086198541707e-29 25


3 6.544665875693792e-12 4.845127787078892e-13 228.6082226949994 18
6 2.755594556854185e-13 1.218715812468149e-13 4.854670778939809 62
9 3.612976924293037e-13 8.885130648622559e-14 1.576637722039159 98
12 4.26980014280062e-13 1.819809361483083e-13 0.9626818021224386 210
15 9.761177799797638e-13 3.328335966218464e-13 0.8436841025538032 350
18 2.533917376578342e-13 2.841943805728281e-13 0.3528512729504305 450
21 1.600874483848232e-20 1.574199242178373e-20 1.193052654233856e-08 602
24 3.210092776656475e-21 4.748526135452296e-21 2.215827708837171e-09 762
27 2.640416693850325e-21 3.763285059990088e-21 9.805086555955856e-10 1142
30 1.061370276751061e-21 2.061928400523784e-21 3.984793640602934e-10 1250
33 2.963448865941234e-22 6.383866364715604e-22 8.981654344609665e-11 1458
36 1.837258488653007e-23 4.408882769823661e-23 4.27775241316242e-12 1814
39 3.648598106201427e-30 8.937680699735592e-30 6.33292579644517e-19 2178
42 1.526469950414836e-30 4.371495127289133e-30 2.340301562283953e-19 2498
45 5.790862336929137e-31 1.687203308774107e-30 7.694201464935186e-20 2622
48 1.593654938002102e-31 4.907766253555324e-31 1.644621600374521e-20 3191
51 1.230512969598346e-32 5.031354302697013e-32 1.530762831801375e-21 3044
54 9.027115085596788e-35 3.410626986961962e-34 1.064954244344805e-23 2736
57 5.329590327808849e-40 2.333472825864519e-39 7.834105192981051e-29 2276
60 2.502141573238797e-40 1.102445414975665e-39 3.843561643224401e-29 2016
63 1.346152106577909e-40 6.174867251566496e-40 2.429727399974193e-29 1640
66 8.204823753398598e-41 4.003391465601253e-40 2.246656126186077e-29 1056
69 5.178312079843628e-41 2.859194181594759e-40 2.258934219020148e-29 683
72 2.763764315888903e-41 1.796145471498172e-40 2.509673211472855e-29 350
75 1.653678410000614e-41 1.15338357229247e-40 2.716000173331982e-29 192
78 4.191156890711304e-42 2.477781897374233e-41 2.472476089172154e-29 44
81 1.237105836677268e-42 1.183538055329628e-41 1.80234871599586e-29 25


3 1.352844599248833e-11 2.967936070599766e-15 220.4979264493667 18
6 9.177644669418174e-13 2.448426773783207e-14 3.193429622033253 62
9 3.273737704679958e-13 8.154850887983199e-14 1.549729205185359 98
12 5.404685109755752e-13 1.316560327546958e-13 0.8408528956775402 210
15 5.385253639567491e-13 5.054237243553971e-13 1.13756883457598 350
18 3.821412354031806e-13 1.863315475742709e-13 0.2808921350414106 450
21 1.708817035516808e-20 1.357256706044975e-20 1.130221050352791e-08 602
24 3.184545067327151e-21 4.365189964945847e-21 2.18525868282026e-09 762
27 2.53141814061582e-21 3.577301384328146e-21 9.907449308529044e-10 1142
30 1.094056775570567e-21 1.815045042684459e-21 3.806233692775183e-10 1250
33 2.997778150704363e-22 5.80495531724975e-22 8.803274557009199e-11 1458
36 1.742453110415083e-23 4.252101108543046e-23 4.376715421223177e-12 1814
39 3.429721927004234e-30 8.755764004413918e-30 6.543916944540581e-19 2178
42 1.517592384731443e-30 4.000267500768454e-30 2.301644433102203e-19 2498
45 5.396821101848771e-31 1.675502797998566e-30 8.026296652423548e-20 2622
48 1.463441046484813e-31 4.90536952401195e-31 1.719913407705445e-20 3191
51 1.270657320002903e-32 4.48505007682913e-32 1.480333489186329e-21 3044
54 8.047894589911279e-35 3.393548769265063e-34 1.103639724764142e-23 2736
57 5.310424019533497e-40 2.191370083924097e-39 7.877512073277891e-29 2276
60 2.451716174834747e-40 1.086181885320248e-39 4.011848648498097e-29 2016
63 1.290751218483826e-40 6.238638629240365e-40 2.577554014166118e-29 1640
66 8.232246525375788e-41 3.887254060839072e-40 2.324863961201052e-29 1056
69 5.261788235113452e-41 2.799059600243376e-40 2.359075307277149e-29 683
72 2.761278799668659e-41 1.620335374391783e-40 2.443385075197018e-29 350
75 1.851233265845726e-41 9.70986030488092e-41 2.555285653585052e-29 192
78 4.683787738479206e-42 1.788677595926976e-41 2.099337846782623e-29 44
81 1.732338651680592e-42 6.366102813672757e-42 1.267543089202274e-29 25


3 7.117718277407877e-12 3.773063082369729e-13 220.9432653099808 18
6 4.364493580326534e-13 8.828122593436965e-14 4.580833390515909 62
9 4.333420592446984e-13 5.919536765045199e-14 1.412186203469097 98
12 4.049527170551007e-13 1.579824705121551e-13 0.9680744552547458 210
15 8.294286979522925e-13 3.333066157835266e-13 0.911785190339515 350
18 4.168455633027302e-13 1.471147647461773e-13 0.2564266585963494 450
21 1.804482823883103e-20 1.157065838194288e-20 1.068769522537804e-08 602
24 3.174465053334864e-21 3.983536166695987e-21 2.15195176752241e-09 762
27 2.414957173701179e-21 3.434308778482477e-21 1.012355427340395e-09 1142
30 1.066986895312195e-21 1.698156280985589e-21 3.811245475069569e-10 1250
33 2.996667233049739e-22 5.346900722123911e-22 8.723312788505528e-11 1458
36 2.016861477460092e-23 3.391359348530787e-23 3.921733616881829e-12 1814
39 3.474218632390067e-30 7.883174064026066e-30 6.368362487819705e-19 2178
42 1.436000767975535e-30 3.8792577895975e-30 2.360820762497403e-19 2498
45 5.204631611612693e-31 1.586188902419853e-30 8.085775270810403e-20 2622
48 1.407102542580511e-31 4.715855016403833e-31 1.754054941326022e-20 3191
51 1.29553125542246e-32 3.996375685521654e-32 1.431126529409844e-21 3044
54 8.214736250585651e-35 3.087084826485821e-34 1.083917285382488e-23 2736
57 5.308907604133048e-40 2.074479674849146e-39 7.979183158011795e-29 2276
60 2.41984785420533e-40 1.065191529315034e-39 4.173957990961444e-29 2016
63 1.296485732846988e-40 6.053995658969384e-40 2.666146948916843e-29 1640
66 8.21270649951563e-41 3.846027642413251e-40 2.439050629342361e-29 1056
69 5.297675392478669e-41 2.725031090735493e-40 2.447209599711321e-29 683
72 2.956338568477283e-41 1.534031873720832e-40 2.505295398733575e-29 350
75 1.778419394502139e-41 9.209912666153178e-41 2.567998279232481e-29 192
78 3.087440430916575e-42 2.626149920067608e-41 2.754306023548311e-29 44
81 1.666611609942677e-42 8.88458751051617e-42 1.695357525973417e-29 25


3 8.305779201155432e-14 7.792759158357683e-13 254.0569077382191 18
6 4.379718464171028e-13 8.089453638235857e-14 4.707219952511009 62
9 2.526308337844614e-13 8.344556906039577e-14 1.7245263471115 98
12 4.841764993560737e-13 1.255652203659629e-13 0.8994757243015604 210
15 8.906554188306061e-13 2.66651397652303e-13 0.8389484948853312 350
18 2.849390908112526e-13 2.061617605138435e-13 0.3321425314332181 450
21 1.765612679928679e-20 1.101769067508657e-20 1.091912451569919e-08 602
24 3.212574720911036e-21 3.619705026716521e-21 2.118288842890703e-09 762
27 2.314013656218292e-21 3.27853183138614e-21 1.031136178315071e-09 1142
30 9.92985978688516e-22 1.669998794399079e-21 3.961382498341469e-10 1250
33 2.764834545531673e-22 5.357498658614186e-22 9.19155303458514e-11 1458
36 1.532262951461846e-23 4.09786984823917e-23 4.716730927371028e-12 1814
39 3.238589840518473e-30 7.774198394372962e-30 6.61647856050441e-19 2178
42 1.407989713163125e-30 3.609588176275773e-30 2.34982313735478e-19 2498
45 5.264500793611442e-31 1.427732090256577e-30 7.861038577587156e-20 2622
48 1.46452613343828e-31 4.151036973263242e-31 1.681020846774363e-20 3191
51 1.199653519768229e-32 3.952110904167478e-32 1.483371812940448e-21 3044
54 8.720997771040662e-35 2.688784167995153e-34 1.035255991253812e-23 2736
57 5.191481641814027e-40 1.964798100044099e-39 8.045388168878852e-29 2276
60 2.365073292074979e-40 1.0147628003528e-39 4.226526860372189e-29 2016
63 1.283722593146102e-40 5.659542363644868e-40 2.666104465018588e-29 1640
66 7.977163293118826e-41 3.710666143768212e-40 2.49475065126766e-29 1056
69 5.147767267439298e-41 2.65110381623195e-40 2.51634256162497e-29 683
72 2.863626814053052e-41 1.506711465727619e-40 2.59577458403874e-29 350
75 1.474796446564366e-41 1.0286359558404e-40 2.88122687935365e-29 192
78 3.887916960429173e-42 2.184088265209905e-41 2.600926139632608e-29 44
81 1.010006522402363e-42 1.221877268685306e-41 2.152911076518116e-29 25


3 4.895482346382879e-12 4.709416417715687e-13 255.1291818561104 18
6 8.13486673749182e-13 2.399132892698182e-14 3.137412740393319 62
9 4.004936425206718e-13 5.276108507473062e-14 1.460092425070138 98
12 4.056339091820864e-13 1.310425543529107e-13 0.9698562646130604 210
15 5.715673259324097e-13 3.927745128275736e-13 1.151894329509539 350
18 2.452607672948981e-13 2.108763957656176e-13 0.3572738100027972 450
21 1.610649743455252e-20 1.117869504165359e-20 1.165292465603464e-08 602
24 3.300592453460073e-21 3.255418024526979e-21 2.078844087997918e-09 762
27 2.246256618614778e-21 3.110661140672809e-21 1.049390973108184e-09 1142
30 9.589360205769909e-22 1.590956343859034e-21 4.036554109335381e-10 1250
33 2.670656284241874e-22 5.114839202832277e-22 9.370314509654744e-11 1458
36 1.75374305087141e-23 3.305570854679435e-23 4.242850350413294e-12 1814
39 3.306786781069681e-30 7.038353189595645e-30 6.477793754381636e-19 2178
42 1.380255538877511e-30 3.400687321912025e-30 2.365197782605216e-19 2498
45 5.044359415464667e-31 1.368628158781654e-30 7.993852051175297e-20 2622
48 1.374194308698657e-31 4.089491037735341e-31 1.742602443603286e-20 3191
51 1.108917271260222e-32 3.904855968991042e-32 1.53728412463392e-21 3044
54 7.764204334204698e-35 2.689134288672343e-34 1.074379094102941e-23 2736
57 5.085094170871974e-40 1.857903637202562e-39 8.102443610565312e-29 2276
60 2.325386663634135e-40 9.666805815046813e-40 4.286438733270446e-29 2016
63 1.286139377700774e-40 5.256484300809678e-40 2.653280774207388e-29 1640
66 7.766118086519965e-41 3.5477601209252e-40 2.529183944397644e-29 1056
69 5.095676115635599e-41 2.488621075001765e-40 2.525589564530392e-29 683
72 2.741165445068749e-41 1.453027027732255e-40 2.643539553144861e-29 350
75 1.48147759217251e-41 9.532745369126273e-41 2.858005233943179e-29 192
78 4.30486404505466e-42 1.724664838892221e-41 2.346213095165592e-29 44
81 1.759377194278031e-42 7.841731391578382e-42 1.738981919517185e-29 25


3 1.17488074203786e-11 2.662445215408169e-14 183.1527107602511 18
6 3.159368710572413e-13 8.184319553406894e-14 5.361528098356125 62
9 3.004593735513146e-13 6.496252503196607e-14 1.728089480012435 98
12 4.255197561922464e-13 1.226777294890352e-13 1.010564460886766 210
15 6.963191337301145e-13 3.091919182702643e-13 1.040780697031 350
18 3.42613813927013e-13 1.42505809398136e-13 0.2907043921859078 450
21 1.446537675414045e-20 1.134188290160335e-20 1.2454907366421e-08 602
24 3.412134370342137e-21 2.893404220047539e-21 2.022894113945027e-09 762
27 2.19698008473799e-21 2.928211382172184e-21 1.061382073486642e-09 1142
30 9.722664745063328e-22 1.441324739591403e-21 3.958968646744679e-10 1250
33 2.754329828604034e-22 4.645279702256019e-22 9.217757771241864e-11 1458
36 1.814902771443575e-23 2.84266984864028e-23 3.984055893511834e-12 1814
39 3.087013690599307e-30 6.959316274592374e-30 6.747383934719926e-19 2178
42 1.361865686487122e-30 3.170336311946364e-30 2.358549673994501e-19 2498
45 4.842580496697064e-31 1.325934641364704e-30 8.201838172045635e-20 2622
48 1.30717943092254e-31 3.990782981411993e-31 1.794442706361899e-20 3191
51 1.157802902204851e-32 3.4664227915151e-32 1.481771922822651e-21 3044
54 7.379186791238514e-35 2.561736299659249e-34 1.082479360653662e-23 2736
57 5.06847282171078e-40 1.752662600113173e-39 8.159526871049623e-29 2276
60 2.27934874467923e-40 9.351625488537097e-40 4.392974823348195e-29 2016
63 1.305263347888503e-40 4.994509500579118e-40 2.696179665954049e-29 1640
66 7.506578821536672e-41 3.422810121707848e-40 2.579668346888306e-29 1056
69 5.171606286206265e-41 2.390744805345295e-40 2.586880204413676e-29 683
72 2.79771791770964e-41 1.415822933913149e-40 2.741482292279758e-29 350
75 1.725414046203049e-41 7.985030722147285e-41 2.688893795801332e-29 192
78 3.623134134621747e-42 2.152959040488205e-41 2.832709632286446e-29 44
81 2.010164732933899e-42 6.60019870481976e-42 1.670979607218199e-29 25


3 8.421558399764617e-12 1.666097225473642e-13 190.4558797476989 18
6 4.500439816084701e-13 6.217562513515804e-14 5.176112057328947 62
9 2.815576936027697e-13 6.130968055980217e-14 1.815612453433691 98
12 4.061666676132373e-13 1.088310638997769e-13 0.9929783370560531 210
15 7.463816609367126e-13 2.461507040884682e-13 0.9491290552544931 350
18 3.116805230109032e-13 1.476872238477373e-13 0.3185911588119957 450
21 1.414496908356939e-20 1.046119571865809e-20 1.247174912099211e-08 602
24 3.487614607380008e-21 2.611699447465051e-21 1.995746901249735e-09 762
27 2.163251179965962e-21 2.720318505359044e-21 1.063336529752796e-09 1142
30 9.903880551888163e-22 1.289578567746219e-21 3.8465382363031e-10 1250
33 2.841628699427251e-22 4.156028685823707e-22 8.957794836878738e-11 1458
36 1.397276930132115e-23 3.352846296016022e-23 4.719701595444631e-12 1814
39 3.168236437509939e-30 6.280505099438458e-30 6.585301263885802e-19 2178
42 1.276445470094371e-30 3.093264513631078e-30 2.427355021459587e-19 2498
45 4.906587355931546e-31 1.213777638750807e-30 8.07553112370199e-20 2622
48 1.374529615029013e-31 3.515029643312936e-31 1.720234469126772e-20 3191
51 1.116597660623709e-32 3.326775203707378e-32 1.50617758978705e-21 3044
54 6.992286860102902e-35 2.452001425240022e-34 1.094408615248716e-23 2736
57 4.877845404596573e-40 1.731857013967274e-39 8.483325647486882e-29 2276
60 2.332725548217829e-40 8.998373479081323e-40 4.512435203113735e-29 2016
63 1.307707091552098e-40 4.915025824826981e-40 2.809447931493298e-29 1640
66 7.386673216877992e-41 3.443173437929533e-40 2.728890663502138e-29 1056
69 5.213335617204225e-41 2.36326111270205e-40 2.707811389034237e-29 683
72 2.833462487858142e-41 1.347893755235502e-40 2.785446622147172e-29 350
75 1.9597261686381e-41 7.026842162869439e-41 2.641053145636466e-29 192
78 3.701849646512843e-42 2.201792541366121e-41 3.057715853876686e-29 44
81 1.765288180836347e-42 9.719299431142002e-42 2.274182230870662e-29 25


3 1.030089538679214e-12 5.587526650363091e-13 358.7700759430024 18
6 7.35784442878116e-13 2.222771949877626e-14 3.18025266549733 62
9 3.569300728346785e-13 4.8628899454428e-14 1.738423415207005 98
12 3.711050829070849e-13 1.189119921839962e-13 1.171065323576286 210
15 6.136822679133752e-13 3.016335828093456e-13 1.19737832854708 350
18 2.180592162757341e-13 1.832844565637633e-13 0.3977580633819216 450
21 1.44392714502752e-20 9.538448985552321e-21 1.241932605399147e-08 602
24 3.446429435710893e-21 2.452811351437922e-21 2.021237280330709e-09 762
27 2.148922781338221e-21 2.515394148037884e-21 1.059746920219664e-09 1142
30 9.786978990423975e-22 1.194797155047439e-21 3.82737659416281e-10 1250
33 2.738953837616199e-22 3.95498280455983e-22 9.070537689786892e-11 1458
36 1.534996432822366e-23 2.922078192794689e-23 4.49647821910624e-12 1814
39 2.991592299209864e-30 6.159933668288082e-30 6.809919079851397e-19 2178
42 1.296271292107193e-30 2.832304148901505e-30 2.389267348490063e-19 2498
45 4.696049696919408e-31 1.17067867748829e-30 8.234180054329328e-20 2622
48 1.240257155618896e-31 3.589674686377891e-31 1.82280388091972e-20 3191
51 1.070392252242855e-32 3.24037195490944e-32 1.546100526199951e-21 3044
54 6.611778317769651e-35 2.317223532465245e-34 1.092296080630774e-23 2736
57 4.6846251587528e-40 1.683411063910704e-39 8.687974737644821e-29 2276
60 2.348884299054338e-40 8.333638215218796e-40 4.469420255246765e-29 2016
63 1.287924499165037e-40 4.828027536219698e-40 2.911435072534296e-29 1640
66 7.286057331775095e-41 3.273748585025345e-40 2.751037503641741e-29 1056
69 5.198365496774935e-41 2.243643542925136e-40 2.735750118221198e-29 683
72 2.844102100426277e-41 1.282595927644811e-40 2.818684155246455e-29 350
75 1.943658205075868e-41 6.984245032331383e-41 2.754512188535991e-29 192
78 4.078519654860046e-42 1.988322885368258e-41 3.014273755407284e-29 44
81 1.426180871689803e-42 1.113064519178308e-41 2.581236817197207e-29 25


3 1.598726559945255e-12 5.170757783779729e-13 439.1184554413047 18
6 3.120710806509266e-13 6.844325488295549e-14 7.071670901669516 62
9 2.607195287876418e-13 5.376665269586581e-14 2.020781736145453 98
12 4.15486538815438e-13 8.949956545925213e-14 1.023113047744168 210
15 5.556622105919696e-13 2.909746846722888e-13 1.252841483436367 350
18 2.847829185818024e-13 1.353765244007863e-13 0.3385840701466992 450
21 1.361593067791156e-20 9.560440277184807e-21 1.328340499645449e-08 602
24 3.28704887244476e-21 2.425044316350845e-21 2.125523538838178e-09 762
27 2.141082280740026e-21 2.324588896679532e-21 1.054942409982492e-09 1142
30 9.412339260873507e-22 1.146931489294828e-21 3.907727813782701e-10 1250
33 2.467304569740598e-22 4.006954336356379e-22 9.609904081562961e-11 1458
36 1.78425734365946e-23 2.371072157078718e-23 4.072324750363716e-12 1814
39 2.951552491988324e-30 5.816467951698509e-30 6.852292141543722e-19 2178
42 1.27199547558019e-30 2.670750088794369e-30 2.396246906442707e-19 2498
45 4.588082824139895e-31 1.115720571090766e-30 8.323646828781925e-20 2622
48 1.303077132872939e-31 3.192725208352776e-31 1.755452804087564e-20 3191
51 1.073226123944204e-32 3.018471605414436e-32 1.537665580918256e-21 3044
54 7.299955420549142e-35 1.957118653611204e-34 1.016608789059938e-23 2736
57 4.87938989092384e-40 1.507469959084691e-39 8.410881356168207e-29 2276
60 2.355067906324026e-40 7.718079078760576e-40 4.425903213200129e-29 2016
63 1.250987089650919e-40 4.650559012639201e-40 2.958076246548309e-29 1640
66 7.479328722689449e-41 3.008372850052709e-40 2.714742279930694e-29 1056
69 5.402780343929267e-41 2.014653908638086e-40 2.656531150651746e-29 683
72 2.826619217324922e-41 1.223998375556813e-40 2.851119507246466e-29 350
75 1.769960960000286e-41 7.077298090199521e-41 2.862961253612916e-29 192
78 4.235511383145342e-42 1.792231839312497e-41 2.941659911522596e-29 44
81 1.415672026913996e-42 1.108122240256828e-41 2.726652505062593e-29 25


3 8.343997460909416e-12 1.342848578336172e-13 220.1326868225682 18
6 3.909571945488581e-13 5.401970500076601e-14 6.965837874890183 62
9 2.533245078433888e-13 5.770048038353836e-14 2.446415902067796 98
12 3.077774947419644e-13 1.167891397671707e-13 1.391030164597916 210
15 7.435865158356966e-13 1.916922987635447e-13 0.9802491838537885 350
18 2.952658621620289e-13 1.204469060619447e-13 0.3316845465933743 450
21 1.183171017854354e-20 1.029057348329293e-20 1.495540823483676e-08 602
24 2.987542014245068e-21 2.508792865835327e-21 2.303188923462244e-09 762
27 2.121858471220343e-21 2.151143432124334e-21 1.046450150233238e-09 1142
30 8.995935678660693e-22 1.111640687116165e-21 4.008021919221288e-10 1250
33 2.29593377157756e-22 3.921061935798972e-22 9.90792446651571e-11 1458
36 1.547548418012164e-23 2.624559004051794e-23 4.591536225874089e-12 1814
39 2.938164286484127e-30 5.501965907167502e-30 6.894514020686721e-19 2178
42 1.179317795125222e-30 2.65158080683345e-30 2.487730298667144e-19 2498
45 4.513926539339329e-31 1.037786054079463e-30 8.232867937400593e-20 2622
48 1.202726478077359e-31 3.201424085144894e-31 1.832622651159007e-20 3191
51 1.038045691944367e-32 2.884717746592927e-32 1.550724103882946e-21 3044
54 6.353898236548412e-35 2.080741897219772e-34 1.101761523960575e-23 2736
57 4.737442711203273e-40 1.457567377366234e-39 8.565075919081555e-29 2276
60 2.307263077969758e-40 7.551993864395134e-40 4.556372392922058e-29 2016
63 1.235356861478655e-40 4.467075352883138e-40 3.003093571466262e-29 1640
66 7.642041905935052e-41 2.887635395425253e-40 2.771246586435161e-29 1056
69 5.444712159916089e-41 1.925655041601516e-40 2.696237986864414e-29 683
72 2.818171594133505e-41 1.142294940617084e-40 2.834051840707689e-29 350
75 1.64193808691122e-41 7.359994842211357e-41 3.053428438294116e-29 192
78 4.325475631717639e-42 1.610815069429696e-41 2.867451220227848e-29 44
81 1.64983612259816e-42 1.101040541703554e-41 2.898188338165804e-29 25


3 1.021123624575403e-11 1.651375534051954e-14 84.3483717309901 18
6 6.500373732416968e-13 2.065436924674341e-14 3.795070909445368 62
9 3.79936344152837e-13 2.920019470883953e-14 1.578503658499919 98
12 4.437913089968879e-13 7.00862237100522e-14 0.9986313875679884 210
15 4.779111595851044e-13 2.880883387076845e-13 1.44845257882974 350
18 2.011370351442759e-13 1.571306171956674e-13 0.4312395920240075 450
21 1.097565518410528e-20 1.010532180359976e-20 1.556311248090596e-08 602
24 2.62915050154992e-21 2.638290268972873e-21 2.522587338088252e-09 762
27 2.095965427413131e-21 2.014387750514591e-21 1.044832322182097e-09 1142
30 8.679472820209925e-22 1.069870227966433e-21 4.080075096488411e-10 1250
33 2.321200296592874e-22 3.586690614592061e-22 9.689865373767278e-11 1458
36 1.296552199731762e-23 2.752346184921465e-23 4.955577193212692e-12 1814
39 2.891535574356994e-30 5.221294784259418e-30 6.930772053700625e-19 2178
42 1.222348577532983e-30 2.375771034875658e-30 2.396092102834564e-19 2498
45 4.361342508378243e-31 1.001723389712295e-30 8.367782274802031e-20 2622
48 1.22243463459255e-31 2.898567162201724e-31 1.775772904969569e-20 3191
51 1.027467423511781e-32 2.696948809771043e-32 1.538589735714581e-21 3044
54 6.696217673863881e-35 1.877120771082156e-34 1.070300153412534e-23 2736
57 4.303904095061197e-40 1.532052803030829e-39 9.247098459796111e-29 2276
60 2.245528676367237e-40 7.591110945837357e-40 4.784663772506727e-29 2016
63 1.257916795424291e-40 4.375023714591286e-40 3.109801513567042e-29 1640
66 7.454334461884173e-41 2.940833527135705e-40 2.941868694870777e-29 1056
69 5.12787602435474e-41 1.986544364512626e-40 2.868534907707847e-29 683
72 2.723117640645353e-41 1.21093020433371e-40 3.0983934361117e-29 350
75 1.597419289444789e-41 7.461554691337666e-41 3.223858115906346e-29 192
78 4.540700435758024e-42 1.509324530159907e-41 2.887076463656308e-29 44
81 1.855967907292206e-42 1.07193122686527e-41 3.041359631450818e-29 25


3 4.601879673001858e-12 2.851706258610032e-13 543.2354052770092 18
6 3.342220053941555e-13 5.483655181313185e-14 9.129175895518118 62
9 1.456054442016585e-13 6.368416853698467e-14 3.175095236903382 98
12 2.365457518462251e-13 1.164446775062711e-13 1.608234934020693 210
15 6.142076849727773e-13 2.11800144778634e-13 1.184896752979215 350
18 2.616323712227479e-13 1.171496040066605e-13 0.3586038559036002 450
21 1.246855380354011e-20 8.081262601931404e-21 1.36065025612721e-08 602
24 2.332653040058157e-21 2.731665040693801e-21 2.717960353421938e-09 762
27 2.045194370034466e-21 1.920993180882572e-21 1.052804282837305e-09 1142
30 8.491879019890184e-22 1.017910575410968e-21 4.100940104710329e-10 1250
33 2.413883253920381e-22 3.198529060304682e-22 9.266785153934134e-11 1458
36 1.405567761684392e-23 2.295336567279785e-23 4.483042454848379e-12 1814
39 2.883702822929886e-30 4.850199728866391e-30 6.831294947285158e-19 2178
42 1.163480821954162e-30 2.327895584736751e-30 2.455415913992357e-19 2498
45 4.389923912428542e-31 9.157241172462873e-31 8.14389928614025e-20 2622
48 1.147273814156485e-31 2.829959057970611e-31 1.809631555461209e-20 3191
51 9.706656730569053e-33 2.651887672047786e-32 1.577962918630154e-21 3044
54 6.13670253172436e-35 1.913952648654623e-34 1.126589648639324e-23 2736
57 4.689807392212053e-40 1.330021437354924e-39 8.727935747165949e-29 2276
60 2.195772566665455e-40 7.465400873709419e-40 4.932814471498525e-29 2016
63 1.257610538782213e-40 4.274362107329699e-40 3.19888567396486e-29 1640
66 7.658300407547825e-41 2.792932968550173e-40 2.969818569693525e-29 1056
69 4.801870128153568e-41 2.038404610063005e-40 3.031710819156039e-29 683
72 2.718267577288218e-41 1.181748332940505e-40 3.186208590073855e-29 350
75 1.622245508480153e-41 7.489018415705912e-41 3.396943488467525e-29 192
78 4.922543157887939e-42 1.484341850300441e-41 3.051296917491853e-29 44
81 2.101755844338729e-42 9.361278710270033e-42 2.926560395424986e-29 25


3 8.086019837895454e-14 4.772249660268897e-13 934.4247579220843 18
6 3.44492703751936e-13 4.94949040955339e-14 8.833053524801262 62
9 3.310940386305358e-13 3.348479596097424e-14 1.982619508136891 98
12 4.734192926140006e-13 5.326566108871789e-14 0.8984675190599946 210
15 6.114228053773798e-13 1.928376787102086e-13 1.149506732536459 350
18 2.698870513494291e-13 1.039079010927035e-13 0.3411411770099874 450
21 1.349947368685403e-20 6.75988496218712e-21 1.233391108989473e-08 602
24 2.181709341943099e-21 2.691101307993217e-21 2.795597296548061e-09 762
27 1.959701931745355e-21 1.869198194522616e-21 1.072017721265832e-09 1142
30 8.317875576034326e-22 9.600043753194271e-22 4.073647359373801e-10 1250
33 2.442197634155098e-22 2.937138748653779e-22 9.0326455996707e-11 1458
36 1.541261170191407e-23 1.912842575960741e-23 4.067043933750486e-12 1814
39 2.705586703827983e-30 4.815472448698502e-30 7.051377251580403e-19 2178
42 1.127417565110537e-30 2.230814201644146e-30 2.469893025016197e-19 2498
45 3.9713623597191e-31 9.395072195581225e-31 8.603064707622485e-20 2622
48 1.147265823341432e-31 2.629904520686393e-31 1.780831550683275e-20 3191
51 9.834770974784269e-33 2.418961455319647e-32 1.53212602111033e-21 3044
54 6.729666289473578e-35 1.681786102274337e-34 1.073787398125422e-23 2736
57 4.488904955854806e-40 1.292366689289095e-39 8.85856627228027e-29 2276
60 2.220118619093547e-40 6.948820661124894e-40 4.870729896078684e-29 2016
63 1.222635758401742e-40 4.153404012473301e-40 3.253841550939925e-29 1640
66 7.893194291085273e-41 2.561358587129035e-40 2.913555285376006e-29 1056
69 4.997300533508841e-41 1.88104644260558e-40 2.996508685086785e-29 683
72 2.680911682219924e-41 1.143612698854058e-40 3.234184254368715e-29 350
75 1.59152064105146e-41 7.028148816803197e-41 3.369083582662451e-29 192
78 4.933404673336323e-42 1.433389428686157e-41 3.110095282248017e-29 44
81 2.183800382305905e-42 8.92850658545564e-42 2.967098015722274e-29 25


3 2.830665550589562e-12 3.094745584338221e-13 553.5235288562429 18
6 6.119069164935936e-13 1.679324443926671e-14 3.657973759953447 62
9 3.117958363293469e-13 3.085443091921043e-14 1.814522036751257 98
12 1.916196811375379e-13 1.11658399156083e-13 1.641446716365023 210
15 4.552345105862091e-13 2.451279174109609e-13 1.431215419182304 350
18 1.852857426139893e-13 1.358614759985185e-13 0.4326901413711121 450
21 1.168697233607104e-20 7.320142344319778e-21 1.353025127837439e-08 602
24 2.249147299723489e-21 2.464394309683017e-21 2.692396047539064e-09 762
27 1.839293958374172e-21 1.853283420304535e-21 1.101915951466038e-09 1142
30 8.131674811147483e-22 9.033852937845148e-22 4.02155880954705e-10 1250
33 2.351066542898031e-22 2.835299783344669e-22 9.099664572594944e-11 1458
36 1.451657990927989e-23 1.957194264865702e-23 4.289521316501326e-12 1814
39 2.601658171019525e-30 4.665180444177009e-30 7.134791299577358e-19 2178
42 1.13024505985114e-30 2.063581122312282e-30 2.415193876863972e-19 2498
45 4.275465589805474e-31 8.107775787833038e-31 8.012109743960209e-20 2622
48 1.106226484043337e-31 2.543532026050906e-31 1.79989668780973e-20 3191
51 9.406236749693716e-33 2.375062188219741e-32 1.566608498044147e-21 3044
54 5.979510291757964e-35 1.791261542949281e-34 1.162059052257534e-23 2736
57 4.304231748382189e-40 1.266283497133697e-39 9.045588422519756e-29 2276
60 2.165202689005169e-40 6.6359367733456e-40 4.879643503465427e-29 2016
63 1.198836952271463e-40 3.976289098185859e-40 3.271931456448492e-29 1640
66 7.480577006426944e-41 2.552321906076228e-40 3.007447554292753e-29 1056
69 4.724977385701052e-41 1.832661210140778e-40 3.037520438650588e-29 683
72 2.610818806399432e-41 1.091194232808804e-40 3.238475131834028e-29 350
75 1.560595797875056e-41 6.47130363755989e-41 3.276705096530737e-29 192
78 4.925468076054796e-42 1.344504779576444e-41 3.090099480050532e-29 44
81 2.196237865639911e-42 8.68419019532894e-42 3.039850553764747e-29 25


3 8.360916421130574e-12 4.499315177009584e-14 145.0888419438522 18
6 3.491215063138797e-13 4.156159358647436e-14 6.768511165441047 62
9 9.341474776156299e-14 6.242381674435819e-14 3.195411124876314 98
12 4.56191390173121e-13 4.728051228705922e-14 0.8519978231967638 210
15 6.374613237188542e-13 1.548036336475707e-13 1.007339195465711 350
18 2.597666356063094e-13 9.410809860487709e-14 0.331720849878572 450
21 1.001374154314934e-20 8.135008996141805e-21 1.511789184839138e-08 602
24 2.484484840888594e-21 2.108552826355392e-21 2.444400774686171e-09 762
27 1.703338009083709e-21 1.859775113367925e-21 1.138041571541118e-09 1142
30 7.968904530135108e-22 8.55933284665003e-22 3.979501863252525e-10 1250
33 2.21308192834486e-22 2.804110736191538e-22 9.30509632298285e-11 1458
36 1.290105588076486e-23 2.12020438936864e-23 4.71652139512777e-12 1814
39 2.623213913367102e-30 4.326355348069165e-30 6.974144812643024e-19 2178
42 1.085469877802684e-30 1.99591577649013e-30 2.433099386591826e-19 2498
45 3.86259755706343e-31 8.389551819500581e-31 8.474890752928126e-20 2622
48 1.086719674916624e-31 2.405442350157726e-31 1.785899092372761e-20 3191
51 9.174089070899425e-33 2.254386834465478e-32 1.557774869454732e-21 3044
54 6.480749025243316e-35 1.604057426576382e-34 1.118940946827969e-23 2736
57 4.213721725386905e-40 1.221092343909164e-39 9.126231551007075e-29 2276
60 2.114856891782627e-40 6.462888165689637e-40 4.964405648336032e-29 2016
63 1.185373130342098e-40 3.878933983146008e-40 3.339833665873552e-29 1640
66 7.040357424503161e-41 2.640371334286147e-40 3.193588520035226e-29 1056
69 4.665902422013179e-41 1.827129182560136e-40 3.151405429116323e-29 683
72 2.671851071274753e-41 1.060986771999654e-40 3.31855492265795e-29 350
75 1.607076910444333e-41 6.540491674866644e-41 3.468986598951412e-29 192
78 4.950622959110662e-42 1.279302814952475e-41 3.105824291702464e-29 44
81 2.240138499813336e-42 8.269176449775479e-42 3.06774875210989e-29 25


3 8.84329006748198e-12 3.82069876955863e-14 141.5032544005518 18
6 2.216741215429389e-13 5.160534882815972e-14 7.640304790623898 62
9 4.140325651097955e-13 1.186624085780615e-14 1.015575281768398 98
12 2.207063966733108e-13 9.423966473395386e-14 1.408208132239888 210
15 4.672142996118231e-13 2.070008360243216e-13 1.274121417865837 350
18 2.329554251594164e-13 9.708977136873939e-14 0.3454481974490527 450
21 1.102561999151438e-20 7.185430816051104e-21 1.402707860610804e-08 602
24 2.71054098511127e-21 1.773164188359584e-21 2.191514527695039e-09 762
27 1.581469908110745e-21 1.859989871793741e-21 1.169228530167026e-09 1142
30 7.722923964406311e-22 8.235320281852415e-22 3.975722035287686e-10 1250
33 2.112608565098737e-22 2.746208289204131e-22 9.435334507894992e-11 1458
36 1.200163669296329e-23 2.106480359352632e-23 4.837716555263784e-12 1814
39 2.539142166558001e-30 4.204244319536712e-30 7.047228353072871e-19 2178
42 1.03824354403244e-30 1.93941998033556e-30 2.455977619722662e-19 2498
45 3.841589126845446e-31 7.835527628614906e-31 8.320267157672881e-20 2622
48 1.035484029040247e-31 2.362355910068188e-31 1.81950680065045e-20 3191
51 9.092510275404094e-33 2.117885333248969e-32 1.538298084010034e-21 3044
54 6.00946599055135e-35 1.603264282415829e-34 1.151440414538919e-23 2736
57 4.259860520934768e-40 1.146508476569503e-39 9.03864065371727e-29 2276
60 2.128431326731846e-40 6.141999205994022e-40 4.968638909797148e-29 2016
63 1.243628557812387e-40 3.659803451317472e-40 3.344541271676745e-29 1640
66 7.346755980478825e-41 2.490887569822133e-40 3.195408949270514e-29 1056
69 5.052497245924974e-41 1.660768404030476e-40 3.083884576398679e-29 683
72 2.788483842648689e-41 1.013894808062395e-40 3.362192251146225e-29 350
75 1.561308797139835e-41 6.347299160069243e-41 3.513149245008976e-29 192
78 4.665629026183759e-42 1.398033402423263e-41 3.40136920898812e-29 44
81 2.170069155081786e-42 8.428758835507878e-42 3.222648454485525e-29 25


3 3.869212013921523e-12 2.493940979346114e-13 302.9204242231128 18
6 5.771321158547292e-13 1.635473950753821e-14 3.51181987186647 62
9 1.930434406679452e-13 4.234456180315288e-14 2.151430737287064 98
12 3.603537026643766e-13 5.670793561348475e-14 0.9567311134766048 210
15 5.280323390450339e-13 1.734613113057179e-13 1.112282184595188 350
18 1.839839723303298e-13 1.133097543322475e-13 0.3920191991754735 450
21 1.1992079041398e-20 5.819834253859087e-21 1.210566061749484e-08 602
24 2.713787550444167e-21 1.62075121424766e-21 2.091364172001561e-09 762
27 1.508277077193278e-21 1.820055139320831e-21 1.177406391579109e-09 1142
30 7.376463533793354e-22 8.057313261406401e-22 4.012189655065058e-10 1250
33 2.043973552273319e-22 2.643584019384591e-22 9.418831085696862e-11 1458
36 1.196453508694241e-23 1.919800468068725e-23 4.624362948799716e-12 1814
39 2.492665561122455e-30 4.038896418146794e-30 7.052326864695918e-19 2178
42 1.016946710362908e-30 1.85112922884713e-30 2.445196475907465e-19 2498
45 3.888054739590914e-31 7.255878765487773e-31 8.115466085365793e-20 2622
48 1.069803309617992e-31 2.128083427786494e-31 1.740846157482504e-20 3191
51 8.648243039360408e-33 2.088912931558585e-32 1.569662708531418e-21 3044
54 5.88978026030191e-35 1.543990323250798e-34 1.158002740654484e-23 2736
57 4.195473327896285e-40 1.107592056673097e-39 9.124428575583376e-29 2276
60 2.063660096210088e-40 6.036922086707996e-40 5.072210097079679e-29 2016
63 1.24000881041405e-40 3.588685486689238e-40 3.429273437978133e-29 1640
66 7.678445484163285e-41 2.299928761383122e-40 3.144834041411819e-29 1056
69 4.981412947063149e-41 1.709967820845583e-40 3.278399503542076e-29 683
72 2.874105468584733e-41 9.707580038972774e-41 3.400570668043159e-29 350
75 1.640031973860212e-41 6.133129495716077e-41 3.592440957263257e-29 192
78 4.581140981685909e-42 1.317603430943784e-41 3.382481480588881e-29 44
81 1.965422469459864e-42 9.20962251833541e-42 3.526106567054375e-29 25


3 1.288009551826195e-13 3.689618927599334e-13 349.2680531724914 18
6 5.195617651234657e-13 2.008888607277696e-14 3.775029924423503 62
9 1.240330080389077e-13 4.79638975410462e-14 2.327547646057579 98
12 3.157744127359282e-13 6.66842721692117e-14 1.068463353638375 210
15 5.496788172171473e-13 1.503519185418179e-13 1.006687050362056 350
18 2.58505694041374e-13 7.467423536757818e-14 0.293236495929311 450
21 1.111680305951093e-20 5.863029073466825e-21 1.238007425364762e-08 602
24 2.448800192921894e-21 1.691735078382884e-21 2.202958527991948e-09 762
27 1.506011366791925e-21 1.730926124498711e-21 1.16049402582647e-09 1142
30 7.006387974044456e-22 7.939259573589164e-22 4.069458837107403e-10 1250
33 1.987813967969784e-22 2.529873907581295e-22 9.354759311512803e-11 1458
36 1.24263008660022e-23 1.691137083419156e-23 4.315338989102086e-12 1814
39 2.530753413996365e-30 3.697100785735488e-30 6.798929164009921e-19 2178
42 1.019029116335763e-30 1.739110330869232e-30 2.407920546200749e-19 2498
45 3.652027539278104e-31 7.212356670138197e-31 8.311266346884066e-20 2622
48 9.698859333154139e-32 2.198864110841586e-31 1.833040346096026e-20 3191
51 8.780886860676762e-33 1.904905947669246e-32 1.51404745590522e-21 3044
54 6.096606018628082e-35 1.386316134346436e-34 1.106332631016845e-23 2736
57 3.985847338679275e-40 1.105808649160482e-39 9.398607412872914e-29 2276
60 2.040749878281012e-40 5.774077781269622e-40 5.078266810093662e-29 2016
63 1.124414540591132e-40 3.761002647355957e-40 3.645839851997507e-29 1640
66 7.409701859634013e-41 2.292838927251799e-40 3.24233625192108e-29 1056
69 4.860032053527546e-41 1.664051862016011e-40 3.326148452532621e-29 683
72 2.699987983336985e-41 9.874676396096559e-41 3.548310353518888e-29 350
75 1.647108938750405e-41 5.687560349815309e-41 3.527523127007967e-29 192
78 4.059146970391687e-42 1.451808608310395e-41 3.670285151943728e-29 44
81 1.911736749428782e-42 8.266354730209688e-42 3.347338121386415e-29 25


3 2.166180840977574e-12 2.509651181273723e-13 267.8860253627992 18
6 1.397598324277488e-13 4.887478771220445e-14 6.088294396831359 62
9 4.285462072260785e-13 5.078194141817195e-15 0.8288664627336993 98
12 2.448318451588203e-13 6.973738579272216e-14 1.082902203757793 210
15 4.211466713914949e-13 1.869992357945654e-13 1.188164487894901 350
18 1.879944799011902e-13 9.671394492070635e-14 0.3556491396518198 450
21 9.764801475728057e-21 6.291019069148618e-21 1.325890448043668e-08 602
24 2.128941462219182e-21 1.803597712451069e-21 2.354162451738805e-09 762
27 1.55723230236346e-21 1.596287918750794e-21 1.116651274129925e-09 1142
30 6.641274461070981e-22 7.805380426588223e-22 4.114562564604351e-10 1250
33 1.938635773836654e-22 2.429200858103186e-22 9.312618286345407e-11 1458
36 1.275086326282312e-23 1.530848028500471e-23 4.120240181060634e-12 1814
39 2.460760184027925e-30 3.558371429397437e-30 6.792779602953185e-19 2178
42 1.004384180984558e-30 1.65781276388175e-30 2.393112294617513e-19 2498
45 3.571393617952818e-31 6.883672240830425e-31 8.265146500170876e-20 2622
48 1.011995956170721e-31 1.967829280631578e-31 1.744249730376252e-20 3191
51 8.078403851465431e-33 1.950598057418041e-32 1.58403729124016e-21 3044
54 5.365343767898376e-35 1.454415556062422e-34 1.173389834664551e-23 2736
57 4.070194630159408e-40 1.011300239896875e-39 9.10199879759188e-29 2276
60 1.994064133655823e-40 5.547504623405853e-40 5.087532435803803e-29 2016
63 1.194564156106463e-40 3.331997462160772e-40 3.464937235948615e-29 1640
66 6.96411800300684e-41 2.31286843885307e-40 3.356632786637431e-29 1056
69 4.488457479084113e-41 1.716035209183271e-40 3.494595753078735e-29 683
72 2.548687950691344e-41 9.479963193690324e-41 3.53249273577535e-29 350
75 1.626024667536195e-41 5.543550374170994e-41 3.581590624663715e-29 192
78 3.368351688722666e-42 1.634816433482865e-41 4.060582172023229e-29 44
81 1.98939907515546e-42 7.67187956186573e-42 3.308371105948344e-29 25


3 6.972564279913231e-12 5.654957925895554e-14 196.2420794547555 18
6 2.96328934615734e-13 3.264197892783962e-14 4.760516768415045 62
9 1.123442595069197e-13 4.625207625375008e-14 2.167170690906603 98
12 3.676484468319125e-13 4.886994853363929e-14 0.8840507418071575 210
15 5.874694607376956e-13 1.183116042534362e-13 0.8703210893649906 350
18 2.079808027039554e-13 8.487503689945117e-14 0.3289327743545389 450
21 1.014722287247487e-20 5.700506079121017e-21 1.255716744979861e-08 602
24 2.109399543378127e-21 1.723111212162098e-21 2.324990972913455e-09 762
27 1.635984392022283e-21 1.437468111265519e-21 1.058010420288436e-09 1142
30 6.313462016273955e-22 7.642056251495116e-22 4.151321958313004e-10 1250
33 1.877165283558101e-22 2.350297893447925e-22 9.330469589956969e-11 1458
36 1.266168503472624e-23 1.47191097537045e-23 4.124607499766044e-12 1814
39 2.273805390146445e-30 3.618591588844386e-30 7.066745234493972e-19 2178
42 9.713436627916963e-31 1.602533818044852e-30 2.400554883485251e-19 2498
45 3.50262269958605e-31 6.600204118466099e-31 8.25544481418255e-20 2622
48 9.534082908605509e-32 1.967872416358637e-31 1.794090745506412e-20 3191
51 8.445542729359322e-33 1.742693280809457e-32 1.507237850989969e-21 3044
54 5.709670603281224e-35 1.276307111124544e-34 1.103230917497039e-23 2736
57 3.96001468192946e-40 1.004727443764431e-39 9.363876544793017e-29 2276
60 2.002489958926429e-40 5.33141105370797e-40 5.119119143975323e-29 2016
63 1.183059679895153e-40 3.211899670557512e-40 3.490693864046047e-29 1640
66 7.011098046034885e-41 2.216138960843202e-40 3.375302314757097e-29 1056
69 4.763369381284004e-41 1.52531891325264e-40 3.334534068281104e-29 683
72 2.578808892569484e-41 8.964380712634983e-41 3.51434794095795e-29 350
75 1.600394718383158e-41 5.471379747821453e-41 3.67584744044409e-29 192
78 3.522022659538349e-42 1.64875443906213e-41 4.288898969095257e-29 44
81 1.957608290281801e-42 7.20792690568242e-42 3.254553593957822e-29 25


3 8.456294360602013e-12 9.762510238170703e-15 195.3487729648751 18
6 6.178788100241794e-13 7.821817399133878e-15 3.062028349980011 62
9 1.633075363051476e-13 3.522546730851905e-14 1.824607907677962 98
12 2.3743508694265e-13 6.395500371194883e-14 1.027008946028233 210
15 3.759355602534721e-13 1.779606461124484e-13 1.170701949823461 350
18 2.255810550735536e-13 7.084039202335014e-14 0.295765196646375 450
21 1.107037603229911e-20 4.963658003630686e-21 1.165860818534608e-08 602
24 2.391235066924412e-21 1.439902109576434e-21 2.087644701780886e-09 762
27 1.691138760475375e-21 1.295517468386692e-21 1.004410056070077e-09 1142
30 6.110719197821433e-22 7.401996884261032e-22 4.159181669624496e-10 1250
33 1.796469526187732e-22 2.290225687485018e-22 9.394217721228627e-11 1458
36 1.22085318707998e-23 1.46841966163589e-23 4.240740933859457e-12 1814
39 2.195686395380644e-30 3.532352641432693e-30 7.14626528277447e-19 2178
42 9.267648250373557e-31 1.567600006715856e-30 2.427497948032201e-19 2498
45 3.514033486431552e-31 6.189479598658211e-31 8.118343497993347e-20 2622
48 9.236370979026249e-32 1.906940807475793e-31 1.805863332973622e-20 3191
51 7.884994082346708e-33 1.75090982218257e-32 1.553794341647743e-21 3044
54 5.417919472050556e-35 1.22408100112408e-34 1.09667724114551e-23 2736
57 3.865586925054046e-40 9.889636530116102e-40 9.561196928070668e-29 2276
60 1.949683785380465e-40 5.346485582714167e-40 5.307331964133527e-29 2016
63 1.120198421902831e-40 3.42987872360382e-40 3.792347782121938e-29 1640
66 7.439300353236927e-41 2.085112521658146e-40 3.373747768294691e-29 1056
69 4.802768218309073e-41 1.451801252276003e-40 3.337152775797442e-29 683
72 2.680245501241492e-41 8.798499625761989e-41 3.624256579270781e-29 350
75 1.614089171770516e-41 5.622370874702528e-41 3.907817026302792e-29 192
78 3.967199492635127e-42 1.451091611559456e-41 4.098121179552829e-29 44
81 2.017744537067314e-42 7.611147743398891e-42 3.55740147199046e-29 25


3 4.978441634776728e-12 1.359217213141928e-13 228.8028763126364 18
6 4.032732809053966e-13 2.428790168645695e-14 4.237793012172755 62
9 3.999897174749537e-13 5.133177719819381e-15 0.9015105715320724 98
12 2.798400980254253e-13 5.623202539840037e-14 0.9795625978273537 210
15 5.706333042558857e-13 1.080902251427254e-13 0.8507472429613313 350
18 1.713819960321692e-13 8.756484465761431e-14 0.3491061582397306 450
21 9.972098179688928e-21 5.135648656112733e-21 1.220316270985334e-08 602
24 2.514162557796065e-21 1.274810926904194e-21 1.969765138707612e-09 762
27 1.707187866294832e-21 1.190502385061396e-21 9.701735989071679e-10 1142
30 6.12310828527807e-22 6.998633101223309e-22 4.104710547107492e-10 1250
33 1.718488476132312e-22 2.232053475025817e-22 9.475362342923795e-11 1458
36 1.149004770300591e-23 1.467961629560548e-23 4.359386744285571e-12 1814
39 2.251802204320628e-30 3.227804576426056e-30 6.890547642283836e-19 2178
42 8.774135327583169e-31 1.559949530841537e-30 2.491382535231856e-19 2498
45 3.466562008235646e-31 5.869711147685473e-31 8.042997502588884e-20 2622
48 9.653809893575235e-32 1.693195070568894e-31 1.708625616504909e-20 3191
51 7.766309970724168e-33 1.655223872599303e-32 1.536198912164908e-21 3044
54 4.693660108510907e-35 1.289543553948923e-34 1.165401044020582e-23 2736
57 3.962008483515659e-40 9.245572833488854e-40 9.434822075259936e-29 2276
60 1.999542201419611e-40 5.077377093534415e-40 5.304794737390619e-29 2016
63 1.193765955477317e-40 3.114116663404214e-40 3.678391319793454e-29 1640
66 7.117151588950058e-41 2.202056166515901e-40 3.634352786327203e-29 1056
69 4.574220848295288e-41 1.509899122068752e-40 3.547458769236348e-29 683
72 2.579578248221804e-41 9.049301604545094e-41 3.825301222018759e-29 350
75 1.572013449294701e-41 5.347492560300151e-41 3.875989930300381e-29 192
78 4.470261034239515e-42 1.23489037581045e-41 3.868690609893659e-29 44
81 2.178332312639328e-42 7.054049795871769e-42 3.540150996743891e-29 25


3 7.989842584613608e-13 2.684612265253035e-13 252.9848400185216 18
6 1.323262800271637e-13 4.009590780451244e-14 5.267817118312861 62
9 8.734091695233244e-14 4.250223337636667e-14 2.092213961834328 98
12 3.450144588548965e-13 4.003785816764967e-14 0.8139220462043534 210
15 3.682055705336676e-13 1.589216931356864e-13 1.126379877502523 350
18 2.223010748106194e-13 6.367718957744709e-14 0.2886788718053332 450
21 9.297610882039847e-21 5.116120221784677e-21 1.246907613787031e-08 602
24 2.159939367568512e-21 1.409652752225388e-21 2.17104647854593e-09 762
27 1.669854706976481e-21 1.133105200177841e-21 9.622372209059472e-10 1142
30 6.320798277593175e-22 6.444691025067375e-22 3.979851163092152e-10 1250
33 1.656980711726336e-22 2.168837422575513e-22 9.551111712930357e-11 1458
36 1.069984215225947e-23 1.458469239666686e-23 4.457658365605848e-12 1814
39 2.277342638507506e-30 2.982312409341115e-30 6.700752799582993e-19 2178
42 8.707622225223347e-31 1.489750735282709e-30 2.485477918317918e-19 2498
45 3.201930310428228e-31 5.984214596279219e-31 8.392297171393465e-20 2622
48 8.544106424824154e-32 1.800558358969697e-31 1.834398922273786e-20 3191
51 7.755542505766587e-33 1.560796589406555e-32 1.518464743723865e-21 3044
54 5.514317466971229e-35 1.028854964003547e-34 1.029269925763098e-23 2736
57 3.728271336409269e-40 9.312302614119625e-40 9.755353264686888e-29 2276
60 1.909778116491889e-40 5.086844746732208e-40 5.479161056856925e-29 2016
63 1.158206320492417e-40 3.092703407269541e-40 3.778342735538568e-29 1640
66 7.257882474153861e-41 2.070536841017246e-40 3.603698327219021e-29 1056
69 4.351272245421152e-41 1.531383782763235e-40 3.694086815923237e-29 683
72 2.537652093274177e-41 8.911546980884718e-41 3.912018966043898e-29 350
75 1.565387900038173e-41 5.179891168255556e-41 3.92331301899219e-29 192
78 4.247580090828563e-42 1.266317393488384e-41 4.028191448409465e-29 44
81 2.207448188837495e-42 7.166062893119476e-42 3.73160616064151e-29 25


3 6.015966419987538e-13 2.581597864319739e-13 255.37623788775 18
6 3.177549340053302e-13 2.292999424310778e-14 4.130637848910248 62
9 1.696858025254351e-13 2.917644648305704e-14 1.724938099957034 98
12 1.63892098131535e-13 6.775002336665445e-14 1.144596926568443 210
15 5.352345196405424e-13 1.047823904822247e-13 0.8786565609990783 350
18 1.764701141587226e-13 7.538342053261412e-14 0.332323076602543 450
21 9.992091593281648e-21 4.455688777479548e-21 1.166366654531694e-08 602
24 1.862886888070413e-21 1.501230967300681e-21 2.340226079723615e-09 762
27 1.59825182882635e-21 1.109474472284659e-21 9.765583560549816e-10 1142
30 6.6432551763835e-22 5.802807555565898e-22 3.808660057711851e-10 1250
33 1.615560218901505e-22 2.097911747981801e-22 9.621583564232721e-11 1458
36 1.000019099594419e-23 1.439678005373538e-23 4.545662866432501e-12 1814
39 2.189496567728764e-30 2.922905871001476e-30 6.805858892710711e-19 2178
42 9.021562478942866e-31 1.357826959645228e-30 2.399884494009534e-19 2498
45 3.119966573822886e-31 5.793172200987486e-31 8.457855124381346e-20 2622
48 8.732432768511407e-32 1.648268685961227e-31 1.775055597195539e-20 3191
51 7.383870313216017e-33 1.545388204995007e-32 1.552992758756385e-21 3044
54 4.752536972999089e-35 1.112479677496984e-34 1.111444426073096e-23 2736
57 3.78764137702804e-40 8.656449935911472e-40 9.566059872102594e-29 2276
60 1.957267459977982e-40 4.66390414752926e-40 5.320514463268508e-29 2016
63 1.120441158304591e-40 3.034755155596893e-40 3.84200017024103e-29 1640
66 7.025275133638812e-41 2.030663239107302e-40 3.661450493534605e-29 1056
69 4.90624251334183e-41 1.292049546809787e-40 3.414236692342438e-29 683
72 2.576084995347089e-41 8.207181270437483e-41 3.811124216952321e-29 350
75 1.469095208952873e-41 5.217838624503671e-41 4.04633166169751e-29 192
78 3.584861486259639e-42 1.505026643121043e-41 4.635186626758824e-29 44
81 1.959068825592611e-42 7.540696305881634e-42 3.946917889697357e-29 25


3 4.262338012027711e-12 1.247139144744083e-13 232.9001111215223 18
6 5.022357724303978e-13 1.088378025614359e-14 3.388910847127077 62
9 3.632940716016064e-13 6.060664962705839e-15 0.9549043889804164 98
12 3.63343134134718e-13 3.28188688804795e-14 0.782855645910645 210
15 3.64559574783595e-13 1.412647393124524e-13 1.106558661504065 350
18 1.931895857073467e-13 6.620142801927712e-14 0.3147128324490559 450
21 9.388016199977557e-21 4.485952476789946e-21 1.212403650686887e-08 602
24 2.141654047188281e-21 1.256677074797977e-21 2.127980875259197e-09 762
27 1.526804941450467e-21 1.094965003454761e-21 9.991771537152029e-10 1142
30 6.958781658117846e-22 5.193724136948711e-22 3.637615988743497e-10 1250
33 1.600552572618918e-22 2.006845714794327e-22 9.626546408383888e-11 1458
36 9.47879885504512e-24 1.410166305764796e-23 4.618416736861391e-12 1814
39 2.050871080570625e-30 2.953495803774199e-30 7.077182672811942e-19 2178
42 9.087580110583264e-31 1.272962271996852e-30 2.365500835860509e-19 2498
45 3.255955523982685e-31 5.245258390080254e-31 8.133606917213224e-20 2622
48 8.921586645418169e-32 1.52836818791913e-31 1.737171930941866e-20 3191
51 7.409066035862945e-33 1.44787289096853e-32 1.528973393215095e-21 3044
54 4.444016514232239e-35 1.090842673110172e-34 1.125639544967016e-23 2736
57 3.690761441546744e-40 8.539740788000738e-40 9.783003995197392e-29 2276
60 1.834481021502677e-40 4.740341438442402e-40 5.54015391901718e-29 2016
63 1.120838558840537e-40 2.877600421295691e-40 3.821154193199812e-29 1640
66 7.271132884798082e-41 1.883578303010372e-40 3.599896509920071e-29 1056
69 4.384594949213767e-41 1.385278266206523e-40 3.67287990654988e-29 683
72 2.607759919238289e-41 7.718287613030506e-41 3.773938085537584e-29 350
75 1.361057026028162e-41 5.193081901400303e-41 4.130584945418119e-29 192
78 3.326692343616069e-42 1.454184857624726e-41 4.636330525269634e-29 44
81 2.096497473042765e-42 6.904534583141303e-42 3.85660836574892e-29 25


3 7.479748608662757e-12 1.216423894436449e-14 196.4445422275478 18
6 3.500660782216797e-13 2.296457045155683e-14 4.582397376724764 62
9 1.012359568604884e-13 3.526887770725735e-14 2.091957319131238 98
12 2.272728624924949e-13 5.035403923926909e-14 1.014614603847293 210
15 5.036695987413816e-13 1.010910359168731e-13 0.9223879048288015 350
18 1.874671123168675e-13 6.30475060606963e-14 0.3158248293697455 450
21 8.711840705539168e-21 4.483697970976404e-21 1.25553751335116e-08 602
24 2.337372803823001e-21 1.075364824512736e-21 1.981763873053924e-09 762
27 1.476183171025256e-21 1.070907432441213e-21 1.019130821181055e-09 1142
30 7.101476801917989e-22 4.752160884411753e-22 3.536498917934075e-10 1250
33 1.615247272087848e-22 1.886364922420425e-22 9.523139656835437e-11 1458
36 9.213543084996224e-24 1.371939560143581e-23 4.686144504348085e-12 1814
39 1.95746669433735e-30 2.937405036179338e-30 7.294112848343252e-19 2178
42 8.721124098375581e-31 1.262337012622859e-30 2.428817077699844e-19 2498
45 3.184032747235476e-31 5.088594725435878e-31 8.218424645573091e-20 2622
48 8.527454174981622e-32 1.515713565704711e-31 1.781295682628308e-20 3191
51 7.242061068039844e-33 1.390549926250354e-32 1.531045154236543e-21 3044
54 4.913756208924221e-35 9.480909533691274e-35 1.056798065854511e-23 2736
57 3.713266600022741e-40 8.030145779909378e-40 9.67026978116434e-29 2276
60 1.941676638655176e-40 4.409387327456011e-40 5.472651285712904e-29 2016
63 1.138823030118711e-40 2.767895900507166e-40 3.855092916000814e-29 1640
66 6.803864638164679e-41 1.997532746861716e-40 3.876908793731318e-29 1056
69 4.457125743874277e-41 1.375470324285589e-40 3.806231537238255e-29 683
72 2.373571429679861e-41 8.076185482269616e-41 3.995995219360573e-29 350
75 1.568145398249993e-41 4.492747132777369e-41 3.919558070651004e-29 192
78 3.955720063215195e-42 1.108351608703967e-41 3.996770025667335e-29 44
81 2.120708347031173e-42 6.252559069382826e-42 3.717976072250801e-29 25


3 6.792967310039575e-12 2.700012373114909e-14 187.0132235476635 18
6 2.32746204362222e-13 2.791783461348807e-14 5.225650387836508 62
9 1.457654870690819e-13 2.752221506376217e-14 1.899410857270682 98
12 2.000374242690233e-13 5.411490712034502e-14 1.139066719234973 210
15 3.570901137405077e-13 1.2703757000684e-13 1.120616032169497 350
18 1.731222891228362e-13 6.533977954115792e-14 0.3378885494140351 450
21 9.608761015650949e-21 3.97328082708032e-21 1.205500692131177e-08 602
24 1.930208440881152e-21 1.239133076726925e-21 2.276409822499227e-09 762
27 1.434103041824918e-21 1.045999601622358e-21 1.040365601060698e-09 1142
30 6.993138655793446e-22 4.539466712186362e-22 3.544425905980887e-10 1250
33 1.650586374097245e-22 1.749029802179576e-22 9.332004493403217e-11 1458
36 9.111623309593003e-24 1.326992271361716e-23 4.742089778512893e-12 1814
39 1.927710383742879e-30 2.811852808971054e-30 7.305628404900897e-19 2178
42 8.346192459440045e-31 1.255766538284189e-30 2.501705058259928e-19 2498
45 3.000663776224573e-31 5.127817510960298e-31 8.53520424194694e-20 2622
48 8.335520838411411e-32 1.456947071588612e-31 1.78570041696321e-20 3191
51 6.927064884363566e-33 1.368599261237556e-32 1.560020448772063e-21 3044
54 4.735634189042798e-35 9.452126048711977e-35 1.088418443231499e-23 2736
57 3.466789058802501e-40 8.299679633459724e-40 1.02172847897124e-28 2276
60 1.84458276916681e-40 4.563611181637731e-40 5.797465842671637e-29 2016
63 1.064107136102235e-40 2.865997723811735e-40 4.072079271132925e-29 1640
66 7.460197460910207e-41 1.834612333023636e-40 3.814238351294973e-29 1056
69 4.814010549695136e-41 1.282724174893298e-40 3.783938685085752e-29 683
72 2.61913715462471e-41 7.502593102035295e-41 3.97419855573768e-29 350
75 1.668486545185605e-41 4.497555776046782e-41 4.124754311667612e-29 192
78 3.60160514808611e-42 1.172666368349759e-41 4.248182718039406e-29 44
81 1.749443930170098e-42 6.906049408650266e-42 4.017565315018446e-29 25


3 3.080249882642463e-12 1.374835963192614e-13 245.1616781913254 18
6 3.216138621795908e-13 1.720489424994033e-14 4.15248142390725 62
9 3.240034596955143e-13 7.274903051396602e-15 1.015804216026756 98
12 3.68532203433808e-13 2.346875860687378e-14 0.7134827179578995 210
15 4.72209207158461e-13 9.770135172260727e-14 0.9886138325297442 350
18 1.835582225799283e-13 5.735032749833256e-14 0.3223453955079426 450
21 8.693626298389306e-21 4.176314379332115e-21 1.306168947104996e-08 602
24 1.730824319768939e-21 1.282901928512549e-21 2.433538245985928e-09 762
27 1.385630334284268e-21 1.028192458282402e-21 1.069385304459243e-09 1142
30 6.609439318001009e-22 4.57297961339109e-22 3.692208517142496e-10 1250
33 1.699848904913098e-22 1.605658346815805e-22 9.090753693092451e-11 1458
36 9.011071997021972e-24 1.276857082513919e-23 4.780825557999758e-12 1814
39 1.94702034354181e-30 2.634617200283015e-30 7.210286538359173e-19 2178
42 8.264627417795474e-31 1.204328241527387e-30 2.511232774612683e-19 2498
45 3.004948646219224e-31 4.820235385384054e-31 8.431381654263873e-20 2622
48 8.106906927381367e-32 1.419955858148826e-31 1.810309527110155e-20 3191
51 6.975305288109458e-33 1.285939093095407e-32 1.540971798158117e-21 3044
54 4.463449300454176e-35 9.339490490217516e-35 1.109308355282662e-23 2736
57 3.796688744751642e-40 7.318244780863446e-40 9.70595992208914e-29 2276
60 1.907310428602889e-40 4.27978635418212e-40 5.742830625671489e-29 2016
63 1.190973365806931e-40 2.564276037859858e-40 3.9376118268121e-29 1640
66 7.100018343961302e-41 1.915749934627918e-40 4.068945105717547e-29 1056
69 4.648930149721376e-41 1.344175262642277e-40 4.054797318103995e-29 683
72 2.604613157972047e-41 7.371669420399687e-41 4.062862265643101e-29 350
75 1.352466374697626e-41 5.243025017854219e-41 4.664932847962643e-29 192
78 3.164900324340249e-42 1.33830618499405e-41 4.803930964170809e-29 44
81 1.771768247423558e-42 6.873968657849118e-42 4.167474103358985e-29 25


3 2.318999824060811e-13 2.208134551287938e-13 343.0078509647101 18
6 3.386056834297224e-13 1.559370254284874e-14 4.178165470511543 62
9 1.389225661657395e-13 2.682000369231244e-14 2.142790546601983 98
12 1.25925925022508e-13 5.98265231530713e-14 1.386121253247048 210
15 3.592811194747008e-13 1.128127417476294e-13 1.144966879574906 350
18 1.677532797924124e-13 5.970348352950015e-14 0.3482021948386121 450
21 8.442088555282306e-21 3.94606990181422e-21 1.304526049628972e-08 602
24 2.06014169726022e-21 1.027072282450723e-21 2.150119990315515e-09 762
27 1.321962283324058e-21 1.013737600613111e-21 1.100677997649555e-09 1142
30 6.052901545298835e-22 4.776919841883718e-22 3.954001324936649e-10 1250
33 1.746588834460579e-22 1.466454527508746e-22 8.818404857603084e-11 1458
36 8.89522037982394e-24 1.222639566614108e-23 4.796177044856008e-12 1814
39 1.970314297756876e-30 2.469856899246067e-30 7.119297430927409e-19 2178
42 8.355571562416916e-31 1.126662724394429e-30 2.473971804397391e-19 2498
45 3.048433192471561e-31 4.471459427520689e-31 8.247064828806894e-20 2622
48 8.106476871084056e-32 1.3419744416533e-31 1.794734537458685e-20 3191
51 6.860847427311288e-33 1.234557996151858e-32 1.543446038646221e-21 3044
54 4.102646612187158e-35 9.602484542187906e-35 1.166465216364089e-23 2736
57 3.407370689138275e-40 7.734471168646192e-40 1.036356929831535e-28 2276
60 1.842020292267699e-40 4.233329800870493e-40 5.871344829826463e-29 2016
63 1.059496067825402e-40 2.78039593708575e-40 4.274655508495126e-29 1640
66 7.284142595522064e-41 1.800748582978286e-40 4.027688432330997e-29 1056
69 4.621105078465541e-41 1.312955908492225e-40 4.119423348260187e-29 683
72 2.476043551924152e-41 7.614398099393107e-41 4.285763298766706e-29 350
75 1.566504593369001e-41 4.461162067543895e-41 4.344847565264863e-29 192
78 4.041738827656796e-42 1.013801930704744e-41 4.176120252734534e-29 44
81 2.139465974090825e-42 5.433329106754338e-42 3.724790934770898e-29 25


3 9.569126205702676e-13 1.936076291901281e-13 378.6794742604355 18
6 2.615801883068284e-13 2.322799552315527e-14 6.068581359442057 62
9 1.136512191108983e-13 2.697601529996785e-14 2.371001184152768 98
12 2.913933969483268e-13 3.140130466066432e-14 0.9426924719321784 210
15 4.245334176175091e-13 9.801929837241439e-14 1.105501562340274 350
18 1.706819227341049e-13 5.547592894529271e-14 0.3470742937611969 450
21 8.873645434164407e-21 3.566593152924331e-21 1.269379814998124e-08 602
24 2.009234026399058e-21 9.965107625420994e-22 2.196492763381768e-09 762
27 1.30354592582862e-21 9.653253942388146e-22 1.103660481347701e-09 1142
30 5.497798361698951e-22 4.989531243628295e-22 4.244621044197536e-10 1250
33 1.768095230097391e-22 1.355729098078809e-22 8.629598645168611e-11 1458
36 8.778899956583993e-24 1.15919850410581e-23 4.768928793614478e-12 1814
39 1.970004574255811e-30 2.335107480103382e-30 7.068538245973368e-19 2178
42 8.423964877137769e-31 1.057136550700848e-30 2.442148445589591e-19 2498
45 2.947518269571646e-31 4.406098086778855e-31 8.428736459575679e-20 2622
48 8.103014716656526e-32 1.268877433561755e-31 1.779206003701621e-20 3191
51 6.62538188400894e-33 1.211936174327366e-32 1.570644161420102e-21 3044
54 4.717956884006328e-35 8.063442269645598e-35 1.069131807897343e-23 2736
57 3.507623316887128e-40 7.102297963461148e-40 1.006769360555271e-28 2276
60 1.86274505838951e-40 3.981114844016369e-40 5.802250766108041e-29 2016
63 1.132951011038761e-40 2.486933577948207e-40 4.093581750779605e-29 1640
66 7.04046997765371e-41 1.745677877769999e-40 4.048944304465379e-29 1056
69 4.725037989168691e-41 1.201090686710209e-40 3.992377772524346e-29 683
72 2.4866689380024e-41 7.146158662894494e-41 4.22588976477824e-29 350
75 1.635394676252207e-41 4.064838815440545e-41 4.223014839071429e-29 192
78 3.639843662871784e-42 1.033825589132877e-41 4.286985444203752e-29 44
81 2.037630914458547e-42 5.72392330732617e-42 3.966473505530015e-29 25


3 4.265017637749936e-12 8.76207352705057e-14 271.6423448012199 18
6 3.159775763410647e-13 1.931143629327229e-14 6.014390964367114 62
9 2.729293949978461e-13 9.688254069061793e-15 1.276308649912545 98
12 2.748128203627798e-13 3.281915803009827e-14 1.023361187210546 210
15 3.86578689478071e-13 9.528356299706531e-14 1.1338816462143 350
18 1.667761072106598e-13 5.326118299835925e-14 0.3532629134727515 450
21 7.692200454908133e-21 3.828199052504899e-21 1.398568934051896e-08 602
24 1.643720593034462e-21 1.137877967144564e-21 2.532050859979194e-09 762
27 1.337113504840557e-21 8.84812690014401e-22 1.073497306984596e-09 1142
30 5.088794212738165e-22 5.077559356625954e-22 4.466948288015045e-10 1250
33 1.758298712245332e-22 1.290747241231137e-22 8.623011901757149e-11 1458
36 8.613702568595976e-24 1.089441192736987e-23 4.695715338532198e-12 1814
39 1.950783171524105e-30 2.228959717071434e-30 7.058224813247204e-19 2178
42 8.371306409155425e-31 1.011085021091301e-30 2.442341452859658e-19 2498
45 2.842160006622464e-31 4.365066060468802e-31 8.646616867733698e-20 2622
48 7.786453495790703e-32 1.254740189652493e-31 1.819348222625972e-20 3191
51 6.775194124519665e-33 1.118209469626834e-32 1.528930540926971e-21 3044
54 4.738066765769941e-35 7.621203325938383e-35 1.058887137717713e-23 2736
57 3.492789919895829e-40 6.882445997344318e-40 1.01612927986901e-28 2276
60 1.779401964800909e-40 4.023407762453104e-40 6.025792677650148e-29 2016
63 1.131698545345166e-40 2.478115877809603e-40 4.231407958930199e-29 1640
66 6.808904570010804e-41 1.737619088336165e-40 4.155986258012545e-29 1056
69 4.48570358556365e-41 1.222687073725743e-40 4.156953386175811e-29 683
72 2.595927942201555e-41 6.83401133411373e-41 4.251147788276056e-29 350
75 1.268858252781748e-41 4.982627082558509e-41 4.93082120461853e-29 192
78 3.009411968491806e-42 1.17071215826609e-41 4.755495979527363e-29 44
81 1.575256065112202e-42 6.607452125543958e-42 4.395437056371814e-29 25


3 6.77752189459142e-12 6.918378643234101e-15 109.485059291297 18
6 3.985149435295941e-13 1.003886320997482e-14 4.113140901301802 62
9 1.849341196541316e-13 1.881798285106822e-14 2.155592310654647 98
12 1.336593831354332e-13 5.085746820291892e-14 1.547305534354168 210
15 3.534519555712841e-13 1.030802340410878e-13 1.287646343692034 350
18 1.593066840471934e-13 5.345472787079152e-14 0.3723931747688477 450
21 8.41262511206628e-21 3.353427806868871e-21 1.320627337785606e-08 602
24 1.795553539637824e-21 1.001494042669986e-21 2.388237527184194e-09 762
27 1.341096939704212e-21 8.352221724325796e-22 1.067452898019933e-09 1142
30 4.940883953603056e-22 4.938780932421639e-22 4.534055702072021e-10 1250
33 1.704119336973521e-22 1.272101371860051e-22 8.826243434056107e-11 1458
36 8.510664812736449e-24 1.029227348725731e-23 4.643210368725632e-12 1814
39 1.918224199536278e-30 2.138502324807485e-30 7.064447342511857e-19 2178
42 8.205424199881431e-31 9.789810720815209e-31 2.460636212811244e-19 2498
45 2.859186240590865e-31 4.111105018719019e-31 8.537552030669665e-20 2622
48 7.606389403700852e-32 1.217338958261384e-31 1.834063211174777e-20 3191
51 6.56920370075068e-33 1.095514983899062e-32 1.550822439628712e-21 3044
54 4.104759373274736e-35 8.259927156919772e-35 1.147009826646008e-23 2736
57 3.390601840454387e-40 6.901147446683664e-40 1.050919514425833e-28 2276
60 1.856392798545184e-40 3.786135309348433e-40 5.977800757623869e-29 2016
63 1.077325822375001e-40 2.539189129596371e-40 4.434612986075371e-29 1640
66 7.244002121490344e-41 1.622561947863362e-40 4.115748326771136e-29 1056
69 4.508539630688506e-41 1.169229340621122e-40 4.152097980486525e-29 683
72 2.470292361153218e-41 7.307177601834802e-41 4.608400185616547e-29 350
75 1.636011390270885e-41 3.553453011205064e-41 4.074194207421436e-29 192
78 3.739557383114102e-42 9.169715072110386e-42 4.203724186008546e-29 44
81 2.121014704271038e-42 4.953309324698022e-42 3.831633314518482e-29 25


3 6.130053763921076e-12 2.174620851143413e-14 136.6132796953341 18
6 2.753497528799435e-13 1.516384250944866e-14 6.019586498090314 62
9 1.009037690396467e-13 2.491582504511025e-14 2.952058105260152 98
12 3.086627628561577e-13 2.313211886016757e-14 0.8989581669391551 210
15 4.343686287647236e-13 7.561853569346424e-14 1.055715220505128 350
18 1.629368261452895e-13 4.857799635912498e-14 0.3600384475833558 450
21 8.136734771618781e-21 3.405519532946535e-21 1.396784732248679e-08 602
24 1.918166753483416e-21 8.815233908354137e-22 2.248310394472802e-09 762
27 1.245162150910946e-21 8.529971280441776e-22 1.123285624986216e-09 1142
30 5.067776147103536e-22 4.565377429851361e-22 4.409017107691679e-10 1250
33 1.595270391408252e-22 1.297016759178575e-22 9.237268974025733e-11 1458
36 8.579352851133341e-24 9.84977800945955e-24 4.644745349850207e-12 1814
39 1.88031667214865e-30 2.067455340745556e-30 7.101274778107028e-19 2178
42 7.988381537717954e-31 9.52906288541274e-31 2.48391269535744e-19 2498
45 2.921993145341408e-31 3.800576826691988e-31 8.305462519828259e-20 2622
48 7.662166277076035e-32 1.145685672748805e-31 1.807312209427087e-20 3191
51 6.184151639411535e-33 1.110750343122096e-32 1.611396378773065e-21 3044
54 3.892220536462709e-35 8.202076004180425e-35 1.172684675892204e-23 2736
57 3.578249907224231e-40 6.210253972052112e-40 1.005979609507617e-28 2276
60 1.826758780250949e-40 3.747750533012418e-40 6.119498213366313e-29 2016
63 1.134182460340947e-40 2.409143718780185e-40 4.434276741644515e-29 1640
66 7.027414414547128e-41 1.706942474278526e-40 4.414936565342234e-29 1056
69 4.756019939768836e-41 1.157119889001485e-40 4.302584763558205e-29 683
72 2.617774467133065e-41 6.800858246888925e-41 4.542780866481449e-29 350
75 1.373492453165e-41 4.328387386125655e-41 4.757762344848547e-29 192
78 3.131946931082217e-42 1.070110758743613e-41 4.754060407711483e-29 44
81 1.814854759260794e-42 6.053135470168497e-42 4.494510278146337e-29 25


3 3.04115169136884e-12 1.063682998125727e-13 513.0641143686988 18
6 1.255016853090152e-13 2.506932107374297e-14 10.38456820927408 62
9 2.064454992427543e-13 1.333896407030007e-14 1.900765259425116 98
12 2.06943406993974e-13 3.788630207214583e-14 1.365582570655856 210
15 2.791756154780057e-13 1.08514435974029e-13 1.472413333015846 350
18 1.532526737609502e-13 4.993587198849199e-14 0.3828047239479906 450
21 7.52642864836798e-21 3.437569331470314e-21 1.453221677395887e-08 602
24 1.604028546531603e-21 9.89448129001977e-22 2.538978617465652e-09 762
27 1.16506329562171e-21 8.628956741554787e-22 1.170287443935883e-09 1142
30 5.339682574496366e-22 4.096544142807809e-22 4.181295710122949e-10 1250
33 1.465000245133463e-22 1.348043189365643e-22 9.799184149199158e-11 1458
36 8.641865143446391e-24 9.472189376472043e-24 4.656480058235509e-12 1814
39 1.833746939436471e-30 2.01123239086069e-30 7.159268313213107e-19 2178
42 7.783956405401386e-31 9.260833779171906e-31 2.500812560382236e-19 2498
45 2.897156749186299e-31 3.653127498626828e-31 8.302368045546275e-20 2622
48 7.614297143395957e-32 1.093678524397652e-31 1.796567061899933e-20 3191
51 6.338700869183649e-33 1.027368922493217e-32 1.566668062365305e-21 3044
54 3.952613246905429e-35 7.853833105854085e-35 1.172218967068583e-23 2736
57 3.216558506731835e-40 6.704605923216354e-40 1.089941367454957e-28 2276
60 1.783935609902553e-40 3.722366616107591e-40 6.271288669125065e-29 2016
63 1.139353806989883e-40 2.318933760023574e-40 4.446476916312346e-29 1640
66 7.188088318305777e-41 1.657057072028902e-40 4.468868508661244e-29 1056
69 4.56028476300067e-41 1.179299769345231e-40 4.481929757429521e-29 683
72 2.635335442594777e-41 6.891015624829206e-41 4.753605413902807e-29 350
75 1.402419204705272e-41 4.119198714753917e-41 4.738145965499531e-29 192
78 3.804760820524263e-42 8.956746148510869e-42 4.414630369137712e-29 44
81 1.925671869281869e-42 5.426744709192279e-42 4.281034019673775e-29 25


3 3.782079236104994e-13 1.737957829073967e-13 874.3595534122467 18
6 2.467149296432979e-13 1.860982906058585e-14 8.505564154782338 62
9 2.143768838956413e-13 1.317664065281714e-14 1.938613656124242 98
12 1.699877541660368e-13 3.840132114952229e-14 1.423298203860548 210
15 4.680646267130141e-13 6.049549402002357e-14 0.9576937396822192 350
18 1.555042922343296e-13 4.575061818474559e-14 0.3666750056693583 450
21 8.23830439973724e-21 2.922403428403535e-21 1.316377149875762e-08 602
24 1.673794876377023e-21 9.110573048585188e-22 2.448203111564518e-09 762
27 1.204834989533323e-21 7.97448019185264e-22 1.132197100151907e-09 1142
30 5.468130384834272e-22 3.777035651688484e-22 4.041143859526928e-10 1250
33 1.347153619988422e-22 1.391440573227e-22 1.032526127467177e-10 1458
36 8.586653603323464e-24 9.054977486197185e-24 4.625329251863954e-12 1814
39 1.787790346071222e-30 1.96277122657201e-30 7.222715156471145e-19 2178
42 7.588243908445152e-31 9.026065893032857e-31 2.519786612232696e-19 2498
45 2.791045113748534e-31 3.630797590085924e-31 8.48787085409209e-20 2622
48 7.387403965079776e-32 1.068921090185001e-31 1.812621805504926e-20 3191
51 6.453403890370199e-33 9.544192849143684e-33 1.525853618988666e-21 3044
54 4.388204468915692e-35 6.866825763205208e-35 1.099944226669258e-23 2736
57 3.313476601811878e-40 6.231109678895562e-40 1.064131187329037e-28 2276
60 1.765927082936798e-40 3.619161488028024e-40 6.319192962614114e-29 2016
63 1.05190389465711e-40 2.410437822780459e-40 4.681116498484975e-29 1640
66 7.21220001675223e-41 1.610708535416148e-40 4.514570612041211e-29 1056
69 4.720970759921709e-41 1.109851073417584e-40 4.432604825763196e-29 683
72 2.519656425985406e-41 6.934674299364146e-41 4.89349343717534e-29 350
75 1.590186196288591e-41 3.344539402927758e-41 4.256440510235767e-29 192
78 3.290933982287008e-42 1.028298736002244e-41 4.959051567556128e-29 44
81 2.078289874261597e-42 4.776337665957934e-42 4.071778432637819e-29 25


3 4.241918051204444e-13 1.624253017794192e-13 737.6959298926015 18
6 4.585612924975637e-13 5.175419206062509e-15 3.239981166449968 62
9 1.238679573243035e-13 2.022065123062513e-14 2.74472064867826 98
12 2.721081598474499e-13 2.458854576187565e-14 1.022619014962615 210
15 2.450648363649506e-13 1.061965396780737e-13 1.517636004238572 350
18 1.512061097579536e-13 4.547761535886273e-14 0.3741072379949549 450
21 6.967109924942377e-21 3.247593120029232e-21 1.460226953869901e-08 602
24 1.801727433874997e-21 8.053674719693256e-22 2.281920935890493e-09 762
27 1.24224270525096e-21 7.335332967235002e-22 1.087931735946267e-09 1142
30 5.257493747743341e-22 3.738786026305537e-22 4.110648250062641e-10 1250
33 1.260999632465712e-22 1.398917763073912e-22 1.062869341275423e-10 1458
36 8.542873008462093e-24 8.57515995128105e-24 4.547086541786958e-12 1814
39 1.739294762154972e-30 1.920899360640016e-30 7.2882368966057e-19 2178
42 7.381865011970071e-31 8.81305847966952e-31 2.53769133593321e-19 2498
45 2.692675607576525e-31 3.580772875993707e-31 8.612041734357723e-20 2622
48 7.158362494450745e-32 1.047271486115225e-31 1.829915405093442e-20 3191
51 6.055414618892969e-33 9.722852538538916e-33 1.583409426747801e-21 3044
54 4.532474043829896e-35 6.177267098320142e-35 1.046402766945775e-23 2736
57 3.445759902386992e-40 5.72877894707135e-40 1.030626354193233e-28 2276
60 1.845728354448792e-40 3.308864657740318e-40 6.100674957166128e-29 2016
63 1.099190340818213e-40 2.227939848007152e-40 4.560903749286725e-29 1640
66 7.134533991114907e-41 1.539207311591892e-40 4.484831636479376e-29 1056
69 4.496929025025318e-41 1.122017424321821e-40 4.577938231248728e-29 683
72 2.630647551602516e-41 6.27111669163049e-41 4.688928225052122e-29 350
75 1.134058320319612e-41 4.391254934893691e-41 5.16179490112834e-29 192
78 3.608883127983833e-42 9.069209560258691e-42 4.705480173124725e-29 44
81 1.543851668910052e-42 5.903539241289172e-42 4.71640330709185e-29 25


3 2.949488695767911e-12 8.689118100904383e-14 373.4278334216632 18
6 3.801860706834284e-13 8.117746860418265e-15 4.044074500653847 62
9 1.447446445205678e-13 1.649071598082412e-14 2.281850797975617 98
12 1.96655941016835e-13 3.366325220182179e-14 1.298399121523915 210
15 4.456265638876506e-13 5.725744126916075e-14 0.9479544550834658 350
18 1.466076778986207e-13 4.384898707343682e-14 0.3676101669378737 450
21 7.749107400015258e-21 2.756919225346883e-21 1.306404432643328e-08 602
24 1.543009468393192e-21 8.85672379532764e-22 2.502580017423933e-09 762
27 1.168669107796518e-21 7.344860021271938e-22 1.111135979715813e-09 1142
30 4.87790207817218e-22 3.832519696913974e-22 4.28227088314225e-10 1250
33 1.23785644870892e-22 1.356319654785493e-22 1.06164732954102e-10 1458
36 8.485224411125293e-24 8.096744783852697e-24 4.449748620899845e-12 1814
39 1.695580676291947e-30 1.8753460889086e-30 7.328390517832804e-19 2178
42 7.15093840054274e-31 8.614780482332854e-31 2.552900022675245e-19 2498
45 2.660906179791404e-31 3.438871890015718e-31 8.560463138932474e-20 2622
48 6.953529813769469e-32 1.024909334175481e-31 1.844159173074379e-20 3191
51 5.824269561106403e-33 9.593820053385557e-33 1.605045271413794e-21 3044
54 4.003652107566522e-35 6.624939053149502e-35 1.117718184022215e-23 2736
57 3.172617815064669e-40 6.008643921808064e-40 1.090924242448007e-28 2276
60 1.689776405810914e-40 3.454528503110958e-40 6.418525610363441e-29 2016
63 1.125072544445656e-40 2.116489010936517e-40 4.525090492040719e-29 1640
66 6.576154499124386e-41 1.624563005100556e-40 4.76683226185148e-29 1056
69 4.596772358126954e-41 1.05037198571864e-40 4.488952005167305e-29 683
72 2.410990296405101e-41 6.58383280182979e-41 4.95257186603041e-29 350
75 1.700422146517393e-41 2.891221328898777e-41 4.116410272542253e-29 192
78 3.395708565850868e-42 9.398115145287136e-42 4.92311492055196e-29 44
81 2.131368243250789e-42 3.892963195300257e-42 3.756288252537953e-29 25


3 5.63049564022519e-12 1.52590346790706e-14 143.2766666074008 18
6 1.108670803248695e-13 2.199391696437493e-14 8.108096134544578 62
9 2.015884071903278e-13 1.162530753593437e-14 1.717718168712575 98
12 1.76762948855703e-13 3.238408708468118e-14 1.238456790928278 210
15 2.773560302420899e-13 9.183011100618483e-14 1.360626515256171 350
18 1.505701777355768e-13 4.10346303278677e-14 0.3539101772303464 450
21 7.135341046642279e-21 2.891120314408249e-21 1.376446270489059e-08 602
24 1.63466229922492e-21 8.073779841424323e-22 2.36769331837717e-09 762
27 1.124130622717839e-21 7.248383172892678e-22 1.119478183538175e-09 1142
30 4.669822860200553e-22 3.8131674825461e-22 4.350559957631487e-10 1250
33 1.282391076186148e-22 1.26015441830168e-22 1.024179299465373e-10 1458
36 8.321702908812585e-24 7.695238743450804e-24 4.364516415119263e-12 1814
39 1.661089899855691e-30 1.825209735746551e-30 7.341344659616082e-19 2178
42 6.910439348856743e-31 8.447366803595644e-31 2.570557532479365e-19 2498
45 2.659196258136925e-31 3.262070364532725e-31 8.422809782956106e-20 2622
48 6.791574035780245e-32 9.982554308598992e-32 1.850227382118135e-20 3191
51 5.969894738103576e-33 8.868069010304668e-33 1.552243939487879e-21 3044
54 3.585579344990038e-35 6.865509858986234e-35 1.167476154025109e-23 2736
57 3.20548475776644e-40 5.695285697640366e-40 1.075985830798375e-28 2276
60 1.691189629265922e-40 3.348441902008744e-40 6.4472454131649e-29 2016
63 1.045729260803745e-40 2.224349743152168e-40 4.793632940657776e-29 1640
66 7.356775809468026e-41 1.403688375490611e-40 4.441826367533349e-29 1056
69 4.451939182946753e-41 1.057227915120965e-40 4.621529643429713e-29 683
72 2.499549807598033e-41 6.010330894193854e-41 4.768103418215204e-29 350
75 1.132066410361512e-41 4.275075125064065e-41 5.364190716162892e-29 192
78 3.446527476731386e-42 9.019318446538929e-42 4.922722535226604e-29 44
81 1.505091405685587e-42 5.439911600822306e-42 4.668589043621035e-29 25


3 6.175435808215395e-12 4.542522602395466e-15 128.7237916617206 18
6 8.359461189822289e-14 2.241894038852653e-14 7.754405617091713 62
9 1.668960119670771e-13 1.431205442558981e-14 1.938021502248286 98
12 2.361241657147586e-13 2.56187213602268e-14 1.040282799590693 210
15 3.681583780092985e-13 6.500197792355118e-14 1.042017212590294 350
18 1.383329726991321e-13 4.205376766190137e-14 0.3615611434821856 450
21 7.278105620609645e-21 2.782264656158029e-21 1.354731271895188e-08 602
24 1.687635670403105e-21 7.361814211043797e-22 2.238766508022574e-09 762
27 1.15561872666675e-21 6.737280953156604e-22 1.076858975520232e-09 1142
30 4.71477346060909e-22 3.603619748457989e-22 4.242661946524571e-10 1250
33 1.370253331615044e-22 1.128082661774478e-22 9.601674842745722e-11 1458
36 8.217433736024448e-24 7.397270815167581e-24 4.323184614290313e-12 1814
39 1.622720148066415e-30 1.769138859870391e-30 7.318372300948381e-19 2178
42 6.723452663370869e-31 8.270930300734049e-31 2.585203205131584e-19 2498
45 2.632160992731046e-31 3.130142665476516e-31 8.350277437566298e-20 2622
48 6.681071075644767e-32 9.669469255508665e-32 1.848082855583292e-20 3191
51 5.921875769259431e-33 8.528694137269528e-33 1.543514325044884e-21 3044
54 3.576983429669449e-35 6.44707038012668e-35 1.138679321240389e-23 2736
57 3.213781858801903e-40 5.548467748704464e-40 1.084256595522678e-28 2276
60 1.777840206343776e-40 3.17384429371857e-40 6.401187894348147e-29 2016
63 1.067782464743673e-40 2.202420617410707e-40 4.914750240705477e-29 1640
66 6.767690353359721e-41 1.539905852974017e-40 4.860920685963766e-29 1056
69 4.553833886682996e-41 1.014806539199793e-40 4.623111985431816e-29 683
72 2.514506164183689e-41 6.227103644538489e-41 5.061224079760388e-29 350
75 1.646418756173906e-41 2.989332448147243e-41 4.433478122630919e-29 192
78 3.376335005481109e-42 9.952649238459326e-42 5.478957579690073e-29 44
81 2.008941376431679e-42 4.22561058323327e-42 4.158353737275189e-29 25


3 4.209454620266996e-12 5.493934143701586e-14 223.7454807262058 18
6 3.399329862845496e-13 8.212341366407185e-15 3.90001347627705 62
9 1.239601087180761e-13 1.636330180194027e-14 2.056875778408262 98
12 2.106549589580272e-13 2.682571163697484e-14 1.054328665592832 210
15 3.400648513507924e-13 7.234698807221551e-14 1.129184406098944 350
18 1.49312845415998e-13 3.724535357750656e-14 0.3332239440950553 450
21 7.505121737705808e-21 2.529247544171414e-21 1.272733012418886e-08 602
24 1.477235331439379e-21 7.947958491732837e-22 2.400001356249579e-09 762
27 1.13363961825654e-21 6.537131858353392e-22 1.068823557641651e-09 1142
30 4.859044497079988e-22 3.314026448870882e-22 4.048384361355051e-10 1250
33 1.445600286389717e-22 1.010555968746545e-22 9.014248887581826e-11 1458
36 8.193017864295077e-24 7.189147801331115e-24 4.324497668551173e-12 1814
39 1.593138132554538e-30 1.715001112370591e-30 7.293988868147859e-19 2178
42 6.57084226951099e-31 8.072226081458393e-31 2.591939094274741e-19 2498
45 2.55974385933788e-31 3.066683667610325e-31 8.395613088105598e-20 2622
48 6.616880971912747e-32 9.295746077953038e-32 1.834470086379798e-20 3191
51 5.574643132116118e-33 8.664723723553114e-33 1.593414901361693e-21 3044
54 3.475842108704629e-35 6.23211084337756e-35 1.133177861056995e-23 2736
57 3.083410800808149e-40 5.598821203848886e-40 1.116337181430373e-28 2276
60 1.743414596448818e-40 3.202790971698275e-40 6.613887630985063e-29 2016
63 1.1395878484933e-40 2.060322883972904e-40 4.840941244190354e-29 1640
66 7.09412534948023e-41 1.429368602519087e-40 4.742404275581092e-29 1056
69 4.50120669308678e-41 1.010914450115075e-40 4.732940743304046e-29 683
72 2.561664063031861e-41 5.914149830671126e-41 5.01292752401838e-29 350
75 1.245399909316749e-41 4.11950351535701e-41 5.58914515827613e-29 192
78 3.898466200822961e-42 9.170756775242899e-42 5.426982935907317e-29 44
81 1.617008527564295e-42 4.077412391833891e-42 3.968230709003612e-29 25


3 1.410753510943303e-12 1.180991224954059e-13 301.9181424282435 18
6 4.649902300791528e-13 1.993947994352206e-15 2.507054545806361 62
9 1.522013999994132e-13 1.338578536740077e-14 1.765118766275775 98
12 1.596777201581669e-13 3.076811361373753e-14 1.145030673560844 210
15 2.994989346320489e-13 7.200403436292423e-14 1.118930671906678 350
18 1.319451763115584e-13 3.99424317805496e-14 0.3515624525541644 450
21 6.464636841902528e-21 2.720748155428608e-21 1.351747336700101e-08 602
24 1.594375273815521e-21 7.10843630793446e-22 2.23732196927942e-09 762
27 1.082780481276474e-21 6.491686136302388e-22 1.078965850429588e-09 1142
30 4.914105969311132e-22 3.097784077293122e-22 3.914818691449196e-10 1250
33 1.440932010997167e-22 9.581143376532524e-23 8.827047956517979e-11 1458
36 8.090896153415953e-24 7.001749999319295e-24 4.328010055527026e-12 1814
39 1.573079542702492e-30 1.65793731764562e-30 7.257427185940811e-19 2178
42 6.468944076236836e-31 7.841139056784472e-31 2.590285545874107e-19 2498
45 2.46274195159079e-31 3.04771213024745e-31 8.529821481311953e-20 2622
48 6.574178727635075e-32 8.907220333984084e-32 1.816472403419134e-20 3191
51 5.391197208004704e-33 8.536208551054709e-33 1.60976866729426e-21 3044
54 3.393456909481916e-35 6.04754254872118e-35 1.132116360427185e-23 2736
57 3.098999385146157e-40 5.36782972207222e-40 1.1094425571245e-28 2276
60 1.731093264995009e-40 3.123298279056306e-40 6.655527992989233e-29 2016
63 1.091495157134424e-40 2.064538956150951e-40 4.947850292669827e-29 1640
66 6.70186762019491e-41 1.509376667969281e-40 5.051497083115577e-29 1056
69 4.292601413352156e-41 1.028175696856943e-40 4.899095147235662e-29 683
72 2.405976515264512e-41 6.075622158048748e-41 5.209320105575805e-29 350
75 1.676340637470786e-41 2.974375384604691e-41 4.696680035109321e-29 192
78 3.731634809929804e-42 9.713605490739034e-42 5.790730170837616e-29 44
81 1.447741258754747e-42 4.430045401820589e-42 4.2720838491179e-29 25


3 9.536580493414924e-15 1.420024580378705e-13 309.5400462373618 18
6 2.659355964513116e-13 1.218154073226877e-14 4.603947312641475 62
9 1.823993974076837e-13 1.093406944130654e-14 1.557721230327504 98
12 2.140416101738224e-13 2.440889740314661e-14 0.9857417716630177 210
15 3.58821527312642e-13 6.086291678567621e-14 1.000548232901401 350
18 1.461750360803971e-13 3.439671165421849e-14 0.3192424277339131 450
21 7.551513790975324e-21 2.235229741174313e-21 1.186236050874253e-08 602
24 1.569308591748021e-21 6.807560934286689e-22 2.194683964398162e-09 762
27 1.110216748624373e-21 6.066750948046495e-22 1.042592241618489e-09 1142
30 4.79345767559482e-22 3.023419194283624e-22 3.911044250842244e-10 1250
33 1.350512636492927e-22 9.754839399179546e-23 9.098020483342605e-11 1458
36 7.904454297879447e-24 6.82256556486148e-24 4.326156444026043e-12 1814
39 1.556547217958038e-30 1.597714974818176e-30 7.202422248444125e-19 2178
42 6.39178625563373e-31 7.598099182061947e-31 2.583936040072153e-19 2498
45 2.371777028543277e-31 3.030092989810138e-31 8.670611423732665e-20 2622
48 6.531524284609026e-32 8.552655556205611e-32 1.801474749927002e-20 3191
51 5.476270048126297e-33 7.993413714366073e-33 1.568737050267549e-21 3044
54 3.60692506118571e-35 5.450755405871505e-35 1.076577330867429e-23 2736
57 3.148838485787871e-40 5.069569321398008e-40 1.090786144970941e-28 2276
60 1.670454329936911e-40 3.107222921138977e-40 6.772193687510942e-29 2016
63 1.059585109451159e-40 2.028345665888891e-40 4.989716145778732e-29 1640
66 7.395652855238563e-41 1.316245750380123e-40 4.734028014161455e-29 1056
69 4.639624690992394e-41 9.212151397143375e-41 4.669206578779708e-29 683
72 2.509796722763549e-41 5.420627760457759e-41 4.925567056643459e-29 350
75 1.21259505308448e-41 4.011292995150238e-41 5.769498108800057e-29 192
78 3.866889805265807e-42 9.125581411420798e-42 5.70503870796071e-29 44
81 1.761534481457583e-42 3.650572365586279e-42 3.918599055648679e-29 25


3 9.940782108991972e-13 1.106505743245701e-13 269.1127071643952 18
6 6.015660093560172e-14 2.124678078973929e-14 6.24078977382779 62
9 1.520338638580514e-13 1.251367711224276e-14 1.66742070705644 98
12 2.247263341950316e-13 2.119390688591087e-14 0.8962690230749479 210
15 2.951791713271629e-13 6.863200058981383e-14 1.093490026765543 350
18 1.281357977781413e-13 3.735391221955282e-14 0.3407660806099198 450
21 6.038953225516294e-21 2.602049058815064e-21 1.33767596931542e-08 602
24 1.442894842467585e-21 7.071385133437787e-22 2.292251568025624e-09 762
27 1.090592456650306e-21 5.86026757118308e-22 1.033440791385652e-09 1142
30 4.523933398250153e-22 3.072733278905528e-22 4.032848732949069e-10 1250
33 1.234559532074029e-22 1.017386494725248e-22 9.558913914503895e-11 1458
36 7.649105698646197e-24 6.707446302493355e-24 4.355221168954177e-12 1814
39 1.549609840874168e-30 1.534244323176335e-30 7.137301500711969e-19 2178
42 6.32531718913262e-31 7.339516860857911e-31 2.57252539057048e-19 2498
45 2.307963258747674e-31 2.977665980702979e-31 8.743693084328357e-20 2622
48 6.457585092633705e-32 8.237058286883556e-32 1.790368533197553e-20 3191
51 5.544288584551828e-33 7.499868672543308e-33 1.531505110022042e-21 3044
54 3.859543567898993e-35 4.866205704834775e-35 1.020293651325862e-23 2736
57 3.135110643390568e-40 4.849810093030589e-40 1.080051005969869e-28 2276
60 1.646970930999206e-40 3.020894544208118e-40 6.789232479537756e-29 2016
63 1.026580542599052e-40 2.002719728519487e-40 5.048788892519434e-29 1640
66 7.023503162742765e-41 1.327830754944736e-40 4.846136569230488e-29 1056
69 4.144350981401472e-41 9.804403880966383e-41 4.955015041802889e-29 683
72 2.327278781579554e-41 5.77844129539436e-41 5.260321705545998e-29 350
75 1.633851710706509e-41 2.820637264403627e-41 4.732739475171617e-29 192
78 3.685327247050088e-42 9.374142008891524e-42 5.954378562703992e-29 44
81 1.543806970320119e-42 4.067814917889759e-42 4.280163263728589e-29 25


3 3.455992847004525e-12 5.065133356067237e-14 221.8963390374066 18
6 1.5054418484634e-13 1.516438574703638e-14 5.067663905545565 62
9 1.191107670430472e-13 1.412955017504524e-14 1.787033078089747 98
12 1.39303120530356e-13 2.983336965137694e-14 1.11973135003266 210
15 3.218741369749828e-13 5.925821278717535e-14 0.9938306923666032 350
18 1.403758365651017e-13 3.258238109205335e-14 0.3150338346009074 450
21 7.361516040143362e-21 2.081052402245451e-21 1.160412032496816e-08 602
24 1.532127391675196e-21 6.365342562739394e-22 2.159003261299883e-09 762
27 1.035026142739841e-21 5.858908419689499e-22 1.051405480886744e-09 1142
30 4.283390306543967e-22 3.09390297590076e-22 4.131584991618592e-10 1250
33 1.180077105227906e-22 1.011823942605308e-22 9.705860072765896e-11 1458
36 7.375621659343055e-24 6.594480756790168e-24 4.384956655503296e-12 1814
39 1.539976973675987e-30 1.474226912074052e-30 7.078735948942222e-19 2178
42 6.266630721963651e-31 7.083838907094591e-31 2.560656830010105e-19 2498
45 2.275254750692004e-31 2.886010206783015e-31 8.731779746185694e-20 2622
48 6.316619899900565e-32 8.020933551985732e-32 1.793181585956861e-20 3191
51 5.456075601272565e-33 7.305767722302168e-33 1.536058222796899e-21 3044
54 3.713144137382261e-35 4.854141461285282e-35 1.038659432872751e-23 2736
57 3.024680137962549e-40 4.812334384013366e-40 1.096505294161394e-28 2276
60 1.684803044983434e-40 2.857680350141869e-40 6.692897694638977e-29 2016
63 1.041299937152681e-40 1.923374009921226e-40 5.037659304820651e-29 1640
66 6.092267162319926e-41 1.47832591001527e-40 5.325349055489878e-29 1056
69 4.419159796690824e-41 8.80294194913759e-41 4.71607058459441e-29 683
72 2.502639261845412e-41 5.262607736931042e-41 5.081758354092619e-29 350
75 1.202351806723774e-41 3.879175364127863e-41 5.931194744557401e-29 192
78 3.839910970564683e-42 8.238713026122803e-42 5.572398881195373e-29 44
81 1.539781255087594e-42 3.509870685581501e-42 3.903655592967378e-29 25


3 5.431461166531513e-12 6.295952374245796e-15 195.0156507608528 18
6 3.688715838603047e-13 3.975076828561615e-15 3.095781029506009 62
9 1.445483459163729e-13 1.191886671386564e-14 1.65065535260566 98
12 1.960257080753977e-13 2.286525833388892e-14 0.9666663110034797 210
15 3.114916015203276e-13 6.216684515203505e-14 1.055458123564234 350
18 1.273316024903383e-13 3.423548763768982e-14 0.3304261664682851 450
21 6.044730976002228e-21 2.442685533111692e-21 1.328097304126932e-08 602
24 1.465450425732956e-21 6.342136465199782e-22 2.196825644763934e-09 762
27 1.057580950069401e-21 5.498827180237905e-22 1.025201954232066e-09 1142
30 4.401090604177504e-22 2.868014732759402e-22 3.987283650805263e-10 1250
33 1.232493922472734e-22 9.293847148971184e-23 9.31521758740024e-11 1458
36 7.210447158352109e-24 6.371649289175261e-24 4.362646192120559e-12 1814
39 1.526534476285533e-30 1.423676645065548e-30 7.05600672129398e-19 2178
42 6.210640310382096e-31 6.828336210642983e-31 2.548435832545301e-19 2498
45 2.264747561754455e-31 2.771322409874965e-31 8.668936616884884e-20 2622
48 6.112978645025708e-32 7.919079360706664e-32 1.815187822578667e-20 3191
51 5.313404054554656e-33 7.195848555348691e-33 1.553126049015509e-21 3044
54 3.417608371214072e-35 5.119674885445986e-35 1.10027589687497e-23 2736
57 2.901939279717274e-40 4.862222877493609e-40 1.129816377333023e-28 2276
60 1.710793760977598e-40 2.780290140932338e-40 6.747249542724258e-29 2016
63 1.090232867265923e-40 1.854235409325687e-40 5.069663946902392e-29 1640
66 6.951457551312457e-41 1.257794756360716e-40 4.901021104274528e-29 1056
69 4.199553259061349e-41 9.113784069791515e-41 4.942394953352077e-29 683
72 2.347228652714925e-41 5.548556588837796e-41 5.39202929715468e-29 350
75 1.648031746632636e-41 2.760294145674281e-41 4.929611321044366e-29 192
78 3.230292571476538e-42 8.725014704864518e-42 5.791022423861169e-29 44
81 1.401793010954469e-42 3.709804560476082e-42 4.113284508456038e-29 25


3 5.452351472215034e-12 5.957815547622843e-15 194.5619574527748 18
6 3.74708693414715e-13 4.052373584679037e-15 3.146291435796685 62
9 1.740598434608554e-13 9.348648247016919e-15 1.477117194878276 98
12 2.330330913456382e-13 1.711741689635481e-14 0.8228990063014647 210
15 3.123403257847083e-13 5.4050435568913e-14 0.9634958884017442 350
18 1.314998791458566e-13 3.178732599691489e-14 0.3219119112124737 450
21 7.118472985519463e-21 1.999691971124476e-21 1.176971446250092e-08 602
24 1.422831078756392e-21 6.30599937772916e-22 2.239449667183804e-09 762
27 1.040581161952669e-21 5.348772236990052e-22 1.028006088065336e-09 1142
30 4.672634098763428e-22 2.56972719582075e-22 3.767314763227768e-10 1250
33 1.308206337361599e-22 8.347606260586679e-23 8.821198624790764e-11 1458
36 7.193368382999229e-24 6.062480483226949e-24 4.299096469078745e-12 1814
39 1.505768235697891e-30 1.382341047868103e-30 7.06605866445103e-19 2178
42 6.161147018285653e-31 6.5578963557528e-31 2.53019727549601e-19 2498
45 2.259783074872636e-31 2.647921916514109e-31 8.577536535653385e-20 2622
48 5.877474557364748e-32 7.878390128366717e-32 1.848730386944869e-20 3191
51 5.254730480171488e-33 6.962263872357493e-33 1.551462575320772e-21 3044
54 3.288894157049882e-35 5.122041968679775e-35 1.125714315928496e-23 2736
57 2.886243601120256e-40 4.769622551067547e-40 1.142888887560823e-28 2276
60 1.668498965607938e-40 2.822212165626262e-40 6.994823913789132e-29 2016
63 1.051623631927699e-40 1.899825424783396e-40 5.282818404874424e-29 1640
66 7.042631968033266e-41 1.2579135097115e-40 5.051682025784495e-29 1056
69 4.263900199585224e-41 9.026212940315471e-41 5.058128809176457e-29 683
72 2.503175070531845e-41 5.289419859980642e-41 5.398686348844202e-29 350
75 1.288491160219232e-41 3.749356392006755e-41 6.168326553034316e-29 192
78 3.660283046537896e-42 6.754354320204183e-42 4.985519631338901e-29 44
81 1.512539351054812e-42 3.461374824223063e-42 4.067925604789788e-29 25


3 3.573516898063554e-12 4.470453029427834e-14 218.4586454525377 18
6 1.773528508902657e-13 1.350713349517598e-14 5.042388275792639 62
9 1.428573206522273e-13 1.085395234740733e-14 1.617783896503024 98
12 1.28093661899268e-13 2.798542100503193e-14 1.142537938750464 210
15 2.65574662805899e-13 6.524846582870735e-14 1.14627409397339 350
18 1.296614565310124e-13 3.061619823915142e-14 0.3201965022126239 450
21 6.109400907599809e-21 2.219961904398812e-21 1.300681210346544e-08 602
24 1.455802170487679e-21 5.867346073790513e-22 2.178947986833506e-09 762
27 9.856217254999569e-22 5.367177418959565e-22 1.055705986661041e-09 1142
30 4.467347514270699e-22 2.577825656395117e-22 3.869840327525292e-10 1250
33 1.290944049929837e-22 8.076024824500433e-23 8.824489635524885e-11 1458
36 7.324871991181941e-24 5.710382164156557e-24 4.218889730962942e-12 1814
39 1.474914062280163e-30 1.34596488453682e-30 7.093613840356101e-19 2178
42 6.140418565028254e-31 6.282404353471051e-31 2.510840254017951e-19 2498
45 2.257733454065668e-31 2.53587204213585e-31 8.512818575059743e-20 2622
48 5.65714740444744e-32 7.82029145003202e-32 1.881466369097281e-20 3191
51 5.242954768976595e-33 6.676486104214275e-33 1.541260748402606e-21 3044
54 3.325922142961265e-35 4.835568032184351e-35 1.105926434662154e-23 2736
57 2.961542938035908e-40 4.508561922104305e-40 1.126925908879424e-28 2276
60 1.609057958664475e-40 2.884371568414703e-40 7.284924835581864e-29 2016
63 1.031828487062736e-40 1.906039479925063e-40 5.43331981890161e-29 1640
66 6.858678848997919e-41 1.285559851402025e-40 5.262141633674776e-29 1056
69 4.458355117362887e-41 8.313876305336928e-41 4.908047400924787e-29 683
72 2.499223735737225e-41 5.337426645370243e-41 5.589222058552437e-29 350
75 1.584997271426176e-41 3.017362520128294e-41 5.525215676755395e-29 192
78 2.861930068597541e-42 8.15510811640205e-42 5.664280307079573e-29 44
81 1.492054725601274e-42 3.073787164404916e-42 3.78730507861463e-29 25


3 1.213674773963428e-12 9.142815601315012e-14 261.1900357850329 18
6 8.333725156444131e-14 1.718434742652581e-14 6.047963472671444 62
9 1.070696201975701e-13 1.292903740733567e-14 1.856474608456391 98
12 1.738619955130851e-13 2.211398785777379e-14 1.01884288505224 210
15 3.637849524883914e-13 4.111531482922284e-14 0.8541005545872534 350
18 1.197245453259674e-13 3.185356508358847e-14 0.3406204216834825 450
21 6.395795643067623e-21 1.993629090300888e-21 1.232961509596634e-08 602
24 1.387462519959438e-21 5.864783990025442e-22 2.237842077992223e-09 762
27 1.024739742435317e-21 4.957174810296962e-22 1.02354424400703e-09 1142
30 4.009887345548194e-22 2.739653564470266e-22 4.151306716393061e-10 1250
33 1.180493911196443e-22 8.467375888974704e-23 9.359352290207731e-11 1458
36 7.466460720167762e-24 5.396690188208523e-24 4.158074019657269e-12 1814
39 1.452907925151455e-30 1.303694995207476e-30 7.099690234288356e-19 2178
42 6.135228977618276e-31 6.005507125816396e-31 2.489451399312775e-19 2498
45 2.249632160458654e-31 2.438291708351328e-31 8.477819554148187e-20 2622
48 5.519879120856888e-32 7.663094205300405e-32 1.898305422406965e-20 3191
51 5.172342081074673e-33 6.483020180300835e-33 1.544648251184625e-21 3044
54 3.305699243284362e-35 4.64555654982818e-35 1.099613913693152e-23 2736
57 2.933832507845759e-40 4.42356641926062e-40 1.139787556367084e-28 2276
60 1.627775470698481e-40 2.770363177231807e-40 7.264720072432984e-29 2016
63 1.039568066961925e-40 1.812990703562221e-40 5.373314981167413e-29 1640
66 6.911255414522835e-41 1.241517196393583e-40 5.270342809475481e-29 1056
69 4.300534305719511e-41 8.576980290407665e-41 5.142190741437495e-29 683
72 2.289770661650804e-41 5.577276522132938e-41 5.871662793365098e-29 350
75 1.410228492505559e-41 3.335628867736213e-41 6.005764220314775e-29 192
78 3.650595737290402e-42 6.313591066944006e-42 5.004488280919001e-29 44
81 1.29585069204561e-42 3.788895344200986e-42 4.498554444755915e-29 25


3 3.341821464100006e-14 1.125964845258071e-13 303.3123048194155 18
6 2.153136279674995e-13 9.995843937709516e-15 4.667437463080466 62
9 1.359007589727372e-13 1.06855369059575e-14 1.741579749950971 98
12 2.337481442088977e-13 1.441682560621396e-14 0.8078062603490443 210
15 2.040469299670304e-13 6.90081222889301e-14 1.276142092853977 350
18 1.345502869728479e-13 2.668766676266742e-14 0.3093404417103239 450
21 6.211001401930046e-21 1.959622310219728e-21 1.258889361906391e-08 602
24 1.376842882548745e-21 5.653957752847232e-22 2.245364482168545e-09 762
27 9.820456050930629e-22 4.950656977980668e-22 1.052689645322817e-09 1142
30 4.032017950121291e-22 2.619155741822997e-22 4.129049638309837e-10 1250
33 1.097271462608918e-22 8.68063049731617e-23 9.789632384887454e-11 1458
36 7.390595363237362e-24 5.249579485816428e-24 4.186387716778071e-12 1814
39 1.437703422330052e-30 1.258964200713795e-30 7.09841886009411e-19 2178
42 6.126802462841221e-31 5.736817515508572e-31 2.468519524039889e-19 2498
45 2.230097282905054e-31 2.348787506348537e-31 8.454470861458293e-20 2622
48 5.48674825793044e-32 7.388888415072157e-32 1.894646990879678e-20 3191
51 5.020947570820851e-33 6.401842305832548e-33 1.56651961494261e-21 3044
54 3.098806817464836e-35 4.750395994362141e-35 1.142091075898643e-23 2736
57 2.793890008613691e-40 4.468241726661511e-40 1.173544873516897e-28 2276
60 1.704916107149634e-40 2.529365903499115e-40 6.99290865541989e-29 2016
63 1.045680722601623e-40 1.736166610327227e-40 5.339113754311426e-29 1640
66 6.519668748307601e-41 1.284331011760503e-40 5.512791319976168e-29 1056
69 4.158418575207433e-41 8.39379420961741e-41 5.162359711618007e-29 683
72 2.700306906104571e-41 4.558088980752957e-41 5.296726647967754e-29 350
75 1.404470922260226e-41 3.253712658451907e-41 6.046921411667467e-29 192
78 2.773291304388784e-42 8.194716882004138e-42 5.996249689728845e-29 44
81 1.672260970579341e-42 2.788388644855745e-42 3.819600640811879e-29 25


3 7.62963531343439e-13 9.464065826551737e-14 309.0142840386244 18
6 3.545160306643444e-13 2.929924631905115e-15 2.866080496068465 62
9 1.700857410587691e-13 7.777632930936685e-15 1.50405204506703 98
12 1.309644826321897e-13 2.488498552659126e-14 1.197770419498938 210
15 3.606356063792615e-13 3.92883682219569e-14 0.895170916220299 350
18 1.063047967916132e-13 3.238888373240556e-14 0.3703724336318228 450
21 5.857301579541389e-21 1.975166681130612e-21 1.306258151078498e-08 602
24 1.362214608468899e-21 5.44876373678001e-22 2.254548417753393e-09 762
27 9.244832597200681e-22 4.97151597914001e-22 1.086416198262298e-09 1142
30 4.310712418770576e-22 2.33426050769358e-22 3.901373976603628e-10 1250
33 1.121435091073392e-22 8.14133559649587e-23 9.592203068547714e-11 1458
36 7.048336950070103e-24 5.284211434749603e-24 4.317691806063281e-12 1814
39 1.413200172336786e-30 1.221233929854123e-30 7.119517570169457e-19 2178
42 6.113998277226571e-31 5.497684567697731e-31 2.454631681342127e-19 2498
45 2.207761676200435e-31 2.265357386200471e-31 8.439028357252384e-20 2622
48 5.529220569043078e-32 7.031198115282412e-32 1.873405785353801e-20 3191
51 4.847731364763044e-33 6.352819278117082e-33 1.594409574198185e-21 3044
54 2.828097868449584e-35 4.912246892538577e-35 1.195388814709394e-23 2736
57 2.75627976767399e-40 4.359340845084847e-40 1.180955202905755e-28 2276
60 1.659956963369597e-40 2.509097488115275e-40 7.112381578005202e-29 2016
63 1.032367738572712e-40 1.692959414704805e-40 5.368030746730678e-29 1640
66 6.659675245876906e-41 1.212345977281153e-40 5.435425810039464e-29 1056
69 4.163288614004476e-41 8.114533431922377e-41 5.16995343377468e-29 683
72 2.198992326677064e-41 5.391324107223128e-41 5.998287173086701e-29 350
75 1.58091551324709e-41 2.735764918144554e-41 5.554061800519265e-29 192
78 3.464561442786365e-42 6.458517825466816e-42 5.31464458077845e-29 44
81 1.144225028743379e-42 3.707301735056277e-42 4.580444600438856e-29 25


3 2.777422493197843e-12 5.12168955619697e-14 256.1413076863085 18
6 2.920395433221283e-13 5.64077472275592e-15 3.697519512668822 62
9 1.352375703849654e-13 9.505461309358915e-15 1.772293219802333 98
12 1.481615095846179e-13 2.196537062791307e-14 1.16313507475837 210
15 2.552059980593854e-13 5.409327718869182e-14 1.158257389690911 350
18 1.401806313427886e-13 2.290406191007761e-14 0.2985366412449472 450
21 6.291433517874392e-21 1.772408986118794e-21 1.253888792425595e-08 602
24 1.327096199449999e-21 5.359337396465586e-22 2.303182171931758e-09 762
27 9.915796195268302e-22 4.455496223530119e-22 1.033709613379871e-09 1142
30 4.160468477369493e-22 2.307869191824007e-22 3.98239700342673e-10 1250
33 1.184018572785666e-22 7.357419322221047e-23 9.155676560214947e-11 1458
36 6.593409761056359e-24 5.385323082189586e-24 4.495096855995474e-12 1814
39 1.380118371908189e-30 1.19237074038095e-30 7.176737032992493e-19 2178
42 6.107100325953488e-31 5.268518526776828e-31 2.441866379277019e-19 2498
45 2.183822271931454e-31 2.189829759533878e-31 8.439977838316909e-20 2622
48 5.600417604231845e-32 6.634996146072358e-32 1.841037094792116e-20 3191
51 4.730036586552791e-33 6.238555867952156e-33 1.61158956459493e-21 3044
54 2.683140081656563e-35 4.892936243995017e-35 1.219537073421631e-23 2736
57 2.827663125549333e-40 4.103264655009853e-40 1.160739333345262e-28 2276
60 1.533822250788431e-40 2.651480930237987e-40 7.5600761646149e-29 2016
63 1.017623900366731e-40 1.666525811737746e-40 5.437557553731813e-29 1640
66 6.766871275532312e-41 1.156299912734859e-40 5.390510587127667e-29 1056
69 4.21056169828883e-41 7.935612231646933e-41 5.231106661020048e-29 683
72 2.337966742279028e-41 4.940699900862622e-41 5.801730019307982e-29 350
75 1.213067260547227e-41 3.424174230259687e-41 6.523871872516968e-29 192
78 3.249312945643414e-42 6.822378837206804e-42 5.615726729201905e-29 44
81 1.681096966588624e-42 2.671656900111409e-42 3.910866860448617e-29 25


3 4.630511325191183e-12 1.184415875995573e-14 164.3592062114641 18
6 1.269136646886718e-13 1.301458044950611e-14 6.778454277870193 62
9 9.353114570503987e-14 1.206517939834537e-14 2.25743879519631 98
12 2.233908423510479e-13 1.3188652778918e-14 0.8605117667643948 210
15 2.400505800927432e-13 5.609791221296502e-14 1.263388553208803 350
18 9.395288921496687e-14 3.271940249539673e-14 0.4057971709667482 450
21 5.630180984006982e-21 1.942753107048007e-21 1.394730996245768e-08 602
24 1.315991061885891e-21 5.164353438670389e-22 2.315779038210175e-09 762
27 9.251705766483666e-22 4.587509512038862e-22 1.090500528582738e-09 1142
30 3.842582286877516e-22 2.404319125447047e-22 4.231070913763731e-10 1250
33 1.168970403551047e-22 7.133230446082866e-23 9.203030465873939e-11 1458
36 6.278545729510482e-24 5.375074953572481e-24 4.608130916429405e-12 1814
39 1.349831416872184e-30 1.160450816932356e-30 7.213313940796858e-19 2178
42 6.110936484891444e-31 5.045176210384771e-31 2.427567167300452e-19 2498
45 2.16214582109697e-31 2.118030435162249e-31 8.442946879078165e-20 2622
48 5.668190770501925e-32 6.266809754999073e-32 1.810199833623497e-20 3191
51 4.660778070502836e-33 6.059015759328381e-33 1.615592410469868e-21 3044
54 2.694430416582639e-35 4.658142935974297e-35 1.204301499251114e-23 2736
57 2.894608622835324e-40 3.910144132476957e-40 1.151847329787553e-28 2276
60 1.542001566023196e-40 2.576802230505723e-40 7.605657137533356e-29 2016
63 1.022288691968185e-40 1.640378530807019e-40 5.522852624662444e-29 1640
66 6.664519801333784e-41 1.176456759651883e-40 5.606873029089714e-29 1056
69 4.306598553830665e-41 7.648051651791517e-41 5.238499465030294e-29 683
72 2.707292545657682e-41 4.176938515351272e-41 5.36752019675897e-29 350
75 1.609712483065841e-41 2.620514790273401e-41 5.69165844843879e-29 192
78 2.6046753627657e-42 8.051356099898135e-42 6.373119828520086e-29 44
81 1.35030317675433e-42 3.174286664501325e-42 4.365629759034928e-29 25


3 5.078073469240507e-12 1.111353235368598e-15 111.2485057448909 18
6 9.638296059064386e-14 1.394396695817464e-14 8.121973738363721 62
9 1.254617885973568e-13 9.743413218937747e-15 2.100529658729373 98
12 1.460878311840179e-13 2.092313440743302e-14 1.258989138099623 210
15 3.636922751364242e-13 3.175746079012514e-14 0.8638581027865356 350
18 1.433024739109292e-13 1.998266488932781e-14 0.2919857495923396 450
21 6.36997890090969e-21 1.648971341131538e-21 1.28084261703749e-08 602
24 1.285030894195539e-21 5.06217736842018e-22 2.358930333954259e-09 762
27 8.818155461937028e-22 4.601317224444968e-22 1.127262011885681e-09 1142
30 3.804619417694811e-22 2.322637112068472e-22 4.242867499598066e-10 1250
33 1.073115102183854e-22 7.459916974605169e-23 9.782150798110516e-11 1458
36 6.284373636196614e-24 5.129726368152136e-24 4.567993740877776e-12 1814
39 1.341560083833801e-30 1.120841311940289e-30 7.215932034688266e-19 2178
42 6.086215647941527e-31 4.862682389778813e-31 2.424036019047761e-19 2498
45 2.142920272432537e-31 2.049204309275311e-31 8.446517343890823e-20 2622
48 5.710218057883233e-32 5.956713514069524e-32 1.787928784093039e-20 3191
51 4.625053179494077e-33 5.853337836049387e-33 1.61335628286976e-21 3044
54 2.776435220160434e-35 4.343981851839495e-35 1.171844863523842e-23 2736
57 2.896477110288566e-40 3.825176946463922e-40 1.163609202072734e-28 2276
60 1.673102593032083e-40 2.32863453027335e-40 7.290227004381786e-29 2016
63 1.031494163998333e-40 1.623766857389023e-40 5.641252238855562e-29 1640
66 7.018648117740686e-41 1.118351869497149e-40 5.581308168387152e-29 1056
69 4.129817723135245e-41 7.827891507731622e-41 5.445533691348268e-29 683
72 2.055620094487921e-41 5.31395081656351e-41 6.385184977228282e-29 350
75 1.350728908048547e-41 2.963421118986296e-41 6.21811749956599e-29 192
78 4.053339557496625e-42 5.247353819845627e-42 5.114433935001265e-29 44
81 1.30886631580195e-42 3.581153539724411e-42 4.930138893580841e-29 25


3 3.876449802333682e-12 2.310213002047807e-14 197.5846718253819 18
6 2.315586721463569e-13 7.36064516392183e-15 5.561003796654316 62
9 1.677876110416438e-13 6.391136856983903e-15 1.64940886276864 98
12 1.277463764450967e-13 2.149086945001636e-14 1.367004676730495 210
15 1.653983811762712e-13 6.432628394952442e-14 1.555148197790254 350
18 8.655938942816823e-14 3.199366388210809e-14 0.4335753607238393 450
21 5.18956713596839e-21 1.872266130906543e-21 1.453671773400928e-08 602
24 1.272813968625704e-21 4.890364471557067e-22 2.371058715561262e-09 762
27 9.523714361698104e-22 4.084897813688145e-22 1.060689445337614e-09 1142
30 3.949729147929406e-22 2.133825083290843e-22 4.089044274906714e-10 1250
33 1.023576154459314e-22 7.506219850005116e-23 1.009777007862496e-10 1458
36 6.465501218113871e-24 4.756271728869183e-24 4.426432013891529e-12 1814
39 1.342611240298129e-30 1.077837139724648e-30 7.19088086978226e-19 2178
42 5.964115244336324e-31 4.762824986852826e-31 2.444983018587952e-19 2498
45 2.118622509400278e-31 1.992091616001131e-31 8.473969549168811e-20 2622
48 5.681602371745077e-32 5.719529587219532e-32 1.776311704221008e-20 3191
51 4.579937445438703e-33 5.657829398559372e-33 1.610147391174247e-21 3044
54 2.845679177995823e-35 4.085675380501456e-35 1.147607580055134e-23 2736
57 2.8610563726225e-40 3.754841423196201e-40 1.17501984005465e-28 2276
60 1.701825520023044e-40 2.233076552409095e-40 7.257967267628256e-29 2016
63 1.034170499245587e-40 1.61921633088368e-40 5.784577065683784e-29 1640
66 7.201944652467939e-41 1.083084941975777e-40 5.613402870029498e-29 1056
69 4.129561326042504e-41 7.843204592605713e-41 5.602438242479121e-29 683
72 2.501410635238116e-41 4.438318687353798e-41 5.843584566614898e-29 350
75 1.311288174304723e-41 3.052556896933809e-41 6.523323755617823e-29 192
78 2.611128712736605e-42 7.859282841864018e-42 6.590891630561107e-29 44
81 1.640940015597332e-42 2.349285177085433e-42 3.814044198502371e-29 25


3 1.856550416019244e-12 6.041844866598688e-14 469.320357469917 18
6 3.329087852565031e-13 2.619515494770658e-15 2.974737771856515 62
9 1.32163480143039e-13 8.187053286543991e-15 2.08823965629832 98
12 1.993131529315508e-13 1.343943398133478e-14 1.003326678499585 210
15 3.389362184800621e-13 3.187779888314295e-14 0.9368335985383616 350
18 1.400068776075798e-13 1.870402812977655e-14 0.2977931722635559 450
21 6.114077905464836e-21 1.510317572840727e-21 1.271999071976813e-08 602
24 1.261302379308215e-21 4.766989835069108e-22 2.397308398985244e-09 762
27 8.750688063813756e-22 4.260950305708481e-22 1.126325551885662e-09 1142
30 3.878280645336694e-22 2.080934889972941e-22 4.119400084894623e-10 1250
33 1.064166482111111e-22 6.948063749895252e-23 9.768441489588452e-11 1458
36 6.540418052896113e-24 4.507837302632868e-24 4.359799738352561e-12 1814
39 1.324069194868414e-30 1.052926744926085e-30 7.241913494453473e-19 2178
42 5.743532485285391e-31 4.758164116520734e-31 2.49889385304389e-19 2498
45 2.0630180704919e-31 1.955453100780996e-31 8.54486360703996e-20 2622
48 5.590220471471668e-32 5.574045395047903e-32 1.782371173900077e-20 3191
51 4.504288833239862e-33 5.488952366916803e-33 1.609130041953437e-21 3044
54 2.828866402214232e-35 3.964033017460581e-35 1.148471806722385e-23 2736
57 2.862062600126647e-40 3.637811460698238e-40 1.176167249023767e-28 2276
60 1.61397898686021e-40 2.31895718773403e-40 7.618018572795693e-29 2016
63 1.016266684121087e-40 1.591777934701972e-40 5.841125880981327e-29 1640
66 6.677649805684331e-41 1.15058015746551e-40 5.972376177041771e-29 1056
69 4.319953038156705e-41 7.381098998408336e-41 5.516930266183619e-29 683
72 2.643008718548355e-41 4.297226410945671e-41 5.900627751587072e-29 350
75 1.586749726318979e-41 2.404691448937881e-41 5.733975016080268e-29 192
78 3.472146513320524e-42 5.823844672026693e-42 5.582480651471309e-29 44
81 1.16841040945941e-42 3.005975869118627e-42 4.41250572800625e-29 25


3 3.158601908242841e-13 8.711080481071225e-14 801.6773971805849 18
6 2.621690227009472e-13 5.639163643551847e-15 5.217115667644503 62
9 8.079883276568296e-14 1.133117316269861e-14 2.889696039312312 98
12 1.642155093128397e-13 1.701733605511133e-14 1.248005890729172 210
15 2.470408481454782e-13 4.743428571165115e-14 1.311520839272164 350
18 8.77371619891461e-14 2.950788816001463e-14 0.4348121352592896 450
21 5.049383325568731e-21 1.764694101887675e-21 1.474648859462086e-08 602
24 1.22290285460165e-21 4.701166129966554e-22 2.433638323989032e-09 762
27 8.603103589933981e-22 4.183748059748979e-22 1.139197905933339e-09 1142
30 3.624461385552102e-22 2.148583781146618e-22 4.327844956731295e-10 1250
33 1.096669633707732e-22 6.43971362753644e-23 9.442745828935712e-11 1458
36 6.37177980077751e-24 4.486917534855134e-24 4.450624479541718e-12 1814
39 1.271077055137936e-30 1.051014493260939e-30 7.392909529114702e-19 2178
42 5.490378155103559e-31 4.799922043047622e-31 2.570139520542422e-19 2498
45 1.998413076499378e-31 1.93131874222302e-31 8.64536546422847e-20 2622
48 5.450483846963862e-32 5.48429834806641e-32 1.798424378573808e-20 3191
51 4.43073862625187e-33 5.359158461788624e-33 1.615348281081672e-21 3044
54 2.775600307856771e-35 3.942296164771492e-35 1.170656026330166e-23 2736
57 2.834638240780345e-40 3.532495155311587e-40 1.176376962878224e-28 2276
60 1.529361839128061e-40 2.362913591156802e-40 7.870696771992625e-29 2016
63 1.022492161352685e-40 1.520499961133868e-40 5.776362238839133e-29 1640
66 6.392167948686968e-41 1.155104620492441e-40 6.104171057275925e-29 1056
69 4.22873119466451e-41 7.451063496849312e-41 5.682792416690236e-29 683
72 2.17046592428502e-41 5.061702503384262e-41 6.687771749166474e-29 350
75 1.296604919177665e-41 2.946530023103434e-41 6.644888872328152e-29 192
78 3.385043605492915e-42 5.877096608829357e-42 5.733842721671938e-29 44
81 1.259969928030002e-42 2.508994010292296e-42 3.95484749781851e-29 25


3 1.728733526577334e-13 8.627262466802998e-14 877.5296984516349 18
6 1.213842932211772e-13 1.133700987802102e-14 9.813070748195448 62
9 1.112910481277369e-13 9.153349405864923e-15 2.517823762568566 98
12 1.225957168310723e-13 1.984870331915508e-14 1.451430813143154 210
15 2.188814825400753e-13 4.813325774377026e-14 1.363447168184658 350
18 1.27785346286572e-13 1.948552767834836e-14 0.3227493783171716 450
21 5.948022116828288e-21 1.441530786339739e-21 1.290921299652674e-08 602
24 1.246614574489323e-21 4.41830290503697e-22 2.371995913032881e-09 762
27 8.957052581489767e-22 3.827290638031137e-22 1.086790150940168e-09 1142
30 3.619141961147776e-22 2.064464578722338e-22 4.288186701547558e-10 1250
33 1.044029384893545e-22 6.492585377588748e-23 9.705808315068401e-11 1458
36 6.058711060078015e-24 4.550204547144738e-24 4.596240192194254e-12 1814
39 1.224375694252885e-30 1.045359107023143e-30 7.516797867389149e-19 2178
42 5.25181504168137e-31 4.822686503254687e-31 2.632399347636156e-19 2498
45 1.942152467765428e-31 1.902229652094908e-31 8.721044193920279e-20 2622
48 5.30024989390817e-32 5.409459825430306e-32 1.815947790929806e-20 3191
51 4.33394243516177e-33 5.259687087698973e-33 1.625914675093145e-21 3044
54 2.699450182444686e-35 3.93097230072861e-35 1.193605609569327e-23 2736
57 2.812963665040406e-40 3.437555595014243e-40 1.178395789743276e-28 2276
60 1.515375133435708e-40 2.290434736041784e-40 7.856954572909309e-29 2016
63 1.016235645994085e-40 1.466837129205115e-40 5.74600806747842e-29 1640
66 6.649466752136645e-41 1.066779868169589e-40 5.900844538641093e-29 1056
69 4.139038675126294e-41 7.289018264350454e-41 5.703744233115787e-29 683
72 2.484337385430271e-41 4.271384694567993e-41 6.106986680482481e-29 350
75 1.304682021656911e-41 2.808710591087751e-41 6.568939018953818e-29 192
78 2.566139761385906e-42 7.217231389463862e-42 6.620195183043364e-29 44
81 1.317294785968477e-42 2.184408983104364e-42 3.685354527503541e-29 25


3 1.431627285846583e-12 5.967783338908697e-14 587.2412816534855 18
6 9.512018586020848e-14 1.166380788323625e-14 10.02427544470562 62
9 1.655104473642986e-13 5.235715555528767e-15 1.637764982780613 98
12 1.668251684220301e-13 1.454688206004458e-14 1.146423105329549 210
15 3.202780946224511e-13 3.080285785809162e-14 0.9753158779323889 350
18 9.825544543633092e-14 2.520502978162614e-14 0.3992791067983475 450
21 4.945819281026215e-21 1.6662216971648e-21 1.469830920717585e-08 602
24 1.170157225671729e-21 4.52953070877884e-22 2.465133224381726e-09 762
27 8.446075518547532e-22 3.893378661009466e-22 1.122360932691347e-09 1142
30 3.810216465884189e-22 1.882744345332996e-22 4.076503357214037e-10 1250
33 9.793901671914013e-23 6.628726751341668e-23 1.005066799731901e-10 1458
36 5.921490891084312e-24 4.476752371331295e-24 4.629850588199605e-12 1814
39 1.218173011385534e-30 1.01037168792783e-30 7.472639856056445e-19 2178
42 5.051074015684478e-31 4.822482220328791e-31 2.684225581303395e-19 2498
45 1.912321038261981e-31 1.858713486877872e-31 8.743248366324516e-20 2622
48 5.190589982635017e-32 5.319609787342434e-32 1.829085141916295e-20 3191
51 4.238714872537105e-33 5.162461881587251e-33 1.635049099602082e-21 3044
54 2.625146889052522e-35 3.865722194099014e-35 1.20159977276904e-23 2736
57 2.767656242331117e-40 3.371995881569469e-40 1.184920612150379e-28 2276
60 1.542438027118947e-40 2.167004127693813e-40 7.709516889169795e-29 2016
63 9.879055309546887e-41 1.468377884381283e-40 5.862879615164338e-29 1640
66 6.63890290197718e-41 1.029971110570478e-40 5.870921411019249e-29 1056
69 4.147821854918943e-41 7.128430335281198e-41 5.7401883531547e-29 683
72 2.533020529222651e-41 3.98730196599389e-41 5.942108319493101e-29 350
75 1.568731577315666e-41 2.254941537297126e-41 5.862992399716833e-29 192
78 3.484335454379093e-42 5.310651356426741e-42 5.602712366344077e-29 44
81 1.05044875548766e-42 2.558639958330143e-42 4.084408496088222e-29 25


3 3.2469344428768e-12 2.48245237273195e-14 258.5019125115934 18
6 2.023044458674065e-13 6.529664971392377e-15 5.901713460082725 62
9 1.356771401986222e-13 6.736397049453616e-15 1.930505137257231 98
12 1.714603682981901e-13 1.433443619783112e-14 1.136147514512457 210
15 1.94224159881926e-13 5.074653584726239e-14 1.458594548940015 350
18 1.082239007281832e-13 2.187331867523163e-14 0.3623090349206644 450
21 5.803542057739771e-21 1.405416029099434e-21 1.310873878015075e-08 602
24 1.215098507142501e-21 4.164166379834264e-22 2.34210006530098e-09 762
27 8.36937684852873e-22 3.805520411812503e-22 1.121613972314836e-09 1142
30 3.58003805786674e-22 1.93356433119866e-22 4.233196764553648e-10 1250
33 1.000891112682531e-22 6.254548814103246e-23 9.786095398282616e-11 1458
36 5.988431934943222e-24 4.247898495382227e-24 4.528978472417543e-12 1814
39 1.229988806464773e-30 9.673297098004057e-31 7.37169109051481e-19 2178
42 4.869468656382298e-31 4.799104579210582e-31 2.723238395761022e-19 2498
45 1.905562869859135e-31 1.800654760397071e-31 8.705861685651947e-20 2622
48 5.117592112770619e-32 5.211837041065199e-32 1.836497366858458e-20 3191
51 4.163592821735305e-33 5.055349988719218e-33 1.640417174610209e-21 3044
54 2.573643224838928e-35 3.763491697154526e-35 1.199417979624356e-23 2736
57 2.730699221671001e-40 3.322011858179456e-40 1.19532099274168e-28 2276
60 1.563879469750347e-40 2.094163459865509e-40 7.694162858583102e-29 2016
63 9.626069515554463e-41 1.476053923894377e-40 6.004368565824585e-29 1640
66 6.36573340256369e-41 1.064377141797091e-40 6.139105300678037e-29 1056
69 3.996116776492935e-41 7.14932594993376e-41 5.854927804748373e-29 683
72 2.071333836898068e-41 4.723012856987064e-41 6.746886525064652e-29 350
75 1.330411910891073e-41 2.640918443079228e-41 6.566670685987652e-29 192
78 3.369046006537733e-42 5.531912457036809e-42 5.878994124561377e-29 44
81 1.297416851494242e-42 2.086479390594371e-42 3.709961513950296e-29 25


3 4.490768173787157e-12 2.700839266792016e-15 111.9468337277023 18
6 2.900219179413975e-13 2.911344244536682e-15 3.26533133020299 62
9 7.205617882637719e-14 1.051045954202756e-14 2.681022063545731 98
12 1.341014777797585e-13 1.698462209256411e-14 1.280588230228136 210
15 2.799778245816728e-13 3.248282431762209e-14 1.022187138348737 350
18 1.13699211979927e-13 2.008950054262166e-14 0.3409851039997283 450
21 5.069232625776892e-21 1.555234536456465e-21 1.430419098125716e-08 602
24 1.164423652473273e-21 4.224668623600394e-22 2.402120240849459e-09 762
27 8.402231730068428e-22 3.60991335552082e-22 1.091186795822926e-09 1142
30 3.397209459661645e-22 1.946915290313423e-22 4.316822786685348e-10 1250
33 1.029400724536132e-22 5.83930026155219e-23 9.444068040678251e-11 1458
36 5.991605233071152e-24 4.041068649469457e-24 4.430314285215431e-12 1814
39 1.20575236806897e-30 9.445313828029728e-31 7.361230655036468e-19 2178
42 4.750025781805912e-31 4.710493388987634e-31 2.730841324392888e-19 2498
45 1.891049108146473e-31 1.751894628148844e-31 8.688129163041915e-20 2622
48 5.015989744566784e-32 5.121194392057767e-32 1.845429305384188e-20 3191
51 4.106018612075741e-33 4.922236904526053e-33 1.637400462032455e-21 3044
54 2.529846709903347e-35 3.636861635542233e-35 1.18911363034315e-23 2736
57 2.714194504673479e-40 3.300212976702714e-40 1.215337715277934e-28 2276
60 1.548854416551448e-40 2.092842495243852e-40 7.856347796993806e-29 2016
63 9.691437132818356e-41 1.449782968380265e-40 6.064146502469966e-29 1640
66 6.441524293136051e-41 1.06627218245889e-40 6.305800505890221e-29 1056
69 4.14158121844144e-41 6.881397556194247e-41 5.844917948289607e-29 683
72 2.311828979916726e-41 4.214318176945501e-41 6.402785260179074e-29 350
75 1.233625320311835e-41 2.789754043433377e-41 6.958132212498852e-29 192
78 2.604307464531411e-42 7.04511238077382e-42 6.985728747733272e-29 44
81 1.343447862820506e-42 2.120388605889781e-42 3.866583940678714e-29 25


3 4.437467728229285e-12 4.629095689152523e-15 131.4735245181797 18
6 2.478106502840121e-13 4.978092929913426e-15 4.390568974020493 62
9 9.240708787612642e-14 8.96668498524973e-15 2.296976438710053 98
12 1.401579515155101e-13 1.526605866814228e-14 1.159142039011867 210
15 2.401524206062706e-13 4.026942471199962e-14 1.207253041625002 350
18 8.838586659771991e-14 2.432786751094776e-14 0.3970867140324302 450
21 5.497160179759113e-21 1.331590429561292e-21 1.275794320339686e-08 602
24 1.148138047038698e-21 4.097871228841704e-22 2.366976070328799e-09 762
27 8.363248682776145e-22 3.506564299236242e-22 1.08116761094131e-09 1142
30 3.681181943474114e-22 1.732593785924731e-22 4.007456173487704e-10 1250
33 9.792069053010793e-23 5.881643331398273e-23 9.628413458166345e-11 1458
36 5.868934041942593e-24 3.954156620202381e-24 4.424031451618255e-12 1814
39 1.174112968642256e-30 9.238108345883434e-31 7.346067420497002e-19 2178
42 4.795621115268252e-31 4.498190483319995e-31 2.682093324471649e-19 2498
45 1.838839258102473e-31 1.734755483904831e-31 8.769052633952664e-20 2622
48 4.856260789602765e-32 5.068659321960502e-32 1.86106860450192e-20 3191
51 4.085719620475148e-33 4.758787946958675e-33 1.625422373143445e-21 3044
54 2.514682059776091e-35 3.482919251123393e-35 1.170697912501939e-23 2736
57 2.675303819396535e-40 3.282607543167548e-40 1.234700657784322e-28 2276
60 1.538669664013422e-40 2.072976404510066e-40 7.965818015915909e-29 2016
63 9.954131101310555e-41 1.399370232467584e-40 6.052196974211832e-29 1640
66 6.983232735935573e-41 9.928910119364706e-41 6.172635474196201e-29 1056
69 4.309591756695526e-41 6.512657501569525e-41 5.759970134625008e-29 683
72 2.649425145255922e-41 3.588801921825581e-41 5.920539467908701e-29 350
75 1.440608179332094e-41 2.323058657088817e-41 6.307804097002861e-29 192
78 3.504993073292731e-42 5.131546485175e-42 5.861285124585057e-29 44
81 1.071751010558842e-42 2.674103746319015e-42 4.558040287315542e-29 25


3 3.156286647221185e-12 2.688461402653661e-14 221.455933874443 18
6 1.424966453023658e-13 9.168005921409972e-15 6.432071811117749 62
9 1.587580819035799e-13 4.538025787949149e-15 1.407492248065866 98
12 1.59895773486273e-13 1.347587082009023e-14 1.04989355952666 210
15 2.308265171406907e-13 3.893266485356031e-14 1.170813997962654 350
18 1.247440105551581e-13 1.610507628834969e-14 0.2928474737343357 450
21 4.818741398765809e-21 1.442627196753218e-21 1.360751305419941e-08 602
24 1.193144333233607e-21 3.807551474167424e-22 2.262728088864413e-09 762
27 7.946737587147905e-22 3.562283356865102e-22 1.107182841586066e-09 1142
30 3.483334411632414e-22 1.758023306148737e-22 4.103466217718516e-10 1250
33 9.497772179240263e-23 5.82937152408666e-23 9.69552709136301e-11 1458
36 5.745820398915173e-24 3.869708403928676e-24 4.415352269271901e-12 1814
39 1.196854713007509e-30 8.737489329623152e-31 7.161964963006597e-19 2178
42 4.997423095746106e-31 4.175797704671882e-31 2.58180328086747e-19 2498
45 1.755991545163758e-31 1.743144653598649e-31 8.937337706075901e-20 2622
48 4.694050100541351e-32 5.026503641937084e-32 1.878905001299561e-20 3191
51 4.089693145588077e-33 4.582426276375763e-33 1.608982079658189e-21 3044
54 2.51953076992317e-35 3.339835866942911e-35 1.154822008945699e-23 2736
57 2.64110862578097e-40 3.242446273059658e-40 1.246861402284484e-28 2276
60 1.557834343860074e-40 2.011701769610904e-40 7.961278235194845e-29 2016
63 1.016389498845014e-40 1.365567443856739e-40 6.09047539492209e-29 1640
66 7.301857476927205e-41 9.314545650307061e-41 6.046235306248392e-29 1056
69 4.257971356180517e-41 6.703502762700684e-41 6.015775679842903e-29 683
72 2.230782024822668e-41 4.316950774544002e-41 6.792250393207639e-29 350
75 1.469909294913401e-41 2.280174008470478e-41 6.37950803339399e-29 192
78 3.47819152805176e-42 4.773304785274961e-42 5.654519317208457e-29 44
81 1.213664109865967e-42 2.172998070705055e-42 4.037606072380845e-29 25


3 1.418850069400671e-12 5.460873442162467e-14 297.9159930111729 18
6 1.128608174556633e-13 9.688526813069754e-15 6.387151604707227 62
9 1.451591420191849e-13 5.119097458791477e-15 1.476382417062621 98
12 1.497862515716335e-13 1.393151084158479e-14 1.061553341498337 210
15 2.639009738766731e-13 3.148055098561571e-14 0.9916477837416153 350
18 7.840370724100406e-14 2.476937190444187e-14 0.403644236225227 450
21 5.259826290528621e-21 1.293674066778658e-21 1.265277599435427e-08 602
24 1.067354139971755e-21 4.082611593422486e-22 2.404310116579473e-09 762
27 8.183727682609311e-22 3.300745830928561e-22 1.055372785093005e-09 1142
30 3.264396460612532e-22 1.798568289406957e-22 4.223662404345927e-10 1250
33 9.8369205643493e-23 5.440789949401089e-23 9.340928086249126e-11 1458
36 5.767144896487834e-24 3.726977714028861e-24 4.358667164861156e-12 1814
39 1.235126110871268e-30 8.160515065876615e-31 6.923892741645247e-19 2178
42 5.166773979038978e-31 3.883390838506272e-31 2.4892022590588e-19 2498
45 1.67989210283644e-31 1.746405310121945e-31 9.08632538214867e-20 2622
48 4.610063959795309e-32 4.92892439759702e-32 1.882209793448278e-20 3191
51 4.100531881495205e-33 4.411328355716889e-33 1.592407325064835e-21 3044
54 2.541351619921546e-35 3.207539732930216e-35 1.141538640597323e-23 2736
57 2.613398041826926e-40 3.20161551547183e-40 1.258624039104006e-28 2276
60 1.56079901474316e-40 1.953628728018771e-40 7.944736151429788e-29 2016
63 1.002763833340765e-40 1.34894501107316e-40 6.149738580404922e-29 1640
66 7.005742055846372e-41 9.589908419989194e-41 6.274388715081439e-29 1056
69 4.11810623946502e-41 6.937311537977993e-41 6.288790271073442e-29 683
72 2.051133829405649e-41 4.400240998585233e-41 6.963820853412354e-29 350
75 1.240781727128014e-41 2.670019340874987e-41 7.179057445765736e-29 192
78 2.492401094906037e-42 6.302433170371827e-42 6.765258485546219e-29 44
81 1.309858632483503e-42 1.986974870569664e-42 3.909503420571929e-29 25


3 2.125707179049659e-13 7.138552898020554e-14 323.5989162074156 18
6 1.852541121695723e-13 6.055011926341792e-15 4.57895843137894 62
9 7.235991223775041e-14 9.292107038906025e-15 2.153868398392107 98
12 1.320862244515669e-13 1.452015782435186e-14 1.078756426997126 210
15 2.018438683284937e-13 4.164476438224514e-14 1.228718569222537 350
18 1.219615292534793e-13 1.511533737481146e-14 0.2832736638371943 450
21 4.951800825963213e-21 1.333317754321824e-21 1.303117273017302e-08 602
24 1.208741558792605e-21 3.457974860074501e-22 2.145659345445118e-09 762
27 8.099152669300923e-22 3.226705795907599e-22 1.050955209776989e-09 1142
30 3.551538280355605e-22 1.59481290749921e-22 3.913700078937448e-10 1250
33 9.581027060809281e-23 5.378834478436797e-23 9.392438618089872e-11 1458
36 5.675531635949192e-24 3.670331584718181e-24 4.376819806102017e-12 1814
39 1.20332329916911e-30 8.091880456035973e-31 6.988112854211468e-19 2178
42 5.128083601524452e-31 3.755356267859014e-31 2.467467501954324e-19 2498
45 1.653150474293451e-31 1.709521580802605e-31 9.088164043872124e-20 2622
48 4.62633931167636e-32 4.756360701409092e-32 1.865649512201855e-20 3191
51 4.080203143725693e-33 4.263668058688537e-33 1.579711375201411e-21 3044
54 2.575901230910451e-35 3.062552163101486e-35 1.123925566593893e-23 2736
57 2.561111189485835e-40 3.158170179523297e-40 1.267646936769342e-28 2276
60 1.523709763491427e-40 1.939913976740044e-40 8.039854033735058e-29 2016
63 9.789291320529093e-41 1.324657266348463e-40 6.166656729574376e-29 1640
66 6.603650058657714e-41 9.941170715814033e-41 6.53570494520203e-29 1056
69 4.147629003406797e-41 6.728715960523953e-41 6.281405120807779e-29 683
72 2.459833875709374e-41 3.571144639758482e-41 6.202698975284685e-29 350
75 1.282857049386252e-41 2.489409689542746e-41 6.980437837309733e-29 192
78 2.761583674834316e-42 5.406110983340056e-42 6.207573132054857e-29 44
81 1.030332249501189e-42 2.378600387951491e-42 4.389096873625062e-29 25


3 1.759530306649842e-13 6.845106897841355e-14 301.9924337352062 18
6 2.515660332312051e-13 3.058585791478492e-15 3.269298087849513 62
9 7.088610553466707e-14 9.070077087393258e-15 2.102688485840338 98
12 1.373329773555978e-13 1.378001899361933e-14 1.041172763519914 210
15 2.716963333521051e-13 2.819963963269926e-14 0.9260094866015078 350
18 8.463646337767489e-14 2.198939937635831e-14 0.3717646409844014 450
21 4.978218491272736e-21 1.272697370654783e-21 1.271126509644713e-08 602
24 1.021974576003072e-21 3.945475458688183e-22 2.392238874262399e-09 762
27 7.504195544241492e-22 3.336483806931605e-22 1.089893903245194e-09 1142
30 3.336398963681862e-22 1.626959150000666e-22 4.02279268311999e-10 1250
33 9.09915279809409e-23 5.424080766058849e-23 9.577419731026915e-11 1458
36 5.502229968797209e-24 3.646467404356688e-24 4.420442987303885e-12 1814
39 1.110918443328055e-30 8.408529400283361e-31 7.287262597614363e-19 2178
42 4.919945961675811e-31 3.759716652658839e-31 2.505760228678822e-19 2498
45 1.680947906841467e-31 1.630292750327225e-31 8.926481546573513e-20 2622
48 4.679949528181354e-32 4.551307468745608e-32 1.838677418102271e-20 3191
51 4.031636203737867e-33 4.136459788039297e-33 1.570406634374599e-21 3044
54 2.596525632602805e-35 2.917431110858726e-35 1.103872901302133e-23 2736
57 2.506088133429505e-40 3.11797370118528e-40 1.277059855147826e-28 2276
60 1.471181838114687e-40 1.935511070654185e-40 8.153868072979283e-29 2016
63 9.627852244898627e-41 1.289086034745936e-40 6.143229243379545e-29 1640
66 6.378215951167715e-41 9.883044627542153e-41 6.610080555549825e-29 1056
69 4.259470542778887e-41 6.400617052282415e-41 6.193663750894882e-29 683
72 2.516529349203966e-41 3.389056537371012e-41 6.109626996691471e-29 350
75 1.460523830158522e-41 2.107666591815716e-41 6.405980519921014e-29 192
78 3.321234722729736e-42 4.250200039103074e-42 5.471165155479078e-29 44
81 1.086641845026874e-42 2.149105160968876e-42 4.199636217394706e-29 25


3 1.268541946158975e-12 4.839064463601165e-14 259.5897731765152 18
6 2.19645458768644e-13 4.261883664523369e-15 3.749891116021848 62
9 1.414350153420524e-13 4.601440846273041e-15 1.398414894161235 98
12 1.52669208400713e-13 1.210441430199762e-14 0.9617132345016328 210
15 2.110981848377681e-13 3.617430859302282e-14 1.10881953060293 350
18 1.038318833924903e-13 1.7293920653682e-14 0.3160854246019289 450
21 5.015633637053653e-21 1.231025139972744e-21 1.255827347004077e-08 602
24 1.172628805202129e-21 3.290003279282886e-22 2.116592978933084e-09 762
27 8.175996758407402e-22 2.935605135315462e-22 1.005261137066965e-09 1142
30 3.187534503920233e-22 1.642231419450414e-22 4.110680976922186e-10 1250
33 9.551261450386483e-23 4.998907890031479e-23 9.165091506410374e-11 1458
36 5.518894326760514e-24 3.509233109111313e-24 4.366848296906735e-12 1814
39 1.075848322840026e-30 8.362249823469408e-31 7.373817489584246e-19 2178
42 4.739859529322871e-31 3.7540724443323e-31 2.542310838443333e-19 2498
45 1.734011448462649e-31 1.529330580438536e-31 8.671862771863196e-20 2622
48 4.693176323814934e-32 4.375517421343026e-32 1.81818922959096e-20 3191
51 3.992931754359226e-33 4.015049997553256e-33 1.562926414603548e-21 3044
54 2.63467564563611e-35 2.786408050128992e-35 1.088397083840064e-23 2736
57 2.459502255391032e-40 3.077547905379272e-40 1.287611178059465e-28 2276
60 1.438996464862102e-40 1.926283656604142e-40 8.272578827649267e-29 2016
63 9.470132864672586e-41 1.270616437625353e-40 6.186718560671561e-29 1640
66 6.415991713794101e-41 9.540457197233676e-41 6.569838688495688e-29 1056
69 4.249249751625857e-41 6.253303204015327e-41 6.212517994637594e-29 683
72 2.112155913668137e-41 3.949554503315227e-41 6.835166673304081e-29 350
75 1.376753933966619e-41 2.16595082041702e-41 6.604011394117785e-29 192
78 2.801852043670688e-42 5.033474842313983e-42 6.130267714827581e-29 44
81 1.338233816435572e-42 1.797858014103872e-42 3.90570282649185e-29 25


3 2.838255102338268e-12 2.245629012884239e-14 217.7684626886009 18
6 1.31376275726838e-13 7.725272492312097e-15 5.147360715913173 62
9 1.547722509722889e-13 3.641162996399635e-15 1.24549730324737 98
12 1.401562002630041e-13 1.246426774231761e-14 0.9824823655964525 210
15 2.124210264910449e-13 3.536688712781893e-14 1.109851034635401 350
18 1.021772311451651e-13 1.710155460611208e-14 0.3167663076869323 450
21 4.738056607746035e-21 1.239823320754084e-21 1.278898093604201e-08 602
24 1.023156327315978e-21 3.658599549406086e-22 2.324818748128589e-09 762
27 7.417118586671882e-22 3.127333534775119e-22 1.069919426695002e-09 1142
30 3.407295372760452e-22 1.484007613359595e-22 3.879531620909509e-10 1250
33 9.391708806091331e-23 4.907257055402619e-23 9.194924940998801e-11 1458
36 5.652066607910704e-24 3.289054546728608e-24 4.234557208025425e-12 1814
39 1.119697575961563e-30 7.770207501125461e-31 7.110469543052308e-19 2178
42 4.69354829158294e-31 3.664459627670253e-31 2.541509773045186e-19 2498
45 1.77488010404222e-31 1.439825995467515e-31 8.452264749388819e-20 2622
48 4.638860975691969e-32 4.248708181146305e-32 1.809833743352174e-20 3191
51 3.956079295097735e-33 3.895188808150995e-33 1.555342849775493e-21 3044
54 2.692636837905218e-35 2.674193888768708e-35 1.079467254282485e-23 2736
57 2.442318609494158e-40 3.03043510190187e-40 1.298291456941747e-28 2276
60 1.429456416154963e-40 1.900811575273964e-40 8.357357330311277e-29 2016
63 9.443372581901026e-41 1.26857783321856e-40 6.314476706989521e-29 1640
66 6.42887852599876e-41 9.261271960929301e-41 6.55804523590498e-29 1056
69 4.13448565367407e-41 6.400305666443541e-41 6.440094115105787e-29 683
72 1.969059399992753e-41 4.07202684001117e-41 7.096424657019989e-29 350
75 1.198984790493738e-41 2.373201437458595e-41 7.084441528440223e-29 192
78 2.455033143951825e-42 5.446870856478651e-42 6.552201281907096e-29 44
81 1.215224147265942e-42 2.047367637386208e-42 4.305947400917419e-29 25


3 4.010880263585419e-12 3.939189003293629e-15 189.4890213369713 18
6 1.028805326118872e-13 8.82523286619664e-15 5.725789031108155 62
9 8.575763079441947e-14 7.470482475800774e-15 1.864871363597931 98
12 1.211558826099706e-13 1.375021079961198e-14 1.065927537085131 210
15 2.739066578658392e-13 2.47409515420103e-14 0.8784507571520689 350
18 8.167130706549754e-14 2.025847829959771e-14 0.3646038807096465 450
21 5.020522422405168e-21 1.134484988498367e-21 1.22062391284531e-08 602
24 1.101650852598677e-21 3.269626284843944e-22 2.175336796842357e-09 762
27 7.552960961113545e-22 2.961360945286351e-22 1.045426711907819e-09 1142
30 3.178919463919446e-22 1.526954501709494e-22 4.02964525812337e-10 1250
33 8.607583272805567e-23 5.108162104390756e-23 9.625161073192331e-11 1458
36 5.510212052289173e-24 3.24759794405147e-24 4.269952701986489e-12 1814
39 1.167368551326072e-30 7.175742751785264e-31 6.840724026891565e-19 2178
42 4.708559279136769e-31 3.525314228309772e-31 2.516487100899053e-19 2498
45 1.787554634004542e-31 1.374012088289483e-31 8.321778910706937e-20 2622
48 4.581827467307571e-32 4.127902207927407e-32 1.803185015574997e-20 3191
51 3.923366919643495e-33 3.785639330486369e-33 1.551137912881215e-21 3044
54 2.732970599266497e-35 2.568375800361591e-35 1.070803026196699e-23 2736
57 2.438261599140316e-40 2.98636457108232e-40 1.311387628222989e-28 2276
60 1.430078748634884e-40 1.876853857416809e-40 8.459529947768741e-29 2016
63 9.373051306080464e-41 1.25928059734255e-40 6.411200297768928e-29 1640
66 6.507234534158874e-41 9.156298272592796e-41 6.659462586737768e-29 1056
69 3.974656585913196e-41 6.4291180442706e-41 6.561274879756302e-29 683
72 2.317598929118958e-41 3.535546831390083e-41 6.64049015615501e-29 350
75 1.24838713592852e-41 2.330494047301176e-41 7.186702909852672e-29 192
78 2.760371097234932e-42 4.356310380203764e-42 5.698284826005887e-29 44
81 9.89028016353292e-43 2.358055791478425e-42 4.751433963948137e-29 25


3 4.169433502682184e-12 1.27050602333399e-15 181.6481015710437 18
6 1.741585077587501e-13 6.022604929568259e-15 4.767445754164396 62
9 5.487180877950888e-14 8.959793671968462e-15 2.1623808317789 98
12 1.387078434693509e-13 1.1895798169623e-14 0.991981299865999 210
15 1.753477269190301e-13 3.768802817024006e-14 1.202079527916935 350
18 1.146924799076074e-13 1.338821518959039e-14 0.2780664452425676 450
21 4.458416976037538e-21 1.213061148001748e-21 1.305131771768647e-08 602
24 1.050520188232451e-21 3.315841324511431e-22 2.244393054447406e-09 762
27 7.737887961557911e-22 2.780847739523298e-22 1.018379763968885e-09 1142
30 3.159153206318913e-22 1.490463779930259e-22 4.037287119029511e-10 1250
33 9.129387262847643e-23 4.662653804005798e-23 9.176344126210459e-11 1458
36 5.102961568244618e-24 3.362605079283193e-24 4.458483054909447e-12 1814
39 1.141939873374934e-30 7.05562783364018e-31 6.880673032272956e-19 2178
42 4.692070751160903e-31 3.404243675418673e-31 2.499075900084054e-19 2498
45 1.767845498015489e-31 1.337782570274742e-31 8.312946683202964e-20 2622
48 4.579648869550715e-32 3.979394932958162e-32 1.788939271069804e-20 3191
51 3.892521179745832e-33 3.68627796095651e-33 1.550096145786127e-21 3044
54 2.742169512290257e-35 2.490366432980532e-35 1.068805872880829e-23 2736
57 2.446977563093993e-40 2.926077621485985e-40 1.31963525277681e-28 2276
60 1.458872143715502e-40 1.825882232974034e-40 8.483042676921119e-29 2016
63 9.182211706951271e-41 1.255038638037905e-40 6.516674484661454e-29 1640
66 6.521187732875004e-41 9.186585691493214e-41 6.830535478023578e-29 1056
69 3.9100094215674e-41 6.400584742161056e-41 6.669979660534545e-29 683
72 2.520017162592786e-41 3.268576318661156e-41 6.487968134764494e-29 350
75 1.401421951871392e-41 2.056321922348873e-41 6.795836483496181e-29 192
78 2.870140391270929e-42 4.015428704068724e-42 5.509494054772927e-29 44
81 1.230714251411748e-42 2.019190814635664e-42 4.46929990164661e-29 25


3 3.257606199296769e-12 1.435890905455856e-14 199.4926458147204 18
6 2.582673886389937e-13 2.542713619511385e-15 3.326287846638207 62
9 1.117618625840962e-13 5.42300227620552e-15 1.623118223306013 98
12 1.486450566400316e-13 1.041934708544391e-14 0.9303952945144157 210
15 2.298117318542064e-13 2.886194870187478e-14 1.021411190097696 350
18 7.347748464250478e-14 2.05055649444501e-14 0.3850143387680962 450
21 4.928458656374921e-21 1.061366837752801e-21 1.212503669568725e-08 602
24 1.023679005337638e-21 3.288308676496359e-22 2.279597490158842e-09 762
27 7.042777918860518e-22 2.954218876410833e-22 1.088267465028055e-09 1142
30 3.224831131227111e-22 1.407613741630143e-22 3.953874031118056e-10 1250
33 9.196037046890628e-23 4.470547746330687e-23 9.089283476953238e-11 1458
36 5.130877577420701e-24 3.210946160702586e-24 4.393109481011839e-12 1814
39 1.067044819854537e-30 7.298024012413754e-31 7.184631537903665e-19 2178
42 4.621652689792082e-31 3.33008513486874e-31 2.506769789259398e-19 2498
45 1.709436641496724e-31 1.334772334945076e-31 8.451521799853865e-20 2622
48 4.607705830660368e-32 3.818748545203787e-32 1.771114294544393e-20 3191
51 3.859980913912748e-33 3.58553134371521e-33 1.548221682242417e-21 3044
54 2.697378149132766e-35 2.467415865763889e-35 1.08221395939583e-23 2736
57 2.460379351703081e-40 2.872132287825228e-40 1.330853180358714e-28 2276
60 1.477758283377281e-40 1.773674316610573e-40 8.494859920957054e-29 2016
63 9.327343830192691e-41 1.230104076006582e-40 6.574239632924615e-29 1640
66 6.466705769091569e-41 9.085832634258134e-41 6.916436868891235e-29 1056
69 4.015499717307515e-41 6.246161393657887e-41 6.716739499479508e-29 683
72 2.266804332865313e-41 3.666060513248417e-41 7.120236085480192e-29 350
75 1.402921711907272e-41 2.06555284680135e-41 6.970472670867619e-29 192
78 2.672282528984812e-42 4.464885434960494e-42 6.034808512588222e-29 44
81 1.403654669116116e-42 1.848720236036112e-42 4.393595357410262e-29 25


3 1.774782618162226e-12 3.535141760452378e-14 246.0315982133074 18
6 2.476408860453093e-13 2.371487175387262e-15 3.150260557544501 62
9 1.532929120587602e-13 2.926672782700351e-15 1.195152956214595 98
12 1.203443701044102e-13 1.250743309178916e-14 1.084316286807852 210
15 2.527777461397468e-13 2.514072451704391e-14 0.9537551892257616 350
18 1.071236878110795e-13 1.36280385463845e-14 0.2952769565061197 450
21 4.324675347489775e-21 1.161016459601327e-21 1.327311462593727e-08 602
24 1.072049950449712e-21 3.00852493795464e-22 2.188099434497446e-09 762
27 7.634957412830907e-22 2.636335790048345e-22 1.024134364831712e-09 1142
30 3.057251703671842e-22 1.427033990582084e-22 4.080845131777162e-10 1250
33 8.246723366607355e-23 4.781112220815171e-23 9.746523957170642e-11 1458
36 5.42618032988239e-24 2.926490696996521e-24 4.193901429530735e-12 1814
39 1.021143285821979e-30 7.341697028446912e-31 7.35994790861807e-19 2178
42 4.541514717501136e-31 3.275065311949074e-31 2.52623325475701e-19 2498
45 1.639115310043191e-31 1.338502857883461e-31 8.623370516059822e-20 2622
48 4.586387751357212e-32 3.701674472751383e-32 1.765887632513134e-20 3191
51 3.817005389782772e-33 3.49999418103123e-33 1.550631600382137e-21 3044
54 2.581927912318811e-35 2.481038737331083e-35 1.104130358685352e-23 2736
57 2.46801017523099e-40 2.791500887994831e-40 1.330713301261431e-28 2276
60 1.495634009297989e-40 1.710614555688155e-40 8.451479303343352e-29 2016
63 9.386066933915593e-41 1.196243329138346e-40 6.581735318666666e-29 1640
66 6.470335696169205e-41 8.840723326744102e-41 6.916512531515582e-29 1056
69 4.087436920523725e-41 6.062866174502364e-41 6.724756642558233e-29 683
72 2.036931164812199e-41 3.949487155215654e-41 7.612990786176253e-29 350
75 1.233115561123584e-41 2.313342812785331e-41 7.633985445889898e-29 192
78 2.364569589691134e-42 4.774220161568928e-42 6.372285321463083e-29 44
81 1.275402304610728e-42 2.188768741744808e-42 5.013387302088704e-29 25


3 4.834604767016958e-13 5.308825708567582e-14 312.0135344729298 18
6 1.436833583642391e-13 5.613876102795829e-15 4.853857455189765 62
9 1.08596384239949e-13 5.341316679890394e-15 1.714263684813838 98
12 1.188274863268604e-13 1.238060983843175e-14 1.126148367242965 210
15 1.680573559180469e-13 3.497991610710156e-14 1.252929041715032 350
18 8.6521698481326e-14 1.684950797298619e-14 0.3527274379102743 450
21 4.869672376997841e-21 1.016795288892214e-21 1.242163489659435e-08 602
24 9.581939914662472e-22 3.263716943941092e-22 2.38731333838836e-09 762
27 7.017739739537886e-22 2.75948719606844e-22 1.085496388716962e-09 1142
30 3.113703900306737e-22 1.362004128978281e-22 4.039285536672624e-10 1250
33 8.711189829500623e-23 4.393290396670989e-23 9.365255402326446e-11 1458
36 5.25972937191364e-24 2.938430473310886e-24 4.302125626876742e-12 1814
39 1.044216365227788e-30 6.938030756790851e-31 7.211935446528477e-19 2178
42 4.42619552080286e-31 3.242751780129037e-31 2.558981795602921e-19 2498
45 1.615531062398844e-31 1.311328159003983e-31 8.666370733381449e-20 2622
48 4.495451685210385e-32 3.64722183941004e-32 1.780942734547453e-20 3191
51 3.747808695896255e-33 3.441509907949164e-33 1.561202655174009e-21 3044
54 2.400433427677743e-35 2.5384883770561e-35 1.138580988489329e-23 2736
57 2.464707814306446e-40 2.716813721489738e-40 1.331136579307316e-28 2276
60 1.498418899251274e-40 1.660572130858288e-40 8.443358130741819e-29 2016
63 9.374585752027715e-41 1.164841873308126e-40 6.588751693021449e-29 1640
66 6.495487605220026e-41 8.500634237680432e-41 6.862237477365414e-29 1056
69 4.093580788178321e-41 5.894581242486871e-41 6.724732781427915e-29 683
72 2.177341789562212e-41 3.670148698995735e-41 7.405187041641362e-29 350
75 1.166102337131782e-41 2.310721286090328e-41 7.721212032773166e-29 192
78 2.544305486264591e-42 4.605682198217147e-42 6.407513702195221e-29 44
81 1.168656628160126e-42 2.384993434769573e-42 5.410656608611047e-29 25


3 1.108031018026475e-14 5.868126586699726e-14 369.0509063159784 18
6 5.72790565912334e-14 8.493396344658188e-15 6.97645517144931 62
9 5.575243509183686e-14 8.027227020805213e-15 2.420816738418041 98
12 1.458525524258161e-13 9.487419999082293e-15 0.9728051217527459 210
15 2.279657495970515e-13 2.577348792622972e-14 1.038223236137016 350
18 8.365064713541872e-14 1.678881135921958e-14 0.3648414037803164 450
21 4.29918496139464e-21 1.10109446973031e-21 1.35450712481852e-08 602
24 1.072154401002038e-21 2.785638247593701e-22 2.178282377545665e-09 762
27 7.228152959440153e-22 2.612139943693289e-22 1.069696881440166e-09 1142
30 3.017919316131013e-22 1.348092562279048e-22 4.102771446490316e-10 1250
33 8.862654362701026e-23 4.166535655937489e-23 9.219345716944613e-11 1458
36 4.767074618812703e-24 3.125215467707707e-24 4.601736257720634e-12 1814
39 1.073371922398779e-30 6.501786441941022e-31 7.027032496498785e-19 2178
42 4.289266877440959e-31 3.215629053005481e-31 2.593907979563225e-19 2498
45 1.633853750958986e-31 1.255839030685421e-31 8.576144374431028e-20 2622
48 4.353323139574658e-32 3.635384630186574e-32 1.810332373777388e-20 3191
51 3.639353068907484e-33 3.412923716390485e-33 1.580389822595496e-21 3044
54 2.236410930175362e-35 2.599999472234828e-35 1.177314345149757e-23 2736
57 2.451620643454116e-40 2.63828883890117e-40 1.328562794386281e-28 2276
60 1.493498684926531e-40 1.621340926215472e-40 8.464869202515188e-29 2016
63 9.310807653206641e-41 1.140344165001713e-40 6.612842085194536e-29 1640
66 6.47077348774538e-41 8.272649713859423e-41 6.857287548474088e-29 1056
69 4.045320823941468e-41 5.787575932425555e-41 6.763605970044296e-29 683
72 2.379337769656072e-41 3.218398525099667e-41 6.920222229843806e-29 350
75 1.298932999646169e-41 2.032136910098944e-41 7.238618261859122e-29 192
78 2.889518532774813e-42 3.94572681689896e-42 5.935370530589471e-29 44
81 1.216935357988205e-42 2.141930503628349e-42 5.093403025541703e-29 25


3 5.47458446710074e-13 4.971879669760915e-14 381.9085973894963 18
6 8.373686195626731e-14 7.6970793414162e-15 7.234844467124865 62
9 7.954117930238075e-14 6.352734765835747e-15 2.178773130053401 98
12 1.30224379473958e-13 1.039196005199296e-14 1.082658867903801 210
15 2.333399276569827e-13 2.536303801412244e-14 1.069860235208735 350
18 1.04689092022379e-13 1.246805332550181e-14 0.3024711188704459 450
21 4.609300758873705e-21 1.00540364690235e-21 1.307724631716891e-08 602
24 9.197985839550214e-22 3.1671299658934e-22 2.471294406577458e-09 762
27 7.014760859711701e-22 2.570894742930902e-22 1.083714013473243e-09 1142
30 2.996858928558118e-22 1.312801617943994e-22 4.122069481211221e-10 1250
33 7.963826023386013e-23 4.452545415625866e-23 9.905682849223026e-11 1458
36 4.944161785799186e-24 2.932226133533407e-24 4.489216784216073e-12 1814
39 1.041126587701689e-30 6.443720173506167e-31 7.125042108416504e-19 2178
42 4.254097880790788e-31 3.129640760017303e-31 2.595863142888271e-19 2498
45 1.629553608023599e-31 1.218028674157695e-31 8.562404347914016e-20 2622
48 4.20081581682731e-32 3.639621588930307e-32 1.846606019171092e-20 3191
51 3.534912451702685e-33 3.386371226613592e-33 1.600760213387279e-21 3044
54 2.132587695502001e-35 2.600021778220925e-35 1.197735316495326e-23 2736
57 2.427997299401084e-40 2.569421411811488e-40 1.328413298468663e-28 2276
60 1.487167613113667e-40 1.58648228810518e-40 8.505541474017791e-29 2016
63 9.184445033369035e-41 1.125297939150182e-40 6.683459938389105e-29 1640
66 6.432017706294779e-41 8.131190067058656e-41 6.904317024626451e-29 1056
69 3.99321780277714e-41 5.678614300054782e-41 6.791264823903507e-29 683
72 2.37819564435338e-41 3.120017726949473e-41 6.89928743880468e-29 350
75 1.418648632562218e-41 1.81350110402819e-41 6.890309971584968e-29 192
78 2.935414510031816e-42 3.881690227220367e-42 6.024378743947291e-29 44
81 1.379342276834329e-42 1.806504393631005e-42 4.684975073908536e-29 25


3 1.780800295575871e-12 3.098654442720963e-14 321.5437288801098 18
6 1.974410436043794e-13 3.982577930726452e-15 4.98552737538445 62
9 1.322623527458496e-13 3.304408087401678e-15 1.459576612452653 98
12 1.051011183019987e-13 1.236692034846137e-14 1.305564379037742 210
15 1.766768707329215e-13 3.038299619248432e-14 1.272469576795083 350
18 6.894357315196055e-14 1.828146072840174e-14 0.4181048142372757 450
21 4.435485089267431e-21 1.006782815423481e-21 1.347468298890273e-08 602
24 1.047962764519059e-21 2.646586445172931e-22 2.212970707657807e-09 762
27 6.975874762129098e-22 2.515605685474123e-22 1.094543497407701e-09 1142
30 2.971408463418947e-22 1.27546694197314e-22 4.130443297069493e-10 1250
33 8.463695393630055e-23 4.084277101830781e-23 9.505715409104286e-11 1458
36 5.267137269898043e-24 2.637506351671745e-24 4.242561293858599e-12 1814
39 1.001675325913673e-30 6.4828686900036e-31 7.30773005389607e-19 2178
42 4.315543172033962e-31 2.980862688446533e-31 2.557136235987493e-19 2498
45 1.568431203424445e-31 1.221513604528033e-31 8.745395864721296e-20 2622
48 4.059913307657946e-32 3.629286872087179e-32 1.877453527208772e-20 3191
51 3.511905927686022e-33 3.295994357115922e-33 1.600107763647676e-21 3044
54 2.115141409291129e-35 2.529369816230936e-35 1.196018149774242e-23 2736
57 2.406647607584983e-40 2.520085210915516e-40 1.335389756693456e-28 2276
60 1.483077699176109e-40 1.559624279620621e-40 8.571715943997057e-29 2016
63 9.136871392147233e-41 1.112568526813966e-40 6.76211998221448e-29 1640
66 6.237766099145779e-41 8.038904743630766e-41 6.954831227773167e-29 1056
69 4.000561579224318e-41 5.564994975599154e-41 6.832399901804681e-29 683
72 2.200251657839459e-41 3.318257016722615e-41 7.301877714721769e-29 350
75 1.375602940731926e-41 1.844861647993773e-41 7.08092640707491e-29 192
78 2.495125334908856e-42 4.409693122102067e-42 6.594678277402791e-29 44
81 1.338476222949557e-42 1.753976717826441e-42 4.63725466818017e-29 25


3 3.079783748551e-12 1.169659701667375e-14 201.3798827482503 18
6 2.803166740599449e-13 1.191029240756241e-15 2.640701237792772 62
9 1.254107573164272e-13 3.730890349917497e-15 1.66396639506177 98
12 1.296392908632885e-13 9.884795608042897e-15 1.15673029011538 210
15 2.063542516205088e-13 2.575213264764066e-14 1.166498847418621 350
18 1.02343059551645e-13 1.189190726410516e-14 0.3115741468000554 450
21 4.216388707534285e-21 1.008747929965803e-21 1.389166015545942e-08 602
24 9.011514608835882e-22 3.010406007630607e-22 2.512955388039197e-09 762
27 6.811881411839729e-22 2.476359558931337e-22 1.108282545112986e-09 1142
30 2.903644743171034e-22 1.263111601288269e-22 4.197804325844842e-10 1250
33 8.427790367301686e-23 3.970133193937929e-23 9.520928912722417e-11 1458
36 4.893816696805602e-24 2.7710694891998e-24 4.498019367158966e-12 1814
39 9.92469156411673e-31 6.34783957545817e-31 7.347600801157879e-19 2178
42 4.31146326067665e-31 2.883246522110129e-31 2.54624803915782e-19 2498
45 1.500683400910423e-31 1.228200736470366e-31 8.943827373217181e-20 2622
48 3.993871635225332e-32 3.561494968735746e-32 1.886964234880434e-20 3191
51 3.564776888354782e-33 3.147463472821065e-33 1.578578969273486e-21 3044
54 2.185729076164325e-35 2.386038592300258e-35 1.169426608723161e-23 2736
57 2.390036952134287e-40 2.473538677907242e-40 1.343170601529668e-28 2276
60 1.489414900208714e-40 1.523269852314485e-40 8.603954947446346e-29 2016
63 9.090364629005265e-41 1.114455496129508e-40 6.9141657856562e-29 1640
66 6.193551321288045e-41 7.987174768573858e-41 7.066953543452151e-29 1056
69 3.989198813503869e-41 5.482155468283136e-41 6.894942307259659e-29 683
72 2.086570683221787e-41 3.468664828411496e-41 7.672483693528894e-29 350
75 1.251195738759819e-41 1.969909556277233e-41 7.487809225800004e-29 192
78 2.594300689623382e-42 4.541119776696499e-42 6.939338396696922e-29 44
81 1.26221786583382e-42 1.875902378018923e-42 4.926976727713495e-29 25


3 3.814681181455346e-12 8.321936992783037e-16 88.18018751252447 18
6 2.47133277341489e-13 2.040173572974516e-15 3.531010266877707 62
9 7.560608902235075e-14 6.288874023957456e-15 2.645304356648965 98
12 1.416598227703933e-13 8.360162821228533e-15 1.056801731222445 210
15 2.250394020770283e-13 2.40250951883986e-14 1.150678957893298 350
18 8.027553455371005e-14 1.52536738133398e-14 0.3864003938756211 450
21 4.462799160520688e-21 9.101332457775709e-22 1.315680082055509e-08 602
24 1.010099117138306e-21 2.564571042582303e-22 2.272339981948604e-09 762
27 6.860942245357529e-22 2.37290695935367e-22 1.097491000310165e-09 1142
30 2.889701571609074e-22 1.225170542565053e-22 4.191721492127064e-10 1250
33 7.689639105652197e-23 4.158307703606754e-23 1.005429321531022e-10 1458
36 4.4787170559007e-24 2.884304240542392e-24 4.723506271824583e-12 1814
39 9.779715540862373e-31 6.210199769890875e-31 7.369418799869788e-19 2178
42 4.169199903831149e-31 2.881163180276624e-31 2.592783484206712e-19 2498
45 1.492205624658462e-31 1.1959573608407e-31 8.938045595056375e-20 2622
48 4.032502672409859e-32 3.419607270458917e-32 1.866962448893824e-20 3191
51 3.600474964045985e-33 3.01410608735305e-33 1.559267920257009e-21 3044
54 2.296768196764585e-35 2.201036940650334e-35 1.125216863388077e-23 2736
57 2.371364772200659e-40 2.444311262180392e-40 1.357943710671408e-28 2276
60 1.49325937239347e-40 1.494695698938349e-40 8.662264763004275e-29 2016
63 9.114043127484537e-41 1.109637694469664e-40 7.04528520847801e-29 1640
66 6.296465083686051e-41 7.949941325432391e-41 7.21313293990232e-29 1056
69 3.96118513604519e-41 5.47822069308234e-41 7.030256090451983e-29 683
72 2.24017646908121e-41 3.30381368163332e-41 7.624782712927635e-29 350
75 1.187380302542054e-41 2.088011674596991e-41 7.956718880427729e-29 192
78 2.826881128837996e-42 4.029755677376793e-42 6.547072876138045e-29 44
81 1.072410259860228e-42 1.905742615486704e-42 4.942128244293565e-29 25


3 3.652031557952552e-12 2.7738931842589e-15 98.3632442754058 18
6 1.308322180236815e-13 5.38253742298803e-15 7.819863119238001 62
9 6.377727605623876e-14 6.476705112643463e-15 2.863394617130208 98
12 1.06965062346654e-13 1.100001351623491e-14 1.36033750963674 210
15 1.897171986161972e-13 2.578629429562635e-14 1.242677670761393 350
18 7.868504145063261e-14 1.498808676809551e-14 0.3923955083728495 450
21 3.932704141804844e-21 1.002908844378975e-21 1.454955253619172e-08 602
24 8.973493092169051e-22 2.83014205483426e-22 2.512505060510491e-09 762
27 6.638042587272707e-22 2.384038925843417e-22 1.125915447712611e-09 1142
30 2.870782482934108e-22 1.191157863533463e-22 4.186260207040582e-10 1250
33 8.356691545800284e-23 3.73163847991728e-23 9.45675243814129e-11 1458
36 4.881245431279811e-24 2.559569038303571e-24 4.398537730976734e-12 1814
39 9.734597288114783e-31 6.010571678651283e-31 7.323868191365339e-19 2178
42 4.055541707377416e-31 2.870248854009415e-31 2.633151354326265e-19 2498
45 1.518944952822001e-31 1.139104604767405e-31 8.786063541897985e-20 2622
48 4.073003414837344e-32 3.283918493102196e-32 1.846558009339602e-20 3191
51 3.548772730684019e-33 2.951095356641624e-33 1.562022075257288e-21 3044
54 2.374450404050496e-35 2.050370859170955e-35 1.089809853660677e-23 2736
57 2.372969966849841e-40 2.411769919001047e-40 1.37209287106978e-28 2276
60 1.485736860644129e-40 1.490725218233041e-40 8.820857132406492e-29 2016
63 9.315359732588913e-41 1.07514302176452e-40 7.037675212152014e-29 1640
66 6.278924047475185e-41 7.880636163479072e-41 7.311377768143631e-29 1056
69 4.015559584420426e-41 5.45410612403996e-41 7.172681613507091e-29 683
72 2.465150950016495e-41 2.99388810525596e-41 7.323463635244834e-29 350
75 1.254789949589678e-41 2.063730987264248e-41 8.127988654814173e-29 192
78 2.957496182357062e-42 4.064309748796786e-42 6.791766610125818e-29 44
81 1.137984111670375e-42 2.216131221330305e-42 5.761820932857114e-29 25


3 2.691436686558684e-12 1.557618825046814e-14 299.5940658092074 18
6 4.370151228603763e-14 7.661021354184071e-15 11.20764148438928 62
9 9.981782091019906e-14 4.240233149182038e-15 2.08238575391755 98
12 1.043191114887523e-13 1.097433341233174e-14 1.398286724063511 210
15 1.751392958791859e-13 2.711321354219389e-14 1.326985779738656 350
18 9.946453963065525e-14 1.105407784543783e-14 0.3161931342190367 450
21 4.605805199400824e-21 8.480166538937402e-22 1.306253002006368e-08 602
24 9.71254341579274e-22 2.502181528519033e-22 2.322803138302585e-09 762
27 6.666661132398512e-22 2.283928928889463e-22 1.108740494761087e-09 1142
30 2.812873512358116e-22 1.184546325251553e-22 4.248937918981608e-10 1250
33 7.852278608309303e-23 3.821653363329934e-23 9.79558312701694e-11 1458
36 4.937226090766734e-24 2.424440742826965e-24 4.297336010734635e-12 1814
39 9.918477556150503e-31 5.71975181271514e-31 7.187512633792874e-19 2178
42 4.042070897119415e-31 2.794889293438661e-31 2.62754786322155e-19 2498
45 1.516281368195463e-31 1.103814640362812e-31 8.734404765142246e-20 2622
48 4.013238632696098e-32 3.222055483253775e-32 1.851708758054552e-20 3191
51 3.425840254725771e-33 2.953919799359327e-33 1.587620719749385e-21 3044
54 2.373072755291304e-35 1.98633262342478e-35 1.083939092592447e-23 2736
57 2.331232452979344e-40 2.376987702534492e-40 1.380031605520949e-28 2276
60 1.486522614012708e-40 1.480801623623171e-40 8.957516471534878e-29 2016
63 9.483625232301779e-41 1.061812138103489e-40 7.132348598775096e-29 1640
66 6.365623205039146e-41 7.748250488138451e-41 7.379021827207628e-29 1056
69 4.082547769785066e-41 5.432237706314047e-41 7.319166213811541e-29 683
72 2.430605663384656e-41 3.002242304093812e-41 7.467000583993424e-29 350
75 1.317724543735162e-41 1.878641295733563e-41 7.745883502080532e-29 192
78 2.793110954924742e-42 4.144282027938038e-42 6.955476832631078e-29 44
81 1.273142086454483e-42 2.241774657576344e-42 6.066740186380987e-29 25


3 1.392935814710989e-12 3.237339278408988e-14 546.3275394194737 18
6 6.307133574213107e-14 6.67863010834907e-15 9.946179142186216 62
9 1.197213717255281e-13 3.287327277070598e-15 1.723755536874649 98
12 1.385581495147026e-13 7.793217341467471e-15 1.077255718388135 210
15 2.234598258228513e-13 2.173744898832127e-14 1.13661049119881 350
18 6.557464779851546e-14 1.625322130564369e-14 0.4333520565021854 450
21 3.857186373653761e-21 9.694396521769032e-22 1.468955716408226e-08 602
24 8.934881809088746e-22 2.659193813251747e-22 2.478226014255826e-09 762
27 6.61588059238144e-22 2.234297798090097e-22 1.108492620754785e-09 1142
30 2.769668907810657e-22 1.154554300669307e-22 4.229104615934122e-10 1250
33 7.529788040746568e-23 3.842044662729904e-23 9.987770560056913e-11 1458
36 4.409489472570642e-24 2.644634378029243e-24 4.663310240323966e-12 1814
39 9.512062210676781e-31 5.776085427712027e-31 7.355605116201148e-19 2178
42 4.040394680867856e-31 2.704201024138983e-31 2.605773336683248e-19 2498
45 1.470932530008462e-31 1.096928549529235e-31 8.827155077738e-20 2622
48 3.920927628140622e-32 3.187296781128372e-32 1.865762968223592e-20 3191
51 3.297816560719995e-33 2.971606342976147e-33 1.618908468783722e-21 3044
54 2.289554965156986e-35 1.995955733745896e-35 1.103707245986325e-23 2736
57 2.315032502537663e-40 2.353308246973016e-40 1.395047274502023e-28 2276
60 1.454546215680375e-40 1.479555676862966e-40 9.095708675371505e-29 2016
63 9.430688618304509e-41 1.028743797620623e-40 7.083970263204265e-29 1640
66 6.352466401959751e-41 7.689435117358833e-41 7.478611940501297e-29 1056
69 4.078410398148924e-41 5.325990238336462e-41 7.347941496895596e-29 683
72 2.293105340203649e-41 3.191630769642907e-41 7.915835512564762e-29 350
75 1.357370321811591e-41 1.783567160177864e-41 7.621132659376691e-29 192
78 2.658965210902052e-42 4.219752201747098e-42 7.143263743564311e-29 44
81 1.264051127694444e-42 1.97606187064988e-42 5.57186232055734e-29 25


3 3.471853403788151e-13 4.491406037383874e-14 643.9987972338712 18
6 1.608330856769766e-13 3.610138496950725e-15 5.773705667257072 62
9 9.646772497671355e-14 4.623195484565002e-15 2.229582576050397 98
12 1.275294019558488e-13 8.362508512772253e-15 1.13359912492551 210
15 2.036078951176422e-13 2.174948539533815e-14 1.132326316134676 350
18 9.362438810985531e-14 1.112728531629216e-14 0.3260677119247073 450
21 4.35746405936989e-21 8.363963324425554e-22 1.326640153380159e-08 602
24 9.378988767161698e-22 2.433022553475262e-22 2.338627000973203e-09 762
27 6.351341574272342e-22 2.243558748346558e-22 1.126317899255208e-09 1142
30 2.855165762311109e-22 1.090670588332741e-22 4.111575751639178e-10 1250
33 8.185679317369301e-23 3.424530701903309e-23 9.297405325532544e-11 1458
36 4.474404724506333e-24 2.547665132071019e-24 4.603652492125182e-12 1814
39 9.176044899862101e-31 5.789062078206397e-31 7.475193820590604e-19 2178
42 4.003977523357293e-31 2.640396920598633e-31 2.598861681223218e-19 2498
45 1.445080726531478e-31 1.081142799201015e-31 8.865183513352713e-20 2622
48 3.875583616446792e-32 3.127577685521413e-32 1.868614943049033e-20 3191
51 3.208988633749653e-33 2.964502101606609e-33 1.640807243547203e-21 3044
54 2.16173702731833e-35 2.034100785256085e-35 1.132851110060977e-23 2736
57 2.28464790508506e-40 2.329656626628196e-40 1.406992534254622e-28 2276
60 1.413052361645705e-40 1.477396644514426e-40 9.219020942827653e-29 2016
63 9.354337831917317e-41 1.006192509254369e-40 7.082609621409426e-29 1640
66 6.277785378747887e-41 7.602822112224878e-41 7.538749305551568e-29 1056
69 4.007037205726397e-41 5.16974224604492e-41 7.28971966970222e-29 683
72 2.097325037258505e-41 3.36576400310586e-41 8.308932594743975e-29 350
75 1.362631786616942e-41 1.753616217503912e-41 7.673132862010741e-29 192
78 2.648675798362302e-42 4.168435510573362e-42 7.188072454179148e-29 44
81 1.370402758212307e-42 1.846259853020427e-42 5.475577532020719e-29 25


3 3.834602806899568e-15 4.75706932225367e-14 577.20081112363 18
6 2.403833047018551e-13 1.470276275658638e-15 3.092700177121797 62
9 7.255433919808788e-14 5.55432436296536e-15 2.517288334050719 98
12 9.240184144924003e-14 1.085424167051452e-14 1.382554945649468 210
15 1.44315746413237e-13 2.843717954495614e-14 1.405968625194203 350
18 8.161762642358373e-14 1.277235318878078e-14 0.3629962290846915 450
21 3.999028859254422e-21 8.769114214898894e-22 1.383529011348762e-08 602
24 8.836483518238552e-22 2.511221901542681e-22 2.423401505233645e-09 762
27 6.623782277296588e-22 2.072844080047568e-22 1.071903403912384e-09 1142
30 2.608306279387093e-22 1.149727647771061e-22 4.330361466762332e-10 1250
33 7.40525587550307e-23 3.672293760957242e-23 9.925939584408621e-11 1458
36 4.857886256413551e-24 2.262103510538912e-24 4.271177424803644e-12 1814
39 9.577909717614853e-31 5.397545506804132e-31 7.201640638726579e-19 2178
42 3.931364171466621e-31 2.600435330376404e-31 2.605263329959189e-19 2498
45 1.448515711962109e-31 1.046120851533165e-31 8.780606421228984e-20 2622
48 3.804853047374207e-32 3.079455221010727e-32 1.873612728508901e-20 3191
51 3.154975648168206e-33 2.920351370381368e-33 1.646474328915419e-21 3044
54 2.069173203654485e-35 2.040169637795669e-35 1.149561486824203e-23 2736
57 2.243912560983435e-40 2.29856590920938e-40 1.414165071311015e-28 2276
60 1.372885959531949e-40 1.477564080569795e-40 9.349585175185846e-29 2016
63 9.178609103492848e-41 9.903662794985883e-41 7.099972830481022e-29 1640
66 6.153305556112219e-41 7.489948840453222e-41 7.563124639930955e-29 1056
69 3.949531887021567e-41 5.094990121205042e-41 7.326742094513693e-29 683
72 1.982195316912287e-41 3.439483014044966e-41 8.553309125777585e-29 350
75 1.310335327840657e-41 1.762486175220783e-41 7.802514386748124e-29 192
78 2.760177409172674e-42 3.988847900592611e-42 7.129221028476603e-29 44
81 1.401820432032823e-42 1.71698937046005e-42 5.314290214101674e-29 25


3 4.809775214528226e-13 3.957447456442047e-14 434.7906844550711 18
6 2.334723606458714e-13 2.0039607148362e-15 3.621197846265856 62
9 8.054881068457566e-14 4.646442318383775e-15 2.109619960255099 98
12 1.09036659967804e-13 9.223955946027625e-15 1.202109305497681 210
15 2.198847974480003e-13 1.967618180537316e-14 1.05910974068854 350
18 6.899366562882913e-14 1.426643901708656e-14 0.3971477398434398 450
21 3.946767055178664e-21 8.646407740096444e-22 1.379191301705457e-08 602
24 9.113699437404527e-22 2.353553880667311e-22 2.32177222763709e-09 762
27 6.081016364510236e-22 2.188399340136316e-22 1.1283201567897e-09 1142
30 2.818812417045985e-22 1.023051604415649e-22 4.003410300863039e-10 1250
33 7.449870888839799e-23 3.537342579659527e-23 9.759351604036032e-11 1458
36 4.523821818896938e-24 2.373608473859072e-24 4.484650803275304e-12 1814
39 9.408280351044545e-31 5.312386468476551e-31 7.20930755139354e-19 2178
42 3.923230178328259e-31 2.516127747602207e-31 2.576121421465921e-19 2498
45 1.442306196491968e-31 1.016840428374128e-31 8.718295938877663e-20 2622
48 3.703251363599292e-32 3.045962873186257e-32 1.882542100811978e-20 3191
51 3.131731452968875e-33 2.850518986618879e-33 1.640616076021902e-21 3044
54 2.074570963301428e-35 1.958246304362929e-35 1.131215156298137e-23 2736
57 2.2001998573124e-40 2.265752927410117e-40 1.418986271490281e-28 2276
60 1.325286311855993e-40 1.486317490272647e-40 9.519778736536837e-29 2016
63 9.093835161902489e-41 9.837700845472957e-41 7.184098798254043e-29 1640
66 6.099419530444736e-41 7.379759696462459e-41 7.599110227959346e-29 1056
69 3.885347594573656e-41 5.009490742406684e-41 7.335360735310034e-29 683
72 2.003340632455121e-41 3.331536479236698e-41 8.49928708031759e-29 350
75 1.262587017065329e-41 1.794577391473209e-41 8.008681370811049e-29 192
78 2.782162183491867e-42 3.728235348775938e-42 6.900802556340531e-29 44
81 1.353928121553191e-42 1.729470841446557e-42 5.408144075480089e-29 25


3 1.53302338236859e-12 2.490341434111391e-14 290.4758757255726 18
6 1.582749502682157e-13 4.224379121300675e-15 5.594959464129034 62
9 9.760821284134172e-14 3.635662137635238e-15 1.711475833323411 98
12 1.382548936587095e-13 6.777819231972026e-15 0.9459310715173498 210
15 2.180445594999669e-13 1.816345317439877e-14 0.983470999868209 350
18 9.630603131793486e-14 9.589268271044648e-15 0.2954705202394952 450
21 4.276467157173923e-21 7.65501671483699e-22 1.260864162439093e-08 602
24 8.725033233620746e-22 2.389629645663463e-22 2.367915430932108e-09 762
27 6.546519763063294e-22 1.964792468307307e-22 1.048495526888457e-09 1142
30 2.642653768308047e-22 1.0662364175563e-22 4.177215858691961e-10 1250
33 7.977824179254644e-23 3.189262812903933e-23 9.139752185177044e-11 1458
36 4.229338107322268e-24 2.444929127521916e-24 4.635042450939186e-12 1814
39 8.892705459523039e-31 5.396405158178898e-31 7.37163660468802e-19 2178
42 3.971819802640397e-31 2.4143002533059e-31 2.533530711056623e-19 2498
45 1.419471580602969e-31 9.988891643083985e-32 8.715608010436209e-20 2622
48 3.716806501327388e-32 2.932028235273977e-32 1.855106242216214e-20 3191
51 3.103675168592689e-33 2.777170051552766e-33 1.6310837362028e-21 3044
54 2.170283634167763e-35 1.815850568327413e-35 1.088928506471321e-23 2736
57 2.174634450842862e-40 2.231918405512808e-40 1.423893957925356e-28 2276
60 1.286584742135141e-40 1.493089032483805e-40 9.687029233811962e-29 2016
63 8.867278880800258e-41 9.796507779190819e-41 7.258699752603809e-29 1640
66 6.041582796883202e-41 7.2796822129171e-41 7.64355252154681e-29 1056
69 3.831159760170694e-41 5.006823135899908e-41 7.449660249921098e-29 683
72 2.128907294433904e-41 3.164666893497183e-41 8.374757840169045e-29 350
75 1.241921668843411e-41 1.815789616430004e-41 8.198342092256316e-29 192
78 2.874663642254356e-42 3.624741715045653e-42 6.936701964789319e-29 44
81 1.285101984852664e-42 1.8590159688577e-42 5.749336981246738e-29 25


3 2.67764968632991e-12 1.010083372392938e-14 194.0434691646939 18
6 8.972273644373091e-14 5.762269210367312e-15 6.621126078368103 62
9 9.54024704819516e-14 3.949006525819887e-15 1.791202873264518 98
12 1.150813316346159e-13 8.312940583263703e-15 1.078300499397804 210
15 1.214206462134017e-13 2.887779885925036e-14 1.396868135889343 350
18 6.649872815120763e-14 1.391176671806669e-14 0.3889807864334721 450
21 3.534995687103757e-21 8.914082333612247e-22 1.421815139423886e-08 602
24 8.934213687898404e-22 2.255310346816312e-22 2.278831458094127e-09 762
27 5.997408577559011e-22 2.08638536409861e-22 1.107161049561727e-09 1142
30 2.563399857947264e-22 1.054843336220777e-22 4.177250615930107e-10 1250
33 7.053196923290013e-23 3.506642086970172e-23 9.9165205023784e-11 1458
36 4.603902956942528e-24 2.168016829224243e-24 4.286808830605203e-12 1814
39 9.263474588037551e-31 5.048256154653583e-31 7.111633292496342e-19 2178
42 3.826837671911381e-31 2.430375782429768e-31 2.577278615787107e-19 2498
45 1.404714075096358e-31 9.769727872357904e-32 8.685750849368269e-20 2622
48 3.847026502726417e-32 2.741619266533599e-32 1.792531212362416e-20 3191
51 3.090224474893536e-33 2.695207580078429e-33 1.617100269966818e-21 3044
54 2.243925209725001e-35 1.699445777610783e-35 1.055876030208146e-23 2736
57 2.177951121709315e-40 2.196236089935517e-40 1.43078673379786e-28 2276
60 1.271051300105475e-40 1.497001956201123e-40 9.868024599772119e-29 2016
63 8.78611950875156e-41 9.782360733508654e-41 7.370748844593562e-29 1640
66 6.01870666930351e-41 7.222040896396027e-41 7.728855835514268e-29 1056
69 3.768794219944457e-41 4.980310589609513e-41 7.535931408033194e-29 683
72 2.250888955937286e-41 2.985439433227495e-41 8.212535636126027e-29 350
75 1.244972595671113e-41 1.83372914903823e-41 8.43182327894687e-29 192
78 2.836143245360254e-42 3.738351678769088e-42 7.199150220406783e-29 44
81 1.218986612195685e-42 1.831595614043408e-42 5.723338131706802e-29 25


3 3.415820865664495e-12 1.173270835077889e-15 156.6288036767689 18
6 8.280127746219994e-14 5.292995367539058e-15 5.918763606572481 62
9 8.462001036420755e-14 4.518689134052846e-15 1.941544236591024 98
12 8.728445331072962e-14 9.951458154167179e-15 1.215444938214715 210
15 2.082139656670072e-13 1.864562624867521e-14 1.007311390104219 350
18 7.954407848468227e-14 1.13935464731788e-14 0.3358516504205674 450
21 4.403687182541656e-21 6.924684316982382e-22 1.184322633313769e-08 602
24 8.503940136986048e-22 2.297815580157944e-22 2.329593288154408e-09 762
27 6.336283771546385e-22 1.914921292180968e-22 1.046848416519087e-09 1142
30 2.823690518671216e-22 9.311669099926246e-23 3.852593317397488e-10 1250
33 7.393751183612956e-23 3.243709425984877e-23 9.451483838605254e-11 1458
36 4.502733402581295e-24 2.129011147659458e-24 4.275037986275247e-12 1814
39 9.196338159431537e-31 4.932282068429806e-31 7.079331164235197e-19 2178
42 3.64453647931662e-31 2.460053088704728e-31 2.629933767343977e-19 2498
45 1.405535264212259e-31 9.468081041314198e-32 8.602075427342936e-20 2622
48 3.889361801700608e-32 2.62172076788178e-32 1.759982489293517e-20 3191
51 3.139054454962404e-33 2.569278785095653e-33 1.583894924188644e-21 3044
54 2.193926625045895e-35 1.690328805685622e-35 1.065759552205849e-23 2736
57 2.210215327281151e-40 2.153695065590673e-40 1.435911023665722e-28 2276
60 1.26557452440333e-40 1.480287110485386e-40 9.946011643281711e-29 2016
63 8.750626622385738e-41 9.844602362048978e-41 7.539519524965294e-29 1640
66 6.012888795474451e-41 7.197519130001282e-41 7.849997092967219e-29 1056
69 3.729496251499533e-41 4.973511399193626e-41 7.651370100865467e-29 683
72 2.270573312014794e-41 2.899824461589782e-41 8.176100649621374e-29 350
75 1.260100965990266e-41 1.801328752574389e-41 8.481812588072039e-29 192
78 2.684161310531855e-42 4.048395681154113e-42 7.730699180272811e-29 44
81 1.229517129955808e-42 2.100916077351175e-42 6.526197738664246e-29 25


3 3.443030847507992e-12 1.20781099359625e-15 165.7002496645959 18
6 1.270370453014673e-13 3.577775677216612e-15 4.477595579880007 62
9 8.505368946312909e-14 4.131960565738869e-15 1.794130944203841 98
12 1.086812301414414e-13 8.085671233276166e-15 1.043192283757087 210
15 2.308348654391939e-13 1.50136954085896e-14 0.8619791013484722 350
18 8.752437635549229e-14 9.937717633456428e-15 0.3055636571550093 450
21 3.435224343427191e-21 8.630723060929319e-22 1.401758757646607e-08 602
24 8.855684649455982e-22 2.139369595675366e-22 2.225113620511496e-09 762
27 6.030958871979551e-22 1.951881529914572e-22 1.072654599766579e-09 1142
30 2.353069431558159e-22 1.077486013353204e-22 4.338642200907931e-10 1250
33 7.700304479737535e-23 2.996347250266482e-23 9.020535806532789e-11 1458
36 4.092017786852122e-24 2.280745342330691e-24 4.553683482775259e-12 1814
39 8.547284281813594e-31 5.109114651375833e-31 7.344301732893174e-19 2178
42 3.771264297192791e-31 2.306499635976988e-31 2.542364361124745e-19 2498
45 1.401574988304339e-31 9.226006711954753e-32 8.558021256766794e-20 2622
48 3.754750198400974e-32 2.641620834021695e-32 1.792249078419035e-20 3191
51 3.214147482783897e-33 2.434958113462327e-33 1.546941576918276e-21 3044
54 2.023662812254956e-35 1.783681040785609e-35 1.11901840675053e-23 2736
57 2.250697187947576e-40 2.093629269192838e-40 1.43179745385817e-28 2276
60 1.303590438594147e-40 1.436339453344287e-40 9.917777094377243e-29 2016
63 8.837487624283651e-41 9.887680085374369e-41 7.720238066531978e-29 1640
66 5.927880048776476e-41 7.167056672997424e-41 7.945122897886031e-29 1056
69 3.777240559435106e-41 5.050818798686697e-41 7.910886399658227e-29 683
72 2.334144850045107e-41 2.829141014015447e-41 8.207870139653859e-29 350
75 1.252294193745637e-41 1.729917892985885e-41 8.350117362506084e-29 192
78 2.572885175259353e-42 4.199174220221748e-42 8.068743919185492e-29 44
81 1.172403801939929e-42 1.946879858970736e-42 6.198614763987649e-29 25


3 2.766697094744927e-12 9.391801776144733e-15 200.022537196684 18
6 1.693428004150389e-13 2.381501540565614e-15 3.637758019914537 62
9 8.868976792631033e-14 3.550182631232475e-15 1.600234376686973 98
12 1.316375502436162e-13 6.413664312686423e-15 0.8982797584793831 210
15 1.111537147359155e-13 2.804226903722904e-14 1.359782941634136 350
18 6.138463968318701e-14 1.346213660967978e-14 0.383457928902851 450
21 4.184505350934804e-21 6.966371843972477e-22 1.209743815575982e-08 602
24 8.208658666240921e-22 2.228120852349573e-22 2.316603731364062e-09 762
27 6.050658876906372e-22 1.88530515477379e-22 1.056136151396808e-09 1142
30 2.807715147889243e-22 8.772315973421974e-23 3.769671057585843e-10 1250
33 6.731051681917248e-23 3.3392942356632e-23 9.894494127967692e-11 1458
36 4.330399380303692e-24 2.088215344990934e-24 4.318705540015857e-12 1814
39 8.94473775627275e-31 4.75503098077957e-31 7.064763624894704e-19 2178
42 3.900271537288363e-31 2.150210470344465e-31 2.450055821944673e-19 2498
45 1.359102551345508e-31 9.231876621101584e-32 8.674194399289563e-20 2622
48 3.546011066290566e-32 2.720253412785357e-32 1.853760671638859e-20 3191
51 3.201359051141735e-33 2.365471654886698e-33 1.536280453993065e-21 3044
54 1.868255686158503e-35 1.856767409872229e-35 1.164469737530205e-23 2736
57 2.278033252046847e-40 2.039615489761722e-40 1.429624354456324e-28 2276
60 1.341575985760033e-40 1.384208684041986e-40 9.834942501550277e-29 2016
63 8.89068284195878e-41 9.798794072181918e-41 7.810326462510036e-29 1640
66 5.936572178829572e-41 7.036237055144454e-41 7.970442005325587e-29 1056
69 3.800604628105123e-41 5.111483414366476e-41 8.14334032224991e-29 683
72 2.349363925209892e-41 2.818020825662299e-41 8.345642101540627e-29 350
75 1.223138839142049e-41 1.709774443913763e-41 8.389471560175417e-29 192
78 2.677381111802184e-42 4.138326632980898e-42 8.170802827923323e-29 44
81 1.219093843617451e-42 1.778710454522667e-42 5.905658327873304e-29 25


3 1.684108087155923e-12 2.174109102188796e-14 240.2067043147108 18
6 1.719536685205966e-13 2.642481767712983e-15 3.928259376152625 62
9 8.120337697116226e-14 3.855301920016253e-15 1.693015471743865 98
12 1.107546680177514e-13 7.669343033925724e-15 1.011974920557745 210
15 1.88460765387506e-13 1.870039634031856e-14 1.02053352731563 350
18 8.649752244504409e-14 9.33803124944224e-15 0.2979272430515042 450
21 3.746654540352375e-21 7.571817055966621e-22 1.296228312293065e-08 602
24 8.801841929979262e-22 2.022674587792817e-22 2.182004244285564e-09 762
27 6.054714625367698e-22 1.821232025324268e-22 1.042483752518192e-09 1142
30 2.416254059244657e-22 9.92712163580987e-23 4.183500572980173e-10 1250
33 7.34051531974191e-23 2.954899428836045e-23 9.148846319466633e-11 1458
36 4.446217329718455e-24 1.965472538113073e-24 4.190456701135763e-12 1814
39 9.064083533674736e-31 4.54034385934361e-31 6.929491201117472e-19 2178
42 3.727749627999961e-31 2.188172814759791e-31 2.514484394726157e-19 2498
45 1.31296093163701e-31 9.219923242022399e-32 8.77803831386453e-20 2622
48 3.426769364122685e-32 2.726032814834153e-32 1.8816827223479e-20 3191
51 3.110245428779009e-33 2.348911731845456e-33 1.547955621375883e-21 3044
54 1.864225138872391e-35 1.81324586976977e-35 1.161679390825398e-23 2736
57 2.293704643862426e-40 1.997840632248917e-40 1.43262313726822e-28 2276
60 1.390790418376955e-40 1.321073285898019e-40 9.693261838168366e-29 2016
63 8.934177437307067e-41 9.609010182102807e-41 7.832200989013042e-29 1640
66 5.919130199544418e-41 6.981362476174242e-41 8.06134933035871e-29 1056
69 3.770777285101987e-41 5.143335359457947e-41 8.329772961307092e-29 683
72 2.365007440506398e-41 2.733137206615765e-41 8.29727366273108e-29 350
75 1.21471791661459e-41 1.692646227004915e-41 8.463373294454014e-29 192
78 2.542141701714367e-42 4.172473943214661e-42 8.319884867849233e-29 44
81 1.318789176975581e-42 1.578493674728247e-42 5.566578998632529e-29 25


3 6.455233380831587e-13 3.296052217561328e-14 274.8291067112716 18
6 1.448058795182237e-13 3.724210723248196e-15 4.805771193630836 62
9 7.426073666842532e-14 4.361369875016303e-15 1.876935269308261 98
12 8.675510003186126e-14 8.836441250597654e-15 1.122052973857895 210
15 2.374280157735916e-13 1.2599977183972e-14 0.7904849669606968 350
18 7.559199131906914e-14 1.070777102919186e-14 0.3313641913785441 450
21 3.591973048192981e-21 7.603031465485653e-22 1.319100902638967e-08 602
24 7.93222579327289e-22 2.168535491843479e-22 2.329992570285432e-09 762
27 5.798019037898241e-22 1.848803723322376e-22 1.069120046609719e-09 1142
30 2.53941855352476e-22 9.200552824506372e-23 4.008618508838823e-10 1250
33 7.391558573284212e-23 2.853900271944809e-23 9.059631778643535e-11 1458
36 4.033567822040587e-24 2.119472581157777e-24 4.494957223928367e-12 1814
39 8.334500797578891e-31 4.780214283376471e-31 7.289596531412609e-19 2178
42 3.51036908366594e-31 2.266131452795197e-31 2.616876400389277e-19 2498
45 1.341808927885836e-31 8.743988978633032e-32 8.573550027840275e-20 2622
48 3.514374213245095e-32 2.581688363633153e-32 1.836576191137077e-20 3191
51 3.051698347386113e-33 2.321771675040451e-33 1.556799040835899e-21 3044
54 1.984137787366746e-35 1.682442178893751e-35 1.121447596401872e-23 2736
57 2.270776364753648e-40 1.975432368816137e-40 1.443820322285164e-28 2276
60 1.420571414184774e-40 1.274994153317208e-40 9.629695607965259e-29 2016
63 8.927957339427352e-41 9.456286491409208e-41 7.875125386980267e-29 1640
66 5.890291446332066e-41 6.858248125722724e-41 8.083745183698934e-29 1056
69 3.754603482006057e-41 5.056272074697994e-41 8.364014412099316e-29 683
72 2.356682626242525e-41 2.649417598742906e-41 8.238433794593972e-29 350
75 1.202578164472557e-41 1.662103359697156e-41 8.479737189901541e-29 192
78 2.697916032109654e-42 3.728413293431187e-42 7.793662410252422e-29 44
81 1.424703622706331e-42 1.329472080175331e-42 5.102036484339849e-29 25


3 6.215737459162704e-14 3.858704773765246e-14 297.9944042346498 18
6 1.254151753246786e-13 4.285787725936099e-15 5.325932861176165 62
9 8.486530625488334e-14 3.850238733710874e-15 1.77584044669481 98
12 1.002311621198878e-13 7.693541718130783e-15 1.040637411554985 210
15 1.134231467677604e-13 2.602724496314844e-14 1.336883486528193 350
18 6.342088502855422e-14 1.205861232556242e-14 0.3678481315459987 450
21 4.106920980342133e-21 6.356197150730867e-22 1.175428664210634e-08 602
24 8.744117749374811e-22 1.912379028470758e-22 2.158275758149597e-09 762
27 6.029420453339288e-22 1.717106943191099e-22 1.028571710702497e-09 1142
30 2.608331463308411e-22 8.635590386550713e-23 3.889378384481347e-10 1250
33 6.374173843151225e-23 3.203569221846568e-23 1.002182539912978e-10 1458
36 4.127716149650268e-24 2.011573425695879e-24 4.392303571444091e-12 1814
39 8.5182971903441e-31 4.566346118290451e-31 7.165050726233503e-19 2178
42 3.506516407048428e-31 2.190717221694269e-31 2.590499005745373e-19 2498
45 1.388017232340328e-31 8.19610941759834e-32 8.320083036604799e-20 2622
48 3.683109610748885e-32 2.390754650415471e-32 1.767876918699911e-20 3191
51 3.037555331755356e-33 2.271380274989519e-33 1.556616684492766e-21 3044
54 2.062314853928388e-35 1.579650091772343e-35 1.091676326492835e-23 2736
57 2.228189816971323e-40 1.957700787881187e-40 1.455461833036823e-28 2276
60 1.427756424811324e-40 1.236322295986145e-40 9.575964708065161e-29 2016
63 8.907984594240211e-41 9.242470021793861e-41 7.870691024105064e-29 1640
66 5.913367841779964e-41 6.703860906406831e-41 8.086660498526392e-29 1056
69 3.776299632362751e-41 4.933971259153445e-41 8.361390444719807e-29 683
72 2.353927421737713e-41 2.589547838516323e-41 8.242384659480999e-29 350
75 1.228469421752039e-41 1.623186508582003e-41 8.497088703423161e-29 192
78 2.788531219402594e-42 3.401529250093708e-42 7.436129058174758e-29 44
81 1.425039541201379e-42 1.292851052401492e-42 5.073071544529267e-29 25


3 1.442307508741385e-13 3.660305732959355e-14 303.1445039593547 18
6 1.345771317683455e-13 3.70444487016903e-15 4.979196332152878 62
9 9.897470522544268e-14 2.866501512258417e-15 1.499863384266654 98
12 1.222520381844182e-13 6.278548848358928e-15 0.9359571730483879 210
15 1.664693799751392e-13 1.924451012898618e-14 1.093791656481978 350
18 8.696303483079936e-14 8.381497662265429e-15 0.2897869210231488 450
21 3.181105412732829e-21 7.934360736345382e-22 1.411131240297399e-08 602
24 7.660084671077653e-22 2.109336670084396e-22 2.363784392251101e-09 762
27 5.613417943531646e-22 1.797598415853859e-22 1.08358911315487e-09 1142
30 2.288348731306361e-22 9.563964422536796e-23 4.267749900511565e-10 1250
33 7.488344773949918e-23 2.62023574498903e-23 8.780731193814556e-11 1458
36 4.381697672923101e-24 1.834442857295139e-24 4.178502795105825e-12 1814
39 8.768524172010876e-31 4.284855171678058e-31 6.954110113768964e-19 2178
42 3.735567784946779e-31 1.982172133906296e-31 2.44958450871153e-19 2498
45 1.328956909179504e-31 8.313678817740361e-32 8.530436982999757e-20 2622
48 3.633899288087226e-32 2.347621240753855e-32 1.771762214278414e-20 3191
51 2.984749095497844e-33 2.243556698900143e-33 1.566351254894018e-21 3044
54 2.008159959294861e-35 1.574400810970567e-35 1.104821753182188e-23 2736
57 2.193510017049966e-40 1.933535030571159e-40 1.464624559236997e-28 2276
60 1.414196961627556e-40 1.215172891984934e-40 9.61115308658361e-29 2016
63 8.874320843927129e-41 9.043704475647674e-41 7.873300380317024e-29 1640
66 5.9211949542486e-41 6.502914923022085e-41 8.0407844542777e-29 1056
69 3.761411471068191e-41 4.802616462192018e-41 8.321373323525016e-29 683
72 2.33278655597613e-41 2.53876146706419e-41 8.244444640563233e-29 350
75 1.244777687892528e-41 1.555278159620095e-41 8.386632205854939e-29 192
78 2.860967569407072e-42 3.124688410320344e-42 7.136521861819143e-29 44
81 1.308176819614202e-42 1.375829021904379e-42 5.288252485146732e-29 25


3 8.288092174028582e-13 2.801891902240853e-14 285.3120660018594 18
6 1.555256067297885e-13 2.627812335095807e-15 4.153990620849905 62
9 8.911818331159085e-14 2.990009443468637e-15 1.553177903259331 98
12 1.137329520094318e-13 6.602150869451693e-15 0.9894829706412754 210
15 2.34919590287015e-13 1.114960798330194e-14 0.7704467888126926 350
18 6.628283947799209e-14 1.106350226865602e-14 0.3604445648927232 450
21 4.14615824014738e-21 5.859558730886962e-22 1.154232853727907e-08 602
24 8.657557469016672e-22 1.818128821388791e-22 2.161897648218378e-09 762
27 5.947028216882051e-22 1.640191694540195e-22 1.031949135985624e-09 1142
30 2.661392853242511e-22 7.919715587463372e-23 3.781540890331215e-10 1250
33 6.781678826320943e-23 2.86376373164074e-23 9.558994893608412e-11 1458
36 3.931326686720729e-24 1.994866674203342e-24 4.521164564582666e-12 1814
39 8.308737224117618e-31 4.394557024953459e-31 7.200640896215472e-19 2178
42 3.702263641670317e-31 1.956744533475623e-31 2.470442408291849e-19 2498
45 1.245477817922339e-31 8.599458107322337e-32 8.875676861335268e-20 2622
48 3.416386296526834e-32 2.418689420010836e-32 1.835629181547217e-20 3191
51 2.90255891478686e-33 2.234793400871481e-33 1.585434554579941e-21 3044
54 1.886930715569905e-35 1.612901912706449e-35 1.138113366279193e-23 2736
57 2.191436108253735e-40 1.886732735071912e-40 1.462613938570275e-28 2276
60 1.394958278891357e-40 1.203773783370576e-40 9.692223191066331e-29 2016
63 8.81506754233147e-41 8.896080833477601e-41 7.904459058896824e-29 1640
66 5.926831510982873e-41 6.362318757077076e-41 8.05353441884641e-29 1056
69 3.78850227553113e-41 4.66378396691586e-41 8.284425375550959e-29 683
72 2.320432225251089e-41 2.503078650558676e-41 8.299322528453347e-29 350
75 1.2705824393928e-41 1.497428779921568e-41 8.327999903775419e-29 192
78 2.803237610777549e-42 3.011610004974517e-42 7.032606387538088e-29 44
81 1.191781244533089e-42 1.515467710080956e-42 5.678986315154189e-29 25


3 1.820201689304942e-12 1.628332560597072e-14 241.5401617994172 18
6 1.55549931246114e-13 2.215864788610648e-15 3.806749416581653 62
9 6.264476247975208e-14 4.157813942304598e-15 2.016856150399001 98
12 8.88297871225772e-14 7.730859411386991e-15 1.133803483129698 210
15 1.22446789475055e-13 2.339971983613374e-14 1.341524406847593 350
18 6.740283913146479e-14 1.0521158047513e-14 0.3570492940034254 450
21 3.232831694250409e-21 7.395183066027848e-22 1.401218915892902e-08 602
24 7.462179379086446e-22 2.034255875975333e-22 2.401807172957263e-09 762
27 5.492922913641203e-22 1.732401702933167e-22 1.098110979335267e-09 1142
30 2.232665515400412e-22 9.191666564779727e-23 4.306870631471774e-10 1250
33 6.297178501434492e-23 2.951400308639424e-23 9.942019721607061e-11 1458
36 3.97441815864501e-24 1.912221859143995e-24 4.459054566787351e-12 1814
39 8.181277797672677e-31 4.353583695303671e-31 7.281097875901499e-19 2178
42 3.287143219861752e-31 2.133352893224962e-31 2.671068136874629e-19 2498
45 1.262622546243238e-31 8.271946450955879e-32 8.779403666485375e-20 2622
48 3.351381194305435e-32 2.40138849305424e-32 1.856383185853181e-20 3191
51 2.858750256153732e-33 2.206044194276908e-33 1.596088913430843e-21 3044
54 1.854075021272348e-35 1.597519849701627e-35 1.148303536600242e-23 2736
57 2.208516815401558e-40 1.830902139755393e-40 1.45652598453515e-28 2276
60 1.377855845069163e-40 1.193679739132838e-40 9.789837931316415e-29 2016
63 8.767436531542603e-41 8.807794238953048e-41 7.987186663739829e-29 1640
66 5.950334950526455e-41 6.247741177546886e-41 8.092680504999937e-29 1056
69 3.844441240524017e-41 4.570496892857607e-41 8.330274482794238e-29 683
72 2.29534843311947e-41 2.456111209409142e-41 8.308741857301848e-29 350
75 1.285215106247139e-41 1.519241616127123e-41 8.606448146378759e-29 192
78 2.872811572745676e-42 2.919041337806425e-42 7.030717640650341e-29 44
81 1.02033746649117e-42 1.563785634904448e-42 5.757236244957657e-29 25


3 2.71751245891495e-12 5.846578689614424e-15 181.4248086948261 18
6 1.241543076561869e-13 2.924937574210081e-15 4.640295810299863 62
9 5.801626615686179e-14 4.502832440662728e-15 2.283173599904631 98
12 8.680834728566309e-14 7.697891755040421e-15 1.181285051023843 210
15 1.483128978804028e-13 1.9658518577853e-14 1.217945774125058 350
18 8.307489567474404e-14 8.103405369190402e-15 0.3036199397836535 450
21 3.720248311498573e-21 6.330533474583973e-22 1.282623516054833e-08 602
24 8.430478689809862e-22 1.756166652203194e-22 2.203502756896494e-09 762
27 5.816204952085528e-22 1.582475348652985e-22 1.048210387050194e-09 1142
30 2.522119984601979e-22 7.921846041159752e-23 3.932125540957678e-10 1250
33 7.595892922690497e-23 2.354095953461117e-23 8.596266317842194e-11 1458
36 4.231541141666007e-24 1.717831921811073e-24 4.195386067671851e-12 1814
39 8.297774583538977e-31 4.139230150180519e-31 7.138981235142447e-19 2178
42 3.37572643989453e-31 2.023521897264701e-31 2.615018610262319e-19 2498
45 1.307513065830446e-31 7.745996692902451e-32 8.521108617456937e-20 2622
48 3.400235514672467e-32 2.305815645953785e-32 1.834506289586957e-20 3191
51 2.862279847614783e-33 2.144591592081511e-33 1.590475820617518e-21 3044
54 1.898891684854813e-35 1.521764421379475e-35 1.128611272724062e-23 2736
57 2.210776640936653e-40 1.784966135364548e-40 1.454974353795438e-28 2276
60 1.352684967946699e-40 1.186798373319867e-40 9.902873879852614e-29 2016
63 8.766711845819104e-41 8.594138519105883e-41 7.976722817748758e-29 1640
66 6.067291603469625e-41 6.0422529050522e-41 8.053647563325276e-29 1056
69 3.860493489251331e-41 4.429442065514809e-41 8.277919147192336e-29 683
72 2.307906108772076e-41 2.38250158889049e-41 8.271771922831731e-29 350
75 1.324015760191918e-41 1.5093888571399e-41 8.769345551888497e-29 192
78 2.943857173185187e-42 3.126805776602127e-42 7.580593403195134e-29 44
81 1.007481674664151e-42 1.739463661484628e-42 6.391171487148386e-29 25


3 3.174825945573567e-12 4.575115134518942e-16 129.9312922323994 18
6 8.738128968777304e-14 4.038399023717556e-15 6.294835943198664 62
9 8.662089499528929e-14 3.203609310665821e-15 1.893868310612385 98
12 1.100034527856827e-13 6.303477084476242e-15 1.072882880922639 210
15 2.266522352991829e-13 1.038666787989146e-14 0.7911672997420801 350
18 6.095300332040048e-14 1.087957401890888e-14 0.3883408031432148 450
21 3.72336992494743e-21 6.179192401076369e-22 1.291304292753668e-08 602
24 7.405568262013082e-22 1.929709776981287e-22 2.420936270457016e-09 762
27 5.407873083965134e-22 1.66072121438475e-22 1.112203704010638e-09 1142
30 2.315246512271523e-22 8.360783030622288e-23 4.178798576680156e-10 1250
33 5.81570891002773e-23 2.999375258337736e-23 1.049399004513976e-10 1458
36 3.775853244049593e-24 1.884262418782882e-24 4.578923280863497e-12 1814
39 8.270189731699882e-31 4.042681917557438e-31 7.146989750833841e-19 2178
42 3.656890222726618e-31 1.808071410195017e-31 2.455586720970722e-19 2498
45 1.279226109918924e-31 7.667178679433196e-32 8.596967289389792e-20 2622
48 3.355480651223923e-32 2.257985099255438e-32 1.835747113532906e-20 3191
51 2.84255335418845e-33 2.09381236018202e-33 1.588568064429368e-21 3044
54 1.905193273020754e-35 1.464353240350961e-35 1.115353595590431e-23 2736
57 2.207057624690914e-40 1.76930819659465e-40 1.472530354194108e-28 2276
60 1.342190003634342e-40 1.178711247221947e-40 1.002522296451052e-28 2016
63 8.985401889427834e-41 8.542660745297461e-41 8.126151711895143e-29 1640
66 6.043090128097047e-41 6.00462114951765e-41 8.159755745421546e-29 1056
69 3.983015583573938e-41 4.367511127091481e-41 8.387550924246612e-29 683
72 2.35323302195783e-41 2.425485871583872e-41 8.58124289492923e-29 350
75 1.342159923296323e-41 1.480614684730359e-41 8.823846099259338e-29 192
78 2.449912452776382e-42 3.492853573309095e-42 8.12221831251435e-29 44
81 9.574003978266517e-43 1.635775946666236e-42 6.132824294019915e-29 25


3 3.028532054912221e-12 1.778297203756541e-15 125.0429617112479 18
6 8.340247525412614e-14 4.370260365155392e-15 7.440851521522193 62
9 1.091441057907944e-13 1.946853057144607e-15 1.403363239148224 98
12 1.191271762889224e-13 5.5050132504567e-15 1.012190024831652 210
15 1.311892093209595e-13 2.07705200165594e-14 1.367277959135291 350
18 7.013957922571009e-14 9.275193378392242e-15 0.3549197484793477 450
21 3.143109858099557e-21 7.029038371427737e-22 1.465592934972037e-08 602
24 8.055500650953586e-22 1.731688541390306e-22 2.285943370473579e-09 762
27 5.674429989311612e-22 1.532764865451476e-22 1.069546834638311e-09 1142
30 2.330288376749089e-22 8.139022155668031e-23 4.182653962039911e-10 1250
33 7.023596015701075e-23 2.427540157800611e-23 9.117850925615813e-11 1458
36 3.823431943747684e-24 1.793722404770612e-24 4.490430754061755e-12 1814
39 7.872348284856889e-31 4.123483197779104e-31 7.380233961141342e-19 2178
42 3.370026768686674e-31 1.897197130500781e-31 2.581671528448661e-19 2498
45 1.226637393824117e-31 7.763616845867052e-32 8.816781341809726e-20 2622
48 3.295866054683692e-32 2.22833720468534e-32 1.84750293033626e-20 3191
51 2.805114795358769e-33 2.057567626581037e-33 1.593607481996105e-21 3044
54 1.837695385707715e-35 1.456842376752558e-35 1.126100800082465e-23 2736
57 2.158998817476748e-40 1.789280335530078e-40 1.509771511144927e-28 2276
60 1.336061340055949e-40 1.177779394597257e-40 1.020533522626925e-28 2016
63 9.301099437744579e-41 8.30670386641286e-41 8.145021633639534e-29 1640
66 6.099710444708115e-41 6.00386892252277e-41 8.32681508308854e-29 1056
69 4.054948123828898e-41 4.36285380904157e-41 8.564502428747274e-29 683
72 2.360323021289423e-41 2.458189280662712e-41 8.840297437378135e-29 350
75 1.274474756194597e-41 1.512648119281882e-41 9.044638821900708e-29 192
78 2.306686939827163e-42 3.650336233506178e-42 8.502212288909904e-29 44
81 9.623854718661467e-43 1.617893642030366e-42 6.198642738960113e-29 25


3 2.349260266767327e-12 8.875840568393062e-15 208.139200091501 18
6 1.237649157913781e-13 3.42644075736702e-15 6.81709970509399 62
9 8.93215240338792e-14 2.558611434566353e-15 1.747372718511926 98
12 9.501860541967419e-14 6.571939480186305e-15 1.195482709121044 210
15 1.33361097812827e-13 1.991603662484917e-14 1.377621689386979 350
18 7.785553826556981e-14 8.044400757303599e-15 0.3277174993663273 450
21 3.938799822325708e-21 5.346117771436535e-22 1.21802335994654e-08 602
24 7.52554155709203e-22 1.798168736242503e-22 2.405794672313918e-09 762
27 5.322914750998419e-22 1.590617157151657e-22 1.124477471571202e-09 1142
30 2.396189460520323e-22 7.628317069728528e-23 4.061826954592712e-10 1250
33 6.674537325206638e-23 2.499368616564293e-23 9.507678942072254e-11 1458
36 4.150697274306865e-24 1.609061108141831e-24 4.225662573501159e-12 1814
39 7.913283670111277e-31 3.968931313155177e-31 7.296302671151073e-19 2178
42 3.242189411633431e-31 1.932244988272913e-31 2.663195121675141e-19 2498
45 1.22830545860926e-31 7.555129382564307e-32 8.790539011804958e-20 2622
48 3.278010715935028e-32 2.180287334194004e-32 1.848464984080976e-20 3191
51 2.791191537131033e-33 2.007551341030813e-33 1.590396135870039e-21 3044
54 1.784339396297666e-35 1.443013727338912e-35 1.1336486345871e-23 2736
57 2.10210249457597e-40 1.798007551785821e-40 1.538288468149826e-28 2276
60 1.320900475406242e-40 1.184450421469964e-40 1.042902738170515e-28 2016
63 9.421435985463628e-41 8.103345397014986e-41 8.150740324975956e-29 1640
66 6.064715699365771e-41 6.030656151630506e-41 8.50532337676472e-29 1056
69 4.071327759922501e-41 4.235121066122847e-41 8.520555495148111e-29 683
72 2.350247783730566e-41 2.422801997962135e-41 8.89285067318169e-29 350
75 1.280561979395603e-41 1.501969778028107e-41 9.165201704137284e-29 192
78 2.265402923868049e-42 3.763095107590071e-42 8.847396600100401e-29 44
81 1.01627359920691e-42 1.6163659492125e-42 6.366619678907771e-29 25


3 1.401987687349425e-12 1.871320049510284e-14 401.6815511404424 18
6 1.782482976194184e-13 1.914501806668707e-15 4.771230499066168 62
9 4.950081373039874e-14 4.230367356339317e-15 2.763474750239215 98
12 7.480441899752464e-14 7.647172861408683e-15 1.409391873110718 210
15 2.191902150311318e-13 9.822920121615028e-15 0.8260982558969507 350
18 5.851539427690841e-14 1.034624040244341e-14 0.408332015768411 450
21 3.014787387267887e-21 6.865809012070801e-22 1.512323671247493e-08 602
24 7.566669721561223e-22 1.736366603598533e-22 2.394817555574601e-09 762
27 5.537735539072786e-22 1.48355110867141e-22 1.087306884761873e-09 1142
30 2.201300330743182e-22 8.140618695315588e-23 4.353310015624039e-10 1250
33 5.781427266932803e-23 2.772998857992633e-23 1.046482772230074e-10 1458
36 3.577336797468022e-24 1.824398971545652e-24 4.723719217196595e-12 1814
39 8.129103750577839e-31 3.769097098726284e-31 7.14963103226026e-19 2178
42 3.353291407285079e-31 1.818346095784721e-31 2.589851594126433e-19 2498
45 1.233438919908747e-31 7.337659386027203e-32 8.749805079529708e-20 2622
48 3.241530134611307e-32 2.137278359730239e-32 1.849902923848738e-20 3191
51 2.790299758095173e-33 1.956310633528568e-33 1.586032891980338e-21 3044
54 1.798565155223345e-35 1.389999048047858e-35 1.120762315274533e-23 2736
57 2.072250120100384e-40 1.785488870467451e-40 1.554910591485732e-28 2276
60 1.305985914021577e-40 1.181528834814749e-40 1.058211477757609e-28 2016
63 9.351398548811651e-41 8.13698120777901e-41 8.320026007042781e-29 1640
66 5.97858220475687e-41 5.976753978520822e-41 8.577609840008204e-29 1056
69 4.044385104441598e-41 4.175288472741839e-41 8.570157139951915e-29 683
72 2.323295547356876e-41 2.382973303263056e-41 8.911101707153846e-29 350
75 1.265651477847451e-41 1.473948948424231e-41 9.17001390996185e-29 192
78 2.326038543176659e-42 3.664826925460814e-42 8.865949991807394e-29 44
81 1.081341246201809e-42 1.462269868043077e-42 6.046501158698179e-29 25


3 5.385756334201756e-13 2.736961326920633e-14 666.5483904843509 18
6 1.98959484947675e-13 1.126724280344074e-15 3.417774054498866 62
9 4.37983975329537e-14 4.528449691254504e-15 3.107267671279521 98
12 9.357357442956235e-14 6.520674831802084e-15 1.291005755090305 210
15 1.402021170249977e-13 1.808261148183832e-14 1.346409095909978 350
18 7.085100483433358e-14 8.395407187118062e-15 0.3552229292461903 450
21 3.645510496508053e-21 5.51864565663908e-22 1.302951772545873e-08 602
24 7.733510294794207e-22 1.660430123010464e-22 2.358843190285868e-09 762
27 5.239715264515459e-22 1.524824350513659e-22 1.131375619344412e-09 1142
30 2.399157562900616e-22 7.207737825018698e-23 4.03540890072496e-10 1250
33 7.315348856025653e-23 2.102365496441957e-23 8.652475947877736e-11 1458
36 3.864236603957929e-24 1.653496449309897e-24 4.458956888558283e-12 1814
39 7.594720973388432e-31 3.912965287209394e-31 7.462374106439746e-19 2178
42 3.331165590910764e-31 1.760298383402688e-31 2.565063901920292e-19 2498
45 1.176817239716138e-31 7.426261028176802e-32 8.950381882022664e-20 2622
48 3.243917488307875e-32 2.078895268406391e-32 1.841092139921185e-20 3191
51 2.736321181052854e-33 1.936140975311638e-33 1.596805404121163e-21 3044
54 1.803392907869819e-35 1.353769263788515e-35 1.117006904879362e-23 2736
57 2.060221173969019e-40 1.760324590007532e-40 1.562862123088257e-28 2276
60 1.287105188235949e-40 1.169397679057998e-40 1.065742846007257e-28 2016
63 9.248582425806668e-41 8.094662626659832e-41 8.421035087650978e-29 1640
66 6.002683291784712e-41 5.887810054132248e-41 8.629961823740864e-29 1056
69 4.016025872769384e-41 4.156888903370681e-41 8.677190719825587e-29 683
72 2.276852746215466e-41 2.37447310648143e-41 9.005865594325534e-29 350
75 1.240612939253619e-41 1.477617619559911e-41 9.312222464045518e-29 192
78 2.398373100208871e-42 3.607850736249412e-42 8.956089767378245e-29 44
81 1.131695317698704e-42 1.406174442771149e-42 6.008289049964497e-29 25


3 6.503223288926233e-14 3.160250930319207e-14 858.3372941414301 18
6 1.625158046253665e-13 1.772721437825991e-15 4.743972898475539 62
9 8.248467983799793e-14 2.849237420200537e-15 2.195489078742215 98
12 1.200053942716589e-13 4.773555470936562e-15 1.037114196288687 210
15 1.150702448647911e-13 2.04172707732211e-14 1.529702224949443 350
18 7.317448759964758e-14 7.941993387774214e-15 0.346341058061286 450
21 3.384137065838403e-21 5.880213333651684e-22 1.3914992412e-08 602
24 7.136057737066529e-22 1.736109818977643e-22 2.482915055698293e-09 762
27 5.412711862939108e-22 1.433212997307489e-22 1.095752113310461e-09 1142
30 2.147545436073492e-22 7.855831225971774e-23 4.379330953086684e-10 1250
33 5.470645223576923e-23 2.743830366651736e-23 1.073398992051002e-10 1458
36 3.980772602691357e-24 1.552832926850904e-24 4.321769700105622e-12 1814
39 7.74454630382644e-31 3.740451759602771e-31 7.325834329937601e-19 2178
42 3.293292899307815e-31 1.745328320724357e-31 2.589115161202545e-19 2498
45 1.18910511992701e-31 7.096085127645424e-32 8.775292563029426e-20 2622
48 3.223468543074125e-32 2.048343564035083e-32 1.849385246562254e-20 3191
51 2.673878290428236e-33 1.923969589418144e-33 1.61129605250841e-21 3044
54 1.72312210305333e-35 1.380832910967406e-35 1.148196440169675e-23 2736
57 2.058424145175866e-40 1.721892081569803e-40 1.561679361748934e-28 2276
60 1.287349689225e-40 1.146158863245125e-40 1.066542466869979e-28 2016
63 8.993561565307009e-41 8.132208916351324e-41 8.552221491233237e-29 1640
66 6.038761263015554e-41 5.703919370692885e-41 8.565897714524431e-29 1056
69 3.975853842838554e-41 4.106373883623148e-41 8.720205009834273e-29 683
72 2.24840870830352e-41 2.333576113778446e-41 9.013715868504043e-29 350
75 1.229995536522594e-41 1.471428988103679e-41 9.433813508346371e-29 192
78 2.541508871336346e-42 3.329792204389761e-42 8.615610602261016e-29 44
81 1.199952442909946e-42 1.239989711031767e-42 5.592176501213846e-29 25


3 1.340124837468422e-13 2.99695058757631e-14 806.9100276279981 18
6 9.267890755755133e-14 3.328818070199784e-15 7.967408038392071 62
9 1.143220592628736e-13 1.358405743170811e-15 1.277259615005165 98
12 1.056703111340427e-13 5.344908252297087e-15 1.135383708019277 210
15 2.113769494871004e-13 9.632855876335355e-15 0.8603706304843154 350
18 5.751941795173194e-14 9.676808807876908e-15 0.4094452488461941 450
21 3.109996847576236e-21 6.150774759469644e-22 1.462297802493695e-08 602
24 7.788426956866691e-22 1.554510347009975e-22 2.311439646772786e-09 762
27 5.151824158649748e-22 1.463622344012988e-22 1.129453164296784e-09 1142
30 2.334134094125148e-22 7.006421857259824e-23 4.066255396053986e-10 1250
33 6.806900548880285e-23 2.17425304101278e-23 9.119213924951221e-11 1458
36 3.418949892455282e-24 1.755513691677202e-24 4.803971857001006e-12 1814
39 7.831471064140144e-31 3.582952731525893e-31 7.193392486783306e-19 2178
42 3.150359091826861e-31 1.773500525486301e-31 2.654737884433311e-19 2498
45 1.253007065519378e-31 6.59689477973278e-32 8.45677584449943e-20 2622
48 3.092494881832878e-32 2.07411483859768e-32 1.890277467362718e-20 3191
51 2.66640314865173e-33 1.879215145932957e-33 1.606056855183707e-21 3044
54 1.620039267359694e-35 1.418293995517524e-35 1.184549907838769e-23 2736
57 2.043136527846815e-40 1.690278704389444e-40 1.562157979404084e-28 2276
60 1.297877925986195e-40 1.108002910415022e-40 1.056249545815354e-28 2016
63 8.755633876421745e-41 8.142748119509948e-41 8.671073975637361e-29 1640
66 6.08007653274975e-41 5.501695128002179e-41 8.473352505906661e-29 1056
69 3.907990914130191e-41 4.049940164706021e-41 8.750760304534858e-29 683
72 2.243194362969943e-41 2.281218538025172e-41 9.001752345206352e-29 350
75 1.210314754779326e-41 1.453645433319751e-41 9.473457370996063e-29 192
78 2.656309814476527e-42 3.158725674246537e-42 8.46173810411065e-29 44
81 1.291043179128481e-42 1.115048002071565e-42 5.367873523312955e-29 25


3 6.985417993028374e-13 2.326285083623765e-14 572.1321631968621 18
6 4.286336410658341e-14 4.475795941198018e-15 10.03057676173709 62
9 9.445331771217509e-14 2.034420701748973e-15 1.661489411169008 98
12 7.17036755649694e-14 7.145567145199486e-15 1.430860154612713 210
15 1.587435392341827e-13 1.469226106270196e-14 1.183514303218351 350
18 6.992868820209948e-14 7.803325812862677e-15 0.3492890964201415 450
21 3.670257862308157e-21 5.024373052909579e-22 1.262096866646609e-08 602
24 6.919886631419287e-22 1.689491949979046e-22 2.490777851774386e-09 762
27 5.302695586317399e-22 1.381995213287672e-22 1.092783784810027e-09 1142
30 2.138861389783815e-22 7.431312992099024e-23 4.304662912440349e-10 1250
33 6.120140740502886e-23 2.353481015376737e-23 9.796625865976252e-11 1458
36 3.91530273062293e-24 1.483662073952792e-24 4.282610323878786e-12 1814
39 7.38690245567614e-31 3.683832770293939e-31 7.4298112171812e-19 2178
42 3.221177044000736e-31 1.687246261349862e-31 2.591886563237225e-19 2498
45 1.150537651883299e-31 7.010426008247495e-32 8.943232786592966e-20 2622
48 3.077561501212943e-32 2.025053706870412e-32 1.881076659833224e-20 3191
51 2.652920527011701e-33 1.839966173678758e-33 1.602603880079878e-21 3044
54 1.657603340569763e-35 1.355179070773273e-35 1.16181519727999e-23 2736
57 2.02366837733759e-40 1.655982823501834e-40 1.558583503460797e-28 2276
60 1.304349880199701e-40 1.082277686351032e-40 1.054036396882003e-28 2016
63 8.530486162026544e-41 8.138086458297308e-41 8.774446755453001e-29 1640
66 6.135467531473785e-41 5.333668100467104e-41 8.413984854034853e-29 1056
69 3.852189504324111e-41 3.997944910812472e-41 8.775549440060442e-29 683
72 2.200291485948449e-41 2.245010447281057e-41 8.998060852925738e-29 350
75 1.175387267578086e-41 1.434935004519904e-41 9.477453710058306e-29 192
78 2.74434259990459e-42 3.008634843957215e-42 8.32618131697201e-29 44
81 1.371071574447233e-42 1.046510186590176e-42 5.289099219915983e-29 25


3 1.53889028872661e-12 1.405981439644826e-14 335.8519912470032 18
6 5.286430863081001e-14 4.216255809754592e-15 9.064608333067879 62
9 4.603521668067773e-14 3.944453813901908e-15 2.753911444635042 98
12 7.542308244033294e-14 6.796276066080073e-15 1.367683650478417 210
15 9.459032544278438e-14 2.088310676173098e-14 1.584665675328442 350
18 6.968328934481669e-14 7.709173181855016e-15 0.347558309743182 450
21 2.941655534527159e-21 6.14375344582261e-22 1.485229658926308e-08 602
24 7.585515390744059e-22 1.504672984148364e-22 2.297948587181215e-09 762
27 5.061286689514673e-22 1.405603845931819e-22 1.117931607411104e-09 1142
30 2.24579700927474e-22 6.889259102572733e-23 4.104382200253847e-10 1250
33 5.854570716971012e-23 2.40829710141186e-23 1.007906533632234e-10 1458
36 3.68283832247114e-24 1.540093979399457e-24 4.455095165099283e-12 1814
39 7.61385972986536e-31 3.50117909240446e-31 7.246138439645675e-19 2178
42 3.256184220971237e-31 1.625744476541957e-31 2.553997926280466e-19 2498
45 1.087150726736199e-31 7.162816272242583e-32 9.183525664038733e-20 2622
48 3.180924801364164e-32 1.904784625416334e-32 1.822876455686902e-20 3191
51 2.590109846586518e-33 1.819403392876613e-33 1.607029035343783e-21 3044
54 1.801815383639238e-35 1.21719056707898e-35 1.092728223923343e-23 2736
57 2.016405834179486e-40 1.61706675565666e-40 1.55201157455805e-28 2276
60 1.291225110949944e-40 1.078088520027148e-40 1.065834499248096e-28 2016
63 8.507151472268479e-41 8.04709599559094e-41 8.825309687770023e-29 1640
66 6.120502041414384e-41 5.268421408710461e-41 8.46060079092832e-29 1056
69 3.841550885486956e-41 3.961243639083901e-41 8.846994804096495e-29 683
72 2.209203174801188e-41 2.227083096631907e-41 9.093649585027599e-29 350
75 1.175192097556523e-41 1.408076291340527e-41 9.487374109967307e-29 192
78 2.735990572604098e-42 2.774486129555253e-42 7.933844021348801e-29 44
81 1.447355839352783e-42 9.494409900590398e-43 5.099222022301311e-29 25


3 2.348097305050206e-12 5.630919256708396e-15 183.792174566502 18
6 1.159904363191395e-13 2.704586694595949e-15 6.022797160104552 62
9 3.118439519629491e-14 4.494864301812429e-15 2.990172421949619 98
12 1.098154859671352e-13 4.700186362234593e-15 1.021532684390787 210
15 1.893449135258928e-13 1.087308451226812e-14 0.9476882991397786 350
18 5.697857329949282e-14 9.010248394814898e-15 0.3921880334289248 450
21 3.438428609021451e-21 5.067541983971147e-22 1.28445879509531e-08 602
24 6.965976249938696e-22 1.591737476218731e-22 2.413276854637261e-09 762
27 5.191227301707664e-22 1.332288892588501e-22 1.081280503323735e-09 1142
30 2.147827175992085e-22 7.005971882704973e-23 4.196625447040679e-10 1250
33 6.681943899611908e-23 2.023459169880269e-23 8.937691779866227e-11 1458
36 3.375642897481566e-24 1.625850265491168e-24 4.684563660322466e-12 1814
39 7.452245010688891e-31 3.454141733004848e-31 7.244814971037368e-19 2178
42 3.067086924360554e-31 1.669681996604397e-31 2.629865646757701e-19 2498
45 1.208463455334465e-31 6.293156924153917e-32 8.466070290004945e-20 2622
48 3.142046569068282e-32 1.870422115301181e-32 1.819267450204136e-20 3191
51 2.598990367700124e-33 1.764291198191102e-33 1.590652765594867e-21 3044
54 1.831476328719446e-35 1.165459332953149e-35 1.073988646754964e-23 2736
57 2.037866410191011e-40 1.587850748660861e-40 1.555114153787841e-28 2276
60 1.251759392357012e-40 1.094446785367966e-40 1.090729168794193e-28 2016
63 8.610613739417035e-41 7.856789455916382e-41 8.810702252604824e-29 1640
66 6.186284323136338e-41 5.165847242451355e-41 8.477889411374803e-29 1056
69 3.797035864086645e-41 3.96946369564551e-41 8.988904860422672e-29 683
72 2.233471997463484e-41 2.229469082285784e-41 9.266703212752152e-29 350
75 1.143978001538464e-41 1.379423999768412e-41 9.430774458036331e-29 192
78 2.739464435883265e-42 2.588218591858809e-42 7.64586991425183e-29 44
81 1.336320403910063e-42 8.752226860304985e-43 4.77241937009336e-29 25


3 2.842401595266474e-12 7.634866885728894e-16 126.3158981446608 18
6 1.836923961799233e-13 1.101935302703483e-15 3.334627074034627 62
9 6.943629706823275e-14 2.888745181564548e-15 2.054526790620174 98
12 1.150155934415113e-13 4.3142271692183e-15 0.9480584111574886 210
15 1.884975180125861e-13 1.069895672030319e-14 0.9279091526242482 350
18 6.797800195606209e-14 7.397797750837438e-15 0.3376999984856022 450
21 3.223514406152716e-21 5.401234788758403e-22 1.354629703963472e-08 602
24 7.179710595163077e-22 1.499971139928046e-22 2.319064513306193e-09 762
27 4.982203769346669e-22 1.350490073243591e-22 1.100711197493738e-09 1142
30 2.163121743677896e-22 6.780924616696281e-23 4.127493683703899e-10 1250
33 5.397792072589954e-23 2.441636485314837e-23 1.038196447277974e-10 1458
36 3.928706219529894e-24 1.349806447037105e-24 4.123088479590189e-12 1814
39 7.389681378267838e-31 3.41348207006273e-31 7.262378295376317e-19 2178
42 3.158907128731213e-31 1.589367479620622e-31 2.567000559306386e-19 2498
45 1.198409621631952e-31 6.127812670594578e-32 8.391847516884533e-20 2622
48 3.004545814057078e-32 1.906676810205148e-32 1.864323406110506e-20 3191
51 2.626831418582339e-33 1.699315091620021e-33 1.56712555238954e-21 3044
54 1.684466248883874e-35 1.234991002477021e-35 1.128562680626684e-23 2736
57 2.037454854496385e-40 1.571452545529738e-40 1.565485154110263e-28 2276
60 1.222042309298906e-40 1.108140094568565e-40 1.115302704605551e-28 2016
63 8.808650871900943e-41 7.58897852921903e-41 8.730331126605022e-29 1640
66 6.176858526487671e-41 5.188340602486223e-41 8.638426280135805e-29 1056
69 3.725162629082709e-41 3.993444807878313e-41 9.146999327643836e-29 683
72 2.157894346302868e-41 2.188130781524775e-41 9.208756030897007e-29 350
75 1.145514738945256e-41 1.428826592833364e-41 9.862391335018754e-29 192
78 2.855855974631123e-42 2.616681864736907e-42 7.906476261435466e-29 44
81 1.489740958830583e-42 8.803535376028347e-43 5.046245369467722e-29 25


3 2.857597781612359e-12 8.061246782097741e-16 137.8801203151083 18
6 2.036825192853309e-13 6.188435761462174e-16 2.620717784978168 62
9 1.11784856832803e-13 1.13644109473468e-15 1.122733149560853 98
12 8.171971981504871e-14 6.024765168574913e-15 1.185556818422659 210
15 9.084504862389683e-14 1.973971070835622e-14 1.476520758539359 350
18 6.731931900568043e-14 7.360400013405008e-15 0.3363061178488275 450
21 3.071106840238583e-21 5.437598618744955e-22 1.36417827229043e-08 602
24 7.139285784548482e-22 1.475456545754988e-22 2.301671709556728e-09 762
27 5.08728978540729e-22 1.285979734800484e-22 1.067309321134663e-09 1142
30 2.156993507669587e-22 6.625520033446372e-23 4.091314535934472e-10 1250
33 6.593709767574703e-23 1.95122103538901e-23 8.86302623083285e-11 1458
36 3.330633692833285e-24 1.561689201097337e-24 4.63581152838895e-12 1814
39 7.336050984769252e-31 3.355104398060298e-31 7.245365966317151e-19 2178
42 3.112650551509376e-31 1.563521651200091e-31 2.561700484042247e-19 2498
45 1.082809919916615e-31 6.641642281078427e-32 8.984352583679103e-20 2622
48 2.951176242631911e-32 1.890799490986594e-32 1.873165289567437e-20 3191
51 2.57636745841097e-33 1.685766349477794e-33 1.575070824803277e-21 3044
54 1.566353573438361e-35 1.290315109844574e-35 1.176093476950069e-23 2736
57 2.041061878882051e-40 1.553864932125803e-40 1.57506179925241e-28 2276
60 1.230739930756234e-40 1.086936250730335e-40 1.11552946911359e-28 2016
63 8.903569902083117e-41 7.401281632592175e-41 8.700008490633064e-29 1640
66 6.077755003396855e-41 5.170651944709599e-41 8.721003774871953e-29 1056
69 3.727949928467097e-41 3.949006622552893e-41 9.207741922044155e-29 683
72 2.208273678893881e-41 2.195767679571831e-41 9.424484353509618e-29 350
75 1.153361471915217e-41 1.431568236293044e-41 1.005115043604596e-28 192
78 2.752729105880972e-42 2.528375652669384e-42 7.748831024863248e-29 44
81 1.645305404936007e-42 8.96227975828822e-43 5.351223205754672e-29 25


3 2.398512173580707e-12 5.361610807460418e-15 184.1062808103591 18
6 1.605697835271606e-13 1.564556190857657e-15 3.815269670827148 62
9 1.036775378613626e-13 1.398332651548188e-15 1.229617585796148 98
12 6.456480179197673e-14 6.705810432924613e-15 1.267410365400146 210
15 1.4493535574666e-13 1.393296675830359e-14 1.121921670920927 350
18 5.644653036810386e-14 8.403771647609067e-15 0.3711024180235009 450
21 3.373398348559079e-21 4.771251173295488e-22 1.239731912747907e-08 602
24 6.798037423197142e-22 1.500473526092767e-22 2.343568479081591e-09 762
27 4.910807976768372e-22 1.300196102289012e-22 1.084452065462832e-09 1142
30 2.089977381265664e-22 6.651402339636368e-23 4.134390993030162e-10 1250
33 5.541014402656644e-23 2.25799421242632e-23 9.956121686404462e-11 1458
36 3.556416748076751e-24 1.432115146040567e-24 4.387210230142563e-12 1814
39 7.268208144465233e-31 3.273689541472281e-31 7.181045607639924e-19 2178
42 3.026746241130872e-31 1.559660283187792e-31 2.581858665322183e-19 2498
45 1.085271533411244e-31 6.488835987537532e-32 8.933159173794396e-20 2622
48 3.023264340925043e-32 1.789888303958678e-32 1.820486897784938e-20 3191
51 2.520151112655154e-33 1.680743639027921e-33 1.589057902856265e-21 3044
54 1.614613624990361e-35 1.236408103666539e-35 1.156144086078507e-23 2736
57 2.013704484375754e-40 1.549313267618084e-40 1.591490996857946e-28 2276
60 1.279325101296232e-40 1.040741460120721e-40 1.099166840387697e-28 2016
63 8.850166169093157e-41 7.441402153237667e-41 8.865763597700483e-29 1640
66 6.071742254837156e-41 5.197046714613356e-41 8.891035761856767e-29 1056
69 3.723921763145826e-41 3.978192779889501e-41 9.400958921576744e-29 683
72 2.217394711068215e-41 2.182392523265879e-41 9.532293288648362e-29 350
75 1.166547338558609e-41 1.398685968149596e-41 1.003725969184739e-28 192
78 2.816584447339742e-42 2.474039882810244e-42 7.787460752654177e-29 44
81 1.514886087477403e-42 8.308839698441928e-43 5.01362491340674e-29 25


3 1.62978250305213e-12 1.257575137480897e-14 236.7796382065826 18
6 8.710573165567762e-14 3.145007988803063e-15 5.619544227857821 62
9 5.438654332222685e-14 3.243490330064114e-15 2.061180878550213 98
12 8.841274199438266e-14 5.227665988284747e-15 1.051801403220447 210
15 2.064434075675266e-13 8.100577588463473e-15 0.7717914348969918 350
18 6.541943300757709e-14 7.106962073529672e-15 0.328759303132048 450
21 2.925065798890015e-21 5.38306747668235e-22 1.362790599695134e-08 602
24 7.215261627360045e-22 1.387083769755435e-22 2.224811090190474e-09 762
27 4.998580802971025e-22 1.242622256922298e-22 1.055771029089779e-09 1142
30 2.155355642446906e-22 6.291118080023801e-23 4.003886045494589e-10 1250
33 6.104075364700163e-23 2.020292146179815e-23 9.257375487421397e-11 1458
36 3.718561817676281e-24 1.329801797026191e-24 4.201073111838652e-12 1814
39 7.316397578187407e-31 3.186599098811167e-31 7.121363562752747e-19 2178
42 3.095869755463334e-31 1.489763102388462e-31 2.526153768096213e-19 2498
45 1.160921926364337e-31 5.836037189801146e-32 8.363252921642629e-20 2622
48 3.055477978484538e-32 1.720175424111309e-32 1.789685273499056e-20 3191
51 2.508910782500093e-33 1.65339347630319e-33 1.589497743680141e-21 3044
54 1.669059128549639e-35 1.165412163175949e-35 1.122381141039657e-23 2736
57 2.014528062130694e-40 1.5197267579603e-40 1.589883104745541e-28 2276
60 1.31535630929008e-40 9.918817173322461e-41 1.078007623761955e-28 2016
63 8.672774601955775e-41 7.523214598936304e-41 9.051909877816393e-29 1640
66 5.957408523373906e-41 5.27710982942148e-41 9.108657424970313e-29 1056
69 3.681305400272748e-41 3.968149472064951e-41 9.515118836671456e-29 683
72 2.197664864207897e-41 2.197087542322528e-41 9.70839766367072e-29 350
75 1.187866178257071e-41 1.381218350253504e-41 1.012296333976243e-28 192
78 2.901229816682886e-42 2.472155847601915e-42 7.957665669859335e-29 44
81 1.544928946926071e-42 8.693332127244706e-43 5.285742704139249e-29 25


3 8.126772393989172e-13 1.98655884733618e-14 278.3718719778032 18
6 3.806197620771061e-14 4.119795552171753e-15 6.629772789588926 62
9 2.442743146531231e-14 4.293895242493471e-15 2.518493849685482 98
12 1.11760721714185e-13 3.995268617765386e-15 0.8845010468879778 210
15 1.211477849738672e-13 1.581893076664271e-14 1.230241964672442 350
18 6.57422112991277e-14 6.947121721550796e-15 0.3249923369197651 450
21 3.203486727021097e-21 4.718396443823889e-22 1.241600113818167e-08 602
24 6.645951490871215e-22 1.462378576604115e-22 2.331755530706186e-09 762
27 4.84600434283893e-22 1.254779535121261e-22 1.073959645899518e-09 1142
30 2.028010902331722e-22 6.490829867917044e-23 4.133583781544122e-10 1250
33 5.846483363940587e-23 2.033517699920766e-23 9.387918312321317e-11 1458
36 3.166299433882382e-24 1.519237623746992e-24 4.681404973031157e-12 1814
39 6.97446388518193e-31 3.23521107180328e-31 7.269951459896355e-19 2178
42 2.994333968797953e-31 1.495087695929378e-31 2.558823873624e-19 2498
45 1.146470963608776e-31 5.769664992401549e-32 8.392312280619875e-20 2622
48 2.918951205420961e-32 1.751129721362112e-32 1.831289161033782e-20 3191
51 2.479093530592004e-33 1.625109325663669e-33 1.587408511146327e-21 3044
54 1.649162810069798e-35 1.135852026004836e-35 1.113216220174187e-23 2736
57 2.012109592203568e-40 1.486202666280739e-40 1.584439396333612e-28 2276
60 1.298378279982975e-40 9.844362939220435e-41 1.085306702181655e-28 2016
63 8.548574492568156e-41 7.541995271053919e-41 9.191750067196138e-29 1640
66 5.775758710622336e-41 5.324707409184445e-41 9.266994326428132e-29 1056
69 3.717928489660187e-41 3.914315495681306e-41 9.568213553126241e-29 683
72 2.130789436989257e-41 2.2005472027294e-41 9.819484514231209e-29 350
75 1.18954101704693e-41 1.398748444518049e-41 1.039632556889109e-28 192
78 2.862209727947271e-42 2.40688180239423e-42 7.888731611887223e-29 44
81 1.579478870092498e-42 9.135704189764507e-43 5.582791272564537e-29 25


3 2.146726428351294e-13 2.481531424177565e-14 301.8207102981426 18
6 4.82692322159276e-14 3.757561175933288e-15 6.194358051430065 62
9 4.950515823609129e-14 3.240737466063467e-15 2.059075860412833 98
12 9.872346541420009e-14 4.646014915476178e-15 0.9755484378032084 210
15 1.01946735009751e-13 1.666090620627386e-14 1.285635131564439 350
18 5.586265107213407e-14 7.8582363827199e-15 0.3575045604408097 450
21 3.065375110855321e-21 4.917804283516027e-22 1.29360264156656e-08 602
24 7.029295968127937e-22 1.349124587447514e-22 2.21723890240539e-09 762
27 4.920587350240679e-22 1.198091464130914e-22 1.047210255976712e-09 1142
30 2.137077574093869e-22 6.00834955330248e-23 3.948434440850799e-10 1250
33 5.656480065699201e-23 2.064889406398511e-23 9.604771425582476e-11 1458
36 3.758964945276674e-24 1.24610168567123e-24 4.09588499452811e-12 1814
39 7.282296308284395e-31 3.028193097376805e-31 7.014144540846577e-19 2178
42 2.972294248639299e-31 1.472264668804159e-31 2.560785945113679e-19 2498
45 1.039781410716356e-31 6.219161018375376e-32 8.954151423920384e-20 2622
48 2.860827916255837e-32 1.744008790036202e-32 1.847367137721281e-20 3191
51 2.478713200700757e-33 1.576797408274159e-33 1.571412387691552e-21 3044
54 1.65636348007849e-35 1.093239648430238e-35 1.095822167159214e-23 2736
57 2.015200982357615e-40 1.451133112248671e-40 1.577998230853823e-28 2276
60 1.240518832107517e-40 1.007532370657635e-40 1.114850074927719e-28 2016
63 8.513930366390016e-41 7.414097309432622e-41 9.196973223220251e-29 1640
66 5.54742078732935e-41 5.38751687890341e-41 9.43815907543643e-29 1056
69 3.722141153310149e-41 3.815406126294184e-41 9.520862462155039e-29 683
72 2.072895359095969e-41 2.202466544595465e-41 9.937491150944004e-29 350
75 1.18330270133904e-41 1.38552567128291e-41 1.045534117822992e-28 192
78 2.846394478167485e-42 2.305409526607115e-42 7.738745300286704e-29 44
81 1.623479057824967e-42 9.357998124493206e-43 5.803784567754338e-29 25


3 2.12159574832932e-14 2.590781053969607e-14 307.6453887911233 18
6 1.072351842431207e-13 2.351987480807862e-15 4.703091430521705 62
9 9.75433289186921e-14 1.376797960061983e-15 1.251117590507777 98
12 7.128796109064291e-14 5.787701839591654e-15 1.133873259959972 210
15 1.837044382714469e-13 9.046393851923004e-15 0.8435325444125519 350
18 6.245581302600887e-14 6.893987372624466e-15 0.328866213382497 450
21 3.005682345458123e-21 4.830703827766692e-22 1.289771319497219e-08 602
24 6.696544845499875e-22 1.383963312448672e-22 2.28601248550574e-09 762
27 4.752226821749151e-22 1.216238773618204e-22 1.072883323832442e-09 1142
30 1.981130989984729e-22 6.302663605532926e-23 4.137007570594688e-10 1250
33 5.980978500152948e-23 1.88581665987852e-23 9.091101528090508e-11 1458
36 3.273414532441954e-24 1.39903809932714e-24 4.50854406359334e-12 1814
39 6.932761104312249e-31 3.089342936661996e-31 7.198584258930029e-19 2178
42 2.990232705122087e-31 1.417360115588278e-31 2.520567697895363e-19 2498
45 1.068998999563334e-31 5.901735015487214e-32 8.727962169165999e-20 2622
48 2.916747893425186e-32 1.667506154129561e-32 1.812056943364563e-20 3191
51 2.531035726178098e-33 1.507851082951979e-33 1.542992344425842e-21 3044
54 1.671057086528772e-35 1.061401341158889e-35 1.088045368351364e-23 2736
57 2.001581105982696e-40 1.428647090687565e-40 1.580871338714755e-28 2276
60 1.199508389196682e-40 1.012178451029819e-40 1.130901288305689e-28 2016
63 8.564237001530416e-41 7.216379507638977e-41 9.14183592465693e-29 1640
66 5.381374472066763e-41 5.422405069713998e-41 9.590787924822913e-29 1056
69 3.722175881732947e-41 3.737336414458131e-41 9.50893952788794e-29 683
72 2.001378112886522e-41 2.217661647103177e-41 1.0090108112253e-28 350
75 1.178269792150691e-41 1.358797065692655e-41 1.043745888282673e-28 192
78 2.9309493205459e-42 2.266922630690161e-42 7.826865081977298e-29 44
81 1.615016990918888e-42 9.182340546714211e-43 5.814942167926655e-29 25


3 2.796594427217147e-13 2.291955023797191e-14 296.4896620542012 18
6 1.687909774783769e-13 9.484027712274174e-16 3.184760902706768 62
9 1.098611363416466e-13 8.971844401908891e-16 1.036282960482398 98
12 6.826779168544963e-14 5.679330390151279e-15 1.132358702517657 210
15 1.644367886101347e-13 1.107786858322498e-14 0.9806105764017425 350
18 6.458181770914864e-14 6.521571177475444e-15 0.3204156833125105 450
21 3.093101579766148e-21 4.568853547393948e-22 1.254433995522982e-08 602
24 6.713413667826425e-22 1.335435927561219e-22 2.254963407255543e-09 762
27 4.868188498546507e-22 1.147406721238662e-22 1.039899455326657e-09 1142
30 2.104925738767301e-22 5.780806045632006e-23 3.934916374232213e-10 1250
33 5.436059097869116e-23 2.030043569630739e-23 9.726474669591927e-11 1458
36 3.3530547478286e-24 1.332078734748296e-24 4.403005158866321e-12 1814
39 6.932367654867071e-31 3.010708366242984e-31 7.155671872237433e-19 2178
42 2.975637759385382e-31 1.397189818866126e-31 2.529373581596269e-19 2498
45 1.137226823680867e-31 5.359479947176887e-32 8.256470044365771e-20 2622
48 2.890477324806228e-32 1.630156474914286e-32 1.804347576918326e-20 3191
51 2.471155366101743e-33 1.510344969997542e-33 1.564300156681074e-21 3044
54 1.553656543960629e-35 1.110056862044448e-35 1.134425336405178e-23 2736
57 1.946902590492566e-40 1.43973376919764e-40 1.60963019557109e-28 2276
60 1.226113845688787e-40 9.704411948392949e-41 1.113018456513164e-28 2016
63 8.563586615134857e-41 7.045910166410008e-41 9.111310067998524e-29 1640
66 5.398383763994224e-41 5.324171279099726e-41 9.605433963895181e-29 1056
69 3.705067068290019e-41 3.652455826076945e-41 9.467743897569495e-29 683
72 1.935683921997328e-41 2.226088639625382e-41 1.022668984186762e-28 350
75 1.158865342688355e-41 1.335271038959154e-41 1.044995501903893e-28 192
78 2.864748794826864e-42 2.21172078648212e-42 7.763406932524139e-29 44
81 1.585018429853942e-42 9.021533141206757e-43 5.788564310237761e-29 25


3 8.904845146271155e-13 1.689747955632092e-14 270.2346641736837 18
6 1.867521421505135e-13 5.39873744752866e-16 2.69405337350746 62
9 7.232813848444916e-14 2.245208438746319e-15 1.666611962235679 98
12 8.982677641222234e-14 4.61004922156962e-15 1.008855961950123 210
15 1.003580397403211e-13 1.595125326034858e-14 1.300305938509252 350
18 5.536401454293521e-14 7.349863345957313e-15 0.3547827194902635 450
21 2.933478168223422e-21 4.771660569524088e-22 1.319546807382518e-08 602
24 6.721235451327598e-22 1.306401158993592e-22 2.254763041794909e-09 762
27 4.610939854401509e-22 1.186725768615837e-22 1.083882935233195e-09 1142
30 1.946886657829889e-22 6.092005946464295e-23 4.149640185889226e-10 1250
33 5.90773136780534e-23 1.817855179373869e-23 9.098050955777741e-11 1458
36 3.557291038559224e-24 1.212801002414127e-24 4.171169546547067e-12 1814
39 7.047586425584112e-31 2.890934993343168e-31 7.049309591930008e-19 2178
42 2.835467098927686e-31 1.427182080775187e-31 2.602072029253313e-19 2498
45 1.059638401212439e-31 5.624064731324998e-32 8.65138457587095e-20 2622
48 2.858966765836874e-32 1.612250043467192e-32 1.814700794483664e-20 3191
51 2.336259549274344e-33 1.554504631443255e-33 1.615585537467626e-21 3044
54 1.452226781443313e-35 1.146882856070188e-35 1.173927972301966e-23 2736
57 1.889991415144063e-40 1.441288275824769e-40 1.629530291952365e-28 2276
60 1.286648832262698e-40 9.069475402002281e-41 1.079451705630628e-28 2016
63 8.584251275526185e-41 6.911783991802856e-41 9.115807682164245e-29 1640
66 5.525690485132706e-41 5.15368818825887e-41 9.535668492130263e-29 1056
69 3.721035919812339e-41 3.568363023052384e-41 9.449413221221765e-29 683
72 1.897525945466062e-41 2.220037230349624e-41 1.033270118983513e-28 350
75 1.160091270487419e-41 1.297901417111807e-41 1.036426488129488e-28 192
78 2.749579426805398e-42 2.125172591988003e-42 7.5626198796529e-29 44
81 1.57625808647709e-42 9.465295551679363e-43 6.055162136815113e-29 25


3 1.646025034356191e-12 9.75831766472752e-15 230.164793812118 18
6 1.489197310888447e-13 1.349648434619817e-15 3.671935870952645 62
9 2.993614003347547e-14 3.708234744200998e-15 2.435616098543038 98
12 1.0463727527958e-13 3.922152164162016e-15 0.933996333758611 210
15 1.344545214040949e-13 1.212510385554997e-14 1.080355938978291 350
18 5.922205922448939e-14 6.73550186071708e-15 0.339888801915315 450
21 3.062145724282804e-21 4.354029810053249e-22 1.252657056231925e-08 602
24 6.498927363900225e-22 1.308256175248697e-22 2.295569367541052e-09 762
27 4.842070786478174e-22 1.092141229653959e-22 1.034527491758763e-09 1142
30 2.061690245210745e-22 5.600115893836005e-23 3.961865302017382e-10 1250
33 5.382278522706006e-23 1.945562636449811e-23 9.710847467581134e-11 1458
36 3.045990266676276e-24 1.377087337434585e-24 4.645126485772239e-12 1814
39 6.646353286177516e-31 2.96905994655528e-31 7.282121602400333e-19 2178
42 2.934373727469169e-31 1.336883263130122e-31 2.516062222018918e-19 2498
45 1.015737828843523e-31 5.754487478932407e-32 8.92235807043221e-20 2622
48 2.793650742336943e-32 1.612462575406175e-32 1.839770447042398e-20 3191
51 2.351419017842167e-33 1.505590827476953e-33 1.600574878573462e-21 3044
54 1.563005932121305e-35 1.053471597460254e-35 1.122949813336302e-23 2736
57 1.920011598463521e-40 1.395607086267437e-40 1.61653790717264e-28 2276
60 1.291584560196097e-40 8.823302676134091e-41 1.073784995243978e-28 2016
63 8.650520351155278e-41 6.791732711955771e-41 9.146755029755185e-29 1640
66 5.76758251103449e-41 4.912795448029807e-41 9.386280473818833e-29 1056
69 3.779959582296292e-41 3.470467493633461e-41 9.415977701064481e-29 683
72 1.892384849189259e-41 2.212880115997989e-41 1.0468051470965e-28 350
75 1.169330617818148e-41 1.293463404999528e-41 1.052347891554566e-28 192
78 2.915043225016014e-42 2.061585940691332e-42 7.626381524512509e-29 44
81 1.581872751676053e-42 9.318600372679812e-43 6.08753686454123e-29 25


3 2.300829033797376e-12 3.665376152721831e-15 182.9948904907364 18
6 8.440453486701167e-14 2.712331133449644e-15 5.636164421776806 62
9 3.116352489443097e-14 3.552496868857299e-15 2.473432178875258 98
12 9.30196294996905e-14 4.258005537350224e-15 1.004608607717822 210
15 1.711870337416916e-13 9.389432710052194e-15 0.9300456841056426 350
18 6.347243633298061e-14 6.128288609660753e-15 0.3246914992424054 450
21 2.846297330646501e-21 4.628483334767365e-22 1.340520662483498e-08 602
24 6.617700716692501e-22 1.259352085320245e-22 2.276316414770932e-09 762
27 4.448462120932627e-22 1.164887176378751e-22 1.106800495223834e-09 1142
30 1.921060444383932e-22 5.858936493401387e-23 4.166167225992839e-10 1250
33 5.731236864813574e-23 1.786789193867247e-23 9.270858077159913e-11 1458
36 3.557628005574836e-24 1.151009965271928e-24 4.138020309240934e-12 1814
39 6.993883381425177e-31 2.772945273928509e-31 7.045150016270265e-19 2178
42 2.935256219985494e-31 1.312969930476786e-31 2.523578441070419e-19 2498
45 1.068385202265485e-31 5.303125009290417e-32 8.531375774199029e-20 2622
48 2.763378571577324e-32 1.584903287912637e-32 1.841907193750366e-20 3191
51 2.45531463610157e-33 1.402594104507271e-33 1.544779820411218e-21 3044
54 1.670097364362205e-35 9.617039664891438e-36 1.071158654357821e-23 2736
57 2.010985725955903e-40 1.310653385035522e-40 1.573145143712072e-28 2276
60 1.240260931113196e-40 9.205958258168151e-41 1.12210057208554e-28 2016
63 8.604836309427435e-41 6.688189301641343e-41 9.173552674208636e-29 1640
66 6.013618641371981e-41 4.68723802666458e-41 9.258871049829589e-29 1056
69 3.922603537124151e-41 3.32975695365312e-41 9.316357691738429e-29 683
72 1.903340672065206e-41 2.177502239975987e-41 1.051043583404222e-28 350
75 1.176121181730791e-41 1.247755598642045e-41 1.038620479762915e-28 192
78 3.040864925849832e-42 1.992115057391218e-42 7.636847809187485e-29 44
81 1.601653108073772e-42 8.505842727999226e-43 5.841364210467577e-29 25


3 2.650370916873834e-12 3.727333597769293e-16 142.9173070659582 18
6 4.059239415321144e-14 3.597578822222516e-15 7.360011682104915 62
9 7.189248652416386e-14 2.012145075177907e-15 1.72660243671783 98
12 6.87834000424269e-14 5.13202876192565e-15 1.177044371073339 210
15 1.353960602469682e-13 1.242653445377123e-14 1.171373873047629 350
18 5.519082930040106e-14 6.846556891030805e-15 0.3604073604886153 450
21 2.994289608645206e-21 4.276780760908975e-22 1.291955004719093e-08 602
24 6.458949084226444e-22 1.256769282960394e-22 2.319319963544807e-09 762
27 4.842774282821718e-22 1.036826669689701e-22 1.032530924188182e-09 1142
30 2.008467933293359e-22 5.455520372744018e-23 4.020955444264198e-10 1250
33 5.384031452591328e-23 1.850510956182596e-23 9.673565006821207e-11 1458
36 3.107938944285389e-24 1.289277998585658e-24 4.569495296431791e-12 1814
39 6.532059302046903e-31 2.870087597911849e-31 7.325172303721301e-19 2178
42 2.686239262016436e-31 1.386764772747016e-31 2.660643026432467e-19 2498
45 1.079325153032195e-31 5.116669223179717e-32 8.441261390539319e-20 2622
48 2.82638725856756e-32 1.515775798378831e-32 1.811408680338939e-20 3191
51 2.401792688243924e-33 1.394480122242306e-33 1.558680693412227e-21 3044
54 1.560375271381338e-35 1.003509435731869e-35 1.115717528086191e-23 2736
57 2.004934928937976e-40 1.284697942411691e-40 1.573124332666836e-28 2276
60 1.176502329554827e-40 9.594967761240368e-41 1.170913172983019e-28 2016
63 8.819334958551416e-41 6.564630542374572e-41 9.227013033269296e-29 1640
66 6.006060225039018e-41 4.605354276337459e-41 9.275679754820295e-29 1056
69 4.006177388555099e-41 3.265616580150434e-41 9.360969247931977e-29 683
72 1.997840698034124e-41 2.101626340449413e-41 1.045663438059543e-28 350
75 1.188814638867482e-41 1.189187180805574e-41 1.017580814428258e-28 192
78 2.973842374327301e-42 1.967097519393194e-42 7.634125609513757e-29 44
81 1.620117430737336e-42 8.318182010963591e-43 5.851876847215669e-29 25


3 2.591853926476554e-12 7.117301090132584e-16 131.3366570807471 18
6 4.805091246905313e-14 3.366156925729665e-15 7.614159048097528 62
9 1.034326781890923e-13 8.716459051554021e-16 1.086276632088234 98
12 6.26093117199998e-14 5.412206513742567e-15 1.282999780508404 210
15 1.146292457707028e-13 1.298875228830092e-14 1.2429489927785 350
18 5.587509507587056e-14 6.608696947573048e-15 0.3608156533694021 450
21 2.905960563537636e-21 4.269462507546619e-22 1.318748580277517e-08 602
24 6.398855834682923e-22 1.233450612549756e-22 2.33552811611899e-09 762
27 4.288994976369118e-22 1.145769243235495e-22 1.136490154190781e-09 1142
30 1.905135833296471e-22 5.610245090164726e-23 4.180432942874182e-10 1250
33 5.532486566074545e-23 1.761032738626986e-23 9.486012134532082e-11 1458
36 3.284291499599785e-24 1.199563264888366e-24 4.404865148260167e-12 1814
39 6.797466247563185e-31 2.705994611199269e-31 7.133610751537598e-19 2178
42 2.929489075447229e-31 1.244303175005084e-31 2.499337914458651e-19 2498
45 9.909226102573183e-32 5.469269633146282e-32 8.986551559783679e-20 2622
48 2.750768068328544e-32 1.517264349659103e-32 1.837786553650672e-20 3191
51 2.274458697671753e-33 1.438519799691712e-33 1.614591988803721e-21 3044
54 1.452533770808593e-35 1.05090999465011e-35 1.167156646325762e-23 2736
57 1.879901969970643e-40 1.360394021114956e-40 1.659747992551398e-28 2276
60 1.153634988334818e-40 9.626404909377208e-41 1.190364927417008e-28 2016
63 8.685368629904044e-41 6.524256085166834e-41 9.305888928865132e-29 1640
66 5.990877576711523e-41 4.58938028964534e-41 9.397751919851166e-29 1056
69 4.07108869257063e-41 3.210034206761991e-41 9.415604515539155e-29 683
72 2.069479347050264e-41 2.035830123498604e-41 1.041909817078984e-28 350
75 1.214544159822086e-41 1.171365553030338e-41 1.02564430201256e-28 192
78 2.973793555298059e-42 1.86787486625985e-42 7.465724925689145e-29 44
81 1.655109815215256e-42 7.45885279126893e-43 5.577679974346847e-29 25


3 2.151376202691157e-12 4.382766491972202e-15 174.0313817548886 18
6 9.937752695139164e-14 2.203643547598083e-15 6.01413699573627 62
9 9.045522763200399e-14 1.332160331713634e-15 1.412177255431285 98
12 8.47025892690022e-14 4.46003677975879e-15 1.166759991608375 210
15 1.362522274654125e-13 1.092552440087973e-14 1.12496877629749 350
18 6.207709297045683e-14 5.801495138795103e-15 0.3361008770433025 450
21 2.759646077362388e-21 4.448890447969576e-22 1.396812217189732e-08 602
24 6.419758041955405e-22 1.203893001758064e-22 2.343089340330297e-09 762
27 4.834662508876112e-22 9.885876468506186e-23 1.035794988211733e-09 1142
30 1.94944192263892e-22 5.344096835442322e-23 4.104337147901072e-10 1250
33 5.382901883706122e-23 1.760865382193722e-23 9.647413122353795e-11 1458
36 3.301575016469905e-24 1.158300754107351e-24 4.362632681291845e-12 1814
39 6.575719647557551e-31 2.724418811136153e-31 7.279736616722134e-19 2178
42 2.800377488833054e-31 1.269994759759581e-31 2.573884290544809e-19 2498
45 1.004115503722246e-31 5.235678070263552e-32 8.825536062258144e-20 2622
48 2.68370429150094e-32 1.519066099477747e-32 1.865340003878671e-20 3191
51 2.26301821409956e-33 1.412423955551855e-33 1.616043847345222e-21 3044
54 1.49248672323857e-35 1.007767055871327e-35 1.150280450189416e-23 2736
57 1.799921889422106e-40 1.399539963004975e-40 1.717450868224837e-28 2276
60 1.199402396650545e-40 9.304060171657775e-41 1.183425315280145e-28 2016
63 8.505009803588021e-41 6.758262251267614e-41 9.704763891587814e-29 1640
66 5.794526910304339e-41 4.649798257764104e-41 9.594007754168198e-29 1056
69 4.046797804856943e-41 3.250591097241326e-41 9.650693020922397e-29 683
72 2.108463888078601e-41 1.938020882157672e-41 1.020384366749832e-28 350
75 1.24692414999694e-41 1.148274982683417e-41 1.031267009671874e-28 192
78 3.104930206730087e-42 1.945002865119202e-42 7.902027896101027e-29 44
81 1.663751115623099e-42 7.063130275633405e-43 5.482914538847369e-29 25


3 1.469528349594438e-12 1.009436200157065e-14 291.1335677549302 18
6 1.561423466958564e-13 9.467027527468739e-16 3.632112008925399 62
9 4.939141161344356e-14 2.722500009835487e-15 2.502849982673919 98
12 1.063139130619491e-13 3.275140657981576e-15 0.9667819347876134 210
15 1.477500527847848e-13 1.058202820811105e-14 1.142117658549527 350
18 5.553590754879484e-14 6.326371397699486e-15 0.3675603908374379 450
21 3.029076394840576e-21 3.847179917008737e-22 1.27524308167003e-08 602
24 6.274844291064352e-22 1.195217406615008e-22 2.377682709509773e-09 762
27 4.175406250117657e-22 1.117882303719006e-22 1.159627912773782e-09 1142
30 1.902870719494448e-22 5.357969955057462e-23 4.186369544752261e-10 1250
33 5.341759442069085e-23 1.730316062772276e-23 9.679475757502131e-11 1458
36 3.033844691018838e-24 1.232650688293004e-24 4.643556219937971e-12 1814
39 6.437073291125126e-31 2.702961238713396e-31 7.342611233123606e-19 2178
42 2.645706880610478e-31 1.312148023781484e-31 2.674530316138091e-19 2498
45 1.082297597472245e-31 4.744506657966245e-32 8.356544520416937e-20 2622
48 2.714547192960163e-32 1.467123572758263e-32 1.845622983759766e-20 3191
51 2.312819052079108e-33 1.341712435040378e-33 1.579066230472345e-21 3044
54 1.491114923083393e-35 9.702456459238144e-36 1.132806671870453e-23 2736
57 1.898280332508269e-40 1.331791989952017e-40 1.687997015074924e-28 2276
60 1.244309839682794e-40 8.822072465992882e-41 1.157937789566624e-28 2016
63 8.2631819184099e-41 6.91141650958188e-41 1.000164073995683e-28 1640
66 5.527950353755624e-41 4.833442324758365e-41 9.978848555501965e-29 1056
69 3.929777752580385e-41 3.373205306938265e-41 1.00520640371023e-28 683
72 2.188060727506227e-41 1.923028489976401e-41 1.037712458039009e-28 350
75 1.240385992914373e-41 1.117213945458836e-41 1.024128920554841e-28 192
78 3.088918253686996e-42 1.875292833335492e-42 7.812610300424627e-29 44
81 1.566428504072078e-42 6.823970943972816e-43 5.317723271594721e-29 25


3 7.542580962078784e-13 1.598177733635537e-14 483.1249417994501 18
6 1.773801432467888e-13 4.599624256925021e-16 2.486243423606757 62
9 2.63546437323609e-14 3.407023376411954e-15 3.206670947951776 98
12 9.339277594201948e-14 3.563417362298389e-15 1.048319296214729 210
15 1.383327677788194e-13 1.076044134387892e-14 1.185444519325667 350
18 5.270874548066551e-14 6.479477271695584e-15 0.3838861809840529 450
21 2.621452206964129e-21 4.376949795618339e-22 1.4393871739367e-08 602
24 6.245924347158036e-22 1.173507421944097e-22 2.390814434363937e-09 762
27 4.753106924802476e-22 9.574566127507362e-23 1.048538268653885e-09 1142
30 1.888966579568818e-22 5.257758027998302e-23 4.196604608148188e-10 1250
33 5.366541600175537e-23 1.679117211747363e-23 9.616679444828288e-11 1458
36 3.346310947377031e-24 1.08556954472124e-24 4.288872435958333e-12 1814
39 6.698206059584154e-31 2.542587461718851e-31 7.130163557235132e-19 2178
42 2.871464142721381e-31 1.179512272326213e-31 2.511772419393835e-19 2498
45 9.594708649886122e-32 5.235119930742654e-32 9.086227910025934e-20 2622
48 2.689248700341479e-32 1.439168373271526e-32 1.84400984988648e-20 3191
51 2.308443198117734e-33 1.309535612091482e-33 1.572620337069501e-21 3044
54 1.469514614937021e-35 9.472752727700073e-36 1.125948952255016e-23 2736
57 1.991635499097943e-40 1.242875067552429e-40 1.632767152210651e-28 2276
60 1.246849529394551e-40 8.529765786491877e-41 1.144954184714215e-28 2016
63 8.285197808515039e-41 6.822451249769924e-41 1.005779258592345e-28 1640
66 5.344209004616996e-41 4.898349088092996e-41 1.020230645340807e-28 1056
69 3.79462721801531e-41 3.477364873121419e-41 1.040167749359762e-28 683
72 2.205761922100951e-41 1.891449022419202e-41 1.041586483805637e-28 350
75 1.247278978249281e-41 1.076662611626814e-41 1.010753345925763e-28 192
78 3.041847602134629e-42 1.942425294922611e-42 8.080764660965538e-29 44
81 1.459800241833849e-42 7.449137256143844e-43 5.557353331724758e-29 25


3 2.157804006953058e-13 2.021835524455335e-14 710.7351254207008 18
6 1.483229743130297e-13 1.027902022342208e-15 4.079205171089856 62
9 4.445337024410097e-14 2.665315443704547e-15 2.743076174697967 98
12 5.868113458686032e-14 5.095593087950736e-15 1.428996057672742 210
15 1.207131919220634e-13 1.118672440761055e-14 1.244059884966244 350
18 6.005239743970797e-14 5.571078093811376e-15 0.3491191884101203 450
21 2.850123840788568e-21 3.98131395088239e-22 1.365359287102156e-08 602
24 6.255976445149723e-22 1.145272052391666e-22 2.387951989724279e-09 762
27 4.150423593509212e-22 1.071320384710934e-22 1.16143401590588e-09 1142
30 1.906404438228839e-22 5.109087406237646e-23 4.171890321914733e-10 1250
33 5.175735202980989e-23 1.695101060251731e-23 9.825907793051454e-11 1458
36 2.97282071545795e-24 1.191433924058943e-24 4.661942734613009e-12 1814
39 6.179175141736186e-31 2.6780096223797e-31 7.505015795467596e-19 2178
42 2.679176620927171e-31 1.232674778027239e-31 2.627031652557999e-19 2498
45 9.731346613408598e-32 5.032852034934924e-32 8.94214756459501e-20 2622
48 2.660925311116994e-32 1.422799669651506e-32 1.85331739311373e-20 3191
51 2.239684219894106e-33 1.322476160452172e-33 1.604112987709078e-21 3044
54 1.513928262380487e-35 9.020792404041683e-36 1.103389363535856e-23 2736
57 1.921653247919715e-40 1.263992458517193e-40 1.67225856528685e-28 2276
60 1.220200715035154e-40 8.488197574640819e-41 1.154415255897731e-28 2016
63 8.545257436284155e-41 6.497036931984789e-41 9.860299484259841e-29 1640
66 5.291896183152511e-41 4.854363155433669e-41 1.026061895430906e-28 1056
69 3.666477967277567e-41 3.520004973177609e-41 1.060882223721032e-28 683
72 2.215035204120744e-41 1.849999157506201e-41 1.040084700554687e-28 350
75 1.256311453554871e-41 1.051375834696288e-41 1.007773661826963e-28 192
78 2.949000489201561e-42 2.015011331502708e-42 8.349654954447422e-29 44
81 1.368068799921309e-42 7.926277452912695e-43 5.778439574844032e-29 25


3 4.721061185910888e-15 2.154525762752615e-14 854.8640278160083 18
6 8.948739564469443e-14 2.189660846062572e-15 7.71609113298039 62
9 8.081136019540913e-14 1.381658058225358e-15 1.680084611506515 98
12 5.193729372044603e-14 5.511868641342127e-15 1.573729464399383 210
15 1.170163788446546e-13 1.172178034153094e-14 1.324275835001421 350
18 5.643288817479472e-14 5.786076878821829e-15 0.3647628405500253 450
21 2.928546734192904e-21 3.712402491606043e-22 1.310289806800646e-08 602
24 6.109869428037867e-22 1.142274200668864e-22 2.41870440556774e-09 762
27 4.576246387300796e-22 9.475241332167921e-23 1.072153603464483e-09 1142
30 1.828586125617882e-22 5.170359598570095e-23 4.267268614622748e-10 1250
33 5.338742574021842e-23 1.60675563076118e-23 9.570547375104102e-11 1458
36 3.221510889970295e-24 1.077228175712237e-24 4.381834549146638e-12 1814
39 6.591545303761388e-31 2.462129700592723e-31 7.151261063908584e-19 2178
42 2.64358222624916e-31 1.224308224719896e-31 2.648191167964068e-19 2498
45 1.065747531506815e-31 4.479655502938704e-32 8.341560151902428e-20 2622
48 2.607026552180441e-32 1.415980641511663e-32 1.869286008960287e-20 3191
51 2.196884796532158e-33 1.317301737973474e-33 1.619119305424469e-21 3044
54 1.462821324905358e-35 9.200567748731446e-36 1.133181893118703e-23 2736
57 1.815617069969665e-40 1.302789948683098e-40 1.725971352933834e-28 2276
60 1.191566451028489e-40 8.570907322058188e-41 1.176802627836509e-28 2016
63 8.640720312538976e-41 6.269065837181716e-41 9.738224275506529e-29 1640
66 5.418411378415326e-41 4.644690333184803e-41 1.00819705404956e-28 1056
69 3.611893981299627e-41 3.480364792269412e-41 1.064323250154798e-28 683
72 2.195328813351752e-41 1.817132796359918e-41 1.038749130259653e-28 350
75 1.246181593635244e-41 1.030859510992138e-41 1.006266661903215e-28 192
78 2.782833248007528e-42 2.072087153418167e-42 8.536393964633074e-29 44
81 1.234300288005938e-42 9.033639065494812e-43 6.244334201033089e-29 25


3 1.708743812671439e-13 1.96417349445283e-14 793.1207948214546 18
6 4.103982610711138e-14 3.102074041813294e-15 10.62968856229001 62
9 9.50198107384534e-14 9.320530839503433e-16 1.281722740667341 98
12 8.693415390176825e-14 3.827023264480305e-15 1.194866864139949 210
15 1.43181287264933e-13 9.883371915328585e-15 1.177558477308567 350
18 5.01617570025937e-14 6.302776716659655e-15 0.3950123319451129 450
21 2.456055994928962e-21 4.359004020772543e-22 1.507549000486322e-08 602
24 6.138559814523477e-22 1.112057328195056e-22 2.399036549111907e-09 762
27 4.217633259649133e-22 1.007144519307903e-22 1.137196928912742e-09 1142
30 1.901004956367439e-22 4.872786675747465e-23 4.130468186526183e-10 1250
33 5.046066555571969e-23 1.656302689026346e-23 9.908359144135923e-11 1458
36 3.027821788231595e-24 1.112391083119424e-24 4.539594166053605e-12 1814
39 6.222199013926104e-31 2.535584531002765e-31 7.390202168658637e-19 2178
42 2.77077715499431e-31 1.134100523181766e-31 2.533951199985519e-19 2498
45 9.245314667353833e-32 5.027431560457124e-32 9.156340176597393e-20 2622
48 2.610573538159296e-32 1.376414949212579e-32 1.852465859630763e-20 3191
51 2.228416250537401e-33 1.271664947861216e-33 1.598446016502811e-21 3044
54 1.3378548952057e-35 9.68215778161295e-36 1.185627600439907e-23 2736
57 1.849170620354347e-40 1.263408960379838e-40 1.712204768095472e-28 2276
60 1.15607998707004e-40 8.697016171835465e-41 1.203067205073745e-28 2016
63 8.459142964103965e-41 6.272942067057876e-41 9.851262922379516e-29 1640
66 5.584960035097223e-41 4.412082448268542e-41 9.856749143556242e-29 1056
69 3.602392920012528e-41 3.406167393886447e-41 1.060183515867734e-28 683
72 2.127463265558551e-41 1.839481845754888e-41 1.057811004456764e-28 350
75 1.241261145159818e-41 1.020858536739053e-41 1.012108074994126e-28 192
78 2.616105987628808e-42 2.186997331753058e-42 8.887467162535855e-29 44
81 1.088517116824425e-42 1.024278659344392e-42 6.76946312136911e-29 25


3 6.53324632428011e-13 1.516144031210777e-14 572.9380798910366 18
6 3.468031314296419e-14 3.13932051073472e-15 10.51786771283117 62
9 7.340164739019187e-14 1.673108149362522e-15 1.939538853205282 98
12 1.13118371121621e-13 2.359429157089206e-15 0.8357076658786637 210
15 1.491412793595017e-13 8.622780454542018e-15 1.057893147915159 350
18 5.712556615606297e-14 5.457638995865442e-15 0.3563672506388306 450
21 2.987693332413106e-21 3.490114665636642e-22 1.2798411201487e-08 602
24 6.081859966776093e-22 1.096509170508962e-22 2.396415378521886e-09 762
27 4.336674381961052e-22 9.538879837954009e-23 1.102151111846815e-09 1142
30 1.77414453369057e-22 5.060278130534854e-23 4.293494100897813e-10 1250
33 5.295605499085357e-23 1.544447103744676e-23 9.506384342429673e-11 1458
36 3.062444017842602e-24 1.080834910352186e-24 4.494059756756454e-12 1814
39 6.286528560944805e-31 2.467100197665572e-31 7.327483612640835e-19 2178
42 2.584051657532362e-31 1.18624233092396e-31 2.64582354729912e-19 2498
45 9.638930085077635e-32 4.73978610224281e-32 8.872549280091145e-20 2622
48 2.619420551442856e-32 1.340238424556697e-32 1.838117267817498e-20 3191
51 2.20790204189561e-33 1.249721104055549e-33 1.595660923995792e-21 3044
54 1.418117201836425e-35 8.953835748401605e-36 1.134540729043664e-23 2736
57 1.90026625140307e-40 1.208861532196421e-40 1.681501282048116e-28 2276
60 1.131270213825336e-40 8.668916487267827e-41 1.212901325964357e-28 2016
63 8.205779397171721e-41 6.30479566113503e-41 9.985975247322776e-29 1640
66 5.629699538152908e-41 4.238192512308e-41 9.693130365868732e-29 1056
69 3.637392471421095e-41 3.336835273612842e-41 1.059364429747218e-28 683
72 2.021202372027384e-41 1.883000240034468e-41 1.083404379005544e-28 350
75 1.210624532147927e-41 1.024720036589998e-41 1.024855788383937e-28 192
78 2.32147344831013e-42 2.347164633426266e-42 9.289194476020865e-29 44
81 1.000972166283729e-42 1.13771589986205e-42 7.330428576696534e-29 25


3 1.302772264316223e-12 9.472485338888487e-15 345.1598295454647 18
6 7.281361088488415e-14 2.303579952492594e-15 7.702616417541387 62
9 4.077874511362919e-14 2.682533120438176e-15 2.783751314301212 98
12 8.769671125036898e-14 3.378831288709799e-15 1.064980699894962 210
15 1.081841697301709e-13 1.131625892666556e-14 1.304011563554254 350
18 5.759947269228079e-14 5.254410321699632e-15 0.3470450831974057 450
21 2.700674768336587e-21 3.800440346605014e-22 1.372279870205194e-08 602
24 5.975602125275204e-22 1.083269554782522e-22 2.390090692239119e-09 762
27 4.340272208221325e-22 9.347525900442762e-23 1.094213535827569e-09 1142
30 1.884388188817887e-22 4.665487543083152e-23 4.074458849113438e-10 1250
33 4.948084155469497e-23 1.612474030500419e-23 9.911441956115456e-11 1458
36 3.061400560688828e-24 1.048454721114547e-24 4.434009297396686e-12 1814
39 6.295366505957408e-31 2.387764666937068e-31 7.220045313638159e-19 2178
42 2.641666148189606e-31 1.136114045016142e-31 2.590602839901747e-19 2498
45 1.024683025404151e-31 4.314474345079435e-32 8.381124535583037e-20 2622
48 2.538068308797672e-32 1.347453097204859e-32 1.863304579923087e-20 3191
51 2.181625992867813e-33 1.232877593562165e-33 1.596399679551398e-21 3044
54 1.53342812292135e-35 8.094309418441997e-36 1.071549229345713e-23 2736
57 1.853153861317911e-40 1.2097666268076e-40 1.698829893936906e-28 2276
60 1.168892241716831e-40 8.285601673926442e-41 1.190241937665163e-28 2016
63 8.241316029002643e-41 6.175075007940985e-41 9.96034155973294e-29 1640
66 5.569366539931031e-41 4.228605332922782e-41 9.791492069015573e-29 1056
69 3.654734330945452e-41 3.301192346581516e-41 1.065646823004736e-28 683
72 1.954532455287626e-41 1.968163480108087e-41 1.133659827169653e-28 350
75 1.160758651469198e-41 1.02683742327656e-41 1.032018530620733e-28 192
78 2.128437172626255e-42 2.569407199504619e-42 1.001252733373381e-28 44
81 7.843963596994601e-43 1.299189364273122e-42 8.00793925196974e-29 25


3 1.927767368325516e-12 4.222519134662211e-15 194.3814460701019 18
6 1.284617739675825e-13 1.178672898770157e-15 4.449519810004576 62
9 3.106917226591436e-14 2.863570324534664e-15 2.855602676314423 98
12 4.459567981624051e-14 5.38402170403256e-15 1.521331277652469 210
15 1.023782044519342e-13 1.19834440512765e-14 1.369526583303118 350
18 4.878592318601874e-14 6.025063985820797e-15 0.3859318016588202 450
21 2.452725878962462e-21 4.072939427062307e-22 1.456347486673992e-08 602
24 5.981752255443018e-22 1.062600860064501e-22 2.369929152049496e-09 762
27 4.088040225958288e-22 9.62780790719512e-23 1.127107614909919e-09 1142
30 1.733382654504695e-22 4.929030846961458e-23 4.279674249985591e-10 1250
33 5.232481641991032e-23 1.490328612864103e-23 9.424832068952826e-11 1458
36 2.968388776214544e-24 1.060799233014696e-24 4.515185915650215e-12 1814
39 6.115438808367425e-31 2.406261469609746e-31 7.330367169675707e-19 2178
42 2.656047224287286e-31 1.102999422034152e-31 2.560622877022514e-19 2498
45 9.087479743073805e-32 4.754685826084078e-32 9.067317608583328e-20 2622
48 2.548742308408162e-32 1.313221503892732e-32 1.848154135821451e-20 3191
51 2.191913770337503e-33 1.205206128714468e-33 1.588339311696648e-21 3044
54 1.384191403815268e-35 8.7474272818137e-36 1.13957789692959e-23 2736
57 1.824437252612668e-40 1.209935394003005e-40 1.718293294104229e-28 2276
60 1.213011119484863e-40 7.84651489749745e-41 1.161044157753651e-28 2016
63 8.36539939482213e-41 6.056383577364627e-41 9.962843282960719e-29 1640
66 5.508453506153369e-41 4.268450238077987e-41 9.982652671368124e-29 1056
69 3.675048747130833e-41 3.210161487171388e-41 1.056868017924239e-28 683
72 1.880704051328435e-41 2.029032077681314e-41 1.171484464872138e-28 350
75 1.15783014168903e-41 1.044051494031663e-41 1.060278419736552e-28 192
78 1.966262821461897e-42 2.878988966981464e-42 1.103857399872163e-28 44
81 7.12545590010792e-43 1.37175462328379e-42 8.429136803258701e-29 25


3 2.350483681533713e-12 8.220458471190518e-16 128.2073605972333 18
6 1.645865296186043e-13 4.978799326646381e-16 2.730156724276575 62
9 5.168942204637517e-14 2.088748806748169e-15 2.152095326156145 98
12 4.78115668911736e-14 5.203615288504571e-15 1.462911539715166 210
15 1.522446075425668e-13 8.00287736128034e-15 1.00161588827109 350
18 5.324541480364957e-14 5.458939495076051e-15 0.3580032011418917 450
21 3.004821024801526e-21 3.144794534838359e-22 1.196005453948585e-08 602
24 5.957311861399079e-22 1.03698454936076e-22 2.33472679894599e-09 762
27 4.430542622246673e-22 8.736700706863907e-23 1.053725930458935e-09 1142
30 1.86235588213259e-22 4.498791597781754e-23 4.024623801784803e-10 1250
33 4.86538078630487e-23 1.563675282911101e-23 9.844279783735747e-11 1458
36 3.030295439371391e-24 1.013622152711438e-24 4.401694508892118e-12 1814
39 6.151787377256832e-31 2.333283035875813e-31 7.228813706645811e-19 2178
42 2.525832179114205e-31 1.130687626582005e-31 2.629426982154425e-19 2498
45 9.502795641926525e-32 4.479819470249771e-32 8.773976295842789e-20 2622
48 2.548538342676113e-32 1.27865358103318e-32 1.830082797540999e-20 3191
51 2.122444569843293e-33 1.215340773877192e-33 1.61266412171821e-21 3044
54 1.296242526352598e-35 9.082780513719757e-36 1.18071788551476e-23 2736
57 1.865371787831442e-40 1.191262487950151e-40 1.724999490388599e-28 2276
60 1.200233246189061e-40 7.901537904410731e-41 1.181345205378615e-28 2016
63 8.231160278151811e-41 6.047238865914691e-41 1.005762800884139e-28 1640
66 5.377873771043621e-41 4.318115864513491e-41 1.017525152819963e-28 1056
69 3.807614792883009e-41 3.126681685739495e-41 1.054926128351016e-28 683
72 1.832822372619563e-41 2.034064046314697e-41 1.185804384600583e-28 350
75 1.119453731326371e-41 1.047599452803377e-41 1.070664335730431e-28 192
78 1.79399187472263e-42 2.868822760046647e-42 1.102732824948094e-28 44
81 6.226386541803654e-43 1.467111105176262e-42 8.948578274600585e-29 25


3 2.455652636889482e-12 7.997673175209254e-17 126.3916464783642 18
6 1.587404562964589e-13 6.519553499181167e-16 3.06020112443356 62
9 7.876228511835893e-14 1.207842537491869e-15 1.440670974488643 98
12 9.37694429346752e-14 2.933222880132587e-15 0.94476845954549 210
15 1.493611259858765e-13 7.695421314973963e-15 0.9611312841488078 350
18 5.836136604259697e-14 4.797663753654012e-15 0.3246498633110199 450
21 2.408816730213716e-21 3.912048630543645e-22 1.413193040941599e-08 602
24 5.781796436889418e-22 1.043198867354894e-22 2.354895267474618e-09 762
27 3.942928421937544e-22 9.492170054806106e-23 1.127370238198042e-09 1142
30 1.709517841017226e-22 4.778041130745209e-23 4.238534079993171e-10 1250
33 5.15571864195304e-23 1.442492046456257e-23 9.340836699626762e-11 1458
36 2.934840641765257e-24 1.022048927211623e-24 4.464186620671686e-12 1814
39 6.1155260422395e-31 2.290092587777812e-31 7.191026010397173e-19 2178
42 2.650573428321119e-31 1.058811777035442e-31 2.532691276766875e-19 2498
45 9.81540663501682e-32 4.189453771172128e-32 8.434331066060508e-20 2622
48 2.496453473830272e-32 1.275707327551747e-32 1.844011670721473e-20 3191
51 2.107028041483397e-33 1.189005963597081e-33 1.601490226833967e-21 3044
54 1.44442474714456e-35 8.105500927477463e-36 1.104374077538322e-23 2736
57 1.854402760471664e-40 1.186668265738825e-40 1.740421700040332e-28 2276
60 1.143171083329322e-40 8.332914144379883e-41 1.24111077229578e-28 2016
63 8.262930496892053e-41 6.020535529977502e-41 1.016338953828717e-28 1640
66 5.360948348615366e-41 4.306546321330983e-41 1.02841749746083e-28 1056
69 3.896236928905717e-41 3.04669036547901e-41 1.051431572208355e-28 683
72 1.881513003369881e-41 1.965344609321349e-41 1.171941761915375e-28 350
75 1.066949611721457e-41 1.06747730333319e-41 1.092395162863367e-28 192
78 1.741369197820807e-42 2.741511990862075e-42 1.070990095026712e-28 44
81 6.475577693285116e-43 1.426144975799138e-42 8.875159326063971e-29 25


3 2.220071588769105e-12 2.015613009805068e-15 162.014268580983 18
6 1.166038775351715e-13 1.463225921486847e-15 4.618782309574599 62
9 8.432178816815728e-14 1.074278690715074e-15 1.329957771140656 98
12 1.139525549229813e-13 1.890618846952728e-15 0.7089173672224636 210
15 9.095599039783047e-14 1.1898454526841e-14 1.32626588280546 350
18 4.906857286014845e-14 5.601457001050144e-15 0.363500407268644 450
21 2.54273718857082e-21 3.662157261844607e-22 1.349015105560447e-08 602
24 5.934326528577438e-22 9.988207295822576e-23 2.289608322598745e-09 762
27 4.354363104704735e-22 8.469851736864965e-23 1.041317693984475e-09 1142
30 1.830209311321328e-22 4.371365495129127e-23 3.993321785466634e-10 1250
33 4.794118790775076e-23 1.511950638972048e-23 9.742047502935428e-11 1458
36 2.975139629365984e-24 9.894363349006993e-25 4.396596222103044e-12 1814
39 6.004880798002983e-31 2.288504175591041e-31 7.252482224441013e-19 2178
42 2.508001723413667e-31 1.088830223358182e-31 2.604900671471176e-19 2498
45 9.089502911378133e-32 4.455617593123283e-32 8.897889241345615e-20 2622
48 2.484414661863067e-32 1.252368637858785e-32 1.836810612453798e-20 3191
51 2.191913894643991e-33 1.118111977695099e-33 1.549962438843474e-21 3044
54 1.421505933166678e-35 7.998812339481387e-36 1.103777534108605e-23 2736
57 1.85073928259833e-40 1.184985346455191e-40 1.760700204983412e-28 2276
60 1.141818896645966e-40 8.321839380727118e-41 1.255820291617478e-28 2016
63 8.464580012751296e-41 5.883765594602723e-41 1.014884660221149e-28 1640
66 5.418775043580825e-41 4.284914750882706e-41 1.039709688346243e-28 1056
69 3.906821312714215e-41 2.983606814486344e-41 1.04823719579149e-28 683
72 1.966308936505584e-41 1.844857683030352e-41 1.135767515112413e-28 350
75 1.023215968490421e-41 1.095991100244795e-41 1.123429084789438e-28 192
78 1.856549942943364e-42 2.568509875060318e-42 1.034371697822822e-28 44
81 6.689404410329859e-43 1.289790684007836e-42 8.255429758117428e-29 25


3 1.714767161820801e-12 5.92229548723429e-15 210.5911059879174 18
6 6.640177219508595e-14 2.349322546671355e-15 6.122906822961898 62
9 6.445652527243719e-14 1.704231711388782e-15 1.751264495603437 98
12 7.740556247835316e-14 3.545041431225593e-15 1.046675679571213 210
15 1.007053356373244e-13 1.106522252817381e-14 1.254911380861287 350
18 4.882319812188514e-14 5.526355253882958e-15 0.3607470213316218 450
21 2.949664091433371e-21 3.012858662043836e-22 1.169901374962167e-08 602
24 5.757698005488331e-22 9.967988300569416e-23 2.294363694375396e-09 762
27 3.985635235765619e-22 8.993395849064554e-23 1.094826210866861e-09 1142
30 1.698363959208185e-22 4.603422615601009e-23 4.179866730719274e-10 1250
33 5.067729565648506e-23 1.40038448095334e-23 9.279361791973271e-11 1458
36 2.900350900285136e-24 9.857029313066136e-25 4.417261985040701e-12 1814
39 6.028295510754892e-31 2.218649608880749e-31 7.148883049166561e-19 2178
42 2.560148232000617e-31 1.046232595407463e-31 2.555175246729961e-19 2498
45 9.235286342719565e-32 4.287748985814665e-32 8.735534939102665e-20 2622
48 2.490879448278275e-32 1.219335005270461e-32 1.819326213801148e-20 3191
51 2.091106568970429e-33 1.144045323192097e-33 1.588755678612115e-21 3044
54 1.309609041389812e-35 8.419402012046889e-36 1.152456476032549e-23 2736
57 1.895507946537196e-40 1.144115091605322e-40 1.739364802016459e-28 2276
60 1.206735398488521e-40 7.805432164171385e-41 1.217710101534172e-28 2016
63 8.497492574659794e-41 5.785359164200358e-41 1.014944966255217e-28 1640
66 5.499689957569141e-41 4.17206202601403e-41 1.033463479511627e-28 1056
69 3.851176517435622e-41 3.04802014896265e-41 1.078342210336309e-28 683
72 2.094133965256202e-41 1.782593042866809e-41 1.13174400748993e-28 350
75 1.013562504258082e-41 1.123577297124665e-41 1.160764621329247e-28 192
78 2.17539167733715e-42 2.340316544625878e-42 9.936291678627037e-29 44
81 8.124084224715006e-43 1.181612932789139e-42 7.94422328462602e-29 25


3 1.082012824479852e-12 1.061832346608692e-14 256.0440180577515 18
6 3.934088393071213e-14 2.730513981761683e-15 6.633041840771583 62
9 4.051512823919061e-14 2.372316213912356e-15 2.174652242286421 98
12 3.713023840280821e-14 5.312965192821884e-15 1.404631124360384 210
15 1.588944635263344e-13 6.4816817595974e-15 0.857075147024294 350
18 5.774122512576533e-14 4.510162615368189e-15 0.3120664198230997 450
21 2.250852006305615e-21 3.905890049552765e-22 1.42666778589974e-08 602
24 5.650958964454451e-22 9.99111307948163e-23 2.314909844726419e-09 762
27 4.10870199448932e-22 8.534905223550312e-23 1.060662442107534e-09 1142
30 1.785637975364793e-22 4.269299561958982e-23 3.9825545280175e-10 1250
33 4.736713342862438e-23 1.459479202248908e-23 9.643431758386422e-11 1458
36 2.939376296958329e-24 9.565614275633019e-25 4.363501221787119e-12 1814
39 5.977206621328272e-31 2.190477998620687e-31 7.149980806347279e-19 2178
42 2.540270962374054e-31 1.025210081348992e-31 2.54030072746302e-19 2498
45 9.564237815830925e-32 4.027231299194412e-32 8.434512008205431e-20 2622
48 2.449745223401466e-32 1.213553503521069e-32 1.830899197253914e-20 3191
51 2.019091485558878e-33 1.155149994409925e-33 1.613993049395103e-21 3044
54 1.384677124694403e-35 7.913653855381156e-36 1.117809260921071e-23 2736
57 1.88890478895347e-40 1.142278121157545e-40 1.759453960618466e-28 2276
60 1.233402211405672e-40 7.561749898893153e-41 1.207128307442874e-28 2016
63 8.178215867298808e-41 5.945028453889612e-41 1.044952792184253e-28 1640
66 5.605035348197602e-41 4.068855987476105e-41 1.029822561392172e-28 1056
69 3.680870857362859e-41 3.135683762124739e-41 1.109779913949645e-28 683
72 2.196561110711787e-41 1.667768190776055e-41 1.097805727201333e-28 350
75 1.000358830199427e-41 1.108780313872167e-41 1.160550105483256e-28 192
78 2.498780373381962e-42 2.041045669711297e-42 9.263589151967695e-29 44
81 9.500284038663288e-43 9.858860742093693e-43 7.126970579967954e-29 25


3 4.935097798484893e-13 1.478908774707313e-14 290.3568202649199 18
6 4.964438799469978e-14 2.395791159924823e-15 5.981559358490858 62
9 3.555996851621336e-14 2.409054062227574e-15 2.185570442779408 98
12 5.038493373622215e-14 4.537757245493605e-15 1.24946733472529 210
15 1.389933961610474e-13 7.792522393318808e-15 0.9702516880866039 350
18 5.108941504237946e-14 5.03173065556406e-15 0.3386878818113448 450
21 2.649361489420232e-21 3.257813191642811e-22 1.25400468971365e-08 602
24 5.90264929696922e-22 9.29780398212869e-23 2.209669831848503e-09 762
27 4.126862740497217e-22 8.311408245102136e-23 1.048503919393282e-09 1142
30 1.690835045633201e-22 4.4201913039867e-23 4.124145184553931e-10 1250
33 4.970472767158814e-23 1.362467678081656e-23 9.255159421012447e-11 1458
36 2.828495120410113e-24 9.630796418838867e-25 4.421676812862286e-12 1814
39 5.844497849588792e-31 2.182958759988503e-31 7.197647619979006e-19 2178
42 2.461111323430563e-31 1.036746278425076e-31 2.586415946802301e-19 2498
45 8.925525751611308e-32 4.230117736274304e-32 8.820006798240806e-20 2622
48 2.412171967779568e-32 1.202184279571297e-32 1.836198258446864e-20 3191
51 2.126938838097985e-33 1.074878759056343e-33 1.551831886989301e-21 3044
54 1.373881056083497e-35 7.761885227590373e-36 1.113462808433705e-23 2736
57 1.784070047799795e-40 1.175246367532427e-40 1.80908443657123e-28 2276
60 1.156346029047285e-40 7.906976990554971e-41 1.255191274035173e-28 2016
63 8.016032239010742e-41 5.954326696964208e-41 1.056767613058568e-28 1640
66 5.600631009374266e-41 3.99791169795304e-41 1.028785486463242e-28 1056
69 3.560068206451513e-41 3.17223064755618e-41 1.128884202746901e-28 683
72 2.255019471068485e-41 1.620389934400108e-41 1.093836438305968e-28 350
75 1.020023235265164e-41 1.074120562169619e-41 1.150953614525547e-28 192
78 2.836654360986473e-42 1.726992355679766e-42 8.55305011630385e-29 44
81 1.08360121281078e-42 7.698584378897446e-43 6.122909208947525e-29 25


3 1.033285603570261e-13 1.733875889939339e-14 310.6212817041475 18
6 8.701780178680854e-14 1.601792114726754e-15 4.653491504659766 62
9 5.204075892971588e-14 1.828558044821672e-15 1.814097595872656 98
12 9.523859263269863e-14 2.396573267103234e-15 0.8203487351950649 210
15 8.19951859982252e-14 1.17822546821778e-14 1.326048179566864 350
18 4.49183560681046e-14 5.54759426603657e-15 0.3675374907734019 450
21 2.778911966912143e-21 3.013228869116466e-22 1.193700282731873e-08 602
24 5.415404357354408e-22 9.896872970935777e-23 2.336852239612554e-09 762
27 3.850920909241716e-22 8.645562593484472e-23 1.090125658557459e-09 1142
30 1.740452262191995e-22 4.175740749013815e-23 3.991978816529882e-10 1250
33 4.684026596456221e-23 1.408715755260615e-23 9.578710735614047e-11 1458
36 2.931970093575805e-24 9.129432252982473e-25 4.300420130468207e-12 1814
39 5.948123202223678e-31 2.095409176473769e-31 7.061439090557642e-19 2178
42 2.508311899620311e-31 9.886403120590759e-32 2.524140583631206e-19 2498
45 9.094057071127329e-32 4.06158138739575e-32 8.657371001232443e-20 2622
48 2.464125532097658e-32 1.152255883388056e-32 1.801754141875884e-20 3191
51 2.066127838590265e-33 1.074909381479523e-33 1.566034335608793e-21 3044
54 1.284970502257769e-35 8.007264696249386e-36 1.146597251416689e-23 2736
57 1.811053764945662e-40 1.141321767126503e-40 1.793897139350978e-28 2276
60 1.117051684363982e-40 8.005180890754103e-41 1.27817131804261e-28 2016
63 8.321204242773313e-41 5.626545257448813e-41 1.029048584061311e-28 1640
66 5.498624571400622e-41 3.991689221523635e-41 1.038017879105585e-28 1056
69 3.566408466976582e-41 3.114646661564148e-41 1.127585296467422e-28 683
72 2.235211893585908e-41 1.610242963484515e-41 1.10035475090775e-28 350
75 1.073666156835056e-41 1.014779514533321e-41 1.121797775505223e-28 192
78 3.012809193778955e-42 1.512672768045558e-42 8.032077755877158e-29 44
81 1.196172896455067e-42 6.536809592456061e-43 5.665119897418612e-29 25


3 7.471832609710239e-15 1.764865052139659e-14 317.2814792043045 18
6 1.252435872701073e-13 8.700764157279393e-16 3.466304545992699 62
9 7.183831112244552e-14 1.221640998837393e-15 1.435992704861261 98
12 1.063530871318436e-13 1.935404908080677e-15 0.7326217220029579 210
15 1.062245455017165e-13 9.623795270658442e-15 1.152645775941605 350
18 5.482373381036875e-14 4.47229811360456e-15 0.318239846138207 450
21 2.167542276994221e-21 3.768394400913566e-22 1.427822959093381e-08 602
24 5.775963753787157e-22 9.155221155716986e-23 2.233883849732632e-09 762
27 4.199319436819452e-22 7.79813812772279e-23 1.022247961420613e-09 1142
30 1.680238711528743e-22 4.252435486880463e-23 4.09502955487215e-10 1250
33 4.874516328441044e-23 1.326369970086502e-23 9.2709955986598e-11 1458
36 2.736815015683231e-24 9.502509735477319e-25 4.474473778828213e-12 1814
39 5.730891301587872e-31 2.122789941607235e-31 7.205046377966384e-19 2178
42 2.469661192764014e-31 9.848331487135204e-32 2.546272843640087e-19 2498
45 9.244830488995244e-32 3.894299449481107e-32 8.495647933595768e-20 2622
48 2.384599653012611e-32 1.166962857907799e-32 1.837903872861127e-20 3191
51 2.005680655947813e-33 1.085911669562967e-33 1.594437791527917e-21 3044
54 1.360156897205109e-35 7.479493892955328e-36 1.10782863488723e-23 2736
57 1.891108273444443e-40 1.066887760732967e-40 1.732762471389626e-28 2276
60 1.172966250605574e-40 7.478570645779032e-41 1.234971426484171e-28 2016
63 8.606553160968988e-41 5.363587029795262e-41 1.009633655654049e-28 1640
66 5.401317139686402e-41 3.98552556908799e-41 1.047552885187784e-28 1056
69 3.676307641295987e-41 2.956641444872501e-41 1.100888349873673e-28 683
72 2.160639093586893e-41 1.664053264695979e-41 1.13861280346551e-28 350
75 1.150184412549263e-41 9.242073139968099e-42 1.068979404553797e-28 192
78 3.01195413841218e-42 1.476676175882205e-42 8.010306389161798e-29 44
81 1.228343518510262e-42 5.879831814524106e-43 5.382481958866402e-29 25


3 2.210694533371101e-13 1.569916381534351e-14 308.9497391880952 18
6 1.401215084463508e-13 6.374012611048376e-16 3.105961831987406 62
9 7.570905624026693e-14 1.127927819858636e-15 1.394685743003989 98
12 7.043199973855248e-14 3.560840403123846e-15 1.086829947251861 210
15 1.547302100476085e-13 5.951011491295064e-15 0.8370898064693861 350
18 5.409584069042739e-14 4.401587807979077e-15 0.3181927000019177 450
21 2.709499714153824e-21 2.944009885376447e-22 1.204272698976242e-08 602
24 5.630482786701892e-22 9.096257962241025e-23 2.248982787552971e-09 762
27 3.752619824166182e-22 8.467842465520716e-23 1.099965778163111e-09 1142
30 1.703260916047952e-22 4.080546034222975e-23 4.020340559704071e-10 1250
33 4.627923238367004e-23 1.361956473779279e-23 9.56738655705336e-11 1458
36 2.931709377348092e-24 8.694899225750273e-25 4.246897119598421e-12 1814
39 5.838799905025083e-31 2.045747641505075e-31 7.103380989365886e-19 2178
42 2.39338907873651e-31 9.928904645354968e-32 2.590530276994147e-19 2498
45 8.709056976071074e-32 4.031619920763258e-32 8.800777687581702e-20 2622
48 2.345691448268263e-32 1.154837853998721e-32 1.843608208798358e-20 3191
51 2.034789219286962e-33 1.051713967482705e-33 1.578069894986781e-21 3044
54 1.352093883133206e-35 7.343114747000294e-36 1.105819746199181e-23 2736
57 1.834802517450065e-40 1.075237273967288e-40 1.759737492183823e-28 2276
60 1.199053993243893e-40 7.146959562826125e-41 1.211434370887771e-28 2016
63 8.254340395474882e-41 5.526937632361469e-41 1.04163490758309e-28 1640
66 5.320915274769735e-41 3.98788747536733e-41 1.060774599729905e-28 1056
69 3.791374248782024e-41 2.818888209873176e-41 1.080587155705078e-28 683
72 1.999945826960698e-41 1.741509557606272e-41 1.180317767677071e-28 350
75 1.222291333244812e-41 8.388447904765929e-42 1.018686446580585e-28 192
78 2.774213012895346e-42 1.629799785637837e-42 8.50256687664251e-29 44
81 1.167283143713776e-42 5.941964567927135e-43 5.393856114420418e-29 25


3 6.778149652220361e-13 1.204101817790703e-14 285.0676761185354 18
6 1.245345342060764e-13 9.904950738255383e-16 3.811725027549226 62
9 6.130593038196893e-14 1.547723845181398e-15 1.719238451345635 98
12 3.984042087942034e-14 4.744987186909299e-15 1.370971573198863 210
15 1.255421012833777e-13 8.160165027845766e-15 1.058771568845773 350
18 4.30800498933999e-14 5.371570898075923e-15 0.3749474011189372 450
21 2.597832556315118e-21 3.042840191462476e-22 1.252659547418583e-08 602
24 5.249279923196542e-22 9.597775845167748e-23 2.38205165936817e-09 762
27 4.072320629559203e-22 7.70971024673444e-23 1.042215398200399e-09 1142
30 1.663646366949567e-22 4.107884099539815e-23 4.099436264513983e-10 1250
33 4.788115877862871e-23 1.291276307390418e-23 9.327109066540713e-11 1458
36 2.662529770060952e-24 9.354719386290035e-25 4.538842676482804e-12 1814
39 5.694420685231521e-31 2.041291618953266e-31 7.176598921580157e-19 2178
42 2.488347998148172e-31 9.306306377736982e-32 2.503160522514118e-19 2498
45 9.054078126039911e-32 3.812879201960807e-32 8.568623615016455e-20 2622
48 2.436545600013249e-32 1.088732291318733e-32 1.791083694686034e-20 3191
51 2.003885801246777e-33 1.036613466666251e-33 1.578450403808765e-21 3044
54 1.25848957546311e-35 7.655791842802959e-36 1.149077594424966e-23 2736
57 1.740588935284691e-40 1.112143205884819e-40 1.820416883822617e-28 2276
60 1.137349268864413e-40 7.386509217093081e-41 1.251254559695001e-28 2016
63 7.749000977801258e-41 5.746925704579422e-41 1.07963746974133e-28 1640
66 5.177920232379018e-41 4.022495499577866e-41 1.078207688302459e-28 1056
69 3.809931345358074e-41 2.757911918320306e-41 1.07757244290409e-28 683
72 1.862216535200315e-41 1.856984301428418e-41 1.247405190381375e-28 350
75 1.25778909583062e-41 8.008458695350459e-42 1.004298122788452e-28 192
78 2.33451606760071e-42 1.913368742427336e-42 9.320702655268279e-29 44
81 1.036597003710316e-42 7.268378470595662e-43 6.122029578248665e-29 25


3 1.250711953100009e-12 7.629046811379028e-15 244.8784218098824 18
6 9.14210776337225e-14 1.640420180557098e-15 5.240891793984256 62
9 4.332798151204357e-14 2.015547842973121e-15 2.121933202144778 98
12 5.368041908594836e-14 3.891456013401362e-15 1.213719960729894 210
15 8.442472826272147e-14 1.081537550452687e-14 1.340745387165328 350
18 4.948677217986128e-14 4.676062523009307e-15 0.3458030415490894 450
21 2.15463819540179e-21 3.542324983809163e-22 1.431941866080333e-08 602
24 5.906234291863626e-22 8.311189619051593e-23 2.174708729956777e-09 762
27 3.87094764725642e-22 7.899884485832084e-23 1.07685395621165e-09 1142
30 1.673078980565631e-22 3.975316258787562e-23 4.058587969483912e-10 1250
33 4.573281835598929e-23 1.319120156231776e-23 9.607755211847384e-11 1458
36 2.905290435403057e-24 8.371013843497929e-25 4.240387440135124e-12 1814
39 5.716364814405835e-31 2.003818777921965e-31 7.182207103184076e-19 2178
42 2.365125645113125e-31 9.62720142629897e-32 2.598955505028759e-19 2498
45 8.761364210067588e-32 3.833250191414162e-32 8.700414184503626e-20 2622
48 2.305211341046198e-32 1.125470234945107e-32 1.854721126782151e-20 3191
51 2.016788869439091e-33 1.010761515789736e-33 1.570303251106228e-21 3044
54 1.310700264706355e-35 7.269853876106746e-36 1.123516326343041e-23 2736
57 1.764987474976632e-40 1.081590515624218e-40 1.808915073441633e-28 2276
60 1.101361158461457e-40 7.495645353233054e-41 1.278767940457266e-28 2016
63 8.040700338321559e-41 5.552357618165021e-41 1.071098066850612e-28 1640
66 5.218750632666981e-41 3.945299249171947e-41 1.078048542250195e-28 1056
69 3.768339403067224e-41 2.744945265377641e-41 1.086674332531339e-28 683
72 1.792647805906734e-41 1.861900852840687e-41 1.260273352628947e-28 350
75 1.209551650049442e-41 8.334940500719309e-42 1.039450602164177e-28 192
78 1.908986763521014e-42 2.248302409786288e-42 1.039302541923495e-28 44
81 9.187520429703759e-43 8.151795875483099e-43 6.582805685911214e-29 25


3 1.787279585094356e-12 3.567585449490695e-15 193.1564448848417 18
6 6.372257069428003e-14 2.133350844781839e-15 6.620378287379872 62
9 3.806674120969387e-14 2.083438333761816e-15 2.267559972477933 98
12 8.710860328105498e-14 2.381235017294617e-15 0.8880890706854344 210
15 1.11889701133158e-13 8.28954170569779e-15 1.120863173666119 350
18 5.626511746192403e-14 3.894402023387593e-15 0.3087817527102363 450
21 2.687862325543092e-21 2.740612185917965e-22 1.203031173149395e-08 602
24 5.144839472136973e-22 9.294750666752845e-23 2.406199281026661e-09 762
27 3.784878729104361e-22 7.929604324454197e-23 1.099578343166774e-09 1142
30 1.637596194105512e-22 3.982644835845374e-23 4.129585329414081e-10 1250
33 4.704059799546015e-23 1.257945107163713e-23 9.41849183136699e-11 1458
36 2.626041538583387e-24 9.092594197139287e-25 4.573360613810695e-12 1814
39 5.602814769440283e-31 1.979648796723157e-31 7.205971052800753e-19 2178
42 2.374078281180416e-31 9.344079878051741e-32 2.575280681746097e-19 2498
45 8.720128908898358e-32 3.774225752223262e-32 8.716134118132117e-20 2622
48 2.304041527666362e-32 1.102619729078979e-32 1.850792154587852e-20 3191
51 1.958662502550646e-33 1.017861119260352e-33 1.596704032225037e-21 3044
54 1.298975309097779e-35 7.109628847201003e-36 1.117948619526544e-23 2736
57 1.839359294545333e-40 1.026991679850434e-40 1.770883857166283e-28 2276
60 1.160679640751638e-40 7.167997219472323e-41 1.261082166841519e-28 2016
63 8.423232539594644e-41 5.292650856830789e-41 1.053241148535667e-28 1640
66 5.478322690047539e-41 3.713077572986182e-41 1.049706067015017e-28 1056
69 3.710864914995654e-41 2.778406929388611e-41 1.110062291185579e-28 683
72 1.929219457218763e-41 1.751373648815939e-41 1.229284904250235e-28 350
75 1.070178977506502e-41 9.100124993198575e-42 1.101215232778856e-28 192
78 1.67535865270498e-42 2.549734478957043e-42 1.15357569351603e-28 44
81 7.8413313867762e-43 8.986192136769882e-43 7.028160028627749e-29 25


3 2.149752682254429e-12 8.353411993121842e-16 141.7180176484223 18
6 5.881696441704218e-14 2.147895105302813e-15 7.11329996944118 62
9 4.85338260071462e-14 1.718213094945485e-15 2.060732802817511 98
12 9.402980985078303e-14 2.22110301887677e-15 0.8775908283992562 210
15 1.406046766612239e-13 6.228127826151909e-15 0.934931127412588 350
18 4.4609117346827e-14 4.889806165379533e-15 0.3733391278858519 450
21 2.425145634533965e-21 3.045966748823993e-22 1.328608927722185e-08 602
24 5.418977005116108e-22 8.722583746057637e-23 2.340459863895297e-09 762
27 4.040019933873268e-22 7.238208887601097e-23 1.043708019250112e-09 1142
30 1.647696529615359e-22 3.860962279366715e-23 4.099074504075434e-10 1250
33 4.523218177361259e-23 1.278642593450832e-23 9.677700722960718e-11 1458
36 2.836793638035215e-24 8.19555972744631e-25 4.293574519996977e-12 1814
39 5.671015413513113e-31 1.931397929124835e-31 7.186162279929223e-19 2178
42 2.437126202641975e-31 8.915399874484202e-32 2.524549859183016e-19 2498
45 8.789838062938558e-32 3.662233662771615e-32 8.642049613065277e-20 2622
48 2.373484482528295e-32 1.043576213936564e-32 1.802547888535546e-20 3191
51 1.939574572569786e-33 1.002279508732542e-33 1.59781242668877e-21 3044
54 1.268981430439137e-35 7.079000922576837e-36 1.126592417313149e-23 2736
57 1.795494311363365e-40 1.032756707141908e-40 1.798432584545562e-28 2276
60 1.165505382271803e-40 7.101657530956262e-41 1.271186840741694e-28 2016
63 8.379833182530918e-41 5.349972817959482e-41 1.077176126818235e-28 1640
66 5.71735342254624e-41 3.582624242049735e-41 1.04307663794456e-28 1056
69 3.61819406718552e-41 2.872423042909205e-41 1.151717042849348e-28 683
72 2.151445174626615e-41 1.585175023912387e-41 1.172328580663006e-28 350
75 9.69291697878055e-42 9.971940985871276e-42 1.184236226103603e-28 192
78 1.80858724483953e-42 2.463452877149923e-42 1.146969334247712e-28 44
81 6.97018804237534e-43 9.671676075643203e-43 7.452797418259848e-29 25


3 2.249108583824938e-12 4.145018878780885e-17 110.8151558107275 18
6 7.767370447827443e-14 1.690063951926156e-15 6.374425634865379 62
9 6.339135254934994e-14 1.27461034830957e-15 1.743471899904825 98
12 7.027174788704433e-14 3.26955755292866e-15 1.194533125570984 210
15 1.138861616937508e-13 8.373751089056579e-15 1.20274822789536 350
18 4.315114817977173e-14 4.963803489949417e-15 0.3882949661214343 450
21 2.179204813350261e-21 3.286528764834109e-22 1.441036283464996e-08 602
24 5.692318056384966e-22 8.038299755198894e-23 2.238775881658234e-09 762
27 3.557245724139776e-22 8.024637495751856e-23 1.149121975501876e-09 1142
30 1.609217606236383e-22 3.864493839141546e-23 4.168162462834246e-10 1250
33 4.620133046452425e-23 1.225545770328469e-23 9.521692328771718e-11 1458
36 2.627597116870612e-24 8.704735080066529e-25 4.559152631752062e-12 1814
39 5.431566626578892e-31 1.951156696187132e-31 7.328112986519916e-19 2178
42 2.258146517612257e-31 9.426691125198045e-32 2.663259902984387e-19 2498
45 8.46298459883494e-32 3.7175256523495e-32 8.845070342626959e-20 2622
48 2.254600257393601e-32 1.075747699349196e-32 1.864112055387632e-20 3191
51 1.988292635640914e-33 9.576308792544549e-34 1.567337696458568e-21 3044
54 1.297741887672935e-35 6.907488179657138e-36 1.12443790261522e-23 2736
57 1.756385992504824e-40 1.053406012619396e-40 1.849069126379004e-28 2276
60 1.121001969798107e-40 7.300913065896103e-41 1.311371921454904e-28 2016
63 8.149373380367867e-41 5.452801865716685e-41 1.104879183980308e-28 1640
66 5.41685824730401e-41 3.747844246233268e-41 1.086524104219031e-28 1056
69 3.493590285898333e-41 2.954552558036244e-41 1.188920469387756e-28 683
72 2.314288417252072e-41 1.48697933006908e-41 1.14768766389396e-28 350
75 9.069598262344079e-42 1.058247142234787e-41 1.250227561022924e-28 192
78 2.088259882798137e-42 2.20234778012674e-42 1.08120640683968e-28 44
81 8.240709434300454e-43 1.001614073820235e-42 7.975030368234727e-29 25


3 2.065593587918985e-12 1.289956480614277e-15 128.3883432059166 18
6 1.053061207758657e-13 1.069969190451843e-15 4.850067955258088 62
9 6.874001183315273e-14 1.130735016376334e-15 1.672622622332863 98
12 5.006037880225434e-14 3.889103655271107e-15 1.414962763416548 210
15 9.47330593268924e-14 9.346204260883331e-15 1.349936070869149 350
18 5.522192526655627e-14 3.723133259475152e-15 0.3196386411676417 450
21 2.645673003350566e-21 2.627495683806217e-22 1.23920399152763e-08 602
24 4.822534237653897e-22 9.250059000849742e-23 2.542726642638592e-09 762
27 4.038337955181664e-22 6.904794192490068e-23 1.042217866811711e-09 1142
30 1.620746074611919e-22 3.757961666792796e-23 4.147068393978263e-10 1250
33 4.465036269716076e-23 1.240344450009431e-23 9.750833924296603e-11 1458
36 2.736335232404892e-24 8.141754424280802e-25 4.395275924662782e-12 1814
39 5.687470836816612e-31 1.837946029951292e-31 7.120344068936155e-19 2178
42 2.416715449271608e-31 8.606266176832026e-32 2.525904872222841e-19 2498
45 8.639730152770431e-32 3.554950972487966e-32 8.672111156150236e-20 2622
48 2.258263606265865e-32 1.053966393014228e-32 1.860420282449762e-20 3191
51 1.907476720267466e-33 9.760415407912362e-34 1.606623931208621e-21 3044
54 1.200725270528697e-35 7.20252165915333e-36 1.16844486412261e-23 2736
57 1.749367008014865e-40 1.046026784059682e-40 1.863900517345326e-28 2276
60 1.132320540954286e-40 7.218998663362753e-41 1.32002803846147e-28 2016
63 8.37671778699865e-41 5.371993587555865e-41 1.112393841548378e-28 1640
66 5.099991515548485e-41 4.00245935863282e-41 1.151796161202837e-28 1056
69 3.485756689683271e-41 2.892657705189572e-41 1.184178060084427e-28 683
72 2.315920304252148e-41 1.532686290521391e-41 1.191729164724913e-28 350
75 9.694661038256364e-42 1.016295605334628e-41 1.237169757940814e-28 192
78 2.452587112698856e-42 1.771130578832832e-42 9.498295079939734e-29 44
81 8.808520063858136e-43 8.470366143935754e-43 7.129854842822938e-29 25


3 1.650454315749133e-12 4.169867171865615e-15 222.5618918992326 18
6 1.214388185245325e-13 6.888082989579152e-16 3.740009194937295 62
9 6.059260636474349e-14 1.355148350292413e-15 1.9930387081759 98
12 5.498210593892513e-14 3.412062953886296e-15 1.316991433087243 210
15 1.155608091264726e-13 7.248590929286111e-15 1.129219870981885 350
18 4.924249280731468e-14 4.155593812075873e-15 0.3534370293839991 450
21 2.337808990341165e-21 3.009675956910745e-22 1.403238342010238e-08 602
24 5.691055439105194e-22 7.72318851261743e-23 2.253547373771614e-09 762
27 3.556926184093047e-22 7.688211541127601e-23 1.149497467942503e-09 1142
30 1.591765546239544e-22 3.737654050145473e-23 4.191348936647648e-10 1250
33 4.544240107127457e-23 1.192072288928298e-23 9.600726896681008e-11 1458
36 2.656474585993194e-24 8.243867374952238e-25 4.501886730000704e-12 1814
39 5.233029621324114e-31 1.933444503646211e-31 7.474909501566825e-19 2178
42 2.285187713410672e-31 8.929187074302024e-32 2.627352968800081e-19 2498
45 8.549989072470331e-32 3.530753987726944e-32 8.74168875523033e-20 2622
48 2.290242887823007e-32 1.009457879097785e-32 1.824381690546967e-20 3191
51 1.902001314703774e-33 9.592010859123838e-34 1.605792402330145e-21 3044
54 1.261839070971044e-35 6.682924682011288e-36 1.120942307296527e-23 2736
57 1.779461891437309e-40 1.006323678310126e-40 1.835827301085308e-28 2276
60 1.187266098826105e-40 6.929533481773832e-41 1.304662566662408e-28 2016
63 8.254443570625205e-41 5.378657608277252e-41 1.126606595924204e-28 1640
66 5.13949147901679e-41 3.921004340602566e-41 1.149495520814213e-28 1056
69 3.644362989490625e-41 2.735552369506254e-41 1.155479755961313e-28 683
72 2.118440059778629e-41 1.658473111606349e-41 1.264843942953752e-28 350
75 1.119500849428532e-41 9.113764565527472e-42 1.175386323268403e-28 192
78 2.853683709652155e-42 1.487564469387811e-42 8.781172891822909e-29 44
81 1.092577809794505e-42 7.345740023931129e-43 6.772975082799809e-29 25


3 1.110473287505368e-12 7.872862270107411e-15 405.3649072479222 18
6 1.140597921907131e-13 7.79821155523619e-16 4.223589244090534 62
9 4.710527256137615e-14 1.689606271041967e-15 2.46949681984254 98
12 7.211111753552203e-14 2.694843839396575e-15 1.130258677671391 210
15 1.21668520886113e-13 6.866891516001481e-15 1.10868487607711 350
18 3.888039179956519e-14 5.045717010023017e-15 0.4203851083814826 450
21 2.22234785772797e-21 3.046958014892496e-22 1.440946600538451e-08 602
24 5.201342649300119e-22 8.268344273253657e-23 2.408413763161329e-09 762
27 3.816897645525826e-22 7.01423504020135e-23 1.087465928802987e-09 1142
30 1.587160642971564e-22 3.68154892417617e-23 4.20422001536774e-10 1250
33 4.398390743828521e-23 1.204088694865231e-23 9.801582882216797e-11 1458
36 2.623439108359803e-24 8.146817865351186e-25 4.515854757961919e-12 1814
39 5.697956692179478e-31 1.752440594015171e-31 7.051785628531479e-19 2178
42 2.276906518160047e-31 8.78334838910974e-32 2.627313414569318e-19 2498
45 8.203174878934195e-32 3.599585441538109e-32 8.96661383722917e-20 2622
48 2.240719799299433e-32 1.015104100032755e-32 1.853804434199909e-20 3191
51 1.934379975817501e-33 9.231210190217907e-34 1.581131836498926e-21 3044
54 1.326535128944292e-35 6.28601035172402e-36 1.089669907246979e-23 2736
57 1.804727576325228e-40 9.87978992154322e-41 1.838056706815224e-28 2276
60 1.151877404864434e-40 7.024089132512293e-41 1.331445536608189e-28 2016
63 8.106440854734123e-41 5.42934785734245e-41 1.147145631782305e-28 1640
66 5.363865077295681e-41 3.704600298935095e-41 1.11975593625479e-28 1056
69 3.868866321148999e-41 2.53623289854439e-41 1.11382076439239e-28 683
72 1.913150829667456e-41 1.822840097317118e-41 1.363415289448918e-28 350
75 1.268359181116706e-41 8.15494281697514e-42 1.120520774518145e-28 192
78 2.83738547395663e-42 1.438290989467949e-42 8.661916697580358e-29 44
81 1.237779236945662e-42 6.630960521921352e-43 6.581456370587447e-29 25


3 5.793620545243395e-13 1.142264178887141e-14 634.5461456358911 18
6 8.711958822511203e-14 1.266550906398882e-15 6.430580909449908 62
9 4.005614765800048e-14 1.815930646418341e-15 2.702392335938322 98
12 7.986449048275709e-14 2.553880755699264e-15 1.116245525052931 210
15 1.040454014633502e-13 8.394188399131134e-15 1.331344083844955 350
18 4.961026026873962e-14 3.980015424122711e-15 0.3551436810633457 450
21 2.530333056371525e-21 2.571832278496885e-22 1.279901836211741e-08 602
24 4.85097784123376e-22 8.638207936170661e-23 2.529614522499665e-09 762
27 3.73485468216905e-22 7.045848530269086e-23 1.105335350953308e-09 1142
30 1.587679050161338e-22 3.594209173037251e-23 4.178475843988317e-10 1250
33 4.472266088204593e-23 1.157642081318483e-23 9.631127327758793e-11 1458
36 2.692982095549095e-24 7.773653771066155e-25 4.416230799341519e-12 1814
39 5.090523924528083e-31 1.902053414471967e-31 7.566018810930194e-19 2178
42 2.354501557698168e-31 8.271121670148567e-32 2.543203856233066e-19 2498
45 8.626234612773963e-32 3.33096598406052e-32 8.570303313974037e-20 2622
48 2.17858655444491e-32 1.021566942191587e-32 1.882283620901247e-20 3191
51 1.863223278093906e-33 9.33886212299006e-34 1.609738632580367e-21 3044
54 1.118720001551232e-35 7.165585623474852e-36 1.202642128121681e-23 2736
57 1.746429754157416e-40 1.002947956254284e-40 1.876335701244339e-28 2276
60 1.097904300473938e-40 7.178765671291277e-41 1.36334239722511e-28 2016
63 8.292924627029117e-41 5.264150782814002e-41 1.137886371520769e-28 1640
66 5.447090912503216e-41 3.541272235487729e-41 1.097498767505496e-28 1056
69 3.855722064261946e-41 2.509155204027477e-41 1.118858967707604e-28 683
72 1.906456172395137e-41 1.805792569101839e-41 1.369751029344548e-28 350
75 1.266974400095042e-41 7.947043537639229e-42 1.112666129810702e-28 192
78 2.455192101142449e-42 1.673908242105483e-42 9.469876135634052e-29 44
81 1.208214113128026e-42 6.781232112390416e-43 6.727082412801531e-29 25


3 1.842042927312217e-13 1.391606346387833e-14 784.3081774887088 18
6 5.78234760275258e-14 1.820889811081664e-15 8.96072343569513 62
9 4.437321182264201e-14 1.635434020382616e-15 2.512617418749891 98
12 7.412641542813668e-14 2.804763988565874e-15 1.215957478858254 210
15 1.073989257322135e-13 7.802640366221389e-15 1.269220959710327 350
18 5.412652134970161e-14 3.448973876950866e-15 0.3213443179102283 450
21 2.233285823531758e-21 2.924569561701658e-22 1.432186165619662e-08 602
24 5.70885883024964e-22 7.158863904193837e-23 2.212558361600225e-09 762
27 3.540723780259192e-22 7.250119560984382e-23 1.143180583394082e-09 1142
30 1.543981454319971e-22 3.626578148429367e-23 4.256276224207439e-10 1250
33 4.333472146906621e-23 1.169730563291121e-23 9.813533151065571e-11 1458
36 2.513280062330871e-24 8.144183756800035e-25 4.619681167120306e-12 1814
39 5.650779252634388e-31 1.691308772144583e-31 7.02369863264172e-19 2178
42 2.183386417479963e-31 8.766315805322066e-32 2.682016677363366e-19 2498
45 8.217618035745184e-32 3.456105582010754e-32 8.902845575210892e-20 2622
48 2.250559617617633e-32 9.625738737430552e-33 1.821860559172228e-20 3191
51 1.875990204250246e-33 9.092150976716968e-34 1.596168939776463e-21 3044
54 1.208754093005936e-35 6.520774409352948e-36 1.136300259682327e-23 2736
57 1.687123231510826e-40 1.015810712958681e-40 1.911205702888113e-28 2276
60 1.139699724645176e-40 6.818023793376524e-41 1.331272767714887e-28 2016
63 8.431657674367361e-41 5.12508152799261e-41 1.131240616306226e-28 1640
66 5.39466507113317e-41 3.54089099585298e-41 1.109381948863651e-28 1056
69 3.499590506029175e-41 2.715946825065497e-41 1.187678395916697e-28 683
72 2.011006485822695e-41 1.681239004124699e-41 1.318048629292784e-28 350
75 1.166143747596146e-41 8.61982184124079e-42 1.18028928308212e-28 192
78 1.983879951343216e-42 1.986621728774293e-42 1.052812084071864e-28 44
81 1.044377212407469e-42 7.322852360147167e-43 6.940614036179081e-29 25


3 1.50646452240083e-14 1.475953617476273e-14 766.3608828053418 18
6 4.55620015143766e-14 2.075851467276668e-15 9.939180328086172 62
9 5.484927390567207e-14 1.321751497041288e-15 2.11157293857386 98
12 6.389590650786586e-14 2.969608397508252e-15 1.265880171487573 210
15 1.189787722848189e-13 6.400810222524125e-15 1.08484585502544 350
18 3.986498093397427e-14 4.65566693635095e-15 0.4079642102769837 450
21 2.246540020814054e-21 2.809483645331116e-22 1.398508782244673e-08 602
24 4.74387233074459e-22 8.457540612892825e-23 2.537659268908928e-09 762
27 3.851581203478212e-22 6.519820998991158e-23 1.063240564644558e-09 1142
30 1.589858870278622e-22 3.441741425193505e-23 4.127773370324205e-10 1250
33 4.408002662085781e-23 1.122807245086603e-23 9.604948872310671e-11 1458
36 2.720650286152097e-24 7.341279707016891e-25 4.318905389034172e-12 1814
39 5.020223529973527e-31 1.848955060747479e-31 7.563349950773744e-19 2178
42 2.320966661722892e-31 8.037883851911488e-32 2.54128155849376e-19 2498
45 8.031699538385533e-32 3.435156443253509e-32 8.938461856266171e-20 2622
48 2.203334872576696e-32 9.684093971147009e-33 1.849010114745352e-20 3191
51 1.870627106946817e-33 8.928578955952197e-34 1.591362805155736e-21 3044
54 1.332556332071156e-35 5.747854946632298e-36 1.053837342920294e-23 2736
57 1.754467936697383e-40 9.581495711957259e-41 1.854685462039637e-28 2276
60 1.176129654355659e-40 6.457737070307186e-41 1.296312684100986e-28 2016
63 8.062308629504677e-41 5.242320035425086e-41 1.158871121304129e-28 1640
66 5.273155984867176e-41 3.553652029096182e-41 1.122395196830339e-28 1056
69 3.256579392104273e-41 2.850459429378777e-41 1.238893719202578e-28 683
72 2.174379277067003e-41 1.527054560393168e-41 1.252536664499195e-28 350
75 1.041276195341035e-41 9.517018582348264e-42 1.268365570336821e-28 192
78 1.699167234232221e-42 2.185253839166717e-42 1.131124239534072e-28 44
81 8.855463926327707e-43 8.476954303823526e-43 7.626009242661353e-29 25


3 1.049198911560242e-13 1.379090921566541e-14 633.0082886596994 18
6 5.957891462303932e-14 1.853161947511495e-15 8.690283377322935 62
9 6.179480616461025e-14 1.136204288569747e-15 1.855370276512244 98
12 5.658045258495155e-14 3.023893438303008e-15 1.269041051161593 210
15 1.036920780808823e-13 7.444432425269551e-15 1.223521074650225 350
18 4.118570182288856e-14 4.472560204965779e-15 0.3977164458983635 450
21 2.425449547433989e-21 2.521192102002069e-22 1.292156173188993e-08 602
24 5.092205804283179e-22 7.744155998936736e-23 2.386870111269358e-09 762
27 3.42500055742851e-22 7.205306526129672e-23 1.157584683516882e-09 1142
30 1.499412848600422e-22 3.568784540108341e-23 4.278306279004715e-10 1250
33 4.263376201198767e-23 1.138822193887413e-23 9.793122882085661e-11 1458
36 2.416908372176487e-24 8.095356595701128e-25 4.68552551392981e-12 1814
39 5.544681295585956e-31 1.65413898179567e-31 7.040131046600593e-19 2178
42 2.204377101873641e-31 8.313295062328287e-32 2.628711322307317e-19 2498
45 8.675269238468619e-32 3.11568458291874e-32 8.420923071865953e-20 2622
48 2.103813059654841e-32 9.883960107580317e-33 1.891701899117253e-20 3191
51 1.827352523058925e-33 8.92969918552793e-34 1.605373421604818e-21 3044
54 1.09553369770004e-35 6.804261657359965e-36 1.192112936230297e-23 2736
57 1.773992221969323e-40 9.260770515598949e-41 1.829098170082317e-28 2276
60 1.108112208001716e-40 6.736940260221689e-41 1.345478723199294e-28 2016
63 7.961476769758888e-41 5.198626839865688e-41 1.162094288089522e-28 1640
66 5.041909354096172e-41 3.633238778367418e-41 1.14871638957984e-28 1056
69 3.370478959649249e-41 2.714895836291878e-41 1.210137539001271e-28 683
72 2.232242923154961e-41 1.446380810346146e-41 1.220671543978497e-28 350
75 9.644589963861389e-42 9.93097459605341e-42 1.314662207498499e-28 192
78 1.719522874449795e-42 2.153063672874788e-42 1.130965792565967e-28 44
81 7.418841973893716e-43 9.3753735072844e-43 8.176253177009986e-29 25


3 4.241125380505778e-13 1.129758639292728e-14 467.6862719977544 18
6 9.295475451276945e-14 1.268095773863548e-15 6.111487534203918 62
9 5.964337306599593e-14 1.19724749081548e-15 1.889589299960644 98
12 5.597155142158775e-14 3.062696101080697e-15 1.271444730248628 210
15 9.382804364561718e-14 8.358751135850495e-15 1.346283807760895 350
18 5.460250563593973e-14 3.176420186520855e-15 0.3069601545726643 450
21 2.166352803484861e-21 2.822013052487284e-22 1.416782190062569e-08 602
24 5.446859794187382e-22 7.093233339338651e-23 2.242473051251492e-09 762
27 3.767548327164121e-22 6.354070003403782e-23 1.056585491078616e-09 1142
30 1.58191580052009e-22 3.31227992771851e-23 4.071033510313118e-10 1250
33 4.364134006510936e-23 1.088081570252823e-23 9.533948998261546e-11 1458
36 2.733004719870486e-24 6.978449654751843e-25 4.229631946044343e-12 1814
39 5.012405709485272e-31 1.779134279502298e-31 7.479568497211383e-19 2178
42 2.210638350101241e-31 8.105202876564311e-32 2.601251347897423e-19 2498
45 7.63248220678321e-32 3.472355734986921e-32 9.177634739986971e-20 2622
48 2.251986521598051e-32 9.047116046825278e-33 1.793355858699675e-20 3191
51 1.855349550280614e-33 8.649794163202727e-34 1.584885750637048e-21 3044
54 1.162674860025582e-35 6.386609982320258e-36 1.151839294960744e-23 2736
57 1.67906059866764e-40 9.623557710675073e-41 1.894457177986602e-28 2276
60 1.060969387665429e-40 6.917755128948408e-41 1.382607271972706e-28 2016
63 8.211401672907499e-41 4.976879281827587e-41 1.14031772041024e-28 1640
66 4.978305035841767e-41 3.605248755187019e-41 1.152901147114993e-28 1056
69 3.704685256071276e-41 2.449267921498265e-41 1.144197399381982e-28 683
72 2.128013355536868e-41 1.492259219044975e-41 1.254649824296195e-28 350
75 9.991943667610221e-42 9.569842412248473e-42 1.296994556494705e-28 192
78 2.034415036340806e-42 1.874034811523933e-42 1.045343884788627e-28 44
81 7.774472279873567e-43 9.162698086391925e-43 8.172691654045188e-29 25


3 8.898158130951211e-13 7.919177368944705e-15 325.1241543891195 18
6 1.264247315081245e-13 6.543128057758212e-16 3.769780109671438 62
9 5.095896226292306e-14 1.404190848792106e-15 2.075128905407149 98
12 6.424100157722262e-14 2.881792364111756e-15 1.207776049787483 210
15 1.169523937109631e-13 6.547709639061637e-15 1.106003172302357 350
18 4.635024572055582e-14 3.810819853245223e-15 0.3501535598991197 450
21 2.262804739065588e-21 2.614032431714734e-22 1.336684616569133e-08 602
24 4.538544020567277e-22 8.271902619877732e-23 2.533420057026128e-09 762
27 3.469962019992967e-22 6.838602141890045e-23 1.124381973562984e-09 1142
30 1.473895518130976e-22 3.477273236890509e-23 4.249236260037673e-10 1250
33 4.189513063343781e-23 1.110552581019669e-23 9.748211200660458e-11 1458
36 2.344219866482772e-24 7.987813510753466e-25 4.710868350468915e-12 1814
39 5.400136056912915e-31 1.631882703207387e-31 7.082738477495749e-19 2178
42 2.251564429722292e-31 7.788979984324666e-32 2.548719008906581e-19 2498
45 8.37770522626483e-32 3.10027119229492e-32 8.528295487314275e-20 2622
48 2.099572183601627e-32 9.501069611313696e-33 1.871029225764451e-20 3191
51 1.812491530516141e-33 8.6363383131808e-34 1.595412238193714e-21 3044
54 1.291862801736989e-35 5.592397050472411e-36 1.061711721246725e-23 2736
57 1.672380890218154e-40 9.545841203520109e-41 1.902050920387648e-28 2276
60 1.127607421521991e-40 6.447112498456959e-41 1.332259316490411e-28 2016
63 8.124556128944262e-41 4.935265410355663e-41 1.144510420751441e-28 1640
66 5.271141781993498e-41 3.372936792560917e-41 1.115017736628297e-28 1056
69 3.848113948235552e-41 2.315637194538158e-41 1.115568273243487e-28 683
72 1.989053040915711e-41 1.596172744473888e-41 1.325036254030715e-28 350
75 1.1281937742196e-41 8.506567000889017e-42 1.217445407308267e-28 192
78 2.430773600341745e-42 1.582495743627666e-42 9.597607591573869e-29 44
81 9.283256351877753e-43 7.969341982050743e-43 7.607874726346826e-29 25


3 1.387538341319429e-12 4.463172144400048e-15 223.5471006456221 18
6 1.396204064418424e-13 3.617649008769317e-16 2.748615876787794 62
9 4.323629875690599e-14 1.553390125377711e-15 2.175558855199591 98
12 7.605061586770153e-14 2.4122181951608e-15 1.04853227910957 210
15 1.240175693666877e-13 5.598337972396002e-15 0.9711851944269938 350
18 3.530263590979556e-14 4.717549855678139e-15 0.4128544443451523 450
21 2.330200493126533e-21 2.480713270819156e-22 1.285419621819796e-08 602
24 5.283160591705674e-22 7.002565740048988e-23 2.23751694622871e-09 762
27 3.587274021831252e-22 6.405059587368817e-23 1.073478848582691e-09 1142
30 1.552722514616973e-22 3.233574340952289e-23 4.04608577154997e-10 1250
33 4.324714734368934e-23 1.056177754867296e-23 9.453719342662798e-11 1458
36 2.727258793429828e-24 6.697702400230223e-25 4.164232050883697e-12 1814
39 5.025989402388938e-31 1.702945333174063e-31 7.352613409375678e-19 2178
42 2.120897552758023e-31 8.069372021847778e-32 2.632662749536113e-19 2498
45 8.109402866584165e-32 3.129210556979913e-32 8.650322136468432e-20 2622
48 2.117819321538307e-32 9.251578580230381e-33 1.8512872893571e-20 3191
51 1.808311036071501e-33 8.494283593771089e-34 1.590384310247149e-21 3044
54 1.1114904038133e-35 6.304989565319112e-36 1.1587440755163e-23 2736
57 1.726202268184495e-40 9.059158085487216e-41 1.851487978225882e-28 2276
60 1.160102641285533e-40 6.102399271651108e-41 1.294677478514374e-28 2016
63 8.002243673454042e-41 4.99319486658538e-41 1.166132791950278e-28 1640
66 5.398081753297702e-41 3.262906302552457e-41 1.103410066852692e-28 1056
69 3.642202636142082e-41 2.469716642791178e-41 1.176465288479937e-28 683
72 1.874533525239876e-41 1.666942069360307e-41 1.377244656720297e-28 350
75 1.211855850111812e-41 7.538477262784612e-42 1.137790869090122e-28 192
78 2.532026348905345e-42 1.444240159324489e-42 9.168216899913498e-29 44
81 1.037324247817883e-42 6.345622496478169e-43 6.620813621220137e-29 25


3 1.79894642609603e-12 1.711502911322298e-15 166.5493884857446 18
6 1.230133883007086e-13 5.542106043094291e-16 3.234700224495089 62
9 4.217355920719239e-14 1.519852755994134e-15 2.086612124698314 98
12 7.749428693286217e-14 2.153684644726177e-15 0.949168537765873 210
15 9.171760459759892e-14 7.647289429514331e-15 1.220745218083989 350
18 4.783625335795962e-14 3.54803047968876e-15 0.3325183810150333 450
21 2.123004854619411e-21 2.722090630733534e-22 1.384797880104651e-08 602
24 5.08052486059319e-22 7.188020889884907e-23 2.288917510388842e-09 762
27 3.539943354151807e-22 6.397358253382854e-23 1.077967939539212e-09 1142
30 1.472553167536735e-22 3.34508954714806e-23 4.17424348092381e-10 1250
33 4.134993660227814e-23 1.080609344037745e-23 9.675728446119421e-11 1458
36 2.296082210836928e-24 7.821289523900944e-25 4.703030502083571e-12 1814
39 5.251745044670845e-31 1.613930961933319e-31 7.131739327813074e-19 2178
42 2.25193120463135e-31 7.470629361667183e-32 2.512022335327353e-19 2498
45 7.612610297771766e-32 3.286101488276773e-32 9.036080323741917e-20 2622
48 2.181474980521995e-32 8.770866532213357e-33 1.797626917080778e-20 3191
51 1.806999077693162e-33 8.314778504181019e-34 1.579479916273838e-21 3044
54 1.160970273773738e-35 6.062162261691239e-36 1.140687927987953e-23 2736
57 1.712849146969466e-40 9.028240449849258e-41 1.865456407714846e-28 2276
60 1.078523960268139e-40 6.461913397937613e-41 1.356268422208698e-28 2016
63 8.351570883545992e-41 4.834815700958333e-41 1.157531289204683e-28 1640
66 5.112988212004196e-41 3.364696748055166e-41 1.133548987637522e-28 1056
69 3.318299176271782e-41 2.664020384255518e-41 1.247185377488568e-28 683
72 1.913279972637504e-41 1.630686145655661e-41 1.372638787695312e-28 350
75 1.178234313157395e-41 7.664252919677992e-42 1.15847379526385e-28 192
78 2.506713436925128e-42 1.547313951688453e-42 9.746348138406262e-29 44
81 1.14109858835769e-42 5.728295277316839e-43 6.369543008139833e-29 25


3 2.029471732048276e-12 2.342730960649199e-16 147.1925620151044 18
6 8.367123837844888e-14 1.120433785730345e-15 4.650584327300754 62
9 4.742191775313875e-14 1.344391047764597e-15 1.876824970735689 98
12 6.211316920955329e-14 2.57025217139515e-15 1.053320657682905 210
15 8.242735827620673e-14 8.361575388819936e-15 1.31041038020628 350
18 5.332647506854312e-14 2.975547154203109e-15 0.2924917683838414 450
21 2.289749745281461e-21 2.440487359190924e-22 1.276261973315543e-08 602
24 4.528960350247737e-22 7.767620011140938e-23 2.435425670812081e-09 762
27 3.439793359661475e-22 6.446442963319874e-23 1.090077785746023e-09 1142
30 1.50826165812142e-22 3.196866301960091e-23 4.059619131059185e-10 1250
33 4.263302014202544e-23 1.029017751335562e-23 9.396808044678704e-11 1458
36 2.701518335745546e-24 6.487712655431434e-25 4.127211039690032e-12 1814
39 5.038174118987414e-31 1.632669588368402e-31 7.237502587698718e-19 2178
42 2.080769433992322e-31 7.857941622416232e-32 2.621321497715364e-19 2498
45 8.34997182608829e-32 2.891274572816912e-32 8.303911233778229e-20 2622
48 2.03820183167923e-32 9.181631534842154e-33 1.870305796837868e-20 3191
51 1.782833417425533e-33 8.264301318206104e-34 1.585855811802834e-21 3044
54 1.185296754496462e-35 5.744770921993223e-36 1.106617073369708e-23 2736
57 1.682142853596557e-40 9.140952213907683e-41 1.901057276536419e-28 2276
60 1.049281540124169e-40 6.584917371966309e-41 1.387889676716312e-28 2016
63 8.023831476335432e-41 4.940873310247426e-41 1.183830548920644e-28 1640
66 4.994950629359478e-41 3.456273866641629e-41 1.167909392530857e-28 1056
69 3.384777771267582e-41 2.673073721493646e-41 1.269220486295838e-28 683
72 2.101285892545129e-41 1.519649487674592e-41 1.332181102779589e-28 350
75 1.096646894084652e-41 8.712883752519076e-42 1.280523243329255e-28 192
78 2.055961112278595e-42 1.834033705359812e-42 1.082691306923305e-28 44
81 1.160346990893671e-42 6.941069921794826e-43 7.438877925367763e-29 25


3 2.028959440977591e-12 2.832760642947584e-16 154.6628229612437 18
6 4.158732739533445e-14 1.743408005595416e-15 6.113944666767238 62
9 5.380490869380045e-14 1.172203461424152e-15 1.6987726501316 98
12 4.486222720455551e-14 3.233116532141479e-15 1.241591020292858 210
15 1.189051729250176e-13 5.827042465740136e-15 1.000903249131906 350
18 3.743579047633023e-14 4.266492819840893e-15 0.3807400774717255 450
21 2.253483194723249e-21 2.419483553842226e-22 1.271158078062614e-08 602
24 5.263822630640657e-22 6.5768634313552e-23 2.160896711377215e-09 762
27 3.569736528836668e-22 6.04074479445097e-23 1.043331856327062e-09 1142
30 1.482250596559645e-22 3.191780333823527e-23 4.081905472431359e-10 1250
33 4.099191861764478e-23 1.047207749331531e-23 9.585488469113606e-11 1458
36 2.266056345438956e-24 7.60637334356012e-25 4.67506101836676e-12 1814
39 5.130207301115211e-31 1.587441719252463e-31 7.156653430785761e-19 2178
42 2.222628225808748e-31 7.28406351431505e-32 2.507191025416267e-19 2498
45 7.638307392436863e-32 3.137189904894101e-32 8.881911488345462e-20 2622
48 2.135324599995348e-32 8.641447780508829e-33 1.809151018088538e-20 3191
51 1.772063313849208e-33 8.146655200934151e-34 1.583344734087041e-21 3044
54 1.152057565694132e-35 5.747136302669835e-36 1.114695851313064e-23 2736
57 1.681662373259772e-40 9.072358095501455e-41 1.91096497653475e-28 2276
60 1.114912842587998e-40 6.158305624891196e-41 1.341138594654095e-28 2016
63 7.849053226549441e-41 4.992021862720605e-41 1.203419006602403e-28 1640
66 5.169275136621788e-41 3.378177025730234e-41 1.166367920854988e-28 1056
69 3.749160402999135e-41 2.420476326675926e-41 1.205202881770253e-28 683
72 2.214568279711641e-41 1.393706610999163e-41 1.271046101568373e-28 350
75 9.836569014165667e-42 9.144241321282195e-42 1.322411069533433e-28 192
78 1.906831227474473e-42 2.012032388511675e-42 1.168725699425045e-28 44
81 8.400262461984424e-43 9.416286025815829e-43 8.993779055399893e-29 25


3 1.801636854745835e-12 1.757023304678126e-15 179.0270736783234 18
6 1.883769672810643e-14 2.079724311548937e-15 6.868808981927315 62
9 5.612514553799617e-14 1.119235814318724e-15 1.648561154184873 98
12 4.791364365364749e-14 3.195672230719567e-15 1.240212033773757 210
15 1.296316941302387e-13 4.841673002408336e-15 0.8769092264321015 350
18 3.724477837378447e-14 4.224832449359095e-15 0.3804578311763538 450
21 2.054688378363041e-21 2.634227334214881e-22 1.365009595344084e-08 602
24 4.77154720154491e-22 7.167806159323411e-23 2.31770746789958e-09 762
27 3.334105072640106e-22 6.414390032251512e-23 1.100974119411779e-09 1142
30 1.459293946834697e-22 3.172941372210342e-23 4.095454046263598e-10 1250
33 4.182225326961771e-23 1.006114527984893e-23 9.382471005131817e-11 1458
36 2.658198427560441e-24 6.326485076760857e-25 4.116394641210888e-12 1814
39 4.996154898436439e-31 1.576482792971764e-31 7.168684607297037e-19 2178
42 2.056367256692311e-31 7.630034723148878e-32 2.609142059315525e-19 2498
45 7.697270569491148e-32 3.033955701148386e-32 8.73701167810766e-20 2622
48 2.067300056608308e-32 8.689892521833057e-33 1.829968345795806e-20 3191
51 1.773916717373838e-33 7.966649963705986e-34 1.572363028002025e-21 3044
54 1.169727158687542e-35 5.695774055871477e-36 1.122325253125206e-23 2736
57 1.686899924859144e-40 8.78446378274606e-41 1.883367348931745e-28 2276
60 1.151037758958005e-40 5.931132100549274e-41 1.323558335997546e-28 2016
63 8.303179133215427e-41 4.716824088395066e-41 1.173885231246727e-28 1640
66 5.193764990958872e-41 3.325784514954408e-41 1.166410939107354e-28 1056
69 3.891187394171156e-41 2.34266936855147e-41 1.197133514802389e-28 683
72 2.229020966138878e-41 1.378280494237345e-41 1.276747835872202e-28 350
75 1.015831983238237e-41 8.950095687958952e-42 1.322430132310231e-28 192
78 1.983523197709648e-42 2.035546950305931e-42 1.201332057724489e-28 44
81 8.02372069103599e-43 1.11326430900846e-42 1.045179819956002e-28 25


3 1.402853851835133e-12 4.248837532917798e-15 212.3227314608428 18
6 2.764231312132151e-14 1.944797438844357e-15 6.593246931552732 62
9 5.310615226588403e-14 1.188135406464673e-15 1.717860554510918 98
12 7.072173433960245e-14 2.309738175663966e-15 0.9968482782970327 210
15 8.889055772440247e-14 7.324168235729018e-15 1.183241331046085 350
18 5.297823761514528e-14 2.808818719668584e-15 0.2856683179844891 450
21 2.282563066822495e-21 2.291001248257891e-22 1.238051371308537e-08 602
24 4.594360210710604e-22 7.202491218084821e-23 2.343622804562473e-09 762
27 3.573566741603149e-22 5.788544251613684e-23 1.026865509218752e-09 1142
30 1.487908782620101e-22 3.045939158394836e-23 4.006697406782733e-10 1250
33 4.072072756947245e-23 1.010484738876695e-23 9.492075516607169e-11 1458
36 2.246469016473283e-24 7.367970353420362e-25 4.645430527827591e-12 1814
39 5.049073913233639e-31 1.546863306430558e-31 7.146363607675012e-19 2178
42 2.194559582535796e-31 7.079284099690291e-32 2.499886390000321e-19 2498
45 8.190868379605067e-32 2.785685457222457e-32 8.307105362103004e-20 2622
48 2.060351044164991e-32 8.607679432974181e-33 1.836172391854082e-20 3191
51 1.74500646815043e-33 7.948631271443528e-34 1.58437728045587e-21 3044
54 1.072593524948703e-35 5.96681189984353e-36 1.165848473842498e-23 2736
57 1.690800179329813e-40 8.662721039931475e-41 1.884911053148901e-28 2276
60 1.08907525513252e-40 6.310568155465367e-41 1.396549316629242e-28 2016
63 8.51713624182084e-41 4.657923482004618e-41 1.181770978967222e-28 1640
66 5.234080726736253e-41 3.232407069731464e-41 1.155077252642179e-28 1056
69 3.6133649272039e-41 2.440447960250731e-41 1.234646687056762e-28 683
72 2.127645770329404e-41 1.451985735680355e-41 1.334961677562459e-28 350
75 1.121950626824483e-41 8.009156029612813e-42 1.245365811028612e-28 192
78 2.265347328514947e-42 1.882051226773918e-42 1.166786314070039e-28 44
81 8.29226638539019e-43 1.059688193673371e-42 1.016835655335094e-28 25


3 9.249356794109085e-13 7.154184464420862e-15 250.0496775481724 18
6 6.388223841895368e-14 1.404991065149063e-15 5.426543013302353 62
9 4.758901192418305e-14 1.290402101599736e-15 1.822720852027484 98
12 8.589378668858819e-14 1.602182456619157e-15 0.79296003491657 210
15 7.251004055531933e-14 8.301347458851476e-15 1.32025448390863 350
18 4.674754894315032e-14 3.243109774019901e-15 0.3172747434468114 450
21 2.184068721243307e-21 2.330940590861431e-22 1.263360611538684e-08 602
24 5.116323421488536e-22 6.385131807995325e-23 2.165882050716169e-09 762
27 3.275288080162265e-22 6.252466064576712e-23 1.099660553105321e-09 1142
30 1.419090331155476e-22 3.133718334430269e-23 4.134463753359194e-10 1250
33 4.079021045898349e-23 9.889848227216389e-24 9.437693351494983e-11 1458
36 2.607715253713235e-24 6.1935742930743e-25 4.128999082072877e-12 1814
39 4.918263542744667e-31 1.53880779396636e-31 7.177789562179173e-19 2178
42 2.026163823530042e-31 7.455588262056053e-32 2.615741006942271e-19 2498
45 7.15702690426845e-32 3.133950760469233e-32 9.118677721249415e-20 2622
48 2.064533621523187e-32 8.384954031328745e-33 1.818947187530082e-20 3191
51 1.734258255744978e-33 7.806415493227848e-34 1.578294950408153e-21 3044
54 1.214414443408284e-35 5.212525268617252e-36 1.075088135267872e-23 2736
57 1.656135885361843e-40 8.724921842555352e-41 1.913499735993739e-28 2276
60 1.07091088586646e-40 6.369573696695375e-41 1.420750866009217e-28 2016
63 7.78515961450692e-41 4.992258840989871e-41 1.246678164319358e-28 1640
66 5.288340162843851e-41 3.163604175746536e-41 1.151067057811794e-28 1056
69 3.45532989888055e-41 2.551460084367617e-41 1.286652743207505e-28 683
72 1.91283705383493e-41 1.606495278634446e-41 1.441226935105369e-28 350
75 1.201308598879485e-41 7.247568024184363e-42 1.182073069596297e-28 192
78 2.62056957765061e-42 1.572636317483103e-42 1.05609121834206e-28 44
81 1.067167688741347e-42 8.61245824939821e-43 9.032902952514557e-29 25


3 4.749517299362018e-13 9.809588526813525e-15 289.4569598429302 18
6 1.093729155305491e-13 7.340484312118964e-16 3.909406470240065 62
9 4.35998324798379e-14 1.334758847698041e-15 1.886214723456274 98
12 7.220726687384121e-14 1.997467925886298e-15 0.9089371067054476 210
15 1.116527256827216e-13 5.684080716236162e-15 1.011656529408654 350
18 3.208276364291977e-14 4.411283479716308e-15 0.4045122137000299 450
21 1.962472542620022e-21 2.565185695115995e-22 1.377237324924227e-08 602
24 4.59784410236261e-22 6.985178538445601e-23 2.342411718105486e-09 762
27 3.48324670833369e-22 5.749293815984693e-23 1.04470445087394e-09 1142
30 1.479966214129548e-22 2.929931712090909e-23 3.974309691973058e-10 1250
33 4.070207275050865e-23 9.698956490181793e-24 9.401232987920549e-11 1458
36 2.231078717092994e-24 7.12833603032251e-25 4.627825213188294e-12 1814
39 5.014382833430555e-31 1.495227569889704e-31 7.115157238513636e-19 2178
42 2.167887305149842e-31 6.869335788633161e-32 2.494932586204659e-19 2498
45 8.133844917502894e-32 2.696227228245508e-32 8.2780531060125e-20 2622
48 2.032143985409551e-32 8.363344597452637e-33 1.834082153301251e-20 3191
51 1.754895323082976e-33 7.604340045175167e-34 1.566785884416801e-21 3044
54 1.146177730462963e-35 5.514923406910399e-36 1.130275403145686e-23 2736
57 1.649766946446498e-40 8.65678047178575e-41 1.924118157039718e-28 2276
60 1.119444568631219e-40 6.000955475891465e-41 1.379186545762403e-28 2016
63 8.047130108573608e-41 4.835302170101818e-41 1.235995526332406e-28 1640
66 5.01670420024642e-41 3.283426248060362e-41 1.190584352231147e-28 1056
69 3.556150105618364e-41 2.485188020412837e-41 1.280490508016024e-28 683
72 1.862196994411305e-41 1.610800741687321e-41 1.455642360244251e-28 350
75 1.167741232921859e-41 7.535332585751746e-42 1.227191110342023e-28 192
78 2.671282249488412e-42 1.51741190269187e-42 1.047171942188712e-28 44
81 1.30383593942975e-42 6.878283513973999e-43 8.086063437801342e-29 25


3 1.505615637218558e-13 1.163353814948738e-14 326.9865208655373 18
6 1.414309247192283e-13 2.640216133078909e-16 2.744366973920602 62
9 4.325587859213243e-14 1.295466995605755e-15 1.885172464181111 98
12 4.380244325851984e-14 3.034779131066794e-15 1.241481660733759 210
15 1.31434150517517e-13 4.329713515106504e-15 0.8499516345244053 350
18 4.274674090863943e-14 3.469385117034e-15 0.3439068018102412 450
21 2.266565905405857e-21 2.167946404764265e-22 1.232133366815276e-08 602
24 4.633920496437985e-22 6.746748532462381e-23 2.312130811431106e-09 762
27 3.352841298669562e-22 5.838512347436864e-23 1.069327277167982e-09 1142
30 1.391169531898002e-22 3.073190104522221e-23 4.172296677138752e-10 1250
33 3.951900931860571e-23 9.774229426560055e-24 9.567567265791708e-11 1458
36 2.55611979052668e-24 6.077021320495638e-25 4.162013186639337e-12 1814
39 4.808607574331821e-31 1.513589468652893e-31 7.247900419815632e-19 2178
42 2.006976317493571e-31 7.258720433149656e-32 2.622269868533076e-19 2498
45 7.397473737298343e-32 2.91527275355457e-32 8.8385403828728e-20 2622
48 2.02451980536609e-32 8.215495332159173e-33 1.829603933821883e-20 3191
51 1.673469955304725e-33 7.76428665766464e-34 1.603709496126882e-21 3044
54 1.013638830828746e-35 5.965576377502543e-36 1.20186582684133e-23 2736
57 1.666309392098649e-40 8.413927086572325e-41 1.906033083293401e-28 2276
60 1.129043310865741e-40 5.863033676592201e-41 1.373255485262766e-28 2016
63 8.493357915387091e-41 4.486112501991526e-41 1.189097490770223e-28 1640
66 4.826346488654661e-41 3.33112423571841e-41 1.212393759817347e-28 1056
69 3.654519848937421e-41 2.378985611294921e-41 1.257495592251507e-28 683
72 2.03496959437268e-41 1.463054280363197e-41 1.381942211206829e-28 350
75 1.049360165059764e-41 8.315587021377134e-42 1.315047782699498e-28 192
78 2.463390939475419e-42 1.700245829023777e-42 1.135507529505935e-28 44
81 1.317201209862633e-42 6.552027900476988e-43 7.928645174167252e-29 25


3 1.877031125548974e-14 1.224512501108053e-14 358.1333276328612 18
6 1.444409541142109e-13 2.140297423653682e-16 2.550648183688183 62
9 4.58287032588955e-14 1.211746871999602e-15 1.855560123076248 98
12 3.49362136071904e-14 3.376809146741919e-15 1.392627330530087 210
15 9.427508618537147e-14 6.57395989517956e-15 1.163561071036345 350
18 5.359631330922085e-14 2.486138633962531e-15 0.2758146674396422 450
21 2.175590548387058e-21 2.204123047655179e-22 1.264720825528831e-08 602
24 4.934203074131211e-22 6.2653404015029e-23 2.223046477373772e-09 762
27 3.251765596928247e-22 5.945966903286164e-23 1.101337527209975e-09 1142
30 1.466884062249071e-22 2.839270358385424e-23 3.982848591697735e-10 1250
33 4.084192992351624e-23 9.298658888926455e-24 9.341415664836351e-11 1458
36 2.218120046413113e-24 6.893838660998147e-25 4.623925609923563e-12 1814
39 4.992926966621442e-31 1.439300439680922e-31 7.079057987137191e-19 2178
42 2.118491459496744e-31 6.745908059536521e-32 2.516448472948648e-19 2498
45 7.480702856570199e-32 2.841560632673877e-32 8.777833590509231e-20 2622
48 2.017231122592637e-32 8.08905973518884e-33 1.829520920510959e-20 3191
51 1.747388800310416e-33 7.311838644696553e-34 1.55556155439233e-21 3044
54 1.251884628487295e-35 4.778017044667233e-36 1.046610819461278e-23 2736
57 1.650555272493628e-40 8.321853956841652e-41 1.91124504281776e-28 2276
60 1.067334962132734e-40 6.059908639914984e-41 1.416268172612034e-28 2016
63 7.995035433683697e-41 4.680660047541959e-41 1.233597218543031e-28 1640
66 5.233648503790868e-41 3.034128138739088e-41 1.153102559818208e-28 1056
69 3.656391072524643e-41 2.327195900048257e-41 1.25193623872348e-28 683
72 2.23729564388911e-41 1.308460935130377e-41 1.303453463612932e-28 350
75 1.002552599104045e-41 8.496655558344499e-42 1.345619776562069e-28 192
78 2.1631536632023e-42 1.917544056666704e-42 1.235348410688403e-28 44
81 1.136048850700656e-42 7.85076255280886e-43 8.826131935577427e-29 25


3 1.024906784633774e-13 1.153307323017091e-14 374.4211012156863 18
6 1.174241226058101e-13 5.850416680496446e-16 3.598650385242782 62
9 4.902771550587795e-14 1.137614717274878e-15 1.84393713222708 98
12 5.718838836307363e-14 2.519146656819112e-15 1.157162662101441 210
15 6.906224130542901e-14 7.938296782063579e-15 1.382531646663516 350
18 3.862739008747961e-14 3.636356732256481e-15 0.3682760050486389 450
21 1.874199073474916e-21 2.51295394019931e-22 1.424753733261586e-08 602
24 4.510876573555471e-22 6.69990198918814e-23 2.37515925271673e-09 762
27 3.504968522470093e-22 5.341094744284659e-23 1.029848125236122e-09 1142
30 1.368488768781476e-22 2.997908821813173e-23 4.208824392193241e-10 1250
33 3.842171404763012e-23 9.635858717514561e-24 9.713958453627271e-11 1458
36 2.503527846679686e-24 5.969324712665923e-25 4.209400139109911e-12 1814
39 4.697112620471109e-31 1.489287968098455e-31 7.336544681953798e-19 2178
42 2.014526339266932e-31 6.960655534896851e-32 2.604053197406347e-19 2498
45 7.816987598269403e-32 2.642183384647305e-32 8.427167977442274e-20 2622
48 1.983081905608194e-32 8.051745134692704e-33 1.842960867287999e-20 3191
51 1.674472887327887e-33 7.479051785802571e-34 1.596627382015726e-21 3044
54 1.062244941889067e-35 5.501016471161728e-36 1.160024748471855e-23 2736
57 1.620361012670775e-40 8.348249506893258e-41 1.935549065672563e-28 2276
60 1.066160150279822e-40 5.982365079039383e-41 1.418995137411943e-28 2016
63 7.848537634630985e-41 4.693657596956983e-41 1.24856474493723e-28 1640
66 5.314049419588657e-41 2.953663651154772e-41 1.146781811711596e-28 1056
69 3.574287409099476e-41 2.345095699149138e-41 1.269973055026285e-28 683
72 2.202503816897625e-41 1.315372389104606e-41 1.321483142720303e-28 350
75 1.029304207510767e-41 8.195330609406039e-42 1.328497187954169e-28 192
78 2.010557261615344e-42 2.012471318455568e-42 1.282674180888041e-28 44
81 8.959630893616648e-43 9.525765940080219e-43 1.001648057072985e-28 25


3 3.772141284609258e-13 9.671207826132998e-15 368.3801337644309 18
6 7.390592387084547e-14 1.170413553512984e-15 5.633237014509363 62
9 5.08255950509779e-14 1.099063561391997e-15 1.876883062023755 98
12 8.37987905101585e-14 1.46505496459298e-15 0.8198274509818055 210
15 9.884930180053868e-14 5.871298159555923e-15 1.123958417485167 350
18 3.140218731291957e-14 4.179015245008751e-15 0.4209285095322962 450
21 2.207255706882849e-21 2.104162439473551e-22 1.269795441145389e-08 602
24 4.602023017550727e-22 6.414371232389107e-23 2.337302103707446e-09 762
27 3.073796962232116e-22 6.003472942326795e-23 1.143904428957953e-09 1142
30 1.444548844793805e-22 2.780724542601504e-23 4.03602961822798e-10 1250
33 4.061098443923703e-23 9.001088710616042e-24 9.369592294624947e-11 1458
36 2.206188223643892e-24 6.667695433303606e-25 4.629616315456184e-12 1814
39 4.947901238355962e-31 1.389753233071606e-31 7.067368701319907e-19 2178
42 2.040047024534981e-31 6.729818252701369e-32 2.570660480242915e-19 2498
45 7.080915701822494e-32 2.881333071936138e-32 9.073402479609676e-20 2622
48 1.998256244159195e-32 7.843159352433412e-33 1.829826937391457e-20 3191
51 1.654386282012117e-33 7.396539345220035e-34 1.600367917068771e-21 3044
54 1.028459647635527e-35 5.552027645066028e-36 1.179119416257635e-23 2736
57 1.628184208638546e-40 8.184389312709117e-41 1.930908855265682e-28 2276
60 1.096874119794949e-40 5.71753666542503e-41 1.391236480408542e-28 2016
63 8.103604184073681e-41 4.504902377510893e-41 1.22956042244109e-28 1640
66 4.78246311082918e-41 3.200668757268085e-41 1.217107803472027e-28 1056
69 3.430915276653522e-41 2.409130825280011e-41 1.305789722185218e-28 683
72 1.931117033764193e-41 1.471596147109598e-41 1.429018021725755e-28 350
75 1.086020449755502e-41 7.590163730983164e-42 1.27598066592856e-28 192
78 2.200026638895546e-42 1.877525545780049e-42 1.247615671589013e-28 44
81 8.040273377049748e-43 1.014328912272633e-42 1.053795915121535e-28 25


3 7.780901447592279e-13 7.073242569208395e-15 332.1884221306218 18
6 3.463416583743187e-14 1.669586764277152e-15 7.872805754027914 62
9 5.039219662085661e-14 1.091585171435104e-15 1.94788350487738 98
12 8.212156738135037e-14 1.470678977102206e-15 0.8359432954687255 210
15 1.249357172403885e-13 4.265199803474945e-15 0.9119258419428208 350
18 4.807599872032934e-14 2.766430691351426e-15 0.3151333789865682 450
21 2.205267872925576e-21 2.055368624433871e-22 1.269186847688258e-08 602
24 4.762978624985056e-22 6.1246784037611e-23 2.297710151374491e-09 762
27 3.450130315765163e-22 5.241795316056929e-23 1.04830325710149e-09 1142
30 1.367274612860404e-22 2.882113462757584e-23 4.205985992649241e-10 1250
33 3.796775008682362e-23 9.381208793485292e-24 9.787679762713801e-11 1458
36 2.451712130782815e-24 5.863928666709172e-25 4.262155413994046e-12 1814
39 4.619853880395994e-31 1.457334884417077e-31 7.404466992220056e-19 2178
42 2.041164679631986e-31 6.596704442963856e-32 2.565054878206105e-19 2498
45 7.730717722356714e-32 2.575304425425724e-32 8.466597316811894e-20 2622
48 1.953214787811785e-32 7.856996334803887e-33 1.851967126440949e-20 3191
51 1.731133162054327e-33 6.949220427048568e-34 1.55053344713187e-21 3044
54 1.201450313124483e-35 4.641802735863788e-36 1.055436440745745e-23 2736
57 1.621642117905831e-40 8.031588216411791e-41 1.924542362434633e-28 2276
60 1.071309039524745e-40 5.757317417522931e-41 1.412026658416772e-28 2016
63 7.923890570596461e-41 4.509785038687554e-41 1.241815720014699e-28 1640
66 4.781265099871732e-41 3.162426251483034e-41 1.220989259645539e-28 1056
69 3.504406625527569e-41 2.318053166887651e-41 1.285812854341147e-28 683
72 1.829191326754392e-41 1.547295365546413e-41 1.496166972855586e-28 350
75 1.114892985874695e-41 7.227982530160267e-42 1.248867144766509e-28 192
78 2.458380155756526e-42 1.562600011956814e-42 1.116493213514026e-28 44
81 1.032392038040579e-42 8.410745615510222e-43 9.491782737389715e-29 25


3 1.215255918843662e-12 4.296039537319617e-15 266.2792407658037 18
6 1.716936402007411e-14 1.842684171315414e-15 9.303711507643888 62
9 4.798959684554961e-14 1.103996479831736e-15 2.049403408294062 98
12 5.362105069273973e-14 2.480299272840024e-15 1.255282507829139 210
15 1.015142044223347e-13 5.762792192706425e-15 1.169871215801012 350
18 5.01655072377625e-14 2.515365373961383e-15 0.2988283704686905 450
21 1.825017948155941e-21 2.442396571176948e-22 1.479773934994022e-08 602
24 4.453303871928876e-22 6.398365888495604e-23 2.415838359394887e-09 762
27 3.205998349543911e-22 5.537150897878831e-23 1.108963975574657e-09 1142
30 1.393646818673067e-22 2.778973054170216e-23 4.153413657441393e-10 1250
33 3.969601390501635e-23 8.86961423286875e-24 9.523756569167523e-11 1458
36 2.193163856788176e-24 6.45547709142647e-25 4.639249091530562e-12 1814
39 4.87725064068658e-31 1.35285592313998e-31 7.099115162033571e-19 2178
42 1.958087848830096e-31 6.738234698711085e-32 2.634326370073628e-19 2498
45 7.191524055769445e-32 2.719296340709311e-32 8.900341463466468e-20 2622
48 1.96521319504164e-32 7.666514756800675e-33 1.840501245031262e-20 3191
51 1.591137257345642e-33 7.40747874658536e-34 1.637674747041044e-21 3044
54 1.002182301405164e-35 5.375620708726875e-36 1.174623637761111e-23 2736
57 1.611916277839072e-40 8.001840379345681e-41 1.942330774481807e-28 2276
60 1.071823615724488e-40 5.720857912653757e-41 1.423138460304195e-28 2016
63 8.070017520879647e-41 4.382945670049256e-41 1.232528794575152e-28 1640
66 5.23883233899069e-41 2.868565435365174e-41 1.159558750815598e-28 1056
69 3.686495579563768e-41 2.217539864436182e-41 1.267612844942889e-28 683
72 1.976791116278862e-41 1.44277279915495e-41 1.447440282541677e-28 350
75 1.067399016434453e-41 7.475974450174476e-42 1.288923038159543e-28 192
78 2.646916258075453e-42 1.418154684705863e-42 1.066953282918122e-28 44
81 1.26448619871205e-42 6.090951007850288e-43 7.879319240140268e-29 25


3 1.593876960829812e-12 1.921282753331791e-15 179.8814936433476 18
6 2.772889200243294e-14 1.624124776002742e-15 9.111068921283406 62
9 4.460225025948081e-14 1.131646367185356e-15 2.176823636048471 98
12 3.172749887631111e-14 3.227591025767288e-15 1.612224107504453 210
15 7.465448740114157e-14 7.170055997770268e-15 1.428243199325705 350
18 3.206189116675713e-14 3.901648395817653e-15 0.4259471277885178 450
21 2.113727556402018e-21 2.086241217061325e-22 1.333863084534663e-08 602
24 4.535571502935789e-22 6.15613506004321e-23 2.38332925564224e-09 762
27 3.117238848909563e-22 5.591154132945052e-23 1.135031422826747e-09 1142
30 1.392213150925995e-22 2.718085031055941e-23 4.137206597030032e-10 1250
33 3.82538684564157e-23 8.979585119189906e-24 9.728059189573857e-11 1458
36 2.405751572851293e-24 5.754894773277839e-25 4.309626996992096e-12 1814
39 4.58137983396339e-31 1.416710289627565e-31 7.431808210637549e-19 2178
42 2.057632379090972e-31 6.275923474990237e-32 2.531395543646456e-19 2498
45 7.295531979800335e-32 2.637960454439703e-32 8.807181802245652e-20 2622
48 1.938807397210628e-32 7.608727413946871e-33 1.849835164937197e-20 3191
51 1.681768295534796e-33 6.884129681013867e-34 1.572300909326466e-21 3044
54 1.083744507209931e-35 5.00582097298681e-36 1.132895168789158e-23 2736
57 1.602779102262567e-40 7.964133592866306e-41 1.9579377511473e-28 2276
60 1.069421994811388e-40 5.721481821719623e-41 1.440772836865143e-28 2016
63 8.091241127622977e-41 4.399824133443069e-41 1.252513508726146e-28 1640
66 5.111727354102456e-41 2.927770161737784e-41 1.188587376033077e-28 1056
69 3.583256336400938e-41 2.292059676883359e-41 1.311813292405914e-28 683
72 2.169942683195703e-41 1.316386230425807e-41 1.384840548702378e-28 350
75 1.00987730253495e-41 7.706926969214618e-42 1.323572720304655e-28 192
78 2.527081723622569e-42 1.583066458379955e-42 1.162609726186535e-28 44
81 1.25887372006652e-42 6.203394686558397e-43 8.07408951375584e-29 25


3 1.834208933082106e-12 4.239893675455424e-16 99.43015975104939 18
6 5.909064186378699e-14 1.142498114451599e-15 7.303468161063955 62
9 4.172335347249711e-14 1.165383272322072e-15 2.317639340367934 98
12 4.125841098600115e-14 2.811090782871192e-15 1.487927635254777 210
15 8.892311415837363e-14 5.938049034610255e-15 1.251579364808213 350
18 3.389877530585238e-14 3.706517777217698e-15 0.4179833292627396 450
21 2.226521516803257e-21 1.898507654483958e-22 1.257643279002179e-08 602
24 4.631076955858921e-22 5.950141315090764e-23 2.357255184165666e-09 762
27 3.436169105079256e-22 4.945012359166255e-23 1.046755377596531e-09 1142
30 1.326727354916301e-22 2.808158009443433e-23 4.299924952547092e-10 1250
33 3.811989157695348e-23 8.882462523744463e-24 9.775818829927369e-11 1458
36 2.176045574795299e-24 6.259725141390597e-25 4.644685245466441e-12 1814
39 4.78343768810815e-31 1.327925719730816e-31 7.165032840915112e-19 2178
42 1.901424036449206e-31 6.667041254627831e-32 2.673170557802599e-19 2498
45 7.414863696581114e-32 2.529939959659354e-32 8.633275723598922e-20 2622
48 1.927634934700577e-32 7.518852149390117e-33 1.853655619469708e-20 3191
51 1.657064809621571e-33 6.8557164608401e-34 1.583799054944186e-21 3044
54 1.076010098494023e-35 4.827377382311425e-36 1.111946406021934e-23 2736
57 1.607862249918136e-40 7.873552805844343e-41 1.964851966439774e-28 2276
60 1.057501673536844e-40 5.775665916747453e-41 1.467975424022135e-28 2016
63 7.631521001129052e-41 4.683941244323978e-41 1.323187053495798e-28 1640
66 4.709734390903247e-41 3.142491547120268e-41 1.258324282046371e-28 1056
69 3.435226521238756e-41 2.347421029227133e-41 1.34416403354014e-28 683
72 2.171032413987316e-41 1.293355946386465e-41 1.382808966748897e-28 350
75 1.037545178379771e-41 7.615760003533053e-42 1.333409730010784e-28 192
78 2.104796701601028e-42 1.840068575063271e-42 1.280441740737319e-28 44
81 9.381152212662363e-43 7.591384328564268e-43 8.903232847863955e-29 25


3 1.88778336856998e-12 7.915921524757674e-17 67.84555125637361 18
6 9.510328077128956e-14 6.42459467481921e-16 4.856914409158644 62
9 4.098449729603372e-14 1.177846270759258e-15 2.41243511074382 98
12 6.971420154296606e-14 1.742284222764638e-15 1.044726253882817 210
15 1.110240932650982e-13 4.565346944249451e-15 1.036851275933414 350
18 5.116535087094474e-14 2.278441509940332e-15 0.2927950432445708 450
21 1.773068173294638e-21 2.332246506863391e-22 1.495558470858774e-08 602
24 4.401189304509701e-22 6.121982693884169e-23 2.43982875541482e-09 762
27 2.949689572698494e-22 5.655802763605026e-23 1.174936987271209e-09 1142
30 1.418670134786101e-22 2.558773931045537e-23 4.04905351697306e-10 1250
33 3.904688628199855e-23 8.489614141714885e-24 9.550180595179944e-11 1458
36 2.364759491989501e-24 5.638563051340742e-25 4.340808208488652e-12 1814
39 4.566179972935062e-31 1.36950188719331e-31 7.409388494868069e-19 2178
42 2.044356999469255e-31 6.073528553419078e-32 2.524279276656289e-19 2498
45 6.987090692809998e-32 2.6460578889179e-32 9.010151103671399e-20 2622
48 1.919079862120546e-32 7.399519281854632e-33 1.850502753689516e-20 3191
51 1.565510738760238e-33 7.122449885958675e-34 1.642358429903561e-21 3044
54 1.039080159812408e-35 4.902232148623347e-36 1.134115067226973e-23 2736
57 1.598065215036313e-40 7.771422275854359e-41 1.965620734352761e-28 2276
60 1.106000341710533e-40 5.463998006742885e-41 1.429712456010763e-28 2016
63 8.216312899529665e-41 4.321908782583645e-41 1.268153472482297e-28 1640
66 4.991488510479173e-41 2.994032624729585e-41 1.235019622345412e-28 1056
69 3.555543023555993e-41 2.256989103435693e-41 1.324908500408172e-28 683
72 1.993181469519071e-41 1.402168614398702e-41 1.469692924099854e-28 350
75 1.097291130472163e-41 7.54302568848089e-42 1.353126177609732e-28 192
78 1.80934312027588e-42 1.889413709860307e-42 1.294200255785516e-28 44
81 7.399353676390592e-43 9.161460963408223e-43 1.016540520923163e-28 25


3 1.746262709854008e-12 9.057993176039795e-16 120.0571939455137 18
6 1.190501349459544e-13 3.550307699783427e-16 3.27504455685269 62
9 4.322140599020171e-14 1.13627876136845e-15 2.386560713403743 98
12 8.365108012767751e-14 1.249718974375595e-15 0.8308477090143384 210
15 1.018867918230611e-13 5.314835718557795e-15 1.184639714111787 350
18 4.476847216753172e-14 2.714344502062514e-15 0.3352432904156022 450
21 1.952688920707039e-21 2.10922182332526e-22 1.398835087424224e-08 602
24 4.458223490529276e-22 5.923000694812691e-23 2.403346693513234e-09 762
27 3.302576242775912e-22 4.966841039388268e-23 1.074178510977761e-09 1142
30 1.277047529523255e-22 2.795892205382114e-23 4.378798514170889e-10 1250
33 3.634775897650665e-23 8.91233634815577e-24 1.000534623785697e-10 1458
36 2.157882838533433e-24 6.076441344892932e-25 4.637560339581521e-12 1814
39 4.670422118696718e-31 1.309001063603091e-31 7.232914441453355e-19 2178
42 1.879207756368799e-31 6.487733239210133e-32 2.672933533459974e-19 2498
45 7.382712749310114e-32 2.443562702933298e-32 8.584605079299975e-20 2622
48 1.905201827462502e-32 7.321179177138687e-33 1.853940102530662e-20 3191
51 1.680005175405781e-33 6.487755493933439e-34 1.552395514311262e-21 3044
54 1.059212467810343e-35 4.792246390155042e-36 1.129427930322382e-23 2736
57 1.588834616170361e-40 7.734438836878855e-41 1.979260563772268e-28 2276
60 1.092739487159503e-40 5.549946997917196e-41 1.462737274925272e-28 2016
63 8.388134580506638e-41 4.232101300246451e-41 1.266464920003378e-28 1640
66 5.176012907393395e-41 2.829042695113827e-41 1.200908994501483e-28 1056
69 3.595986031406984e-41 2.289880476929815e-41 1.359389809762874e-28 683
72 1.937116476231333e-41 1.480102896894956e-41 1.547759209450808e-28 350
75 1.098649439875038e-41 7.679784906909596e-42 1.389316480199638e-28 192
78 2.052012361235539e-42 1.627083559877276e-42 1.1782801122611e-28 44
81 9.874261241800621e-43 8.296008718422972e-43 9.886376681422568e-29 25


3 1.441768341464257e-12 2.674158970230671e-15 234.2150443200512 18
6 1.214981050285338e-13 3.867799559710348e-16 3.44784500103344 62
9 4.742533364139192e-14 1.03856232889162e-15 2.224783942415995 98
12 6.798885556571696e-14 1.809375298321917e-15 1.087504013373214 210
15 8.445734213250556e-14 6.258657154830262e-15 1.359738439369721 350
18 2.817758301523092e-14 3.950659171372568e-15 0.4545643732420849 450
21 2.254230382924569e-21 1.764234471051493e-22 1.2288902173478e-08 602
24 4.515773576380481e-22 5.761929728415997e-23 2.37312035250626e-09 762
27 3.182901516242186e-22 5.081387104823771e-23 1.102157564290475e-09 1142
30 1.40820187879801e-22 2.485950335153004e-23 4.038836456619743e-10 1250
33 3.954902639432837e-23 8.071771565144427e-24 9.373993996742425e-11 1458
36 2.325050258107024e-24 5.515273445777401e-25 4.349705961691018e-12 1814
39 4.562650293658e-31 1.318042415364343e-31 7.337134293413793e-19 2178
42 2.00541782531212e-31 5.975696515132731e-32 2.54118010334743e-19 2498
45 6.953226968072382e-32 2.550834846938661e-32 8.93260051163216e-20 2622
48 1.892781668838234e-32 7.237637896982049e-33 1.855282457389226e-20 3191
51 1.579459772420001e-33 6.799351073641521e-34 1.618390540914043e-21 3044
54 9.941416599644984e-36 4.883475504642519e-36 1.149612954033942e-23 2736
57 1.579964751653919e-40 7.684477665527751e-41 1.989220943891457e-28 2276
60 1.031808699388625e-40 5.866026986414754e-41 1.535541293240043e-28 2016
63 7.582183228529945e-41 4.619902687858134e-41 1.354071039201581e-28 1640
66 4.959965293665913e-41 2.933262468418618e-41 1.241710976740274e-28 1056
69 3.633288583799828e-41 2.290077845951694e-41 1.377848050961692e-28 683
72 2.010822665023073e-41 1.394420395481461e-41 1.499806042178593e-28 350
75 1.067116488886864e-41 7.386496476582568e-42 1.354271585282171e-28 192
78 2.34701515588128e-42 1.348213835199661e-42 1.055294905230602e-28 44
81 1.223052193599087e-42 6.318395722041281e-43 8.471371191460961e-29 25


3 1.038888579410433e-12 4.968875420977594e-15 348.2967665159634 18
6 1.039055123603011e-13 6.800233521194356e-16 4.987758726559091 62
9 5.073803451653613e-14 9.347891112869182e-16 2.020878321762765 98
12 4.147067934250506e-14 2.680463938788179e-15 1.476318417635209 210
15 8.903030426139936e-14 5.559033180638749e-15 1.231558208586204 350
18 3.747227034286097e-14 3.173128107281979e-15 0.3837925716888915 450
21 1.838444149618488e-21 2.167059800389607e-22 1.447063307966073e-08 602
24 4.344004998857565e-22 5.869990011303119e-23 2.422171534060633e-09 762
27 2.949491693693821e-22 5.342672735981046e-23 1.153785295278219e-09 1142
30 1.287301575353466e-22 2.670594425242458e-23 4.294830582823121e-10 1250
33 3.533469528759303e-23 8.775148522862878e-24 1.004704703555681e-10 1458
36 2.137842909725204e-24 5.906167378764649e-25 4.616697323555614e-12 1814
39 4.553832711865315e-31 1.291782003418638e-31 7.283612227033762e-19 2178
42 1.878764016740377e-31 6.249382376579788e-32 2.645413729293736e-19 2498
45 7.140741139945224e-32 2.43759120932102e-32 8.715537917844682e-20 2622
48 1.882783308370253e-32 7.13498722936928e-33 1.851470306783163e-20 3191
51 1.570504876994846e-33 6.710302286637335e-34 1.616332747607975e-21 3044
54 1.117150157301945e-35 4.351088700000789e-36 1.075225552910081e-23 2736
57 1.584096293691571e-40 7.539135976132675e-41 1.980385570381633e-28 2276
60 1.107900500798393e-40 5.433637568597479e-41 1.47285646979134e-28 2016
63 7.993698306943351e-41 4.380227741486901e-41 1.32089813523586e-28 1640
66 4.863570268611572e-41 2.965573703824323e-41 1.262778547535467e-28 1056
69 3.630707548409192e-41 2.238038372309078e-41 1.367281847834103e-28 683
72 2.131567472624482e-41 1.314905805473509e-41 1.461134309134543e-28 350
75 1.057998103408142e-41 7.340823428141991e-42 1.359557198193414e-28 192
78 2.463513049414892e-42 1.208882501073183e-42 9.956505263903823e-29 44
81 1.297694942029703e-42 5.795169557126208e-43 8.188327435002582e-29 25


3 6.204162206678165e-13 7.281477514168831e-15 424.2220231350731 18
6 7.66863841142527e-14 1.058314088057926e-15 6.715709757888342 62
9 5.015632027804603e-14 9.00549141328095e-16 1.917231024815352 98
12 3.316344251640449e-14 2.858639756774219e-15 1.53857760924541 210
15 9.84532111687235e-14 4.792588692624951e-15 1.090590712276563 350
18 5.178748370375177e-14 2.017044987268458e-15 0.2745709274730821 450
21 1.80984200056649e-21 2.1568069055723e-22 1.447784746311706e-08 602
24 4.383273816885589e-22 5.692835203166887e-23 2.37572569588825e-09 762
27 3.333938295020722e-22 4.651459629598691e-23 1.044028402868879e-09 1142
30 1.333041979456667e-22 2.534094240019118e-23 4.154700785648031e-10 1250
33 3.887206786529847e-23 7.898064242376021e-24 9.357313752167262e-11 1458
36 2.291237099275208e-24 5.385685524271066e-25 4.33820974563638e-12 1814
39 4.55856784715745e-31 1.268976078778025e-31 7.245875617261342e-19 2178
42 1.957745750112127e-31 5.910886607054594e-32 2.561542131537677e-19 2498
45 7.051087994627807e-32 2.419905356962182e-32 8.737295333634762e-20 2622
48 1.875152538628292e-32 7.028202347363719e-33 1.846047294341639e-20 3191
51 1.650483082825093e-33 6.246635526353061e-34 1.549976752390096e-21 3044
54 9.43557988980153e-36 5.013780220592827e-36 1.193434951919465e-23 2736
57 1.589437786984361e-40 7.449213315307992e-41 1.983318459098524e-28 2276
60 1.129040348483706e-40 5.256028393847041e-41 1.454124310831408e-28 2016
63 8.48935823111614e-41 4.100933148237491e-41 1.27855431276455e-28 1640
66 5.01543497883593e-41 2.818439412843508e-41 1.230891253071677e-28 1056
69 3.650070789888072e-41 2.217113631679231e-41 1.372527164130223e-28 683
72 2.11558146436046e-41 1.312270046506104e-41 1.472923119597598e-28 350
75 1.076928544420612e-41 7.051855216848616e-42 1.336363516046158e-28 192
78 2.033102725222473e-42 1.389188124054346e-42 1.071879553624197e-28 44
81 9.750176006842052e-43 8.047313033190218e-43 9.943910620247636e-29 25


3 2.700668411038389e-13 9.128447175635094e-15 452.786076163376 18
6 5.324583095655208e-14 1.325661529199796e-15 7.604264061652348 62
9 4.503877908583791e-14 9.72982059836526e-16 1.974214937515772 98
12 5.005094531909304e-14 2.19980431197012e-15 1.230851483905584 210
15 9.229299716646465e-14 5.340202354895271e-15 1.185683436130382 350
18 3.93055016036226e-14 2.9183006465737e-15 0.3581783742278574 450
21 2.212960834751909e-21 1.705219151965956e-22 1.211585717121191e-08 602
24 4.400663848203794e-22 5.584538168698869e-23 2.349220179527771e-09 762
27 2.955329640602889e-22 5.161786436357832e-23 1.134904417226807e-09 1142
30 1.347216358744132e-22 2.466430499722837e-23 4.092481251227956e-10 1250
33 3.572178177137905e-23 8.367119837700297e-24 9.814370304986732e-11 1458
36 2.113971415345409e-24 5.748813536472846e-25 4.586187193490528e-12 1814
39 4.451710586714666e-31 1.271174121847471e-31 7.300206680607628e-19 2178
42 1.879770895932689e-31 6.01764744672961e-32 2.61182288390476e-19 2498
45 6.888382907115297e-32 2.436312796165803e-32 8.844404165271259e-20 2622
48 1.850247583869258e-32 6.989948778340793e-33 1.852455724462947e-20 3191
51 1.51777926455392e-33 6.69377009930061e-34 1.639103923797494e-21 3044
54 1.057392678845007e-35 4.426252929562631e-36 1.102996892605586e-23 2736
57 1.561727245093733e-40 7.505158066758159e-41 2.011095053912737e-28 2276
60 1.013120859481009e-40 5.769635474824505e-41 1.560173690354799e-28 2016
63 7.662451989212076e-41 4.417588671673851e-41 1.349823626951738e-28 1640
66 4.906738907184896e-41 2.81003909244736e-41 1.23584650020297e-28 1056
69 3.555869443194481e-41 2.218692549026661e-41 1.381737077096832e-28 683
72 2.02927780215809e-41 1.380686584062216e-41 1.539988956837287e-28 350
75 1.038389375749239e-41 7.205431815513016e-42 1.363935582628178e-28 192
78 1.617349624345863e-42 1.656956697577949e-42 1.204287427323879e-28 44
81 8.506880186890411e-43 8.98319856493608e-43 1.075964717654298e-28 25


3 5.562714756784949e-14 1.014301268866405e-14 443.2669940099732 18
6 4.328168460060261e-14 1.36397592864468e-15 7.346799510016882 62
9 3.830337116996266e-14 1.104822059780752e-15 2.116983876772924 98
12 7.187953401301771e-14 1.460865578037862e-15 0.9058381645186525 210
15 8.750447432615735e-14 5.716313229117823e-15 1.248052388564668 350
18 2.659797147179234e-14 3.821585132977726e-15 0.4422297303600993 450
21 1.931449058013271e-21 1.956304405232513e-22 1.343349510887351e-08 602
24 4.292383409853963e-22 5.626287782401928e-23 2.369409251444888e-09 762
27 3.056972644530347e-22 4.885436563590278e-23 1.092526653024969e-09 1142
30 1.250811437109345e-22 2.593235173674911e-23 4.271723361706862e-10 1250
33 3.690261886236339e-23 8.009250714134333e-24 9.565114534704844e-11 1458
36 2.262154766699169e-24 5.257352719464909e-25 4.316889889544103e-12 1814
39 4.531665565082924e-31 1.226289311330375e-31 7.160462958728711e-19 2178
42 1.915811635607017e-31 5.815809995976214e-32 2.566988010857847e-19 2498
45 7.091790610508909e-32 2.316896263498755e-32 8.592919617358745e-20 2622
48 1.854573110767547e-32 6.82196961521783e-33 1.833250071099421e-20 3191
51 1.594151549541868e-33 6.245099757399175e-34 1.572425934624405e-21 3044
54 1.073700773664014e-35 4.325064680330401e-36 1.096564446369014e-23 2736
57 1.565377108988616e-40 7.354752449215634e-41 1.999044050608046e-28 2276
60 1.058726628612892e-40 5.43030204015303e-41 1.508242916901573e-28 2016
63 7.874473676847859e-41 4.262123342059489e-41 1.329612559752216e-28 1640
66 4.828140306203807e-41 2.804277570272712e-41 1.243871354889412e-28 1056
69 3.557293996463871e-41 2.183400705747697e-41 1.378124326993817e-28 683
72 1.985555803295956e-41 1.399257538517807e-41 1.567902244988327e-28 350
75 1.00591015201516e-41 7.254540566798474e-42 1.378561016811108e-28 192
78 1.673463161808808e-42 1.586286991572694e-42 1.178222589403725e-28 44
81 9.512473708236545e-43 8.279558052851613e-43 1.035846961625494e-28 25


3 1.602172558151403e-14 1.014604591770064e-14 406.5386849925918 18
6 4.868419184014524e-14 1.181649476861685e-15 6.249526007292558 62
9 3.481974282787296e-14 1.186429943283867e-15 2.18706157044444 98
12 7.531641706737103e-14 1.382776332661619e-15 0.8673418166173041 210
15 9.653568846902448e-14 4.890696413265305e-15 1.096403642106167 350
18 4.061176520794035e-14 2.706941093678145e-15 0.3387668155175498 450
21 1.683364574600166e-21 2.165583443052394e-22 1.454668602242209e-08 602
24 4.32045351110344e-22 5.459568081254857e-23 2.320174279722081e-09 762
27 3.205830193583693e-22 4.601155247135933e-23 1.048930044697223e-09 1142
30 1.367403470085073e-22 2.334388884175005e-23 3.967509568121952e-10 1250
33 3.722952979007722e-23 7.757808345653608e-24 9.383310533261393e-11 1458
36 2.091761582327732e-24 5.595569508485798e-25 4.549955606920001e-12 1814
39 4.375369958971215e-31 1.246542695672983e-31 7.291335237689493e-19 2178
42 1.867362994061859e-31 5.83171758263644e-32 2.587893269805323e-19 2498
45 6.743314958874099e-32 2.397043789845661e-32 8.86572409852344e-20 2622
48 1.834152118169289e-32 6.786439541840447e-33 1.840120051639686e-20 3191
51 1.583124863682951e-33 6.165750173938343e-34 1.569851885181484e-21 3044
54 8.951117705627635e-36 4.967680275558141e-36 1.212369726405978e-23 2736
57 1.56962185176262e-40 7.203584774166272e-41 1.985559942504504e-28 2276
60 1.13040247300011e-40 4.978511254873429e-41 1.435316992175435e-28 2016
63 8.177827479312068e-41 4.046620026330162e-41 1.296592501665645e-28 1640
66 4.871612696118457e-41 2.738537804419613e-41 1.23439400154418e-28 1056
69 3.495065929328588e-41 2.173788121870682e-41 1.38475130463094e-28 683
72 2.043511537811438e-41 1.331518189752593e-41 1.52906875946161e-28 350
75 1.032587649862745e-41 6.869025051195045e-42 1.340317047638794e-28 192
78 2.268961615153063e-42 1.181670730461499e-42 9.99107999231043e-29 44
81 1.193357479871611e-42 6.518462657348481e-43 9.079355055009116e-29 25


3 1.545476724607247e-13 9.166380870589743e-15 357.1716780063851 18
6 6.371718287628189e-14 8.941462450318158e-16 4.948971127014159 62
9 3.772744182478905e-14 1.129815485375715e-15 2.07978349201514 98
12 5.825939028923101e-14 1.936555444354805e-15 1.080284608035482 210
15 9.759450053276154e-14 4.483034487012269e-15 1.016121121985371 350
18 5.067809176852225e-14 1.909497112355719e-15 0.2646297659981905 450
21 2.090272912648985e-21 1.725785037173597e-22 1.2276257557819e-08 602
24 4.277789006699333e-22 5.429306188138762e-23 2.318246130106583e-09 762
27 2.861691080386566e-22 5.009278403388383e-23 1.122217269685359e-09 1142
30 1.239909438802293e-22 2.527194108576841e-23 4.231716904115495e-10 1250
33 3.439622434494779e-23 8.246348371784333e-24 9.885920180365094e-11 1458
36 2.229548696982011e-24 5.138509194217533e-25 4.297764472227313e-12 1814
39 4.491673051835524e-31 1.1912446071912e-31 7.102926929100794e-19 2178
42 1.8862490154147e-31 5.67503590272153e-32 2.555609226965657e-19 2498
45 7.010909332277299e-32 2.259401968472538e-32 8.559907412381226e-20 2622
48 1.81046746717551e-32 6.72304111088898e-33 1.839971358044394e-20 3191
51 1.489780853775695e-33 6.428755768935931e-34 1.627471183557523e-21 3044
54 1.145432822681261e-35 3.898505963289396e-36 1.039746078568443e-23 2736
57 1.538742132214394e-40 7.21394973883004e-41 2.002103106946337e-28 2276
60 1.019759163814433e-40 5.476558223784449e-41 1.541879197213632e-28 2016
63 7.608960069265058e-41 4.214399413019803e-41 1.337678300170503e-28 1640
66 4.826659767698431e-41 2.714032107949018e-41 1.235941209866277e-28 1056
69 3.545249376544709e-41 2.11142205958842e-41 1.369251522105551e-28 683
72 2.087454544450643e-41 1.266020626438395e-41 1.489471490260944e-28 350
75 1.078492573953631e-41 6.527585077492884e-42 1.310940599854223e-28 192
78 2.441634628132324e-42 1.050704065731466e-42 9.43531455367015e-29 44
81 1.273608400967788e-42 5.901171416014533e-43 8.695655059632182e-29 25


3 4.394118086003453e-13 7.420902313370645e-15 304.5159859960792 18
6 7.891879811958438e-14 6.541705909383387e-16 4.006299741921944 62
9 4.55001682474271e-14 9.488691364212845e-16 1.823216927754974 98
12 3.943785960681909e-14 2.471054397490661e-15 1.277428051288148 210
15 8.143051043202586e-14 5.407953526749051e-15 1.16826814913248 350
18 3.481889588705776e-14 3.040315285873938e-15 0.3678958061549625 450
21 2.053569293454006e-21 1.73707145380721e-22 1.235885569856299e-08 602
24 4.246180626690608e-22 5.381488843051419e-23 2.312588026467578e-09 762
27 3.102818493639003e-22 4.559104839984856e-23 1.051095339281355e-09 1142
30 1.310667364254821e-22 2.340712081615151e-23 4.01736272351093e-10 1250
33 3.872871307398361e-23 7.189009270311522e-24 8.988776829814807e-11 1458
36 2.074463741779866e-24 5.443021286579285e-25 4.515835299831332e-12 1814
39 4.323390545257941e-31 1.218645564378422e-31 7.271870526031041e-19 2178
42 1.842726377987464e-31 5.694332617019391e-32 2.579533286722266e-19 2498
45 6.713177149999515e-32 2.319825020890093e-32 8.785324195192639e-20 2622
48 1.839582433479934e-32 6.506099765123239e-33 1.812079657056219e-20 3191
51 1.60265331283957e-33 5.848267765834758e-34 1.535452531010415e-21 3044
54 9.155846915195805e-36 4.723793359887685e-36 1.188861931019368e-23 2736
57 1.538294967665e-40 7.10142536131303e-41 1.996348027377299e-28 2276
60 1.0280907720219e-40 5.396743017945473e-41 1.541057212633632e-28 2016
63 7.965072018094374e-41 4.000507450550202e-41 1.30538718009713e-28 1640
66 4.777347408563614e-41 2.701364019337834e-41 1.24221521510563e-28 1056
69 3.628567622752836e-41 2.047761559416911e-41 1.355859637752119e-28 683
72 2.070597504396904e-41 1.262389674264025e-41 1.49868153895102e-28 350
75 1.036592461805033e-41 6.746494559513271e-42 1.349401180381799e-28 192
78 1.86253514997897e-42 1.415874452357435e-42 1.128748391695994e-28 44
81 1.000603507292746e-42 7.583063747417677e-43 1.007735685428805e-28 25


3 8.110830212201697e-13 5.261940485958364e-15 256.2642423915721 18
6 8.635708867061127e-14 5.716647085813001e-16 3.727965938530637 62
9 5.243427119310092e-14 7.63635448636775e-16 1.573257351633356 98
12 3.732771168040799e-14 2.445872723258042e-15 1.261543991411516 210
15 7.733202830982777e-14 5.803588122520257e-15 1.243009166168869 350
18 2.636734007127073e-14 3.602853413112222e-15 0.4212301817172606 450
21 1.655338716110466e-21 2.088864401894679e-22 1.425517438977559e-08 602
24 4.259394663333591e-22 5.222470757270011e-23 2.270637232116369e-09 762
27 3.053624447962462e-22 4.562370803157946e-23 1.057943410243849e-09 1142
30 1.282906991047121e-22 2.363345890398993e-23 4.07491806984606e-10 1250
33 3.274733598369634e-23 8.299787729191115e-24 1.006320159062641e-10 1458
36 2.19582223532643e-24 5.024421463057006e-25 4.286016011963464e-12 1814
39 4.440556250125996e-31 1.161963382361564e-31 7.07673738209716e-19 2178
42 1.868797439888037e-31 5.513487215049764e-32 2.539594092550122e-19 2498
45 6.843785058438673e-32 2.235313674971622e-32 8.622833384780905e-20 2622
48 1.762943027161534e-32 6.662063941759846e-33 1.856151912209589e-20 3191
51 1.488203917510433e-33 6.185484837207661e-34 1.607732875938793e-21 3044
54 1.024857155971546e-35 4.254295459357816e-36 1.11753582861264e-23 2736
57 1.549064694020059e-40 6.976598792783793e-41 1.990187564001906e-28 2276
60 1.117387339600255e-40 4.857879770920577e-41 1.44877001307615e-28 2016
63 7.959002646599649e-41 4.003092658063604e-41 1.31986676784923e-28 1640
66 4.826317753214214e-41 2.622355364207184e-41 1.22780642623375e-28 1056
69 3.395131304705572e-41 2.146946851154308e-41 1.407429923938741e-28 683
72 2.015737415656595e-41 1.279019046321723e-41 1.524013175315543e-28 350
75 9.804402027151985e-42 7.08805352347682e-42 1.405942800056367e-28 192
78 1.404340555427491e-42 1.717008651598894e-42 1.290415448114668e-28 44
81 8.150062056337266e-43 8.532914929137475e-43 1.085403628074311e-28 25


3 1.19479328842433e-12 3.100694610324765e-15 215.3675813361634 18
6 8.348399817617035e-14 6.634346074174895e-16 4.08702319189856 62
9 5.271564932399132e-14 7.139834673250472e-16 1.499178666128049 98
12 5.215476998587248e-14 1.928550441887469e-15 1.067024802816585 210
15 9.800285551033883e-14 4.560781876249315e-15 1.045110894481083 350
18 4.261902190241082e-14 2.357551018648467e-15 0.3093987844565384 450
21 1.895975511125345e-21 1.810613440538224e-22 1.288232549242166e-08 602
24 4.131765789943628e-22 5.295513543147333e-23 2.310557537586839e-09 762
27 2.830229270850348e-22 4.776375884463649e-23 1.101921273979102e-09 1142
30 1.239562977917158e-22 2.380648517166813e-23 4.124948377597094e-10 1250
33 3.86022614897058e-23 6.961997911015909e-24 8.916248790824227e-11 1458
36 2.053696032110937e-24 5.302286314047685e-25 4.49697715053195e-12 1814
39 4.277384458449855e-31 1.187985026669877e-31 7.24933830037774e-19 2178
42 1.814225551509856e-31 5.576505693869974e-32 2.580857535988184e-19 2498
45 6.742431315155402e-32 2.226676644673865e-32 8.667548703371728e-20 2622
48 1.831059849120031e-32 6.290423470719425e-33 1.797278833972735e-20 3191
51 1.525039609037533e-33 5.947812763371851e-34 1.577701007209225e-21 3044
54 1.034827864939902e-35 4.105310603995815e-36 1.098987455012236e-23 2736
57 1.526960562509733e-40 6.995562216252205e-41 2.011255650276941e-28 2276
60 1.033789061137542e-40 5.213509271872936e-41 1.531531848898147e-28 2016
63 7.454479562569594e-41 4.166545405685978e-41 1.363414028731253e-28 1640
66 4.772108109213758e-41 2.616078141800046e-41 1.23596794909636e-28 1056
69 3.387342295197023e-41 2.105775031945547e-41 1.398974093726064e-28 683
72 1.963255430347065e-41 1.298539444291824e-41 1.551837177126393e-28 350
75 9.976712655651305e-42 7.057060070022674e-42 1.42000389917003e-28 192
78 1.884073711490109e-42 1.393627804319875e-42 1.140668672025239e-28 44
81 9.470371361296759e-43 6.952180023450972e-43 9.467362143913013e-29 25


3 1.515402517270192e-12 1.330405637499095e-15 183.3162241513667 18
6 7.376720086576352e-14 8.544318064604672e-16 4.811019235211321 62
9 4.512912963091966e-14 8.461294840401452e-16 1.665082868543829 98
12 6.776252794311364e-14 1.439570799603677e-15 0.8886968274718904 210
15 1.07660794101466e-13 3.720038189281204e-15 0.9053758975401596 350
18 4.87506618926337e-14 1.871386731413671e-15 0.2657805663082026 450
21 2.10069015715606e-21 1.585201225207768e-22 1.178288663433693e-08 602
24 4.193636162098293e-22 5.142091642006993e-23 2.281103455780302e-09 762
27 3.085197423747714e-22 4.34413538909877e-23 1.036683791928495e-09 1142
30 1.297947895052179e-22 2.247281233825542e-23 3.989604818535213e-10 1250
33 3.319946637977467e-23 7.931344672082957e-24 9.888598173751464e-11 1458
36 2.168908157397888e-24 4.9080847530192e-25 4.283967734996055e-12 1814
39 4.376618163002064e-31 1.135421053447034e-31 7.074220269596237e-19 2178
42 1.850585518470239e-31 5.366576630773459e-32 2.532381023876026e-19 2498
45 6.662282228917346e-32 2.218886226412189e-32 8.722630464886047e-20 2622
48 1.750549972835055e-32 6.486977446948224e-33 1.852772635782066e-20 3191
51 1.536091032621114e-33 5.77748998576034e-34 1.558889708820521e-21 3044
54 9.091935743080942e-36 4.516438776589231e-36 1.180211954154645e-23 2736
57 1.54742458688275e-40 6.877745937482403e-41 2.009672527325849e-28 2276
60 1.022971337890806e-40 5.261602167777743e-41 1.55735821848813e-28 2016
63 8.212330021313778e-41 3.81155020782828e-41 1.303280541299624e-28 1640
66 4.756227714973977e-41 2.647869531796813e-41 1.261679908216535e-28 1056
69 3.644870147713612e-41 1.942936713882457e-41 1.343288114398829e-28 683
72 1.964513408951937e-41 1.270037896851686e-41 1.541374842979182e-28 350
75 1.091910592420439e-41 6.206106899969516e-42 1.317690015551271e-28 192
78 2.588387015769993e-42 9.595095194994535e-43 9.386495959530448e-29 44
81 1.077856160876773e-42 5.641972207506637e-43 8.379682031548455e-29 25


3 1.711906531755493e-12 2.550859472607262e-16 161.2482391624691 18
6 6.412460814437879e-14 1.024515610599745e-15 5.509670439202067 62
9 3.458284335439419e-14 1.064443611526284e-15 1.967645919251227 98
12 6.872768166624055e-14 1.412235183342942e-15 0.8873109397483394 210
15 8.361916917167062e-14 4.874345947490159e-15 1.105029026432775 350
18 3.161400447345966e-14 3.065446038463771e-15 0.3806316317487357 450
21 1.719962079912121e-21 1.920510306609818e-22 1.371129748347466e-08 602
24 4.206316667265323e-22 4.985214305123918e-23 2.248753246312592e-09 762
27 2.932993673360465e-22 4.471785559787543e-23 1.068812911504513e-09 1142
30 1.227089602766034e-22 2.328272403639866e-23 4.13475901799602e-10 1250
33 3.628896394680761e-23 7.160038074671069e-24 9.263349786363259e-11 1458
36 2.030722211806231e-24 5.171382588136297e-25 4.496168305611469e-12 1814
39 4.233605340517373e-31 1.157847534844855e-31 7.24457961117566e-19 2178
42 1.792185103738624e-31 5.444422271684886e-32 2.582214278276665e-19 2498
45 6.749091661827033e-32 2.143703957285072e-32 8.585636697005367e-20 2622
48 1.78048435097922e-32 6.239279872001751e-33 1.81761473477216e-20 3191
51 1.465498758988504e-33 5.966761469537343e-34 1.608337552151506e-21 3044
54 1.081851677271828e-35 3.812627271816818e-36 1.065640218993293e-23 2736
57 1.531671264454237e-40 6.904656327789376e-41 2.035766326924641e-28 2276
60 1.090317570541298e-40 4.918202437381398e-41 1.505533792838302e-28 2016
63 7.878540797185785e-41 3.981054462753158e-41 1.355524509067639e-28 1640
66 4.768532067479295e-41 2.66664925660216e-41 1.283806642233434e-28 1056
69 3.528758418803355e-41 2.004502061734268e-41 1.384696813127465e-28 683
72 2.043905253154068e-41 1.211974014729493e-41 1.51134458836523e-28 350
75 1.090901590072851e-41 6.275124915501274e-42 1.344682596523587e-28 192
78 2.273466475893756e-42 1.103505506871136e-42 1.012296305676783e-28 44
81 1.023890845334147e-42 5.787129246561819e-43 8.530246757951229e-29 25


3 1.74845627554931e-12 4.025336172291798e-17 151.345554447328 18
6 6.074960132850466e-14 1.073958221106619e-15 5.845905313841204 62
9 2.881962673106438e-14 1.19528156056555e-15 2.195620731073498 98
12 5.483361219860128e-14 1.812128519512042e-15 1.059392696364515 210
15 6.311182442678079e-14 6.04970549425514e-15 1.33128865847484 350
18 2.659293544620585e-14 3.368923353482044e-15 0.416292940593537 450
21 1.710559922439255e-21 1.889958418736736e-22 1.373262179178675e-08 602
24 3.980540757078443e-22 5.182871729137058e-23 2.344508329673315e-09 762
27 2.805603420896157e-22 4.573354214786824e-23 1.099740004227369e-09 1142
30 1.254036635708392e-22 2.234136831742748e-23 4.053252978696801e-10 1250
33 3.523491857263205e-23 7.248761595327054e-24 9.440202784873282e-11 1458
36 2.138635394083841e-24 4.800828757310473e-25 4.298895463317296e-12 1814
39 4.319907812729324e-31 1.10921886121809e-31 7.089909280829286e-19 2178
42 1.824564763998971e-31 5.252316866774531e-32 2.540942805633471e-19 2498
45 6.524504761597506e-32 2.184788038513165e-32 8.787960091121147e-20 2622
48 1.776706277283439e-32 6.173577762751261e-33 1.822791346363499e-20 3191
51 1.528719578557481e-33 5.626538131436557e-34 1.559067460775939e-21 3044
54 8.728558916204876e-36 4.467627929121649e-36 1.190444364078239e-23 2736
57 1.527891776768181e-40 6.884329328839863e-41 2.053280211831876e-28 2276
60 1.054491425542302e-40 5.053251385742042e-41 1.548409743191582e-28 2016
63 7.460650746787793e-41 4.208054242785125e-41 1.422637927430201e-28 1640
66 4.936527577111219e-41 2.578391469540907e-41 1.270907522256229e-28 1056
69 3.292151654353224e-41 2.14850886514804e-41 1.464857411281645e-28 683
72 2.082295479626251e-41 1.192219959278406e-41 1.514055756242432e-28 350
75 9.531559925044452e-42 6.897231064101534e-42 1.429936354167678e-28 192
78 1.481913224665654e-42 1.624983306505636e-42 1.295217220853798e-28 44
81 8.016824839498734e-43 7.089591019098263e-43 9.680960895902863e-29 25


3 1.620447633127312e-12 6.891576045882242e-16 158.2917278079501 18
6 6.565907019748782e-14 9.736824279348783e-16 5.650973512671232 62
9 3.254129296090636e-14 1.11963267292079e-15 2.166820280869534 98
12 4.002141089595175e-14 2.215259777590396e-15 1.249613989509566 210
15 8.288711043429015e-14 5.006402363811641e-15 1.179502596371319 350
18 4.338442784261638e-14 2.119323217624947e-15 0.3004277631896058 450
21 2.056589249888635e-21 1.542053861061292e-22 1.198832666113305e-08 602
24 4.141884214720909e-22 4.927657932112802e-23 2.28999650437495e-09 762
27 3.059842689124748e-22 4.146644692654838e-23 1.03579319371758e-09 1142
30 1.248175332436345e-22 2.218879886987279e-23 4.083546353751826e-10 1250
33 3.324027329054497e-23 7.504802483575475e-24 9.799162799757461e-11 1458
36 2.014537704695257e-24 5.035801190980255e-25 4.504523402007964e-12 1814
39 4.174384005228299e-31 1.129720862783589e-31 7.260894110487171e-19 2178
42 1.777519900444917e-31 5.289800287107414e-32 2.579647223709246e-19 2498
45 6.681046986989773e-32 2.088377607219858e-32 8.591208846948823e-20 2622
48 1.704610431180505e-32 6.28941055549689e-33 1.862669247606957e-20 3191
51 1.462564276238551e-33 5.750855256813227e-34 1.596193500974943e-21 3044
54 1.055002433151352e-35 3.734812767487325e-36 1.067304201440477e-23 2736
57 1.555896723002591e-40 6.721510904778286e-41 2.042846398994483e-28 2276
60 1.043766438295712e-40 5.135445354285884e-41 1.585124487461973e-28 2016
63 8.389410053485969e-41 3.758050210095312e-41 1.338640713393633e-28 1640
66 4.821002034548945e-41 2.635826671879709e-41 1.303447762428063e-28 1056
69 3.556229541778571e-41 2.007810160356106e-41 1.419811177729361e-28 683
72 1.939274003724584e-41 1.265422513297497e-41 1.586556884645008e-28 350
75 9.721230006812896e-42 6.993302491915246e-42 1.467531781559952e-28 192
78 1.442801222517168e-42 1.604160472534163e-42 1.289723545300812e-28 44
81 8.698670470178438e-43 6.786417956557186e-43 9.556665100125824e-29 25


3 1.3541915364835e-12 2.048360765858014e-15 187.6539563957994 18
6 7.570204934160599e-14 7.768519315278576e-16 5.029968974393287 62
9 4.344797270756683e-14 8.723218758249011e-16 1.880161791841772 98
12 3.829912008945789e-14 2.220723463950013e-15 1.289541326654976 210
15 1.12227830894721e-13 3.284687531258308e-15 0.8863804870270546 350
18 4.672340547746508e-14 1.84599111055136e-15 0.276678171173569 450
21 1.870124178348832e-21 1.706339115059822e-22 1.312819604082224e-08 602
24 4.17920759588126e-22 4.751024772819167e-23 2.257863264570746e-09 762
27 2.818030867280512e-22 4.398313424709664e-23 1.096065555195072e-09 1142
30 1.215831501871635e-22 2.220328130758063e-23 4.134238349812596e-10 1250
33 3.693700032779151e-23 6.636739810177266e-24 9.055729003597248e-11 1458
36 2.102729063102793e-24 4.703774907362399e-25 4.329154390368677e-12 1814
39 4.27091887025579e-31 1.082318254980165e-31 7.114857204920672e-19 2178
42 1.793670362311348e-31 5.169199300322078e-32 2.565221566632188e-19 2498
45 6.46107670256527e-32 2.124599971493846e-32 8.78749573092753e-20 2622
48 1.808534357101272e-32 5.84431763886263e-33 1.788863157982869e-20 3191
51 1.490656661851895e-33 5.588332138170467e-34 1.581879768237669e-21 3044
54 9.030626618512153e-36 4.217359141993065e-36 1.166562725814955e-23 2736
57 1.515331622172513e-40 6.893714381260106e-41 2.102420991811763e-28 2276
60 1.067730659595245e-40 4.91005784587645e-41 1.551011648265027e-28 2016
63 7.897967459036016e-41 3.929230000542418e-41 1.389057949740288e-28 1640
66 4.792826659623842e-41 2.659243450233571e-41 1.326873860767459e-28 1056
69 3.644927394829274e-41 1.935452222238348e-41 1.400758571571804e-28 683
72 1.909332146481216e-41 1.291045796409849e-41 1.627085714454918e-28 350
75 1.101046487504079e-41 6.364725928738182e-42 1.407924855249837e-28 192
78 2.100617053642422e-42 1.06837234961615e-42 9.999756587549245e-29 44
81 1.018376365217779e-42 5.969514962744401e-43 9.020688545771457e-29 25


3 1.001114012763318e-12 3.839030865857565e-15 245.2100291089295 18
6 8.444000281466372e-14 5.880718563766957e-16 4.330972657763073 62
9 5.351579584213744e-14 6.251340992010295e-16 1.546617682300889 98
12 5.047180468189639e-14 1.816929930745277e-15 1.147033574724203 210
15 1.007128701752975e-13 3.720951890983951e-15 0.9804972023427559 350
18 2.961047587165645e-14 3.011488112986477e-15 0.4032236871599652 450
21 1.630059281811618e-21 1.892856550463811e-22 1.446235646270553e-08 602
24 3.841147915266121e-22 5.082773178437689e-23 2.415074258478977e-09 762
27 2.800525781651178e-22 4.369745893455805e-23 1.107561147677545e-09 1142
30 1.233781638993833e-22 2.162732380688905e-23 4.110308388683911e-10 1250
33 3.146723247631231e-23 7.600130943239945e-24 1.013795432533486e-10 1458
36 1.995011147686236e-24 4.905437801400488e-25 4.522148351628463e-12 1814
39 4.119297291092305e-31 1.104367790737349e-31 7.301663522246618e-19 2178
42 1.769679023825413e-31 5.124124853993065e-32 2.575158566884421e-19 2498
45 6.551615618141516e-32 2.057974269985662e-32 8.678835438996029e-20 2622
48 1.644162542909296e-32 6.291622482352114e-33 1.901377179038926e-20 3191
51 1.453595781377e-33 5.579918200502194e-34 1.593353524808562e-21 3044
54 9.612568209809016e-36 3.92002374700561e-36 1.119944980968383e-23 2736
57 1.54042902932619e-40 6.693005866484761e-41 2.081740367166869e-28 2276
60 1.047230373684311e-40 4.977054410089153e-41 1.582083861807935e-28 2016
63 7.514563225134629e-41 4.09102800404642e-41 1.441376868835955e-28 1640
66 5.024847748103922e-41 2.528505768386713e-41 1.299045570213628e-28 1056
69 3.4127888750545e-41 2.025860082094949e-41 1.453057011199692e-28 683
72 2.136614676601234e-41 1.151686170558647e-41 1.530885462992925e-28 350
75 1.098753974933677e-41 6.373712349191154e-42 1.425193719766393e-28 192
78 2.485446278495424e-42 8.564435343348946e-43 9.021559143115373e-29 44
81 1.035239558191222e-42 5.713722723917727e-43 8.874897810679768e-29 25


3 6.272778382251964e-13 5.712450626508467e-15 334.3333259781068 18
6 8.576967383071215e-14 5.077126403742824e-16 4.054528164137155 62
9 5.483731986186681e-14 5.604376599249141e-16 1.473524345756901 98
12 6.387595219142082e-14 1.383488893745202e-15 0.9724652414177051 210
15 6.397606395362078e-14 5.586334144819415e-15 1.372811524415761 350
18 2.670731961418119e-14 3.158312275833528e-15 0.4289286698237471 450
21 1.894394990063832e-21 1.602592296527227e-22 1.296018357161662e-08 602
24 4.079416331621544e-22 4.754600792857377e-23 2.335340936452528e-09 762
27 3.02947745820684e-22 3.967515016828335e-23 1.044650011417826e-09 1142
30 1.219818965610365e-22 2.144305269190066e-23 4.137510693569133e-10 1250
33 3.671231098417045e-23 6.420351549629517e-24 9.055439104187987e-11 1458
36 2.075376904137306e-24 4.59754896139409e-25 4.35785832846107e-12 1814
39 4.223543693173344e-31 1.057530265511376e-31 7.155275752686594e-19 2178
42 1.75886322216834e-31 5.105606985169927e-32 2.598959750419256e-19 2498
45 6.438257488084949e-32 2.051973758738898e-32 8.748656016796175e-20 2622
48 1.807022254221617e-32 5.634315101444921e-33 1.778387383617258e-20 3191
51 1.477306627579049e-33 5.427843005102943e-34 1.579981669862766e-21 3044
54 9.96644778437026e-36 3.736681842988124e-36 1.096343901218246e-23 2736
57 1.538029466172248e-40 6.57076692847112e-41 2.074062152310739e-28 2276
60 1.049682587004272e-40 4.923601487538176e-41 1.587458955178391e-28 2016
63 8.072426399379639e-41 3.757730011658882e-41 1.375674768539881e-28 1640
66 4.861021320291563e-41 2.607784229224055e-41 1.339793906248904e-28 1056
69 3.366423715538538e-41 2.036684817242595e-41 1.473364028085599e-28 683
72 2.114123302813242e-41 1.158639316674429e-41 1.552735939660437e-28 350
75 9.857467221207768e-42 6.892308088468802e-42 1.505430879034826e-28 192
78 1.684494473417184e-42 1.369563831847486e-42 1.195697372481073e-28 44
81 8.547752320590302e-43 6.34511129898106e-43 9.339522030664891e-29 25


3 3.008287578282334e-13 7.312121269557535e-15 451.9903899414389 18
6 7.7363355413e-14 5.798469337563442e-16 4.608816352350774 62
9 4.571821678662043e-14 7.295148214978952e-16 1.82510704831545 98
12 6.50017807929057e-14 1.325904498659566e-15 0.9678065351788221 210
15 6.057423492759162e-14 5.729640937201e-15 1.44509437737865 350
18 4.308871660733555e-14 1.96775169591179e-15 0.3056730210734064 450
21 1.943304740081474e-21 1.534798773647099e-22 1.275480892089628e-08 602
24 4.180249175598963e-22 4.515066553557182e-23 2.277304508040707e-09 762
27 2.69724018800602e-22 4.358370011132116e-23 1.137195559245727e-09 1142
30 1.194937866135213e-22 2.14638715105587e-23 4.194747946907767e-10 1250
33 3.196849013548015e-23 7.262861113782939e-24 1.004756812929363e-10 1458
36 1.96610108315442e-24 4.794912901771161e-25 4.551954969965591e-12 1814
39 4.073731548327555e-31 1.077965980066527e-31 7.336478170698865e-19 2178
42 1.765992180062026e-31 4.955087136202447e-32 2.567917675959579e-19 2498
45 6.418726449247171e-32 2.031581979549033e-32 8.780972640697176e-20 2622
48 1.627851775865772e-32 6.140619788264249e-33 1.907466703407822e-20 3191
51 1.423732513082577e-33 5.515841071409357e-34 1.61232174224489e-21 3044
54 8.504240329119041e-36 4.211646164215097e-36 1.198734688541172e-23 2736
57 1.488506963030539e-40 6.719742845475312e-41 2.127630385271212e-28 2276
60 1.056655489002283e-40 4.840199039832094e-41 1.585530239443738e-28 2016
63 7.966740171397402e-41 3.769327114897874e-41 1.391993733410278e-28 1640
66 4.776659734617278e-41 2.627077128860868e-41 1.359469609548956e-28 1056
69 3.495772630223155e-41 1.943053504863495e-41 1.443078781777336e-28 683
72 1.879924510800922e-41 1.269972932876972e-41 1.657511793689458e-28 350
75 9.925232745712567e-42 6.89683956677199e-42 1.524995690237938e-28 192
78 1.31632365810729e-42 1.593432865950586e-42 1.330913609431014e-28 44
81 7.813544516583619e-43 6.680482514154923e-43 9.707188312598175e-29 25


3 7.94345804458306e-14 8.343066699243115e-15 588.0776242121431 18
6 6.212061766539674e-14 7.696470262285922e-16 6.062402430503562 62
9 3.228723820796908e-14 1.006704334096371e-15 2.449341636632747 98
12 5.275370546336615e-14 1.678034231104333e-15 1.182930591247833 210
15 9.60493932169155e-14 3.818223899038213e-15 1.077458010649362 350
18 4.501786173294198e-14 1.805949498842827e-15 0.291517057471318 450
21 1.644306437129534e-21 1.780125918376634e-22 1.45345080344023e-08 602
24 3.719519911606879e-22 4.972567351041572e-23 2.490364939208516e-09 762
27 2.826538333117846e-22 4.123838298211202e-23 1.10639169417462e-09 1142
30 1.218135036437754e-22 2.079140647150683e-23 4.149607445653744e-10 1250
33 3.450418799750486e-23 6.603368550613351e-24 9.465349494647694e-11 1458
36 2.054915891713894e-24 4.483554473948811e-25 4.377083532693515e-12 1814
39 4.163966328069331e-31 1.036141887523992e-31 7.205399063305761e-19 2178
42 1.720467366409618e-31 5.043344890293529e-32 2.631277432049863e-19 2498
45 6.388716198994795e-32 1.989695540698901e-32 8.729234404466648e-20 2622
48 1.75856879536072e-32 5.593893056239254e-33 1.803577490743755e-20 3191
51 1.46475838917304e-33 5.265311711421947e-34 1.575702230203908e-21 3044
54 1.045295924898475e-35 3.42031852963826e-36 1.052556980530549e-23 2736
57 1.524425717173362e-40 6.454004705191545e-41 2.089326624351455e-28 2276
60 1.016659113724789e-40 4.9390305458722e-41 1.621104262590705e-28 2016
63 7.485010089709472e-41 3.973557424822216e-41 1.455758504019402e-28 1640
66 4.981513701459853e-41 2.494453295539396e-41 1.32783491681726e-28 1056
69 3.543253987582129e-41 1.895366773623817e-41 1.434179966605914e-28 683
72 1.896512538168505e-41 1.244006846164415e-41 1.649909375070609e-28 350
75 1.082905994305733e-41 6.232332190682173e-42 1.442932276198452e-28 192
78 2.040878502302378e-42 1.099801456686108e-42 1.06178880560667e-28 44
81 8.810365681930999e-43 5.76043824356665e-43 8.880784880294674e-29 25


3 2.035836739931419e-16 8.621293379861632e-15 712.0496943692234 18
6 4.691984602788684e-14 9.805319246378813e-16 7.928494680360403 62
9 2.419754364051119e-14 1.178928945226498e-15 2.922749508774909 98
12 3.938682809027778e-14 2.061853669375874e-15 1.432552902589737 210
15 1.133754234073323e-13 2.860741196924338e-15 0.8852137858610313 350
18 2.861686551423059e-14 2.898335040004796e-15 0.4244273692364314 450
21 1.715305554652687e-21 1.670848213521288e-22 1.404203178101025e-08 602
24 3.975464384786646e-22 4.62933189828216e-23 2.391893970326797e-09 762
27 2.963145061931276e-22 3.851859215251581e-23 1.062947061490301e-09 1142
30 1.190007406421945e-22 2.082808846574622e-23 4.20191037380379e-10 1250
33 3.378364982166146e-23 6.687099639849122e-24 9.667249088724914e-11 1458
36 1.941116441702154e-24 4.691894236052458e-25 4.579666933722979e-12 1814
39 4.03913744340425e-31 1.049356246627943e-31 7.34615916471671e-19 2178
42 1.761891516071993e-31 4.791619476915843e-32 2.557411775438006e-19 2498
45 6.335099997234395e-32 1.988306473824205e-32 8.81923308863207e-20 2622
48 1.653584913834047e-32 5.844431730744932e-33 1.877400246242031e-20 3191
51 1.419094792373762e-33 5.361559350869669e-34 1.611234843519984e-21 3044
54 8.375877342320504e-36 4.118665510161836e-36 1.202111344738408e-23 2736
57 1.516874552187403e-40 6.377167773962581e-41 2.090916274751333e-28 2276
60 1.059924989906555e-40 4.644044717904368e-41 1.568093216456691e-28 2016
63 7.815767854120487e-41 3.728813476171014e-41 1.406663669371837e-28 1640
66 4.825718475835315e-41 2.544183126138912e-41 1.356873513522868e-28 1056
69 3.404125512115629e-41 1.951196474364586e-41 1.473824273074353e-28 683
72 2.10615709879326e-41 1.101096664625479e-41 1.539278737926647e-28 350
75 1.096180599518487e-41 6.067575809094523e-42 1.431792918783505e-28 192
78 2.510177049190216e-42 8.034640057719515e-43 9.026374790006885e-29 44
81 1.023453013796937e-42 4.612908256918525e-43 7.842197577359207e-29 25


3 7.367472604085568e-14 8.107812038377509e-15 773.7546194350823 18
6 3.928612904105098e-14 1.102286294595851e-15 9.297749703272773 62
9 2.74883720362909e-14 1.105835224563938e-15 2.871168553260222 98
12 3.805767023523852e-14 2.065606823792849e-15 1.469723647973521 210
15 8.485193191781632e-14 4.263554898931936e-15 1.210618218190867 350
18 2.648156861201818e-14 2.98297026909234e-15 0.4418132327544038 450
21 1.923336985761972e-21 1.458676133501554e-22 1.281065258375369e-08 602
24 4.190892416723272e-22 4.27655649777692e-23 2.275018432407074e-09 762
27 2.598176339639261e-22 4.293170217580677e-23 1.1682219883346e-09 1142
30 1.178150406920136e-22 2.069198214397616e-23 4.22708951853953e-10 1250
33 3.214788180157546e-23 6.846089048926854e-24 9.937827808880389e-11 1458
36 2.03161363854017e-24 4.378803745090944e-25 4.390381547743504e-12 1814
39 4.09262235436831e-31 1.018372175134771e-31 7.257413104311298e-19 2178
42 1.683052688354558e-31 4.970820238214639e-32 2.654272564486229e-19 2498
45 6.282887647428661e-32 1.951200147479419e-32 8.7687124499018e-20 2622
48 1.680403528248349e-32 5.66219632057075e-33 1.852191618864036e-20 3191
51 1.418846839098363e-33 5.256448611546767e-34 1.602198043948797e-21 3044
54 9.868710545856968e-36 3.540028295727158e-36 1.095720646056458e-23 2736
57 1.464337170345647e-40 6.540458894575239e-41 2.147080326913415e-28 2276
60 1.027316412878463e-40 4.742275848914773e-41 1.605400491134854e-28 2016
63 7.95828480667291e-41 3.581805257804415e-41 1.380372165643125e-28 1640
66 4.760287090497362e-41 2.536914826075398e-41 1.365070537791141e-28 1056
69 3.318650292181212e-41 1.967682594407268e-41 1.493712651823477e-28 683
72 2.020311302126988e-41 1.126700991758591e-41 1.573231946234103e-28 350
75 9.803330708493402e-42 6.650632384017301e-42 1.527520698164449e-28 192
78 1.74865951555036e-42 1.260636130030499e-42 1.172980967313791e-28 44
81 9.376586111070713e-43 5.197457295286771e-43 8.483238119972613e-29 25


3 2.82809201400381e-13 6.910360039049407e-15 711.9667025019533 18
6 4.363757207448292e-14 1.0653787688396e-15 9.310547526394723 62
9 3.99516608238324e-14 8.28170107813737e-16 2.304845587860627 98
12 4.946321655970315e-14 1.669189500346552e-15 1.255536923674649 210
15 5.502044530446972e-14 5.659650145422669e-15 1.544382059204787 350
18 4.196696836815852e-14 1.881429091005341e-15 0.3126275049963047 450
21 1.74005359966638e-21 1.607527797688817e-22 1.394763111618428e-08 602
24 3.63460798312321e-22 4.824945849033776e-23 2.52174085492926e-09 762
27 2.86013662492796e-22 3.860679279538603e-23 1.087565720539782e-09 1142
30 1.201445750415642e-22 1.998201716213192e-23 4.156003853761749e-10 1250
33 3.474988703427377e-23 6.262643965078143e-24 9.385551591811684e-11 1458
36 1.919455879321603e-24 4.58711875388134e-25 4.590319535691299e-12 1814
39 4.029239442329363e-31 1.01888814081065e-31 7.325811441961517e-19 2178
42 1.755022338603861e-31 4.64355118308864e-32 2.545355285948779e-19 2498
45 6.317644921343966e-32 1.924570789718937e-32 8.769539310678162e-20 2622
48 1.692594713627236e-32 5.502567557569715e-33 1.830085958101344e-20 3191
51 1.443264582042151e-33 5.084299647178516e-34 1.579175054654664e-21 3044
54 8.946310123860904e-36 3.74664996571148e-36 1.143905265349793e-23 2736
57 1.503221111280366e-40 6.23152078854961e-41 2.092680528384713e-28 2276
60 9.930588658568758e-41 4.796104454510917e-41 1.629046528059235e-28 2016
63 7.413900658196387e-41 3.8241720164998e-41 1.454893028055632e-28 1640
66 4.902322050769815e-41 2.441251834088208e-41 1.343841854863421e-28 1056
69 3.499381597841882e-41 1.844261520367285e-41 1.444779831997105e-28 683
72 1.810746260973792e-41 1.22878075622927e-41 1.674052805679221e-28 350
75 9.625553101679335e-42 6.6299484960315e-42 1.534382542434463e-28 192
78 1.249209127362559e-42 1.558907530007696e-42 1.356651421795749e-28 44
81 6.98069443144661e-43 6.24966033812536e-43 9.426469575114157e-29 25


3 5.869148800674752e-13 5.257230098172812e-15 539.1841195584695 18
6 5.894154624758984e-14 8.754827006321208e-16 7.862649713821673 62
9 5.25529505864073e-14 5.405386635152917e-16 1.659706489038737 98
12 6.129041877407855e-14 1.269485300208634e-15 1.020989273442826 210
15 6.847284304148241e-14 4.833789337090184e-15 1.366332587102418 350
18 4.376831783177266e-14 1.742766311522679e-15 0.2970140241978291 450
21 1.612774714985347e-21 1.679109524194813e-22 1.45354123835056e-08 602
24 3.827745726577756e-22 4.553605996058303e-23 2.432617532407111e-09 762
27 2.852314622416846e-22 3.803820292806739e-23 1.083270585429379e-09 1142
30 1.157158705327998e-22 2.031163641939296e-23 4.240333137465272e-10 1250
33 3.133769734804968e-23 6.817904277532566e-24 1.008786076676901e-10 1458
36 2.011685021582018e-24 4.280397132762768e-25 4.392809685811232e-12 1814
39 4.016041266870722e-31 1.003260901587875e-31 7.301443651774044e-19 2178
42 1.650494364275467e-31 4.883078097682716e-32 2.663771648805996e-19 2498
45 6.140168175656466e-32 1.931855134781353e-32 8.853613872128159e-20 2622
48 1.608047746205245e-32 5.712129006180482e-33 1.894644812222668e-20 3191
51 1.365837243132039e-33 5.279597271798115e-34 1.633812615093217e-21 3044
54 9.164796896992398e-36 3.664443423679753e-36 1.13823759912171e-23 2736
57 1.498601340724215e-40 6.170343919776638e-41 2.096660015458918e-28 2276
60 1.061742359461976e-40 4.42739813200771e-41 1.557446576623762e-28 2016
63 7.560914365420084e-41 3.694435331334912e-41 1.432779083398463e-28 1640
66 4.747695776008729e-41 2.485963334354191e-41 1.370617119677631e-28 1056
69 3.444871211921422e-41 1.849138255707419e-41 1.459349896623209e-28 683
72 1.950508907307939e-41 1.150781434141746e-41 1.622693921847221e-28 350
75 1.07983968387734e-41 5.860726061663462e-42 1.431593892018492e-28 192
78 2.045030465514821e-42 1.08050118926336e-42 1.09172481277639e-28 44
81 7.481061754155904e-43 5.957913357099847e-43 9.258571479372076e-29 25


3 9.296003102294867e-13 3.452706816443155e-15 348.279274906075 18
6 7.893046661435145e-14 6.115725343970964e-16 5.737945848466996 62
9 5.595599858476372e-14 4.477939904738335e-16 1.432168534548093 98
12 6.114168933639182e-14 1.263447925016287e-15 1.013749955900471 210
15 1.017060228116469e-13 3.131472770265188e-15 0.97769800487627 350
18 2.846246261519631e-14 2.739193506127405e-15 0.4209687922166922 450
21 1.798423938411199e-21 1.483096469248534e-22 1.326530383199346e-08 602
24 4.197082851183831e-22 4.053563452708314e-23 2.236719513486815e-09 762
27 2.548074049896734e-22 4.152415644305175e-23 1.166516315584695e-09 1142
30 1.170533276755167e-22 1.974399773721692e-23 4.178855558240195e-10 1250
33 3.407177798781412e-23 6.152468479904504e-24 9.400737224668431e-11 1458
36 1.895289667824528e-24 4.478009427816333e-25 4.57710794547298e-12 1814
39 4.019617506968537e-31 9.87831125052239e-32 7.273973004025137e-19 2178
42 1.743998477960837e-31 4.515412167345583e-32 2.533344944976512e-19 2498
45 6.326891987791433e-32 1.85289864158959e-32 8.66578947765191e-20 2622
48 1.710475760586127e-32 5.241313105109487e-33 1.795238913253353e-20 3191
51 1.444397912667064e-33 4.882702644414709e-34 1.55787972058503e-21 3044
54 9.069055044172309e-36 3.579154463185032e-36 1.125547840956157e-23 2736
57 1.425675700453723e-40 6.414837414792127e-41 2.170842138980888e-28 2276
60 9.965190762051989e-41 4.693840686323411e-41 1.634014594259693e-28 2016
63 8.058720331469383e-41 3.436986035692393e-41 1.380205182207928e-28 1640
66 4.836523479736951e-41 2.441857720657623e-41 1.368743893311052e-28 1056
69 3.326047461223183e-41 1.89049535593188e-41 1.491726034328696e-28 683
72 2.09380587356436e-41 1.062989999606424e-41 1.558959338281811e-28 350
75 1.053585501876547e-41 5.768156877332961e-42 1.421678248569667e-28 192
78 2.457898289255876e-42 7.908829970843239e-43 9.231657114448716e-29 44
81 1.00746361639098e-42 4.593044047876198e-43 8.103051573154177e-29 25


3 1.249175419352297e-12 1.813538151857843e-15 208.3290246457071 18
6 9.480147940128092e-14 3.890014335112641e-16 4.005238926396764 62
9 4.736617685022614e-14 6.128048798858262e-16 1.75659665018199 98
12 4.940391331263512e-14 1.626788538980374e-15 1.21914294072979 210
15 1.036185092792972e-13 3.09353022435813e-15 0.9679088239399494 350
18 2.593628484209715e-14 2.84117988565284e-15 0.4343093637251046 450
21 1.812572163009318e-21 1.472558618345224e-22 1.325141092802302e-08 602
24 3.611211255996845e-22 4.620034001682785e-23 2.481432752943508e-09 762
27 2.869844389098237e-22 3.635037298030558e-23 1.058855809094605e-09 1142
30 1.171193438036799e-22 1.944602149925809e-23 4.155582943435675e-10 1250
33 3.18375465615017e-23 6.519539766954537e-24 9.885241194365354e-11 1458
36 1.986158700763738e-24 4.200814397592207e-25 4.393760012811404e-12 1814
39 3.936703174828045e-31 9.873846603697791e-32 7.316896226440414e-19 2178
42 1.624953032227595e-31 4.780706281491895e-32 2.660007194956707e-19 2498
45 5.999999654321541e-32 1.914005826700443e-32 8.925404456603356e-20 2622
48 1.57078886391017e-32 5.643376459589741e-33 1.905894835889112e-20 3191
51 1.355234202845802e-33 5.138195340370988e-34 1.626385752372515e-21 3044
54 9.024849346431676e-36 3.536792663418986e-36 1.12408272389938e-23 2736
57 1.523720938979049e-40 5.93779422925881e-41 2.076780548434089e-28 2276
60 1.011759434982364e-40 4.619451619183709e-41 1.632229782562235e-28 2016
63 7.391415978785957e-41 3.731844867037862e-41 1.469045375252811e-28 1640
66 4.845072814590313e-41 2.432556036906918e-41 1.378340002310025e-28 1056
69 3.34349636539554e-41 1.862055909224027e-41 1.489368507957758e-28 683
72 1.925049135717315e-41 1.153238660778841e-41 1.655586908649355e-28 350
75 9.531151500047752e-42 6.387632144270985e-42 1.531238409456518e-28 192
78 1.734334582833165e-42 1.263965077227844e-42 1.224384708559597e-28 44
81 1.013510280659442e-42 4.73447529690779e-43 8.385600975252029e-29 25


3 1.489572888327292e-12 6.150204701063054e-16 134.4370353710148 18
6 9.916246484721523e-14 3.062792595952156e-16 3.345411806037246 62
9 3.264008687699917e-14 9.100665091740497e-16 2.326165785400867 98
12 3.847773861863778e-14 1.944986964287625e-15 1.387687164122324 210
15 7.378026009284577e-14 4.52015808042956e-15 1.285457804226972 350
18 4.018377110435609e-14 1.847359149474398e-15 0.3120164270606627 450
21 1.650814502618311e-21 1.593720879362876e-22 1.410683462337764e-08 602
24 3.648622941415576e-22 4.515018386918948e-23 2.447188830491074e-09 762
27 2.724602561373849e-22 3.781360727398575e-23 1.095299062915983e-09 1142
30 1.137638221763065e-22 1.957824001706989e-23 4.195505809069355e-10 1250
33 3.261388208465738e-23 6.205382761147047e-24 9.569643164439337e-11 1458
36 1.887781712824585e-24 4.334315861486741e-25 4.520942591586659e-12 1814
39 3.996574590182529e-31 9.596558944070535e-32 7.214070558426077e-19 2178
42 1.727344032901659e-31 4.408867984366386e-32 2.523685476093116e-19 2498
45 6.309095284306199e-32 1.7906956412868e-32 8.569988358657251e-20 2622
48 1.688946486005549e-32 5.129185448445036e-33 1.792251417847352e-20 3191
51 1.395356764887488e-33 4.882702446385575e-34 1.578796494754594e-21 3044
54 8.976103659850942e-36 3.548422819907831e-36 1.137221326036515e-23 2736
57 1.485841616273139e-40 6.142763498476895e-41 2.148060929261167e-28 2276
60 1.059529530760533e-40 4.338987983403286e-41 1.577013402152699e-28 2016
63 7.518657741167291e-41 3.639371766865749e-41 1.456600552356364e-28 1640
66 4.815572211014881e-41 2.455489239141352e-41 1.401153326238823e-28 1056
69 3.367912378177979e-41 1.80297424658752e-41 1.466329987737164e-28 683
72 1.825648234589944e-41 1.19056269897467e-41 1.700911784370807e-28 350
75 9.627545862905379e-42 6.011739813310722e-42 1.473800925303318e-28 192
78 1.182896890124713e-42 1.524061251620925e-42 1.377949076295755e-28 44
81 7.056952349018849e-43 6.07548406680265e-43 9.602560274270454e-29 25


3 1.609928036510407e-12 4.019768914087327e-17 113.9282308082288 18
6 8.942293752101502e-14 3.998919391884266e-16 3.787153561591869 62
9 2.21002931930561e-14 1.118493608832325e-15 2.674214521197422 98
12 3.93574397630848e-14 1.864487925839741e-15 1.321617340590997 210
15 5.756156081470463e-14 5.101444210732844e-15 1.403056051757952 350
18 4.286792894741288e-14 1.661523040449016e-15 0.2885647905462385 450
21 1.691090362214256e-21 1.50756443266579e-22 1.350055090304746e-08 602
24 4.167325935948007e-22 3.876691541883868e-23 2.184387589737543e-09 762
27 2.542811987873762e-22 3.951445843196397e-23 1.136654922821759e-09 1142
30 1.156159098082903e-22 1.901792112174893e-23 4.12470965596723e-10 1250
33 3.244251121733475e-23 6.17530367049909e-24 9.589354629064187e-11 1458
36 1.935604801977621e-24 4.17489368766431e-25 4.425183042694547e-12 1814
39 3.877799652912892e-31 9.671699538941592e-32 7.292639975043913e-19 2178
42 1.607069882127072e-31 4.667500673892948e-32 2.646815414240495e-19 2498
45 5.910891976772309e-32 1.882473986274267e-32 8.937887699516047e-20 2622
48 1.574347801784237e-32 5.442307738547404e-33 1.881947446342348e-20 3191
51 1.390452589194325e-33 4.835365500948023e-34 1.579649216008701e-21 3044
54 8.73140098941764e-36 3.510795786153324e-36 1.132270528769601e-23 2736
57 1.416560420966664e-40 6.429626469553628e-41 2.235725155004051e-28 2276
60 9.787751684517823e-41 4.660755615119566e-41 1.667402200306424e-28 2016
63 8.128514978346191e-41 3.349924617445971e-41 1.39367244739465e-28 1640
66 4.886545305826362e-41 2.391356968689013e-41 1.387793014839512e-28 1056
69 3.41581695073983e-41 1.77041223210379e-41 1.462493956411097e-28 683
72 1.962431025063171e-41 1.128748737399085e-41 1.663806658659989e-28 350
75 1.051635825259961e-41 5.628675247122154e-42 1.435463227837409e-28 192
78 2.130539714710825e-42 1.016648908621866e-42 1.093029746944747e-28 44
81 7.246989433290486e-43 6.288391930450302e-43 1.001747091576254e-28 25


3 1.591102285034792e-12 1.55979676851859e-16 128.5076873545432 18
6 6.907644120908718e-14 6.281784717996155e-16 4.892946780754794 62
9 2.310868943904988e-14 1.082801040744631e-15 2.542850679765988 98
12 5.010676393393083e-14 1.470170007108811e-15 1.087040763205601 210
15 7.520773272872076e-14 4.074404813010756e-15 1.166300192505969 350
18 2.901377408691211e-14 2.543416260754786e-15 0.3946072820452331 450
21 1.767728978359428e-21 1.414949088028231e-22 1.286938187532019e-08 602
24 3.655098502671974e-22 4.354103436861572e-23 2.387017243312274e-09 762
27 2.843352290232265e-22 3.477674177098026e-23 1.035430547342924e-09 1142
30 1.146771484098687e-22 1.886542106376114e-23 4.117657778655466e-10 1250
33 3.156382443826988e-23 6.199256711611476e-24 9.658710422623811e-11 1458
36 1.910202590599322e-24 4.133261268191018e-25 4.41112638048219e-12 1814
39 3.949117722797177e-31 9.374753001538198e-32 7.174266194492974e-19 2178
42 1.706011708921506e-31 4.320457918248065e-32 2.518122091435284e-19 2498
45 6.240858148499013e-32 1.749058801763412e-32 8.533591602527542e-20 2622
48 1.63664052262424e-32 5.131859148895955e-33 1.816115759583988e-20 3191
51 1.323775166278887e-33 4.977781396924921e-34 1.621284154015961e-21 3044
54 9.457078009608765e-36 3.281414454665907e-36 1.094428923538959e-23 2736
57 1.59624730699081e-40 5.603855302411296e-41 2.054013652502383e-28 2276
60 1.037434959641588e-40 4.457108191350578e-41 1.63663015823877e-28 2016
63 7.338364102679069e-41 3.67511545191146e-41 1.490991846960525e-28 1640
66 4.75287948037552e-41 2.437781587685591e-41 1.416607249823843e-28 1056
69 3.329829305340401e-41 1.884800059289668e-41 1.5477651507305e-28 683
72 2.093189468645119e-41 1.050190829731107e-41 1.604599106174752e-28 350
75 9.937339139375269e-42 6.040783889694514e-42 1.517308697791765e-28 192
78 2.477294741988114e-42 7.715889075878039e-43 9.445896515151475e-29 44
81 1.085156430133851e-42 4.12591926072901e-43 7.948641261040239e-29 25


3 1.438364333576112e-12 9.07699726046892e-16 162.3134954060601 18
6 4.630332990879658e-14 8.903417360213259e-16 6.051096713619714 62
9 3.480488918767068e-14 8.243955278685208e-16 2.027087455882319 98
12 5.851704914579664e-14 1.178959466598459e-15 0.9195988395098714 210
15 9.688641643484636e-14 3.071638239911935e-15 0.9461351454198108 350
18 2.525083417095787e-14 2.721838331590116e-15 0.4154845680730141 450
21 1.674359733390327e-21 1.482336825156866e-22 1.334728458344822e-08 602
24 3.465469731216235e-22 4.485401672385417e-23 2.448881373960121e-09 762
27 2.615309201783522e-22 3.738828512361466e-23 1.097206049500817e-09 1142
30 1.121213933343773e-22 1.889984281962025e-23 4.139931857150549e-10 1250
33 3.231246629927128e-23 5.954549778903261e-24 9.420076733784092e-11 1458
36 1.857528559020297e-24 4.208681310448093e-25 4.501249769600019e-12 1814
39 3.849446048241256e-31 9.41222436231766e-32 7.231827676716313e-19 2178
42 1.595715068568571e-31 4.548970036753683e-32 2.629958870330539e-19 2498
45 5.883724993100494e-32 1.832228015337623e-32 8.879413442397828e-20 2622
48 1.59921172466586e-32 5.176580768123193e-33 1.839780713963155e-20 3191
51 1.424915597433195e-33 4.546787890694708e-34 1.533626695369808e-21 3044
54 7.879300888714703e-36 3.732332769149459e-36 1.19784279135611e-23 2736
57 1.405296481071285e-40 6.395714245944844e-41 2.265637273516554e-28 2276
60 1.055593618236139e-40 4.383018868920589e-41 1.6346010980706e-28 2016
63 7.652594944390178e-41 3.528816221436221e-41 1.465550685828518e-28 1640
66 4.835062609662589e-41 2.366250075456008e-41 1.399480768723857e-28 1056
69 3.38612367026783e-41 1.85099426808097e-41 1.544036744045062e-28 683
72 1.930069605772781e-41 1.127588477666574e-41 1.69015097008364e-28 350
75 9.858224383694706e-42 6.207002475179397e-42 1.563065783545181e-28 192
78 1.592806935685334e-42 1.321455406465585e-42 1.304657757571371e-28 44
81 1.085786345171959e-42 3.763253434434139e-43 7.535097673796237e-29 25


3 1.179646208498934e-12 2.136390158268514e-15 203.0328782687691 18
6 3.049090487805775e-14 1.070905352660325e-15 6.75976259164563 62
9 4.877336945525656e-14 5.227303886615657e-16 1.475463987990381 98
12 5.561936735793994e-14 1.277381417800732e-15 0.9666896515228924 210
15 9.227032874566836e-14 3.392727281457712e-15 1.016858410152178 350
18 3.783538095684105e-14 1.857010568226918e-15 0.3120991958084594 450
21 1.632347121506771e-21 1.479409835449554e-22 1.333934088872989e-08 602
24 4.069479833216874e-22 3.777177830342396e-23 2.160214834488967e-09 762
27 2.553801393405341e-22 3.742701180584977e-23 1.102582320995402e-09 1142
30 1.14145244047349e-22 1.838867135233206e-23 4.079931689204962e-10 1250
33 3.118639126562617e-23 6.083747860918888e-24 9.628057073766758e-11 1458
36 1.955466854443715e-24 3.892501704396769e-25 4.268784172521944e-12 1814
39 3.872546992254016e-31 9.238491860625638e-32 7.183126974093114e-19 2178
42 1.682766156369879e-31 4.237953967732789e-32 2.51475000691702e-19 2498
45 6.117024050937132e-32 1.726314114931429e-32 8.562291896112028e-20 2622
48 1.576793430088908e-32 5.156711388968555e-33 1.84608012599564e-20 3191
51 1.278286705497568e-33 4.976160841541617e-34 1.642570318870676e-21 3044
54 1.008541753820328e-35 2.920262454288247e-36 1.025758577225671e-23 2736
57 1.492092812600084e-40 6.028447820792174e-41 2.195848880939736e-28 2276
60 9.951493174191966e-41 4.602315201375721e-41 1.70149874087498e-28 2016
63 7.923381144171798e-41 3.358812169651579e-41 1.429578692444486e-28 1640
66 4.931553293984164e-41 2.367832849094313e-41 1.419082064337348e-28 1056
69 3.572571758591556e-41 1.704483183636915e-41 1.471449644865302e-28 683
72 1.806090561861827e-41 1.178413186536062e-41 1.74960718811823e-28 350
75 1.047590271876896e-41 5.801221835011939e-42 1.512323628621975e-28 192
78 1.364958963138611e-42 1.42362673789236e-42 1.37290502620095e-28 44
81 6.658065081310899e-43 5.922104329177896e-43 9.6815143614898e-29 25


3 8.601937541653469e-13 3.61255740375881e-15 243.2709058817568 18
6 2.821421973656161e-14 1.089675583948188e-15 6.748848814204891 62
9 5.508547239641496e-14 3.84238226506504e-16 1.228881452143474 98
12 4.508339473776302e-14 1.617864342082912e-15 1.142240036108288 210
15 7.185488255690074e-14 4.268628370264265e-15 1.201878173112145 350
18 4.204034255001419e-14 1.579012432182989e-15 0.2793588664434306 450
21 1.688193164232883e-21 1.401222138131569e-22 1.284313133048445e-08 602
24 3.752304348566124e-22 4.042211185198705e-23 2.278858018150871e-09 762
27 2.788215172038994e-22 3.378419561173521e-23 1.026751763611137e-09 1142
30 1.128400670436681e-22 1.820675089004594e-23 4.069916810442425e-10 1250
33 3.187697837425231e-23 5.814632579923103e-24 9.358912875092841e-11 1458
36 1.766083770706341e-24 4.265255914326464e-25 4.601474674109145e-12 1814
39 3.856628574970987e-31 9.105822896474399e-32 7.152202814020486e-19 2178
42 1.582698470152388e-31 4.437313330801152e-32 2.617140120428205e-19 2498
45 5.893216998804321e-32 1.768809851149223e-32 8.77427634742867e-20 2622
48 1.61790336864459e-32 4.939838783602785e-33 1.804208198056558e-20 3191
51 1.415057712905226e-33 4.421804127036227e-34 1.524529098133001e-21 3044
54 7.431663663099172e-36 3.814205877272874e-36 1.235171113825964e-23 2736
57 1.567295043915594e-40 5.640419840832017e-41 2.116843886206871e-28 2276
60 1.050677164515108e-40 4.342221690831208e-41 1.651509736688558e-28 2016
63 7.373005119951527e-41 3.582393298912083e-41 1.503074379772875e-28 1640
66 4.719698533245186e-41 2.412277108218883e-41 1.443619986753506e-28 1056
69 3.313241727818733e-41 1.828388322272259e-41 1.552252214865274e-28 683
72 2.034196435301605e-41 1.041458705848845e-41 1.631137678651271e-28 350
75 1.072149052263727e-41 5.701042623642822e-42 1.51399828601752e-28 192
78 2.353246391044753e-42 8.027117432577648e-43 9.800598480323176e-29 44
81 6.395070010195348e-43 5.96414795334388e-43 9.781719183955423e-29 25


3 5.343044436262498e-13 5.076830417091671e-15 279.3565901033155 18
6 4.040850356087302e-14 9.35357949000975e-16 6.049433092098589 62
9 4.930840252482429e-14 4.961943844383415e-16 1.413266934392501 98
12 3.850950353124801e-14 1.799720671608563e-15 1.238416952633765 210
15 6.443779031704083e-14 4.372544417176617e-15 1.222050852300268 350
18 3.013061225186716e-14 2.32165804235048e-15 0.3694435905527449 450
21 1.673943381862249e-21 1.411786808022533e-22 1.300626664973689e-08 602
24 3.318718729583089e-22 4.420745132807959e-23 2.452834453301642e-09 762
27 2.541410993407865e-22 3.655126037298594e-23 1.095690300325729e-09 1142
30 1.097258004957234e-22 1.840537124490014e-23 4.130757392451708e-10 1250
33 3.083917349230563e-23 5.949229806960208e-24 9.592190732978612e-11 1458
36 1.998350605970058e-24 3.66921660325375e-25 4.145150626189681e-12 1814
39 3.781689137384557e-31 9.132103879368649e-32 7.218472895447783e-19 2178
42 1.663610790164644e-31 4.146673086217813e-32 2.510297192621692e-19 2498
45 5.967807346824853e-32 1.712730162935063e-32 8.633271451607277e-20 2622
48 1.533042705399901e-32 5.129240242309305e-33 1.865172240086144e-20 3191
51 1.282696599206713e-33 4.798220398494584e-34 1.623924315621492e-21 3044
54 9.84593137272751e-36 2.908405326697019e-36 1.036658708148981e-23 2736
57 1.366726929676191e-40 6.403502908456952e-41 2.32425416696375e-28 2276
60 1.014143809161405e-40 4.397819411679125e-41 1.675382955192157e-28 2016
63 7.636429809646891e-41 3.449609692862181e-41 1.479478758385241e-28 1640
66 4.812778502796035e-41 2.322768181884645e-41 1.417966910624958e-28 1056
69 3.308001622469977e-41 1.829801881059727e-41 1.568196602491482e-28 683
72 2.046291835577461e-41 1.026910110091866e-41 1.630912912846565e-28 350
75 9.857234789842935e-42 6.366901913017812e-42 1.645074081077874e-28 192
78 2.220146247515502e-42 8.187777394006346e-43 9.881857004170834e-29 44
81 1.028869164983108e-42 3.890242915737281e-43 7.782515954028247e-29 25


3 2.560035886098154e-13 6.283859581104849e-15 309.7011304180384 18
6 6.195420416503502e-14 6.692972140179237e-16 4.912562285161515 62
9 3.550494306027137e-14 7.690102269162356e-16 1.877251408272307 98
12 4.240023939228153e-14 1.617316462826535e-15 1.149084573408584 210
15 7.548443013827374e-14 3.731088710052662e-15 1.090806404089853 350
18 2.470421559395792e-14 2.605918093034993e-15 0.4064840672115485 450
21 1.646745237759906e-21 1.414626892865864e-22 1.31236882456622e-08 602
24 3.88430095585652e-22 3.774738023366179e-23 2.197089988637839e-09 762
27 2.555314355703936e-22 3.562489236386316e-23 1.082766402704907e-09 1142
30 1.135189287913318e-22 1.757740307570899e-23 4.024647763489276e-10 1250
33 3.156808574209855e-23 5.697854813001151e-24 9.359110404647164e-11 1458
36 1.698509302318887e-24 4.266356100580977e-25 4.669749808761299e-12 1814
39 3.853925712723483e-31 8.819840876514906e-32 7.093874472254422e-19 2178
42 1.561952293456278e-31 4.345907424029323e-32 2.616424486915991e-19 2498
45 5.903085704438434e-32 1.704947733788346e-32 8.673166234972231e-20 2622
48 1.615329143040581e-32 4.783337675806816e-33 1.790174216404922e-20 3191
51 1.360344700129684e-33 4.461523756484491e-34 1.555964163567698e-21 3044
54 8.065820157135928e-36 3.485589177700627e-36 1.178281367514549e-23 2736
57 1.56980051599485e-40 5.470221153496847e-41 2.105100906264544e-28 2276
60 1.011617603817014e-40 4.359961234101665e-41 1.679144100520089e-28 2016
63 7.730032327582894e-41 3.333305798005875e-41 1.45683749520239e-28 1640
66 4.887960537865692e-41 2.266222492819859e-41 1.407081145364665e-28 1056
69 3.51944791903604e-41 1.69629724382542e-41 1.505435943762108e-28 683
72 1.818811498019355e-41 1.136513635430503e-41 1.75141938132667e-28 350
75 1.019698103674282e-41 6.217349571119272e-42 1.637698854917381e-28 192
78 1.305916920276221e-42 1.407312561611215e-42 1.391995683735906e-28 44
81 1.021925145050439e-42 3.936476013559796e-43 7.945076225504534e-29 25


3 6.998133439327428e-14 7.039696931052099e-15 334.0900179988396 18
6 8.382073325261341e-14 3.98924692715439e-16 3.746843336561353 62
9 2.320234985382161e-14 1.004337413905698e-15 2.304812178263405 98
12 5.140600101670841e-14 1.274391304437514e-15 0.9772514543883919 210
15 8.65288699933526e-14 3.303075442443184e-15 1.01382391756238 350
18 3.504529043827472e-14 1.899099742622398e-15 0.3241752944384407 450
21 1.656804848656631e-21 1.363804402263454e-22 1.286789941750296e-08 602
24 3.873405955037376e-22 3.728284734315615e-23 2.195420243514918e-09 762
27 2.721030125052449e-22 3.305788831071114e-23 1.03381057531271e-09 1142
30 1.09712236522659e-22 1.777178495218487e-23 4.089280575960063e-10 1250
33 3.064255020036237e-23 5.786212469000109e-24 9.549832753297667e-11 1458
36 1.995043826453175e-24 3.557183698978751e-25 4.120678713820136e-12 1814
39 3.714167343525855e-31 8.993570237146258e-32 7.253913055834112e-19 2178
42 1.65310660026376e-31 4.043181470713474e-32 2.50531841613128e-19 2498
45 5.837686864035949e-32 1.696463064715869e-32 8.711910595286217e-20 2622
48 1.51220256411042e-32 5.030095735830225e-33 1.868630279942001e-20 3191
51 1.319675310021699e-33 4.518983349126552e-34 1.581985531714066e-21 3044
54 8.727040246889003e-36 3.224929084350713e-36 1.12702297842888e-23 2736
57 1.422004183960939e-40 5.936806814386191e-41 2.238214332695844e-28 2276
60 1.021554600370016e-40 4.264395834593362e-41 1.668431293218169e-28 2016
63 7.452970162978294e-41 3.439778608027581e-41 1.500534152263144e-28 1640
66 4.61448653180017e-41 2.350309161391108e-41 1.449740180784061e-28 1056
69 3.389697387850948e-41 1.743478897480078e-41 1.543517693231733e-28 683
72 1.892688188234387e-41 1.079408896340668e-41 1.70740720782694e-28 350
75 1.116490734665527e-41 5.513137685548946e-42 1.530485399632977e-28 192
78 1.582305438445574e-42 1.24328557444522e-42 1.300314797227403e-28 44
81 6.320513990786753e-43 6.243182910182354e-43 1.048376791821639e-28 25


3 4.499098425767933e-15 7.229448780814639e-15 350.7134828729482 18
6 9.68477904299227e-14 2.326000691232727e-16 2.984285185110889 62
9 2.064533391557813e-14 1.036238714229476e-15 2.411910191597344 98
12 5.49214677913028e-14 1.13999472653043e-15 0.9164927469353861 210
15 8.477898427690371e-14 3.456474779763204e-15 1.065031925714678 350
18 4.094017610471659e-14 1.517686268294701e-15 0.2802574440013652 450
21 1.620110875924515e-21 1.377015717240463e-22 1.311188995657611e-08 602
24 3.270648432754519e-22 4.270630326047511e-23 2.455852076617519e-09 762
27 2.498212408015392e-22 3.539412830617291e-23 1.098745637304778e-09 1142
30 1.080829967657265e-22 1.779184519466661e-23 4.135449713939411e-10 1250
33 3.093584447756413e-23 5.654070865668292e-24 9.482006858376351e-11 1458
36 1.699872470385423e-24 4.12553089180914e-25 4.635265072173857e-12 1814
39 3.823255783707428e-31 8.600971191698691e-32 7.087328252837766e-19 2178
42 1.535478523418877e-31 4.271156107416069e-32 2.627745179012166e-19 2498
45 5.878461341461041e-32 1.65131210435998e-32 8.616877738643093e-20 2622
48 1.593485351142166e-32 4.695752975818899e-33 1.796154597749028e-20 3191
51 1.294791958942086e-33 4.54764691213523e-34 1.602374973695504e-21 3044
54 9.039222157732551e-36 3.021237701513522e-36 1.085894373186959e-23 2736
57 1.436494321687911e-40 5.842653101333786e-41 2.235205472662849e-28 2276
60 9.954384797413323e-41 4.298405373720589e-41 1.689384918670163e-28 2016
63 7.477963487634674e-41 3.381151393633301e-41 1.495037173242248e-28 1640
66 4.762797052458316e-41 2.241502192981242e-41 1.417242325707541e-28 1056
69 3.285371114825922e-41 1.787947622976321e-41 1.584344872246254e-28 683
72 2.055926696312689e-41 9.689653769841325e-42 1.605438489286582e-28 350
75 1.038165161126899e-41 5.855395319783764e-42 1.598616729730531e-28 192
78 2.454007879471502e-42 7.042550352928651e-43 9.438638907382857e-29 44
81 7.027298825419497e-43 5.72501164846642e-43 9.975801167563349e-29 25


3 6.72262917727828e-14 6.832241066365762e-15 357.6028155729538 18
6 9.55422962514582e-14 2.350864908114909e-16 2.97153814859792 62
9 2.915027212613675e-14 8.445480202155829e-16 2.129624304536246 98
12 4.909233763304929e-14 1.334615849668365e-15 1.043319150901814 210
15 7.57421746585839e-14 3.741017941862321e-15 1.144213115410949 350
18 3.160313895346385e-14 2.08968675371935e-15 0.3566683363562305 450
21 1.610246085493029e-21 1.37929326036026e-22 1.332589815754887e-08 602
24 3.622452596520997e-22 3.854130927643088e-23 2.303111614138468e-09 762
27 2.538027777287811e-22 3.420357553074118e-23 1.083115635958201e-09 1142
30 1.126731978298675e-22 1.679565342093894e-23 4.004620483881492e-10 1250
33 3.091488843840757e-23 5.55761982339219e-24 9.45570671041226e-11 1458
36 1.91633533064564e-24 3.618189536309159e-25 4.253823916464537e-12 1814
39 3.678445322362006e-31 8.801979187646724e-32 7.275954048910416e-19 2178
42 1.644844054315509e-31 3.938677898201923e-32 2.503875721939785e-19 2498
45 5.750663714325545e-32 1.670169824413334e-32 8.770571253419228e-20 2622
48 1.50558588919174e-32 4.888174927289617e-33 1.862887775945086e-20 3191
51 1.350091813808148e-33 4.271311239669985e-34 1.547321175028055e-21 3044
54 7.806159276856795e-36 3.442396885337662e-36 1.197664152883828e-23 2736
57 1.512514651502507e-40 5.425307429103122e-41 2.143776246514653e-28 2276
60 1.021395931859803e-40 4.147241821107984e-41 1.664709261361939e-28 2016
63 7.712619284227695e-41 3.243322338716764e-41 1.468339631905463e-28 1640
66 4.765542123974171e-41 2.194157403601159e-41 1.407195185141239e-28 1056
69 3.352844635700921e-41 1.719518292621252e-41 1.55535782967704e-28 683
72 1.895413796006199e-41 1.052578791408115e-41 1.707028976693573e-28 350
75 9.396243067723814e-42 6.344339965148841e-42 1.694368974886972e-28 192
78 1.919598314142914e-42 9.951904931389996e-43 1.147454862304253e-28 44
81 1.089747117292774e-42 3.45212667089909e-43 7.584652183970502e-29 25


3 2.446387457198941e-13 5.920858031389758e-15 350.3002515216947 18
6 8.032941955813511e-14 4.016022222570477e-16 3.848497974770587 62
9 4.244526834198513e-14 5.629986966260734e-16 1.648949799069764 98
12 4.073369267017133e-14 1.608511941845043e-15 1.230816139545897 210
15 6.995797909734947e-14 3.789388579422338e-15 1.172401477737279 350
18 2.461089597848266e-14 2.472284887157537e-15 0.4128090607850939 450
21 1.662034085981563e-21 1.304148451446863e-22 1.295353424693167e-08 602
24 3.940272004505033e-22 3.482208085176174e-23 2.16407336530249e-09 762
27 2.65521003951745e-22 3.232541841088587e-23 1.051576718788221e-09 1142
30 1.057384925595662e-22 1.754221877695855e-23 4.182535457529472e-10 1250
33 2.998015329204158e-23 5.655837206581453e-24 9.69003030394418e-11 1458
36 1.780131931892236e-24 3.825822910318182e-25 4.471993615789853e-12 1814
39 3.765531771824003e-31 8.441389153643014e-32 7.127028502170171e-19 2178
42 1.510772746825755e-31 4.191665813463455e-32 2.640906389730873e-19 2498
45 5.816525441082104e-32 1.611495318297706e-32 8.620683421544657e-20 2622
48 1.563145579633898e-32 4.638605245560543e-33 1.812411636439095e-20 3191
51 1.251092947398296e-33 4.554319145041259e-34 1.632299495305444e-21 3044
54 9.347052178243602e-36 2.830368447093421e-36 1.057820678193288e-23 2736
57 1.373520502192418e-40 5.898036135911706e-41 2.287114205720416e-28 2276
60 9.811027012394419e-41 4.249028148468556e-41 1.70578234868438e-28 2016
63 7.388154568370386e-41 3.363489156236673e-41 1.517272817454528e-28 1640
66 4.606509086169996e-41 2.251990746322683e-41 1.443992529895856e-28 1056
69 3.463657335265025e-41 1.639919574330755e-41 1.521371248872117e-28 683
72 1.808625238940039e-41 1.090113632374788e-41 1.761739159226537e-28 350
75 1.058595519311598e-41 5.558515063950424e-42 1.570505810971161e-28 192
78 1.165653078370602e-42 1.378376531544148e-42 1.411576710626572e-28 44
81 9.221925295813044e-43 4.337173800878335e-43 8.609649773554631e-29 25


3 5.048863090998502e-13 4.647818218220337e-15 325.8570751383514 18
6 5.733013012886329e-14 6.606771431312843e-16 5.464862397324928 62
9 5.124290876371819e-14 3.812744712042884e-16 1.318496242829955 98
12 3.919728126633227e-14 1.63420810617572e-15 1.284702017092438 210
15 7.085182347825167e-14 3.677478435236124e-15 1.171777893910627 350
18 3.206964553577671e-14 1.954411897872397e-15 0.3513196251340207 450
21 1.614988541708412e-21 1.311593037339796e-22 1.320026220531484e-08 602
24 3.344008076252989e-22 4.010180393693931e-23 2.438328355296252e-09 762
27 2.465936810110123e-22 3.41336371474705e-23 1.10948539908777e-09 1142
30 1.083295543545254e-22 1.692189541542398e-23 4.123287681283514e-10 1250
33 3.111027329628439e-23 5.355173561331582e-24 9.408787450884096e-11 1458
36 1.769038834133983e-24 3.817471838528678e-25 4.52133920751513e-12 1814
39 3.655504474153931e-31 8.583585277652802e-32 7.290790376329149e-19 2178
42 1.627382883224494e-31 3.85331484393149e-32 2.512728129953535e-19 2498
45 5.69842915395053e-32 1.633695339745149e-32 8.798939164210846e-20 2622
48 1.502830192321199e-32 4.742380988817868e-33 1.857070796068404e-20 3191
51 1.347920215779091e-33 4.141359602862657e-34 1.541401821254431e-21 3044
54 7.7282251301763e-36 3.339636371146375e-36 1.191939097466684e-23 2736
57 1.501107411607381e-40 5.365566687149253e-41 2.166761076797269e-28 2276
60 1.007756242508083e-40 4.076320374598229e-41 1.672899888664669e-28 2016
63 7.435589678637354e-41 3.29697122204025e-41 1.51076321407496e-28 1640
66 4.672905470817408e-41 2.197042723027879e-41 1.433340962004601e-28 1056
69 3.289721903550652e-41 1.720829559860854e-41 1.584009339109773e-28 683
72 1.974267947657293e-41 9.756265744285452e-42 1.651180555950157e-28 350
75 1.110342163329969e-41 5.28664482967785e-42 1.539634150866371e-28 192
78 1.919627881086553e-42 9.172784810602292e-43 1.097983627408117e-28 44
81 5.862994585969191e-43 6.325433382782403e-43 1.095206542560027e-28 25


3 8.035473870728975e-13 3.220069169290883e-15 281.7105786075333 18
6 3.582202613473922e-14 9.03881459431941e-16 7.351613078898191 62
9 4.968262350891843e-14 4.129785631764203e-16 1.417179752357294 98
12 4.576030381933387e-14 1.373448678807037e-15 1.156777524935031 210
15 7.608703029783525e-14 3.516245668742539e-15 1.164304827921199 350
18 3.927557244457142e-14 1.495003470960555e-15 0.2941327010354067 450
21 1.537495476421099e-21 1.369023936691696e-22 1.388648184886978e-08 602
24 3.344856305305081e-22 3.951048151264251e-23 2.449071749535058e-09 762
27 2.502218835571458e-22 3.307506597176971e-23 1.097877119190925e-09 1142
30 1.101957189114179e-22 1.635568600018692e-23 4.067560731862643e-10 1250
33 2.949478760602783e-23 5.553511523056534e-24 9.777566803615161e-11 1458
36 1.905179433955517e-24 3.445996164651362e-25 4.231385085252382e-12 1814
39 3.708472081164211e-31 8.289194965977138e-32 7.177558097039143e-19 2178
42 1.499371955214407e-31 4.086104647945914e-32 2.644043374938506e-19 2498
45 5.728257637715702e-32 1.582562547368219e-32 8.67085211138592e-20 2622
48 1.533261952256511e-32 4.579331502847987e-33 1.829079134170326e-20 3191
51 1.241816864168799e-33 4.438194924852303e-34 1.631905247037553e-21 3044
54 8.95566099596495e-36 2.904464419201323e-36 1.095840655024173e-23 2736
57 1.402008738826876e-40 5.637738374751527e-41 2.257671525062723e-28 2276
60 9.861014156577153e-41 4.114195902555203e-41 1.698312751341832e-28 2016
63 7.732800698249852e-41 3.159683846014e-41 1.484638527845445e-28 1640
66 4.702342526552729e-41 2.161018082891271e-41 1.431181716063882e-28 1056
69 3.224766408023952e-41 1.742563120678196e-41 1.612106198333832e-28 683
72 1.959694288630438e-41 9.718073307605325e-42 1.661655874979803e-28 350
75 9.364837702421115e-42 6.151749231430637e-42 1.703525603586204e-28 192
78 2.252085788822951e-42 7.271444820251967e-43 9.75501387610501e-29 44
81 8.037334701329189e-43 4.934035908692999e-43 9.43157679230006e-29 25


3 1.091154786537219e-12 1.863741521924093e-15 220.6865299687241 18
6 2.444226088691147e-14 1.030295087977799e-15 8.837501707797101 62
9 3.91404218731259e-14 6.217431511562236e-16 1.954161607413699 98
12 5.243741150999647e-14 1.110534555756768e-15 1.011746381970463 210
15 8.11513582307796e-14 3.309521315834487e-15 1.140476361585089 350
18 3.310179565650873e-14 1.868740257780059e-15 0.3523785693746717 450
21 1.616936171632252e-21 1.287857622656821e-22 1.348108325221917e-08 602
24 3.888262431304428e-22 3.365332332869471e-23 2.20175315266789e-09 762
27 2.598724968440254e-22 3.14557868358832e-23 1.071303702001775e-09 1142
30 1.029244019242485e-22 1.718532930695077e-23 4.274200838487846e-10 1250
33 3.034537772847994e-23 5.309167222642545e-24 9.562778613611966e-11 1458
36 1.609810068808875e-24 4.015442343440624e-25 4.799488758963812e-12 1814
39 3.622537006115038e-31 8.391730391979013e-32 7.321271724256317e-19 2178
42 1.593518752077403e-31 3.803376892562084e-32 2.537424649365046e-19 2498
45 5.661001441057841e-32 1.590471593686062e-32 8.796480883122313e-20 2622
48 1.496956108938749e-32 4.61332075254672e-33 1.85519914170775e-20 3191
51 1.31406408373834e-33 4.125063493677736e-34 1.564562068706983e-21 3044
54 7.975605664915702e-36 3.113808196926541e-36 1.15319115230041e-23 2736
57 1.445471801657494e-40 5.445769878645585e-41 2.227920672045854e-28 2276
60 9.86671061573261e-41 4.113740787800895e-41 1.716518006180615e-28 2016
63 7.163090116721116e-41 3.353758438231929e-41 1.555251748752991e-28 1640
66 4.618353474244559e-41 2.181836177189431e-41 1.452804786223543e-28 1056
69 3.526658697740184e-41 1.582725203069902e-41 1.530572587652917e-28 683
72 1.796868337542691e-41 1.069022116557536e-41 1.787139457238242e-28 350
75 9.64627654859434e-42 5.831766526363998e-42 1.65401012573958e-28 192
78 1.435826934222974e-42 1.143388973723735e-42 1.27200428908224e-28 44
81 1.042097927626688e-42 3.446609105873522e-43 7.755814226082589e-29 25


3 1.321307240063678e-12 7.893587384649983e-16 151.2805840693422 18
6 2.770838571553465e-14 9.869847642384972e-16 9.233016596330907 62
9 2.695165876648883e-14 8.532322366773145e-16 2.620975506223748 98
12 5.122389491402553e-14 1.126292431991654e-15 1.047876236394733 210
15 8.045831672907004e-14 3.212943900834703e-15 1.135612803124381 350
18 2.520727922746728e-14 2.307080675590346e-15 0.4230073757615721 450
21 1.661201263687534e-21 1.214110610898467e-22 1.306235438201365e-08 602
24 3.516805228960392e-22 3.66345078199153e-23 2.376960494105143e-09 762
27 2.433990469289534e-22 3.291179766294601e-23 1.12240829301462e-09 1142
30 1.089816755558215e-22 1.603248776914217e-23 4.104743166987318e-10 1250
33 2.992043840745532e-23 5.294069938179189e-24 9.644982134863039e-11 1458
36 1.984850937710686e-24 3.165860723823177e-25 4.063036185055514e-12 1814
39 3.672924459726652e-31 8.109202827599509e-32 7.207718973327582e-19 2178
42 1.505574925882224e-31 3.952252105402644e-32 2.632394486099399e-19 2498
45 5.629725097138796e-32 1.559828741879295e-32 8.743050260490032e-20 2622
48 1.508090620532892e-32 4.506378316262241e-33 1.841152331084256e-20 3191
51 1.255888672349984e-33 4.243335003366235e-34 1.609015770579643e-21 3044
54 8.614997590453855e-36 2.931265480624741e-36 1.121291181897744e-23 2736
57 1.423293251126514e-40 5.47125804466133e-41 2.255561041680744e-28 2276
60 1.016178658230327e-40 4.013520168860076e-41 1.708479124726795e-28 2016
63 7.666582300216826e-41 3.161351649346021e-41 1.51441127139801e-28 1640
66 4.648994371674242e-41 2.167709889669104e-41 1.462215029837878e-28 1056
69 3.244361073526207e-41 1.689999192176659e-41 1.607049819352677e-28 683
72 1.86758233485094e-41 1.015542324512266e-41 1.741842274246456e-28 350
75 1.137495353206088e-41 5.112079657760515e-42 1.554863396776382e-28 192
78 1.392246600891832e-42 1.163944580206551e-42 1.296530464470217e-28 44
81 8.043585530641577e-43 4.783767193483178e-43 9.392061771839224e-29 25


3 1.457911727571183e-12 1.559243127761003e-16 91.81770976858347 18
6 4.423922490734796e-14 7.897300906284036e-16 8.220727363921165 62
9 2.117383836479674e-14 9.459805069582055e-16 2.983102801614789 98
12 4.314771299929243e-14 1.384872795883179e-15 1.264828343951248 210
15 7.256058271750423e-14 3.413916005886554e-15 1.20965668224458 350
18 2.932825468857789e-14 1.997190010348615e-15 0.3838136888706065 450
21 1.516585289432625e-21 1.305896004376671e-22 1.400477079039901e-08 602
24 3.137359499942709e-22 3.974912827586971e-23 2.566457247057609e-09 762
27 2.456525939854061e-22 3.21108851041134e-23 1.114818006716166e-09 1142
30 1.062800485199433e-22 1.617947260195175e-23 4.17753854625944e-10 1250
33 2.907952952156448e-23 5.339470775701975e-24 9.806422338630388e-11 1458
36 1.546023824701723e-24 4.009145903469114e-25 4.892097041288564e-12 1814
39 3.572233645216208e-31 8.236217851083117e-32 7.363230930743523e-19 2178
42 1.549843016351251e-31 3.778445780955575e-32 2.571671509953532e-19 2498
45 5.637469044395177e-32 1.54554613065466e-32 8.774966148646872e-20 2622
48 1.487634311833611e-32 4.500834071370728e-33 1.85573847538554e-20 3191
51 1.267774745879584e-33 4.147413673734652e-34 1.597351186034544e-21 3044
54 7.824721734574204e-36 3.045825044014204e-36 1.153218986006849e-23 2736
57 1.433784253302357e-40 5.440714741669805e-41 2.271177192166322e-28 2276
60 9.86584836510398e-41 4.11259619651504e-41 1.752906545417149e-28 2016
63 7.556625077900686e-41 3.237166352759489e-41 1.556343554242103e-28 1640
66 4.668003747095972e-41 2.156677293030199e-41 1.471824574483052e-28 1056
69 3.218005011633157e-41 1.720832827732546e-41 1.645895771088203e-28 683
72 2.01003809835936e-41 9.283547195244674e-42 1.659124419649863e-28 350
75 1.042660921980616e-41 5.655093783031416e-42 1.671352827889746e-28 192
78 2.182861402529702e-42 6.831746414098426e-43 9.506450758875248e-29 44
81 6.196734696760346e-43 6.125462591069907e-43 1.117277674556247e-28 25


3 1.480611405212959e-12 4.807200510232116e-17 70.4159075036445 18
6 6.735660374153728e-14 5.156769113259547e-16 6.101726769350934 62
9 2.515409075818915e-14 8.409446874340795e-16 2.79021315548222 98
12 3.705225257764006e-14 1.579231159570832e-15 1.442215986724575 210
15 6.533044021077435e-14 3.691655646664771e-15 1.30974732301094 350
18 3.69386582212122e-14 1.515123185160177e-15 0.3152150492764116 450
21 1.483903296035424e-21 1.319595927548229e-22 1.431195354921979e-08 602
24 3.681863818728593e-22 3.401594722006399e-23 2.303948092391762e-09 762
27 2.553576623409889e-22 3.049280049108313e-23 1.083187559470847e-09 1142
30 1.019356425592929e-22 1.653656650669001e-23 4.290042372874625e-10 1250
33 3.01054189069074e-23 5.079866740766359e-24 9.53681777157026e-11 1458
36 1.929135375547776e-24 3.165528873471117e-25 4.139494979337611e-12 1814
39 3.650804799069337e-31 7.909195426216269e-32 7.209554773127579e-19 2178
42 1.5158981541944e-31 3.81594192559774e-32 2.613639529275374e-19 2498
45 5.540406625469564e-32 1.539601034448018e-32 8.816354425521765e-20 2622
48 1.486582414492513e-32 4.426387993160158e-33 1.84873684304308e-20 3191
51 1.269482730109386e-33 4.053950790997846e-34 1.58374251264545e-21 3044
54 8.772102093935454e-36 2.753368511787035e-36 1.090222736817905e-23 2736
57 1.445379278070888e-40 5.401256319543632e-41 2.283611766281677e-28 2276
60 1.006395999725757e-40 4.005559928407042e-41 1.738144869269487e-28 2016
63 7.490436359343049e-41 3.256104487372598e-41 1.576987113532661e-28 1640
66 4.690802761669713e-41 2.123170646432347e-41 1.469038590953192e-28 1056
69 3.511873971283204e-41 1.597257820790244e-41 1.588305501257786e-28 683
72 1.842366244200981e-41 1.019875955311772e-41 1.779650558407892e-28 350
75 9.232587230582206e-42 6.326408295804416e-42 1.812945519189961e-28 192
78 1.748038924999253e-42 9.337451493665233e-43 1.148050884323466e-28 44
81 9.75122073273705e-43 4.273470261067998e-43 9.137963895079213e-29 25


3 1.387463958364415e-12 4.629232876024536e-16 112.0063004221237 18
6 8.777348743248545e-14 2.71434823405436e-16 3.865965245872639 62
9 3.556597620993277e-14 6.154819041231632e-16 2.196314606076172 98
12 3.96518777937754e-14 1.47598486665774e-15 1.385907982200078 210
15 6.846309068508495e-14 3.575967480132353e-15 1.296070906611146 350
18 3.418527164420613e-14 1.682493228687073e-15 0.3443898599763211 450
21 1.634549028474947e-21 1.175450774817073e-22 1.321032111379495e-08 602
24 3.711266622441539e-22 3.31288123487958e-23 2.276920363782922e-09 762
27 2.403860353912913e-22 3.179116315142851e-23 1.128152325698369e-09 1142
30 1.082179867972807e-22 1.537657159467364e-23 4.096425057817563e-10 1250
33 2.874758735535289e-23 5.238030415662692e-24 9.844284923292997e-11 1458
36 1.634258546960101e-24 3.706750415969058e-25 4.689960194954046e-12 1814
39 3.518602869031795e-31 8.085616193029602e-32 7.388062157192698e-19 2178
42 1.512651608395195e-31 3.745202960749741e-32 2.597607303914577e-19 2498
45 5.611449426675779e-32 1.502077095768715e-32 8.73794451564949e-20 2622
48 1.477305231788094e-32 4.394302481034965e-33 1.854271931009859e-20 3191
51 1.233635516019054e-33 4.128475431787427e-34 1.617496350467505e-21 3044
54 7.274534488796788e-36 3.145355609873473e-36 1.19809438275458e-23 2736
57 1.4227158973641e-40 5.421764994764627e-41 2.30735092057259e-28 2276
60 9.859583996589155e-41 4.01851788820309e-41 1.753843576149313e-28 2016
63 7.72063598537334e-41 3.143367511101415e-41 1.555528297078095e-28 1640
66 4.712104490372908e-41 2.134541614423777e-41 1.491231549304411e-28 1056
69 3.421234530899986e-41 1.691214623236167e-41 1.672527873067053e-28 683
72 1.751446970530053e-41 1.036291800423144e-41 1.805439937353634e-28 350
75 1.108930094255874e-41 5.223535262621107e-42 1.618461780825588e-28 192
78 1.333133402349829e-42 1.265976330028404e-42 1.430555103051189e-28 44
81 1.010195096929828e-42 4.295760680047795e-43 9.356733478235907e-29 25


3 1.194705277992495e-12 1.313458463574351e-15 207.7950849969393 18
6 9.726926262562064e-14 1.504521160350889e-16 2.656272073892311 62
9 4.502615653192699e-14 4.229627893627845e-16 1.647973047613566 98
12 4.801489817231858e-14 1.172642856409267e-15 1.157543159935755 210
15 7.905995377945484e-14 3.083389318392545e-15 1.161881927147663 350
18 2.649876052898809e-14 2.111165360132165e-15 0.4140636047917028 450
21 1.602262060783627e-21 1.179382542204787e-22 1.3329354519765e-08 602
24 3.095052401183938e-22 3.843375109330519e-23 2.571750398460782e-09 762
27 2.41332633361745e-22 3.11844237171623e-23 1.120289947697272e-09 1142
30 1.025409200434664e-22 1.596746343708811e-23 4.246426966689078e-10 1250
33 2.934918774123505e-23 5.041739405605585e-24 9.636351833632285e-11 1458
36 1.74694653752475e-24 3.434560853325434e-25 4.467967009337377e-12 1814
39 3.616350222811903e-31 7.744575371152092e-32 7.21303416247191e-19 2178
42 1.513342240519046e-31 3.706297416307505e-32 2.599350331541461e-19 2498
45 5.45642978314128e-32 1.51954136429303e-32 8.872750473405317e-20 2622
48 1.466675507473884e-32 4.349511212843316e-33 1.853867724093034e-20 3191
51 1.265132459502487e-33 3.934861701287108e-34 1.574028984731354e-21 3044
54 9.112398595385407e-36 2.515531208855389e-36 1.039372734004495e-23 2736
57 1.453206352138222e-40 5.256327245412398e-41 2.278480493719922e-28 2276
60 1.007424327643026e-40 3.97055458603188e-41 1.759561731819073e-28 2016
63 7.387607722260531e-41 3.253000221819941e-41 1.603290327383407e-28 1640
66 4.60907186107633e-41 2.162303556592683e-41 1.515613165112815e-28 1056
69 3.308275992845915e-41 1.716672155001752e-41 1.699444216044343e-28 683
72 1.97557712058467e-41 9.034763731752781e-42 1.665362025099371e-28 350
75 1.115573498325124e-41 5.231786902640937e-42 1.638437366364004e-28 192
78 2.117346309469422e-42 9.571401522981895e-43 1.240773148420363e-28 44
81 7.240316937507023e-43 6.439544724011779e-43 1.229024378899666e-28 25


3 9.336692880999685e-13 2.446780819798888e-15 313.4544699821073 18
6 9.18899875581232e-14 1.963683871960691e-16 3.025383496260341 62
9 4.72516523759857e-14 3.848441303803834e-16 1.527031468840374 98
12 5.27413204238928e-14 9.872309820901271e-16 1.009297454338067 210
15 8.270079494020049e-14 2.836398921635292e-15 1.08912816254317 350
18 2.731152613455583e-14 2.001820960924777e-15 0.3982744168798784 450
21 1.43288803582681e-21 1.30665947045727e-22 1.45244547617784e-08 602
24 3.359799825555449e-22 3.540801617873851e-23 2.428671208086691e-09 762
27 2.512421920035597e-22 2.952551088756962e-23 1.080974401714428e-09 1142
30 1.01933398015216e-22 1.576057019141142e-23 4.230788209990845e-10 1250
33 2.912588996496953e-23 5.028131135175381e-24 9.685669410896005e-11 1458
36 1.814600726057772e-24 3.239210347485625e-25 4.302149708424837e-12 1814
39 3.490845670018757e-31 7.871723640717202e-32 7.344747229786984e-19 2178
42 1.491528104662324e-31 3.680500250628823e-32 2.601809950612257e-19 2498
45 5.581083258590182e-32 1.4598059490862e-32 8.681285873089507e-20 2622
48 1.466900976832975e-32 4.286275389431469e-33 1.847793039638793e-20 3191
51 1.222192561957634e-33 4.036579244198295e-34 1.614789711240479e-21 3044
54 6.888496369302222e-36 3.203703590614632e-36 1.232577482596972e-23 2736
57 1.391414160218915e-40 5.411612400428332e-41 2.339781024253866e-28 2276
60 9.970008685735824e-41 3.984916408444799e-41 1.777851074067364e-28 2016
63 7.721545993982364e-41 3.107942012220263e-41 1.570267238082157e-28 1640
66 4.798950656086209e-41 2.081933715059086e-41 1.493533417033403e-28 1056
69 3.426276319034842e-41 1.60512935870653e-41 1.632829655750898e-28 683
72 1.917580746732868e-41 9.383972533528103e-42 1.723119348635788e-28 350
75 9.311334400670276e-42 6.378073765516288e-42 1.881779261394149e-28 192
78 2.19155126368006e-42 8.379549309220882e-43 1.144880128919442e-28 44
81 9.203516488886941e-43 5.642423911671332e-43 1.154555229184256e-28 25


3 6.454879505622204e-13 3.66978147300077e-15 393.7137276940938 18
6 7.34443716051662e-14 3.872874663792491e-16 4.621489402009178 62
9 4.115214473361556e-14 5.115103740420506e-16 1.857701861240536 98
12 4.825840115094449e-14 1.108794085899035e-15 1.09373988289634 210
15 7.29273204530925e-14 3.187176706375361e-15 1.187495378665392 350
18 3.410993881484837e-14 1.566401424017012e-15 0.3301360082519831 450
21 1.510138145891304e-21 1.232983282106473e-22 1.393655673637432e-08 602
24 3.791319431858335e-22 3.072236542558628e-23 2.188140704164244e-09 762
27 2.370234680570135e-22 3.078528521797982e-23 1.121226322345306e-09 1142
30 1.060969920241021e-22 1.496824848667498e-23 4.092138117011133e-10 1250
33 2.858037685311108e-23 5.035813249937867e-24 9.751735305187064e-11 1458
36 1.542102440287728e-24 3.747156671321212e-25 4.834767755968537e-12 1814
39 3.540938637355698e-31 7.667137311307634e-32 7.253758419287711e-19 2178
42 1.49429187462885e-31 3.632784384118395e-32 2.595394083983251e-19 2498
45 5.367577364208534e-32 1.499048176641319e-32 8.906038145024093e-20 2622
48 1.447056197773421e-32 4.27847034438172e-33 1.857293568452873e-20 3191
51 1.241962669036557e-33 3.891694260349301e-34 1.583108032064887e-21 3044
54 9.096604535903321e-36 2.433910017524213e-36 1.029738851146893e-23 2736
57 1.455192384502057e-40 5.093306920139941e-41 2.260757646212478e-28 2276
60 9.929928197789171e-41 3.934697925828372e-41 1.774291310162006e-28 2016
63 7.418515531671054e-41 3.19972020769494e-41 1.611789154959687e-28 1640
66 4.619690675490432e-41 2.127763657477847e-41 1.524605229327398e-28 1056
69 3.47390278592389e-41 1.590412933087757e-41 1.639608146538953e-28 683
72 1.721649524912562e-41 1.034322225285475e-41 1.848709326750198e-28 350
75 1.093545037709552e-41 5.387591008866169e-42 1.700251552110033e-28 192
78 1.44037937688324e-42 1.242155968189546e-42 1.462427263538504e-28 44
81 1.247397469483526e-42 3.86758753678167e-43 9.455385983160809e-29 25


3 3.744933726826403e-13 4.784625080755132e-15 436.8910918534072 18
6 4.875956962485933e-14 6.460764229170739e-16 6.545020227431423 62
9 3.120290653669852e-14 7.030319288956057e-16 2.329948650577359 98
12 3.895186473617658e-14 1.393159356285274e-15 1.295421742786812 210
15 6.19241723847587e-14 3.625768546548444e-15 1.309119430366693 350
18 3.441485646563859e-14 1.551765603539809e-15 0.3278475002831939 450
21 1.659229039490109e-21 1.090383637656208e-22 1.269105053421443e-08 602
24 3.233122822253016e-22 3.54248122820768e-23 2.441750936394744e-09 762
27 2.376923754115265e-22 3.021610486725468e-23 1.109626820612842e-09 1142
30 1.001106903246388e-22 1.558272737912019e-23 4.236472681992046e-10 1250
33 2.908782763601051e-23 4.883474433226364e-24 9.580144586214927e-11 1458
36 1.945927273470631e-24 2.887172100947763e-25 4.005867486245992e-12 1814
39 3.515512521060789e-31 7.573744911221018e-32 7.224597753875292e-19 2178
42 1.486615685092431e-31 3.58755470523914e-32 2.586225092722399e-19 2498
45 5.559861659937352e-32 1.419670406107733e-32 8.616415194760542e-20 2622
48 1.457025368114378e-32 4.174910154686425e-33 1.836200460986637e-20 3191
51 1.226738650973325e-33 3.893356884846083e-34 1.594372681220722e-21 3044
54 7.053883777863667e-36 3.070098874573869e-36 1.212572561442068e-23 2736
57 1.376695177534002e-40 5.308846770054195e-41 2.339227532728829e-28 2276
60 9.970923728292413e-41 3.878735377360911e-41 1.769776785604439e-28 2016
63 7.535698749589597e-41 3.101450881452055e-41 1.588914278503707e-28 1640
66 4.659812986594415e-41 2.080496608887257e-41 1.511776482967644e-28 1056
69 3.201470954225278e-41 1.712916775974966e-41 1.734272999713007e-28 683
72 1.934145792217494e-41 8.962756818448764e-42 1.692911860446859e-28 350
75 1.151395708896625e-41 4.869129570328234e-42 1.60347889675284e-28 192
78 1.812035695010468e-42 1.060574438866852e-42 1.337852704128817e-28 44
81 8.828070778782618e-43 5.883933415943167e-43 1.208507802986873e-28 25


3 1.613228397403223e-13 5.617784527625986e-15 447.4618727046049 18
6 2.703068904956808e-14 8.71443370599854e-16 7.939426703885416 62
9 2.410102605088364e-14 8.236262290302681e-16 2.578486600822598 98
12 3.450577691887005e-14 1.521203172588671e-15 1.373698631756233 210
15 6.446333338936189e-14 3.470927252470152e-15 1.257855209200418 350
18 2.815029725814556e-14 1.902797818429332e-15 0.3820149472010351 450
21 1.519090129513124e-21 1.178908968392405e-22 1.34581666336283e-08 602
24 3.049074609375734e-22 3.668693295317582e-23 2.515570923434315e-09 762
27 2.472540049284388e-22 2.85645549800853e-23 1.066374504632267e-09 1142
30 1.017962079045003e-22 1.508050331098139e-23 4.14942051751708e-10 1250
33 2.845567505618853e-23 4.924678407643593e-24 9.68741632686477e-11 1458
36 1.462184254550958e-24 3.794008360098762e-25 4.930612727210837e-12 1814
39 3.42462673790881e-31 7.672192382735091e-32 7.336254117670663e-19 2178
42 1.467335402794451e-31 3.580565102682575e-32 2.597420903085076e-19 2498
45 5.287420788843594e-32 1.47609573201535e-32 8.913593987576328e-20 2622
48 1.426210422335073e-32 4.210127707264789e-33 1.858601958846377e-20 3191
51 1.210708080651626e-33 3.882351206863579e-34 1.600443013154017e-21 3044
54 8.559425369323239e-36 2.546437932089268e-36 1.074179094484609e-23 2736
57 1.425561517598416e-40 5.063060168080382e-41 2.280375597436835e-28 2276
60 9.722563915850607e-41 3.907762585850284e-41 1.788443431109647e-28 2016
63 7.599745804126316e-41 3.050197054709228e-41 1.583471794089677e-28 1640
66 4.663470549619103e-41 2.035700827588956e-41 1.498227132057476e-28 1056
69 3.459915154378388e-41 1.57504668258922e-41 1.654914716243968e-28 683
72 1.954123890367247e-41 8.840807481071157e-42 1.693895803066004e-28 350
75 9.130897570210238e-42 6.062681220737059e-42 1.847763854420646e-28 192
78 2.287809090600561e-42 7.808528923945648e-43 1.127976636512659e-28 44
81 7.574652443395326e-43 6.53107038682377e-43 1.301620534981567e-28 25


3 3.685742603162636e-14 6.047917736514237e-15 431.9661643141788 18
6 1.632444193938514e-14 9.772720546851161e-16 8.315119051320959 62
9 2.418487000739222e-14 7.945367427310217e-16 2.438224278296577 98
12 3.953310178901819e-14 1.341945798225052e-15 1.227889516825865 210
15 7.671648210149723e-14 2.880749894398806e-15 1.0831948627091 350
18 2.637034520711079e-14 1.951516381123381e-15 0.3882008526222358 450
21 1.376205002104734e-21 1.274095846114783e-22 1.429454014582092e-08 602
24 3.673688549892641e-22 3.030326983054728e-23 2.180538749030418e-09 762
27 2.32922602507415e-22 2.986752031212106e-23 1.106132057432753e-09 1142
30 1.036475601658999e-22 1.465357229212376e-23 4.078062709093883e-10 1250
33 2.850534437270467e-23 4.819526608720127e-24 9.569288449794031e-11 1458
36 1.886739892486045e-24 2.905522505642998e-25 4.065907098223728e-12 1814
39 3.563594894918557e-31 7.259038609592139e-32 7.082636464090717e-19 2178
42 1.483953399586612e-31 3.492674832925785e-32 2.565891589132637e-19 2498
45 5.52486871360804e-32 1.383771874064149e-32 8.557218356236431e-20 2622
48 1.44761762382492e-32 4.063395414570084e-33 1.822012056761732e-20 3191
51 1.234028780334512e-33 3.744792375869986e-34 1.570025521552219e-21 3044
54 7.60053988884501e-36 2.798408542270187e-36 1.150563699345983e-23 2736
57 1.393199645424826e-40 5.08980224093558e-41 2.301334554631475e-28 2276
60 9.961090580403891e-41 3.765696220457333e-41 1.757145240529207e-28 2016
63 7.240844487467841e-41 3.163782069200905e-41 1.631883632496271e-28 1640
66 4.533862533453894e-41 2.071730287799486e-41 1.525718076716224e-28 1056
69 3.467422181225506e-41 1.552926046364216e-41 1.651121019901531e-28 683
72 1.658383001793532e-41 1.0255122449238e-41 1.874954926077057e-28 350
75 1.003044400712575e-41 5.549559972850216e-42 1.758897787314131e-28 192
78 1.624914337777806e-42 1.106672151723676e-42 1.386011497145193e-28 44
81 1.153628655321629e-42 4.143194240738044e-43 9.921728723730607e-29 25


3 1.78101378544591e-14 6.019828069976189e-15 400.6082395112884 18
6 2.057037730509726e-14 9.242645239971917e-16 7.661958545351544 62
9 3.073696654473971e-14 6.419422672643797e-16 2.024422830316016 98
12 4.862157048086344e-14 1.031189057747843e-15 0.9967377352752613 210
15 8.121913305996768e-14 2.648095447632483e-15 1.012421639231617 350
18 3.127215059851167e-14 1.622741809324865e-15 0.3367384954626516 450
21 1.533647990155371e-21 1.131813833459925e-22 1.306635295814588e-08 602
24 3.483304232132103e-22 3.156041046576399e-23 2.249172663498079e-09 762
27 2.341534015575993e-22 2.926846814445101e-23 1.092883157127195e-09 1142
30 9.871847224618167e-23 1.508429211091402e-23 4.182271376719649e-10 1250
33 2.835327733713369e-23 4.794263845929366e-24 9.580757293695659e-11 1458
36 1.587060405460822e-24 3.436629357187853e-25 4.616738171497411e-12 1814
39 3.332499955021585e-31 7.642798130490781e-32 7.392638903869921e-19 2178
42 1.447012192514511e-31 3.520618233090798e-32 2.594202212683641e-19 2498
45 5.221200724588953e-32 1.449046061545195e-32 8.89639445599455e-20 2622
48 1.405182952627812e-32 4.141787555771777e-33 1.858610671243401e-20 3191
51 1.183121417864397e-33 3.856297572531083e-34 1.61215397662377e-21 3044
54 7.848128354092818e-36 2.71519012633843e-36 1.135665084598422e-23 2736
57 1.380856472161698e-40 5.0837709968682e-41 2.314847957814875e-28 2276
60 9.649656602589918e-41 3.839534952761815e-41 1.790953260338433e-28 2016
63 7.662269167717544e-41 2.949817927568279e-41 1.568920430388443e-28 1640
66 4.63412483054659e-41 2.00564010170329e-41 1.504242470128442e-28 1056
69 3.161053422524504e-41 1.674042847047959e-41 1.742703022819576e-28 683
72 1.892256258105663e-41 8.93512738667499e-42 1.726390425715109e-28 350
75 1.162488489611314e-41 4.673812096214199e-42 1.598185505643737e-28 192
78 1.594501906710304e-42 1.119208774083829e-42 1.407041146497599e-28 44
81 1.041521502107131e-42 4.587075409317996e-43 1.053261331357595e-28 25


3 1.046162909366431e-13 5.549370402821114e-15 360.2206507278198 18
6 3.816001957937798e-14 7.328360797688388e-16 6.285065298120364 62
9 3.882741178835075e-14 4.716938289490302e-16 1.605147427216491 98
12 5.203074326004407e-14 9.022971056353774e-16 0.8991997914203691 210
15 7.162859091312058e-14 3.047622380286545e-15 1.11938727976669 350
18 3.358209482550059e-14 1.485569644777696e-15 0.3158865787529185 450
21 1.625321735794378e-21 1.041825725931051e-22 1.229152107231104e-08 602
24 2.909156564330541e-22 3.646873714553651e-23 2.516894959203529e-09 762
27 2.437821590761202e-22 2.764563303967751e-23 1.050483244436003e-09 1142
30 1.009665704905202e-22 1.454302089925597e-23 4.087440215818251e-10 1250
33 2.826987471264485e-23 4.712082082184072e-24 9.498079525878051e-11 1458
36 1.651070914968979e-24 3.255032910103663e-25 4.459920452148525e-12 1814
39 3.560452449193716e-31 7.05820831302467e-32 7.018302849468883e-19 2178
42 1.469557887156982e-31 3.415777280910801e-32 2.553159736730585e-19 2498
45 5.47060270294999e-32 1.352684076525083e-32 8.515530244345687e-20 2622
48 1.4380368093295e-32 3.960838840361684e-33 1.81033626633712e-20 3191
51 1.230743380034329e-33 3.632302682555657e-34 1.555119342805642e-21 3044
54 8.076746868224226e-36 2.562347991580117e-36 1.096810923449255e-23 2736
57 1.405479913583588e-40 4.919132663695674e-41 2.278206445561365e-28 2276
60 9.811021272325776e-41 3.725247324409819e-41 1.766625993793275e-28 2016
63 7.292383393083492e-41 3.064025852447249e-41 1.619202858379714e-28 1640
66 4.559463508394498e-41 1.997502152875341e-41 1.50787582267832e-28 1056
69 3.453263373121354e-41 1.515864917800805e-41 1.645855790136455e-28 683
72 1.975382282971301e-41 8.444452125327394e-42 1.67942932364391e-28 350
75 9.410885928027103e-42 5.739738857515546e-42 1.821875785796403e-28 192
78 2.2069443517782e-42 7.95851032965115e-43 1.162248291653356e-28 44
81 7.036021751247642e-43 6.448904972757609e-43 1.307587711959162e-28 25


3 2.818240734909428e-13 4.71680270406652e-15 317.6685759149326 18
6 6.262434121867745e-14 4.733878225678313e-16 4.678455718623745 62
9 4.288135788365497e-14 3.934564450428017e-16 1.420620792058495 98
12 4.593391680539326e-14 1.076279556325862e-15 1.012500814648698 210
15 6.139018833001706e-14 3.444633473029787e-15 1.22740017669565 350
18 2.954811930362265e-14 1.713905243554909e-15 0.3514599765192676 450
21 1.430991766982878e-21 1.174286047793316e-22 1.347034592644387e-08 602
24 3.363718134321522e-22 3.177442286597307e-23 2.277564867646626e-09 762
27 2.293014858589402e-22 2.89599113411199e-23 1.092523349352678e-09 1142
30 1.01412673087536e-22 1.430676104023789e-23 4.05931530381779e-10 1250
33 2.779951311246206e-23 4.709011243891734e-24 9.542015862736226e-11 1458
36 1.803628152645911e-24 2.913080448080946e-25 4.132748328905965e-12 1814
39 3.316848490072386e-31 7.461690222830367e-32 7.347997864558321e-19 2178
42 1.434780916698795e-31 3.446114603046838e-32 2.584801554961985e-19 2498
45 5.166630329538434e-32 1.418634888109831e-32 8.866513810969038e-20 2622
48 1.387246490840228e-32 4.070359684040034e-33 1.858478558474186e-20 3191
51 1.169039831728895e-33 3.787254875596348e-34 1.611784091465166e-21 3044
54 7.432352458781291e-36 2.785392211718225e-36 1.171050509708951e-23 2736
57 1.367900667278745e-40 5.01142286323632e-41 2.323392829165426e-28 2276
60 9.707019807233778e-41 3.712404942964175e-41 1.773192805387218e-28 2016
63 7.410401760606461e-41 3.001249488854295e-41 1.610065546828906e-28 1640
66 4.549101912274965e-41 1.994729378145487e-41 1.519085096008395e-28 1056
69 3.367205889928354e-41 1.528933159383875e-41 1.664426126182427e-28 683
72 1.645182905038267e-41 9.918562940413452e-42 1.86951932074692e-28 350
75 9.543290024390742e-42 5.59325594160601e-42 1.802169481618561e-28 192
78 1.843513415939986e-42 9.689083040010372e-43 1.305358307463879e-28 44
81 1.038067387579361e-42 4.656096193648356e-43 1.082911779310323e-28 25


3 5.208543475107394e-13 3.650966109931223e-15 275.9909895168205 18
6 8.508259375304149e-14 2.386953864974696e-16 3.322279980455236 62
9 4.041832145147846e-14 4.480833768425541e-16 1.541282911673778 98
12 3.641690259495393e-14 1.358337243528648e-15 1.202761628333756 210
15 6.398551689953977e-14 3.237640179935095e-15 1.171790780431604 350
18 2.647261151580369e-14 1.848659040106942e-15 0.3729770845896727 450
21 1.36055378415144e-21 1.205792341476395e-22 1.380348994337692e-08 602
24 3.667093508278421e-22 2.849678856055499e-23 2.111292243936177e-09 762
27 2.302943562247526e-22 2.839162048145641e-23 1.082403340966752e-09 1142
30 9.757148643578963e-23 1.457262744340056e-23 4.137230346608188e-10 1250
33 2.799424549085256e-23 4.62750983480091e-24 9.482954266112562e-11 1458
36 1.436863180485588e-24 3.564716233566729e-25 4.830065388563554e-12 1814
39 3.469007951931714e-31 7.02104568522384e-32 7.075482265778827e-19 2178
42 1.450994739979574e-31 3.347462684358193e-32 2.546972722644022e-19 2498
45 5.403373566371917e-32 1.326861419166842e-32 8.504322365741348e-20 2622
48 1.427019020554022e-32 3.872425646340764e-33 1.804610016890984e-20 3191
51 1.213138784216531e-33 3.572249150618826e-34 1.556547943991786e-21 3044
54 8.175081783789063e-36 2.467559530830603e-36 1.083781620332062e-23 2736
57 1.385091328032175e-40 4.864904461196494e-41 2.291388209919526e-28 2276
60 9.677260749214303e-41 3.715086744693057e-41 1.789311083977356e-28 2016
63 7.558751315245308e-41 2.9170706181004e-41 1.592598754336372e-28 1640
66 4.505771976047297e-41 1.979397274872296e-41 1.520781145891378e-28 1056
69 3.204126532567285e-41 1.612941419261281e-41 1.738951774349717e-28 683
72 1.840209647488003e-41 8.745730660648653e-42 1.732612970859935e-28 350
75 1.141514747361241e-41 4.522377960451984e-42 1.591806648071211e-28 192
78 1.581467709889119e-42 1.143096271270585e-42 1.470433635758952e-28 44
81 1.101915667728374e-42 3.959090211668943e-43 9.839994880880519e-29 25


3 7.846028143476493e-13 2.509081253161143e-15 237.3261920265671 18
6 9.750090342664581e-14 1.097141523583261e-16 2.589182094133893 62
9 3.346920480879696e-14 5.858286979850096e-16 1.852737803982967 98
12 3.311319674652668e-14 1.443946464762909e-15 1.268177229143739 210
15 7.404216480175489e-14 2.721255390433211e-15 1.034247606626409 350
18 2.904392667278074e-14 1.651446968153792e-15 0.3444293410964925 450
21 1.54085950874491e-21 1.04629704307782e-22 1.248537813237058e-08 602
24 3.019573410149777e-22 3.405311943682177e-23 2.424747601038234e-09 762
27 2.400272241109565e-22 2.6841832938074e-23 1.044922389749639e-09 1142
30 9.96080862030438e-23 1.408168432145788e-23 4.061395599802317e-10 1250
33 2.789009804143498e-23 4.544331874456212e-24 9.412447791852394e-11 1458
36 1.891513699383888e-24 2.651095010218283e-25 3.916583929162867e-12 1814
39 3.367441250957349e-31 7.154645065716873e-32 7.224682635055459e-19 2178
42 1.41933510336006e-31 3.376313177063066e-32 2.580911430106845e-19 2498
45 5.129319074290401e-32 1.386094868914306e-32 8.838297995668047e-20 2622
48 1.371282788127802e-32 3.992553813572878e-33 1.857935081900969e-20 3191
51 1.169160099217824e-33 3.678048579593043e-34 1.60076938064691e-21 3044
54 7.410398255112768e-36 2.708044545615039e-36 1.163700858478989e-23 2736
57 1.377279145632192e-40 4.850074118240892e-41 2.304968131449652e-28 2276
60 9.708822530539013e-41 3.670586477356835e-41 1.788636171666895e-28 2016
63 7.247678736502402e-41 3.025227490618512e-41 1.643776955248096e-28 1640
66 4.585874157748879e-41 1.929475529928324e-41 1.507182265698859e-28 1056
69 3.422669699721084e-41 1.500352148144186e-41 1.67357120862016e-28 683
72 1.958067850651238e-41 8.217237592352516e-42 1.684953098110446e-28 350
75 9.427640224661538e-42 5.447158105058942e-42 1.792840354143969e-28 192
78 2.066835318701352e-42 8.73721191832141e-43 1.258045307666416e-28 44
81 7.150737295429026e-43 5.926512735126528e-43 1.253795119604591e-28 25


3 1.033185946301876e-12 1.452894019016851e-15 202.1730299655286 18
6 9.555665191034854e-14 1.270926887069628e-16 2.667306511637098 62
9 2.690495571556105e-14 7.056111639441637e-16 2.139154288839515 98
12 3.920992360014699e-14 1.233986024002527e-15 1.137879886040084 210
15 7.639041264177035e-14 2.610622903779846e-15 1.012540692639293 350
18 3.193397794350898e-14 1.470126150360554e-15 0.3191225135585695 450
21 1.552996253964923e-21 1.024687663353579e-22 1.239072064733475e-08 602
24 3.009702274895589e-22 3.365034310204367e-23 2.424613334762439e-09 762
27 2.267858434344232e-22 2.802761174756714e-23 1.087885050428164e-09 1142
30 9.935930299742135e-23 1.392723573519411e-23 4.060199771895762e-10 1250
33 2.703750856582614e-23 4.630691348069349e-24 9.623547946398781e-11 1458
36 1.439034209695706e-24 3.469134089100415e-25 4.802439354427461e-12 1814
39 3.346703739611444e-31 7.041118901130575e-32 7.189279562365127e-19 2178
42 1.439491066207213e-31 3.271431090350747e-32 2.541306766260608e-19 2498
45 5.330832251172703e-32 1.304341417790446e-32 8.520697274942041e-20 2622
48 1.4136296637043e-32 3.794489517024526e-33 1.804327698971599e-20 3191
51 1.186097323285119e-33 3.548609140489771e-34 1.571022058447965e-21 3044
54 7.918144407234829e-36 2.489163511845635e-36 1.105763695906345e-23 2736
57 1.363647200528059e-40 4.866150031501977e-41 2.328719657999051e-28 2276
60 9.694999029504616e-41 3.628066343813616e-41 1.788000862902939e-28 2016
63 7.502891848909207e-41 2.905025946103212e-41 1.614557195651877e-28 1640
66 4.529998498211253e-41 1.96206459939083e-41 1.538876059760431e-28 1056
69 3.365628490592672e-41 1.498653063305583e-41 1.682690253695865e-28 683
72 1.661681176734561e-41 9.749471224169665e-42 1.897654590597198e-28 350
75 9.133004233682552e-42 5.671119065048276e-42 1.860621487816838e-28 192
78 2.114651728964843e-42 8.700858419985193e-43 1.272645188665975e-28 44
81 8.433534238852586e-43 4.862581432726323e-43 1.099742062792814e-28 25


3 1.229844940692312e-12 6.266252948087416e-16 171.4984657227494 18
6 8.007127863849896e-14 2.784237574350611e-16 3.536475610841872 62
9 2.499297231112591e-14 7.252019586614301e-16 2.22074188840786 98
12 4.818989667852178e-14 9.336291486052717e-16 0.9427683542207138 210
15 6.838820240345383e-14 2.981777536707082e-15 1.132351822628257 350
18 3.010584719184012e-14 1.574909931292944e-15 0.3394757583470279 450
21 1.363428267957112e-21 1.157080989964252e-22 1.371618839411756e-08 602
24 3.615134333986733e-22 2.759318570112984e-23 2.112129853439328e-09 762
27 2.266734191140079e-22 2.75613225043628e-23 1.084203714724576e-09 1142
30 9.635269948823104e-23 1.409806544787874e-23 4.132531434631911e-10 1250
33 2.809201031236013e-23 4.398381977086294e-24 9.346685433089239e-11 1458
36 1.73836541673128e-24 2.851451993388902e-25 4.191335782344186e-12 1814
39 3.393712384168758e-31 6.891255556614501e-32 7.142884979410413e-19 2178
42 1.397051129746969e-31 3.319295482900285e-32 2.588007281726344e-19 2498
45 5.094232858481985e-32 1.354442062266235e-32 8.826958989054047e-20 2622
48 1.356569153416089e-32 3.909458419543145e-33 1.857647171561721e-20 3191
51 1.174800314675903e-33 3.547997160380456e-34 1.584073204529221e-21 3044
54 7.586571907393175e-36 2.553430489080071e-36 1.132614919092248e-23 2736
57 1.386416488954425e-40 4.777764065168434e-41 2.321981662425264e-28 2276
60 9.521872354418025e-41 3.711123403145919e-41 1.833643616591245e-28 2016
63 7.457661870679822e-41 2.905914149031664e-41 1.628219096108675e-28 1640
66 4.493271626540634e-41 1.9645392740352e-41 1.552483479370514e-28 1056
69 3.172896171936524e-41 1.580460627625987e-41 1.755853082186008e-28 683
72 1.881219553965738e-41 8.655713811197407e-42 1.773830333556622e-28 350
75 1.156258496990277e-41 4.449732948084733e-42 1.619634367649457e-28 192
78 1.470410808512641e-42 1.152232892784412e-42 1.507369126591527e-28 44
81 1.182952261304726e-42 3.256839823220853e-43 9.012132312078898e-29 25


3 1.346281276143442e-12 1.378373205859832e-16 147.6717374739214 18
6 5.656868920878493e-14 5.047446154157493e-16 4.974369353897401 62
9 2.85920898445345e-14 6.341454332348595e-16 2.054804342812245 98
12 5.058787413861262e-14 8.388591712305813e-16 0.886949244766984 210
15 6.242153509740833e-14 3.205728363473467e-15 1.216038275467921 350
18 2.710116986508492e-14 1.720340520634085e-15 0.3674076610075226 450
21 1.377654314242234e-21 1.13120727979767e-22 1.365803562379343e-08 602
24 3.279934155446309e-22 3.024618881651177e-23 2.282484828437749e-09 762
27 2.355588798096457e-22 2.616056547789246e-23 1.053546595892299e-09 1142
30 9.818044652579974e-23 1.364228356090066e-23 4.072433826586774e-10 1250
33 2.696499116062621e-23 4.496635303714432e-24 9.583184459938346e-11 1458
36 1.644628121106696e-24 2.994259897205702e-25 4.380015898110424e-12 1814
39 3.293465852765058e-31 6.949095818691508e-32 7.241995226218513e-19 2178
42 1.43163125187651e-31 3.195016136139483e-32 2.540090158852535e-19 2498
45 5.266231455547146e-32 1.282483198157561e-32 8.554535234308479e-20 2622
48 1.39855457512582e-32 3.726097325612034e-33 1.809537845358963e-20 3191
51 1.15557343202575e-33 3.537590639809249e-34 1.591679712322408e-21 3044
54 7.548795166445034e-36 2.539603514273404e-36 1.137937261951837e-23 2736
57 1.369149267712623e-40 4.833764831061759e-41 2.362760721070791e-28 2276
60 9.923385417322082e-41 3.543035802811733e-41 1.794387847819962e-28 2016
63 7.294111136716492e-41 2.98361115882532e-41 1.674003041397995e-28 1640
66 4.696110198054681e-41 1.901673773758706e-41 1.538459776469678e-28 1056
69 3.356574437822988e-41 1.478308623051066e-41 1.694314336721441e-28 683
72 1.912093183947171e-41 8.465001404287988e-42 1.765265345276952e-28 350
75 9.944078437607554e-42 5.296745420551955e-42 1.818929979219361e-28 192
78 1.791322354802549e-42 9.607110206516827e-43 1.350828739382765e-28 44
81 7.714080567610221e-43 5.363777951210628e-43 1.198066083048739e-28 25


3 1.366471243037418e-12 4.379273971512866e-17 134.8904074485044 18
6 3.317502378955913e-14 7.23188628905388e-16 6.596132371012439 62
9 3.479675904524191e-14 4.961455149483258e-16 1.765920356955789 98
12 4.370953728453312e-14 1.034283800143489e-15 1.047833470217289 210
15 6.638183074501498e-14 2.920926647663583e-15 1.151303280211263 350
18 2.7814353080344e-14 1.631993818893472e-15 0.3581262545739436 450
21 1.551635264932477e-21 9.903395269174581e-23 1.253567545514777e-08 602
24 2.806710639617135e-22 3.407952382455002e-23 2.531993149804548e-09 762
27 2.247136298616229e-22 2.709051961912279e-23 1.094110701136595e-09 1142
30 9.734921900108657e-23 1.356737442370069e-23 4.098916067545375e-10 1250
33 2.693071882564408e-23 4.461732562776143e-24 9.633185649411499e-11 1458
36 1.482659527335964e-24 3.241453250991953e-25 4.693295908028402e-12 1814
39 3.339904252514408e-31 6.781680985846393e-32 7.184617531240024e-19 2178
42 1.378824938291644e-31 3.254760195650406e-32 2.594810763179482e-19 2498
45 5.056678053136759e-32 1.324715143854589e-32 8.835191910982332e-20 2622
48 1.345395905213806e-32 3.824316733653501e-33 1.858879006089436e-20 3191
51 1.180797205411135e-33 3.420658028515847e-34 1.568745628439298e-21 3044
54 7.730079075088113e-36 2.417340385852306e-36 1.106866100674017e-23 2736
57 1.38228959527351e-40 4.767947944147256e-41 2.362998261665879e-28 2276
60 9.59526129782847e-41 3.674009767688599e-41 1.856875413846817e-28 2016
63 7.623363447107513e-41 2.828422642965107e-41 1.630264833443289e-28 1640
66 4.512390320968096e-41 1.990031553022628e-41 1.601396700416729e-28 1056
69 3.415765645706271e-41 1.441832678123219e-41 1.68184760059087e-28 683
72 1.720236251237304e-41 9.452718579323128e-42 1.91341613115602e-28 350
75 9.04852389126652e-42 5.609466505714609e-42 1.894333628600436e-28 192
78 2.122278967628073e-42 7.710425971396963e-43 1.194798511622174e-28 44
81 7.748645807422759e-43 5.452253987839773e-43 1.225831888121928e-28 25


3 1.288700297546561e-12 3.449915003967095e-16 140.0968947979913 18
6 1.76943761107301e-14 8.569284142679562e-16 7.91705986575738 62
9 3.911434425599741e-14 4.025351730199043e-16 1.567935035032701 98
12 3.436946428156339e-14 1.309387073527068e-15 1.288824288520648 210
15 7.240330009471783e-14 2.554653287365959e-15 1.058180261588218 350
18 3.015678324554086e-14 1.469232962604945e-15 0.3363063057032264 450
21 1.507844074964458e-21 1.014038309700618e-22 1.294279848421979e-08 602
24 3.321295253059872e-22 2.887482206183718e-23 2.26245381827362e-09 762
27 2.233869431912644e-22 2.676408649044193e-23 1.097028828407638e-09 1142
30 9.521051913268504e-23 1.365008672174549e-23 4.163376341029212e-10 1250
33 2.790098181765962e-23 4.229606044706942e-24 9.351026382386681e-11 1458
36 1.815885459960024e-24 2.583431319810351e-25 4.012391809706905e-12 1814
39 3.306730628113472e-31 6.74070024807259e-32 7.218867840472462e-19 2178
42 1.413488589237572e-31 3.148673855797412e-32 2.559381070495826e-19 2498
45 5.20175036570509e-32 1.261030440179035e-32 8.598741918852804e-20 2622
48 1.382380251975904e-32 3.665806826920937e-33 1.819237734024425e-20 3191
51 1.127731851015606e-33 3.52109568925164e-34 1.612615084481717e-21 3044
54 7.300957786032337e-36 2.540091265216317e-36 1.155803868051351e-23 2736
57 1.379753638750303e-40 4.740931910646838e-41 2.375092620377639e-28 2276
60 9.776936448951258e-41 3.5785400682264e-41 1.840373238417071e-28 2016
63 7.40408032950289e-41 2.940930110893445e-41 1.691112154020426e-28 1640
66 4.719980585135707e-41 1.931987443981986e-41 1.590492107168894e-28 1056
69 3.052450475588371e-41 1.57800906955788e-41 1.793649226750423e-28 683
72 1.900737589272261e-41 8.58844981598402e-42 1.817490516524838e-28 350
75 1.108794403263375e-41 4.390567608693797e-42 1.631551676791539e-28 192
78 1.665100520512031e-42 1.020517779249613e-42 1.428923282721117e-28 44
81 1.160784121189729e-42 3.314017608901635e-43 9.289857721403052e-29 25


3 1.125340375867511e-12 9.863448886785614e-16 171.5465372730034 18
6 1.491862516781393e-14 8.61869253727915e-16 8.499579503683437 62
9 3.856992945732644e-14 4.103312478912913e-16 1.636040746441613 98
12 3.193148104524436e-14 1.373748244957924e-15 1.383681223536155 210
15 7.008153106974829e-14 2.639023509410352e-15 1.107721931971024 350
18 2.969837418471678e-14 1.491702603383e-15 0.3463770588220947 450
21 1.33753172440277e-21 1.117943922129202e-22 1.415018847631637e-08 602
24 3.494900232741361e-22 2.691898629298291e-23 2.174631868335238e-09 762
27 2.307854801027206e-22 2.556839390397816e-23 1.073085584857825e-09 1142
30 9.688894363281569e-23 1.321920392467988e-23 4.110804094042163e-10 1250
33 2.591396856754828e-23 4.4800135691632e-24 9.864756862051817e-11 1458
36 1.385518128507917e-24 3.335918654556065e-25 4.896096132371419e-12 1814
39 3.251965040083295e-31 6.72644948125012e-32 7.27310744005421e-19 2178
42 1.381312711632786e-31 3.153588833450763e-32 2.582714507275861e-19 2498
45 5.018391150659865e-32 1.296330580828719e-32 8.854134331273424e-20 2622
48 1.334999111601445e-32 3.739329651730994e-33 1.860739860880337e-20 3191
51 1.18214195692043e-33 3.311658270989411e-34 1.558945941609727e-21 3044
54 7.703601039555012e-36 2.352208643142433e-36 1.103497892171012e-23 2736
57 1.374659124131099e-40 4.735866860253482e-41 2.395508420630584e-28 2276
60 9.894560531662174e-41 3.548606309855658e-41 1.850341659112856e-28 2016
63 7.365314308881965e-41 2.907982268702788e-41 1.690573576271071e-28 1640
66 4.775173207326438e-41 1.941885134675634e-41 1.616125573894271e-28 1056
69 3.399504370980579e-41 1.390596951764757e-41 1.663492677252765e-28 683
72 1.884912451929348e-41 8.679338982006733e-42 1.847765826636243e-28 350
75 1.016833916875614e-41 5.043450248205205e-42 1.805771475047562e-28 192
78 1.791953726103025e-42 9.64599532292315e-43 1.39403116077152e-28 44
81 9.177735137310862e-43 4.378485842382598e-43 1.080517720917917e-28 25


3 9.007421495674602e-13 1.86541910106002e-15 238.3711058462296 18
6 2.511475570736999e-14 7.405533975515737e-16 8.0659005642824 62
9 3.363123955601627e-14 5.062278580339266e-16 1.980200229661281 98
12 3.87918475432e-14 1.14998434346098e-15 1.239378321694381 210
15 6.290689476892524e-14 2.991686812296925e-15 1.25256507898008 350
18 2.749325863405434e-14 1.605431323830968e-15 0.3731872691716333 450
21 1.37149658821225e-21 1.064017928764785e-22 1.382052622802864e-08 602
24 2.873679519603443e-22 3.211061218984829e-23 2.520299451813699e-09 762
27 2.228885979934499e-22 2.614135075074904e-23 1.10492036672922e-09 1142
30 9.538424047950826e-23 1.324880455160148e-23 4.164945863195955e-10 1250
33 2.735666235673778e-23 4.205736073541209e-24 9.516433314394853e-11 1458
36 1.750825316283387e-24 2.613356830756019e-25 4.125090133008225e-12 1814
39 3.298126041644879e-31 6.560783792286267e-32 7.214059821672482e-19 2178
42 1.371996670878288e-31 3.148083676407262e-32 2.605755903455037e-19 2498
45 5.142043063705526e-32 1.238957601106835e-32 8.640984062619189e-20 2622
48 1.365377954719699e-32 3.6067092805622e-33 1.829342257900964e-20 3191
51 1.106939689345048e-33 3.48480159705123e-34 1.627862048192809e-21 3044
54 7.286188397381165e-36 2.474071353213061e-36 1.153515402743585e-23 2736
57 1.387071546366369e-40 4.683898802265862e-41 2.400939054802052e-28 2276
60 9.4981666545709e-41 3.670454435978639e-41 1.908453675909297e-28 2016
63 7.585885260223118e-41 2.811703015010662e-41 1.669200731027404e-28 1640
66 4.595206045870926e-41 1.992411597761956e-41 1.655343242444765e-28 1056
69 3.230703870002788e-41 1.461613778210604e-41 1.73270471201643e-28 683
72 1.817985722442382e-41 9.099605230907491e-42 1.926804698926445e-28 350
75 9.09038222155936e-42 5.43030799294553e-42 1.898581567353989e-28 192
78 2.01797833157869e-42 8.123922144671919e-43 1.261372874256325e-28 44
81 6.207630427925627e-43 6.238365739825389e-43 1.375441009294881e-28 25


3 6.473930037828423e-13 2.848675696470737e-15 347.9079317441717 18
6 4.415393406475895e-14 5.391832265121506e-16 6.698287147737916 62
9 2.773673542213499e-14 6.187550168742529e-16 2.42118934516444 98
12 4.790925085951524e-14 8.506021405215918e-16 1.008241089688283 210
15 6.254357141786119e-14 3.003794985536699e-15 1.287305233395424 350
18 2.738458056771853e-14 1.574519462727324e-15 0.373801399447588 450
21 1.494502827101678e-21 9.583615472808508e-23 1.294275770011989e-08 602
24 2.950430431491093e-22 3.085241413452984e-23 2.477313418596703e-09 762
27 2.200095472192856e-22 2.597409504349009e-23 1.112354944384383e-09 1142
30 9.429628454762442e-23 1.320484198683866e-23 4.200936041047102e-10 1250
33 2.696705750291167e-23 4.184146840114875e-24 9.569068989844472e-11 1458
36 1.530827503994557e-24 2.98537096144429e-25 4.593041096027689e-12 1814
39 3.22395682425895e-31 6.574426289931533e-32 7.285810945752576e-19 2178
42 1.402624531028934e-31 3.020266178901757e-32 2.549619867535051e-19 2498
45 4.972876971441939e-32 1.270958653870597e-32 8.88353952266056e-20 2622
48 1.32428679410211e-32 3.656668607446067e-33 1.862262221256716e-20 3191
51 1.175599195499443e-33 3.226965809426617e-34 1.555619235918575e-21 3044
54 7.526464101634837e-36 2.351995270164326e-36 1.121629189213229e-23 2736
57 1.357063868706267e-40 4.726502896470875e-41 2.434938260109595e-28 2276
60 9.991976900084349e-41 3.43947980591919e-41 1.841688398408936e-28 2016
63 7.21176168097797e-41 2.913531911947689e-41 1.720323430983653e-28 1640
66 4.770999856060832e-41 1.911865804453975e-41 1.626710373095263e-28 1056
69 3.103273281859304e-41 1.523003823540524e-41 1.797698818620077e-28 683
72 1.914112639492067e-41 8.64293022486126e-42 1.882215101557646e-28 350
75 1.096591470105781e-41 4.377853711658241e-42 1.670002813948174e-28 192
78 1.701259803097261e-42 9.710082806758845e-43 1.415654253243001e-28 44
81 1.084631544121984e-42 3.75881568933687e-43 1.020457505824198e-28 25


3 4.011348860420014e-13 3.789672677794989e-15 498.4778173269064 18
6 6.515444052269878e-14 3.294297911541389e-16 4.862447393611625 62
9 2.486600723360796e-14 6.680975857045562e-16 2.686432446428527 98
12 4.98277807057906e-14 7.651160120194118e-16 0.9485194199865614 210
15 7.004060025414993e-14 2.585768075432045e-15 1.163529014485873 350
18 2.895150651827826e-14 1.447348526728816e-15 0.3552419555389688 450
21 1.434974291541024e-21 9.935744772198708e-23 1.348662459680884e-08 602
24 3.470359926206754e-22 2.579075606943511e-23 2.186670176274877e-09 762
27 2.254425091383714e-22 2.504055565100461e-23 1.093986672165419e-09 1142
30 9.556605850484655e-23 1.283128545561073e-23 4.152681867429012e-10 1250
33 2.5398420386946e-23 4.373549875711554e-24 9.994374740951115e-11 1458
36 1.513470335640853e-24 2.96100143733786e-25 4.609095865297755e-12 1814
39 3.222029681278167e-31 6.517902973236024e-32 7.310377880624816e-19 2178
42 1.322317279222593e-31 3.163505070644925e-32 2.660531920623618e-19 2498
45 5.097714805728022e-32 1.214639137049386e-32 8.664699399451694e-20 2622
48 1.348628739915185e-32 3.5459798005402e-33 1.837178734337484e-20 3191
51 1.093857286322246e-33 3.427447439942152e-34 1.635186787295918e-21 3044
54 7.371885683416092e-36 2.374526415844668e-36 1.138676263908889e-23 2736
57 1.384982460266415e-40 4.594445245615267e-41 2.409036148290225e-28 2276
60 9.458117895949761e-41 3.634878361627209e-41 1.929427993222978e-28 2016
63 7.514992778042753e-41 2.769150240085602e-41 1.677128629456021e-28 1640
66 4.668059308808065e-41 1.945988496596444e-41 1.659896029827709e-28 1056
69 3.458775957683569e-41 1.352478852975846e-41 1.67870584960992e-28 683
72 1.870193381249697e-41 8.765243842002107e-42 1.914214894985505e-28 350
75 9.644478821184235e-42 4.814219950406304e-42 1.771214730251571e-28 192
78 1.653047599176064e-42 9.672593212411687e-43 1.415376646320519e-28 44
81 1.038221899095034e-42 3.811567491086435e-43 1.029353482127578e-28 25


3 1.960186863735882e-13 4.552289550789162e-15 668.8116391358825 18
6 8.098064700517822e-14 1.819973059065437e-16 3.352189833390025 62
9 2.684551787262563e-14 6.192769998890837e-16 2.604155114058245 98
12 4.214891883796751e-14 9.721790762052674e-16 1.159418780135611 210
15 7.324574613745311e-14 2.329908324805953e-15 1.085024514517042 350
18 2.886485440882844e-14 1.436659919525558e-15 0.3578637824665016 450
21 1.319912129020548e-21 1.058508407810671e-22 1.433335695834389e-08 602
24 3.129494688983846e-22 2.856120896821079e-23 2.387579451141943e-09 762
27 2.213108378859382e-22 2.518230102117644e-23 1.109914763097983e-09 1142
30 9.348698823088286e-23 1.295127617442635e-23 4.22277798467934e-10 1250
33 2.764294737913916e-23 3.968910432825571e-24 9.377933757645254e-11 1458
36 1.725552316405274e-24 2.549494073427142e-25 4.161931668936386e-12 1814
39 3.263639627300969e-31 6.326169197930904e-32 7.209415481932948e-19 2178
42 1.419421004261999e-31 2.898691636128173e-32 2.517330677135965e-19 2498
45 4.913418458288219e-32 1.250737804296874e-32 8.926878690721194e-20 2622
48 1.313967397327807e-32 3.579545427738789e-33 1.863424133565987e-20 3191
51 1.163801616292817e-33 3.165667754234959e-34 1.558423286942924e-21 3044
54 7.295566376171903e-36 2.361273357566418e-36 1.14183248836836e-23 2736
57 1.344546555663819e-40 4.646671388184093e-41 2.443344576794413e-28 2276
60 9.841357643704547e-41 3.455943457666407e-41 1.878812667605322e-28 2016
63 7.266457668434738e-41 2.840638494751024e-41 1.719518871235887e-28 1640
66 4.657412149589974e-41 1.924588375354384e-41 1.658954020505004e-28 1056
69 3.108551655511668e-41 1.480606989778011e-41 1.790494967219123e-28 683
72 1.820604251561922e-41 8.882789815614014e-42 1.942747221863319e-28 350
75 8.707401542445437e-42 5.281713443924536e-42 1.895997224318253e-28 192
78 2.051385085175945e-42 7.642554029320868e-43 1.242287941591251e-28 44
81 5.98427379772876e-43 5.79312445285808e-43 1.320094928198878e-28 25


3 5.960947039416455e-14 5.02841776982089e-15 797.3333919415554 18
6 8.668784161850154e-14 1.420602145609189e-16 2.914626372216099 62
9 3.21813900156407e-14 5.036319304183637e-16 2.237222166524469 98
12 3.205118087980409e-14 1.261396992149674e-15 1.456626530480319 210
15 6.522824121007005e-14 2.625080237206199e-15 1.203921971491501 350
18 2.720967266115289e-14 1.524780056977901e-15 0.3791658994624036 450
21 1.366774147885076e-21 1.005102277305803e-22 1.389557959967013e-08 602
24 2.750666424481372e-22 3.1418321664285e-23 2.596132634207307e-09 762
27 2.169614847610964e-22 2.515864184618299e-23 1.11809917106138e-09 1142
30 9.358103888845472e-23 1.274500299203838e-23 4.206572347956451e-10 1250
33 2.563571456082613e-23 4.204396068274189e-24 9.864181698936767e-11 1458
36 1.372183099611267e-24 3.134719578684518e-25 4.894456264695779e-12 1814
39 3.122098547790735e-31 6.501518731727097e-32 7.410604902287712e-19 2178
42 1.290557276333915e-31 3.146378501463426e-32 2.692141985354729e-19 2498
45 5.078876258776674e-32 1.186066837625508e-32 8.651475955810177e-20 2622
48 1.334112017529462e-32 3.482156426026256e-33 1.841011034249655e-20 3191
51 1.086753480339991e-33 3.354789921700631e-34 1.634918745457502e-21 3044
54 7.395756044938848e-36 2.284816230511383e-36 1.123812119360697e-23 2736
57 1.374153271437342e-40 4.504373703901457e-41 2.411430936355782e-28 2276
60 9.642961846874305e-41 3.473919059607598e-41 1.898524774884131e-28 2016
63 7.285194355973266e-41 2.78755455927114e-41 1.70883234691883e-28 1640
66 4.648953661754646e-41 1.882423482143924e-41 1.643167357051095e-28 1056
69 3.191194034357344e-41 1.425833360221408e-41 1.758283732747903e-28 683
72 1.868567959349544e-41 8.589087282352547e-42 1.91648119913473e-28 350
75 1.080203792049823e-41 4.261581416636292e-42 1.673836636430002e-28 192
78 1.744321636068382e-42 9.267658551143416e-43 1.406124290256123e-28 44
81 9.764584626715988e-43 3.734918913401333e-43 1.014431399081392e-28 25


3 9.33232620546612e-15 5.154648709601941e-15 815.6577453759578 18
6 8.106623276503544e-14 2.147908949497253e-16 3.796336359633731 62
9 3.712719019212665e-14 3.960391861798308e-16 1.855018771750465 98
12 2.935716093125651e-14 1.339115742733342e-15 1.547252476846962 210
15 5.615682695298183e-14 3.038037884287203e-15 1.368743636782531 350
18 2.701127193788754e-14 1.51501446184721e-15 0.3801317037823153 450
21 1.451849716006655e-21 9.375947929494123e-23 1.327168511702811e-08 602
24 3.197716270556252e-22 2.694171714180372e-23 2.320611623335135e-09 762
27 2.194692648594939e-22 2.458546339378987e-23 1.106824314851209e-09 1142
30 9.397060441301915e-23 1.248325139873755e-23 4.169326344089977e-10 1250
33 2.561645098308455e-23 4.153476650225663e-24 9.849255556538896e-11 1458
36 1.709042044558712e-24 2.486871708545218e-25 4.146971524502155e-12 1814
39 3.261193091308087e-31 6.157949853170101e-32 7.175473163769314e-19 2178
42 1.412704825940517e-31 2.82667096426392e-32 2.508099883176142e-19 2498
45 4.828891396634937e-32 1.235026117652032e-32 8.972882774672831e-20 2622
48 1.301507343224562e-32 3.51090398951218e-33 1.864101003262403e-20 3191
51 1.147771593376003e-33 3.120807709785319e-34 1.564469976427572e-21 3044
54 7.149907757980781e-36 2.335426381567315e-36 1.148465674887053e-23 2736
57 1.330716284307225e-40 4.567331572427781e-41 2.447920276250508e-28 2276
60 9.505842762770092e-41 3.486540175283043e-41 1.916227062488361e-28 2016
63 7.416067281886302e-41 2.699313743538352e-41 1.683808865017395e-28 1640
66 4.658531380685224e-41 1.880274856446498e-41 1.656946149496485e-28 1056
69 3.323541261311647e-41 1.334647662934439e-41 1.693915795981131e-28 683
72 1.852448315087859e-41 8.519891781062629e-42 1.917080249529711e-28 350
75 9.693833558807761e-42 4.69442066107886e-42 1.783729929994206e-28 192
78 1.668827987696791e-42 9.656216854925294e-43 1.45508441077946e-28 44
81 9.998495577177698e-43 3.57233071995719e-43 9.982750722346286e-29 25


3 5.03383564355839e-14 4.918970211952378e-15 722.6127427552971 18
6 6.680864860622922e-14 3.659509200920288e-16 5.534948764997744 62
9 3.82133800668155e-14 3.645629359621495e-16 1.726633733602192 98
12 3.691237440857032e-14 1.114399388942731e-15 1.331377461122812 210
15 5.963536807775226e-14 2.908768661886425e-15 1.328580131845676 350
18 2.84062230419509e-14 1.400599106145028e-15 0.3586331831495098 450
21 1.401675438144477e-21 9.66004283816516e-23 1.365280447321727e-08 602
24 3.32803374883356e-22 2.557368442237349e-23 2.242465937674632e-09 762
27 2.197536430013285e-22 2.426640001120073e-23 1.102472319207863e-09 1142
30 9.163817709109183e-23 1.264329667580698e-23 4.236849510111562e-10 1250
33 2.729289121620491e-23 3.84036762576872e-24 9.344210032644799e-11 1458
36 1.477597369316194e-24 2.872359662256232e-25 4.642798655921593e-12 1814
39 3.11694619684565e-31 6.323731075852566e-32 7.357616155733479e-19 2178
42 1.284053118894825e-31 3.078560240516548e-32 2.685854632781927e-19 2498
45 5.075788604966676e-32 1.155042095831529e-32 8.60558279106763e-20 2622
48 1.323037850883894e-32 3.411180062769988e-33 1.838491143250854e-20 3191
51 1.083523862109253e-33 3.271330779147288e-34 1.627636570671915e-21 3044
54 7.319486472220073e-36 2.23700962305229e-36 1.121505468846966e-23 2736
57 1.360077867642549e-40 4.423069225738716e-41 2.41206813496617e-28 2276
60 9.736296375815176e-41 3.351521766938443e-41 1.877880089096484e-28 2016
63 7.029053419321879e-41 2.808719748158812e-41 1.738572524099435e-28 1640
66 4.569594831127432e-41 1.889742912028022e-41 1.672683510010829e-28 1056
69 3.026737163961702e-41 1.445182215497966e-41 1.793650843499464e-28 683
72 1.833443335870964e-41 8.53241677893884e-42 1.932087564869219e-28 350
75 8.732736458332315e-42 5.129026690463548e-42 1.899791495031799e-28 192
78 1.970144383285427e-42 7.949273703781615e-43 1.297062194096616e-28 44
81 6.06710215190958e-43 5.570637235937796e-43 1.313221892519086e-28 25


3 1.751228094725722e-13 4.36101596012132e-15 578.0228783177674 18
6 4.93262300997019e-14 5.36339269255996e-16 7.267121851298997 62
9 3.454359400556687e-14 4.262079076499653e-16 1.91662808524494 98
12 4.762323599595085e-14 7.879252178054775e-16 1.008362040869877 210
15 7.219927364991345e-14 2.325945786709734e-15 1.111196660750599 350
18 2.842393303043685e-14 1.370948413567746e-15 0.3528738732711282 450
21 1.320751966872972e-21 1.00276017392583e-22 1.408427839587531e-08 602
24 2.825874043230817e-22 2.965087304138571e-23 2.522396499809102e-09 762
27 2.150387642541611e-22 2.429029448846026e-23 1.107468012557094e-09 1142
30 9.297839174802446e-23 1.227120325424639e-23 4.162223102379877e-10 1250
33 2.456366646724004e-23 4.191928250717583e-24 1.002981421806334e-10 1458
36 1.50130610523183e-24 2.76576061250474e-25 4.536141753770095e-12 1814
39 3.153399366450188e-31 6.177080880530039e-32 7.277073488592683e-19 2178
42 1.385487869956265e-31 2.800332543765469e-32 2.521539793853803e-19 2498
45 4.744736103573618e-32 1.21754130315126e-32 8.988064260594328e-20 2622
48 1.285930243096788e-32 3.451636825880139e-33 1.864553392006401e-20 3191
51 1.128767723824159e-33 3.084467963280111e-34 1.570875249134219e-21 3044
54 7.141221456092022e-36 2.268045388036329e-36 1.13911772492504e-23 2736
57 1.321316293007466e-40 4.472879313826371e-41 2.443697765642348e-28 2276
60 9.383038527552944e-41 3.436169920918988e-41 1.921668848988671e-28 2016
63 7.471164042084585e-41 2.616675525243601e-41 1.6713990946682e-28 1640
66 4.659203092061424e-41 1.820210775709155e-41 1.640815385835246e-28 1056
69 3.225732630733206e-41 1.355412056062177e-41 1.733598417683977e-28 683
72 1.828744875383319e-41 8.458347561934161e-42 1.933436237944187e-28 350
75 1.062052379207885e-41 4.151340260302141e-42 1.675713869755415e-28 192
78 1.80961791427396e-42 8.65396547018217e-43 1.375453618696157e-28 44
81 9.335564917946089e-43 3.868980346656979e-43 1.056006564477583e-28 25


3 3.648816942568136e-13 3.564496195270989e-15 436.7956645926327 18
6 3.47041198110383e-14 6.640068395716087e-16 8.273007823609042 62
9 2.837173406546146e-14 5.371299426368972e-16 2.255439402011929 98
12 5.105651949953306e-14 6.609777587826693e-16 0.8755906951594212 210
15 7.629115744677531e-14 2.057192330673338e-15 1.004333093197956 350
18 2.661453403024411e-14 1.460219991272052e-15 0.3704803583593816 450
21 1.346816466951331e-21 9.673010542624583e-23 1.37109732026801e-08 602
24 2.879893777657711e-22 2.857266438644339e-23 2.456400328072729e-09 762
27 2.133975397132701e-22 2.419908744736563e-23 1.108673799215849e-09 1142
30 9.215719082578798e-23 1.216760697323816e-23 4.15120667735429e-10 1250
33 2.618033034638532e-23 3.894743198691578e-24 9.539011385141969e-11 1458
36 1.647805336406997e-24 2.487818359491656e-25 4.217404241150939e-12 1814
39 3.190643193015253e-31 6.019576764650763e-32 7.178255758005154e-19 2178
42 1.291169232848227e-31 2.974185718157097e-32 2.648371207974027e-19 2498
45 5.041796355387427e-32 1.12924221431284e-32 8.565957683476636e-20 2622
48 1.315172359383111e-32 3.332642154396222e-33 1.829584050472695e-20 3191
51 1.081826863747551e-33 3.183410781127171e-34 1.615650826524755e-21 3044
54 7.120012287641089e-36 2.229618595006167e-36 1.13165739533646e-23 2736
57 1.348470803401724e-40 4.348823223534148e-41 2.413244217985649e-28 2276
60 9.614714782721144e-41 3.317675173481863e-41 1.888590540729816e-28 2016
63 7.007658798076103e-41 2.758141942761329e-41 1.740714130349736e-28 1640
66 4.525412910765462e-41 1.854559852071896e-41 1.671573635798843e-28 1056
69 3.213568717052651e-41 1.348600620970193e-41 1.739997176030361e-28 683
72 1.835689004041636e-41 8.296791569206895e-42 1.921275690114466e-28 350
75 9.444827453075662e-42 4.593305709021517e-42 1.787829392087914e-28 192
78 1.592995035939499e-42 9.643127690606647e-43 1.480295744214472e-28 44
81 9.639001812079522e-43 3.373529052173626e-43 9.687489807792602e-29 25


3 5.923632670295131e-13 2.642298707176737e-15 320.798672564395 18
6 2.755951007887026e-14 7.061817773763626e-16 8.256084395390646 62
9 2.362572741162378e-14 6.221964462684753e-16 2.480840650918889 98
12 4.335281076578056e-14 8.497753743149764e-16 1.036449298953952 210
15 6.437630820813654e-14 2.484453631552192e-15 1.150179871827399 350
18 2.60597393957555e-14 1.4815251987055e-15 0.3743150434952712 450
21 1.405243187836609e-21 9.228809105240587e-23 1.324298155209004e-08 602
24 3.285187565806778e-22 2.467234872403094e-23 2.200144326110296e-09 762
27 2.178117352686819e-22 2.347074463547883e-23 1.086734352240906e-09 1142
30 8.98810296744823e-23 1.23276470135794e-23 4.209503285350538e-10 1250
33 2.633926790800612e-23 3.818598347208275e-24 9.437037416172392e-11 1458
36 1.372108963025524e-24 2.924382877047252e-25 4.777622051552547e-12 1814
39 3.033254184369647e-31 6.21027015060186e-32 7.37574668216855e-19 2178
42 1.346776785048568e-31 2.804019850422499e-32 2.550799534869729e-19 2498
45 4.702085711165589e-32 1.191831236917718e-32 8.945296555335365e-20 2622
48 1.268147711845253e-32 3.40046543085968e-33 1.865396918581609e-20 3191
51 1.109369674514436e-33 3.051779320235195e-34 1.576811098950911e-21 3044
54 7.212595577418333e-36 2.177101323194926e-36 1.119716864921468e-23 2736
57 1.311313670251983e-40 4.394610957974825e-41 2.443124182118666e-28 2276
60 9.463536296383125e-41 3.344633815603503e-41 1.911616948014408e-28 2016
63 7.311651642078758e-41 2.624492325754908e-41 1.696198471605519e-28 1640
66 4.547018647466047e-41 1.832464899101492e-41 1.669595670664239e-28 1056
69 3.095232423788015e-41 1.404306563714651e-41 1.802236257253511e-28 683
72 1.849966526210148e-41 8.37283063669768e-42 1.953855200017575e-28 350
75 8.678315933369166e-42 4.89145364267799e-42 1.870492838142975e-28 192
78 1.920314425529919e-42 8.164788747788966e-43 1.352699811998917e-28 44
81 6.098381183800715e-43 5.028306822288832e-43 1.233752908357593e-28 25


3 8.257675637938733e-13 1.720551011662169e-15 237.0114311024462 18
6 2.954605036478288e-14 6.528484338361141e-16 7.374107552899277 62
9 2.336246535473224e-14 6.235709286739455e-16 2.429128137707608 98
12 3.107179546774388e-14 1.175713897533886e-15 1.316101406437631 210
15 5.083490095208057e-14 3.031949079585962e-15 1.339559142431336 350
18 2.777948800481519e-14 1.363370988176484e-15 0.350357489360561 450
21 1.385896043851878e-21 9.27599750364687e-23 1.329735830681578e-08 602
24 3.037879346599615e-22 2.665198804565659e-23 2.335989924897398e-09 762
27 2.145750340102837e-22 2.334171371340188e-23 1.084043887968285e-09 1142
30 9.246494418479421e-23 1.181159893548576e-23 4.089787343880156e-10 1250
33 2.412239434952464e-23 4.090137811088965e-24 9.974352079914304e-11 1458
36 1.639848196968817e-24 2.417976089367202e-25 4.168139347778012e-12 1814
39 3.195983057229415e-31 5.841318743467457e-32 7.092730695328033e-19 2178
42 1.309044120816711e-31 2.845364954271728e-32 2.589869771387439e-19 2498
45 4.960796728956897e-32 1.114350729566008e-32 8.57320735568649e-20 2622
48 1.309317653557911e-32 3.250614524469264e-33 1.817036451748848e-20 3191
51 1.081051753618361e-33 3.095757959811662e-34 1.601801083912367e-21 3044
54 6.88945585967559e-36 2.238114535729488e-36 1.147201113595533e-23 2736
57 1.339679089703721e-40 4.291209033477033e-41 2.422448674862695e-28 2276
60 9.526742454249959e-41 3.330253126323765e-41 1.922304607766916e-28 2016
63 7.203015562930291e-41 2.645929252696411e-41 1.716587559084677e-28 1640
66 4.646579251171422e-41 1.754983489883485e-41 1.63122373216068e-28 1056
69 3.291866255441968e-41 1.326957320718317e-41 1.753147902855979e-28 683
72 1.826663985093616e-41 8.367357560872943e-42 1.964129780605639e-28 350
75 1.043054730912056e-41 4.010094758285736e-42 1.664575976014846e-28 192
78 1.87239633520027e-42 8.304472473681122e-43 1.373905155329754e-28 44
81 8.992559673785137e-43 3.70853611029282e-43 1.038498995812557e-28 25


3 1.033158294076723e-12 9.19233849742223e-16 182.9287907429637 18
6 3.89878398090471e-14 5.28091289915698e-16 6.016652511954172 62
9 2.779727169391985e-14 5.370194717364427e-16 2.119778636878513 98
12 2.531732103641599e-14 1.330897560215445e-15 1.438792772849564 210
15 5.372839329570656e-14 2.918251853639375e-15 1.294944839828911 350
18 2.860860517174811e-14 1.285943017668253e-15 0.3341502089592247 450
21 1.326504263058184e-21 9.455084898976863e-23 1.347338767743e-08 602
24 2.73730845129118e-22 2.878250484286455e-23 2.48105282380377e-09 762
27 2.075333430815019e-22 2.382239434772571e-23 1.104143410840851e-09 1142
30 9.0404333610675e-23 1.187619495364756e-23 4.1185745022537e-10 1250
33 2.652985547272601e-23 3.68319264863998e-24 9.265819051763365e-11 1458
36 1.458903540840355e-24 2.711401042062701e-25 4.555566207736506e-12 1814
39 3.037951222167941e-31 6.033971624615005e-32 7.290738399155099e-19 2178
42 1.29852764368957e-31 2.831069689074342e-32 2.594541379063358e-19 2498
45 4.71270152031516e-32 1.156932298807925e-32 8.848074499753639e-20 2622
48 1.24910764691143e-32 3.35494524671477e-33 1.867331983558864e-20 3191
51 1.090269421150225e-33 3.020831677246461e-34 1.582716611663267e-21 3044
54 7.303472291787616e-36 2.0869425299964e-36 1.099720372919768e-23 2736
57 1.317946687617689e-40 4.336110677874697e-41 2.455939583711661e-28 2276
60 9.599760833082118e-41 3.312889442779323e-41 1.93122328359165e-28 2016
63 7.103368933117982e-41 2.68800257744016e-41 1.748775881720951e-28 1640
66 4.452507938927928e-41 1.845851866757837e-41 1.70089343562115e-28 1056
69 3.17496023175903e-41 1.383684349428957e-41 1.816649670188644e-28 683
72 1.843167768731114e-41 8.265913450009711e-42 1.963520159518511e-28 350
75 9.277037377745214e-42 4.594315959966172e-42 1.826319242115364e-28 192
78 1.555631352242906e-42 9.68827746081583e-43 1.516974981670781e-28 44
81 9.326182340824254e-43 3.520827912477982e-43 1.015069424513892e-28 25


3 1.186726442062831e-12 3.377419601326372e-16 153.7377710226723 18
6 5.169841774149064e-14 3.794959478585529e-16 4.656640849934348 62
9 3.414540975727378e-14 4.136806449704632e-16 1.728472832676728 98
12 3.154683372586338e-14 1.161258331683855e-15 1.283174947878018 210
15 7.012197681205327e-14 2.226044001742642e-15 1.04994686827149 350
18 2.663804785050731e-14 1.369862682166258e-15 0.3497608964099207 450
21 1.31419051253307e-21 9.342845764289625e-23 1.335246024539238e-08 602
24 3.051363436083279e-22 2.551431877433196e-23 2.267134605666135e-09 762
27 2.143923599491782e-22 2.286816041808036e-23 1.074634431551948e-09 1142
30 8.828585972141564e-23 1.202268635921584e-23 4.17486426342553e-10 1250
33 2.518693970794833e-23 3.832358154164894e-24 9.580351683903979e-11 1458
36 1.468537554286286e-24 2.64298800637196e-25 4.490086994370232e-12 1814
39 3.075237040271346e-31 5.883894131498363e-32 7.195886066965765e-19 2178
42 1.335709304738169e-31 2.707174675627005e-32 2.524344488684919e-19 2498
45 4.845416822587099e-32 1.108677132715861e-32 8.630436970166045e-20 2622
48 1.305338132768509e-32 3.166418773637439e-33 1.802993014618858e-20 3191
51 1.08114647039786e-33 3.011356941471527e-34 1.588684767380664e-21 3044
54 6.698170292935702e-36 2.239913449389066e-36 1.160993480774119e-23 2736
57 1.348291211682898e-40 4.232732954557095e-41 2.434860500535443e-28 2276
60 9.580533855870567e-41 3.292172379132004e-41 1.935621778717853e-28 2016
63 7.412255442247919e-41 2.564145937214456e-41 1.708342955476985e-28 1640
66 4.624044082019289e-41 1.746831192246306e-41 1.649364502447592e-28 1056
69 3.23634707108957e-41 1.371925004636021e-41 1.824605059011603e-28 683
72 1.890606722604949e-41 8.013886133345267e-42 1.939669089642091e-28 350
75 8.920112171700716e-42 4.675574672104239e-42 1.854390218740059e-28 192
78 1.924890333701682e-42 7.424498938172946e-43 1.287667501679029e-28 44
81 7.035842224113478e-43 5.060524301139717e-43 1.296802931683161e-28 25


3 1.266430258350822e-12 4.208904412676481e-17 143.8213432772507 18
6 6.26341515939547e-14 2.600630481346966e-16 3.669829661385378 62
9 3.835687653021672e-14 3.273951759704083e-16 1.464516171111848 98
12 4.44366692420629e-14 8.063280473680145e-16 0.9769169912395222 210
15 7.875227841169193e-14 1.822626167810163e-15 0.9064177999077776 350
18 2.483526132279087e-14 1.456983726500167e-15 0.3670297170919498 450
21 1.347775608512905e-21 9.028475650927703e-23 1.304607721175564e-08 602
24 3.161870621685474e-22 2.43294353494355e-23 2.19489310629498e-09 762
27 2.152707892206771e-22 2.231351601335954e-23 1.058012596521562e-09 1142
30 9.198621517630964e-23 1.138743658126625e-23 4.026638579547073e-10 1250
33 2.4224103132346e-23 3.910495947219624e-24 9.770988354993608e-11 1458
36 1.600624607638491e-24 2.40133548289393e-25 4.209865944872493e-12 1814
39 3.11722763907267e-31 5.737102927903976e-32 7.104233880503308e-19 2178
42 1.250422639411732e-31 2.857425836955949e-32 2.639899082956565e-19 2498
45 4.748555473723085e-32 1.118148369550241e-32 8.731422885847777e-20 2622
48 1.228009870135647e-32 3.315090177157143e-33 1.871970817513569e-20 3191
51 1.071675810096617e-33 2.988252208069501e-34 1.588367899360571e-21 3044
54 7.360045477775934e-36 2.011288392294195e-36 1.08464245524761e-23 2736
57 1.31235684679236e-40 4.332870789281001e-41 2.491532206804269e-28 2276
60 9.474234855727092e-41 3.328106609848052e-41 1.965264749433522e-28 2016
63 7.042531508593948e-41 2.673323938089236e-41 1.766245409952671e-28 1640
66 4.59448523865224e-41 1.763078246694825e-41 1.673427594104554e-28 1056
69 3.275448615184387e-41 1.354417533467974e-41 1.824464000840686e-28 683
72 1.788360209544553e-41 8.322876623694448e-42 1.99571856923092e-28 350
75 1.017597835156923e-41 3.877242531768055e-42 1.652019847325151e-28 192
78 1.842978832600997e-42 8.119376689007197e-43 1.378363778205613e-28 44
81 9.338558292783986e-43 4.107856947718611e-43 1.160943992348564e-28 25


3 1.262419401017151e-12 5.892450824708921e-17 147.9783316814539 18
6 6.775160957040396e-14 2.095042681250478e-16 3.281036599299726 62
9 3.763833768374076e-14 3.289367674254442e-16 1.458496716382191 98
12 5.249022298890233e-14 5.725491281076134e-16 0.7770274760290845 210
15 6.756798454919124e-14 2.218072186045153e-15 1.040757162928748 350
18 2.621838663427513e-14 1.371431897417929e-15 0.3519980625630132 450
21 1.3574012607209e-21 8.845444299431387e-23 1.289394452626183e-08 602
24 2.79779403248798e-22 2.721704954659291e-23 2.399051968480099e-09 762
27 2.027062769393231e-22 2.333862994691125e-23 1.099638286281101e-09 1142
30 8.882501283188547e-23 1.159464670396078e-23 4.099958219742605e-10 1250
33 2.635101123393285e-23 3.557081313076554e-24 9.164110030418878e-11 1458
36 1.37549203907709e-24 2.738799001819409e-25 4.661490939327775e-12 1814
39 2.970242168893555e-31 5.917739847096978e-32 7.304929283071735e-19 2178
42 1.353060347799197e-31 2.593144324598338e-32 2.475997537684105e-19 2498
45 4.728557000702909e-32 1.104069865757102e-32 8.702135030216415e-20 2622
48 1.303593465538585e-32 3.0815366940622e-33 1.789643792799198e-20 3191
51 1.078928118244522e-33 2.934711727173111e-34 1.57879822252633e-21 3044
54 6.53798167640658e-36 2.222386771632646e-36 1.167802171324876e-23 2736
57 1.354696021816863e-40 4.144169711344301e-41 2.433269588911392e-28 2276
60 9.669743288803567e-41 3.235683147239571e-41 1.942309657017773e-28 2016
63 7.322097685123395e-41 2.553991183834375e-41 1.726751986895273e-28 1640
66 4.481133581617835e-41 1.818931007760534e-41 1.72366982390728e-28 1056
69 3.247987312735969e-41 1.372084086043792e-41 1.856124419169481e-28 683
72 1.853330644309825e-41 8.123979928875272e-42 1.985866101183911e-28 350
75 8.661001170194598e-42 4.684727032275859e-42 1.879998207526387e-28 192
78 1.491409842860259e-42 1.012045436318633e-42 1.604263022496119e-28 44
81 1.083177985122663e-42 3.691992136126352e-43 1.121194118563493e-28 25


3 1.176130373195112e-12 3.739741625172856e-16 162.9327002802199 18
6 6.541360906712311e-14 2.41135247828538e-16 3.529639813212947 62
9 3.21983027009639e-14 4.152992180339587e-16 1.696094693949982 98
12 4.823453491991346e-14 6.595946680243367e-16 0.8471049372568524 210
15 4.994032463836233e-14 2.883624459431649e-15 1.274853981142967 350
18 2.853025679576927e-14 1.224447768991019e-15 0.3251169391946405 450
21 1.312635567683848e-21 8.963632003877538e-23 1.307812922898429e-08 602
24 2.816391823105824e-22 2.654865836304939e-23 2.367130716252568e-09 762
27 2.087113030053433e-22 2.250856705760546e-23 1.077388560693286e-09 1142
30 8.677265098787893e-23 1.173190238713565e-23 4.163845604308308e-10 1250
33 2.424312887695017e-23 3.813173231381771e-24 9.702604319445819e-11 1458
36 1.564072546155624e-24 2.381091665079161e-25 4.23190145902596e-12 1814
39 3.114793942957092e-31 5.584767830015757e-32 7.052702510425127e-19 2178
42 1.221653489816511e-31 2.841390783753265e-32 2.661147003563864e-19 2498
45 4.761171002074467e-32 1.082965265705418e-32 8.63837071696368e-20 2622
48 1.206541105141151e-32 3.277594245353847e-33 1.879512141134082e-20 3191
51 1.056017818303177e-33 2.946799956710827e-34 1.59197575324761e-21 3044
54 7.350211886683241e-36 1.960706399414118e-36 1.079266944011152e-23 2736
57 1.294920222955272e-40 4.321164339004566e-41 2.521666128057195e-28 2276
60 9.551220974471334e-41 3.286493088789656e-41 1.980100846924281e-28 2016
63 7.2206030270789e-41 2.592874300544323e-41 1.758726521646453e-28 1640
66 4.659803033206288e-41 1.726561157612213e-41 1.676446183675238e-28 1056
69 3.269174558711788e-41 1.370374057747435e-41 1.872046108812499e-28 683
72 1.897106948578143e-41 8.147425111998296e-42 2.016092080380693e-28 350
75 9.245250937002653e-42 4.382333598565237e-42 1.815381808082913e-28 192
78 2.199115095382724e-42 6.805646285462865e-43 1.278536661511436e-28 44
81 7.11906519016058e-43 5.577516648922722e-43 1.448648751398814e-28 25


3 1.019758937396424e-12 9.358691281218635e-16 186.7963270348604 18
6 5.686367326521016e-14 3.38588571675627e-16 4.295181335708352 62
9 2.514617337852075e-14 5.321740500841066e-16 2.036328868665094 98
12 3.488309692601014e-14 9.858687051713158e-16 1.12583037553421 210
15 4.780993460704036e-14 2.936875640017979e-15 1.30588482094148 350
18 2.767435964553902e-14 1.240879552957839e-15 0.3300584990997556 450
21 1.275753257300035e-21 9.092168198676998e-23 1.33173223848426e-08 602
24 3.111456366352339e-22 2.362534965015138e-23 2.184104898187796e-09 762
27 2.162135589163254e-22 2.130476429088772e-23 1.040695219605408e-09 1142
30 9.143603650798374e-23 1.099296880804105e-23 3.995633702067823e-10 1250
33 2.45044702840085e-23 3.708219142096224e-24 9.568504841678071e-11 1458
36 1.46697339262829e-24 2.521018798873902e-25 4.443216329834165e-12 1814
39 2.980607088001183e-31 5.76189797181757e-32 7.262890696952146e-19 2178
42 1.341477987725046e-31 2.540307344828222e-32 2.471590976309286e-19 2498
45 4.638361205084757e-32 1.095551208956742e-32 8.768056650055669e-20 2622
48 1.30084929306831e-32 3.004589564558761e-33 1.781369165417428e-20 3191
51 1.070365963471591e-33 2.871093325985037e-34 1.574441046789173e-21 3044
54 6.457938968544346e-36 2.182248479838781e-36 1.167489177215611e-23 2736
57 1.364825864687781e-40 4.124070168011382e-41 2.467935604840517e-28 2276
60 9.669329378925022e-41 3.265007101348298e-41 1.99011826867253e-28 2016
63 7.142994851555607e-41 2.629552684534958e-41 1.791062757926603e-28 1640
66 4.551699715357359e-41 1.772074724272088e-41 1.720035341356295e-28 1056
69 3.290557497520993e-41 1.345525240846111e-41 1.862071057186806e-28 683
72 1.811605626339106e-41 8.274168005406015e-42 2.041844729165836e-28 350
75 1.033992229697332e-41 4.010497585284562e-42 1.744516451266199e-28 192
78 1.832255360046051e-42 8.317100175161725e-43 1.439088473751015e-28 44
81 1.070109753383092e-42 4.05326456023806e-43 1.214867019406654e-28 25


3 8.144432883784068e-13 1.663964208462875e-15 219.5310660787422 18
6 4.565477327581965e-14 4.627793811105758e-16 5.332075738404339 62
9 2.062877440507788e-14 6.070689810513619e-16 2.285295079563881 98
12 2.361547408339212e-14 1.263083411219995e-15 1.379833959767546 210
15 6.355752900815416e-14 2.285106337110295e-15 1.091458993620705 350
18 2.457779697884019e-14 1.384352548271005e-15 0.3614263003543762 450
21 1.308526936362289e-21 8.820897211297803e-23 1.315238241061657e-08 602
24 2.942077566607991e-22 2.49089787860692e-23 2.292519908638441e-09 762
27 2.003249174995371e-22 2.262848319642195e-23 1.097408965634378e-09 1142
30 8.735388395195456e-23 1.130884326800424e-23 4.110550991339835e-10 1250
33 2.569525838389817e-23 3.50103796733612e-24 9.246920115390905e-11 1458
36 1.414246951748995e-24 2.550349164138765e-25 4.511613078380953e-12 1814
39 3.020020003620743e-31 5.588909496455235e-32 7.154270749972133e-19 2178
42 1.226188633511096e-31 2.764423048872693e-32 2.646824963770423e-19 2498
45 4.754131673091834e-32 1.052527773615427e-32 8.580866819450039e-20 2622
48 1.189051588880034e-32 3.231189079499207e-33 1.885989271745177e-20 3191
51 1.045931363932387e-33 2.891856843499495e-34 1.592283966288552e-21 3044
54 7.273374698613975e-36 1.936237651089604e-36 1.084823884588373e-23 2736
57 1.305963320096166e-40 4.285519487710576e-41 2.551542724313644e-28 2276
60 9.746234089561233e-41 3.224815677014225e-41 1.989824286346805e-28 2016
63 7.370891704235935e-41 2.523410759435888e-41 1.756256939914427e-28 1640
66 4.491763485267716e-41 1.780401992069405e-41 1.737656736183399e-28 1056
69 3.326763288444184e-41 1.340101670325509e-41 1.876426897214543e-28 683
72 1.886496120558191e-41 7.804633023769439e-42 1.977940567192745e-28 350
75 8.829103264292072e-42 4.74694941181536e-42 1.95608215455541e-28 192
78 1.436418718188613e-42 9.984036607108821e-43 1.617950920579965e-28 44
81 1.165593005715518e-42 4.353692914685609e-43 1.322281145079364e-28 25


3 5.872361627878952e-13 2.459283423645397e-15 261.8115866064761 18
6 3.626664547185977e-14 5.663360761795922e-16 6.33226007601073 62
9 2.133962780966435e-14 5.926369605870312e-16 2.301279897995562 98
12 2.394258251773503e-14 1.247809167324007e-15 1.396785259211074 210
15 7.705838231828998e-14 1.733264406628117e-15 0.906070141842382 350
18 2.401796173727123e-14 1.404311281672739e-15 0.3704351569380503 450
21 1.351555979843562e-21 8.426059111927198e-23 1.284996724096166e-08 602
24 2.714339744542282e-22 2.654298899853909e-23 2.43178903972532e-09 762
27 2.010840883723665e-22 2.236330230211295e-23 1.099234492128776e-09 1142
30 8.514491969970241e-23 1.146169467549456e-23 4.19217964085964e-10 1250
33 2.368767562872727e-23 3.733827827122868e-24 9.778120390572583e-11 1458
36 1.544446753088678e-24 2.310548661907179e-25 4.233293498645581e-12 1814
39 3.015036470683122e-31 5.543344037498531e-32 7.171759931359364e-19 2178
42 1.304547960406497e-31 2.541767290894047e-32 2.508885692259022e-19 2498
45 4.558580643265549e-32 1.085292611042709e-32 8.839240609304276e-20 2622
48 1.290910508887785e-32 2.947215926221702e-33 1.78293110017534e-20 3191
51 1.055840507367795e-33 2.821043098764637e-34 1.57630179177019e-21 3044
54 6.447193089788898e-36 2.125010636553509e-36 1.161899499316229e-23 2736
57 1.349569134172596e-40 4.109551309164972e-41 2.4995926397136e-28 2276
60 9.32324944697924e-41 3.307666983597186e-41 2.035515203259563e-28 2016
63 7.119511660729042e-41 2.621408759275592e-41 1.817368998284371e-28 1640
66 4.745401816671596e-41 1.673271846900481e-41 1.68340825186558e-28 1056
69 3.183848648235235e-41 1.386358989242946e-41 1.930365469263328e-28 683
72 1.811981589882998e-41 8.266943851484609e-42 2.076304677631062e-28 350
75 9.656568155602614e-42 4.247039435709834e-42 1.830755179327362e-28 192
78 2.224633238854498e-42 6.242953141333518e-43 1.235088921205642e-28 44
81 7.979780340182209e-43 5.893949300906848e-43 1.585652959460194e-28 25


3 3.674876919976103e-13 3.216804153094001e-15 313.9842612152503 18
6 3.243795005568849e-14 6.102640687122892e-16 6.978134490746696 62
9 2.690207640577546e-14 4.943590422811236e-16 2.067871118680007 98
12 3.558681331693399e-14 9.479239589188794e-16 1.15895530307799 210
15 7.138867407152e-14 1.939952866973684e-15 0.9943211519191377 350
18 2.692728114865111e-14 1.240579731694252e-15 0.3424577320047366 450
21 1.312428519097806e-21 8.529143552096321e-23 1.311632265187252e-08 602
24 2.940690912822875e-22 2.413003934043578e-23 2.286797632631692e-09 762
27 2.157733129729219e-22 2.049620216227775e-23 1.040012690776809e-09 1142
30 9.077948287045942e-23 1.062227375525556e-23 3.999896420884623e-10 1250
33 2.463418648517064e-23 3.534369686132495e-24 9.471083034695679e-11 1458
36 1.380797123836311e-24 2.540428719452532e-25 4.576386946671732e-12 1814
39 2.95401096057358e-31 5.573043901300831e-32 7.259355194754495e-19 2178
42 1.242441325656767e-31 2.660687122833264e-32 2.616349876208008e-19 2498
45 4.749366278667858e-32 1.024369975435403e-32 8.547101727747373e-20 2622
48 1.181923870978867e-32 3.16244240608008e-33 1.885487888653226e-20 3191
51 1.03970441306585e-33 2.828727460073025e-34 1.590876119112343e-21 3044
54 7.15870773349933e-36 1.926319918867956e-36 1.097169645515974e-23 2736
57 1.312029393863535e-40 4.193705892717037e-41 2.554270761028567e-28 2276
60 9.953950111713073e-41 3.094177799461111e-41 1.965918902628529e-28 2016
63 7.286163058811281e-41 2.520255339974551e-41 1.781632588159275e-28 1640
66 4.335183203926753e-41 1.813048651103916e-41 1.785173576305738e-28 1056
69 3.386210296901344e-41 1.295978297183675e-41 1.86351970671833e-28 683
72 1.86307381846849e-41 7.941104966558121e-42 2.036491452900274e-28 350
75 1.005628233582928e-41 4.093534222107301e-42 1.809184536714945e-28 192
78 1.617900449795102e-42 9.208679293063575e-43 1.566696994871144e-28 44
81 1.211902169466395e-42 4.223180597287166e-43 1.327104114219225e-28 25


3 1.829758863995274e-13 3.838872898745613e-15 375.7319244079709 18
6 3.579961408385473e-14 5.772898970304586e-16 7.041753748767526 62
9 3.407252674096698e-14 3.668484373901475e-16 1.718127719702441 98
12 4.877871892267822e-14 6.099969630908148e-16 0.8665517579482429 210
15 5.383860503772113e-14 2.592107808302318e-15 1.26067117689667 350
18 2.860754168679751e-14 1.130430560025044e-15 0.3241430869809765 450
21 1.246518649048188e-21 8.857212012640677e-23 1.368583330386457e-08 602
24 3.02401494116389e-22 2.310321521477911e-23 2.239348385909981e-09 762
27 2.012914227497795e-22 2.163148616016456e-23 1.094247182540461e-09 1142
30 8.608738725677654e-23 1.100944341412171e-23 4.14737990996864e-10 1250
33 2.486326445347916e-23 3.471516566751498e-24 9.440888384609741e-11 1458
36 1.470615780935271e-24 2.353045371621458e-25 4.363928415966562e-12 1814
39 3.001670927494772e-31 5.393428290209496e-32 7.147384284109136e-19 2178
42 1.270014863517386e-31 2.548240099891195e-32 2.55544372820376e-19 2498
45 4.480574824001044e-32 1.073212729730366e-32 8.908744758880157e-20 2622
48 1.268262708122029e-32 2.920339044124468e-33 1.798623461866154e-20 3191
51 1.039902282682885e-33 2.776982236801915e-34 1.581640702066453e-21 3044
54 6.468175823435432e-36 2.059792895052631e-36 1.15355223953288e-23 2736
57 1.337179781848843e-40 4.088846182006151e-41 2.532033366717915e-28 2276
60 9.190502380239107e-41 3.31718643242428e-41 2.07391934275223e-28 2016
63 7.201533002041431e-41 2.519141075678046e-41 1.794135781738932e-28 1640
66 4.744184965832354e-41 1.646870294063846e-41 1.69080542804205e-28 1056
69 3.190578232773655e-41 1.356934867783782e-41 1.932210870644399e-28 683
72 1.889692055602794e-41 7.794716980271136e-42 2.029845666620084e-28 350
75 8.84395179914451e-42 4.712425767016019e-42 1.997314266466629e-28 192
78 1.533697742557581e-42 9.135511934548676e-43 1.556606222086455e-28 44
81 1.05216217857271e-42 4.472718548443427e-43 1.350619022145597e-28 25


3 5.640621471204945e-14 4.246470727370332e-15 443.5595956486354 18
6 4.528617015050878e-14 4.774301895789707e-16 6.440118323865694 62
9 3.862829306366154e-14 2.815954129894718e-16 1.470726513995594 98
12 5.252278224033933e-14 5.06634998016765e-16 0.7788005395213787 210
15 4.59108620684228e-14 2.838552727596899e-15 1.385253151124634 350
18 2.606448236751486e-14 1.235295701042539e-15 0.3512917807142282 450
21 1.270929503946295e-21 8.612788369713699e-23 1.360007705589066e-08 602
24 2.74100836028146e-22 2.531864796197712e-23 2.433395104477405e-09 762
27 1.930041717758513e-22 2.226511877700075e-23 1.132514210564073e-09 1142
30 8.339013475887277e-23 1.12164878959345e-23 4.253381682982836e-10 1250
33 2.348271699556563e-23 3.607272555018386e-24 9.807274037400861e-11 1458
36 1.467290280623974e-24 2.340984957913189e-25 4.390344047853157e-12 1814
39 2.919438510365113e-31 5.507657142024416e-32 7.328686108143367e-19 2178
42 1.247928641766162e-31 2.565745801422401e-32 2.590258888362367e-19 2498
45 4.72622310653634e-32 1.00162480629752e-32 8.549233040710412e-20 2622
48 1.18938594882799e-32 3.065682204242963e-33 1.874218926696055e-20 3191
51 1.033292549944889e-33 2.7694968394083e-34 1.591620305348898e-21 3044
54 7.011359761537454e-36 1.92425424504188e-36 1.113197521588467e-23 2736
57 1.306636811667406e-40 4.104446541877355e-41 2.553938168338853e-28 2276
60 9.846021232643542e-41 3.045975939411793e-41 1.971764314559834e-28 2016
63 7.023029152318863e-41 2.542538499025253e-41 1.816005944018276e-28 1640
66 4.441169087350168e-41 1.745010813378355e-41 1.768009558827559e-28 1056
69 3.231545820209777e-41 1.317614647527617e-41 1.906770854365939e-28 683
72 1.752940015400537e-41 8.276925842865211e-42 2.121349227113329e-28 350
75 1.009897956824259e-41 4.111657875302689e-42 1.847529296977326e-28 192
78 2.226371915391043e-42 5.849680417784799e-43 1.207959317224925e-28 44
81 8.325545025916033e-43 5.550146579542672e-43 1.556110075627474e-28 25


3 2.638684267240187e-15 4.389452527956443e-15 512.7008357208367 18
6 5.750638185328282e-14 3.442028814879141e-16 5.332278951657056 62
9 3.781531006593612e-14 2.85480330637607e-16 1.518591314945229 98
12 4.368832456287309e-14 7.101784605715749e-16 0.9999826879423336 210
15 5.616183133173577e-14 2.377990480652322e-15 1.229444567027502 350
18 2.292449762776076e-14 1.378777230030084e-15 0.3890668901296432 450
21 1.333622857182447e-21 8.068754259343282e-23 1.312435071453243e-08 602
24 2.757330231214474e-22 2.481059291769119e-23 2.427787336689988e-09 762
27 2.118849184171025e-22 2.005808874435988e-23 1.058570225861261e-09 1142
30 8.99703356347815e-23 1.028398165451851e-23 4.027959947934293e-10 1250
33 2.448697598484854e-23 3.412880817591892e-24 9.502964947715074e-11 1458
36 1.373864292476374e-24 2.449165057276506e-25 4.580769464680196e-12 1814
39 2.990738796803478e-31 5.263004674200698e-32 7.145791927920208e-19 2178
42 1.240496190032798e-31 2.548637537769488e-32 2.600590265450697e-19 2498
45 4.44069570517878e-32 1.05333221033237e-32 8.93483773205354e-20 2622
48 1.233163181853301e-32 2.921333923683089e-33 1.826832157933173e-20 3191
51 1.028521417377022e-33 2.728912769530492e-34 1.586148460184758e-21 3044
54 6.514446057903509e-36 1.993592936111292e-36 1.144744101863285e-23 2736
57 1.324563780929971e-40 4.023168645450957e-41 2.540762566474626e-28 2276
60 9.251265207714217e-41 3.220523816770782e-41 2.063046275485665e-28 2016
63 7.310537326647048e-41 2.402805273189806e-41 1.762367832438248e-28 1640
66 4.5117654958156e-41 1.704959356746829e-41 1.754809532241258e-28 1056
69 3.303185957559434e-41 1.268969418045386e-41 1.87285848327464e-28 683
72 1.908392027014294e-41 7.487073983237332e-42 2.003457362432791e-28 350
75 9.81021539987263e-42 4.17215735028541e-42 1.876389865039606e-28 192
78 1.417920011060371e-42 9.402565135505388e-43 1.605409490482707e-28 44
81 1.185508564488863e-42 3.98323875029803e-43 1.295215026169525e-28 25


3 2.701163954922572e-14 4.251921433098452e-15 572.1319658926384 18
6 6.793266115734374e-14 2.229392896916695e-16 4.104475433547783 62
9 3.193711792086101e-14 3.741178160805543e-16 1.902850235236832 98
12 2.938411966246309e-14 1.040974897929473e-15 1.378530494743131 210
15 7.058147203210554e-14 1.798883070059284e-15 1.011585356035463 350
18 2.394443844504001e-14 1.317410098453237e-15 0.3823025494652331 450
21 1.298958864887225e-21 8.156786261421873e-23 1.34074714956182e-08 602
24 2.994182280880514e-22 2.232984157855188e-23 2.265282839758006e-09 762
27 2.050352263268846e-22 2.040911519987384e-23 1.08360536560907e-09 1142
30 8.513850609307837e-23 1.069326883713364e-23 4.187627829984965e-10 1250
33 2.416608277792836e-23 3.430911091526621e-24 9.637969320034305e-11 1458
36 1.485272954434472e-24 2.252820031353164e-25 4.349140990229049e-12 1814
39 2.866151302702814e-31 5.433915429425954e-32 7.380893803163778e-19 2178
42 1.257331496787649e-31 2.466308839817079e-32 2.5584191334429e-19 2498
45 4.650846335375594e-32 9.890053181912516e-33 8.607012938590339e-20 2622
48 1.205137570180749e-32 2.950526978329025e-33 1.853368855684918e-20 3191
51 1.022399385200114e-33 2.723297992876334e-34 1.596955937889573e-21 3044
54 6.855421891035264e-36 1.922804696603368e-36 1.129533087421082e-23 2736
57 1.288931796431257e-40 4.049703524986344e-41 2.567281170714152e-28 2276
60 9.551405327566719e-41 3.079360561451209e-41 2.016217769478158e-28 2016
63 6.794285197214179e-41 2.542788906891798e-41 1.839568943715069e-28 1640
66 4.632036822499161e-41 1.642162955303773e-41 1.725650934351569e-28 1056
69 3.104740388828485e-41 1.337955525143031e-41 1.952434979988237e-28 683
72 1.786949399342534e-41 7.888103836813854e-42 2.08307025277549e-28 350
75 8.869168884112318e-42 4.57869187355365e-42 2.004721288070132e-28 192
78 1.631361249612836e-42 8.298151732454593e-43 1.493311064684363e-28 44
81 1.003304963045581e-42 4.617926812649173e-43 1.406915125296312e-28 25


3 1.249124534312314e-13 3.854110493330376e-15 608.4802186155299 18
6 7.248347062688081e-14 1.551897857176385e-16 3.317190277505416 62
9 2.418163068904673e-14 4.949769327896594e-16 2.462651679647474 98
12 2.093049992792346e-14 1.224008794976535e-15 1.621250272130026 210
15 7.131381979839637e-14 1.790447766898202e-15 1.025876048692496 350
18 2.75312067787076e-14 1.123226245549962e-15 0.3433101224109191 450
21 1.217214554693777e-21 8.600108943569855e-23 1.415596006281155e-08 602
24 2.833840064265223e-22 2.338736488148581e-23 2.373599115240169e-09 762
27 1.87151981947969e-22 2.194485112662039e-23 1.15821614268552e-09 1142
30 8.165851862639762e-23 1.098365733383585e-23 4.318057372551755e-10 1250
33 2.345369849658163e-23 3.467920415294111e-24 9.800844584311641e-11 1458
36 1.405241255836593e-24 2.352873276017371e-25 4.530356065314823e-12 1814
39 2.968688277522432e-31 5.187599070693496e-32 7.197191163194752e-19 2178
42 1.200966521470922e-31 2.561286275590238e-32 2.653069383790418e-19 2498
45 4.45012309022538e-32 1.025414705120556e-32 8.906276180645298e-20 2622
48 1.193276753161916e-32 2.930665758924906e-33 1.858078293828286e-20 3191
51 1.023998569720102e-33 2.673222494018993e-34 1.587252842823996e-21 3044
54 6.554260824053338e-36 1.93221139484655e-36 1.136700174819981e-23 2736
57 1.326173489738667e-40 3.914728922427256e-41 2.529759059633869e-28 2276
60 9.443091245890223e-41 3.070354399739072e-41 2.026035241452184e-28 2016
63 7.347032232200611e-41 2.334052558917744e-41 1.753090008999697e-28 1640
66 4.335539878372537e-41 1.73798095890192e-41 1.803428505227911e-28 1056
69 3.289607192296982e-41 1.25223725237484e-41 1.884139578564112e-28 683
72 1.779315581200812e-41 7.810286879197958e-42 2.083407818195584e-28 350
75 1.016392937093497e-41 3.896443832037262e-42 1.819063412034246e-28 192
78 2.186742679167471e-42 5.870195986364139e-43 1.234887692475074e-28 44
81 8.404901309243763e-43 5.276235452732486e-43 1.532595288190447e-28 25


3 2.826124504602756e-13 3.249313276852307e-15 598.286717071891 18
6 6.896154515317218e-14 1.646472099551094e-16 3.47808842078581 62
9 1.881423345574958e-14 5.777462426791749e-16 2.89830208290842 98
12 2.468654398900099e-14 1.114449808697532e-15 1.535545318034711 210
15 5.862641357940908e-14 2.284770451756159e-15 1.260179287340679 350
18 2.80231626162252e-14 1.077355485609867e-15 0.3362445151916872 450
21 1.238785520149861e-21 8.363338881864056e-23 1.401788918116836e-08 602
24 2.628941429773533e-22 2.489594217751378e-23 2.520343162991496e-09 762
27 2.034758863937986e-22 2.007031203422641e-23 1.092381680581226e-09 1142
30 8.892539202611018e-23 9.98070431297437e-24 4.05268437219824e-10 1250
33 2.410531139423489e-23 3.337638708730307e-24 9.606921657470292e-11 1458
36 1.393334038211061e-24 2.332261515234662e-25 4.53662596809486e-12 1814
39 2.883868761411353e-31 5.235263607710068e-32 7.294476505089466e-19 2178
42 1.274996913969935e-31 2.366175323886262e-32 2.522562136264628e-19 2498
45 4.553365855353685e-32 9.806508614237626e-33 8.680622399895938e-20 2622
48 1.218624536419657e-32 2.838420974161888e-33 1.830079450945991e-20 3191
51 1.007575428550373e-33 2.687233704940581e-34 1.604714144942773e-21 3044
54 6.716830626775887e-36 1.91688422241799e-36 1.143568539661635e-23 2736
57 1.268176775760252e-40 4.02895187270642e-41 2.595963950469121e-28 2276
60 9.162546794587814e-41 3.126540776525393e-41 2.064044054534826e-28 2016
63 6.78371850193889e-41 2.517141696122265e-41 1.856662562228435e-28 1640
66 4.626193960580806e-41 1.593495291017754e-41 1.712685722338719e-28 1056
69 3.168411720999922e-41 1.288050481937106e-41 1.932107944495021e-28 683
72 1.886707246330538e-41 7.322929600571125e-42 2.014780364887934e-28 350
75 9.330076609150933e-42 4.274786640657755e-42 1.944131908290719e-28 192
78 1.251272239947288e-42 1.0154571087907e-42 1.734624812551863e-28 44
81 1.213488398301405e-42 3.527051706407202e-43 1.224078241904336e-28 25


3 4.792086779153338e-13 2.515794265177441e-15 522.7051583862794 18
6 5.785883546707906e-14 2.491618119001705e-16 4.752384141432534 62
9 1.878023242388208e-14 5.741945701841588e-16 2.953287280208591 98
12 3.723603040225404e-14 8.05796965116085e-16 1.200081161641115 210
15 4.884610337424503e-14 2.604721613027262e-15 1.41893555035492 350
18 2.437158112688616e-14 1.236963340206186e-15 0.3773469011768831 450
21 1.31468514764451e-21 7.721720544177894e-23 1.329302297936125e-08 602
24 2.85094279580049e-22 2.263794436890265e-23 2.360826016134978e-09 762
27 2.091876657098625e-22 1.922636031635219e-23 1.065584053008573e-09 1142
30 8.437722851116444e-23 1.036346925754461e-23 4.200025133046566e-10 1250
33 2.373055645570947e-23 3.359715184756901e-24 9.733723934031469e-11 1458
36 1.46039850349396e-24 2.208712041237784e-25 4.392628474640305e-12 1814
39 2.84139338362166e-31 5.28180475215001e-32 7.404828875291422e-19 2178
42 1.168727415169771e-31 2.550919338023055e-32 2.683283236520905e-19 2498
45 4.446714321703739e-32 1.001088396839157e-32 8.883217689634983e-20 2622
48 1.160704287798103e-32 2.926749953273546e-33 1.881988386698597e-20 3191
51 1.021232188756656e-33 2.617608920659154e-34 1.586438606172955e-21 3044
54 6.595705781125675e-36 1.875002871687676e-36 1.12881478690225e-23 2736
57 1.328092789014403e-40 3.812886044008838e-41 2.518991695020739e-28 2276
60 9.641454653983383e-41 2.932594343164801e-41 1.991124623844902e-28 2016
63 7.226264485363219e-41 2.345245898131867e-41 1.784730701776629e-28 1640
66 4.394993791001599e-41 1.671127242194174e-41 1.779263830879902e-28 1056
69 3.164819758953968e-41 1.296145824817691e-41 1.957562756228279e-28 683
72 1.745790853377564e-41 7.924319605034574e-42 2.137122155168815e-28 350
75 9.013370074659438e-42 4.462115527943863e-42 2.018249632211459e-28 192
78 1.895223487924428e-42 7.020002700332688e-43 1.378694639807779e-28 44
81 8.743466745486073e-43 4.742745026165773e-43 1.437055125386288e-28 25


3 6.894020274958051e-13 1.746964547743121e-15 389.2486872289231 18
6 4.226787945656494e-14 3.814529480282415e-16 6.747587713646569 62
9 2.40707802425879e-14 4.84707873815241e-16 2.58666549751629 98
12 4.850956111499284e-14 5.416747128557664e-16 0.8967739255048706 210
15 5.288456123428334e-14 2.355201002052452e-15 1.314724336287683 350
18 2.186876450311097e-14 1.34478764961325e-15 0.4063672552506243 450
21 1.281727991283078e-21 7.786704940529677e-23 1.346008883889692e-08 602
24 2.935714450517929e-22 2.151217059803188e-23 2.283526406228425e-09 762
27 1.867521597537139e-22 2.114437004053082e-23 1.153764026781965e-09 1142
30 8.001189731350002e-23 1.074735211534983e-23 4.349504270959988e-10 1250
33 2.338302017016823e-23 3.343599187473873e-24 9.758020524717945e-11 1458
36 1.365095970610902e-24 2.316249289987984e-25 4.577549726730138e-12 1814
39 2.986939346490882e-31 4.931048877923075e-32 7.083755175587092e-19 2178
42 1.265745848553333e-31 2.325767780119007e-32 2.526527198359348e-19 2498
45 4.51164988109098e-32 9.639309086269696e-33 8.690314686124986e-20 2622
48 1.222640222779533e-32 2.749337681664236e-33 1.812936499428862e-20 3191
51 9.958858127866065e-34 2.64868765423626e-34 1.609500738621118e-21 3044
54 6.554455209100656e-36 1.907575073210664e-36 1.154040906847111e-23 2736
57 1.24890636112616e-40 4.02829433570989e-41 2.633843093910056e-28 2276
60 9.026312437029083e-41 3.1584468782312e-41 2.112037534179203e-28 2016
63 6.93425353104126e-41 2.428084405382762e-41 1.838431249280696e-28 1640
66 4.494518785712637e-41 1.6445712462619e-41 1.777395555907403e-28 1056
69 3.278183754488795e-41 1.2177714571681e-41 1.887454734281817e-28 683
72 1.851607635401894e-41 7.437156419814365e-42 2.066458391561766e-28 350
75 1.070043091793005e-41 3.81051130314809e-42 1.853425702095156e-28 192
78 2.041141756669257e-42 6.447258213525381e-43 1.32806149596389e-28 44
81 8.792092822827415e-43 4.861982660472804e-43 1.478090449825574e-28 25


3 8.867265123425562e-13 1.037485769509551e-15 249.1475289542547 18
6 2.692930783061535e-14 5.182269992270245e-16 8.658562872826003 62
9 3.174475594952508e-14 3.571442937294217e-16 2.014635292504656 98
12 4.990445519161585e-14 5.15650966988824e-16 0.8658909351628452 210
15 6.357957597050238e-14 1.885568832642722e-15 1.103107983936326 350
18 2.417818359797757e-14 1.220091922712205e-15 0.3783162425208605 450
21 1.185179642622864e-21 8.300118868506637e-23 1.421459088411098e-08 602
24 2.633960966526866e-22 2.383445821216106e-23 2.486743312050763e-09 762
27 1.919873936991543e-22 2.037139476091368e-23 1.12789734118905e-09 1142
30 8.764648489900324e-23 9.708451485778824e-24 4.050225356493412e-10 1250
33 2.360027620158874e-23 3.282523200112711e-24 9.685264612471146e-11 1458
36 1.40142140388738e-24 2.226236962429098e-25 4.470844969454785e-12 1814
39 2.723954891332985e-31 5.323342169352729e-32 7.536232552175252e-19 2178
42 1.18221413044113e-31 2.45712114008396e-32 2.643557527845966e-19 2498
45 4.373934605505866e-32 9.889172683544392e-33 8.913771461872923e-20 2622
48 1.141164235745406e-32 2.898082363129535e-33 1.892180829129335e-20 3191
51 1.014274692554037e-33 2.572742807326797e-34 1.587326246541082e-21 3044
54 6.636981490733264e-36 1.817304996236229e-36 1.118502797939834e-23 2736
57 1.341198488204399e-40 3.703915850095779e-41 2.503626202581834e-28 2276
60 9.729921243664203e-41 2.872429161991101e-41 1.99192218902782e-28 2016
63 7.047795971942012e-41 2.388180412294836e-41 1.832870669055722e-28 1640
66 4.583667660712031e-41 1.602838972789402e-41 1.760360617345905e-28 1056
69 3.098699992205413e-41 1.289341329571627e-41 1.974411733920285e-28 683
72 1.798270583374458e-41 7.408948240840494e-42 2.065356754504334e-28 350
75 8.906314386883223e-42 4.485974930571917e-42 2.056118997411399e-28 192
78 1.192659154284985e-42 1.029966892637145e-42 1.790890601826972e-28 44
81 1.188090201726136e-42 3.556800123111934e-43 1.250571718092794e-28 25


3 1.046830129176074e-12 4.722778739762624e-16 150.6676906996166 18
6 1.672991149641103e-14 6.142718296161835e-16 9.726424585490472 62
9 3.75626616100993e-14 2.59511441283509e-16 1.565679624929119 98
12 4.075913713440934e-14 7.256157959057055e-16 1.106690218734391 210
15 6.662651703165442e-14 1.781596555217739e-15 1.056086608946264 350
18 2.775066208907586e-14 1.032755498169005e-15 0.3334762807951246 450
21 1.198592637261758e-21 8.109780411600118e-23 1.400433736510415e-08 602
24 2.641241039863906e-22 2.358957797051228e-23 2.478635818580894e-09 762
27 2.092028191687366e-22 1.848338874346721e-23 1.052215292050268e-09 1142
30 8.373556262032078e-23 1.002632928220911e-23 4.167514411892603e-10 1250
33 2.351017282364698e-23 3.256541717685288e-24 9.6781911251231e-11 1458
36 1.418605224173542e-24 2.171632552718814e-25 4.412163117902814e-12 1814
39 2.953491550672822e-31 4.874605014043909e-32 7.109266124675551e-19 2178
42 1.207508826787479e-31 2.37128728917078e-32 2.590491884186764e-19 2498
45 4.530775838355156e-32 9.38583590945697e-33 8.631417305490508e-20 2622
48 1.21508588265155e-32 2.688165211721826e-33 1.804741551945937e-20 3191
51 9.912999645122842e-34 2.59793843601612e-34 1.606929293826756e-21 3044
54 6.379441104091621e-36 1.891828743957626e-36 1.159346491128922e-23 2736
57 1.229258228266897e-40 4.008405307235136e-41 2.657393750280185e-28 2276
60 9.007540853910111e-41 3.090812015075768e-41 2.10624339220304e-28 2016
63 7.152769129336642e-41 2.341292484058361e-41 1.8221781137985e-28 1640
66 4.411750801487846e-41 1.662540410255701e-41 1.816072706377871e-28 1056
69 3.192785432897076e-41 1.248690990899826e-41 1.948052047789004e-28 683
72 1.750237245451433e-41 7.581312372378485e-42 2.111249297181846e-28 350
75 9.35392614380378e-42 4.097141707055855e-42 1.93962124739088e-28 192
78 2.240305560971257e-42 5.841128771646713e-43 1.286984957433615e-28 44
81 8.412826601786544e-43 5.082398754212022e-43 1.54974081233243e-28 25


